   9.9999999999999995E-007
    3.476093563740E-47    1.135185913165E-47    3.527082463180E-47    1.554787194679E-47   -1.467370772963E-48
   -2.856304859753E-47    1.566825873608E-46   -1.666998262180E-47    2.806996659885E-50    1.830985444572E-47
    1.167773820016E-46    9.318265729493E-48    1.123087791958E-46    1.567239802423E-47    9.065414890629E-48
    2.581219186959E-47    8.288188376477E-48    6.110377658136E-48    8.528987197635E-47   -5.221839376839E-49
    2.305669121352E-47    3.309228906637E-49   -6.538866042452E-48    1.779518924914E-48    8.346569508760E-47
   5.0766293780460086E-003
    2.760645935138E-36   -4.543577892804E-39   -6.932709272491E-37   -2.268710238804E-38    1.174271268322E-38
   -1.840457231602E-39    2.931287636484E-36   -1.950783148635E-38    6.685584046229E-38   -6.436512287602E-39
   -6.706874354579E-37   -1.051003342210E-38    2.319560965600E-37    7.061565261883E-39    4.249992173100E-38
   -2.532763422958E-38    7.012364712127E-38    7.369319389354E-39    9.187227972099E-38   -2.903084463712E-39
    7.524828637393E-39   -4.193052039943E-39    4.052971347069E-38   -1.500042220062E-39    3.041646748295E-38
   2.0303517512184035E-002
    7.911465358736E-28   -1.348790951132E-34   -1.864737837769E-28   -4.500650906682E-34   -4.501614083611E-34
    4.129795315298E-35    8.350978330228E-28   -6.228061486161E-34    2.637084974895E-29   -3.085332889915E-34
   -1.864706777357E-28    1.168292332343E-34    5.977404811889E-29    1.516585872897E-34    1.130239255839E-29
   -3.776452418178E-34    2.637035881068E-29    1.540085876969E-34    2.389601403328E-29   -9.435218458284E-35
   -2.047684842526E-34   -7.064768854015E-35    1.130231641512E-29   -7.937170867205E-35    8.073263063820E-30
   4.5681664402414078E-002
    6.705593824961E-23    1.272635733314E-31   -1.580523980312E-23   -8.353320574964E-31   -7.737280493698E-32
   -7.295868150166E-33    7.078126938230E-23    4.149393863389E-31    2.235199091708E-24   -1.631893052454E-31
   -1.580523782501E-23   -5.589310100641E-32    5.066450834788E-24    1.218468718223E-31    9.579426874989E-25
   -1.983158034973E-31    2.235198918586E-24   -3.859939783865E-32    2.025364462451E-24    1.210672772276E-31
   -6.953719593189E-32   -4.898323089522E-33    9.579426604951E-25    1.122309977578E-31    6.842447603577E-25
   8.1211070048736136E-002
    2.083458082934E-19   -1.048411353487E-29   -4.910757819064E-20    8.339357163520E-29    8.046028801384E-29
   -2.051553693549E-29    2.199205755779E-19   -3.165460540243E-29    6.944860280309E-21   -3.942522073777E-29
   -4.910757837262E-20   -7.263336001155E-29    1.574168347085E-20   -4.827915883943E-30    2.976368579426E-21
    8.712966026453E-29    6.944860241921E-21   -6.235334648800E-30    6.292893674992E-21   -2.316760147578E-29
    5.869626444449E-29   -5.525910212328E-29    2.976368579917E-21   -2.488614538018E-29    2.125977488671E-21
  0.12689173445115023     
    1.046837266110E-16   -1.316286947876E-25   -2.467419099300E-17   -2.745588561233E-25    2.545514122603E-27
   -1.320721350748E-25    1.104994892028E-16   -5.861091211516E-25    3.489457559173E-18   -5.092705870139E-26
   -2.467419099497E-17   -5.880595994240E-25    7.909437128776E-18    5.934623945643E-26    1.495481810379E-18
   -2.752971285761E-25    3.489457559751E-18    5.954670981731E-26    3.161875829699E-18   -1.855438358942E-26
    2.833359997884E-27   -5.101156589211E-26    1.495481810245E-18   -1.867376044477E-26    1.068201292753E-18
  0.18272365760965631     
    1.639050719848E-14   -1.843610513840E-22   -3.863279596055E-15   -3.856770637983E-22    1.479550675187E-26
   -1.843584513739E-22    1.730109093187E-14   -8.210771872457E-22    5.463502400955E-16   -7.094118522578E-23
   -3.863279596001E-15   -8.210633199703E-22    1.238393877469E-15    8.332994434839E-23    2.341501028540E-16
   -3.856555336412E-22    5.463502401008E-16    8.332642390248E-23    4.950602175080E-16   -2.589644636257E-23
    5.063737112823E-27   -7.094282888409E-23    2.341501028594E-16   -2.589813600353E-23    1.672500734361E-16
  0.24870683952425446     
    1.128869580590E-12   -7.975185746351E-20   -2.660771118370E-13   -1.662137825561E-19    6.768045289411E-26
   -7.975188730631E-20    1.191584557290E-12   -3.550974877174E-19    3.762898602020E-14   -3.052652198823E-20
   -2.660771118377E-13   -3.550976012359E-19    8.529236831247E-14    3.585706132280E-20    1.612670829455E-14
   -1.662137158158E-19    3.762898602060E-14    3.585704073467E-20    3.409646896584E-14   -1.114219032071E-20
   -1.290930246016E-25   -3.052659424644E-20    1.612670829465E-14   -1.114219205341E-20    1.151907735314E-14
  0.32484128019494457     
    4.181459985963E-11   -1.438917106598E-17   -9.855795704639E-12   -2.983979811312E-17    7.332561299285E-23
   -1.438916886399E-17    4.413763318519E-11   -6.404710570943E-17    1.393819995255E-12   -5.465934652379E-18
   -9.855795704644E-12   -6.404709665154E-17    3.159325322937E-12    6.422847728090E-18    5.973514265626E-13
   -2.983979888529E-17    1.393819995256E-12    6.422848269515E-18    1.262971587624E-12   -1.994266269599E-18
    7.318216627246E-23   -5.465935833217E-18    5.973514265632E-13   -1.994266364155E-18    4.266795904123E-13
  0.41112697962172673     
    9.445085050702E-10   -1.299059800857E-15   -2.226227896446E-10   -2.675815822369E-15    2.577637134809E-20
   -1.299059798258E-15    9.969811997895E-10   -5.779632587772E-15    3.148361680224E-11   -4.883786822565E-16
   -2.226227896445E-10   -5.779632574981E-15    7.136286488062E-11    5.741876251394E-16    1.349297863881E-11
   -2.675815808783E-15    3.148361680224E-11    5.741876213554E-16    2.852801199032E-11   -1.780892206992E-16
    2.577749757841E-20   -4.883786832523E-16    1.349297863881E-11   -1.780892195108E-16    9.637841889060E-12
  0.50756393780460096     
    1.413430876544E-08   -6.619422320412E-14   -3.331488529316E-09   -1.351857346796E-13    4.392290263629E-18
   -6.619422322954E-14    1.491954813906E-08   -2.943396877691E-13    4.711436192999E-10   -2.455958457151E-14
   -3.331488529315E-09   -2.943396878903E-13    1.067925559201E-09    2.889476618242E-14    2.019186956936E-10
   -1.351857347902E-13    4.711436192998E-10    2.889476620678E-14    4.269138156337E-10   -8.949443406620E-15
    4.392315846055E-18   -2.455958459480E-14    2.019186956936E-10   -8.949443409566E-15    1.442276404915E-10
  0.61415215474356710     
    1.484460197599E-07   -2.069699739568E-12   -3.498906260489E-08   -4.184013511808E-12    3.999181420473E-16
   -2.069699739632E-12    1.566930205592E-07   -9.197081197380E-12    4.948200050292E-09   -7.558830057359E-13
   -3.498906260489E-08   -9.197081197677E-12    1.121592214439E-08    8.900574318233E-13    2.120657333099E-09
   -4.184013512032E-12    4.948200050292E-09    8.900574318505E-13    4.483675674090E-09   -2.752059600767E-13
    3.999181634885E-16   -7.558830057326E-13    2.120657333098E-09   -2.752059600540E-13    1.514755302272E-09
  0.73089163043862526     
    1.141837667708E-06   -4.221293607168E-11   -2.691337207957E-07   -8.436438811562E-11    2.109185604604E-14
   -4.221293607148E-11    1.205273073037E-06   -1.874433450680E-10    3.806122140995E-08   -1.514416692791E-11
   -2.691337207957E-07   -1.874433450672E-10    8.627220994506E-08    1.784960365629E-11    1.631196170543E-08
   -8.436438811581E-11    3.806122140995E-08    1.784960365639E-11    3.448815647416E-08   -5.508343624406E-12
    2.109185580748E-14   -1.514416692772E-11    1.631196170543E-08   -5.508343624437E-12    1.165140459114E-08
  0.85778236488977566     
    6.654379910828E-06   -5.890023584508E-10   -1.568452177397E-06   -1.162883330030E-09    6.858554629812E-13
   -5.890023584511E-10    7.024066867362E-06   -2.613402634528E-09    2.218114952033E-07   -2.073058133396E-10
   -1.568452177397E-06   -2.613402634530E-09    5.027762729754E-07    2.445984181733E-10    9.506241065681E-08
   -1.162883330031E-09    2.218114952033E-07    2.445984181734E-10    2.009893821416E-07   -7.532175572208E-11
    6.858554636411E-13   -2.073058133395E-10    9.506241065681E-08   -7.532175572201E-11    6.790183086270E-08
  0.99482435809701786     
    3.024695274102E-05   -5.850137183212E-09   -7.129266479666E-06   -1.140819079841E-08    1.447876548002E-11
   -5.850137183210E-09    3.192731926554E-05   -2.593696968937E-08    1.008206227663E-06   -2.019189478378E-09
   -7.129266479666E-06   -2.593696968937E-08    2.285343203492E-06    2.385071163072E-09    4.320961582519E-07
   -1.140819079841E-08    1.008206227663E-06    2.385071163072E-09    9.135806925760E-07   -7.328296687414E-10
    1.447876547846E-11   -2.019189478377E-09    4.320961582519E-07   -7.328296687409E-10    3.086423979441E-07
   1.1420176100603519     
    1.100932788447E-04   -4.284197307832E-08   -2.594907030007E-05   -8.254832813778E-08    2.076016406138E-10
   -4.284197307831E-08    1.162092626948E-04   -1.898015715472E-07    3.669403057913E-06   -1.450694359722E-08
   -2.594907030007E-05   -1.898015715472E-07    8.318411400449E-06    1.715527896343E-08    1.572720696116E-06
   -8.254832813777E-08    3.669403057913E-06    1.715527896343E-08    3.325265419419E-06   -5.259360919050E-09
    2.076016406100E-10   -1.450694359722E-08    1.572720696116E-06   -5.259360919050E-09    1.123404472578E-06
   1.2993621207797783     
    3.289029350218E-04   -2.389613845911E-07   -7.752129075240E-05   -4.552931902618E-07    2.106778566959E-09
   -2.389613845911E-07    3.471720099613E-04   -1.057934489656E-06    1.095963094151E-05   -7.946621430103E-08
   -7.752129075240E-05   -1.057934489656E-06    2.485308552888E-05    9.408837318993E-08    4.698270950207E-06
   -4.552931902618E-07    1.095963094151E-05    9.408837318993E-08    9.934336286868E-06   -2.878272452338E-08
    2.106778566962E-09   -7.946621430103E-08    4.698270950207E-06   -2.878272452338E-08    3.356236075991E-06
   1.4668578902552964     
    8.255531782829E-04   -1.046625176686E-06   -1.945705117614E-04   -1.973913982930E-06    1.572295910533E-08
   -1.046625176686E-06    8.713919063428E-04   -4.630744402420E-06    2.749028911951E-05   -3.422898597216E-07
   -1.945705117614E-04   -4.630744402420E-06    6.239612756469E-05    4.058713431679E-07    1.179165515979E-05
   -1.973913982930E-06    2.749028911951E-05    4.058713431679E-07    2.493720806871E-05   -1.239036126317E-07
    1.572295910534E-08   -3.422898597216E-07    1.179165515979E-05   -1.239036126317E-07    8.425047059323E-06
   1.6445049184869069     
    1.779504622946E-03   -3.704270281683E-06   -4.193563851814E-04   -6.923140196525E-06    8.943137522965E-08
   -3.704270281683E-06    1.878221110661E-03   -1.637997101519E-05    5.915925910678E-05   -1.193006866331E-06
   -4.193563851814E-04   -1.637997101519E-05    1.345808951992E-04    1.417643109362E-06    2.541394913018E-05
   -6.923140196525E-06    5.915925910678E-05    1.417643109362E-06    5.376779570983E-05   -4.319064469967E-07
    8.943137522966E-08   -1.193006866331E-06    2.541394913018E-05   -4.319064469967E-07    1.816661362911E-05
   1.8323032054746093     
    3.360943646527E-03   -1.087934708758E-05   -7.918723417519E-04   -2.017106001587E-05    4.006976415770E-07
   -1.087934708758E-05    3.547018999591E-03   -4.807982521376E-05    1.113406847555E-04   -3.453681417949E-06
   -7.918723417519E-04   -4.807982521376E-05    2.545692483939E-04    4.118782281432E-06    4.799588297798E-05
   -2.017106001587E-05    1.113406847555E-04    4.118782281432E-06    1.016348838194E-04   -1.252301266120E-06
    4.006976415770E-07   -3.453681417949E-06    4.799588297798E-05   -1.252301266120E-06    3.434436086001E-05
   2.0302527512184039     
    5.662911177034E-03   -2.716457199537E-05   -1.333793918311E-03   -5.000634787282E-05    1.457309889097E-06
   -2.716457199537E-05    5.975214906946E-03   -1.199659006554E-04    1.863131256574E-04   -8.500518438664E-06
   -1.333793918311E-03   -1.199659006554E-04    4.303547277869E-04    1.020236991302E-05    8.089088200276E-05
   -5.000634787282E-05    1.863131256574E-04    1.020236991302E-05    1.715985471083E-04   -3.095170179419E-06
    1.457309889097E-06   -8.500518438664E-06    8.089088200276E-05   -3.095170179419E-06    5.800281199113E-05
   2.2383535557182901     
    8.645938879258E-03   -5.892348521795E-05   -2.035452926723E-03   -1.077529761681E-04    4.419250108547E-06
   -5.892348521795E-05    9.119429792371E-03   -2.599481563399E-04    2.809574446383E-04   -1.815285500970E-05
   -2.035452926723E-03   -2.599481563399E-04    6.613778259997E-04    2.203079314173E-05    1.236452926967E-04
   -1.077529761681E-04    2.809574446383E-04    2.203079314173E-05    2.631556893183E-04   -6.666490563443E-06
    4.419250108547E-06   -1.815285500970E-05    1.236452926967E-04   -6.666490563443E-06    8.899671532372E-05
   2.4566056189742684     
    1.211955117648E-02   -1.131578064941E-04   -2.851664612738E-03   -2.055734682505E-04    1.144058962640E-05
   -1.131578064941E-04    1.277552320472E-02   -4.983389487998E-04    3.857169646374E-04   -3.421699858789E-05
   -2.851664612738E-03   -4.983389487998E-04    9.381477522351E-04    4.230323063481E-05    1.738328087575E-04
   -2.055734682505E-04    3.857169646374E-04    4.230323063481E-05    3.720396403676E-04   -1.276040036925E-05
    1.144058962640E-05   -3.421699858789E-05    1.738328087575E-04   -1.276040036925E-05    1.259309403248E-04
   2.6850089409863389     
    1.576689553358E-02   -1.955632979362E-04   -3.707825480298E-03   -3.527748045040E-04    2.580634860441E-05
   -1.955632979362E-04    1.660443320594E-02   -8.587477961966E-04    4.853547480543E-04   -5.774188371787E-05
   -3.707825480298E-03   -8.587477961966E-04    1.244795887453E-03    7.350697713885E-05    2.274894063740E-04
   -3.527748045040E-04    4.853547480543E-04    7.350697713885E-05    4.912450265103E-04   -2.208419073683E-05
    2.580634860441E-05   -5.774188371787E-05    2.274894063740E-04   -2.208419073683E-05    1.665102779029E-04
   2.9235635217545011     
    1.920332196793E-02   -3.084283192373E-04   -4.513833034667E-03   -5.518519905100E-04    5.161831514200E-05
   -3.084283192373E-04    2.019431776454E-02   -1.348107668267E-03    5.614968868739E-04   -8.823625804949E-05
   -4.513833034667E-03   -1.348107668267E-03    1.563085742556E-03    1.173618123244E-04    2.799173177410E-04
   -5.518519905100E-04    5.614968868739E-04    1.173618123244E-04    6.127195168592E-04   -3.508288401408E-05
    5.161831514200E-05   -8.823625804949E-05    2.799173177410E-04   -3.508288401408E-05    2.081055462399E-04
   3.1722693612787549     
    2.205247048815E-02   -4.491947649211E-04   -5.181607054470E-03   -7.958760154214E-04    9.294118247238E-05
   -4.491947649211E-04    2.314163716529E-02   -1.949831208205E-03    5.964476413173E-04   -1.231989792082E-04
   -5.181607054470E-03   -1.949831208205E-03    1.876133790499E-03    1.744624893927E-04    3.265404412018E-04
   -7.958760154214E-04    5.964476413173E-04    1.744624893927E-04    7.290232678322E-04   -5.183122866035E-05
    9.294118247238E-05   -1.231989792082E-04    3.265404412018E-04   -5.183122866035E-05    2.482981723084E-04
   3.4311264595591027     
    2.402117066423E-02   -6.102699839807E-04   -5.641773669590E-03   -1.068449977324E-03    1.526026842454E-04
   -6.102699839807E-04    2.513125081863E-02   -2.623285774115E-03    5.773170822705E-04   -1.582516516318E-04
   -5.641773669590E-03   -2.623285774115E-03    2.170730268752E-03    2.442095989731E-04    3.635674007139E-04
   -1.068449977324E-03    5.773170822706E-04    2.442095989731E-04    8.344722915385E-04   -7.202598914255E-05
    1.526026842454E-04   -1.582516516318E-04    3.635674007139E-04   -7.202598914255E-05    2.852436130868E-04
   3.7001348165955412     
    2.495434334730E-02   -7.801984966766E-04   -5.855597248052E-03   -1.346491449609E-03    2.310836531817E-04
   -7.801984966766E-04    2.599544051825E-02   -3.310453870275E-03    4.992395259405E-04   -1.879393511821E-04
   -5.855597248052E-03   -3.310453870275E-03    2.438033315301E-03    3.249856372483E-04    3.883566417341E-04
   -1.346491449609E-03    4.992395259405E-04    3.249856372483E-04    9.256121099073E-04   -9.506736040714E-05
    2.310836531817E-04   -1.879393511821E-04    3.883566417341E-04   -9.506736040714E-05    3.178096977847E-04
   3.9792944323880715     
    2.485495079230E-02   -9.458063801710E-04   -5.819453773425E-03   -1.604973233897E-03    3.259677527174E-04
   -9.458063801710E-04    2.573590577203E-02   -3.947786861562E-03    3.666134487088E-04   -2.069727695457E-04
   -5.819453773425E-03   -3.947786861562E-03    2.673041926716E-03    4.144577644703E-04    3.994990170717E-04
   -1.604973233897E-03    3.666134487088E-04    4.144577644703E-04    1.001122990429E-03   -1.201895769048E-04
    3.259677527174E-04   -2.069727695457E-04    3.994990170717E-04   -1.201895769048E-04    3.455325222614E-04
   4.2686053069366938     
    2.386440993653E-02   -1.094623857381E-03   -5.561227513706E-03   -1.821994211168E-03    4.321991419162E-04
   -1.094623857381E-03    2.450375256960E-02   -4.479196311626E-03    1.919507477131E-04   -2.114770341357E-04
   -5.561227513706E-03   -4.479196311626E-03    2.873480338630E-03    5.098887951206E-04    3.967010898429E-04
   -1.821994211168E-03    1.919507477131E-04    5.098887951206E-04    1.061373321205E-03   -1.465953631603E-04
    4.321991419162E-04   -2.114770341357E-04    3.967010898429E-04   -1.465953631603E-04    3.684680268946E-04
   4.5680674402414070     
    2.221300543267E-02   -1.216880019112E-03   -5.130513856534E-03   -1.982541702631E-03    5.430426291646E-04
   -1.216880019112E-03    2.254736977783E-02   -4.865934214670E-03   -7.174028578157E-06   -1.998134236182E-04
   -5.130513856534E-03   -4.865934214670E-03    3.038643166039E-03    6.083847204968E-04    3.805674465046E-04
   -1.982541702631E-03   -7.174028578157E-06    6.083847204968E-04    1.107838657642E-03   -1.735607836773E-04
    5.430426291646E-04   -1.998134236182E-04    3.805674465046E-04   -1.735607836773E-04    3.870123774968E-04
   4.8776808323022154     
    2.015989769512E-02   -1.306616674029E-03   -4.586270628064E-03   -2.080019568761E-03    6.513658227016E-04
   -1.306616674029E-03    2.014872182661E-02   -5.090836699459E-03   -2.119263468200E-04   -1.727481899346E-04
   -4.586270628064E-03   -5.090836699459E-03    3.168528798595E-03    7.070611109245E-04    3.523610740694E-04
   -2.080019568761E-03   -2.119263468200E-04    7.070611109245E-04    1.142545734251E-03   -2.004953968382E-04
    6.513658227016E-04   -1.727481899346E-04    3.523610740694E-04   -2.004953968382E-04    4.017398736414E-04
   5.1974454831191128     
    1.794238909813E-02   -1.361835858878E-03   -3.985679767126E-03   -2.115600327695E-03    7.508078023607E-04
   -1.361835858878E-03    1.756881584737E-02   -5.156932399901E-03   -4.055478625023E-04   -1.330239998680E-04
   -3.985679767126E-03   -5.156932399901E-03    3.263366008885E-03    8.031466149475E-04    3.137884970519E-04
   -2.115600327695E-03   -4.055478625023E-04    8.031466149475E-04    1.167629552056E-03   -2.269587372032E-04
    7.508078023607E-04   -1.330239998680E-04    3.137884970519E-04   -2.269587372032E-04    4.132806842312E-04
   5.5273613926921037     
    1.574559032049E-02   -1.383899728788E-03   -3.376619126581E-03   -2.096173755216E-03    8.365447669224E-04
   -1.383899728788E-03    1.501432975049E-02   -5.082318712189E-03   -5.754600913868E-04   -8.458538344122E-05
   -3.376619126581E-03   -5.082318712189E-03    3.323485008444E-03    8.940533820624E-04    2.668266251422E-04
   -2.096173755216E-03   -5.754600913868E-04    8.940533820624E-04    1.185033111055E-03   -2.526440324474E-04
    8.365447669224E-04   -8.458538344122E-05    2.668266251422E-04   -2.526440324474E-04    4.222412874988E-04
   5.8674285610211854     
    1.369314574753E-02   -1.376538930487E-03   -2.794294711101E-03   -2.031853157674E-03    9.055799652344E-04
   -1.376538930487E-03    1.262644961377E-02   -4.893765397835E-03   -7.139882168833E-04   -3.174927588247E-05
   -2.794294711101E-03   -4.893765397835E-03    3.349412014072E-03    9.774382584069E-04    2.135888738439E-04
   -2.031853157674E-03   -7.139882168833E-04    9.774382584069E-04    1.196341597450E-03   -2.773435208976E-04
    9.055799652344E-04   -3.174927588247E-05    2.135888738439E-04   -2.773435208976E-04    4.291601127179E-04
   6.2176469881063614     
    1.185292895955E-02   -1.344801500268E-03   -2.261212637612E-03   -1.933770609615E-03    9.566498440634E-04
   -1.344801500268E-03    1.048579931620E-02   -4.620955281427E-03   -8.180093289681E-04    2.146861965831E-05
   -2.261212637612E-03   -4.620955281427E-03    3.342057568896E-03    1.051265480870E-03    1.562200170503E-04
   -1.933770609615E-03   -8.180093289681E-04    1.051265480870E-03    1.202724044445E-03   -3.009085641969E-04
    9.566498440634E-04    2.146861965831E-05    1.562200170503E-04   -3.009085641969E-04    4.344877314198E-04
   6.5780166739476273     
    1.025000101046E-02   -1.294161419733E-03   -1.789138566034E-03   -1.812513463029E-03    9.899043651074E-04
   -1.294161419733E-03    8.625482600002E-03   -4.292310458882E-03   -8.879958733950E-04    7.178029930105E-05
   -1.789138566034E-03   -4.292310458882E-03    3.302896217588E-03    1.113869549049E-03    9.680936214552E-05
   -1.812513463029E-03   -8.879958733950E-04    1.113869549049E-03    1.204950122989E-03   -3.232141694182E-04
    9.899043651074E-04    7.178029930105E-05    9.680936214552E-05   -3.232141694182E-04    4.385820432353E-04
   6.9485376185449867     
    8.880835752306E-03   -1.229880948270E-03   -1.381815661716E-03   -1.677239359223E-03    1.006507329840E-03
   -1.229880948270E-03    7.045904440558E-03   -3.932541133142E-03   -9.268732872113E-04    1.168098467985E-04
   -1.381815661716E-03   -3.932541133142E-03    3.234075303415E-03    1.164010008615E-03    3.731599966871E-05
   -1.677239359223E-03   -9.268732872113E-04    1.164010008615E-03    1.203452146702E-03   -3.441333558246E-04
    1.006507329840E-03    1.168098467985E-04    3.731599966871E-05   -3.441333558246E-04    4.417116492916E-04
   7.3292098218984369     
    7.725480137044E-03   -1.156628359931E-03   -1.037621415201E-03   -1.535333899315E-03    1.008255254324E-03
   -1.156628359931E-03    5.727751943005E-03   -3.561602822795E-03   -9.389661662407E-04    1.550925771277E-04
   -1.037621415201E-03   -3.561602822795E-03    3.138428495269E-03    1.200908456621E-03   -2.049541911430E-05
   -1.535333899315E-03   -9.389661662407E-04    1.200908456621E-03    1.198408302087E-03   -3.635231479005E-04
    1.008255254324E-03    1.550925771277E-04   -2.049541911430E-05   -3.635231479005E-04    4.440633533516E-04
   7.7200332840079788     
    6.756489072752E-03   -1.078303384162E-03   -7.517570928826E-04   -1.392425018281E-03    9.972642040284E-04
   -1.078303384162E-03    4.641778546333E-03   -3.194609745427E-03   -9.291637985785E-04    1.859592499138E-04
   -7.517570928826E-04   -3.194609745427E-03    3.019397995611E-03    1.224260615974E-03   -7.510669505300E-05
   -1.392425018281E-03   -9.291637985785E-04    1.224260615974E-03    1.189829847426E-03   -3.812213527787E-04
    9.972642040284E-04    1.859592499138E-04   -7.510669505300E-05   -3.812213527787E-04    4.457517382915E-04
   8.1210080048736160     
    5.944747949115E-03   -9.980075858713E-04   -5.178569694207E-04   -1.252588955424E-03    9.757382865125E-04
   -9.980075858713E-04    3.755395828645E-03   -2.842294516786E-03   -9.023342641675E-04    2.093667580645E-04
   -5.178569694207E-04   -2.842294516786E-03    2.880886527725E-03    1.234220697539E-03   -1.252830582155E-04
   -1.252588955424E-03   -9.023342641675E-04    1.234220697539E-03    1.177641128411E-03   -3.970517534593E-04
    9.757382865125E-04    2.093667580645E-04   -1.252830582155E-04   -3.970517534593E-04    4.468299115770E-04
   8.5321339844953421     
    5.262829284101E-03   -9.181019915767E-04   -3.290656489590E-04   -1.118629623772E-03    9.458133671068E-04
   -9.181019915767E-04    3.036673363902E-03   -2.511713099769E-03   -8.629603218242E-04    2.257192603914E-04
   -3.290656489590E-04   -2.511713099769E-03    2.727067596115E-03    1.231359716373E-03   -1.700928956560E-04
   -1.118629623772E-03   -8.629603218242E-04    1.231359716373E-03    1.161746172630E-03   -4.108347501968E-04
    9.458133671068E-04    2.257192603914E-04   -1.700928956560E-04   -4.108347501968E-04    4.473009936327E-04
   8.9534112228731590     
    4.686621814443E-03   -8.403076817812E-04   -1.786956774050E-04   -9.923598462877E-04    9.094612848877E-04
   -8.403076817812E-04    2.456476460946E-03   -2.207003880650E-03   -8.149481732102E-04    2.357061913404E-04
   -1.786956774050E-04   -2.207003880650E-03    2.562182664425E-03    1.216602844169E-03   -2.089096473728E-04
   -9.923598462877E-04   -8.149481732102E-04    1.216602844169E-03    1.142079241467E-03   -4.224005433029E-04
    9.094612848877E-04    2.357061913404E-04   -2.089096473728E-04   -4.224005433029E-04    4.471300105136E-04
   9.3848397200070703     
    4.195863014119E-03   -7.658195963434E-04   -6.058535304901E-05   -8.748487233008E-04    8.684386505767E-04
   -7.658195963434E-04    1.989382874543E-03   -1.930095324088E-03   -7.615580949996E-04    2.401696902090E-04
   -6.058535304901E-05   -1.930095324088E-03    2.390349528422E-03    1.191152843066E-03   -2.413971786498E-04
   -8.748487233008E-04   -7.615580949996E-04    1.191152843066E-03    1.118639191835E-03   -4.316024109957E-04
    8.684386505767E-04    2.401696902090E-04   -2.413971786498E-04   -4.316024109957E-04    4.462557858676E-04
   9.8264194758970742     
    3.774042630908E-03   -6.954159833206E-04    3.074124044629E-05   -7.666226769833E-04    8.242664400637E-04
   -6.954159833206E-04    1.613863284357E-03   -1.681314128665E-03   -7.054133003417E-04    2.400045830565E-04
    3.074124044629E-05   -1.681314128665E-03    2.215399510086E-03    1.156407165118E-03   -2.674815258454E-04
   -7.666226769833E-04   -7.054133003417E-04    1.156407165118E-03    1.091509048448E-03   -4.383282775201E-04
    8.242664400637E-04    2.400045830565E-04   -2.674815258454E-04   -4.383282775201E-04    4.446023549739E-04
   10.278150490543169     
    3.407992372294E-03   -6.295547538236E-04    1.000351810825E-04   -6.678207463866E-04    7.782297299885E-04
   -6.295547538236E-04    1.312059145310E-03   -1.459880339133E-03   -6.485537293625E-04    2.360885595180E-04
    1.000351810825E-04   -1.459880339133E-03    2.040753878934E-03    1.113875717465E-03   -2.873128995663E-04
   -6.678207463866E-04   -6.485537293625E-04    1.113875717465E-03    1.060863040965E-03   -4.425094348368E-04
    7.782297299885E-04    2.360885595180E-04   -2.873128995663E-04   -4.425094348368E-04    4.420894140539E-04
   10.740032763945356     
    3.087357876291E-03   -5.684537119848E-04    1.513514934835E-04   -5.783106716708E-04    7.313898864791E-04
   -5.684537119848E-04    1.069371377045E-03   -1.264294425137E-03   -5.925114143550E-04    2.292375854734E-04
    1.513514934835E-04   -1.264294425137E-03    1.869343291070E-03    1.065104982912E-03   -3.012221477004E-04
   -5.783106716708E-04   -5.925114143550E-04    1.065104982912E-03    1.026963721780E-03   -4.441258801884E-04
    7.313898864791E-04    2.292375854734E-04   -3.012221477004E-04   -4.441258801884E-04    4.386413825277E-04
   11.212066296103632     
    2.804065099506E-03   -5.121549009207E-04    1.881114353845E-04   -4.977740187679E-04    6.846038833069E-04
   -5.121549009207E-04    8.739875048514E-04   -1.092629833665E-03   -5.383922364964E-04    2.201808643172E-04
    1.881114353845E-04   -1.092629833665E-03    1.703568711787E-03    1.011612528349E-03   -3.096756250631E-04
   -4.977740187679E-04   -5.383922364964E-04    1.011612528349E-03    9.901518095915E-04   -4.432082128844E-04
    6.846038833069E-04    2.201808643172E-04   -3.096756250631E-04   -4.432082128844E-04    4.341947747397E-04
   11.694251087018003     
    2.551838075716E-03   -4.605748950918E-04    2.131774990826E-04   -4.257681008103E-04    6.385471494779E-04
   -4.605748950918E-04    7.164177657276E-04   -9.427472123208E-04   -4.869549909709E-04    2.095499935166E-04
    2.131774990826E-04   -9.427472123208E-04    1.545298550708E-03    9.548342358767E-04   -3.132317620484E-04
   -4.257681008103E-04   -4.869549909709E-04    9.548342358767E-04    9.508312215496E-04   -4.398363813197E-04
    6.385471494779E-04    2.095499935166E-04   -3.132317620484E-04   -4.398363813197E-04    4.287037210397E-04
   12.186587136688470     
    2.325791026852E-03   -4.135434152311E-04    2.289294280765E-04   -3.617710579943E-04    5.937375470680E-04
   -4.135434152311E-04    5.890748723834E-04   -8.124461385217E-04   -4.386829177052E-04    1.978777935105E-04
    2.289294280765E-04   -8.124461385217E-04    1.395894594560E-03    8.960850702125E-04   -3.125017649874E-04
   -3.617710579943E-04   -4.386829177052E-04    8.960850702125E-04    9.094514523744E-04   -4.341357926366E-04
    5.937375470680E-04    1.978777935105E-04   -3.125017649874E-04   -4.341357926366E-04    4.221436195862E-04
   12.689074445115018     
    2.122098366199E-03   -3.708326121708E-04    2.373352844648E-04   -3.052148981549E-04    5.505589060931E-04
   -3.708326121708E-04    4.859108843906E-04   -6.995684256899E-04   -3.938456213081E-04    1.856032594488E-04
    2.373352844648E-04   -6.995684256899E-04    1.256258565909E-03    8.365329755694E-04   -3.081159838644E-04
   -3.052148981549E-04   -3.938456213081E-04    8.365329755694E-04    8.664890948287E-04   -4.262714112063E-04
    5.505589060931E-04    1.856032594488E-04   -3.081159838644E-04   -4.262714112063E-04    4.145130212794E-04
   13.201713012297668     
    1.937736111400E-03   -3.321790703152E-04    2.400150157883E-04   -2.555099272015E-04    5.092831184997E-04
   -3.321790703152E-04    4.021128370797E-04   -6.020648357965E-04   -3.525509923039E-04    1.730800081785E-04
    2.400150157883E-04   -6.020648357965E-04    1.126891444422E-03    7.771846238150E-04   -3.006966700131E-04
   -2.555099272015E-04   -3.525509923039E-04    7.771846238150E-04    8.224299151309E-04   -4.164405017026E-04
    5.092831184997E-04    1.730800081785E-04   -3.006966700131E-04   -4.164405017026E-04    4.058339414389E-04
   13.724502838236411     
    1.770283976705E-03   -2.973002017021E-04    2.382958709105E-04   -2.120629288951E-04    4.700902005794E-04
   -2.973002017021E-04    3.338528108319E-04   -5.180347809486E-04   -3.147876867646E-04    1.605863735414E-04
    2.382958709105E-04   -5.180347809486E-04    1.007958692473E-03    7.188811995663E-04   -2.908371866988E-04
   -2.120629288951E-04   -3.147876867646E-04    7.188811995663E-04    7.777525230595E-04   -4.048646394744E-04
    4.700902005794E-04    1.605863735414E-04   -2.908371866988E-04   -4.048646394744E-04    3.961508491824E-04
   14.257443922931238     
    1.617776513579E-03   -2.659063416093E-04    2.332599842441E-04   -1.742906928850E-04    4.330860312708E-04
   -2.659063416093E-04    2.780856009760E-04   -4.457465792778E-04   -2.804591872950E-04    1.483359199885E-04
    2.332599842441E-04   -4.457465792778E-04    8.993559150987E-04    6.623021713542E-04   -2.790872580341E-04
   -1.742906928850E-04   -2.804591872950E-04    6.623021713542E-04    7.329143370671E-04   -3.917815396018E-04
    4.330860312708E-04    1.483359199885E-04   -2.790872580341E-04   -3.917815396018E-04    3.855286146527E-04
   14.800536266382164     
    1.478592497214E-03   -2.377095502533E-04    2.257848761986E-04   -1.416299775836E-04    3.983176875864E-04
   -2.377095502533E-04    2.323865338467E-04   -3.836441065316E-04   -2.494106348740E-04    1.364876046493E-04
    2.257848761986E-04   -3.836441065316E-04    8.007709654153E-04    6.079749885067E-04   -2.659435386506E-04
   -1.416299775836E-04   -2.494106348740E-04    6.079749885067E-04    6.883402435351E-04   -3.774371608464E-04
    3.983176875864E-04    1.364876046493E-04   -2.659435386506E-04   -3.774371608464E-04    3.740496979680E-04
   15.353779868589175     
    1.351373343278E-03   -2.124298838420E-04    2.165777497826E-04   -1.135446664366E-04    3.657864472457E-04
   -2.124298838420E-04    1.948223447117E-04   -3.303442676973E-04   -2.214496163788E-04    1.251551461526E-04
    2.165777497826E-04   -3.303442676973E-04    7.117398948259E-04    5.562887950986E-04   -2.518446330085E-04
   -1.135446664366E-04   -2.214496163788E-04    5.562887950986E-04    6.444140945628E-04   -3.620784355942E-04
    3.657864472457E-04    1.251551461526E-04   -2.518446330085E-04   -3.620784355942E-04    3.618108483275E-04
   15.917174729552285     
    1.234963125334E-03   -1.897997182972E-04    2.062044479560E-04   -8.953067446893E-05    3.354586278840E-04
   -1.897997182972E-04    1.638488457987E-04   -2.846285803205E-04   -1.963620000250E-04    1.144153834431E-04
    2.062044479560E-04   -2.846285803205E-04    6.316953352406E-04    5.075105067735E-04   -2.371696563134E-04
   -8.953067446893E-05   -1.963620000250E-04    5.075105067735E-04    6.014729882586E-04   -3.459468739348E-04
    3.354586278840E-04    1.144153834431E-04   -2.371696563134E-04   -3.459468739348E-04    3.489195551114E-04
   16.490720849271483     
    1.128364435602E-03   -1.695665753789E-04    1.951138568519E-04   -6.911903714348E-05    3.072744892099E-04
   -1.695665753789E-04    1.382300594939E-04   -2.454312692682E-04   -1.739237784882E-04    1.043155546925E-04
    1.951138568519E-04   -2.454312692682E-04    5.600068296801E-04    4.618018968145E-04   -2.222394726408E-04
   -6.911903714348E-05   -1.739237784882E-04    4.618018968145E-04    5.598041249929E-04   -3.292731945318E-04
    3.072744892099E-04    1.043155546925E-04   -2.222394726408E-04   -3.292731945318E-04    3.354904585638E-04
   17.074418227746772     
    1.030705750886E-03   -1.514948003918E-04    1.836584390768E-04   -5.187753255608E-05    2.811554467658E-04
   -1.514948003918E-04    1.169744151093E-04   -2.118255804201E-04   -1.539097357353E-04    9.487951658701E-05
    1.836584390768E-04   -2.118255804201E-04    4.960132917060E-04    4.192366420626E-04   -2.073198377239E-04
   -5.187753255608E-05   -1.539097357353E-04    4.192366420626E-04    5.196439261754E-04   -3.122730494925E-04
    2.811554467658E-04    9.487951658701E-05   -2.073198377239E-04   -3.122730494925E-04    3.216418880687E-04
   17.668266864978158     
    9.412171189022E-04   -1.353663685146E-04    1.721114835170E-04   -3.741113464249E-05    2.570098487650E-04
   -1.353663685146E-04    9.928444008630E-05   -1.830094986362E-04   -1.360996184570E-04    8.611297690711E-05
    1.721114835170E-04   -1.830094986362E-04    4.390482159854E-04    3.798165701182E-04   -1.926257923022E-04
   -3.741113464249E-05   -1.360996184570E-04    3.798165701182E-04    4.811790447718E-04   -2.951438423643E-04
    2.570098487650E-04    8.611297690711E-05   -1.926257923022E-04   -2.951438423643E-04    3.074926587980E-04
   18.272266760965628     
    8.592118609506E-04   -1.209810399946E-04    1.606815699580E-04   -2.536155258047E-05    2.347375527183E-04
   -1.209810399946E-04    8.451708606309E-05   -1.582916618054E-04   -1.202823700384E-04    7.800783936241E-05
    1.606815699580E-04   -1.582916618054E-04    3.884585082070E-04    3.434866013117E-04   -1.783267759383E-04
   -2.536155258047E-05   -1.202823700384E-04    3.434866013117E-04    4.445488730508E-04   -2.780625843344E-04
    2.347375527183E-04    7.800783936241E-05   -1.783267759383E-04   -2.780625843344E-04    2.931592209527E-04
   18.886417915709199     
    7.840726400977E-04   -1.081560393146E-04    1.495246706696E-04   -1.540607530740E-05    2.142335139032E-04
   -1.081560393146E-04    7.215241846739E-05   -1.370779727526E-04   -1.062588782614E-04    7.054576888212E-05
    1.495246706696E-04   -1.370779727526E-04    3.436179028192E-04    3.101480867771E-04   -1.645520493338E-04
   -1.540607530740E-05   -1.062588782614E-04    3.101480867771E-04    4.098491572956E-04   -2.611846938558E-04
    2.142335139032E-04    7.054576888212E-05   -1.645520493338E-04   -2.611846938558E-04    2.787532216748E-04
   19.510720329208862     
    7.152407177025E-04   -9.672539718793E-05    1.387542468738E-04   -7.255907693640E-06    1.953905690328E-04
   -9.672539718793E-05    6.176887649490E-05   -1.188592017695E-04   -9.384359786584E-05    6.370108465916E-05
    1.387542468738E-04   -1.188592017695E-04    3.039359365161E-04    2.796704075172E-04   -1.513961187068E-04
   -7.255907693640E-06   -9.384359786584E-05    2.796704075172E-04    3.771363552870E-04   -2.446436186743E-04
    1.953905690328E-04    6.370108465916E-05   -1.513961187068E-04   -2.446436186743E-04    2.643795094733E-04
   20.145174001464607     
    6.522075710880E-04   -8.653906732097E-05    1.284496471390E-04   -6.541564683213E-07    1.781015734999E-04
   -8.653906732097E-05    5.302369537250E-05   -1.031997283075E-04   -8.286533609644E-05    5.744308252716E-05
    1.284496471390E-04   -1.031997283075E-04    2.688633877199E-04    2.519008271607E-04   -1.389239476771E-04
   -6.541564683213E-07   -8.286533609644E-05    2.519008271607E-04    3.464324208755E-04   -2.285511489776E-04
    1.781015734999E-04    5.744308252716E-05   -1.389239476771E-04   -2.285511489776E-04    2.501345895561E-04
   20.789778932476452     
    5.945082655406E-04   -7.746190184325E-05    1.186630664793E-04    4.626405511437E-06    1.622610182224E-04
   -7.746190184325E-05    4.563738401195E-05   -8.972746510530E-05   -7.316742572588E-05    5.173787736133E-05
    1.186630664793E-04   -8.972746510530E-05    2.378949806208E-04    2.266726695871E-04   -1.271758128228E-04
    4.626405511437E-06   -7.316742572588E-05    2.266726695871E-04    3.177297404765E-04   -2.129982818050E-04
    1.622610182224E-04    5.173787736133E-05   -1.271758128228E-04   -2.129982818050E-04    2.361055131284E-04
   21.444535122244393     
    5.417161578228E-04   -6.937255319090E-05    1.094252909873E-04    8.785690757249E-06    1.477662339421E-04
   -6.937255319090E-05    3.938139371187E-05   -7.812494621184E-05   -6.460746288294E-05    4.654984688233E-05
    1.094252909873E-04   -7.812494621184E-05    2.105700464596E-04    2.038119563764E-04   -1.161717197025E-04
    8.785690757249E-06   -6.460746288294E-05    2.038119563764E-04    2.909960097897E-04   -1.980565062417E-04
    1.477662339421E-04    4.654984688233E-05   -1.161717197025E-04   -1.980565062417E-04    2.223691737117E-04
   22.109442570768412     
    4.934386117751E-04   -6.216235113631E-05    1.007504181227E-04    1.199868199417E-05    1.345182665052E-04
   -6.216235113631E-05    3.406829962543E-05   -6.812151581204E-05   -5.705674524652E-05    4.184274658493E-05
    1.007504181227E-04   -6.812151581204E-05    1.864717090214E-04    1.831426652942E-04   -1.059153379986E-04
    1.199868199417E-05   -5.705674524652E-05    1.831426652942E-04    2.661788840596E-04   -1.837793851835E-04
    1.345182665052E-04    4.184274658493E-05   -1.059153379986E-04   -1.837793851835E-04    2.089919686885E-04
   22.784501278048534     
    4.493134923622E-04   -5.573419132660E-05    9.263971616184E-05    1.441778649161E-05    1.224224911631E-04
   -5.573419132660E-05    2.954396458713E-05   -5.948653237300E-05   -5.039951477076E-05    3.758055574869E-05
    9.263971616184E-05   -5.948653237300E-05    1.652250531828E-04    1.644907865696E-04   -9.639744715172E-05
    1.441778649161E-05   -5.039951477076E-05    1.644907865696E-04    2.432102856120E-04   -1.702043243177E-04
    1.224224911631E-04    3.758055574869E-05   -9.639744715172E-05   -1.702043243177E-04    1.960297784725E-04
   23.469711244084742     
    4.090062647568E-04   -5.000146147957E-05    8.508476328929E-05    1.617511232462E-05    1.113890211078E-04
   -5.000146147957E-05    2.568127000542E-05   -5.202349181385E-05   -4.453208387021E-05    3.372810544585E-05
    8.508476328929E-05   -5.202349181385E-05    1.464946377869E-04    1.476873552120E-04   -8.759890663166E-05
    1.617511232462E-05   -4.453208387021E-05    1.476873552120E-04    2.220102959856E-04   -1.573544356317E-04
    1.113890211078E-04    3.372810544585E-05   -8.759890663166E-05   -1.573544356317E-04    1.835282132290E-04
   24.165072468877050     
    3.722075590673E-04   -4.488702143723E-05    7.806998428888E-05    1.738463297211E-05    1.013329518574E-04
   -4.488702143723E-05    2.237508729714E-05   -4.556496902528E-05   -3.936190295767E-05    3.025153078088E-05
    7.806998428888E-05   -4.556496902528E-05    1.299816254083E-04    1.325706258319E-04   -7.949317844227E-05
    1.738463297211E-05   -3.936190295767E-05    1.325706258319E-04    2.024905901053E-04   -1.452404164513E-04
    1.013329518574E-04    3.025153078088E-05   -7.949317844227E-05   -1.452404164513E-04    1.715230732544E-04
   24.870584952425446     
    3.386311029177E-04   -4.032224886416E-05    7.157468778739E-05    1.814421739209E-05    9.217447814891E-05
   -4.032224886416E-05    1.953823451015E-05   -3.996828165976E-05   -3.480661265289E-05    2.711858321430E-05
    7.157468778739E-05   -3.996828165976E-05    1.154207369520E-04    1.189875471338E-04   -7.204844009837E-05
    1.814421739209E-05   -3.480661265289E-05    1.189875471338E-04    1.845574047350E-04   -1.338623849440E-04
    9.217447814891E-05    2.711858321430E-05   -7.204844009837E-05   -1.338623849440E-04    1.600409751628E-04
   25.586248694729932     
    3.080119382368E-04   -3.624615562513E-05    6.557468925792E-05    1.853751210204E-05    8.383891006468E-05
   -3.624615562513E-05    1.709821634038E-05   -3.511178413606E-05   -3.079311061850E-05    2.429883209558E-05
    6.557468925792E-05   -3.511178413606E-05    1.025771773509E-04    1.067946724100E-04   -6.522932932115E-05
    1.853751210204E-05   -3.079311061850E-05    1.067946724100E-04    1.681140489246E-04   -1.232116248414E-04
    8.383891006468E-05    2.429883209558E-05   -6.522932932115E-05   -1.232116248414E-04    1.491000958072E-04
   26.312063695790510     
    2.801048604533E-04   -3.260457698798E-05    6.004359264960E-05    1.863566864059E-05    7.625661107667E-05
   -3.260457698798E-05    1.499458888242E-05   -3.089170819600E-05   -2.725665395548E-05    2.176377960460E-05
    6.004359264960E-05   -3.089170819600E-05    9.124363582061E-05    9.585862610326E-05   -5.899836372238E-05
    1.863566864059E-05   -2.725665395548E-05    9.585862610326E-05    1.530629818107E-04   -1.132722069431E-04
    7.625661107667E-05    2.176377960460E-05   -5.899836372238E-05   -1.132722069431E-04    1.387109920275E-04
   27.048029955607177     
    2.546830327313E-04   -2.934943322365E-05    5.495379218407E-05    1.849891530738E-05    6.936287663524E-05
   -2.934943322365E-05    1.317682384011E-05   -2.721947476859E-05   -2.414001086566E-05    1.948690892305E-05
    5.495379218407E-05   -2.721947476859E-05    8.123742954901E-05    8.605622889068E-05   -5.331707799817E-05
    1.849891530738E-05   -2.414001086566E-05    8.605622889068E-05    1.393074935168E-04   -1.040224668100E-04
    6.936287663524E-05    1.948690892305E-05   -5.331707799817E-05   -1.040224668100E-04    1.288774600667E-04
   27.794147474179947     
    2.315367376108E-04   -2.643806108559E-05    5.027724561049E-05    1.817797616754E-05    6.309776805352E-05
   -2.643806108559E-05    1.160257293484E-05   -2.401941016480E-05   -2.139266968990E-05    1.744368168926E-05
    5.027724561049E-05   -2.401941016480E-05    7.239783275087E-05    7.727436643616E-05   -4.814691869927E-05
    1.817797616754E-05   -2.139266968990E-05    7.727436643616E-05    1.267530298030E-04   -9.543632722643E-05
    6.309776805352E-05    1.744368168926E-05   -4.814691869927E-05   -9.543632722643E-05    1.195974036408E-04
   28.550416251508803     
    2.104722370654E-04   -2.383261143672E-05    4.598606171591E-05    1.771534322558E-05    5.740591366673E-05
   -2.383261143672E-05    1.023625377069E-05   -2.122680782065E-05   -1.897010937472E-05    1.561149770361E-05
    4.598606171591E-05   -2.122680782065E-05    6.458361356968E-05    6.940967170244E-05   -4.344993349910E-05
    1.771534322558E-05   -1.897010937472E-05    6.940967170244E-05    1.153082034974E-04   -8.748446172241E-05
    5.740591366673E-05    1.561149770361E-05   -4.344993349910E-05   -8.748446172241E-05    1.108636853176E-04
   29.316836287593748     
    1.913107207417E-04   -2.149950887209E-05    4.205293818945E-05    1.714640978619E-05    5.223628764173E-05
   -2.149950887209E-05    9.047894689523E-06   -1.878628469811E-05   -1.683313263598E-05    1.396962739538E-05
    4.205293818945E-05   -1.878628469811E-05    5.767078808650E-05    6.236807797280E-05   -3.918928859112E-05
    1.714640978619E-05   -1.683313263598E-05    6.236807797280E-05    1.048855369108E-04   -8.013530219128E-05
    5.223628764173E-05    1.396962739538E-05   -3.918928859112E-05   -8.013530219128E-05    1.026649422912E-04
   30.093407582434789     
    1.738873260312E-04   -1.940896852294E-05    3.845147937429E-05    1.650047431037E-05    4.754197441338E-05
   -1.940896852294E-05    8.012188714369E-06   -1.665038814938E-05   -1.494726083797E-05    1.249912534019E-05
    3.845147937429E-05   -1.665038814938E-05    5.155059015382E-05    5.606428743616E-05   -3.532964382681E-05
    1.650047431037E-05   -1.494726083797E-05    5.606428743616E-05    9.540197657419E-05   -7.335589743754E-05
    4.754197441338E-05    1.249912534019E-05   -3.532964382681E-05   -7.335589743754E-05    9.498635195131E-05
   30.880130136031912     
    1.580502173572E-04   -1.753456501265E-05    3.515641806165E-05    1.580162471284E-05    4.327992494706E-05
   -1.753456501265E-05    7.107716678505E-06   -1.477841520657E-05   -1.328218814427E-05    1.118273135390E-05
    3.515641806165E-05   -1.477841520657E-05    4.612764897685E-05    5.042119011044E-05   -3.183741143468E-05
    1.580162471284E-05   -1.328218814427E-05    5.042119011044E-05    8.677921822514E-05   -6.711263228297E-05
    4.327992494706E-05    1.118273135390E-05   -3.183741143468E-05   -6.711263228297E-05    8.781033673839E-05
   31.677003948385142     
    1.436597178379E-04   -1.585284902878E-05    3.214376188269E-05    1.506951351763E-05    3.941071066783E-05
   -1.585284902878E-05    6.316307760853E-06   -1.313541207690E-05   -1.181129177134E-05    1.000476437475E-05
    3.214376188269E-05   -1.313541207690E-05    4.131836325659E-05    4.536926062231E-05   -2.868092098264E-05
    1.506951351763E-05   -1.181129177134E-05    4.536926062231E-05    7.894387802457E-05   -6.137181985108E-05
    3.941071066783E-05    1.000476437475E-05   -2.868092098264E-05   -6.137181985108E-05    8.111720307760E-05
   32.484029019494464     
    1.305874862465E-04   -1.434300667574E-05    2.939088035735E-05    1.432003404963E-05    3.589827877923E-05
   -1.434300667574E-05    5.622511728932E-06   -1.169132603626E-05   -1.051119439483E-05    8.951013037080E-06
    2.939088035735E-05   -1.169132603626E-05    3.704945711394E-05    4.084595251558E-05   -2.583050956622E-05
    1.432003404963E-05   -1.051119439483E-05    4.084595251558E-05    7.182754006833E-05   -5.610017949206E-05
    3.589827877923E-05    8.951013037080E-06   -2.583050956622E-05   -5.610017949206E-05    7.488571086071E-05
   33.301205349359861     
    1.187157361535E-04   -1.298655740155E-05    2.687654625495E-05    1.356590770718E-05    3.270971257111E-05
   -1.298655740155E-05    5.013162350385E-06   -1.042028634727E-05   -9.361374658276E-06    8.008625989759E-06
    2.687654625495E-05   -1.042028634727E-05    3.325670278656E-05    3.679510511978E-05   -2.325855353382E-05
    1.356590770718E-05   -9.361374658276E-06    3.679510511978E-05    6.536670768186E-05   -5.126521401820E-05
    3.270971257111E-05    8.008625989759E-06   -2.325855353382E-05   -5.126521401820E-05    6.909357377477E-05
   34.128532937981369     
    1.079364941421E-04   -1.176708636758E-05    2.458094197204E-05    1.281719178635E-05    2.981499904509E-05
   -1.176708636758E-05    4.477015318962E-06   -9.299994223345E-06   -8.343821554741E-06    7.166004179397E-06
    2.458094197204E-05   -9.299994223345E-06    2.988379428476E-05    3.316637312961E-05   -2.093945521484E-05
    1.281719178635E-05   -8.343821554741E-06    3.316637312961E-05    5.950268114163E-05   -4.683549911298E-05
    2.981499904509E-05    7.166004179397E-06   -2.093945521484E-05   -4.683549911298E-05    6.371789203362E-05
   34.966011785358951     
    9.815089585418E-05   -1.067000761790E-05    2.248563982382E-05    1.208171683859E-05    2.718680589573E-05
   -1.067000761790E-05    4.004447287817E-06   -8.311205038002E-06   -7.442728594595E-06    6.412696744009E-06
    2.248563982382E-05   -8.311205038002E-06    2.688135694097E-05    2.991468597943E-05   -1.884959591533E-05
    1.208171683859E-05   -7.442728594595E-06    2.991468597943E-05    5.418138148253E-05   -4.278089757984E-05
    2.718680589573E-05    6.412696744009E-06   -1.884959591533E-05   -4.278089757984E-05    5.873552115411E-05
   35.813641891492637     
    8.926851769016E-05   -9.682354483112E-06    2.057356292612E-05    1.136546171147E-05    2.480026876972E-05
   -9.682354483112E-06    3.587205047733E-06   -7.437288404387E-06   -6.644223728015E-06    5.739301604336E-06
    2.057356292612E-05   -7.437288404387E-06    2.420607793052E-05    2.699974086998E-05   -1.696726420930E-05
    1.136546171147E-05   -6.644223728015E-06    2.699974086998E-05    4.935313564833E-05   -3.907270953767E-05
    2.480026876972E-05    5.739301604336E-06   -1.696726420930E-05   -3.907270953767E-05    5.412338049601E-05
   36.671423256382418     
    8.120674474232E-05   -8.792594372342E-06    1.882893267213E-05    1.067287401882E-05    2.263279018293E-05
   -8.792594372342E-06    3.218196087001E-06   -6.663854249249E-06   -5.936131391073E-06    5.137371555471E-06
    1.882893267213E-05   -6.663854249249E-06    2.181994476322E-05    2.438553218016E-05   -1.527256714119E-05
    1.067287401882E-05   -5.936131391073E-06    2.438553218016E-05    4.497243699226E-05   -3.568376972817E-05
    2.263279018293E-05    5.137371555471E-06   -1.527256714119E-05   -3.568376972817E-05    4.985870748440E-05
   37.539355880028282     
    7.389017343110E-05   -7.990465039986E-06    1.723720692285E-05    1.000714283020E-05    2.066385025435E-05
   -7.990465039986E-06    2.891313261637E-06   -5.978434613154E-06   -5.307763142010E-06    4.599326257751E-06
    1.723720692285E-05   -5.978434613154E-06    1.968957894367E-05    2.203991763672E-05   -1.374733016016E-05
    1.000714283020E-05   -5.307763142010E-06    2.203991763672E-05    4.099769095203E-05   -3.258850097903E-05
    2.066385025435E-05    4.599326257751E-06   -1.374733016016E-05   -3.258850097903E-05    4.591926234112E-05
   38.417439762430242     
    6.725004821233E-05   -7.266829843619E-06    1.578501233289E-05    9.370429765575E-06    1.887482943188E-05
   -7.266829843619E-06    2.601287686376E-06   -5.370212602488E-06   -4.749733701078E-06    4.118370334026E-06
    1.578501233289E-05   -5.370212602488E-06    1.778565347907E-05    1.993422084017E-05   -1.237499048915E-05
    9.370429765575E-06   -4.749733701078E-06    1.993422084017E-05    3.739095410120E-05   -2.976293213010E-05
    1.887482943188E-05    4.118370334026E-06   -1.237499048915E-05   -2.976293213010E-05    4.228348875876E-05
   39.305674903588297     
    6.122373256966E-05   -6.613549919358E-06    1.446007375357E-05    8.764064174945E-06    1.724884349871E-05
   -6.613549919358E-06    2.343565078605E-06   -4.829791353967E-06   -4.253799544909E-06    3.688417631185E-06
    1.446007375357E-05   -4.829791353967E-06    1.608238436992E-05    1.804286928824E-05   -1.114048769189E-05
    8.764064174945E-06   -4.253799544909E-06    1.804286928824E-05    3.411767356123E-05   -2.718468806499E-05
    1.724884349871E-05    3.688417631185E-06   -1.114048769189E-05   -2.718468806499E-05    3.893063649623E-05
   40.204061303502435     
    5.575421268626E-05   -6.023371164581E-06    1.325114246487E-05    8.188707209821E-06    1.577059029873E-05
   -6.023371164581E-06    2.114201546962E-06   -4.348996812624E-06   -3.812717371913E-06    3.304021508598E-06
    1.325114246487E-05   -4.348996812624E-06    1.455708664251E-05    1.634306588592E-05   -1.003015413019E-05
    8.188707209821E-06   -3.812717371913E-06    1.634306588592E-05    3.114643094832E-05   -2.483295767107E-05
    1.577059029873E-05    3.304021508598E-06   -1.003015413019E-05   -2.483295767107E-05    3.584085045930E-05
   41.112598962172676     
    5.078963361221E-05   -5.489824388445E-06    1.214792498310E-05    7.644489246312E-06    1.442620807248E-05
   -5.489824388445E-06    1.909775613748E-06   -3.920709247297E-06   -3.420120121429E-06    2.960310977365E-06
    1.214792498310E-05   -3.920709247297E-06    1.318978707927E-05    1.481449216147E-05   -9.031607489871E-06
    7.644489246312E-06   -3.420120121429E-06    1.481449216147E-05    2.844869485585E-05   -2.268844531920E-05
    1.442620807248E-05    2.960310977365E-06   -9.031607489871E-06   -2.268844531920E-05    3.299523155712E-05
   42.031287879598999     
    4.628286649532E-05   -5.007137009183E-06    1.114101342015E-05    7.131124417000E-06    1.320314475869E-05
   -5.007137009183E-06    1.727313764251E-06   -3.538719108653E-06   -3.070408407958E-06    2.652932408540E-06
    1.114101342015E-05   -3.538719108653E-06    1.196288631528E-05    1.343904081891E-05   -8.133646848568E-06
    7.131124417000E-06   -3.070408407958E-06    1.343904081891E-05    2.599858401453E-05   -2.073331007970E-05
    1.320314475869E-05    2.652932408540E-06   -8.133646848568E-06   -2.073331007970E-05    3.037587345377E-05
   42.960128055781418     
    4.219110643585E-05   -4.570155035031E-06    1.022181842022E-05    6.648005717170E-06    1.209003798098E-05
   -4.570155035031E-06    1.564227348371E-06   -3.197603628599E-06   -2.758655530827E-06    2.377996520648E-06
    1.022181842022E-05   -3.197603628599E-06    1.086086423503E-05    1.220057558190E-05   -7.326153425396E-06
    6.648005717170E-06   -2.758655530827E-06    1.220057558190E-05    2.377264325365E-05   -1.895109665478E-05
    1.209003798098E-05    2.377996520648E-06   -7.326153425396E-06   -1.895109665478E-05    2.796587971699E-05
   43.899119490719940     
    3.847549892898E-05   -4.174273986516E-06    9.382504946442E-06    6.194283453791E-06    1.107660480558E-05
   -4.174273986516E-06    1.418258954085E-06   -2.892620973600E-06   -2.480524344096E-06    2.132030286418E-06
    9.382504946442E-06   -2.892620973600E-06    9.870022820774E-06    1.108471575825E-05   -6.599996626917E-06
    6.194283453791E-06   -2.480524344096E-06    1.108471575825E-05    2.174963262338E-05   -1.732666063545E-05
    1.107660480558E-05    2.132030286418E-06   -6.599996626917E-06   -1.732666063545E-05    2.574936434077E-05
   44.848262184414530     
    3.510079438224E-05   -3.815377818850E-06    8.615931534950E-06    5.768929705311E-06    1.015354096743E-05
   -3.815377818850E-06    1.287436778747E-06   -2.619619411615E-06   -2.232194559129E-06    1.911933434907E-06
    8.615931534950E-06   -2.619619411615E-06    8.978261887241E-06    1.007864358911E-05   -5.946945891522E-06
    5.768929705311E-06   -2.232194559129E-06    1.007864358911E-05    1.991033071892E-05   -1.584609087597E-05
    1.015354096743E-05    1.911933434907E-06   -5.946945891522E-06   -1.584609087597E-05    2.371143938136E-05
   45.807556136865237     
    3.203502912191E-05   -3.489784867446E-06    7.915593142698E-06    5.370790939847E-06    9.312428855179E-06
   -3.489784867446E-06    1.170035721415E-06   -2.374959250175E-06   -2.010299166509E-06    1.714939193119E-06
    7.915593142698E-06   -2.374959250175E-06    8.174883375083E-06    9.170932186026E-06   -5.359588503471E-06
    5.370790939847E-06   -2.010299166509E-06    9.170932186026E-06    1.823735210978E-05   -1.449663080732E-05
    9.312428855179E-06    1.714939193119E-06   -5.359588503471E-06   -1.449663080732E-05    2.183819230416E-05
   46.777001348072012     
    2.924923141600E-05   -3.194199979082E-06    7.275567654171E-06    4.998630660510E-06    8.545653615547E-06
   -3.194199979082E-06    1.064544140846E-06   -2.155445661483E-06   -1.811868830056E-06    1.538578922036E-06
    7.275567654171E-06   -2.155445661483E-06    7.450420480330E-06    8.351392041887E-06   -4.831253396222E-06
    4.998630660510E-06   -1.811868830056E-06    8.351392041887E-06    1.671497860783E-05   -1.326660016587E-05
    8.545653615547E-06    1.538578922036E-06   -4.831253396222E-06   -1.326660016587E-05    2.011665537183E-05
   47.756597818034898     
    2.671715097890E-05   -2.925672081390E-06    6.690466002941E-06    4.651163662236E-06    7.846326726397E-06
   -2.925672081390E-06    9.696353949381E-07   -1.958270792558E-06   -1.634283244490E-06    1.380650316071E-06
    6.690466002941E-06   -1.958270792558E-06    6.796488355233E-06    7.610934222656E-06   -4.355940843851E-06
    4.651163662236E-06   -1.634283244490E-06    7.610934222656E-06    1.532900385068E-05   -1.214531823857E-05
    7.846326726397E-06    1.380650316071E-06   -4.355940843851E-06   -1.214531823857E-05    1.853476900679E-05
   48.746345546753879     
    2.441501088935E-05   -2.681556609010E-06    6.155385971297E-06    4.327083357045E-06    7.208216608851E-06
   -2.681556609010E-06    8.841434485565E-07   -1.780963847872E-06   -1.475228595620E-06    1.239188858033E-06
    6.155385971297E-06   -1.780963847872E-06    6.205653710909E-06    6.941448657988E-06   -3.928257883778E-06
    4.327083357045E-06   -1.475228595620E-06    6.941448657988E-06    1.406659090485E-05   -1.112302966469E-05
    7.208216608851E-06    1.239188858033E-06   -3.928257883778E-06   -1.112302966469E-05    1.708134113242E-05
   49.746244534228936     
    2.232128032944E-05   -2.459482194376E-06    5.665869495392E-06    4.025083309636E-06    6.625685654058E-06
   -2.459482194376E-06    8.070419248392E-07   -1.621347981332E-06   -1.332660342911E-06    1.112442227969E-06
    5.665869495392E-06   -1.621347981332E-06    5.671320820181E-06    6.335695901954E-06   -3.543359203326E-06
    4.025083309636E-06   -1.332660342911E-06    6.335695901954E-06    1.291614208243E-05   -1.019083333373E-05
    6.625685654058E-06    1.112442227969E-06   -3.543359203326E-06   -1.019083333373E-05    1.574600379129E-05
   50.756294780460074     
    2.041646645211E-05   -2.257321079211E-06    5.217863224091E-06    3.743873912788E-06    6.093633015710E-06
   -2.257321079211E-06    7.374260673767E-07   -1.477502995390E-06   -1.204770636084E-06    9.988473830700E-07
    5.217863224091E-06   -1.477502995390E-06    5.187631694778E-06    5.787210832726E-06   -3.196893175097E-06
    3.743873912788E-06   -1.204770636084E-06    5.787210832726E-06    1.186718000528E-05   -9.340614659573E-06
    6.093633015710E-06    9.988473830700E-07   -3.196893175097E-06   -9.340614659573E-06    1.451916797245E-05
   51.776496285447330     
    1.868292456823E-05   -2.073162898370E-06    4.807682360144E-06    3.482195171061E-06    5.607442900592E-06
   -2.073162898370E-06    6.744972100049E-07   -1.347733073514E-06   -1.089959804372E-06    8.970100605498E-07
    4.807682360144E-06   -1.347733073514E-06    4.749378797487E-06    5.290217189934E-06   -2.884952767421E-06
    3.482195171061E-06   -1.089959804372E-06    5.290217189934E-06    1.091023958321E-05   -8.564981766763E-06
    5.607442900592E-06    8.970100605498E-07   -2.884952767421E-06   -8.564981766763E-06    1.339197805608E-05
   52.806849049190674     
    1.710468481591E-05   -1.905291366842E-06    4.431977416154E-06    3.238826187467E-06    5.162937676356E-06
   -1.905291366842E-06    6.175493590002E-07   -1.230538789226E-06   -9.868113780845E-07    8.056864561961E-07
    4.431977416154E-06   -1.230538789226E-06    4.351928500052E-06    4.839551597766E-06   -2.604030959274E-06
    3.238826187467E-06   -9.868113780845E-07    4.839551597766E-06    1.003676972890E-05   -7.857205473748E-06
    5.162937676356E-06    8.056864561961E-07   -2.604030959274E-06   -7.857205473748E-06    1.235626621267E-05
   53.847353071690115     
    1.566729444597E-05   -1.752163594257E-06    4.087703839222E-06    3.012592043611E-06    4.756335527820E-06
   -1.752163594257E-06    5.659576007672E-07   -1.124592828965E-06   -8.940702129457E-07    7.237668666109E-07
    4.087703839222E-06   -1.124592828965E-06    3.991154042043E-06    4.430596160384E-06   -2.350980357937E-06
    3.012592043611E-06   -8.940702129457E-07    4.430596160384E-06    9.239044361143E-06   -7.211163308367E-06
    4.756335527820E-06    7.237668666109E-07   -2.350980357937E-06   -7.211163308367E-06    1.140450768702E-05
   54.898008352945645     
    1.435767416780E-05   -1.612391671665E-06    3.772094189134E-06    2.802368493373E-06    4.384212114409E-06
   -1.612391671665E-06    5.191680542273E-07   -1.028718881235E-06   -8.106233084608E-07    6.502610896916E-07
    3.772094189134E-06   -1.028718881235E-06    3.663376657302E-06    4.059218563558E-06   -2.122976666187E-06
    2.802368493373E-06   -8.106233084608E-07    4.059218563558E-06    8.510081685301E-06   -6.621287347531E-06
    4.384212114409E-06    6.502610896916E-07   -2.122976666187E-06   -6.621287347531E-06    1.052977713591E-05
   55.958814892957243     
    1.316398773829E-05   -1.484726318378E-06    3.482632798868E-06    2.607084966629E-06    4.043465991354E-06
   -1.484726318378E-06    4.766891641526E-07   -9.418732843455E-07   -7.354829940825E-07    5.842854063904E-07
    3.482632798868E-06   -9.418732843455E-07    3.365313936330E-06    3.721718950166E-06   -1.917485705936E-06
    2.607084966629E-06   -7.354829940825E-07    3.721718950166E-06    7.843571301366E-06   -6.082515947870E-06
    4.043465991354E-06    5.842854063904E-07   -1.917485705936E-06   -6.082515947870E-06    9.725706637280E-06
   57.029772691724951     
    1.207552345376E-05   -1.368042313898E-06    3.217032639881E-06    2.425726168696E-06    3.731287342155E-06
   -1.368042313898E-06    4.380841327920E-07   -8.631290316771E-07   -6.677721727584E-07    5.250509750382E-07
    3.217032639881E-06   -8.631290316771E-07    3.094034417959E-06    3.414782723194E-06   -1.732233677396E-06
    2.425726168696E-06   -6.677721727584E-07    3.414782723194E-06    7.233808263796E-06   -5.590249102278E-06
    3.731287342155E-06    5.250509750382E-07   -1.732233677396E-06   -5.590249102278E-06    8.986445395069E-06
   58.110881749248755     
    1.108258666759E-05   -1.261325530909E-06    2.973214265170E-06    2.257332597257E-06    3.445129763653E-06
   -1.261325530909E-06    4.029643371861E-07   -7.916618256293E-07   -6.067113682818E-07    4.718534907312E-07
    2.973214265170E-06   -7.916618256293E-07    2.846917666546E-06    3.135438649964E-06   -1.565180376616E-06
    2.257332597257E-06   -6.067113682818E-07    3.135438649964E-06    6.675633572605E-06   -5.140307323783E-06
    3.445129763653E-06    4.718534907312E-07   -1.565180376616E-06   -5.140307323783E-06    8.306621419956E-06
   59.202142065528655     
    1.017640239337E-05   -1.163661388344E-06    2.749286664304E-06    2.101000217351E-06    3.182684816813E-06
   -1.163661388344E-06    3.709835959733E-07   -7.267379044334E-07   -5.516073499450E-07    4.240639750316E-07
    2.749286664304E-06   -7.267379044334E-07    2.621619146537E-06    2.881021669626E-06   -1.414495103008E-06
    2.101000217351E-06   -5.516073499450E-07    2.881021669626E-06    6.164380514374E-06   -4.728893874754E-06
    3.182684816813E-06    4.240639750316E-07   -1.414495103008E-06   -4.728893874754E-06    7.681305291683E-06
   60.303553640564637     
    9.349027063436E-06   -1.074224556346E-06    2.543529854672E-06    1.955879478837E-06    2.941859059189E-06
   -1.074224556346E-06    3.418331666503E-07   -6.677034000635E-07   -5.018431345113E-07    3.811205738707E-07
    2.543529854672E-06   -6.677034000635E-07    2.416039276918E-06    2.649139854011E-06   -1.278535003043E-06
    1.955879478837E-06   -5.018431345113E-07    2.649139854011E-06    5.695826272082E-06   -4.352560120828E-06
    2.941859059189E-06    3.811205738707E-07   -1.278535003043E-06   -4.352560120828E-06    7.105976008625E-06
   61.415116474356701     
    8.593268577465E-06   -9.922697625316E-07    2.354379039750E-06    1.821173821577E-06    2.720753294700E-06
   -9.922697625316E-07    3.152373707734E-07   -6.139750183170E-07   -4.568691913897E-07    3.425212553015E-07
    2.354379039750E-06   -6.139750183170E-07    2.228296123149E-06    2.437645030130E-06   -1.155825618631E-06
    1.821173821577E-06   -4.568691913897E-07    2.437645030130E-06    5.266148257771E-06   -4.008173782549E-06
    2.720753294700E-06    3.425212553015E-07   -1.155825618631E-06   -4.008173782549E-06    6.576488881513E-06
   62.536830566904868     
    7.902614176740E-06   -9.171236227944E-07    2.180410308523E-06    1.696137880993E-06    2.517643951372E-06
   -9.171236227944E-07    2.909497785338E-07   -5.650318940344E-07   -4.161957124132E-07    3.078173093274E-07
    2.180410308523E-06   -5.650318940344E-07    2.056701381584E-06    2.244606747952E-06   -1.045043436817E-06
    1.696137880993E-06   -4.161957124132E-07    2.244606747952E-06    4.871884956798E-06   -3.692890030569E-06
    2.517643951372E-06    3.078173093274E-07   -1.045043436817E-06   -3.692890030569E-06    6.089045714184E-06
   63.668695918209139     
    7.271164914652E-06   -8.481772965031E-07    2.020327540391E-06    1.580075350189E-06    2.330966150254E-06
   -8.481772965031E-07    2.687498491101E-07   -5.204084179422E-07   -3.793857932945E-07    2.766075620138E-07
    2.020327540391E-06   -5.204084179422E-07    1.899739057578E-06    2.068289030490E-06   -9.450002265850E-07
    1.580075350189E-06   -3.793857932945E-07    2.068289030490E-06    4.509900407198E-06   -3.404124954716E-06
    2.330966150254E-06    2.766075620138E-07   -9.450002265850E-07   -3.404124954716E-06    5.640166725520E-06
   64.810712528269491     
    6.693576707364E-06   -7.848799721426E-07    1.872950637989E-06    1.472336759073E-06    2.159298562695E-06
   -7.848799721426E-07    2.484399996881E-07   -4.796879656600E-07   -3.460494375726E-07    2.485332257211E-07
    1.872950637989E-06   -4.796879656600E-07    1.756046727281E-06    1.907129798468E-06   -8.546290056835E-07
    1.472336759073E-06   -3.460494375726E-07    1.907129798468E-06    4.177352462856E-06   -3.139531531035E-06
    2.159298562695E-06    2.485332257211E-07   -8.546290056835E-07   -3.139531531035E-06    5.226664720576E-06
   65.962880397085939     
    6.165006882180E-06   -7.267330134247E-07    1.737204785062E-06    1.372317098065E-06    2.001349670761E-06
   -7.267330134247E-07    2.298430207391E-07   -4.424973675605E-07   -3.158382630930E-07    2.232733157157E-07
    1.737204785062E-06   -4.424973675605E-07    1.624398892922E-06    1.759722499925E-06   -7.729714585161E-07
    1.372317098065E-06   -3.158382630930E-07    1.759722499925E-06    3.871664065784E-06   -2.896977649624E-06
    2.001349670761E-06    2.232733157157E-07   -7.729714585161E-07   -2.896977649624E-06    4.845620965863E-06
   67.125199524658456     
    5.681066004779E-06   -6.732847423149E-07    1.612110752571E-06    1.279453431094E-06    1.855945425459E-06
   -6.732847423149E-07    2.127998093291E-07   -4.085020532287E-07   -2.884408363700E-07    2.005405702164E-07
    1.612110752571E-06   -4.085020532287E-07    1.503692288996E-06    1.624799799663E-06   -6.991666668304E-07
    1.279453431094E-06   -2.884408363700E-07    1.624799799663E-06    3.590497484718E-06   -2.674526189620E-06
    1.855945425459E-06    2.005405702164E-07   -6.991666668304E-07   -2.674526189620E-06    4.494362974692E-06
   68.297669910987096     
    5.237774254239E-06   -6.241257501022E-07    1.496776065106E-06    1.193222469042E-06    1.722018059790E-06
   -6.241257501022E-07    1.971673664072E-07   -3.774017624567E-07   -2.635785492556E-07    1.800778192256E-07
    1.496776065106E-06   -3.774017624567E-07    1.392932816419E-06    1.501219012628E-06   -6.324410137996E-07
    1.193222469042E-06   -2.635785492556E-07    1.501219012628E-06    3.331731021868E-06   -2.470416852020E-06
    1.722018059790E-06    1.800778192256E-07   -6.324410137996E-07   -2.470416852020E-06    4.170443875176E-06
   69.480291556071819     
    4.831522180378E-06   -5.788847236719E-07    1.390387054444E-06    1.113138219652E-06    1.598596063769E-06
   -5.788847236719E-07    1.828170397284E-07   -3.489267773625E-07   -2.410019819466E-07    1.616547510223E-07
    1.390387054444E-06   -3.489267773625E-07    1.291224011541E-06    1.387949179786E-06   -5.720991460622E-07
    1.113138219652E-06   -2.410019819466E-07    1.387949179786E-06    3.093438175688E-06   -2.283049739428E-06
    1.598596063769E-06    1.616547510223E-07   -5.720991460622E-07   -2.283049739428E-06    3.871623530884E-06
   70.673064459912638     
    4.459035146374E-06   -5.372246842694E-07    1.292201607390E-06    1.038749651523E-06    1.484795080174E-06
   -5.372246842694E-07    1.696329655984E-07   -3.228345836444E-07   -2.204876830676E-07    1.450650338898E-07
    1.292201607390E-06   -3.228345836444E-07    1.197756761773E-06    1.284059502250E-06   -5.175158791415E-07
    1.038749651523E-06   -2.204876830676E-07    1.284059502250E-06    2.873868768759E-06   -2.110970388388E-06
    1.484795080174E-06    1.450650338898E-07   -5.175158791415E-07   -2.110970388388E-06    3.595851033167E-06
   71.875988622509539     
    4.117341316178E-06   -4.988396299950E-07    1.201542628436E-06    9.696384589218E-07    1.379809727154E-06
   -4.988396299950E-07    1.575106967688E-07   -2.989069284428E-07   -2.018353244525E-07    1.301237523585E-07
    1.201542628436E-06   -2.989069284428E-07    1.111800201880E-06    1.188709057496E-06   -4.681289519160E-07
    9.696384589218E-07   -2.018353244525E-07    1.188709057496E-06    2.671432031660E-06   -1.952856237598E-06
    1.379809727154E-06    1.301237523585E-07   -4.681289519160E-07   -1.952856237598E-06    3.341248686698E-06
   73.089064043862521     
    3.803742694876E-06   -4.634515134682E-07    1.117792090792E-06    9.054168930148E-07    1.282906187940E-06
   -4.634515134682E-07    1.463559849236E-07   -2.769472115970E-07   -1.848651801644E-07    1.166651241000E-07
    1.117792090792E-06   -2.769472115970E-07    1.032693595409E-06    1.101137600718E-06   -4.234325391151E-07
    9.054168930148E-07   -1.848651801644E-07    1.101137600718E-06    2.484681313680E-06   -1.807504326944E-06
    1.282906187940E-06    1.166651241000E-07   -4.234325391151E-07   -1.807504326944E-06    3.106097238837E-06
   74.312290723971614     
    3.515789039122E-06   -4.308075375566E-07    1.040385665407E-06    8.457257048405E-07    1.193415542879E-06
   -4.308075375566E-07    1.360837051760E-07   -2.567781804637E-07   -1.694158951697E-07    1.045404655942E-07
    1.040385665407E-06   -2.567781804637E-07    9.598391291721E-07    1.020657370492E-06   -3.829714442910E-07
    8.457257048405E-07   -1.694158951697E-07    1.020657370492E-06    2.312300355900E-06   -1.673820175055E-06
    1.193415542879E-06    1.045404655942E-07   -3.829714442910E-07   -1.673820175055E-06    2.888822376458E-06
   75.545668662836803     
    3.251254277721E-06   -4.006777218637E-07    9.688078417348E-07    7.902321799398E-07    1.110727734030E-06
   -4.006777218637E-07    1.266169007687E-07   -2.382398838243E-07   -1.553425062606E-07    9.361637945968E-08
    9.688078417348E-07   -2.382398838243E-07    8.926954845922E-07    9.466457584724E-07   -3.463359002980E-07
    7.902321799398E-07   -1.553425062606E-07    9.466457584724E-07    2.153090898197E-06   -1.550807686508E-06
    1.110727734030E-06    9.361637945968E-08   -3.463359002980E-07   -1.550807686508E-06    2.687982318175E-06
   76.789197860458074     
    3.008115237287E-06   -3.728527177255E-07    9.025875094154E-07    7.386282805587E-07    1.034286117477E-06
   -3.728527177255E-07    1.178859356783E-07   -2.211878574866E-07   -1.425146868582E-07    8.377313869219E-08
    9.025875094154E-07   -2.211878574866E-07    8.307721112160E-07    8.785387613440E-07   -3.131569141535E-07
    7.386282805587E-07   -1.425146868582E-07    8.785387613440E-07    2.005961520013E-06   -1.437560014666E-06
    1.034286117477E-06    8.377313869219E-08   -3.131569141535E-07   -1.437560014666E-06    2.502256458745E-06
   78.042878316835441     
    2.784532431038E-06   -3.471418426374E-07    8.412939506167E-07    6.906288909137E-07    9.635825376600E-07
   -3.471418426374E-07    1.098277412623E-07   -2.054915123191E-07   -1.308151887561E-07    7.490324618058E-08
    8.412939506167E-07   -2.054915123191E-07    7.736241156463E-07    8.158251227215E-07   -2.831020987500E-07
    6.906288909137E-07   -1.308151887561E-07    8.158251227215E-07    1.869917575397E-06   -1.333251283131E-06
    9.635825376600E-07    7.490324618058E-08   -2.831020987500E-07   -1.333251283131E-06    2.330434968097E-06
   79.306710031968905     
    2.578832735257E-06   -3.233713157303E-07    7.845332154637E-07    6.459701739915E-07    8.981528850769E-07
   -3.233713157303E-07    1.023851474328E-07   -1.910327034602E-07   -1.201384585881E-07    6.691014956078E-08
    7.845332154637E-07   -1.910327034602E-07    7.208477068196E-07    7.580410991018E-07   -2.558719394629E-07
    6.459701739915E-07   -1.201384585881E-07    7.580410991018E-07    1.744052137415E-06   -1.237129099953E-06
    8.981528850769E-07    6.691014956078E-08   -2.558719394629E-07   -1.237129099953E-06    2.171409298047E-06
   80.580693005858436     
    2.389493702912E-06   -3.013826617023E-07    7.319448166269E-07    6.044080153957E-07    8.375730581870E-07
   -3.013826617023E-07    9.550628441545E-08   -1.777044527564E-07   -1.103894065585E-07    5.970709556687E-08
    7.319448166269E-07   -1.777044527564E-07    6.720761081020E-07    7.047657570957E-07   -2.311964509103E-07
    6.044080153957E-07   -1.103894065585E-07    7.047657570957E-07    1.627537787732E-06   -1.148507755773E-06
    8.375730581870E-07    5.970709556687E-08   -2.311964509103E-07   -1.148507755773E-06    2.024163455589E-06
   81.864827238504077     
    2.215129444929E-06   -2.810312817073E-07    6.831987514147E-07    5.657165833720E-07    7.814553337003E-07
   -2.810312817073E-07    8.914405241940E-08   -1.654098157864E-07   -1.014823127072E-07    5.321610667276E-08
    6.831987514147E-07   -1.654098157864E-07    6.269759209059E-07    6.556167780314E-07   -2.088321809415E-07
    5.657165833720E-07   -1.014823127072E-07    6.556167780314E-07    1.519619253332E-06   -1.066762089838E-06
    7.814553337003E-07    5.321610667276E-08   -2.088321809415E-07   -1.066762089838E-06    1.887766076575E-06
   83.159112729905814     
    2.054477844094E-06   -2.621851595411E-07    6.379927858668E-07    5.296869725745E-07    7.294450658839E-07
   -2.621851595411E-07    8.325564640136E-08   -1.540608684882E-07   -9.333985227752E-08    4.736706826221E-08
    6.379927858668E-07   -1.540608684882E-07    5.852438563470E-07    6.102466845184E-07   -1.885595268399E-07
    5.296869725745E-07   -9.333985227752E-08    6.102466845184E-07    1.419606727425E-06   -9.913219178171E-07
    7.294450658839E-07    4.736706826221E-08   -1.885595268399E-07   -9.913219178171E-07    1.761363148255E-06
   84.463549480063648     
    1.906389016200E-06   -2.447236972911E-07    5.960499956359E-07    4.961259442481E-07    6.812177049482E-07
   -2.447236972911E-07    7.780213241783E-08   -1.435778042966E-07   -8.589222793571E-08    4.209691314529E-08
    5.960499956359E-07   -1.435778042966E-07    5.466038129538E-07    5.683394605170E-07   -1.701803295639E-07
    4.961259442481E-07   -8.589222793571E-08    5.683394605170E-07    1.326869850150E-06   -9.216669924549E-07
    6.812177049482E-07    4.209691314529E-08   -1.701803295639E-07   -9.216669924549E-07    1.644171375472E-06
   85.778137488977563     
    1.769814891953E-06   -2.285366664250E-07    5.571165376306E-07    4.648547567687E-07    6.364761013513E-07
   -2.285366664250E-07    7.274806945734E-08   -1.338881287814E-07   -7.907639651406E-08    3.734889280771E-08
    5.571165376306E-07   -1.338881287814E-07    5.108042607628E-07    5.296075211286E-07   -1.535157166808E-07
    4.648547567687E-07   -7.907639651406E-08    5.296075211286E-07    1.240832279303E-06   -8.573224443464E-07
    6.364761013513E-07    3.734889280771E-08   -1.535157166808E-07   -8.573224443464E-07    1.535472132285E-06
   87.102876756647547     
    1.643799771828E-06   -2.135232557002E-07    5.209596141466E-07    4.357080684533E-07    5.949480494088E-07
   -2.135232557002E-07    6.806116922184E-08   -1.249259367917E-07   -7.283537843760E-08    3.307192696750E-08
    5.209596141466E-07   -1.249259367917E-07    4.776158822815E-07    4.937889801604E-07   -1.384041692373E-07
    4.357080684533E-07   -7.283537843760E-08    4.937889801604E-07    1.160966754512E-06   -7.978546368742E-07
    5.949480494088E-07    3.307192696750E-08   -1.384041692373E-07   -7.978546368742E-07    1.434605908311E-06
   88.437767283073654     
    1.527471817449E-06   -1.995912167324E-07    4.873656371536E-07    4.085329299072E-07    5.563840763244E-07
   -1.995912167324E-07    6.371199335323E-08   -1.166312689883E-07   -6.711764222680E-08    2.922002123262E-08
    4.873656371536E-07   -1.166312689883E-07    4.468294674242E-07    4.606452063859E-07   -1.246997866169E-07
    4.085329299072E-07   -6.711764222680E-08    4.606452063859E-07    1.086790664725E-06   -7.428674275716E-07
    5.563840763244E-07    2.922002123262E-08   -1.246997866169E-07   -7.428674275716E-07    1.340967272178E-06
   89.782809068255858     
    1.420035337083E-06   -1.866560881529E-07    4.561385516722E-07    3.831878423509E-07    5.205554275948E-07
   -1.866560881529E-07    5.967368072758E-08   -1.089495336082E-07   -6.187655416804E-08    2.575174689016E-08
    4.561385516722E-07   -1.089495336082E-07    4.182540135317E-07    4.299586184456E-07   -1.122707306012E-07
    3.831878423509E-07   -6.187655416804E-08    4.299586184456E-07    1.017862018355E-06   -6.919987699143E-07
    5.205554275948E-07    2.575174689016E-08   -1.122707306012E-07   -6.919987699143E-07    1.254000252171E-06
   91.138002112194144     
    1.320763824477E-06   -1.746404972782E-07    4.270983198285E-07    3.595418915832E-07    4.872522486298E-07
   -1.746404972782E-07    5.592170391642E-08   -1.018309901726E-07   -5.706988689993E-08    2.262977486317E-08
    4.270983198285E-07   -1.018309901726E-07    3.917150245651E-07    4.015307076621E-07   -1.009978278638E-07
    3.595418915832E-07   -5.706988689993E-08    4.015307076621E-07    9.537758142374E-07   -6.449176431180E-07
    4.872522486298E-07    2.262977486317E-08   -1.009978278638E-07   -6.449176431180E-07    1.173194139449E-06
   92.503346414888526     
    1.228993632843E-06   -1.634735231486E-07    4.000795302045E-07    3.374739359834E-07    4.562819205956E-07
   -1.634735231486E-07    5.243364864522E-08   -9.523028347278E-08   -5.265937919233E-08    1.982045964218E-08
    4.000795302045E-07   -9.523028347278E-08    3.670529684077E-07    3.751802471279E-07   -9.077331713070E-08
    3.374739359834E-07   -5.265937919233E-08    3.751802471279E-07    8.941607269744E-07   -6.013212542898E-07
    4.562819205956E-07    1.982045964218E-08   -9.077331713070E-08   -6.013212542898E-07    1.098079626441E-06
   93.878841976338961     
    1.144118283773E-06   -1.530901264880E-07    3.749301490836E-07    3.168718685193E-07    4.274675678812E-07
   -1.530901264880E-07    4.918901791445E-08   -8.910602909454E-08   -4.861034285900E-08    1.729346538443E-08
    3.749301490836E-07   -8.910602909454E-08    3.441219032646E-07    3.507416922933E-07   -8.149972164300E-08
    3.168718685193E-07   -4.861034285900E-08    3.507416922933E-07    8.386761413410E-07   -5.609325208100E-07
    4.274675678812E-07    1.729346538443E-08   -8.149972164300E-08   -5.609325208100E-07    1.028225322168E-06
   95.264488796545535     
    1.065583269066E-06   -1.434306247436E-07    3.515103633929E-07    2.976319170756E-07    4.006466787766E-07
   -1.434306247436E-07    4.616905269269E-08   -8.342043607458E-08   -4.489130958531E-08    1.502143288604E-08
    3.515103633929E-07   -8.342043607458E-08    3.227882191604E-07    3.280637209665E-07   -7.308883959530E-08
    2.976319170756E-07   -4.489130958531E-08    3.280637209665E-07    7.870094158413E-07   -5.234977621772E-07
    4.006466787766E-07    1.502143288604E-08   -7.308883959530E-08   -5.234977621772E-07    9.632345189732E-07
   96.660286875508191     
    9.928813978491E-07   -1.344402268797E-07    3.296915533124E-07    2.796580192082E-07    3.756698814211E-07
   -1.344402268797E-07    4.335657426697E-08   -7.813897378542E-08   -4.147371580477E-08    1.297967881703E-08
    3.296915533124E-07   -7.813897378542E-08    3.029295281960E-07    3.070079388189E-07   -6.546083259511E-08
    2.796580192082E-07   -4.147371580477E-08    3.070079388189E-07    7.388734612977E-07   -4.887846366493E-07
    3.756698814211E-07    1.297967881703E-08   -6.546083259511E-08   -4.887846366493E-07    9.027423054173E-07
   98.066236213226944     
    9.255485309700E-07   -1.260686019936E-07    3.093553336690E-07    2.628612253239E-07    3.523998047925E-07
   -1.260686019936E-07    4.073583875661E-08   -7.323006667247E-08   -3.833161888904E-08    1.114592824349E-08
    3.093553336690E-07   -7.323006667247E-08    2.844336401611E-07    2.874476908731E-07   -5.854341010040E-08
    2.628612253239E-07   -3.833161888904E-08    2.874476908731E-07    6.940044901264E-07   -4.565802413920E-07
    3.523998047925E-07    1.114592824349E-08   -5.854341010040E-08   -4.565802413920E-07    8.464128722451E-07
   99.482336809701792     
    8.631597408257E-07   -1.182694928804E-07    2.903926928880E-07    2.471591576733E-07    3.307100566022E-07
   -1.182694928804E-07    3.829240768209E-08   -6.866482224963E-08   -3.544144313346E-08    9.500073675407E-09
    2.903926928880E-07   -6.866482224963E-08    2.671976491751E-07    2.692669986836E-07   -5.227109402608E-08
    2.471591576733E-07   -3.544144313346E-08    2.692669986836E-07    6.521600015987E-07   -4.266894023397E-07
    3.307100566022E-07    9.500073675407E-09   -5.227109402608E-08   -4.266894023397E-07    7.939370828657E-07
   100.90858866493269     
    8.053258220270E-07   -1.110003638332E-07    2.727032050317E-07    2.324755081492E-07    3.104842895224E-07
   -1.110003638332E-07    3.601303064404E-08   -6.441678516912E-08   -3.278175149035E-08    8.023959187152E-09
    2.727032050317E-07   -6.441678516912E-08    2.511271048543E-07    2.523595969776E-07   -4.658455766886E-08
    2.324755081492E-07   -3.278175149035E-08    2.523595969776E-07    6.131169444065E-07   -3.989331173293E-07
    3.104842895224E-07    8.023959187152E-09   -4.658455766886E-08   -3.989331173293E-07    7.450302461288E-07
   102.34499177891972     
    7.516901328728E-07   -1.042220819533E-07    2.561943145042E-07    2.187395773258E-07    2.916153546066E-07
   -1.042220819533E-07    3.388553978656E-08   -6.046171614031E-08   -3.033304064015E-08    6.701186387012E-09
    2.561943145042E-07   -6.046171614031E-08    2.361352656084E-07    2.366280652044E-07   -4.143003025936E-08
    2.187395773258E-07   -3.033304064015E-08    2.366280652044E-07    5.766700542648E-07   -3.731471455650E-07
    2.916153546066E-07    6.701186387012E-09   -4.143003025936E-08   -3.731471455650E-07    6.994300895819E-07
   103.79154615166283     
    7.019257171144E-07   -9.789862515225E-08    2.407806779703E-07    2.058858443130E-07    2.740045237807E-07
   -9.789862515225E-08    3.189875352501E-08   -5.677739100460E-08   -2.807755647921E-08    5.516940807074E-09
    2.407806779703E-07   -5.677739100460E-08    2.221424170448E-07    2.219830367542E-07   -3.675876205164E-08
    2.058858443130E-07   -2.807755647921E-08    2.219830367542E-07    5.426303291057E-07   -3.491807191710E-07
    2.740045237807E-07    5.516940807074E-09   -3.675876205164E-08   -3.491807191710E-07    6.568948932768E-07
   105.24825178316203     
    6.557327001543E-07   -9.199681836805E-08    2.263835682258E-07    1.938535735043E-07    2.575607862797E-07
   -9.199681836805E-08    3.004239007463E-08   -5.334342026628E-08   -2.599912833791E-08    4.457835530504E-09
    2.263835682258E-07   -5.334342026628E-08    2.090752588229E-07    2.083424867479E-07   -3.252654173847E-08
    1.938535735043E-07   -2.599912833791E-08    2.083424867479E-07    5.108236522794E-07   -3.268953770424E-07
    2.575607862797E-07    4.457835530504E-09   -3.252654173847E-08   -3.268953770424E-07    6.172017952176E-07
   106.71510867341735     
    6.128359228812E-07   -8.648609325102E-08    2.129303293341E-07    1.825864511878E-07    2.422002064567E-07
   -8.648609325102E-08    2.830698904086E-08   -5.014108578050E-08   -2.408301971608E-08    3.511770760130E-09
    2.129303293341E-07   -5.014108578050E-08    1.968663481518E-07    1.956310862037E-07   -2.869326182293E-08
    1.825864511878E-07   -2.408301971608E-08    1.956310862037E-07    4.810895379046E-07   -3.061639035794E-07
    2.422002064567E-07    3.511770760130E-09   -2.869326182293E-08   -3.061639035794E-07    5.801452406237E-07
   108.19211682242870     
    5.729827906830E-07   -8.133826908824E-08    2.003538783574E-07    1.720322497283E-07    2.278453372704E-07
   -8.133826908824E-08    2.668384024959E-08   -4.715319284041E-08   -2.231579382527E-08    2.667807704762E-09
    2.003538783574E-07   -4.715319284041E-08    1.854535942623E-07    1.837796159876E-07   -2.522252716816E-08
    1.720322497283E-07   -2.231579382527E-08    1.837796159876E-07    4.532799867320E-07   -2.868693625100E-07
    2.278453372704E-07    2.667807704762E-09   -2.522252716816E-08   -2.868693625100E-07    5.455355623162E-07
   109.67927623019621     
    5.359413186921E-07   -7.652735332989E-08    1.885922503571E-07    1.621425179748E-07    2.144246853429E-07
   -7.652735332989E-08    2.516491923496E-08   -4.436393631808E-08   -2.068519240297E-08    1.916055130198E-09
    1.885922503571E-07   -4.436393631808E-08    1.747797997465E-07    1.727244354128E-07   -2.208130196295E-08
    1.621425179748E-07   -2.068519240297E-08    1.727244354128E-07    4.272584443278E-07   -2.689042178176E-07
    2.144246853429E-07    1.916055130198E-09   -2.208130196295E-08   -2.689042178176E-07    5.131976829060E-07
   111.17658689671978     
    5.014983568606E-07   -7.202936026474E-08    1.775881837110E-07    1.528722966739E-07    2.018722239362E-07
   -7.202936026474E-08    2.374282886342E-08   -4.175877967523E-08   -1.918002648006E-08    1.247567176842E-09
    1.775881837110E-07   -4.175877967523E-08    1.647922451235E-07    1.624070009798E-07   -1.923959106025E-08
    1.528722966739E-07   -1.918002648006E-08    1.624070009798E-07    4.028988542757E-07   -2.521695348278E-07
    2.018722239362E-07    1.247567176842E-09   -1.923959106025E-08   -2.521695348278E-07    4.829699305644E-07
   112.68404882199945     
    4.694579723741E-07   -6.782214503211E-08    1.672887393706E-07    1.441798546199E-07    1.901269463525E-07
   -6.782214503211E-08    2.241074607230E-08   -3.932434489376E-08   -1.779007776647E-08    6.542516234266E-10
    1.672887393706E-07   -3.932434489376E-08    1.554423096380E-07    1.527734279668E-07   -1.667015293391E-08
    1.441798546199E-07   -1.779007776647E-08    1.527734279668E-07    3.800847909233E-07   -2.365742508310E-07
    1.901269463525E-07    6.542516234266E-10   -1.667015293391E-08   -2.365742508310E-07    4.547029513991E-07
   114.20166200603522     
    4.396399813633E-07   -6.388525297584E-08    1.576449545382E-07    1.360264469247E-07    1.791324600732E-07
   -6.388525297584E-08    2.116237376176E-08   -3.704831309101E-08   -1.650600967063E-08    1.287870211987E-10
    1.576449545382E-07   -3.704831309101E-08    1.466851283752E-07    1.437740937707E-07   -1.434823998733E-08
    1.360264469247E-07   -1.650600967064E-08    1.437740937707E-07    3.587086728509E-07   -2.220345127304E-07
    1.791324600732E-07    1.287870211987E-10   -1.434823998733E-08   -2.220345127304E-07    4.282587189019E-07
   115.72942644882704     
    4.118786044647E-07   -6.019978049103E-08    1.486115217162E-07    1.283760885939E-07    1.688366111710E-07
   -6.019978049103E-08    1.999189641562E-08   -3.491933331508E-08   -1.531928679750E-08   -3.354513533646E-10
    1.486115217162E-07   -3.491933331508E-08    1.384792760742E-07    1.353632737595E-07   -1.225136533124E-08
    1.283760885939E-07   -1.531928679750E-08    1.353632737595E-07    3.386710350283E-07   -2.084730688124E-07
    1.688366111710E-07   -3.354513533646E-10   -1.225136533124E-08   -2.084730688124E-07    4.035096167493E-07
   117.26734215037499     
    3.860212529349E-07   -5.674825013875E-08    1.401465002856E-07    1.211953502400E-07    1.591911469394E-07
   -5.674825013875E-08    1.889394054183E-08   -3.292694100101E-08   -1.422210235470E-08   -7.444589501258E-10
    1.401465002856E-07   -3.292694100101E-08    1.307864847120E-07    1.274988147323E-07   -1.035909054056E-08
    1.211953502400E-07   -1.422210235470E-08    1.274988147323E-07    3.198798772141E-07   -1.958187202794E-07
    1.591911469394E-07   -7.444589501258E-10   -1.035909054056E-08   -1.958187202794E-07    3.803376125928E-07
   118.81540911067903     
    3.619274174717E-07   -5.351449544096E-08    1.322110496709E-07    1.144531673151E-07    1.501514041684E-07
   -5.351449544096E-08    1.786353823130E-08   -3.106148319669E-08   -1.320731241430E-08   -1.103662365722E-09
    1.322110496709E-07   -3.106148319669E-08    1.235713834317E-07    1.201418353748E-07   -8.652834670839E-09
    1.144531673151E-07   -1.320731241430E-08    1.201418353748E-07    3.022500620345E-07   -1.840058179369E-07
    1.501514041684E-07   -1.103662365722E-09   -8.652834670839E-09   -1.840058179369E-07    3.586334943311E-07
   120.37362732973916     
    3.394676517035E-07   -5.048355480550E-08    1.247691829990E-07    1.081206624958E-07    1.416760216926E-07
   -5.048355480550E-08    1.689609365864E-08   -2.931405009077E-08   -1.226837636373E-08   -1.417973554613E-09
    1.247691829990E-07   -2.931405009077E-08    1.168012595033E-07    1.132564518196E-07   -7.115702189905E-09
    1.081206624958E-07   -1.226837636373E-08    1.132564518196E-07    2.857027601172E-07   -1.729738007697E-07
    1.416760216926E-07   -1.417973554613E-09   -7.115702189905E-09   -1.729738007697E-07    3.382961654147E-07
   121.94199680755538     
    3.185226532978E-07   -4.764157616532E-08    1.177875453812E-07    1.021709852650E-07    1.337266817766E-07
   -4.764157616532E-08    1.598735316316E-08   -2.767641368278E-08   -1.139930311967E-08   -1.691839286081E-09
    1.177875453812E-07   -2.767641368278E-08    1.104458444311E-07    1.068095311582E-07   -5.732326178369E-09
    1.021709852650E-07   -1.139930311967E-08    1.068095311582E-07    2.701649525734E-07   -1.626667793636E-07
    1.337266817766E-07   -1.691839286081E-09   -5.732326178369E-09   -1.626667793636E-07    3.192320093649E-07
   123.52051754412766     
    2.989824221752E-07   -4.497572898978E-08    1.112352088175E-07    9.657916232620E-08    1.262678711522E-07
   -4.497572898978E-08    1.513337767468E-08   -2.614097149462E-08   -1.059460233974E-08   -1.929285531729E-09
    1.112352088175E-07   -2.614097149462E-08    1.044771168917E-07    1.007704651600E-07   -4.488726989090E-09
    9.657916232620E-08   -1.059460233974E-08    1.007704651600E-07    2.555689713853E-07   -1.530331534197E-07
    1.262678711522E-07   -1.929285531729E-09   -4.488726989090E-09   -1.530331534197E-07    3.013543024765E-07
   125.10918953945605     
    2.807454874705E-07   -4.247412269737E-08    1.050834815127E-07    9.132195734514E-08    1.192666591162E-07
   -4.247412269737E-08    1.433051713546E-08   -2.470069464755E-08   -9.849240136773E-09   -2.133957130052E-09
    1.050834815127E-07   -2.470069464755E-08    9.886912009301E-08    9.511096162023E-08   -3.372185225832E-09
    9.132195734514E-08   -9.849240136773E-09    9.511096162023E-08    2.418520722915E-07   -1.440252594571E-07
    1.192666591162E-07   -2.133957130052E-09   -3.372185225832E-09   -1.440252594571E-07    2.845826685352E-07
   126.70801279354056     
    2.637182089867E-07   -4.012573345889E-08    9.930573665607E-08    8.637774470019E-08    1.126924983271E-07
   -4.012573345889E-08    1.357538772059E-08   -2.334908143720E-08   -9.158599018222E-09   -2.309154159744E-09
    9.930573665607E-08   -2.334908143720E-08    9.359779876613E-08    8.980485724065E-08   -2.371125530472E-09
    8.637774470019E-08   -9.158599018222E-09    8.980485724065E-08    2.289560528907E-07   -1.355990530603E-07
    1.126924983271E-07   -2.309154159744E-09   -2.371125530472E-09   -1.355990530603E-07    2.688425882148E-07
   128.31698730638115     
    2.478141370989E-07   -3.792033668448E-08    9.387725415209E-08    8.172639198485E-08    1.065170408476E-07
   -3.792033668448E-08    1.286485084719E-08   -2.208011471356E-08   -8.518441502827E-09   -2.457864641022E-09
    9.387725415209E-08   -2.208011471356E-08    8.864084901073E-08    8.482794582382E-08   -1.475011672608E-09
    8.172639198485E-08   -8.518441502827E-09    8.482794582382E-08    2.168269000485E-07   -1.277138171289E-07
    1.065170408476E-07   -2.457864641022E-09   -1.475011672608E-09   -1.277138171289E-07    2.540649460148E-07
   129.93611307797784     
    2.329534249463E-07   -3.584844449566E-08    8.877507370017E-08    7.734915015378E-08    1.007139675522E-07
   -3.584844449566E-08    1.219599372698E-08   -2.088822258612E-08   -7.924877053834E-09   -2.582793830718E-09
    8.877507370017E-08   -2.088822258612E-08    8.397757928372E-08    8.015781992731E-08   -6.742520697061E-10
    7.734915015378E-08   -7.924877053834E-09    8.015781992731E-08    2.054144627269E-07   -1.203318932620E-07
    1.007139675522E-07   -2.582793830718E-09   -6.742520697062E-10   -1.203318932620E-07    2.401856102216E-07
   131.56539010833058     
    2.190622930651E-07   -3.390124878896E-08    8.397786082830E-08    7.322855293561E-08    9.525883266366E-08
   -3.390124878896E-08    1.156611172657E-08   -1.976824277774E-08   -7.374332069846E-09   -2.686390852170E-09
    8.397786082830E-08   -1.976824277774E-08    7.958878420636E-08    7.577372701656E-08    3.988616718546E-11
    7.322855293561E-08   -7.374332069846E-09    7.577372701656E-08    1.946721544274E-07   -1.134184370975E-07
    9.525883266366E-08   -2.686390852170E-09    3.988616718549E-11   -1.134184370975E-07    2.271450497582E-07
   133.20481839743945     
    2.060725429408E-07   -3.207056967035E-08    7.946578543621E-08    6.934832535237E-08    9.012892285928E-08
   -3.207056967035E-08    1.097269248197E-08   -1.871539046105E-08   -6.863522645524E-09   -2.770873052144E-09
    7.946578543621E-08   -1.871539046105E-08    7.545663076258E-08    7.165643939723E-08    6.753557819734E-10
    6.934832535237E-08   -6.863522645524E-09    7.165643939723E-08    1.845566843811E-07   -1.069411962110E-07
    9.012892285928E-08   -2.770873052144E-09    6.753557819734E-10   -1.069411962110E-07    2.148879865383E-07
   134.85439794530441     
    1.939211057694E-07   -3.034880677511E-08    7.522040680308E-08    6.569329633259E-08    8.530312405929E-08
   -3.034880677511E-08    1.041340081815E-08   -1.772522802644E-08   -6.389429730386E-09   -2.838247495430E-09
    7.522040680308E-08   -1.772522802644E-08    7.156455053451E-08    6.778813227165E-08    1.239399413688E-09
    6.569329633259E-08   -6.389429730386E-09    6.778813227165E-08    1.750278024479E-07   -1.008703030072E-07
    8.530312405929E-08   -2.838247495430E-09    1.239399413688E-09   -1.008703030072E-07    2.033630673290E-07
   136.51412875192548     
    1.825496332021E-07   -2.872889534751E-08    7.122456976052E-08    6.224931962965E-08    8.076180117840E-08
   -2.872889534751E-08    9.886065229434E-09   -1.679363789751E-08   -5.949276579400E-09   -2.890330708822E-09
    7.122456976052E-08   -1.679363789751E-08    6.789714293160E-08    6.415227382129E-08    1.738613791615E-09
    6.224931962965E-08   -5.949276579400E-09    6.415227382129E-08    1.660480696783E-07   -9.517808716743E-08
    8.076180117840E-08   -2.890330708822E-09    1.738613791615E-09   -9.517808716743E-08    1.925225671364E-07
   138.18401081730261     
    1.719041236054E-07   -2.720426611968E-08    6.746230972621E-08    5.900320121966E-08    7.648668819704E-08
   -2.720426611968E-08    9.388665575429E-09   -1.591679779028E-08   -5.540508229112E-09   -2.928766671754E-09
    6.746230972621E-08   -1.591679779028E-08    6.444008705589E-08    6.073352504608E-08    2.179008277544E-09
    5.900320121966E-08   -5.540508229112E-09    6.073352504608E-08    1.575826490044E-07   -8.983890436215E-08
    7.648668819704E-08   -2.928766671754E-09    2.179008277544E-09   -8.983890436215E-08    1.823221179275E-07
   139.86404414143581     
    1.619345745355E-07   -2.576880726456E-08    6.391876240052E-08    5.594262967872E-08    7.246078376634E-08
   -2.576880726456E-08    8.919321322111E-09   -1.509115733007E-08   -5.160772765817E-09   -2.955042586773E-09
    6.391876240052E-08   -1.509115733007E-08    6.118005773203E-08    5.751764541837E-08    2.566056831997E-09
    5.594262967872E-08   -5.160772765817E-09    5.751764541837E-08    1.495991054619E-07   -8.482897602746E-08
    7.246078376634E-08   -2.955042586773E-09    2.566056831997E-09   -8.482897602746E-08    1.727204515068E-07
   141.55422872432516     
    1.525946731090E-07   -2.441683138431E-08    6.058008549154E-08    5.305611603076E-08    6.866826065903E-08
   -2.441683138431E-08    8.476281536130E-09   -1.431341784268E-08   -4.807904328998E-09   -2.970504038493E-09
    6.058008549154E-08   -1.431341784268E-08    5.810465363395E-08    5.449141072946E-08    2.904747210019E-09
    5.305611603076E-08   -4.807904328998E-09    5.449141072946E-08    1.420672349696E-07   -8.012624776869E-08
    6.866826065903E-08   -2.970504038493E-09    2.904747210019E-09   -8.012624776869E-08    1.636791756900E-07
   143.25456456597055     
    1.438415022516E-07   -2.314304291175E-08    5.743338109621E-08    5.033293333100E-08    6.509437616567E-08
   -2.314304291175E-08    8.057914800268E-09   -1.358051244701E-08   -4.479907540102E-09   -2.976367737735E-09
    5.743338109621E-08   -1.358051244701E-08    5.520232535970E-08    5.164253283831E-08    3.199623392937E-09
    5.033293333100E-08   -4.479907540102E-09    5.164253283831E-08    1.349588926946E-07   -7.571025337494E-08
    6.509437616567E-08   -2.976367737735E-09    3.199623392937E-09   -7.571025337494E-08    1.551625538043E-07
   144.96505166637206     
    1.356352769985E-07   -2.194250937750E-08    5.446662731026E-08    4.776306349413E-08    6.172539311974E-08
   -2.194250937750E-08    7.662700451101E-09   -1.288958857424E-08   -4.174943349377E-09   -2.973733623681E-09
    5.446662731026E-08   -1.288958857424E-08    5.246231267741E-08    4.895958881420E-08    3.454825412272E-09
    4.776306349413E-08   -4.174943349377E-09    4.895958881420E-08    1.282478430970E-07   -7.156199344211E-08
    6.172539311974E-08   -2.973733623681E-09    3.454825412272E-09   -7.156199344211E-08    1.471373098502E-07
   146.68569002552965     
    1.279391025094E-07   -2.081063495045E-08    5.166861516683E-08    4.533714808149E-08    5.854850711728E-08
   -2.081063495045E-08    7.289220523023E-09   -1.223799192320E-08   -3.891316116412E-09   -2.963595848347E-09
    5.166861516683E-08   -1.223799192320E-08    4.987458682609E-08    4.643195588004E-08    3.674125590569E-09
    4.533714808149E-08   -3.891316116412E-09    4.643195588004E-08    1.219096218648E-07   -6.766382388431E-08
    5.854850711728E-08   -2.963595848347E-09    3.674125590569E-09   -6.766382388431E-08    1.395724490007E-07
   148.41647964344335     
    1.207187497913E-07   -1.974313556203E-08    4.902888923492E-08    4.304644166768E-08    5.555177802308E-08
   -1.974313556203E-08    6.936152131835E-09   -1.162325141244E-08   -3.627461804075E-09   -2.946852501024E-09
    4.902888923492E-08   -1.162325141244E-08    4.742979608804E-08    4.404975054642E-08    3.860960953669E-09
    4.304644166768E-08   -3.627461804075E-09    4.404975054642E-08    1.159214055089E-07   -6.399935215439E-08
    5.555177802308E-08   -2.946852501024E-09    3.860960953669E-09   -6.399935215439E-08    1.324390889068E-07
   150.15742052011313     
    1.139424504728E-07   -1.873601613994E-08    4.653769320276E-08    4.088276900186E-08    5.272406724937E-08
   -1.873601613994E-08    6.602260526829E-09   -1.104306545071E-08   -3.381937201138E-09   -2.924314497813E-09
    4.653769320276E-08   -1.104306545071E-08    4.511921610744E-08    4.180377302169E-08    4.018462874685E-09
    4.088276900186E-08   -3.381937201138E-09    4.180377302169E-08    1.102618921768E-07   -6.055334228531E-08
    5.272406724937E-08   -2.924314497813E-09    4.018462874685E-09   -6.055334228531E-08    1.257103051955E-07
   151.90851265553900     
    1.075807100330E-07   -1.778555001709E-08    4.418592063761E-08    3.883848619306E-08    5.005498100901E-08
   -1.778555001709E-08    6.286392854972E-09   -1.049528956567E-08   -3.153410082882E-09   -2.896713840310E-09
    4.418592063761E-08   -1.049528956567E-08    4.293470521676E-08    3.968545698857E-08    4.149484499304E-09
    3.883848619306E-08   -3.153410082882E-09    3.968545698857E-08    1.049111943432E-07   -5.731162865640E-08
    5.005498100901E-08   -2.896713840310E-09    4.149484499304E-09   -5.731162865640E-08    1.193609916032E-07
   153.66975604972097     
    1.016061332388E-07   -1.688825926209E-08    4.196506783981E-08    3.690644328885E-08    4.753481604315E-08
   -1.688825926209E-08    5.987472137228E-09   -9.977924599666E-09   -2.940650202963E-09   -2.864710782941E-09
    4.196506783981E-08   -9.977924599666E-09    4.086866144440E-08    3.768682190004E-08    4.256624948469E-09
    3.690644328885E-08   -2.940650202963E-09    3.768682190004E-08    9.985073543765E-08   -5.426103484399E-08
    4.753481604315E-08   -2.864710782941E-09    4.256624948469E-09   -5.426103484399E-08    1.133677264881E-07
   155.44115070265903     
    9.599326481233E-08   -1.604089678895E-08    3.986719093701E-08    3.507995015872E-08    4.515451023986E-08
   -1.604089678895E-08    5.704491819872E-09   -9.489106008182E-09   -2.742521061562E-09   -2.828900457831E-09
    3.986719093701E-08   -9.489106008182E-09    3.891398357925E-08    3.580042965004E-08    4.342251631679E-09
    3.507995015872E-08   -2.742521061562E-09    3.580042965004E-08    9.506315611411E-08   -5.138929964739E-08
    4.515451023986E-08   -2.828900457831E-09    4.342251631679E-09   -5.138929964739E-08    1.077086513248E-07
   157.22269661435320     
    9.071844468386E-08   -1.524043026331E-08    3.788486727712E-08    3.335274578196E-08    4.290559820218E-08
   -1.524043026331E-08    5.436510924405E-09   -9.027094274147E-09   -2.557972376790E-09   -2.789819107083E-09
    3.788486727712E-08   -9.027094274147E-09    3.706403641691E-08    3.401934562203E-08    4.408521079249E-09
    3.335274578196E-08   -2.557972376790E-09    3.401934562203E-08    9.053223047947E-08   -4.868501011624E-08
    4.290559820218E-08   -2.789819107083E-09    4.408521079249E-09   -4.868501011624E-08    1.023633613088E-07
   159.01439378480339     
    8.575967176640E-08   -1.448402651129E-08    3.601115793479E-08    3.171896819450E-08    4.078016814972E-08
   -1.448402651129E-08    5.182649267778E-09   -8.590265616090E-09   -2.386033188854E-09   -2.747949366252E-09
    3.601115793479E-08   -8.590265616090E-09    3.531261669595E-08    3.233710118212E-08    4.457397037334E-09
    3.171896819450E-08   -2.386033188854E-09    3.233710118212E-08    8.624278393960E-08   -4.613753793221E-08
    4.078016814972E-08   -2.747949366252E-09    4.457397037334E-09   -4.613753793221E-08    9.731279951084E-08
   160.81624221400975     
    8.109648004402E-08   -1.376903747327E-08    3.423957392396E-08    3.017312739208E-08    3.877082308267E-08
   -1.376903747327E-08    4.942083199213E-09   -8.177103651511E-09   -2.225805544385E-09   -2.703725251899E-09
    3.423957392396E-08   -8.177103651511E-09    3.365392263663E-08    3.074765991057E-08    4.490667404260E-09
    3.017312739208E-08   -2.225805544385E-09    3.074765991057E-08    8.218061964125E-08   -4.373698173632E-08
    3.877082308267E-08   -2.703725251899E-09    4.490667404261E-09   -4.373698173632E-08    9.253916143742E-08
   162.62824190197219     
    7.670982643324E-08   -1.309298767558E-08    3.256404606716E-08    2.871008117731E-08    3.687064614231E-08
   -1.309298767558E-08    4.714041852236E-09   -7.786192000210E-09   -2.076458713841E-09   -2.657536928265E-09
    3.256404606716E-08   -7.786192000210E-09    3.208252706386E-08    2.924538749304E-08    4.509960220617E-09
    2.871008117731E-08   -2.076458713841E-09    2.924538749304E-08    7.833245347844E-08   -4.147411520272E-08
    3.687064614231E-08   -2.657536928265E-09    4.509960220617E-09   -4.147411520272E-08    8.802580984926E-08
   164.45039284869068     
    7.258198219237E-08   -1.245356137957E-08    3.097889396687E-08    2.732500999593E-08    3.507316501093E-08
   -1.245356137957E-08    4.497803147558E-09   -7.416206650853E-09   -1.937223890555E-09   -2.609734365323E-09
    3.097889396687E-08   -7.416206650853E-09    3.059334906237E-08    2.782502109720E-08    4.516756660087E-09
    2.732500999593E-08   -1.937223890555E-09    2.782502109720E-08    7.468584558235E-08   -3.934033577782E-08
    3.507316501093E-08   -2.609734365323E-09    4.516756660087E-09   -3.934033577782E-08    8.375718757300E-08
   166.28269505416532     
    6.869643942029E-08   -1.184859227956E-08    2.947880121046E-08    2.601339702262E-08    3.337232341305E-08
   -1.184859227956E-08    4.292690767550E-09   -7.065909931374E-09   -1.807389324194E-09   -2.560631518741E-09
    2.947880121046E-08   -7.065909931374E-09    2.918163218322E-08    2.648164468205E-08    4.512404903288E-09
    2.601339702262E-08   -1.807389324194E-09    2.648164468205E-08    7.122914748718E-08   -3.732762160781E-08
    3.337232341305E-08   -2.560631518741E-09    4.512404903288E-09   -3.732762160781E-08    7.971874740889E-08
   168.12514851839597     
    6.503781950832E-08   -1.127605266119E-08    2.805878915999E-08    2.477100682563E-08    3.176245105910E-08
   -1.127605266119E-08    4.098070801984E-09   -6.734144101470E-09   -1.686295865982E-09   -2.510509413406E-09
    2.805878915999E-08   -6.734144101470E-09    2.784292063927E-08    2.521066325616E-08    4.498131093480E-09
    2.477100682563E-08   -1.686295865982E-09    2.521066325616E-08    6.795144449338E-08   -3.542848833318E-08
    3.176245105910E-08   -2.510509413406E-09    4.498131093480E-09   -3.542848833318E-08    7.589687856199E-08
   169.97775324138280     
    6.159179064479E-08   -1.073404383932E-08    2.671419384404E-08    2.359386658231E-08    3.023823713868E-08
   -1.073404383932E-08    3.913348845069E-09   -6.419825737118E-09   -1.573332876306E-09   -2.459619204569E-09
    2.671419384404E-08   -6.419825737118E-09    2.657303860126E-08    2.400778016624E-08    4.475049947272E-09
    2.359386658231E-08   -1.573332876306E-09    2.400778016624E-08    6.484250545839E-08   -3.363595045126E-08
    3.023823713868E-08   -2.459619204569E-09    4.475049947272E-09   -3.363595045126E-08    7.227884169398E-08
   171.84050922312568     
    5.834499350569E-08   -1.022078774259E-08    2.544064563285E-08    2.247824958601E-08    2.879470699736E-08
   -1.022078774259E-08    3.737967497064E-09   -6.121940826697E-09   -1.467934460997E-09   -2.408185213445E-09
    2.544064563285E-08   -6.121940826697E-09    2.536807227968E-08    2.286897711421E-08    4.444175040295E-09
    2.247824958601E-08   -1.467934460997E-09    2.286897711421E-08    6.189273926891E-08   -3.194348680383E-08
    2.879470699736E-08   -2.408185213445E-09    4.444175040295E-09   -3.194348680383E-08    6.885271174884E-08
   173.71341646362467     
    5.528496922510E-08   -9.734618261072E-09    2.423404826838E-08    2.142065805411E-08    2.742719811651E-08
   -9.734618261072E-09    3.571403681869E-09   -5.839539681749E-09   -1.369576028078E-09   -2.356407199278E-09
    2.423404826838E-08   -5.839539681749E-09    2.422435091389E-08    2.179049374230E-08    4.406427029988E-09
    2.142065805411E-08   -1.369576028078E-09    2.179049374230E-08    5.909314871657E-08   -3.034500643684E-08
    2.742719811651E-08   -2.356407199278E-09    4.406427029988E-09   -3.034500643684E-08    6.560731925084E-08
   175.59647496287977     
    5.240009591904E-08   -9.273973983888E-09    2.309056129281E-08    2.041780879603E-08    2.613133996588E-08
   -9.273973983888E-09    3.413166488352E-09   -5.571732721264E-09   -1.277771108677E-09   -2.304462863978E-09
    2.309056129281E-08   -5.571732721264E-09    2.313843130682E-08    2.076881047284E-08    4.362642214168E-09
    2.041780879603E-08   -1.277771108677E-09    2.076881047284E-08    5.643529287438E-08   -2.883481903580E-08
    2.613133996588E-08   -2.304462863978E-09    4.362642214168E-09   -2.883481903580E-08    6.253220099494E-08
   177.48968472089086     
    4.967952734850E-08   -8.837390779492E-09    2.200658204030E-08    1.946661838846E-08    2.490303338856E-08
   -8.837390779492E-09    3.262794870368E-09   -5.317686121761E-09   -1.192068451739E-09   -2.252509723662E-09
    2.200658204030E-08   -5.317686121761E-09    2.210708153232E-08    1.980063106682E-08    4.313579370471E-09
    1.946661838846E-08   -1.192068451739E-09    1.980063106682E-08    5.391124751546E-08   -2.740760579503E-08
    2.490303338856E-08   -2.252509723662E-09    4.313579370471E-09   -2.740760579503E-08    5.961754971351E-08
   179.39304573765813     
    4.711313941150E-08   -8.423495712018E-09    2.097873090521E-08    1.856419113049E-08    2.373843371496E-08
   -8.423495712018E-09    3.119855861740E-09   -5.076618312719E-09   -1.112049331975E-09   -2.200687286346E-09
    2.097873090521E-08   -5.076618312719E-09    2.112726811346E-08    1.888286830526E-08    4.259927146625E-09
    1.856419113049E-08   -1.112049331975E-09    1.888286830526E-08    5.151357385810E-08   -2.605839457025E-08
    2.373843371496E-08   -2.200687286346E-09    4.259927146625E-09   -2.605839457025E-08    5.685417280118E-08
   181.30655801318150     
    4.469147683361E-08   -8.031000424049E-09    2.000383524665E-08    1.770780571089E-08    2.263393235649E-08
   -8.031000424049E-09    2.983942495143E-09   -4.847796092599E-09   -1.037325098204E-09   -2.149118453153E-09
    2.000383524665E-08   -4.847796092599E-09    2.019614134138E-08    1.801262850450E-08    4.202309418450E-09
    1.770780571089E-08   -1.037325098204E-09    1.801262850450E-08    4.923528288348E-08   -2.478253433344E-08
    2.263393235649E-08   -2.149118453153E-09    4.202309418450E-09   -2.478253433344E-08    5.423344744284E-08
   183.23022154746093     
    4.240570807906E-08   -7.658696053475E-09    1.907891707033E-08    1.689490511603E-08    2.158614268976E-08
   -7.658696053475E-09    2.854672333672E-09   -4.630531725374E-09   -9.675348894255E-10   -2.097911425954E-09
    1.907891707033E-08   -4.630531725374E-09    1.931102469240E-08    1.718719959971E-08    4.141291708592E-09
    1.689490511603E-08   -9.675348894255E-10    1.718719959971E-08    4.706980948305E-08   -2.357567431477E-08
    2.158614268976E-08   -2.097911425954E-09    4.141291708592E-09   -2.357567431477E-08    5.174728615930E-08
   185.16403634049647     
    4.024758016180E-08   -7.305447634782E-09    1.820117939870E-08    1.612308531163E-08    2.059188447523E-08
   -7.305447634782E-09    2.731685722471E-09   -4.424179671556E-09   -9.023435548084E-10   -2.047160919228E-09
    1.820117939870E-08   -4.424179671556E-09    1.846940247956E-08    1.640403808698E-08    4.077385792897E-09
    1.612308531163E-08   -9.023435548084E-10    1.640403808698E-08    4.501098240272E-08   -2.243374237809E-08
    2.059188447523E-08   -2.047160919228E-09    4.077385792897E-09   -2.243374237809E-08    4.938809886308E-08
   187.10800239228806     
    3.820937818111E-08   -6.970189234844E-09    1.736799443804E-08    1.539008543913E-08    1.964817032367E-08
   -6.970189234844E-09    2.614644310706E-09   -4.228133776254E-09   -8.414397309871E-10   -1.996949457242E-09
    1.736799443804E-08   -4.228133776254E-09    1.766890934410E-08    1.566075768576E-08    4.011054379141E-09
    1.539008543913E-08   -8.414397309871E-10    1.566075768576E-08    4.305299861305E-08   -2.135292587807E-08
    1.964817032367E-08   -1.996949457242E-09    4.011054379141E-09   -2.135292587807E-08    4.714875990038E-08
   189.06211970283579     
    3.628388870077E-08   -6.651919648444E-09    1.657689311270E-08    1.469377915678E-08    1.875219372270E-08
   -6.651919648444E-09    2.503229774225E-09   -4.041824804298E-09   -7.845340615540E-10   -1.947348693112E-09
    1.657689311270E-08   -4.041824804298E-09    1.690732112513E-08    1.495511932499E-08    3.942715721297E-09
    1.469377915678E-08   -7.845340615539E-10    1.495511932499E-08    4.119040099962E-08   -2.032965448747E-08
    1.875219372270E-08   -1.947348693112E-09    3.942715721297E-09   -2.032965448747E-08    4.502257891937E-08
   191.02638827213960     
    3.446436437870E-08   -6.349698022648E-09    1.582555439808E-08    1.403216574908E-08    1.790131684863E-08
   -6.349698022648E-09    2.397142462100E-09   -3.864717904058E-09   -7.313575688742E-10   -1.898420377297E-09
    1.582555439808E-08   -3.864717904058E-09    1.618254528368E-08    1.428502098649E-08    3.872747278308E-09
    1.403216574908E-08   -7.313575688742E-10    1.428502098649E-08    3.941805500745E-08   -1.936058329674E-08
    1.790131684863E-08   -1.898420377297E-09    3.872747278308E-09   -1.936058329674E-08    4.300327123921E-08
   193.00080810019949     
    3.274449157624E-08   -6.062639881904E-09    1.511179563046E-08    1.340336204845E-08    1.709305949524E-08
   -6.062639881904E-09    2.296100178574E-09   -3.696310313865E-09   -6.816601502377E-10   -1.850217293855E-09
    1.511179563046E-08   -3.696310313865E-09    1.549261226915E-08    1.364848849350E-08    3.801489194359E-09
    1.340336204845E-08   -6.816601502377E-10    1.364848849350E-08    3.773112756397E-08   -1.844257738978E-08
    1.709305949524E-08   -1.850217293855E-09    3.801489194359E-09   -1.844257738978E-08    4.108493094779E-08
   194.98537918701550     
    3.111836122388E-08   -5.789913655128E-09    1.443356404628E-08    1.280559539540E-08    1.632508940214E-08
   -5.789913655128E-09    2.199837149987E-09   -3.536129381517E-09   -6.352091825139E-10   -1.802784253621E-09
    1.443356404628E-08   -3.536129381517E-09    1.483566814615E-08    1.304366747901E-08    3.729247824193E-09
    1.280559539540E-08   -6.352091825139E-10    1.304366747901E-08    3.612506903653E-08   -1.757269812807E-08
    1.632508940214E-08   -1.802784253621E-09    3.729247824193E-09   -1.757269812807E-08    3.926200743007E-08
   196.98010153258755     
    2.958044072405E-08   -5.530737165723E-09    1.378892821177E-08    1.223719646317E-08    1.559521246994E-08
   -5.530737165723E-09    2.108102939326E-09   -3.383730538422E-09   -5.917882441303E-10   -1.756158825733E-09
    1.378892821177E-08   -3.383730538422E-09    1.420996692073E-08    1.246881527998E-08    3.656298542034E-09
    1.223719646317E-08   -5.917882441303E-10    1.246881527998E-08    3.459559449267E-08   -1.674818969015E-08
    1.559521246994E-08   -1.756158825733E-09    3.656298542034E-09   -1.674818969015E-08    3.752928162669E-08
   198.98497513691572     
    2.812554848843E-08   -5.284374512339E-09    1.317607040971E-08    1.169659288913E-08    1.490136406554E-08
   -5.284374512339E-09    2.020661500895E-09   -3.238695514555E-09   -5.511959310145E-10   -1.710372092670E-09
    1.317607040971E-08   -3.238695514555E-09    1.361386382795E-08    1.192229374816E-08    3.582888528171E-09
    1.169659288913E-08   -5.511959310145E-10    1.192229374816E-08    3.313866727871E-08   -1.596646696960E-08
    1.490136406554E-08   -1.710372092670E-09    3.582888528171E-09   -1.596646696960E-08    3.588184495978E-08
   201.00000000000000     
    2.674883009076E-08   -5.050133108711E-09    1.259327940765E-08    1.118230321012E-08    1.424160076681E-08
   -5.050133108711E-09    1.937290275407E-09   -3.100630641623E-09   -5.132447641312E-10   -1.665449305119E-09
    1.259327940765E-08   -3.100630641623E-09    1.304580892077E-08    1.140256243841E-08    3.509239242321E-09
    1.118230321012E-08   -5.132447641312E-10    1.140256243841E-08    3.175048333816E-08   -1.522510418791E-08
    1.424160076681E-08   -1.665449305119E-09    3.509239242321E-09   -1.522510418791E-08    3.431507933648E-08
