   9.9999999999999995E-007
    1.559068710917E+02    9.830998388195E-48    3.054543014356E-47    1.346485208071E-47   -1.270780366157E-48
   -2.473632569499E-47    3.117691453657E+13   -1.443662843113E-47    2.430930415798E-50    1.585679908959E-47
    1.011321794009E-46    8.069854840955E-48    1.247076581453E+14    1.357269482720E-47    7.850879591130E-48
    2.235401388642E-47    7.177781685380E-48    5.291742278663E-48    2.805922308265E+14   -4.522245554824E-49
    1.996768031812E-47    2.865876300085E-49   -5.662824104707E-48    1.541108595491E-48    4.988306325802E+14
   5.0766293780460086E-003
   -5.999904430501E+00   -3.934853879242E-39   -6.003902347029E-37   -1.964760700630E-38    1.016948749301E-38
   -1.593882717146E-39    1.209706630671E+06   -1.689427763993E-38    5.789885623171E-38   -5.574183152834E-39
   -5.808323571056E-37   -9.101955938158E-39    4.838844522379E+06    6.115494907272E-39    3.680601187790E-38
   -2.193437466058E-38    6.072885981303E-38    6.382017799782E-39    1.088740767523E+07   -2.514144894907E-39
    6.516692759107E-39   -3.631289585981E-39    3.509976147372E-38   -1.299074669323E-39    1.935539608921E+07
   2.0303517512184035E-002
   -5.998571930765E+00   -1.168087228075E-34   -1.614910338906E-28   -3.897678018752E-34   -3.898512154441E-34
    3.576507655478E-35    7.562338552642E+04   -5.393659463347E-34    2.283782580198E-29   -2.671976661798E-34
   -1.614883439800E-28    1.011770838855E-34    3.025115378202E+05    1.313401892949E-34    9.788159079112E-30
   -3.270503730325E-34    2.283740063696E-29    1.333753493465E-34    6.806584583099E+05   -8.171138875130E-35
   -1.773347092572E-34   -6.118269299442E-35    9.788093137102E-30   -6.873791605177E-35    1.210064146995E+06
   4.5681664402414078E-002
   -5.992779684139E+00    1.102134874813E-31   -1.368773918240E-23   -7.234187823874E-31   -6.700681463748E-32
   -6.318407160705E-33    1.493396239867E+04    3.593480496002E-31    1.935739195935E-24   -1.413260839684E-31
   -1.368773746931E-23   -4.840484536784E-32    5.975382793349E+04    1.055224863698E-31    8.296027027436E-25
   -1.717465238006E-31    1.935739046007E-24   -3.342805909905E-32    1.344536038249E+05    1.048473376462E-31
   -6.022097818495E-32   -4.242072231470E-33    8.296026793576E-25    9.719489515036E-32    2.390332900728E+05
   8.1211070048736136E-002
   -5.977240083912E+00   -9.079508657357E-30   -4.252841023142E-20    7.222095154840E-29    6.968065341580E-29
   -1.776697615841E-29    4.721208498537E+03   -2.741369242528E-29    6.014425428482E-21   -3.414324270871E-29
   -4.252841038902E-20   -6.290233493222E-29    1.890276571432E+04   -4.181097802829E-30    2.577610800809E-21
    7.545649921219E-29    6.014425395236E-21   -5.399958206958E-30    4.253869440729E+04   -2.006373142278E-29
    5.083245611618E-29   -4.785578622908E-29    2.577610801234E-21   -2.155203410151E-29    7.562899457745E+04
  0.12689173445115023     
   -5.944736718282E+00   -1.139937935530E-25   -2.136847621776E-17   -2.377749442368E-25    2.204479895866E-27
   -1.143778241068E-25    1.930327708360E+03   -5.075853883071E-25    3.021958891671E-18   -4.410412657543E-26
   -2.136847621947E-17   -5.092745520405E-25    7.739145043565E+03    5.139535098834E-26    1.295125238686E-18
   -2.384143069358E-25    3.021958892172E-18    5.156896341357E-26    1.742050726890E+04   -1.606856754000E-26
    2.453761736234E-27   -4.417731194939E-26    1.295125238570E-18   -1.617195092935E-26    3.097441438438E+04
  0.18272365760965631     
   -5.886530415428E+00   -1.596613539670E-22   -3.345698272106E-15   -3.340061349063E-22    1.281328470899E-26
   -1.596591022921E-22    9.278913294459E+02   -7.110737026226E-22    4.731531872865E-16   -6.143686858010E-23
   -3.345698272059E-15   -7.110616932098E-22    3.729224909014E+03    7.216584870165E-23    2.027799373703E-16
   -3.339874892433E-22    4.731531872911E-16    7.216279990606E-23    8.398114208295E+03   -2.242698041772E-23
    4.385324977791E-27   -6.143829202996E-23    2.027799373750E-16   -2.242844368972E-23    1.493455922729E+04
  0.24870683952425446     
   -5.793129831646E+00   -6.906713456239E-20   -2.304295382164E-13   -1.439453581527E-19    5.861299154593E-26
   -6.906716040702E-20    4.982383656390E+02   -3.075234451833E-19    3.258765781214E-14   -2.643674353099E-20
   -2.304295382170E-13   -3.075235434932E-19    2.010332852043E+03    3.105312601060E-20    1.396613906250E-14
   -1.439453003539E-19    3.258765781249E-14    3.105310818075E-20    4.530490329382E+03   -9.649419871533E-21
   -1.117978387563E-25   -2.643680610844E-20    1.396613906259E-14   -9.649421372100E-21    8.058710797657E+03
  0.32484128019494457     
   -5.655517428021E+00   -1.246138768254E-17   -8.535369454727E-12   -2.584202320976E-17    6.350184359987E-23
   -1.246138577556E-17    2.897990483710E+02   -5.546642058323E-17    1.207083524193E-12   -4.733638264385E-18
   -8.535369454731E-12   -5.546641273887E-17    1.176162745764E+03    5.562349297165E-18    5.173215103901E-13
   -2.584202387848E-17    1.207083524194E-12    5.562349766053E-18    2.653435574751E+03   -1.727085251383E-18
    6.337761509592E-23   -4.733639287022E-18    5.173215103906E-13   -1.727085333271E-18    4.721617535334E+03
  0.41112697962172673     
   -5.466782797279E+00   -1.125018788578E-15   -1.927969912936E-10   -2.317324478020E-15    2.232299240482E-20
   -1.125018786326E-15    1.789842864413E+02   -5.005308645551E-15    2.726561195375E-11   -4.229483455009E-16
   -1.927969912935E-10   -5.005308634474E-15    7.323374941611E+02    4.972610699094E-16    1.168526227393E-11
   -2.317324466254E-15    2.726561195375E-11    4.972610666323E-16    1.654592840358E+03   -1.542297892657E-16
    2.232396774890E-20   -4.229483463633E-16    1.168526227393E-11   -1.542297882365E-16    2.945750325034E+03
  0.50756393780460096     
   -5.223897385370E+00   -5.732587887855E-14   -2.885153698804E-09   -1.170742804618E-13    3.803834949098E-18
   -5.732587890056E-14    1.157945609847E+02   -2.549056469501E-13    4.080223431447E-10   -2.126922414532E-14
   -2.885153698804E-09   -2.549056470550E-13    4.788499361482E+02    2.502360155039E-14    1.748667199697E-10
   -1.170742805576E-13    4.080223431446E-10    2.502360157149E-14    1.083942228067E+03   -7.750445339864E-15
    3.803857104128E-18   -2.126922416549E-14    1.748667199696E-10   -7.750445342415E-15    1.931071436754E+03
  0.61415215474356710     
   -4.929140244138E+00   -1.792412552672E-12   -3.030141707044E-08   -3.623461991003E-12    3.463392704472E-16
   -1.792412552728E-12    7.772815163732E+01   -7.964905957599E-12    4.285266946561E-09   -6.546138852563E-13
   -3.030141707044E-08   -7.964905957856E-12    3.257000275346E+02    7.708123467861E-13    1.836543123185E-09
   -3.623461991197E-12    4.285266946560E-09    7.708123468096E-13    7.389864872781E+02   -2.383353526993E-13
    3.463392890158E-16   -6.546138852534E-13    1.836543123185E-09   -2.383353526797E-13    1.317587530928E+03
  0.73089163043862526     
   -4.590601794198E+00   -3.655747500640E-11   -2.330766392241E-07   -7.306170328286E-11    1.826608314884E-14
   -3.655747500623E-11    5.377099345037E+01   -1.623306985992E-10    3.296198464008E-08   -1.311523327872E-11
   -2.330766392241E-07   -1.623306985985E-10    2.288557794291E+02    1.545821021383E-11    1.412657322246E-08
   -7.306170328302E-11    3.296198464008E-08    1.545821021392E-11    5.206637560422E+02   -4.770365511509E-12
    1.826608294223E-14   -1.311523327856E-11    1.412657322246E-08   -4.770365511536E-12    9.291949233737E+02
  0.85778236488977566     
   -4.221387953387E+00   -5.100910053074E-10   -1.358319430247E-06   -1.007086505444E-09    5.939682542660E-13
   -5.100910053076E-10    3.815060783050E+01   -2.263273071819E-09    1.920943896974E-07   -1.795321007043E-10
   -1.358319430247E-06   -2.263273071820E-09    1.652665891742E+02    2.118284438635E-10    8.232646257379E-08
   -1.007086505444E-09    1.920943896974E-07    2.118284438636E-10    3.771265605102E+02   -6.523055391297E-11
    5.939682548375E-13   -1.795321007042E-10    8.232646257379E-08   -6.523055391291E-11    6.737305208228E+02
  0.99482435809701786     
   -3.837606826912E+00   -5.066367416285E-09   -6.174125881740E-06   -9.879783042641E-09    1.253897872114E-11
   -5.066367416284E-09    2.766456572763E+01   -2.246207464819E-08    8.731322054103E-07   -1.748669383330E-09
   -6.174125881740E-06   -2.246207464818E-08    1.221710282352E+02    2.065532217054E-09    3.742062499238E-07
   -9.879783042640E-09    8.731322054103E-07    2.065532217054E-09    2.796818184500E+02   -6.346491097770E-10
    1.253897871978E-11   -1.748669383328E-09    3.742062499238E-07   -6.346491097765E-10    5.001969268587E+02
   1.1420176100603519     
   -3.455722282689E+00   -3.710223703407E-08   -2.247255408445E-05   -7.148894920725E-08    1.797882946389E-10
   -3.710223703407E-08    2.044928792420E+01   -1.643729826381E-07    3.177796264877E-06   -1.256338168646E-08
   -2.247255408445E-05   -1.643729826381E-07    9.216402579541E+01    1.485690739134E-08    1.362016075894E-06
   -7.148894920725E-08    3.177796264877E-06    1.485690739134E-08    2.116886827434E+02   -4.554740163568E-09
    1.797882946356E-10   -1.256338168646E-08    1.362016075894E-06   -4.554740163568E-09    3.790232105876E+02
   1.2993621207797783     
   -3.090103726595E+00   -2.069466295794E-07   -6.713540712574E-05   -3.942954689368E-07    1.824523759135E-09
   -2.069466295794E-07    1.537620122802E+01   -9.161981435817E-07    9.491318811447E-06   -6.881976032727E-08
   -6.713540712574E-05   -9.161981435817E-07    7.077397006650E+01    8.148292138323E-08    4.068821996742E-06
   -3.942954689368E-07    9.491318811447E-06    8.148292138323E-08    1.631039226426E+02   -2.492657062737E-08
    1.824523759138E-09   -6.881976032727E-08    4.068821996742E-06   -2.492657062737E-08    2.923658821454E+02
   1.4668578902552964     
   -2.751446468230E+00   -9.064039912501E-07   -1.685030060127E-04   -1.709459654103E-06    1.361648200788E-08
   -9.064039912501E-07    1.173916436491E+01   -4.010342290928E-06    2.380728873487E-05   -2.964317139767E-07
   -1.685030060127E-04   -4.010342290928E-06    5.520740274906E+01    3.514948938515E-07    1.021187292105E-05
   -1.709459654103E-06    2.380728873487E-05    3.514948938515E-07    1.276554427904E+02   -1.073036761597E-07
    1.361648200789E-08   -2.964317139767E-07    1.021187292105E-05   -1.073036761597E-07    2.290827689165E+02
   1.6445049184869069     
   -2.446304148685E+00   -3.207992166421E-06   -3.631732828063E-04   -5.995615284152E-06    7.744984284426E-08
   -3.207992166421E-06    9.084573812100E+00   -1.418547101241E-05    5.123342125554E-05   -1.033174253132E-06
   -3.631732828063E-04   -1.418547101241E-05    4.366775929769E+01    1.227714946208E-06    2.200912555722E-05
   -5.995615284152E-06    5.123342125554E-05    1.227714946208E-06    1.013087676493E+02   -3.740419551574E-07
    7.744984284426E-08   -1.033174253132E-06    2.200912555722E-05   -3.740419551574E-07    1.820063436455E+02
   1.8323032054746093     
   -2.177534578292E+00   -9.421790954436E-06   -6.857815645114E-04   -1.746865039500E-05    3.470143368422E-07
   -9.421790954436E-06    7.114773254240E+00   -4.163835004463E-05    9.642386147303E-05   -2.990975844522E-06
   -6.857815645114E-04   -4.163835004463E-05    3.497022114020E+01    3.566970088377E-06    4.156565393600E-05
   -1.746865039500E-05    9.642386147303E-05    3.566970088377E-06    8.140093308699E+01   -1.084524709651E-06
    3.470143368422E-07   -2.990975844522E-06    4.156565393600E-05   -1.084524709651E-06    1.464042703795E+02
   2.0302527512184039     
   -1.945226657493E+00   -2.352520943092E-05   -1.155099416671E-03   -4.330676760835E-05    1.262067385144E-06
   -2.352520943092E-05    5.630880917145E+00   -1.038935175555E-04    1.613518998778E-04   -7.361664913221E-06
   -1.155099416671E-03   -1.038935175555E-04    2.831599051823E+01    8.835511523482E-06    7.005355874892E-05
   -4.330676760835E-05    1.613518998778E-04    8.835511523482E-06    6.613375258955E+01   -2.680496004413E-06
    1.262067385144E-06   -7.361664913221E-06    7.005355874892E-05   -2.680496004413E-06    1.190792546511E+02
   2.2383535557182901     
   -1.747690574563E+00   -5.102923507826E-05   -1.762753942749E-03   -9.331681469492E-05    3.827182859679E-06
   -5.102923507826E-05    4.497791661382E+00   -2.251217070573E-04    2.433162844391E-04   -1.572083358962E-05
   -1.762753942749E-03   -2.251217070573E-04    2.315578393691E+01    1.907922652626E-05    1.070799645337E-04
   -9.331681469492E-05    2.433162844391E-04    1.907922652626E-05    5.426801223873E+01   -5.773350182031E-06
    3.827182859679E-06   -1.572083358962E-05    1.070799645337E-04   -5.773350182031E-06    9.782621450763E+01
   2.4566056189742684     
   -1.582256670293E+00   -9.799753506042E-05   -2.469613997704E-03   -1.780318458490E-04    9.907841250732E-06
   -9.799753506042E-05    3.622199040718E+00   -4.315741893558E-04    3.340406900466E-04   -2.963279001837E-05
   -2.469613997704E-03   -4.315741893558E-04    1.910502439664E+01    3.663567239190E-05    1.505436283952E-04
   -1.780318458490E-04    3.340406900466E-04    3.663567239190E-05    4.493383989494E+01   -1.105083088223E-05
    9.907841250732E-06   -2.963279001837E-05    1.505436283952E-04   -1.105083088223E-05    8.109589130184E+01
   2.6850089409863389     
   -1.445807026789E+00   -1.693627840606E-04   -3.211071058737E-03   -3.055119425155E-04    2.234895347033E-05
   -1.693627840606E-04    2.938547734063E+00   -7.436974069501E-04    4.203295416624E-04   -5.000593816204E-05
   -3.211071058737E-03   -7.436974069501E-04    1.588992260335E+01    6.365890955765E-05    1.970116050118E-04
   -3.055119425155E-04    4.203295416624E-04    6.365890955765E-05    3.751027280683E+01   -1.912547020011E-05
    2.234895347033E-05   -5.000593816204E-05    1.970116050118E-04   -1.912547020011E-05    6.778129403797E+01
   2.9235635217545011     
   -1.335077805594E+00   -2.671067597061E-04   -3.909094076463E-03   -4.779178429107E-04    4.470277221352E-05
   -2.671067597061E-04    2.399952347046E+00   -1.167495487756E-03    4.862705681786E-04   -7.641484100574E-05
   -3.909094076463E-03   -1.167495487756E-03    1.331250505741E+01    1.016383109071E-04    2.424155081229E-04
   -4.779178429107E-04    4.862705681786E-04    1.016383109071E-04    3.154713613578E+01   -3.038266879421E-05
    4.470277221352E-05   -7.641484100574E-05    2.424155081229E-04   -3.038266879421E-05    5.707916710563E+01
   3.1722693612787549     
   -1.246810219421E+00   -3.890140776686E-04   -4.487403341600E-03   -6.892488476177E-04    8.048942507885E-05
   -3.890140776686E-04    1.972283482430E+00   -1.688603359397E-03    5.165388094081E-04   -1.066934457146E-04
   -4.487403341600E-03   -1.688603359397E-03    1.122752540975E+01    1.510889478216E-04    2.827923174437E-04
   -6.892488476177E-04    5.165388094081E-04    1.510889478216E-04    2.671339419220E+01   -4.488716072922E-05
    8.048942507885E-05   -1.066934457146E-04    2.827923174437E-04   -4.488716072922E-05    4.839835855122E+01
   3.4311264595591027     
   -1.177822692853E+00   -5.285093092944E-04   -4.885919320267E-03   -9.253048230351E-04    1.321578012422E-04
   -5.285093092944E-04    1.630291546008E+00   -2.271832121770E-03    4.999712592850E-04   -1.370499505040E-04
   -4.885919320267E-03   -2.271832121770E-03    9.526971627745E+00    2.114917165587E-04    3.148586050062E-04
   -9.253048230351E-04    4.999712592850E-04    2.114917165587E-04    2.276240542121E+01   -6.237633633015E-05
    1.321578012422E-04   -1.370499505040E-04    3.148586050062E-04   -6.237633633015E-05    4.129812487875E+01
   3.7001348165955412     
   -1.125055898806E+00   -6.756717181163E-04   -5.071095971143E-03   -1.166095801340E-03    2.001243140547E-04
   -6.756717181163E-04    1.355040763009E+00   -2.866937149715E-03    4.323541120378E-04   -1.627602524945E-04
   -5.071095971143E-03   -2.866937149715E-03    8.129509730464E+00    2.814458177221E-04    3.363267174701E-04
   -1.166095801340E-03    4.323541120378E-04    2.814458177221E-04    1.950816996302E+01   -8.233074918331E-05
    2.001243140547E-04   -1.627602524945E-04    3.363267174701E-04   -8.233074918331E-05    3.544590739565E+01
   3.9792944323880715     
   -1.085620159071E+00   -8.190923522895E-04   -5.039794803935E-03   -1.389947592949E-03    2.822963546678E-04
   -8.190923522895E-04    1.132178907811E+00   -3.418883710839E-03    3.174965599509E-04   -1.792436763182E-04
   -5.039794803935E-03   -3.418883710839E-03    6.973184641637E+00    3.589309528270E-04    3.459762975710E-04
   -1.389947592949E-03    3.174965599509E-04    3.589309528270E-04    1.680884596084E+01   -1.040872268697E-04
    2.822963546678E-04   -1.792436763182E-04    3.459762975710E-04   -1.040872268697E-04    3.058799328927E+01
   4.2686053069366938     
   -1.056854196395E+00   -9.479720680803E-04   -4.816164303094E-03   -1.577893272419E-03    3.742954363932E-04
   -9.479720680803E-04    9.507367537830E-01   -3.879097794406E-03    1.662342237950E-04   -1.831444838785E-04
   -4.816164303094E-03   -3.879097794406E-03    6.010300923917E+00    4.415766496795E-04    3.435532215130E-04
   -1.577893272419E-03    1.662342237950E-04    4.415766496795E-04    1.455514730244E+01   -1.269553085739E-04
    3.742954363932E-04   -1.831444838785E-04    3.435532215130E-04   -1.269553085739E-04    2.652883955068E+01
   4.5680674402414070     
   -1.036387420696E+00   -1.053849009909E-03   -4.443155334227E-03   -1.716931478540E-03    4.702887121944E-04
   -1.053849009909E-03    8.022677762865E-01   -4.214022643048E-03   -6.212890996160E-06   -1.730435008705E-04
   -4.443155334227E-03   -4.214022643048E-03    5.203782776542E+00    5.268766232245E-04    3.295810765263E-04
   -1.716931478540E-03   -6.212890996160E-06    5.268766232245E-04    1.266206770083E+01   -1.503080477652E-04
    4.702887121944E-04   -1.730435008705E-04    3.295810765263E-04   -1.503080477652E-04    2.311630828581E+01
   4.8776808323022154     
   -1.022189299671E+00   -1.131563232717E-03   -3.971826872534E-03   -1.801349786916E-03    5.640993496166E-04
   -1.131563232717E-03    6.802167861549E-01   -4.408793908249E-03   -1.835336000774E-04   -1.496043209412E-04
   -3.971826872534E-03   -4.408793908249E-03    4.524551653126E+00    6.123328840886E-04    3.051536414489E-04
   -1.801349786916E-03   -1.835336000774E-04    6.123328840886E-04    1.106290301143E+01   -1.736341070037E-04
    5.640993496166E-04   -1.496043209412E-04    3.051536414489E-04   -1.736341070037E-04    2.023099240478E+01
   5.1974454831191128     
   -1.012591528733E+00   -1.179384449573E-03   -3.451699929681E-03   -1.832163628039E-03    6.502186302040E-04
   -1.179384449573E-03    5.794527653841E-01   -4.466034463913E-03   -3.512147513775E-04   -1.152021631987E-04
   -3.451699929681E-03   -4.466034463913E-03    3.949613417882E+00    6.955453715080E-04    2.717488098622E-04
   -1.832163628039E-03   -3.512147513775E-04    6.955453715080E-04    9.704882511868E+00   -1.965520320288E-04
    6.502186302040E-04   -1.152021631987E-04    2.717488098622E-04   -1.965520320288E-04    1.777840897791E+01
   5.5273613926921037     
   -1.006278387190E+00   -1.198492321421E-03   -2.924237942523E-03   -1.815339722764E-03    7.244690195577E-04
   -1.198492321421E-03    4.959245571628E-01   -4.401417114885E-03   -4.983630580051E-04   -7.325309084894E-05
   -2.924237942523E-03   -4.401417114885E-03    3.460646792800E+00    7.742729412054E-04    2.310786357792E-04
   -1.815339722764E-03   -4.983630580051E-04    7.742729412054E-04    8.545940810702E+00   -2.187961502140E-04
    7.244690195577E-04   -7.325309084894E-05    2.310786357792E-04   -2.187961502140E-04    1.568322802949E+01
   5.8674285610211854     
   -1.002250869103E+00   -1.192117683100E-03   -2.419930205474E-03   -1.759636451305E-03    7.842552550513E-04
   -1.192117683100E-03    4.264085619075E-01   -4.238125154687E-03   -6.183319338237E-04   -2.749567946598E-05
   -2.419930205474E-03   -4.238125154687E-03    3.042950493701E+00    8.464863624112E-04    1.849733907145E-04
   -1.759636451305E-03   -6.183319338237E-04    8.464863624112E-04    7.552308044776E+00   -2.401865346723E-04
    7.842552550513E-04   -2.749567946598E-05    1.849733907145E-04   -2.401865346723E-04    1.388496296390E+01
   6.2176469881063614     
   -9.997756818171E-01   -1.164632262280E-03   -1.958267587531E-03   -1.674694473018E-03    8.284830674853E-04
   -1.164632262280E-03    3.683235581752E-01   -4.001864663467E-03   -7.084168594190E-04    1.859237000828E-05
   -1.958267587531E-03   -4.001864663467E-03    2.684650128008E+00    9.104226125547E-04    1.352905033452E-04
   -1.674694473018E-03   -7.084168594190E-04    9.104226125547E-04    6.696693740723E+00   -2.605944608108E-04
    8.284830674853E-04    1.859237000828E-05    1.352905033452E-04   -2.605944608108E-04    1.233472212112E+01
   6.5780166739476273     
   -9.983302504747E-01   -1.120776666086E-03   -1.549439449076E-03   -1.569682703684E-03    8.572823275001E-04
   -1.120776666086E-03    3.195931267212E-01   -3.717249898321E-03   -7.690269848158E-04    6.216356268596E-05
   -1.549439449076E-03   -3.717249898321E-03    2.376095331117E+00    9.646393259781E-04    8.383936694218E-05
   -1.569682703684E-03   -7.690269848158E-04    9.646393259781E-04    5.956905927149E+00   -2.799116815793E-04
    8.572823275001E-04    6.216356268596E-05    8.383936694218E-05   -2.799116815793E-04    1.099273864160E+01
   6.9485376185449867     
   -9.975516593552E-01   -1.065108144833E-03   -1.196687466394E-03   -1.452531893315E-03    8.716609167364E-04
   -1.065108144833E-03    2.785414288217E-01   -3.405680522728E-03   -8.026958128142E-04    1.011602947396E-04
   -1.196687466394E-03   -3.405680522728E-03    2.109397675047E+00    1.008062237720E-03    3.231660368072E-05
   -1.452531893315E-03   -8.026958128142E-04    1.008062237720E-03    5.314792505693E+00   -2.980282284337E-04
    8.716609167364E-04    1.011602947396E-04    3.231660368072E-05   -2.980282284337E-04    9.826476713300E+00
   7.3292098218984369     
   -9.971936137270E-01   -1.001669542437E-03   -8.986065050745E-04   -1.329638160098E-03    8.731746637438E-04
   -1.001669542437E-03    2.438126077478E-01   -3.084438522731E-03   -8.131685532586E-04    1.343141117310E-04
   -8.986065050745E-04   -3.084438522731E-03    1.878073733949E+00    1.040017231053E-03   -1.774955361419E-05
   -1.329638160098E-03   -8.131685532586E-04    1.040017231053E-03    4.755423411241E+00   -3.148202809455E-04
    8.731746637438E-04    1.343141117310E-04   -1.774955361419E-05   -3.148202809455E-04    8.809168516590E+00
   7.7200332840079788     
   -9.970925087692E-01   -9.338381236712E-04   -6.510407399115E-04   -1.205875438696E-03    8.636561349735E-04
   -9.338381236712E-04    2.143074081140E-01   -2.766613194717E-03   -8.046794538458E-04    1.610454344940E-04
   -6.510407399115E-04   -2.766613194717E-03    1.676767386092E+00    1.060240794286E-03   -6.504430591019E-05
   -1.205875438696E-03   -8.046794538458E-04    1.060240794286E-03    4.266454226737E+00   -3.301473759715E-04
    8.636561349735E-04    1.610454344940E-04   -6.504430591019E-05   -3.301473759715E-04    7.918675728533E+00
   8.1210080048736160     
   -9.971419403666E-01   -8.642999225342E-04   -4.484772910451E-04   -1.084773855897E-03    8.450141435649E-04
   -8.642999225342E-04    1.891327842850E-01   -2.461499256574E-03   -7.814443954742E-04    1.813169311918E-04
   -4.484772910451E-04   -2.461499256574E-03    1.501032296348E+00    1.068866477945E-03   -1.084983110784E-04
   -1.084773855897E-03   -7.814443954742E-04    1.068866477945E-03    3.837627626054E+00   -3.438569051129E-04
    8.450141435649E-04    1.813169311918E-04   -1.084983110784E-04   -3.438569051129E-04    7.136597541048E+00
   8.5321339844953421     
   -9.972742292652E-01   -7.950996479705E-04   -2.849792115113E-04   -9.687616716128E-04    8.190984031534E-04
   -7.950996479705E-04    1.675616006406E-01   -2.175207351418E-03   -7.473455611577E-04    1.954786136224E-04
   -2.849792115113E-04   -2.175207351418E-03    1.347160446778E+00    1.066388795576E-03   -1.473047686414E-04
   -9.687616716128E-04   -7.473455611577E-04    1.066388795576E-03    3.460380289958E+00   -3.557933304279E-04
    8.190984031534E-04    1.954786136224E-04   -1.473047686414E-04   -3.557933304279E-04    6.447567312878E+00
   8.9534112228731590     
   -9.974473974004E-01   -7.277277994177E-04   -1.547549961792E-04   -8.594088365808E-04    7.876165764712E-04
   -7.277277994177E-04    1.490003257972E-01   -1.911321426894E-03   -7.057658207678E-04    2.041275495301E-04
   -1.547549961792E-04   -1.911321426894E-03    1.212046144094E+00    1.053608969367E-03   -1.809210617205E-04
   -8.594088365808E-04   -7.057658207678E-04    1.053608969367E-03    3.127531098400E+00   -3.658096010727E-04
    7.876165764712E-04    2.041275495301E-04   -1.809210617205E-04   -3.658096010727E-04    5.838694577021E+00
   9.3848397200070703     
   -9.976361933839E-01   -6.632192251493E-04   -5.246845483769E-05   -7.576412188469E-04    7.520899330277E-04
   -6.632192251493E-04    1.329631235591E-01   -1.671511582386E-03   -6.595286567273E-04    2.079930529400E-04
   -5.246845483769E-05   -1.671511582386E-03    1.093077539158E+00    1.031568621886E-03   -2.090560891126E-04
   -7.576412188469E-04   -6.595286567273E-04    1.031568621886E-03    2.833032368071E+00   -3.737786522569E-04
    7.520899330277E-04    2.079930529400E-04   -2.090560891126E-04   -3.737786522569E-04    5.299119799713E+00
   9.8264194758970742     
   -9.978260296506E-01   -6.022479077534E-04    2.662269517034E-05   -6.639147133848E-04    7.138356765822E-04
   -6.022479077534E-04    1.190510810137E-01   -1.456060747166E-03   -6.109058382633E-04    2.078500659516E-04
    2.662269517034E-05   -1.456060747166E-03    9.880496140271E-01    1.001477982110E-03   -2.316457964251E-04
   -6.639147133848E-04   -6.109058382633E-04    1.001477982110E-03    2.571770299371E+00   -3.796034235295E-04
    7.138356765822E-04    2.078500659516E-04   -2.316457964251E-04   -3.796034235295E-04    4.819657150942E+00
   10.278150490543169     
   -9.980089630393E-01   -5.452104098845E-04    8.663300808963E-05   -5.783497315451E-04    6.739667161503E-04
   -5.452104098845E-04    1.069355621038E-01   -1.264293460175E-03   -5.616640053471E-04    2.044586900855E-04
    8.663300808963E-05   -1.264293460175E-03    8.950940187856E-01    9.646446679831E-04   -2.488202698594E-04
   -5.783497315451E-04   -5.616640053471E-04    9.646446679831E-04    2.339404061331E+00   -3.832244119830E-04
    6.739667161503E-04    2.044586900855E-04   -2.488202698594E-04   -3.832244119830E-04    4.392506385675E+00
   10.740032763945356     
   -9.981810801794E-01   -4.922953554544E-04    1.310742382574E-04   -5.008317329465E-04    6.334022217619E-04
   -4.922953554544E-04    9.634486888333E-02   -1.094911090032E-03   -5.131299368637E-04    1.985255725222E-04
    1.310742382574E-04   -1.094911090032E-03    8.126222083703E-01    9.224079728991E-04   -2.608660320911E-04
   -5.008317329465E-04   -5.131299368637E-04    9.224079728991E-04    2.132235385889E+00   -3.846242947212E-04
    6.334022217619E-04    1.985255725222E-04   -2.608660320911E-04   -3.846242947212E-04    4.011019303406E+00
   11.212066296103632     
   -9.983408303402E-01   -4.435391548701E-04    1.629092817853E-04   -4.310849455968E-04    5.928843544732E-04
   -4.435391548701E-04    8.705354938487E-02   -9.462451928864E-04   -4.662613540062E-04    1.906822219259E-04
    1.629092817853E-04   -9.462451928864E-04    7.392791342115E-01    8.760821483369E-04   -2.681869582375E-04
   -4.310849455968E-04   -4.662613540062E-04    8.760821483369E-04    1.947102383237E+00   -3.838295715238E-04
    5.928843544732E-04    1.906822219259E-04   -2.681869582375E-04   -3.838295715238E-04    3.669509543774E+00
   11.694251087018003     
   -9.984879859910E-01   -3.988695594948E-04    1.846171297208E-04   -3.687259914228E-04    5.529980529620E-04
   -3.988695594948E-04    7.887381930858E-02   -8.164430352167E-04   -4.217153926804E-04    1.814756177482E-04
    1.846171297208E-04   -8.164430352167E-04    6.739053554346E-01    8.269107046723E-04   -2.712666632061E-04
   -3.687259914228E-04   -4.217153926804E-04    8.269107046723E-04    1.781292685108E+00   -3.809094797315E-04
    5.529980529620E-04    1.814756177482E-04   -2.712666632061E-04   -3.809094797315E-04    3.363096970187E+00
   12.186587136688470     
   -9.986230116761E-01   -3.581391031579E-04    1.982587003881E-04   -3.133029265771E-04    5.141917989416E-04
   -3.581391031579E-04    7.164866988482E-02   -7.035989951663E-04   -3.799105509390E-04    1.713671960249E-04
    1.982587003881E-04   -7.035989951663E-04    6.155058998432E-01    7.760324347560E-04   -2.706344672066E-04
   -3.133029265771E-04   -3.799105509390E-04    7.760324347560E-04    1.632472087438E+00   -3.759726251154E-04
    5.141917989416E-04    1.713671960249E-04   -2.706344672066E-04   -3.759726251154E-04    3.087579796212E+00
   12.689074445115018     
   -9.987466930661E-01   -3.211504626917E-04    2.055383855609E-04   -2.643238554157E-04    4.767979989564E-04
   -3.211504626917E-04    6.524632000094E-02   -6.058440283330E-04   -3.410803132221E-04    1.607371377079E-04
    2.055383855609E-04   -6.058440283330E-04    5.632245622343E-01    7.244588079465E-04   -2.668362693386E-04
   -2.643238554157E-04   -3.410803132221E-04    7.244588079465E-04    1.498625680971E+00   -3.691618710117E-04
    4.767979989564E-04    1.607371377079E-04   -2.668362693386E-04   -3.691618710117E-04    2.839329069897E+00
   13.201713012297668     
   -9.988599270066E-01   -2.876755134985E-04    2.078591009624E-04   -2.212780878756E-04    4.410521183393E-04
   -2.876755134985E-04    5.955574013676E-02   -5.214034425251E-04   -3.053181154646E-04    1.498916839698E-04
    2.078591009624E-04   -5.214034425251E-04    5.163226034606E-01    6.730616276544E-04   -2.604109550647E-04
   -2.212780878756E-04   -3.053181154646E-04    6.730616276544E-04    1.378009089175E+00   -3.606480536392E-04
    4.410521183393E-04    1.498916839698E-04   -2.604109550647E-04   -3.606480536392E-04    2.615201258521E+00
   13.724502838236411     
   -9.989636104633E-01   -2.574695272243E-04    2.063702778255E-04   -1.836518836241E-04    4.071100557718E-04
   -2.574695272243E-04    5.448303144963E-02   -4.486312803454E-04   -2.726141335366E-04    1.390718789884E-04
    2.063702778255E-04   -4.486312803454E-04    4.741610272544E-01    6.225693811275E-04   -2.518723920463E-04
   -1.836518836241E-04   -2.726141335366E-04    6.225693811275E-04    1.269107921761E+00   -3.506230628788E-04
    4.071100557718E-04    1.390718789884E-04   -2.518723920463E-04   -3.506230628788E-04    2.412465550345E+00
   14.257443922931238     
   -9.990585869692E-01   -2.302816468610E-04    2.020090720417E-04   -1.509401676816E-04    3.750635051047E-04
   -2.302816468610E-04    4.994848808807E-02   -3.860278613046E-04   -2.428847809222E-04    1.284626750038E-04
    2.020090720417E-04   -3.860278613046E-04    4.361857789350E-01    5.735705053743E-04   -2.416966553301E-04
   -1.509401676816E-04   -2.428847809222E-04    5.735705053743E-04    1.170603934386E+00   -3.392927660289E-04
    3.750635051047E-04    1.284626750038E-04   -2.416966553301E-04   -3.392927660289E-04    2.228743172870E+00
   14.800536266382164     
   -9.991456249465E-01   -2.058625092415E-04    1.955354385783E-04   -1.226551585249E-04    3.449532362265E-04
   -2.058625092415E-04    4.588420634694E-02   -3.322455422686E-04   -2.159959457749E-04    1.182017329280E-04
    1.955354385783E-04   -3.322455422686E-04    4.019153406123E-01    5.265217849124E-04   -2.303138604437E-04
   -1.226551585249E-04   -2.159959457749E-04    5.265217849124E-04    1.081346684321E+00   -3.268701696253E-04
    3.449532362265E-04    1.182017329280E-04   -2.303138604437E-04   -3.268701696253E-04    2.061956561938E+00
   15.353779868589175     
   -9.992254139496E-01   -1.839696759301E-04    1.875618332062E-04   -9.833256559829E-05    3.167803556749E-04
   -1.839696759301E-04    4.223213244446E-02   -2.860865278204E-04   -1.917809934423E-04    1.083875359825E-04
    1.875618332062E-04   -2.860865278204E-04    3.709303000438E-01    4.817602283961E-04   -2.181038499921E-04
   -9.833256559829E-05   -1.917809934423E-04    4.817602283961E-04    1.000329707407E+00   -3.135691233871E-04
    3.167803556749E-04    1.083875359825E-04   -2.181038499921E-04   -3.135691233871E-04    1.910286637155E+00
   15.917174729552285     
   -9.992985696094E-01   -1.643713776765E-04    1.785782903032E-04   -7.753583850805E-05    2.905156936662E-04
   -1.643713776765E-04    3.894246303920E-02   -2.464955812007E-04   -1.700544803596E-04    9.908662864543E-05
    1.785782903032E-04   -2.464955812007E-04    3.428645515868E-01    4.395169915534E-04   -2.053949473742E-04
   -7.753583850805E-05   -1.700544803596E-04    4.395169915534E-04    9.266704285776E-01   -2.995987811873E-04
    2.905156936662E-04    9.908662864543E-05   -2.053949473742E-04   -2.995987811873E-04    1.772136773063E+00
   16.490720849271483     
   -9.993656408281E-01   -1.468489619108E-04    1.689735566641E-04   -5.985884205137E-05    2.661075135906E-04
   -1.468489619108E-04    3.597233022096E-02   -2.125497140693E-04   -1.506224104929E-04    9.033992037360E-05
    1.689735566641E-04   -2.125497140693E-04    3.173978520254E-01    3.999321741572E-04   -1.924650290306E-04
   -5.985884205137E-05   -1.506224104929E-04    3.999321741572E-04    8.595931666116E-01   -2.851589512498E-04
    2.661075135906E-04    9.033992037360E-05   -1.924650290306E-04   -2.851589512498E-04    1.646102320801E+00
   17.074418227746772     
   -9.994271188767E-01   -1.311983456805E-04    1.590528738599E-04   -4.492726107922E-05    2.434877593116E-04
   -1.311983456805E-04    3.328471657672E-02   -1.834463338152E-04   -1.332897410365E-04    8.216807166314E-05
    1.590528738599E-04   -1.834463338152E-04    2.942495050160E-01    3.630695822235E-04   -1.795442461774E-04
   -4.492726107922E-05   -1.332897410365E-04    3.630695822235E-04    7.984147118212E-01   -2.704363937777E-04
    2.434877593116E-04    8.216807166314E-05   -1.795442461774E-04   -2.704363937777E-04    1.530944746195E+00
   17.668266864978158     
   -9.994834462633E-01   -1.172307139517E-04    1.490529170087E-04   -3.239899298480E-05    2.225770580533E-04
   -1.172307139517E-04    3.084755695346E-02   -1.584908749528E-04   -1.178657270291E-04    7.457602559706E-05
    1.490529170087E-04   -1.584908749528E-04    2.731729891052E-01    3.289307985006E-04   -1.668188295578E-04
   -3.239899298480E-05   -1.178657270291E-04    3.289307985006E-04    7.425320507163E-01   -2.556020652581E-04
    2.225770580533E-04    7.457602559706E-05   -1.668188295578E-04   -2.556020652581E-04    1.425569620517E+00
   18.272266760965628     
   -9.995350237658E-01   -1.047726540116E-04    1.391543215036E-04   -2.196374881410E-05    2.032886838762E-04
   -1.047726540116E-04    2.863299220839E-02   -1.370846003307E-04   -1.041675880807E-04    6.755677058218E-05
    1.391543215036E-04   -1.370846003307E-04    2.539513771516E-01    2.974681225955E-04   -1.544355181375E-04
   -2.196374881410E-05   -1.041675880807E-04    2.974681225955E-04    6.914118880740E-01   -2.408092618755E-04
    2.032886838762E-04    6.755677058218E-05   -1.544355181375E-04   -2.408092618755E-04    1.329007836838E+00
   18.886417915709199     
   -9.995822158916E-01   -9.366587761917E-05    1.294921632924E-04   -1.334205258882E-05    1.855316653822E-04
   -9.366587761917E-05    2.661674708970E-02   -1.187130067030E-04   -9.202288795198E-05    6.109442798143E-05
    1.294921632924E-04   -1.187130067030E-04    2.363934214443E-01    2.685961220841E-04   -1.425062549679E-04
   -1.334205258882E-05   -9.202288795198E-05    2.685961220841E-04    6.445816783758E-01   -2.261925799588E-04
    1.855316653822E-04    6.109442798143E-05   -1.425062549679E-04   -2.261925799588E-04    1.240399535091E+00
   19.510720329208862     
   -9.996253575718E-01   -8.376665115589E-05    1.201647026757E-04   -6.283800390207E-06    1.692131964423E-04
   -8.376665115589E-05    2.477760982629E-02   -1.029350882059E-04   -8.127093973435E-05    5.516675756346E-05
    1.201647026757E-04   -1.029350882059E-04    2.203302002819E-01    2.422016775966E-04   -1.311128848344E-04
   -6.283800390207E-06   -8.127093973435E-05    2.422016775966E-04    6.016219284688E-01   -2.118675886457E-04
    1.692131964423E-04    5.516675756346E-05   -1.311128848344E-04   -2.118675886457E-04    1.158980308360E+00
   20.145174001464607     
   -9.996647561853E-01   -7.494503071977E-05    1.112406575296E-04   -5.665161196162E-07    1.542404871049E-04
   -7.494503071977E-05    2.309699538018E-02   -8.937358637791E-05   -7.176348615265E-05    4.974716874020E-05
    1.112406575296E-04   -8.937358637791E-05    2.056122396629E-01    2.181525155555E-04   -1.203116678824E-04
   -5.665161196162E-07   -7.176348615265E-05    2.181525155555E-04    5.621595747197E-01   -1.979311010787E-04
    1.542404871049E-04    4.974716874020E-05   -1.203116678824E-04   -1.979311010787E-04    1.084069336798E+00
   20.789778932476452     
   -9.997006966957E-01   -6.708397482171E-05    1.027652300621E-04    4.006584701113E-06    1.405221638245E-04
   -6.708397482171E-05    2.155857767905E-02   -7.770626419838E-05   -6.336484940813E-05    4.480631613280E-05
    1.027652300621E-04   -7.770626419838E-05    1.921070375179E-01    1.963042902061E-04   -1.101374846515E-04
    4.006584701113E-06   -6.336484940813E-05    1.963042902061E-04    5.258622700330E-01   -1.844619230056E-04
    1.405221638245E-04    4.480631613280E-05   -1.101374846515E-04   -1.844619230056E-04    1.015059153619E+00
   21.444535122244393     
   -9.997334434899E-01   -6.007839338871E-05    9.476508181150E-05    7.608631385572E-06    1.279693124154E-04
   -6.007839338871E-05    2.014797897847E-02   -6.765818808875E-05   -5.595170413069E-05    4.031334994238E-05
    9.476508181150E-05   -6.765818808875E-05    1.796969302633E-01    1.765063318169E-04   -1.006076604637E-04
    7.608631385572E-06   -5.595170413069E-05    1.765063318169E-04    4.924334444476E-01   -1.715219657901E-04
    1.279693124154E-04    4.031334994238E-05   -1.006076604637E-04   -1.715219657901E-04    9.514067979934E-01
   22.109442570768412     
   -9.997632423549E-01   -5.383417524301E-05    8.725242153613E-05    1.039116341888E-05    1.164962360665E-04
   -5.383417524301E-05    1.885250664919E-02   -5.899496323753E-05   -4.941259084075E-05    3.623688150666E-05
    8.725242153613E-05   -5.899496323753E-05    1.682772507753E-01    1.586062006615E-04   -9.172537335723E-05
    1.039116341888E-05   -4.941259084075E-05    1.586062006615E-04    4.616080245806E-01   -1.591576162608E-04
    1.164962360665E-04    3.623688150666E-05   -9.172537335723E-05   -1.591576162608E-04    8.926261487064E-01
   22.784501278048534     
   -9.997903229315E-01   -4.826722554822E-05    8.022834759553E-05    1.248616936807E-05    1.060209873418E-04
   -4.826722554822E-05    1.766092947535E-02   -5.151684821806E-05   -4.364726012989E-05    3.254571596670E-05
    8.022834759553E-05   -5.151684821806E-05    1.577547350652E-01    1.424531998577E-04   -8.348263809336E-05
    1.248616936807E-05   -4.364726012989E-05    1.424531998577E-04    4.331487158824E-01   -1.474012686931E-04
    1.060209873418E-04    3.254571596670E-05   -8.348263809336E-05   -1.474012686931E-04    8.382812659422E-01
   23.469711244084742     
   -9.998148983648E-01   -4.330253586765E-05    7.368556648351E-05    1.400805818219E-05    9.646572198204E-05
   -4.330253586765E-05    1.656328698325E-02   -4.505366550437E-05   -3.856591591506E-05    2.920939613763E-05
    7.368556648351E-05   -4.505366550437E-05    1.480461416927E-01    1.279010014313E-04   -7.586287848676E-05
    1.400805818219E-05   -3.856591591506E-05    1.279010014313E-04    4.068427670576E-01   -1.362729386552E-04
    9.646572198204E-05    2.920939613763E-05   -7.586287848676E-05   -1.362729386552E-04    7.879805961709E-01
   24.165072468877050     
   -9.998371685574E-01   -3.887330086486E-05    6.761058966723E-05    1.505553378932E-05    8.775691054895E-05
   -3.887330086486E-05    1.555072644125E-02   -3.946042069854E-05   -3.408840790264E-05    2.619859415961E-05
    6.761058966723E-05   -3.946042069854E-05    1.390770532790E-01    1.148095297660E-04   -6.884311195858E-05
    1.505553378932E-05   -3.408840790264E-05    1.148095297660E-04    3.824991481000E-01   -1.257818903030E-04
    8.775691054895E-05    2.619859415961E-05   -6.884311195858E-05   -1.257818903030E-04    7.413719170842E-01
   24.870584952425446     
   -9.998573200111E-01   -3.492009185408E-05    6.198549789182E-05    1.571335319334E-05    7.982543965753E-05
   -3.492009185408E-05    1.461536314761E-02   -3.461354726296E-05   -3.014341077709E-05    2.348538197823E-05
    6.198549789182E-05   -3.461354726296E-05    1.307808344626E-01    1.030462385519E-04   -6.239577942823E-05
    1.571335319334E-05   -3.014341077709E-05    1.030462385519E-04    3.599460845983E-01   -1.159282259727E-04
    7.982543965753E-05    2.348538197823E-05   -6.239577942823E-05   -1.159282259727E-04    6.981379194666E-01
   25.586248694729932     
   -9.998755264102E-01   -3.139009156089E-05    5.678934674263E-05    1.605395640332E-05    7.260662594161E-05
   -3.139009156089E-05    1.375016034547E-02   -3.040769703403E-05   -2.666761605717E-05    2.104340587707E-05
    5.678934674263E-05   -3.040769703403E-05    1.230977242587E-01    9.248689929594E-05   -5.649025626394E-05
    1.605395640332E-05   -2.666761605717E-05    9.248689929594E-05    3.390288991063E-01   -1.067043971542E-04
    7.260662594161E-05    2.104340587707E-05   -5.649025626394E-05   -1.067043971542E-04    6.579923377665E-01
   26.312063695790510     
   -9.998919498270E-01   -2.823639195124E-05    5.199927656903E-05    1.613896245926E-05    6.604016239891E-05
   -2.823639195124E-05    1.294882573893E-02   -2.675300406404E-05   -2.360495474761E-05    1.884798601995E-05
    5.199927656903E-05   -2.675300406404E-05    1.159740441763E-01    8.301600537730E-05   -5.109408176530E-05
    1.613896245926E-05   -2.360495474761E-05    8.301600537730E-05    3.196081179414E-01   -9.809660875549E-05
    6.604016239891E-05    1.884798601995E-05   -5.109408176530E-05   -9.809660875549E-05    6.206765546853E-01
   27.048029955607177     
   -9.999067411231E-01   -2.541735475835E-05    4.759138006569E-05    1.602053059864E-05    6.007001324568E-05
   -2.541735475835E-05    1.220572209217E-02   -2.357275662727E-05   -2.090586265730E-05    1.687615816860E-05
    4.759138006569E-05   -2.357275662727E-05    1.093615062159E-01    7.452688037321E-05   -4.617394400197E-05
    1.602053059864E-05   -2.090586265730E-05    7.452688037321E-05    3.015578079403E-01   -9.008609882179E-05
    6.007001324568E-05    1.687615816860E-05   -4.617394400197E-05   -9.008609882179E-05    5.859566162179E-01
   27.794147474179947     
   -9.999200401442E-01   -2.289603252692E-05    4.354137193099E-05    1.574258915048E-05    5.464427005645E-05
   -2.289603252692E-05    1.151578980388E-02   -2.080141938663E-05   -1.852659540622E-05    1.510667147843E-05
    4.354137193099E-05   -2.080141938663E-05    1.032166071597E-01    6.692156439506E-05   -4.169645470751E-05
    1.574258915048E-05   -1.852659540622E-05    6.692156439506E-05    2.847641127665E-01   -8.265028382197E-05
    5.464427005645E-05    1.510667147843E-05   -4.169645470751E-05   -8.265028382197E-05    5.536206027303E-01
   28.550416251508803     
   -9.999319772208E-01   -2.063964694273E-05    3.982509766597E-05    1.534193727011E-05    4.971497956284E-05
   -2.063964694273E-05    1.087447969071E-02   -1.838295481393E-05   -1.642859663108E-05    1.351995360244E-05
    3.982509766597E-05   -1.838295481393E-05    9.750009752236E-02    6.011053896265E-05   -3.762874620296E-05
    1.534193727011E-05   -1.642859663108E-05    6.011053896265E-05    2.691239626991E-01   -7.576376628801E-05
    4.971497956284E-05    1.351995360244E-05   -3.762874620296E-05   -7.576376628801E-05    5.234763094746E-01
   29.316836287593748     
   -9.999426734804E-01   -1.861912085212E-05    3.641891277584E-05    1.484922645854E-05    4.523795209712E-05
   -1.861912085212E-05    1.027769450287E-02   -1.626939979129E-05   -1.457792048803E-05    1.209805220580E-05
    3.641891277584E-05   -1.626939979129E-05    9.217651525599E-02    5.401233990966E-05   -3.393891947615E-05
    1.484922645854E-05   -1.457792048803E-05    5.401233990966E-05    2.545439356329E-01   -6.939920743759E-05
    4.523795209712E-05    1.209805220580E-05   -3.393891947615E-05   -6.939920743759E-05    4.953491967503E-01
   30.093407582434789     
   -9.999522403407E-01   -1.680865980211E-05    3.329995795123E-05    1.428982992728E-05    4.117255758805E-05
   -1.680865980211E-05    9.721737922323E-03   -1.441965912024E-05   -1.294470760267E-05    1.082456006969E-05
    3.329995795123E-05   -1.441965912024E-05    8.721377566431E-02    4.855309716479E-05   -3.059636906068E-05
    1.428982992728E-05   -1.294470760267E-05    4.855309716479E-05    2.409392500280E-01   -6.352807069832E-05
    4.117255758805E-05    1.082456006969E-05   -3.059636906068E-05   -6.352807069832E-05    4.690805753614E-01
   30.880130136031912     
   -9.999607810891E-01   -1.518537874527E-05    3.044635114745E-05    1.368460842239E-05    3.748151447804E-05
   -1.518537874527E-05    9.203269985967E-03   -1.279848299656E-05   -1.150271235079E-05    9.684529436171E-06
    3.044635114745E-05   -1.279848299656E-05    8.258281016293E-02    4.366603152469E-05   -2.757200709317E-05
    1.368460842239E-05   -1.150271235079E-05    4.366603152469E-05    2.282328731390E-01   -5.812124447189E-05
    3.748151447804E-05    9.684529436171E-06   -2.757200709317E-05   -5.812124447189E-05    4.445259976780E-01
   31.677003948385142     
   -9.999683904608E-01   -1.372896998128E-05    2.783731436361E-05    1.305058152894E-05    3.413067661954E-05
   -1.372896998128E-05    8.719268047330E-03   -1.137560054777E-05   -1.022887872549E-05    8.664380107411E-06
    2.783731436361E-05   -1.137560054777E-05    7.825724762403E-02    3.929093224984E-05   -2.483840617490E-05
    1.305058152894E-05   -1.022887872549E-05    3.929093224984E-05    2.163547302990E-01   -5.314955506752E-05
    3.413067661954E-05    8.664380107411E-06   -2.483840617490E-05   -5.314955506752E-05    4.215538289643E-01
   32.484029019494464     
   -9.999751558658E-01   -1.242140814784E-05    2.545324902906E-05    1.240151327004E-05    3.108882137495E-05
   -1.242140814784E-05    8.266992514472E-03   -1.012498535133E-05   -9.102961370039E-06    7.751804679717E-06
    2.545324902906E-05   -1.012498535133E-05    7.421313282673E-02    3.537363252027E-05   -2.236987747704E-05
    1.240151327004E-05   -9.102961370039E-06    3.537363252027E-05    2.052410027469E-01   -4.858418059699E-05
    3.108882137495E-05    7.751804679717E-06   -2.236987747704E-05   -4.858418059699E-05    4.000439767365E-01
   33.301205349359861     
   -9.999811576492E-01   -1.124668861744E-05    2.327577182278E-05    1.174842069981E-05    2.832744203707E-05
   -1.124668861744E-05    7.843956722905E-03   -9.024232691443E-06   -8.107188268411E-06    6.935673556539E-06
    2.327577182278E-05   -9.024232691443E-06    7.042867734655E-02    3.186549576865E-05   -2.014249821557E-05
    1.174842069981E-05   -8.107188268411E-06    3.186549576865E-05    1.948335032939E-01   -4.439697767021E-05
    2.832744203707E-05    6.935673556539E-06   -2.014249821557E-05   -4.439697767021E-05    3.798867591252E-01
   34.128532937981369     
   -9.999864698773E-01   -1.019059572285E-05    2.128772019673E-05    1.110001369215E-05    2.582054658685E-05
   -1.019059572285E-05    7.447900391832E-03   -8.054031252465E-06   -7.225961431049E-06    6.205941662983E-06
    2.128772019673E-05   -8.054031252465E-06    6.688403881062E-02    2.872292168164E-05   -1.813410015746E-05
    1.110001369215E-05   -7.225961431049E-06    2.872292168164E-05    1.850791204367E-01   -4.056073203076E-05
    2.582054658685E-05    6.205941662983E-06   -1.813410015746E-05   -4.056073203076E-05    3.609818955653E-01
   34.966011785358951     
   -9.999911594382E-01   -9.240497655673E-06    1.947313530778E-05    1.046307370355E-05    2.354446455346E-05
   -9.240497655673E-06    7.076766195707E-03   -7.197714698971E-06   -6.445592036392E-06    5.553558287078E-06
    1.947313530778E-05   -7.197714698971E-06    6.356112502134E-02    2.590687800442E-05   -1.632422891375E-05
    1.046307370355E-05   -6.445592036392E-06    2.590687800442E-05    1.759293228095E-01   -3.704934410084E-05
    2.354446455346E-05    5.553558287078E-06   -1.632422891375E-05   -3.704934410084E-05    3.432376054223E-01
   35.813641891492637     
   -9.999952883392E-01   -8.385164950821E-06    1.781722814037E-05    9.842778567874E-06    2.147766277526E-05
   -8.385164950821E-06    6.728679043968E-03   -6.440880693471E-06   -5.754066536888E-06    4.970380989335E-06
    1.781722814037E-05   -6.440880693471E-06    6.044341986747E-02    2.338246148900E-05   -1.469408183798E-05
    9.842778567874E-06   -5.754066536888E-06    2.338246148900E-05    1.673397167888E-01   -3.383795905431E-05
    2.147766277526E-05    4.970380989335E-06   -1.469408183798E-05   -3.383795905431E-05    3.265698018134E-01
   36.671423256382418     
   -9.999989128741E-01   -7.614610091620E-06    1.630633402021E-05    9.242980031692E-06    1.960057125694E-05
   -7.614610091620E-06    6.401927728404E-03   -5.771067066967E-06   -5.140840584872E-06    4.449094275717E-06
    1.630633402021E-05   -5.771067066967E-06    5.751582842256E-02    2.111849035282E-05   -1.322643112527E-05
    9.242980031692E-06   -5.140840584872E-06    2.111849035282E-05    1.592696511599E-01   -3.090305108739E-05
    1.960057125694E-05    4.449094275717E-06   -1.322643112527E-05   -3.090305108739E-05    3.109013698047E-01
   37.539355880028282     
   -1.000002083602E+00   -6.919945712680E-06    1.492785908548E-05    8.666439910249E-06    1.789541926026E-05
   -6.919945712680E-06    6.094948636773E-03   -5.177476249856E-06   -4.596657718252E-06    3.983133379506E-06
    1.492785908548E-05   -5.177476249856E-06    5.476453890074E-02    1.908712857071E-05   -1.190553715291E-05
    8.666439910249E-06   -4.596657718252E-06    1.908712857071E-05    1.516818633478E-01   -2.822246971910E-05
    1.789541926026E-05    3.983133379506E-06   -1.190553715291E-05   -2.822246971910E-05    2.961615192434E-01
   38.417439762430242     
   -1.000004847434E+00   -6.293259249553E-06    1.367022167933E-05    8.115030221366E-06    1.634608178010E-05
   -6.293259249553E-06    5.806311275286E-03   -4.650740537478E-06   -4.113390046345E-06    3.566613331459E-06
    1.367022167933E-05   -4.650740537478E-06    5.217689946307E-02    1.726354165224E-05   -1.071705613519E-05
    8.115030221366E-06   -4.113390046345E-06    1.726354165224E-05    1.445421624532E-01   -2.577545531578E-05
    1.634608178010E-05    3.566613331459E-06   -1.071705613519E-05   -2.577545531578E-05    2.822852037739E-01
   39.305674903588297     
   -1.000007246438E+00   -5.727502239361E-06    1.252279121119E-05    7.589902215899E-06    1.493793665579E-05
   -5.727502239361E-06    5.534705381419E-03   -4.182722007514E-06   -3.683898468498E-06    3.194263368372E-06
    1.252279121119E-05   -4.182722007514E-06    4.974130815714E-02    1.562558316078E-05   -9.647945351721E-06
    7.589902215899E-06   -3.683898468498E-06    1.562558316078E-05    1.378191450001E-01   -2.354263045824E-05
    1.493793665579E-05    3.194263368372E-06   -9.647945351721E-06   -2.354263045824E-05    2.692125987672E-01
   40.204061303502435     
   -1.000009319149E+00   -5.216392444949E-06    1.147582600375E-05    7.091628467857E-06    1.365773183138E-05
   -5.216392444949E-06    5.278929430941E-03   -3.766341720710E-06   -3.301910101527E-06    2.861366561096E-06
    1.147582600375E-05   -3.766341720710E-06    4.744711443221E-02    1.415351023293E-05   -8.686368280615E-06
    7.091628467857E-06   -3.301910101527E-06    1.415351023293E-05    1.314839396556E-01   -2.150597219425E-05
    1.365773183138E-05    2.861366561096E-06   -8.686368280615E-06   -2.150597219425E-05    2.568886315260E-01
   41.112598962172676     
   -1.000011100062E+00   -4.754327382709E-06    1.052041163863E-05    6.620321886264E-06    1.249346267105E-05
   -4.754327382709E-06    5.037880374918E-03   -3.395433809012E-06   -2.961910909152E-06    2.563704509500E-06
    1.052041163863E-05   -3.395433809012E-06    4.528453091866E-02    1.282972655599E-05   -7.821601523238E-06
    6.620321886264E-06   -2.961910909152E-06    1.282972655599E-05    1.255099777606E-01   -1.964877001880E-05
    1.249346267105E-05    2.563704509500E-06   -7.821601523238E-06   -1.964877001880E-05    2.452625581386E-01
   42.031287879598999     
   -1.000012621238E+00   -4.336307850182E-06    9.648400645755E-06    6.175734902670E-06    1.143425877087E-05
   -4.336307850182E-06    4.810544459463E-03   -3.064620644951E-06   -2.659051681285E-06    2.297506860318E-06
    9.648400645755E-06   -3.064620644951E-06    4.324455428519E-02    1.163855075167E-05   -7.043944796272E-06
    6.175734902670E-06   -2.659051681285E-06    1.163855075167E-05    1.198727867906E-01   -1.795557323356E-05
    1.143425877087E-05    2.297506860318E-06   -7.043944796272E-06   -1.795557323356E-05    2.342875818587E-01
   42.960128055781418     
   -1.000013910163E+00   -3.957870359570E-06    8.852354424784E-06    5.757341835573E-06    1.047028002425E-05
   -3.957870359570E-06    4.595989004667E-03   -2.769205973600E-06   -2.389065769987E-06    2.059405396992E-06
    8.852354424784E-06   -2.769205973600E-06    4.131889417352E-02    1.056600839472E-05   -6.344634978416E-06
    5.757341835573E-06   -2.389065769987E-06    1.056600839472E-05    1.145498043115E-01   -1.641213113261E-05
    1.047028002425E-05    2.059405396992E-06   -6.344634978416E-06   -1.641213113261E-05    2.239205086636E-01
   43.899119490719940     
   -1.000014992297E+00   -3.615027314679E-06    8.125487634752E-06    5.364406829225E-06    9.592621149315E-06
   -3.615027314679E-06    4.393355028542E-03   -2.505083246657E-06   -2.148197096693E-06    1.846392389676E-06
    8.125487634752E-06   -2.505083246657E-06    3.949990927750E-02    9.599645440373E-06   -5.715764743802E-06
    5.364406829225E-06   -2.148197096693E-06    9.599645440373E-06    1.095202101359E-01   -1.500532827305E-05
    9.592621149315E-06    1.846392389676E-06   -5.715764743802E-06   -1.500532827305E-05    2.141214359074E-01
   44.848262184414530     
   -1.000015891149E+00   -3.304214116160E-06    7.461615586534E-06    4.996039677446E-06    8.793224416165E-06
   -3.304214116160E-06    4.201850622943E-03   -2.268656958706E-06   -1.933137194395E-06    1.655782924975E-06
    7.461615586534E-06   -2.268656958706E-06    3.778054980487E-02    8.728361383858E-06   -5.150206216990E-06
    4.996039677446E-06   -1.933137194395E-06    8.728361383858E-06    1.047647748078E-01   -1.372311724927E-05
    8.793224416165E-06    1.655782924975E-06   -5.150206216990E-06   -1.372311724927E-05    2.048534707112E-01
   45.807556136865237     
   -1.000016627636E+00   -3.022242348951E-06    6.855104747598E-06    4.651241392323E-06    8.064799959520E-06
   -3.022242348951E-06    4.020744996013E-03   -2.056775043604E-06   -1.740970147404E-06    1.485180907187E-06
    6.855104747598E-06   -2.056775043604E-06    3.615430561600E-02    7.942260249483E-06   -4.641539797836E-06
    4.651241392323E-06   -1.740970147404E-06    7.942260249483E-06    1.002657226653E-01   -1.255445054842E-05
    8.064799959520E-06    1.485180907187E-06   -4.641539797836E-06   -1.255445054842E-05    1.960824749646E-01
   46.777001348072012     
   -1.000017219629E+00   -2.766258326652E-06    6.300826415464E-06    4.328941136137E-06    7.400753123006E-06
   -2.766258326652E-06    3.849363106735E-03   -1.866670699321E-06   -1.569124435154E-06    1.332448432210E-06
    6.300826415464E-06   -1.866670699321E-06    3.461515942284E-02    7.232517665238E-06   -4.183988173248E-06
    4.328941136137E-06   -1.569124435154E-06    7.232517665238E-06    9.600660794628E-02   -1.148921276550E-05
    7.400753123006E-06    1.332448432210E-06   -4.183988173248E-06   -1.148921276550E-05    1.877768341842E-01
   47.756597818034898     
   -1.000017684196E+00   -2.533706345627E-06    5.794113521703E-06    4.028025888656E-06    6.795118271452E-06
   -2.533706345627E-06    3.687080825886E-03   -1.695912253844E-06   -1.415330806708E-06    1.195678247460E-06
    5.794113521703E-06   -1.695912253844E-06    3.315754449986E-02    6.591262383353E-06   -3.772355428157E-06
    4.028025888656E-06   -1.415330806708E-06    6.591262383353E-06    9.197220256490E-02   -1.051815413165E-05
    6.795118271452E-06    1.195678247460E-06   -3.772355428157E-06   -1.051815413165E-05    1.799072477621E-01
   48.746345546753879     
   -1.000018037035E+00   -2.322296145089E-06    5.330720621242E-06    3.747364111494E-06    6.242498699246E-06
   -2.322296145089E-06    3.533320567996E-03   -1.542359935479E-06   -1.277585440196E-06    1.073169031143E-06
    5.330720621242E-06   -1.542359935479E-06    3.177630644402E-02    6.011470876883E-06   -3.401971119969E-06
    3.747364111494E-06   -1.277585440196E-06    6.011470876883E-06    8.814839439723E-02   -9.632826256669E-06
    6.242498699246E-06    1.073169031143E-06   -3.401971119969E-06   -9.632826256669E-06    1.724465385155E-01
   49.746244534228936     
   -1.000018290674E+00   -2.129974060485E-06    4.906786917536E-06    3.485824398493E-06    5.738012093904E-06
   -2.129974060485E-06    3.387547343031E-03   -1.404128540208E-06   -1.154117711577E-06    9.634032296641E-07
    4.906786917536E-06   -1.404128540208E-06    3.046666855308E-02    5.486873601745E-06   -3.068639084814E-06
    3.485824398493E-06   -1.154117711577E-06    5.486873601745E-06    8.452209498856E-02   -8.825520552747E-06
    5.738012093904E-06    9.634032296641E-07   -3.068639084814E-06   -8.825520552747E-06    1.653694795756E-01
   50.756294780460074     
   -1.000018457766E+00   -1.954897399095E-06    4.518802105535E-06    3.242289917040E-06    5.277240992945E-06
   -1.954897399095E-06    3.249265181743E-03   -1.279555128175E-06   -1.043361976582E-06    8.650272082422E-07
    4.518802105535E-06   -1.279555128175E-06    2.922420043238E-02    5.011871598197E-06   -2.768590702819E-06
    3.242289917040E-06   -1.043361976582E-06    5.011871598197E-06    8.108115569314E-02   -8.089209582152E-06
    5.277240992945E-06    8.650272082422E-07   -2.768590702819E-06   -8.089209582152E-06    1.586526368279E-01
   51.776496285447330     
   -1.000018548631E+00   -1.795411736172E-06    4.163575057211E-06    3.015669479074E-06    4.856188002183E-06
   -1.795411736172E-06    3.118013898251E-03   -1.167171079184E-06   -9.439328796899E-07    7.768334998863E-07
    4.163575057211E-06   -1.167171079184E-06    2.804478952281E-02    4.581462478020E-06   -2.498442385305E-06
    3.015669479074E-06   -9.439328796899E-07    4.581462478020E-06    7.781429146626E-02   -7.417491792968E-06
    4.856188002183E-06    7.768334998863E-07   -2.498442385305E-06   -7.417491792968E-06    1.522742254914E-01
   52.806849049190674     
   -1.000018573441E+00   -1.650030725297E-06    3.838205031388E-06    2.804905756789E-06    4.471235185880E-06
   -1.650030725297E-06    2.993366152244E-03   -1.065677851812E-06   -8.546037221647E-07    6.977449385509E-07
    3.838205031388E-06   -1.065677851812E-06    2.692461522950E-02    4.191174626591E-06   -2.255156962972E-06
    2.804905756789E-06   -8.546037221647E-07    4.191174626591E-06    7.471101148836E-02   -6.804539543020E-06
    4.471235185880E-06    6.977449385509E-07   -2.255156962972E-06   -6.804539543020E-06    1.462139793489E-01
   53.847353071690115     
   -1.000018540223E+00   -1.517418184213E-06    3.540055367914E-06    2.608981241006E-06    4.119107396014E-06
   -1.517418184213E-06    2.874924782081E-03   -9.739259587974E-07   -7.742875171779E-07    6.268004929025E-07
    3.540055367914E-06   -9.739259587974E-07    2.586012540707E-02    3.837008828802E-06   -2.036008713772E-06
    2.608981241006E-06   -7.742875171779E-07    3.837008828802E-06    7.176155599603E-02   -6.245050615884E-06
    4.119107396014E-06    6.268004929025E-07   -2.036008713772E-06   -6.245050615884E-06    1.404530314902E-01
   54.898008352945645     
   -1.000018457211E+00   -1.396372148512E-06    3.266729393258E-06    2.426922306026E-06    3.796839066658E-06
   -1.396372148512E-06    2.762320379483E-03   -8.908966845025E-07   -7.020203780268E-07    5.631426227655E-07
    3.266729393258E-06   -8.908966845025E-07    2.484801495005E-02    3.515386395555E-06   -1.838551724560E-06
    2.426922306026E-06   -7.020203780268E-07    3.515386395555E-06    6.895683867255E-02   -5.734203048718E-06
    3.796839066658E-06    5.631426227655E-07   -1.838551724560E-06   -5.734203048718E-06    1.349738053902E-01
   55.958814892957243     
   -1.000018330935E+00   -1.285810709383E-06    3.016048475873E-06    2.257801810925E-06    3.501744267851E-06
   -1.285810709383E-06    2.655209083242E-03   -8.156861913891E-07   -6.369469569269E-07    5.060060049946E-07
    3.016048475873E-06   -8.156861913891E-07    2.388520629568E-02    3.223103156589E-06   -1.660591332734E-06
    2.257801810925E-06   -6.369469569269E-07    3.223103156589E-06    6.628839410004E-02   -5.267613329780E-06
    3.501744267851E-06    5.060060049946E-07   -1.660591332734E-06   -5.267613329780E-06    1.297599154115E-01
   57.029772691724951     
   -1.000018167265E+00   -1.184759397288E-06    2.786031990941E-06    2.100740484715E-06    3.231389627125E-06
   -1.184759397288E-06    2.553270568769E-03   -7.474916681763E-07   -5.783076655491E-07    4.547074826649E-07
    2.786031990941E-06   -7.474916681763E-07    2.296883163922E-02    2.957288586690E-06   -1.500158369916E-06
    2.100740484715E-06   -5.783076655491E-07    2.957288586690E-06    6.374832975560E-02   -4.841297736056E-06
    3.231389627125E-06    4.547074826649E-07   -1.500158369916E-06   -4.841297736056E-06    1.247960757844E-01
   58.110881749248755     
   -1.000017971886E+00   -1.092339952209E-06    2.574879084531E-06    1.954907374015E-06    2.983569894657E-06
   -1.092339952209E-06    2.456206214917E-03   -6.855992522013E-07   -5.254274576968E-07    4.086371098376E-07
    2.574879084531E-06   -6.855992522013E-07    2.209621670205E-02    2.715369522876E-06   -1.355485967655E-06
    1.954907374015E-06   -5.254274576968E-07    2.715369522876E-06    6.132928213611E-02   -4.451636725655E-06
    2.983569894657E-06    4.086371098376E-07   -1.355485967655E-06   -4.451636725655E-06    1.200680173039E-01
   59.202142065528655     
   -1.000017749538E+00   -1.007760323709E-06    2.380952093573E-06    1.819519561583E-06    2.756285903600E-06
   -1.007760323709E-06    2.363737430850E-03   -6.293734871324E-07   -4.777059779666E-07    3.672501752072E-07
    2.380952093573E-06   -6.293734871324E-07    2.126486590369E-02    2.495037954749E-06   -1.224988692734E-06
    1.819519561583E-06   -4.777059779666E-07    2.495037954749E-06    5.902437662371E-02   -4.095342227338E-06
    2.756285903600E-06    3.672501752072E-07   -1.224988692734E-06   -4.095342227338E-06    1.155624110280E-01
   60.303553640564637     
   -1.000017503753E+00   -9.303057551648E-07    2.202761469430E-06    1.693841315414E-06    2.547724679611E-06
   -9.303057551648E-07    2.275604127272E-03   -5.782481066482E-07   -4.346089032016E-07    3.300600988769E-07
    2.202761469430E-06   -5.782481066482E-07    2.047244880190E-02    2.294222411751E-06   -1.107243792263E-06
    1.693841315414E-06   -4.346089032016E-07    2.294222411751E-06    5.682719073675E-02   -3.769427636136E-06
    2.547724679611E-06    3.300600988769E-07   -1.107243792263E-06   -3.769427636136E-06    1.112667983268E-01
   61.415116474356701     
   -1.000017240449E+00   -8.593308217595E-07    2.038952058561E-06    1.577182794193E-06    2.356241470641E-06
   -8.593308217595E-07    2.191563317782E-03   -5.317179631515E-07   -3.956603259499E-07    2.966321084273E-07
    2.038952058561E-06   -5.317179631515E-07    1.971678767725E-02    2.111062521501E-06   -1.000974348080E-06
    1.577182794192E-06   -3.956603259499E-07    2.111062521501E-06    5.473172044202E-02   -3.471180318470E-06
    2.356241470641E-06    2.966321084273E-07   -1.000974348080E-06   -3.471180318470E-06    1.071695266811E-01
   62.536830566904868     
   -1.000016960428E+00   -7.942523557507E-07    1.888290717854E-06    1.468898493261E-06    2.180343619573E-06
   -7.942523557507E-07    2.111387840110E-03   -4.893319741823E-07   -3.604360598960E-07    2.665776096021E-07
    1.888290717854E-06   -4.893319741823E-07    1.899584617337E-02    1.943886465233E-06   -9.050341643414E-07
    1.468898493261E-06   -3.604360598960E-07    1.943886465233E-06    5.273234929556E-02   -3.198136579855E-06
    2.180343619573E-06    2.665776096021E-07   -9.050341643415E-07   -3.198136579855E-06    1.032596908023E-01
   63.668695918209139     
   -1.000016668499E+00   -7.345430856849E-07    1.749654973944E-06    1.368385393158E-06    2.018675901481E-06
   -7.345430856849E-07    2.034865182281E-03   -4.506869102812E-07   -3.285577348280E-07    2.395491755828E-07
    1.749654973944E-06   -4.506869102812E-07    1.830771886238E-02    1.791190842773E-06   -8.183942028047E-07
    1.368385393158E-06   -3.285577348280E-07    1.791190842773E-06    5.082382006689E-02   -2.948058688441E-06
    2.018675901481E-06    2.395491755828E-07   -8.183942028047E-07   -2.948058688441E-06    9.952707843326E-02
   64.810712528269491     
   -1.000016366487E+00   -6.797259947971E-07    1.622022832532E-06    1.275081036283E-06    1.870007409649E-06
   -6.797259947971E-07    1.961796408283E-03   -4.154219641513E-07   -2.996876039032E-07    2.152360871589E-07
    1.622022832532E-06   -4.154219641513E-07    1.765062168846E-02    1.651622853788E-06   -7.401304297329E-07
    1.275081036283E-06   -2.996876039032E-07    1.651622853788E-06    4.900120872383E-02   -2.718914061859E-06
    1.870007409649E-06    2.152360871589E-07   -7.401304297329E-07   -2.718914061859E-06    9.596212060238E-02
   65.962880397085939     
   -1.000016057260E+00   -6.293692513946E-07    1.504463475440E-06    1.188461468972E-06    1.733219656735E-06
   -6.293692513946E-07    1.891995170683E-03   -3.832139614152E-07   -2.735239593257E-07    1.933603633970E-07
    1.504463475440E-06   -3.832139614152E-07    1.702288317943E-02    1.523964388546E-06   -6.694129194753E-07
    1.188461468972E-06   -2.735239593257E-07    1.523964388546E-06    4.725990048528E-02   -2.508856238770E-06
    1.733219656735E-06    1.933603633970E-07   -6.694129194753E-07   -2.508856238770E-06    9.255584578691E-02
   67.125199524658456     
   -1.000015741220E+00   -5.830816908251E-07    1.396128865441E-06    1.108039174287E-06    1.607295886485E-06
   -5.830816908251E-07    1.825286804455E-03   -3.537731555942E-07   -2.497970917852E-07    1.736732282968E-07
    1.396128865441E-06   -3.537731555942E-07    1.642293637681E-02    1.407117902572E-06   -6.054960949544E-07
    1.108039174287E-06   -2.497970917852E-07    1.407117902572E-06    4.559556781133E-02   -2.316207623297E-06
    1.607295886485E-06    1.736732282968E-07   -6.054960949544E-07   -2.316207623297E-06    8.929983774218E-02
   68.297669910987096     
   -1.000015421990E+00   -5.405087547445E-07    1.296246096158E-06    1.033360970557E-06    1.491311385554E-06
   -5.405087547445E-07    1.761507492971E-03   -3.268395137205E-07   -2.282657195480E-07    1.559519661075E-07
    1.296246096158E-06   -3.268395137205E-07    1.584931140434E-02    1.300093801580E-06   -5.477099843456E-07
    1.033360970557E-06   -2.282657195480E-07    1.300093801580E-06    4.400415011726E-02   -2.139443751786E-06
    1.491311385554E-06    1.559519661075E-07   -5.477099843456E-07   -2.139443751786E-06    8.618619659821E-02
   69.480291556071819     
   -1.000015100134E+00   -5.013288765626E-07    1.204110510242E-06    9.640059761424E-07    1.384424801614E-06
   -5.013288765626E-07    1.700503501817E-03   -3.021794532566E-07   -2.087138387281E-07    1.399971210277E-07
    1.204110510242E-06   -3.021794532566E-07    1.530062863736E-02    1.201999248856E-06   -4.954523939732E-07
    9.640059761424E-07   -2.087138387281E-07    1.201999248856E-06    4.248183511197E-02   -1.977179072448E-06
    1.384424801614E-06    1.399971210277E-07   -4.954523939732E-07   -1.977179072448E-06    8.320750303802E-02
   70.673064459912638     
   -1.000014777664E+00   -4.652502241174E-07    1.119079418810E-06    8.995835863910E-07    1.285870258845E-06
   -4.652502241174E-07    1.642130472209E-03   -2.795829506562E-07   -1.909479347581E-07    1.256300045495E-07
    1.119079418810E-06   -2.795829506562E-07    1.477559240070E-02    1.112028148919E-06   -4.481818981984E-07
    8.995835863910E-07   -1.909479347581E-07    1.112028148919E-06    4.102504156723E-02   -1.828153982981E-06
    1.285870258845E-06    1.256300045495E-07   -4.481818981984E-07   -1.828153982981E-06    8.035678519503E-02
   71.875988622509539     
   -1.000014454826E+00   -4.320077919901E-07    1.040566439955E-06    8.397315379127E-07    1.194950276104E-06
   -4.320077919901E-07    1.586252770555E-03   -2.588609933986E-07   -1.747945183569E-07    1.126904751782E-07
    1.040566439955E-06   -2.588609933986E-07    1.427298516459E-02    1.029452241500E-06   -4.054115646062E-07
    8.397315379127E-07   -1.747945183569E-07    1.029452241500E-06    3.963040343643E-02   -1.691223111699E-06
    1.194950276104E-06    1.126904751782E-07   -4.054115646062E-07   -1.691223111699E-06    7.762748811701E-02
   73.089064043862521     
   -1.000014133174E+00   -4.013607840858E-07    9.680363467755E-07    7.841140303664E-07    1.111029349428E-06
   -4.013607840858E-07    1.532742888042E-03   -2.398433207503E-07   -1.600979422976E-07    1.010349612063E-07
    9.680363467755E-07   -2.398433207503E-07    1.379166218475E-02    9.536131352838E-07   -3.667033356626E-07
    7.841140303664E-07   -1.600979422976E-07    9.536131352838E-07    3.829475517896E-02   -1.565344664583E-06
    1.111029349428E-06    1.010349612063E-07   -3.667033356626E-07   -1.565344664583E-06    7.501344552648E-02
   74.312290723971614     
   -1.000013813370E+00   -3.730902716659E-07    9.010004159760E-07    7.324199450254E-07    1.033528177404E-06
   -3.730902716659E-07    1.481480886909E-03   -2.223764274191E-07   -1.467184690219E-07    9.053469892805E-08
    9.010004159760E-07   -2.223764274191E-07    1.333054655728E-02    8.839152114061E-07   -3.316629996800E-07
    7.324199450254E-07   -1.467184690219E-07    8.839152114061E-07    3.701511821062E-02   -1.449570792964E-06
    1.033528177404E-06    9.053469892805E-08   -3.316629996800E-07   -1.449570792964E-06    7.250885372753E-02
   75.545668662836803     
   -1.000013496179E+00   -3.469970858644E-07    8.390122023279E-07    6.843611427159E-07    9.619184343579E-07
   -3.469970858644E-07    1.432353888758E-03   -2.063217915865E-07   -1.345305567092E-07    8.107416282241E-08
    8.390122023279E-07   -2.063217915865E-07    1.288862464721E-02    8.198192752219E-07   -2.999356879006E-07
    6.843611427159E-07   -1.345305567092E-07    8.198192752219E-07    3.578868837044E-02   -1.343038852900E-06
    9.619184343579E-07    8.107416282241E-08   -2.999356879006E-07   -1.343038852900E-06    7.010824745286E-02
   76.789197860458074     
   -1.000013182311E+00   -3.228999254204E-07    7.816637122923E-07    6.396708549174E-07    8.957180525165E-07
   -3.228999254204E-07    1.385255601678E-03   -1.915543035921E-07   -1.234213392316E-07    7.254966626219E-08
    7.816637122923E-07   -1.915543035921E-07    1.246494186234E-02    7.608368855332E-07   -2.712018430277E-07
    6.396708549174E-07   -1.234213392316E-07    7.608368855332E-07    3.461282432707E-02   -1.244963492166E-06
    8.957180525165E-07    7.254966626219E-08   -2.712018430277E-07   -1.244963492166E-06    6.780647750576E-02
   78.042878316835441     
   -1.000012873120E+00   -3.006336544405E-07    7.285819332842E-07    5.981021641187E-07    8.344869562567E-07
   -3.006336544405E-07    1.340085882798E-03   -1.779608699304E-07   -1.132892766637E-07    6.486811401830E-08
    7.285819332842E-07   -1.779608699304E-07    1.205859874241E-02    7.065252813223E-07   -2.451736093822E-07
    5.981021641187E-07   -1.132892766637E-07    7.065252813223E-07    3.348503684399E-02   -1.154629480819E-06
    8.344869562567E-07    6.486811401830E-08   -2.451736093822E-07   -1.154629480819E-06    6.559869004469E-02
   79.306710031968905     
   -1.000012567729E+00   -2.800477742777E-07    6.794256947043E-07    5.594265807637E-07    7.778232149589E-07
   -2.800477742777E-07    1.296750333597E-03   -1.654391741501E-07   -1.040429571088E-07    5.794588929065E-08
    6.794256947043E-07   -1.654391741501E-07    1.166874733993E-02    6.564828489349E-07   -2.215915996905E-07
    5.594265807637E-07   -1.040429571088E-07    6.564828489349E-07    3.240297884011E-02   -1.071385228320E-06
    7.778232149589E-07    5.794588929065E-08   -2.215915996905E-07   -1.071385228320E-06    6.348030739031E-02
   80.580693005858436     
   -1.000012267481E+00   -2.610050412944E-07    6.338828053672E-07    5.234326955836E-07    7.253595459154E-07
   -2.610050412944E-07    1.255159924626E-03   -1.538965704527E-07   -9.560003038833E-08    5.170786154710E-08
    6.338828053672E-07   -1.538965704527E-07    1.129458786308E-02    6.103450493622E-07   -2.002219997531E-07
    5.234326955836E-07   -9.560003038833E-08    6.103450493622E-07    3.136443616517E-02   -9.946368929433E-07
    7.253595459154E-07    5.170786154710E-08   -2.002219997531E-07   -9.946368929433E-07    6.144701020241E-02
   81.864827238504077     
   -1.000011972161E+00   -2.433802292166E-07    5.916674745589E-07    4.899249325423E-07    6.767601709073E-07
   -2.433802292166E-07    1.215230648152E-03   -1.432491025063E-07   -8.788626083921E-08    4.608650026911E-08
    5.916674745589E-07   -1.432491025063E-07    1.093536556747E-02    5.677807849225E-07   -1.808539738230E-07
    4.899249325423E-07   -8.788626083921E-08    5.677807849225E-07    3.036731905517E-02   -9.238430695942E-07
    6.767601709073E-07    4.608650026911E-08   -1.808539738230E-07   -9.238430695942E-07    5.949472096054E-02
   83.159112729905814     
   -1.000011682155E+00   -2.270590086579E-07    5.525179599918E-07    4.587223743032E-07    6.317179577207E-07
   -2.270590086579E-07    1.176883195654E-03   -1.334206258399E-07   -8.083468325782E-08    4.102108441787E-08
    5.525179599918E-07   -1.334206258399E-07    1.059036786957E-02    5.284891313682E-07   -1.632973403689E-07
    4.587223743032E-07   -8.083468325782E-08    5.284891313682E-07    2.940965419304E-02   -8.585099641579E-07
    6.317179577207E-07    4.102108441787E-08   -1.632973403689E-07   -8.585099641579E-07    5.761958860675E-02
   84.463549480063648     
   -1.000011398292E+00   -2.119369387621E-07    5.161944381463E-07    4.296576711954E-07    5.899518379929E-07
   -2.119369387621E-07    1.140042658652E-03   -1.243420259405E-07   -7.438485137997E-08    3.645699620473E-08
    5.161944381463E-07   -1.243420259405E-07    1.025892166825E-02    4.921964107809E-07   -1.473804886267E-07
    4.296576711954E-07   -7.438485137997E-08    4.921964107809E-07    2.848957733873E-02   -7.981870292955E-07
    5.899518379929E-07    3.645699620473E-08   -1.473804886267E-07   -7.981870292955E-07    5.581797428186E-02
   85.778137488977563     
   -1.000011119261E+00   -1.979185588202E-07    4.824770744565E-07    4.025760284317E-07    5.512044726719E-07
   -1.979185588202E-07    1.104638250979E-03   -1.159505207899E-07   -6.848216822091E-08    3.234508997470E-08
    4.824770744565E-07   -1.159505207899E-07    9.940390857667E-03    4.586535673326E-07   -1.329485105257E-07
    4.025760284317E-07   -6.848216822091E-08    4.586535673326E-07    2.760532648297E-02   -7.424630160386E-07
    5.512044726719E-07    3.234508997470E-08   -1.329485105257E-07   -7.424630160386E-07    5.408643806852E-02
   87.102876756647547     
   -1.000010846030E+00   -1.849165637352E-07    4.511642601967E-07    3.773342559144E-07    5.152401247201E-07
   -1.849165637352E-07    1.070603050359E-03   -1.081890348531E-07   -6.307728802121E-08    2.864112890596E-08
    4.511642601967E-07   -1.081890348531E-07    9.634174012654E-03    4.276338009277E-07   -1.198615265492E-07
    3.773342559144E-07   -6.307728802121E-08    4.276338009277E-07    2.675523547331E-02   -6.909623840603E-07
    5.152401247201E-07    2.864112890596E-08   -1.198615265492E-07   -6.909623840603E-07    5.242172664304E-02
   88.437767283073654     
   -1.000010578642E+00   -1.728510640625E-07    4.220710227066E-07    3.537998955821E-07    4.818427443580E-07
   -1.728510640625E-07    1.037873758492E-03   -1.010056418195E-07   -5.812558321052E-08    2.530528068657E-08
    4.220710227066E-07   -1.010056418195E-07    9.339702239298E-03    3.989304508617E-07   -1.079931830567E-07
    3.537998955821E-07   -5.812558321052E-08    3.989304508617E-07    2.593772809275E-02   -6.433420639210E-07
    4.818427443580E-07    2.530528068657E-08   -1.079931830567E-07   -6.433420639210E-07    5.082076179823E-02
   89.782809068255858     
   -1.000010318147E+00   -1.616489141114E-07    3.950275733936E-07    3.318504058972E-07    4.508142243750E-07
   -1.616489141114E-07    1.006390477605E-03   -9.435306383518E-08   -5.358666780816E-08    2.230166699870E-08
    3.950275733936E-07   -9.435306383518E-08    9.056437172577E-03    3.723550861500E-07   -9.722930480211E-08
    3.318504058972E-07   -5.358666780816E-08    3.723550861500E-07    2.515131254158E-02   -5.992885141334E-07
    4.508142243750E-07    2.230166699870E-08   -9.722930480211E-08   -5.992885141334E-07    4.928062974338E-02
   91.138002112194144     
   -1.000010063072E+00   -1.512431071725E-07    3.698779948851E-07    3.113724118358E-07    4.219728253645E-07
   -1.512431071725E-07    9.760965026501E-04   -8.818822438203E-08   -4.942397184645E-08    1.959795991343E-08
    3.698779948851E-07   -8.818822438203E-08    8.783869113988E-03    3.477357932349E-07   -8.746668465713E-08
    3.113724118358E-07   -4.942397184645E-08    3.477357932349E-07    2.439457630326E-02   -5.585150622890E-07
    4.219728253645E-07    1.959795991343E-08   -8.746668465713E-08   -5.585150622890E-07    4.779857114442E-02
   92.503346414888526     
   -1.000009814801E+00   -1.415722238928E-07    3.464790366912E-07    2.922610016767E-07    3.951517345234E-07
   -1.415722238928E-07    9.469381273781E-04   -8.247184469702E-08   -4.560436012808E-08    1.716502156481E-08
    3.464790366912E-07   -8.247184469702E-08    8.521515293174E-03    3.249156250109E-07   -7.861199862097E-08
    2.922610016767E-07   -4.560436012808E-08    3.249156250109E-07    2.366618135066E-02   -5.207594820505E-07
    3.951517345234E-07    1.716502156481E-08   -7.861199862097E-08   -5.207594820505E-07    4.637197182076E-02
   93.878841976338961     
   -1.000009570674E+00   -1.325799386071E-07    3.246990337511E-07    2.744190878823E-07    3.701977730791E-07
   -1.325799386071E-07    9.188644640901E-04   -7.716808482623E-08   -4.209779180256E-08    1.497658034238E-08
    3.246990337511E-07   -7.716808482623E-08    8.268918251781E-03    3.037512156924E-07   -7.058082934420E-08
    2.744190878823E-07   -4.209779180256E-08    3.037512156924E-07    2.296485968779E-02   -4.857818128303E-07
    3.701977730791E-07    1.497658034238E-08   -7.058082934420E-08   -4.857818128303E-07    4.499835408962E-02
   95.264488796545535     
   -1.000009334203E+00   -1.242145647086E-07    3.044169043917E-07    2.577568011645E-07    3.469702017624E-07
   -1.242145647086E-07    8.918272748897E-04   -7.224421683536E-08   -3.887701451003E-08    1.300894248055E-08
    3.044169043917E-07   -7.224421683536E-08    8.025644330316E-03    2.841115164170E-07   -6.329679182265E-08
    2.577568011645E-07   -3.887701451003E-08    2.841115164170E-07    2.228940917471E-02   -4.533623608697E-07
    3.469702017624E-07    1.300894248055E-08   -6.329679182265E-08   -4.533623608697E-07    4.367536865742E-02
   96.660286875508191     
   -1.000009103021E+00   -1.164286517683E-07    2.855212605817E-07    2.421909490063E-07    3.253396607473E-07
   -1.164286517683E-07    8.657808150413E-04   -6.767033632382E-08   -3.591729147627E-08    1.124073158851E-08
    2.855212605817E-07   -6.767033632382E-08    7.791282263271E-03    2.658766741807E-07   -5.669074398024E-08
    2.421909490063E-07   -3.591729147627E-08    2.658766741807E-07    2.163868964980E-02   -4.232999123178E-07
    3.253396607473E-07    1.124073158851E-08   -5.669074398024E-08   -4.232999123178E-07    4.240078708557E-02
   98.066236213226944     
   -1.000008877311E+00   -1.091786119460E-07    2.679095777536E-07    2.276444988004E-07    3.051871832390E-07
   -1.091786119460E-07    8.406816860058E-04   -6.341909805918E-08   -3.319615572610E-08    9.652657007624E-09
    2.679095777536E-07   -6.341909805918E-08    7.565441860841E-03    2.489370025553E-07   -5.070008037112E-08
    2.276444988004E-07   -3.319615572610E-08    2.489370025553E-07    2.101161929035E-02   -3.954100879115E-07
    3.051871832390E-07    9.652657007624E-09   -5.070008037112E-08   -3.954100879115E-07    4.117249471725E-02
   99.482336809701792     
   -1.000008657313E+00   -1.024243853271E-07    2.514874491143E-07    2.140461093230E-07    2.864033103045E-07
   -1.024243853271E-07    8.164886985442E-04   -5.946548041452E-08   -3.069319010036E-08    8.227305140726E-09
    2.514874491143E-07   -5.946548041452E-08    7.347752780794E-03    2.331920612608E-07   -4.526809531019E-08
    2.140461093230E-07   -3.069319010036E-08    2.331920612608E-07    2.040717122095E-02   -3.695238619518E-07
    2.864033103045E-07    8.227305140726E-09   -4.526809531019E-08   -3.695238619518E-07    3.998848408359E-02
   100.90858866493269     
   -1.000008443957E+00   -9.612913490883E-08    2.361679032509E-07    2.013296958149E-07    2.688872822024E-07
   -9.612913490883E-08    7.931627446732E-04   -5.578657238658E-08   -2.838982957119E-08    6.948952495003E-09
    2.361679032509E-07   -5.578657238658E-08    7.137863379617E-03    2.185498218714E-07   -4.034341036529E-08
    2.013296958149E-07   -2.838982957119E-08    2.185498218714E-07    1.982437034022E-02   -3.454862140181E-07
    2.688872822024E-07    6.948952495003E-09   -4.034341036529E-08   -3.454862140181E-07    3.884684873216E-02
   102.34499177891972     
   -1.000008235786E+00   -9.025897060682E-08    2.218707846658E-07    1.894340307772E-07    2.525463052229E-07
   -9.025897060682E-08    7.706666780396E-04   -5.236138213391E-08   -2.626918376839E-08    5.803397646647E-09
    2.218707846658E-07   -5.236138213391E-08    6.935439638992E-03    2.049259157154E-07   -3.587945868416E-08
    1.894340307772E-07   -2.626918376839E-08    2.049259157154E-07    1.926229035476E-02   -3.231549074089E-07
    2.525463052229E-07    5.803397646647E-09   -3.587945868416E-08   -3.231549074089E-07    3.774577745702E-02
   103.79154615166283     
   -1.000008032724E+00   -8.478269637742E-08    2.085221838627E-07    1.783023714546E-07    2.372948783459E-07
   -8.478269637742E-08    7.489652018081E-04   -4.917066297059E-08   -2.431587718719E-08    4.777810890101E-09
    2.085221838627E-07   -4.917066297059E-08    6.740164159626E-03    1.922429490384E-07   -3.183402174839E-08
    1.783023714546E-07   -2.431587718719E-08    1.922429490384E-07    1.872005099877E-02   -3.023993733138E-07
    2.372948783459E-07    4.777810890101E-09   -3.183402174839E-08   -3.023993733138E-07    3.668354888821E-02
   105.24825178316203     
   -1.000007834849E+00   -7.967158177407E-08    1.960539210829E-07    1.678821192691E-07    2.230541839369E-07
   -7.967158177407E-08    7.280247638490E-04   -4.619675707535E-08   -2.251590561688E-08    3.860598815309E-09
    1.960539210829E-07   -4.619675707535E-08    6.551735220650E-03    1.804298862113E-07   -2.816881144277E-08
    1.678821192691E-07   -2.251590561688E-08    1.804298862113E-07    1.819681543413E-02   -2.830997008984E-07
    2.230541839369E-07    3.860598815309E-09   -2.816881144277E-08   -2.830997008984E-07    3.565852643121E-02
   106.71510867341735     
   -1.000007641914E+00   -7.489915382945E-08    1.844030744395E-07    1.581245051155E-07    2.097515315933E-07
   -7.489915382945E-08    7.078134586155E-04   -4.342345405925E-08   -2.085650687396E-08    3.041282690540E-09
    1.844030744395E-07   -4.342345405925E-08    6.369865898436E-03    1.694214904223E-07   -2.484909365609E-08
    1.581245051155E-07   -2.085650687396E-08    1.694214904223E-07    1.769178781438E-02   -2.651457182216E-07
    2.097515315933E-07    3.041282690540E-09   -2.484909365609E-08   -2.651457182216E-07    3.466915352392E-02
   108.19211682242870     
   -1.000007453883E+00   -7.044100733027E-08    1.735115484042E-07    1.489842985349E-07    1.973198502100E-07
   -7.044100733027E-08    6.883009350971E-04   -4.083586286934E-08   -1.932604435830E-08    2.310389244736E-09
    1.735115484042E-07   -4.083586286934E-08    6.194283240607E-03    1.591578161430E-07   -2.184334927527E-08
    1.489842985349E-07   -1.932604435830E-08    1.591578161430E-07    1.720421100074E-02   -2.484361555011E-07
    1.973198502100E-07    2.310389244736E-09   -2.184334927527E-08   -2.484361555011E-07    3.371394918883E-02
   109.67927623019621     
   -1.000007271386E+00   -6.627463206807E-08    1.633256797662E-07    1.404195395997E-07    1.856972247054E-07
   -6.627463206807E-08    6.694583106142E-04   -3.842029586333E-08   -1.791390210314E-08    1.659352417803E-09
    1.633256797662E-07   -3.842029586333E-08    6.024727491782E-03    1.495837489218E-07   -1.912296844855E-08
    1.404195395997E-07   -1.791390210314E-08    1.495837489218E-07    1.673336442088E-02   -2.328778838149E-07
    1.856972247054E-07    1.659352417803E-09   -1.912296844855E-08   -2.328778838149E-07    3.279150386193E-02
   111.17658689671978     
   -1.000007094204E+00   -6.237925580761E-08    1.537958785057E-07    1.323912924545E-07    1.748264742472E-07
   -6.237925580761E-08    6.512580899663E-04   -3.616416402979E-08   -1.661039017699E-08    1.080424868073E-09
    1.537958785057E-07   -3.616416402979E-08    5.860951367747E-03    1.406485886009E-07   -1.666197461660E-08
    1.323912924545E-07   -1.661039017699E-08    1.406485886009E-07    1.627856206119E-02   -2.183852232214E-07
    1.748264742472E-07    1.080424868073E-09   -1.666197461660E-08   -2.183852232214E-07    3.190047548088E-02
   112.68404882199945     
   -1.000006922406E+00   -5.873570053696E-08    1.448762980620E-07    1.248634168148E-07    1.646547654853E-07
   -5.873570053696E-08    6.336740895405E-04   -3.405588166518E-08   -1.540665928106E-08    5.665985263547E-10
    1.448762980620E-07   -3.405588166518E-08    5.702719373767E-03    1.323056696425E-07   -1.443677592574E-08
    1.248634168148E-07   -1.540665928106E-08    1.323056696425E-07    1.583915058086E-02   -2.048793111010E-07
    1.646547654853E-07    5.665985263547E-10   -1.443677592574E-08   -2.048793111010E-07    3.103958580980E-02
   114.20166200603522     
   -1.000006753928E+00   -5.532625200427E-08    1.365245354086E-07    1.178023586234E-07    1.551332610658E-07
   -5.532625200427E-08    6.166813661290E-04   -3.208478030418E-08   -1.429462368988E-08    1.115328320358E-10
    1.365245354086E-07   -3.208478030418E-08    5.549807165373E-03    1.245120176116E-07   -1.242594032863E-08
    1.178023586234E-07   -1.429462368988E-08    1.245120176116E-07    1.541450754323E-02   -1.922875285414E-07
    1.551332610658E-07    1.115328320358E-10   -1.242594032863E-08   -1.922875285414E-07    3.020761699159E-02
   115.72942644882704     
   -1.000006590274E+00   -5.213453920748E-08    1.287013531013E-07    1.111769539608E-07    1.462167943629E-07
   -5.213453920748E-08    6.002561499081E-04   -3.024102973407E-08   -1.326689153449E-08   -2.905093937476E-10
    1.287013531013E-07   -3.024102973407E-08    5.402000946457E-03    1.172280338151E-07   -1.060999360790E-08
    1.111769539608E-07   -1.326689153449E-08    1.172280338151E-07    1.500403975010E-02   -1.805429735964E-07
    1.462167943629E-07   -2.905093937476E-10   -1.060999360790E-08   -1.805429735964E-07    2.940340830059E-02
   117.26734215037499     
   -1.000006431413E+00   -4.914542624047E-08    1.213704294988E-07    1.049582521284E-07    1.378635773071E-07
   -4.914542624047E-08    5.843757817176E-04   -2.851556737579E-08   -1.231670193440E-08   -6.447203628837E-10
    1.213704294988E-07   -2.851556737579E-08    5.259096905705E-03    1.104172125106E-07   -8.971235568227E-09
    1.049582521284E-07   -1.231670193440E-08    1.104172125106E-07    1.460718168185E-02   -1.695839862986E-07
    1.378635773071E-07   -6.447203628837E-10   -8.971235568227E-09   -1.695839862986E-07    2.862585310073E-02
   118.81540911067903     
   -1.000006275768E+00   -4.634491252258E-08    1.144981276760E-07    9.911935043847E-08    1.300349304237E-07
   -4.634491252258E-08    5.690186539475E-04   -2.690003352756E-08   -1.143786806650E-08   -9.557996459159E-10
    1.144981276760E-07   -2.690003352756E-08    5.120900685807E-03    1.040458814919E-07   -7.493574639693E-09
    9.911935043847E-08   -1.143786806650E-08    1.040458814919E-07    1.422339402814E-02   -1.593537127775E-07
    1.300349304237E-07   -9.557996459159E-10   -7.493574639693E-09   -1.593537127775E-07    2.787389597986E-02
   120.37362732973916     
   -1.000006125132E+00   -4.372004093490E-08    1.080532820866E-07    9.363524039537E-08    1.226950338929E-07
   -4.372004093490E-08    5.541641549200E-04   -2.538671206642E-08   -1.062472559418E-08   -1.228001120189E-09
    1.080532820866E-07   -2.538671206642E-08    4.987226883575E-03    9.808296441825E-08   -6.162378862222E-09
    9.363524039537E-08   -1.062472559418E-08    9.808296441825E-08    1.385216230401E-02   -1.497997056557E-07
    1.226950338929E-07   -1.228001120189E-09   -6.162378862222E-09   -1.497997056557E-07    2.714653005016E-02
   121.94199680755538     
   -1.000005979712E+00   -4.125881523550E-08    1.020070065495E-07    8.848266876919E-08    1.158107035823E-07
   -4.125881523550E-08    5.397926166998E-04   -2.396847733493E-08   -9.872086087069E-09   -1.465175800867E-09
    1.020070065495E-07   -2.396847733493E-08    4.857898581168E-03    9.249976734933E-08   -4.964340093246E-09
    8.848266876919E-08   -9.872086087069E-09    9.249976734933E-08    1.349299555183E-02   -1.408735632807E-07
    1.158107035823E-07   -1.465175800867E-09   -4.964340093246E-09   -1.408735632807E-07    2.644279441556E-02
   123.52051754412766     
   -1.000005836973E+00   -3.895012385887E-08    9.633251663118E-08    8.364000805071E-08    1.093511840996E-07
   -3.895012385887E-08    5.258852659100E-04   -2.263874539394E-08   -9.175194769210E-09   -1.670810281631E-09
    9.633251663118E-08   -2.263874539394E-08    4.732746904186E-03    8.726978277973E-08   -3.887351603205E-09
    8.364000805071E-08   -9.175194769210E-09    8.726978277973E-08    1.314542511763E-02   -1.325305984827E-07
    1.093511840996E-07   -1.670810281631E-09   -3.887351603205E-09   -1.325305984827E-07    2.576177178379E-02
   125.10918953945605     
   -1.000005698052E+00   -3.678366925938E-08    9.100496450809E-08    7.908713498421E-08    1.032879566192E-07
   -3.678366925938E-08    5.124241773249E-04   -2.139142905590E-08   -8.529692166419E-09   -1.848061085212E-09
    9.100496450809E-08   -2.139142905590E-08    4.611610604536E-03    8.236850894148E-08   -2.920398071837E-09
    7.908713498421E-08   -8.529692166419E-09    8.236850894148E-08    1.280900349578E-02   -1.247295334765E-07
    1.032879566192E-07   -1.848061085212E-09   -2.920398071837E-09   -1.247295334765E-07    2.510258621179E-02
   126.70801279354056     
   -1.000005563620E+00   -3.474990452088E-08    8.600129068568E-08    7.480532123197E-08    9.759456636719E-08
   -3.474990452088E-08    4.993922302837E-04   -2.022089767965E-08   -7.931579412855E-09   -1.999786163592E-09
    8.600129068568E-08   -2.022089767965E-08    4.494335668994E-03    7.777328775364E-08   -2.053454944950E-09
    7.480532123197E-08   -7.931579412855E-09    7.777328775364E-08    1.248330324479E-02   -1.174322246793E-07
    9.759456636719E-08   -1.999786163592E-09   -2.053454944950E-09   -1.174322246793E-07    2.446440098912E-02
   128.31698730638115     
   -1.000005432217E+00   -3.283997488882E-08    8.130008693324E-08    7.077713161853E-08    9.224646330995E-08
   -3.283997488882E-08    4.867730676223E-04   -1.912194026042E-08   -7.377186742100E-09   -2.128573218189E-09
    8.130008693324E-08   -1.912194026042E-08    4.380774949872E-03    7.346315603428E-08   -1.277397579357E-09
    7.077713161853E-08   -7.377186742100E-09    7.346315603428E-08    1.216791596423E-02   -1.106034100479E-07
    9.224646330995E-08   -2.128573218189E-09   -1.277397579357E-09   -1.106034100479E-07    2.384641664076E-02
   129.93611307797784     
   -1.000005303840E+00   -3.104566361940E-08    7.688146904719E-08    6.698632899431E-08    8.722085441615E-08
   -3.104566361940E-08    4.745510568398E-04   -1.808973139948E-08   -6.863144850489E-09   -2.236765070140E-09
    7.688146904719E-08   -1.808973139948E-08    4.270787816193E-03    6.941870836903E-08   -5.839194209197E-10
    6.698632899431E-08   -6.863144850489E-09    6.941870836903E-08    1.186245132831E-02   -1.042104764504E-07
    8.722085441615E-08   -2.236765070140E-09   -5.839194209198E-10   -1.042104764504E-07    2.324786904015E-02
   131.56539010833058     
   -1.000005180509E+00   -2.935934267126E-08    7.272696083278E-08    6.341778712461E-08    8.249656902158E-08
   -2.935934267126E-08    4.627112535523E-04   -1.711980043370E-08   -6.386358908429E-09   -2.326482722473E-09
    7.272696083278E-08   -1.711980043370E-08    4.164239825137E-03    6.562197253576E-08    3.454243404220E-11
    6.341778712461E-08   -6.386358908429E-09    6.562197253576E-08    1.156653617555E-02   -9.822324778396E-08
    8.249656902158E-08   -2.326482722473E-09    3.454243404223E-11   -9.822324778396E-08    2.266802763138E-02
   133.20481839743945     
   -1.000005060006E+00   -2.777392804836E-08    6.881938891944E-08    6.005741146506E-08    7.805393681187E-08
   -2.777392804836E-08    4.512393670568E-04   -1.620800358102E-08   -5.943984970474E-09   -2.399646453818E-09
    6.881938891944E-08   -1.620800358102E-08    4.061002412725E-03    6.205629686274E-08    5.848752637817E-10
    6.005741146506E-08   -5.943984970474E-09    6.205629686274E-08    1.127981365171E-02   -9.261379262984E-08
    7.805393681187E-08   -2.399646453818E-09    5.848752637817E-10   -9.261379262984E-08    2.210619375543E-02
   134.85439794530441     
   -1.000004942187E+00   -2.628283764179E-08    6.514278317447E-08    5.689206348236E-08    7.387467245752E-08
   -2.628283764179E-08    4.401217277416E-04   -1.535049775877E-08   -5.533408462210E-09   -2.457994433270E-09
    6.514278317447E-08   -1.535049775877E-08    3.960952600516E-03    5.870624462235E-08    1.073351377689E-09
    5.689206348236E-08   -5.533408462210E-09    5.870624462235E-08    1.100194239699E-02   -8.735624489167E-08
    7.387467245752E-08   -2.457994433270E-09    1.073351377689E-09   -8.735624489167E-08    2.156169906239E-02
   136.51412875192548     
   -1.000004828007E+00   -2.487995319361E-08    6.168228678623E-08    5.390949216757E-08    6.994177147588E-08
   -2.487995319361E-08    4.293452563246E-04   -1.454371704120E-08   -5.152224651900E-09   -2.503099819178E-09
    6.168228678623E-08   -1.454371704120E-08    3.863972719446E-03    5.555749883977E-08    1.505683710909E-09
    5.390949216757E-08   -5.152224651900E-09    5.555749883977E-08    1.073259578065E-02   -8.242664137061E-08
    6.994177147588E-08   -2.503099819178E-09    1.505683710909E-09   -8.242664137061E-08    2.103390401638E-02
   138.18401081730261     
   -1.000004715392E+00   -2.355958555096E-08    5.842407402087E-08    5.109827116083E-08    6.623941502998E-08
   -2.355958555096E-08    4.188974348931E-04   -1.378435123328E-08   -4.798220876288E-09   -2.536386339497E-09
    5.842407402087E-08   -1.378435123328E-08    3.769950149299E-03    5.259677555128E-08    1.887076523410E-09
    5.109827116083E-08   -4.798220876288E-09    5.259677555128E-08    1.047146117892E-02   -7.780277342578E-08
    6.623941502998E-08   -2.536386339497E-09    1.887076523410E-09   -7.780277342578E-08    2.052219648468E-02
   139.86404414143581     
   -1.000004608532E+00   -2.231644171634E-08    5.535527201731E-08    4.844773845628E-08    6.275287951978E-08
   -2.231644171634E-08    4.087662793559E-04   -1.306932562035E-08   -4.469360318357E-09   -2.559141949410E-09
    5.535527201731E-08   -1.306932562035E-08    3.678777071167E-03    4.981174209817E-08    2.222270404064E-09
    4.844773845628E-08   -4.469360318357E-09    4.981174209817E-08    1.021823928889E-02   -7.346404821680E-08
    6.275287951978E-08   -2.559141949410E-09    2.222270404064E-09   -7.346404821680E-08    2.002599039717E-02
   141.55422872432516     
   -1.000004503319E+00   -2.114559625874E-08    5.246389299911E-08    4.594794430877E-08    5.946845816441E-08
   -2.114559625874E-08    3.989403136910E-04   -1.239578346674E-08   -4.163767287877E-09   -2.572531959379E-09
    5.246389299911E-08   -1.239578346674E-08    3.590350235817E-03    4.719094597976E-08    2.515584875448E-09
    4.594794430877E-08   -4.163767287877E-09    4.719094597976E-08    9.972643486309E-03   -6.939136607761E-08
    5.946845816441E-08   -2.572531959379E-09    2.515584875448E-09   -6.939136607761E-08    1.954472449130E-02
   143.25456456597055     
   -1.000004399941E+00   -2.004246308245E-08    4.973876705455E-08    4.358959891164E-08    5.637338340297E-08
   -2.004246308245E-08    3.894085452779E-04   -1.176106877552E-08   -3.879713736334E-09   -2.577610071883E-09
    4.973876705455E-08   -1.176106877552E-08    3.504570742005E-03    4.472374535375E-08    2.770955140827E-09
    4.358959891164E-08   -3.879713736334E-09    4.472374535375E-08    9.734399211115E-03   -6.556700274966E-08
    5.637338340297E-08   -2.577610071883E-09    2.770955140827E-09   -6.556700274966E-08    1.907786111119E-02
   144.96505166637206     
   -1.000004299953E+00   -1.900277054369E-08    4.716948290914E-08    4.136402634849E-08    5.345575850028E-08
   -1.900277054369E-08    3.801604417349E-04   -1.116271114962E-08   -3.615606999921E-09   -2.575328862196E-09
    4.716948290914E-08   -1.116271114962E-08    3.421343828293E-03    4.240024767194E-08    2.991966572668E-09
    4.136402634849E-08   -3.615606999921E-09    4.240024767194E-08    9.503243390211E-03   -6.197450426632E-08
    5.345575850028E-08   -2.575328862196E-09    2.991966572668E-09   -6.197450426632E-08    1.862488507946E-02
   146.68569002552965     
   -1.000004202432E+00   -1.802253853597E-08    4.474633331284E-08    3.926312197370E-08    5.070449451721E-08
   -1.802253853597E-08    3.711859090425E-04   -1.059841189680E-08   -3.369978610968E-09   -2.566549291219E-09
    4.474633331284E-08   -1.059841189680E-08    3.340578676105E-03    4.021125333951E-08    3.181886098128E-09
    3.926312197370E-08   -3.369978610968E-09    4.021125333951E-08    9.278923891372E-03   -5.859859040101E-08
    5.070449451721E-08   -2.566549291219E-09    3.181886098128E-09   -5.859859040101E-08    1.818530262970E-02
   148.41647964344335     
   -1.000004107208E+00   -1.709805694708E-08    4.246026359678E-08    3.727931202674E-08    4.810925099338E-08
   -1.709805694708E-08    3.624752707020E-04   -1.006603099775E-08   -3.141474073586E-09   -2.552049127093E-09
    4.246026359678E-08   -1.006603099775E-08    3.262188222651E-03    3.814820300357E-08    3.343690268897E-09
    3.727931202674E-08   -3.141474073586E-09    3.814820300357E-08    9.061199004575E-03   -5.542506479145E-08
    4.810925099338E-08   -2.552049127093E-09    3.343690268897E-09   -5.542506479145E-08    1.775864039255E-02
   150.15742052011313     
   -1.000004016059E+00   -1.622586594290E-08    4.030282454712E-08    3.540551653266E-08    4.566038162879E-08
   -1.622586594290E-08    3.540192480857E-04   -9.563575215972E-09   -2.928843530189E-09   -2.532530643761E-09
    4.030282454712E-08   -9.563575215972E-09    3.186088984013E-03    3.620312941082E-08    3.480090933641E-09
    3.540551653266E-08   -2.928843530189E-09    3.620312941082E-08    8.849836951391E-03   -5.244073270313E-08
    4.566038162879E-08   -2.532530643761E-09    3.480090933641E-09   -5.244073270313E-08    1.734444443651E-02
   151.90851265553900     
   -1.000003926798E+00   -1.540273813508E-08    3.826612976178E-08    3.363511568772E-08    4.334888513975E-08
   -1.540273813508E-08    3.458089418537E-04   -9.089187383945E-09   -2.730933240326E-09   -2.508627773203E-09
    3.826612976178E-08   -9.089187383945E-09    3.112200888099E-03    3.436861391290E-08    3.593558989007E-09
    3.363511568772E-08   -2.730933240326E-09    3.436861391290E-08    8.644615421696E-03   -4.963332634871E-08
    4.334888513975E-08   -2.508627773203E-09    3.593558989007E-09   -4.963332634871E-08    1.694227936209E-02
   153.66975604972097     
   -1.000003838693E+00   -1.462566154667E-08    3.634281482082E-08    3.196191745148E-08    4.116635825759E-08
   -1.462566154667E-08    3.378358142295E-04   -8.641136180357E-09   -2.546677779410E-09   -2.480912312522E-09
    3.634281482082E-08   -8.641136180357E-09    3.040447115441E-03    3.263774515333E-08    3.686345339757E-09
    3.196191745148E-08   -2.546677779410E-09    3.263774515333E-08    8.445321132257E-03   -4.699143461053E-08
    4.116635825759E-08   -2.480912312522E-09    3.686345339757E-09   -4.699143461053E-08    1.655172743864E-02
   155.44115070265903     
   -1.000003753919E+00   -1.389182411871E-08    3.452600012897E-08    3.038012800094E-08    3.910495296317E-08
   -1.389182411871E-08    3.300916723065E-04   -8.217806862289E-09   -2.375092909727E-09   -2.449899661259E-09
    3.452600012897E-08   -8.217806862289E-09    2.970753948716E-03    3.100408154333E-08    3.760500222659E-09
    3.038012800094E-08   -2.375092909727E-09    3.100408154333E-08    8.251749409248E-03   -4.450443897733E-08
    3.910495296317E-08   -2.449899661259E-09    3.760500222659E-09   -4.450443897733E-08    1.617238778799E-02
   157.22269661435320     
   -1.000003670248E+00   -1.319859977263E-08    3.280925748099E-08    2.888432513314E-08    3.715733800766E-08
   -1.319859977263E-08    3.225686522066E-04   -7.817692963768E-09   -2.215269060479E-09   -2.416054218697E-09
    3.280925748099E-08   -7.817692963768E-09    2.903050630577E-03    2.946161752880E-08    3.817891247749E-09
    2.888432513314E-08   -2.215269060479E-09    2.946161752880E-08    8.063703794039E-03   -4.216245554416E-08
    3.715733800766E-08   -2.416054218697E-09    3.817891247749E-09   -4.216245554416E-08    1.580387561344E-02
   159.01439378480339     
   -1.000003588013E+00   -1.254353490787E-08    3.118657759122E-08    2.746943223827E-08    3.531666158826E-08
   -1.254353490787E-08    3.152592039872E-04   -7.439388248790E-09   -2.066365355820E-09   -2.379793959488E-09
    3.118657759122E-08   -7.439388248790E-09    2.837269227848E-03    2.800475110847E-08    3.860219069085E-09
    2.746943223827E-08   -2.066365355820E-09    2.800475110847E-08    7.880995666450E-03   -3.995627991736E-08
    3.531666158826E-08   -2.379793959488E-09    3.860219069085E-09   -3.995627991736E-08    1.544582146296E-02
   160.81624221400975     
   -1.000003510348E+00   -1.192433623751E-08    2.965234083290E-08    2.613069483317E-08    3.357651771523E-08
   -1.192433623751E-08    3.081560773680E-04   -7.081579491587E-09   -1.927604145322E-09   -2.341494752998E-09
    2.965234083290E-08   -7.081579491587E-09    2.773344503199E-03    2.662825458947E-08    3.889032052036E-09
    2.613069483317E-08   -1.927604145322E-09    2.662825458947E-08    7.703443888816E-03   -3.787733726851E-08
    3.357651771523E-08   -2.341494752998E-09    3.889032052036E-09   -3.787733726851E-08    1.509787053291E-02
   162.62824190197219     
   -1.000003432006E+00   -1.133885993849E-08    2.820129114417E-08    2.486365964426E-08    3.193091621318E-08
   -1.133885993849E-08    3.012523082756E-04   -6.743040070925E-09   -1.798265996096E-09   -2.301494491373E-09
    2.820129114417E-08   -6.743040070925E-09    2.711213793993E-03    2.532724851249E-08    3.905740121112E-09
    2.486365964426E-08   -1.798265996096E-09    2.532724851249E-08    7.530874469881E-03   -3.591763736503E-08
    3.193091621318E-08   -2.301494491373E-09    3.905740121112E-09   -3.591763736503E-08    1.475968201065E-02
   164.45039284869068     
   -1.000003358272E+00   -1.078510052229E-08    2.682850915645E-08    2.366415281514E-08    3.037425189059E-08
   -1.078510052229E-08    2.945412058387E-04   -6.422623359354E-09   -1.677685102038E-09   -2.260096257499E-09
    2.682850915645E-08   -6.422623359354E-09    2.650816895454E-03    2.409717513101E-08    3.911626010348E-09
    2.366415281514E-08   -1.677685102038E-09    2.409717513101E-08    7.363120240689E-03   -3.406973017700E-08
    3.037425189059E-08   -2.260096257499E-09    3.911626010348E-09   -3.406973017700E-08    1.443092844049E-02
   166.28269505416532     
   -1.000003285145E+00   -1.026118191318E-08    2.552939072137E-08    2.252826266032E-08    2.890127985901E-08
   -1.026118191318E-08    2.880163403066E-04   -6.119257501422E-09   -1.565245069281E-09   -2.217571944961E-09
    2.552939072137E-08   -6.119257501422E-09    2.592095952039E-03    2.293377702865E-08    3.907857278409E-09
    2.252826266032E-08   -1.565245069281E-09    2.293377702865E-08    7.200020553274E-03   -3.232666857522E-08
    2.890127985901E-08   -2.217571944961E-09    3.907857278409E-09   -3.232666857522E-08    1.411129513419E-02
   168.12514851839597     
   -1.000003211977E+00   -9.765348058998E-09    2.429962421198E-08    2.145232118831E-08    2.750708950364E-08
   -9.765348058998E-09    2.816715313775E-04   -5.831939864618E-09   -1.460375058237E-09   -2.174164928450E-09
    2.429962421198E-08   -5.831939864618E-09    2.534995352330E-03    2.183307482609E-08    3.895495796507E-09
    2.145232118831E-08   -1.460375058237E-09    2.183307482609E-08    7.041420988994E-03   -3.068197091421E-08
    2.750708950364E-08   -2.174164928450E-09    3.895495796507E-09   -3.068197091421E-08    1.380047960035E-02
   169.97775324138280     
   -1.000003142889E+00   -9.295954650190E-09    2.313517051056E-08    2.043288783378E-08    2.618708152775E-08
   -9.295954650190E-09    2.755008371629E-04   -5.559732176214E-09   -1.362546239490E-09   -2.130092714793E-09
    2.313517051056E-08   -5.559732176214E-09    2.479461629863E-03    2.079134751244E-08    3.875506937542E-09
    2.043288783378E-08   -1.362546239490E-09    2.079134751244E-08    6.887173083392E-03   -2.912958757122E-08
    2.618708152775E-08   -2.130092714793E-09    3.875506937542E-09   -2.912958757122E-08    1.349819100611E-02
   171.84050922312568     
   -1.000003074396E+00   -8.851461831770E-09    2.203224540673E-08    1.946673517409E-08    2.493694775424E-08
   -8.851461831770E-09    2.694985437842E-04   -5.301756276384E-09   -1.271268534314E-09   -2.085549571862E-09
    2.203224540673E-08   -5.301756276384E-09    2.425443369557E-03    1.980511513947E-08    3.848768483760E-09
    1.946673517409E-08   -1.271268534314E-09    1.980511513947E-08    6.737134066590E-03   -2.766387105757E-08
    2.493694775424E-08   -2.085549571862E-09    3.848768483760E-09   -2.766387105757E-08    1.320414966913E-02
   173.71341646362467     
   -1.000003008348E+00   -8.430426710233E-09    2.098730143695E-08    1.855083404064E-08    2.375265032352E-08
   -8.430426710233E-09    2.636591553413E-04   -5.057189710802E-09   -1.186087632730E-09   -2.040708496235E-09
    2.098730143695E-08   -5.057189710802E-09    2.372891117412E-03    1.887112114184E-08    3.816077747892E-09
    1.855083404064E-08   -1.186087632730E-09    1.887112114184E-08    6.591166612722E-03   -2.627954645230E-08
    2.375265032352E-08   -2.040708496235E-09    3.816077747892E-09   -2.627954645230E-08    1.291808656730E-02
   175.59647496287977     
   -1.000002941567E+00   -8.031497064083E-09    1.999701266721E-08    1.768234110698E-08    2.263040424538E-08
   -8.031497064083E-09    2.579773844855E-04   -4.825262079712E-09   -1.106582240336E-09   -1.995723382283E-09
    1.999701266721E-08   -4.825262079712E-09    2.321757295860E-03    1.798631747587E-08    3.778158985092E-09
    1.768234110698E-08   -1.106582240336E-09    1.798631747587E-08    6.449138605054E-03   -2.497168579853E-08
    2.263040424538E-08   -1.995723382283E-09    3.778158985092E-09   -2.497168579853E-08    1.263974287912E-02
   177.48968472089086     
   -1.000002877922E+00   -7.653404918210E-09    1.905825909736E-08    1.685858605018E-08    2.156665954578E-08
   -7.653404918210E-09    2.524481433657E-04   -4.605251270797E-09   -1.032361562256E-09   -1.950730642963E-09
    1.905825909736E-08   -4.605251270797E-09    2.271996122108E-03    1.714784951483E-08    3.735669316069E-09
    1.685858605018E-08   -1.032361562256E-09    1.714784951483E-08    6.310922909372E-03   -2.373568287540E-08
    2.156665954578E-08   -1.950730642963E-09    3.735669316069E-09   -2.373568287540E-08    1.236886954020E-02
   179.39304573765813     
   -1.000002812552E+00   -7.294961275277E-09    1.816811390307E-08    1.607706111971E-08    2.055808664321E-08
   -7.294961275277E-09    2.470665351021E-04   -4.396480424132E-09   -9.630629717523E-10   -1.905851095761E-09
    1.816811390307E-08   -4.396480424132E-09    2.223563531743E-03    1.635304364867E-08    3.689205127248E-09
    1.607706111971E-08   -9.630629717523E-10    1.635304364867E-08    6.176397162039E-03   -2.256723167967E-08
    2.055808664321E-08   -1.905851095761E-09    3.689205127248E-09   -2.256723167967E-08    1.210522682850E-02
   181.30655801318150     
   -1.000002751399E+00   -6.955050385030E-09    1.732382949672E-08    1.533540959091E-08    1.960156040826E-08
   -6.955050385030E-09    2.418278455680E-04   -4.198314568558E-09   -8.983498870277E-10   -1.861191176172E-09
    1.732382949672E-08   -4.198314568558E-09    2.176417104445E-03    1.559939387383E-08    3.639306710941E-09
    1.533540959091E-08   -8.983498870277E-10    1.559939387383E-08    6.045443563777E-03   -2.146230430292E-08
    1.960156040826E-08   -1.861191176172E-09    3.639306710941E-09   -2.146230430292E-08    1.184858396072E-02
   183.23022154746093     
   -1.000002690466E+00   -6.632625342173E-09    1.652282685960E-08    1.463141702501E-08    1.869414793905E-08
   -6.632625342173E-09    2.367275356813E-04   -4.010158107204E-09   -8.379097932903E-10   -1.816844589766E-09
    1.652282685960E-08   -4.010158107204E-09    2.130515994998E-03    1.488455147327E-08    3.586463824122E-09
    1.463141702501E-08   -8.379097932903E-10    1.488455147327E-08    5.917948688276E-03   -2.041713286794E-08
    1.869414793905E-08   -1.816844589766E-09    3.586463824122E-09   -2.041713286794E-08    1.159871871765E-02
   185.16403634049647     
   -1.000002629085E+00   -6.326703237738E-09    1.576268373811E-08    1.396300146725E-08    1.783309506735E-08
   -6.326703237738E-09    2.317612339744E-04   -3.831451986475E-09   -7.814524414053E-10   -1.772893361686E-09
    1.576268373811E-08   -3.831451986475E-09    2.085820866142E-03    1.420631370797E-08    3.531119677678E-09
    1.396300146725E-08   -7.814524414053E-10    1.420631370797E-08    5.793803295779E-03   -1.942819080138E-08
    1.783309506735E-08   -1.772893361686E-09    3.531119677678E-09   -1.942819080138E-08    1.135541707937E-02
   187.10800239228806     
   -1.000002570542E+00   -6.036360946559E-09    1.504112439613E-08    1.332820495670E-08    1.701581463818E-08
   -6.036360946559E-09    2.269247295165E-04   -3.661671260835E-09   -7.287081827884E-10   -1.729408960045E-09
    1.504112439613E-08   -3.661671260835E-09    2.042293825136E-03    1.356261399838E-08    3.473674988297E-09
    1.332820495670E-08   -7.287081827884E-10    1.356261399838E-08    5.672902157086E-03   -1.849217625553E-08
    1.701581463818E-08   -1.729408960045E-09    3.473674988297E-09   -1.849217625553E-08    1.111847288071E-02
   189.06211970283579     
   -1.000002512225E+00   -5.760731399485E-09    1.435601055142E-08    1.272518602737E-08    1.623987614054E-08
   -5.760731399485E-09    2.222139652481E-04   -3.500322958168E-09   -6.794264274399E-10   -1.686453438261E-09
    1.435601055142E-08   -3.500322958168E-09    1.999898363744E-03    1.295151325207E-08    3.414491974543E-09
    1.272518602737E-08   -6.794264274399E-10    1.295151325207E-08    5.555143886966E-03   -1.760599723631E-08
    1.623987614054E-08   -1.686453438261E-09    3.414491974543E-09   -1.760599723631E-08    1.088768748514E-02
   191.02638827213960     
   -1.000002452529E+00   -5.498999793973E-09    1.370533213771E-08    1.215221200881E-08    1.550299515211E-08
   -5.498999793973E-09    2.176250315546E-04   -3.346943883375E-09   -6.333742338950E-10   -1.644080273801E-09
    1.370533213771E-08   -3.346943883375E-09    1.958599300353E-03    1.237119106789E-08    3.353897525452E-09
    1.215221200881E-08   -6.333742338950E-10    1.237119106789E-08    5.440430783465E-03   -1.676675696706E-08
    1.550299515211E-08   -1.644080273801E-09    3.353897525452E-09   -1.676675696706E-08    1.066286947025E-02
   193.00080810019949     
   -1.000002394249E+00   -5.250400151725E-09    1.308719891278E-08    1.160765203008E-08    1.480302375128E-08
   -5.250400151725E-09    2.131541601461E-04   -3.201098632078E-09   -5.903350068534E-10   -1.602335179000E-09
    1.308719891278E-08   -3.201098632078E-09    1.918362724942E-03    1.181993775863E-08    3.292186214527E-09
    1.160765203008E-08   -5.903350068534E-10    1.181993775863E-08    5.328668675277E-03   -1.597174053081E-08
    1.480302375128E-08   -1.602335179000E-09    3.292186214527E-09   -1.597174053081E-08    1.044383432891E-02
   194.98537918701550     
   -1.000002336015E+00   -5.014212311059E-09    1.249983313123E-08    1.108997092300E-08    1.413794214130E-08
   -5.014212311059E-09    2.087977182818E-04   -3.062377875462E-09   -5.501072887742E-10   -1.561256961179E-09
    1.249983313123E-08   -3.062377875462E-09    1.879155947070E-03    1.129614739534E-08    3.229623352759E-09
    1.108997092300E-08   -5.501072887742E-10    1.129614739534E-08    5.219766777218E-03   -1.521840299195E-08
    1.413794214130E-08   -1.561256961179E-09    3.229623352759E-09   -1.521840299195E-08    1.023040418637E-02
   196.98010153258755     
   -1.000002278045E+00   -4.789758887171E-09    1.194156212235E-08    1.059772300821E-08    1.350585017639E-08
   -4.789758887171E-09    2.045522031657E-04   -2.930396605835E-09   -5.125036530778E-10   -1.520878156165E-09
    1.194156212235E-08   -2.930396605835E-09    1.840947445681E-03    1.079831078756E-08    3.166447421222E-09
    1.059772300821E-08   -5.125036530778E-10    1.079831078756E-08    5.113637551073E-03   -1.450435773907E-08
    1.350585017639E-08   -1.520878156165E-09    3.166447421222E-09   -1.450435773907E-08    1.002240752779E-02
   198.98497513691572     
   -1.000002220000E+00   -4.576402570796E-09    1.141081169686E-08    1.012954657971E-08    1.290495983179E-08
   -4.576402570796E-09    2.004142366923E-04   -2.804792590727E-09   -4.773496787212E-10   -1.481225682177E-09
    1.141081169686E-08   -2.804792590727E-09    1.803706821566E-03    1.032500925729E-08    3.102872484324E-09
    1.012954657971E-08   -4.773496787212E-10    1.032500925729E-08    5.010196573517E-03   -1.382736600436E-08
    1.290495983179E-08   -1.481225682177E-09    3.102872484324E-09   -1.382736600436E-08    9.819678939683E-03
   201.00000000000000     
   -1.000002161869E+00   -4.373543564637E-09    1.090609988398E-08    9.684158652783E-09    1.233358805461E-08
   -4.373543564637E-09    1.963805603682E-04   -2.685224903398E-09   -4.444830040970E-10   -1.442321406948E-09
    1.090609988398E-08   -2.685224903398E-09    1.767404751839E-03    9.874908739900E-09    3.039090331807E-09
    9.684158652783E-09   -4.444830040970E-10    9.874908739900E-09    4.909362409830E-03   -1.318532700199E-08
    1.233358805461E-08   -1.442321406948E-09    3.039090331807E-09   -1.318532700199E-08    9.622058862640E-03
