#       20      400
    1.000000000000E-06    1.559068710917E+02    3.117691453657E+13    1.247076581453E+14    2.805922308265E+14    4.988306325802E+14    7.794228634063E+14    1.122368923305E+15    1.527668812276E+15    1.995322530320E+15    2.525330077436E+15    3.117691453624E+15    3.772406658885E+15    4.489475693219E+15    5.268898556625E+15    6.110675249103E+15    7.014805770654E+15    7.981290121278E+15    9.010128300974E+15    1.010132030974E+16    1.125486614758E+16
    3.150683726861E-04   -5.998371543324E+00    3.140678666127E+08    1.256271484441E+09    2.826610847488E+09    5.025085955753E+09    7.851696809238E+09    1.130644340794E+10    1.538932575186E+10    2.010034384100E+10    2.543949767536E+10    3.140678725494E+10    3.800221257974E+10    4.522577364975E+10    5.307747046499E+10    6.155730302544E+10    7.066527133111E+10    8.040137538200E+10    9.076561517811E+10    1.017579907194E+11    1.133785020060E+11
    1.257273490744E-03   -5.999888856926E+00    1.972302308307E+07    7.889211033161E+07    1.775072557459E+08    3.155684593258E+08    4.930757210714E+08    7.100290409828E+08    9.664284190598E+08    1.262273855303E+09    1.597565349711E+09    1.972302902285E+09    2.386486513025E+09    2.840116181930E+09    3.333191909002E+09    3.865713694239E+09    4.437681537641E+09    5.049095439210E+09    5.699955398944E+09    6.390261416844E+09    7.120013492909E+09
    2.827615354175E-03   -5.999951853561E+00    3.899346257150E+06    1.559740302839E+07    3.509416431379E+07    6.238963011335E+07    9.748380042707E+07    1.403766752550E+08    1.910682545970E+08    2.495585384532E+08    3.158475268236E+08    3.899352197081E+08    4.718216171068E+08    5.615067190196E+08    6.589905254466E+08    7.642730363878E+08    8.773542518431E+08    9.982341718126E+08    1.126912796296E+09    1.263390125294E+09    1.407666158806E+09
    5.026093962978E-03   -5.999905866232E+00    1.234155304431E+06    4.936639217423E+06    1.110744573907E+07    1.974657486939E+07    3.085402660836E+07    4.442980095600E+07    6.047389791229E+07    7.898631747725E+07    9.996705965087E+07    1.234161244331E+08    1.493335118241E+08    1.777192218237E+08    2.085732544319E+08    2.418956096489E+08    2.776862874745E+08    3.159452879087E+08    3.566726109516E+08    3.998682566032E+08    4.455322248635E+08
    7.852709317153E-03   -5.999783791692E+00    5.055788941261E+05    2.022333575847E+06    4.550258045383E+06    8.089352302733E+06    1.263961634790E+07    1.820105018087E+07    2.477365380167E+07    3.235742721027E+07    4.095237040669E+07    5.055848339093E+07    6.117576616298E+07    7.280421872284E+07    8.544384107052E+07    9.909463320601E+07    1.137565951293E+08    1.294297268404E+08    1.461140283394E+08    1.638094996261E+08    1.825161407007E+08
    1.130746141670E-02   -5.999555841329E+00    2.438328515617E+05    9.753494049104E+05    2.194543660492E+06    3.901415618305E+06    6.095965278351E+06    8.778192640630E+06    1.194809770514E+07    1.560568047188E+07    1.975094094086E+07    2.438387911207E+07    2.950449498551E+07    3.511278856118E+07    4.120875983909E+07    4.779240881923E+07    5.486373550160E+07    6.242273988620E+07    7.046942197304E+07    7.900378176211E+07    8.802581925342E+07
    1.539035026162E-02   -5.999178889328E+00    1.316183160440E+05    5.264912617103E+05    1.184612837821E+06    2.105983044376E+06    3.290601881375E+06    4.738469348818E+06    6.449585446706E+06    8.423950175038E+06    1.066156353381E+07    1.316242552303E+07    1.592653614270E+07    1.895389539281E+07    2.224450327336E+07    2.579835978436E+07    2.961546492580E+07    3.369581869769E+07    3.803942110002E+07    4.264627213279E+07    4.751637179601E+07
    2.010137585191E-02   -5.998600213873E+00    7.715210846043E+04    3.086264296411E+05    6.944169649421E+05    1.234523714364E+06    1.928946677905E+06    2.777685855568E+06    3.780741247351E+06    4.938112853254E+06    6.249800673277E+06    7.715804707421E+06    9.336124955686E+06    1.111076141807E+07    1.303971409458E+07    1.512298298520E+07    1.736056808995E+07    1.975246940881E+07    2.229868694180E+07    2.499922068891E+07    2.785407065014E+07
    2.544053818757E-02   -5.997758543481E+00    4.816443450824E+04    1.926757313078E+05    4.335278926404E+05    7.707209185060E+05    1.204254808905E+06    1.734129563836E+06    2.360345183301E+06    3.082901667299E+06    3.901799015829E+06    4.817037228893E+06    5.828616306490E+06    6.936536248620E+06    8.140797055283E+06    9.441398726479E+06    1.083834126221E+07    1.233162466247E+07    1.392124892727E+07    1.560721405659E+07    1.738952005046E+07
    3.140783726861E-02   -5.996584610244E+00    3.159909610252E+04    1.264143741634E+05    2.844398375982E+05    5.056754864069E+05    7.901213205896E+05    1.137777340146E+06    1.548643545077E+06    2.022719935381E+06    2.560006511059E+06    3.160503272112E+06    3.824210218538E+06    4.551127350338E+06    5.341254667512E+06    6.194592170060E+06    7.111139857982E+06    8.090897731277E+06    9.133865789947E+06    1.024004403399E+07    1.140943246341E+07
    3.800327309502E-02   -5.995001031573E+00    2.158094713233E+04    8.634177353207E+04    1.942764841983E+05    3.453850791310E+05    5.396675583302E+05    7.771239217959E+05    1.057754169528E+06    1.381558301527E+06    1.748536317792E+06    2.158688218324E+06    2.612014003122E+06    3.108513672186E+06    3.648187225518E+06    4.231034663115E+06    4.857055984979E+06    5.526251191110E+06    6.238620281507E+06    6.994163256171E+06    7.792880115102E+06
    4.522684566680E-02   -5.992922569931E+00    1.523595713784E+04    6.096180731883E+04    1.371715576205E+05    2.438652080428E+05    3.810427585857E+05    5.487042092494E+05    7.468495600336E+05    9.754788109386E+05    1.234591961964E+06    1.524189013110E+06    1.844269964377E+06    2.194834815765E+06    2.575883567273E+06    2.987416218902E+06    3.429432770652E+06    3.901933222522E+06    4.404917574513E+06    4.938385826625E+06    5.502337978857E+06
    5.307855498395E-02   -5.990256262655E+00    1.106011891345E+04    4.425844642241E+04    9.958899227068E+04    1.770517564582E+05    2.766467389851E+05    3.983739398513E+05    5.422333590568E+05    7.082249966016E+05    8.963488524857E+05    1.106604926709E+06    1.338993219272E+06    1.593513730174E+06    1.870166459415E+06    2.168951406996E+06    2.489868572916E+06    2.832917957175E+06    3.198099559774E+06    3.585413380712E+06    3.994859419989E+06
    6.155840104648E-02   -5.986901622013E+00    8.221334645210E+03    3.290329928557E+04    7.403990701950E+04    1.316311578470E+05    2.056770517681E+05    2.961775887827E+05    4.031327688910E+05    5.265425920928E+05    6.664070583881E+05    8.227261677771E+05    9.954999202596E+05    1.184728315836E+06    1.390411354505E+06    1.612549036269E+06    1.851141361125E+06    2.106188329076E+06    2.377689940120E+06    2.665646194257E+06    2.970057091489E+06
    7.066638385437E-02   -5.982750892033E+00    6.237219383664E+03    2.496682578723E+04    5.618283645984E+04    9.988525140149E+04    1.560740706122E+05    2.247492940919E+05    3.059109218407E+05    3.995589538585E+05    5.056933901454E+05    6.243142307013E+05    7.554214755263E+05    8.990151246203E+05    1.055095177983E+06    1.223661635615E+06    1.404714497517E+06    1.598253763687E+06    1.804279434126E+06    2.022791508834E+06    2.253789987812E+06
    8.040250340764E-02   -5.977689360756E+00    4.816763876668E+03    1.928498857468E+04    4.339869640469E+04    7.715788736670E+04    1.205625614607E+05    1.736127186868E+05    2.363083590448E+05    3.086494825348E+05    3.906360891569E+05    4.822681789109E+05    5.835457517970E+05    6.944688078150E+05    8.150373469651E+05    9.452513692472E+05    1.085110874661E+06    1.234615863207E+06    1.393766334885E+06    1.562562289696E+06    1.741003727638E+06
    9.076675970628E-02   -5.971595758702E+00    3.778275348278E+03    1.513101618033E+04    3.405225090041E+04    6.054197950852E+04    9.460020200467E+04    1.362269183888E+05    1.854221286611E+05    2.421858328213E+05    3.065180308696E+05    3.784187228059E+05    4.578879086302E+05    5.449255883426E+05    6.395317619430E+05    7.417064294314E+05    8.514495908079E+05    9.687612460724E+05    1.093641395225E+06    1.226090038266E+06    1.366107175194E+06
    1.017591527503E-01   -5.964342715330E+00    3.004865192913E+03    1.203735379975E+04    2.709150147780E+04    4.816730822708E+04    7.526477404759E+04    1.083838989393E+05    1.475246829023E+05    1.926871259364E+05    2.438712280418E+05    3.010769892184E+05    3.643044094663E+05    4.335534887853E+05    5.088242271756E+05    5.901166246371E+05    6.774306811699E+05    7.707663967738E+05    8.701237714490E+05    9.755028051955E+05    1.086903498013E+06
    1.133796825397E-01   -5.955797324205E+00    2.419328523866E+03    9.695181487398E+03    2.182160309328E+04    3.879859334152E+04    6.062615223212E+04    8.730427976507E+04    1.188329759404E+05    1.552122407580E+05    1.964420742180E+05    2.425224763204E+05    2.934534470651E+05    3.492349864522E+05    4.098670944816E+05    4.753497711534E+05    5.456830164675E+05    6.208668304240E+05    7.009012130229E+05    7.857861642641E+05    8.755216841477E+05
    1.256283490744E-01   -5.945821789636E+00    1.969466813328E+03    7.895704718648E+03    1.777276789418E+04    3.160065633993E+04    4.937937005589E+04    7.110890904206E+04    9.678927329844E+04    1.264204628250E+05    1.600024776219E+05    1.975353176889E+05    2.390189830261E+05    2.844534736336E+05    3.338387895112E+05    3.871749306591E+05    4.444618970772E+05    5.056996887655E+05    5.708883057241E+05    6.400277479528E+05    7.131180154518E+05
    1.385051523546E-01   -5.934274188808E+00    1.619244994865E+03    6.494782802001E+03    1.462067914723E+04    2.599693403054E+04    4.062354745195E+04    5.850051941145E+04    7.962784990903E+04    1.040055389447E+05    1.316335865185E+05    1.625119926303E+05    1.966407572803E+05    2.340198804683E+05    2.746493621945E+05    3.185292024587E+05    3.656594012610E+05    4.160399586014E+05    4.696708744799E+05    5.265521488965E+05    5.866837818512E+05
    1.520100923801E-01   -5.921009340621E+00    1.343316128243E+03    5.391027540971E+03    1.213721322885E+04    2.158187319188E+04    3.372500743007E+04    4.856661594340E+04    6.610669873189E+04    8.634525579553E+04    1.092822871343E+05    1.349177927483E+05    1.632517726374E+05    1.942842268016E+05    2.280151552410E+05    2.644445579556E+05    3.035724349453E+05    3.453987862101E+05    3.899236117501E+05    4.371469115653E+05    4.870686856557E+05
    1.661431691509E-01   -5.905879786299E+00    1.123547090470E+03    4.511906001221E+03    1.015917085247E+04    1.806534164423E+04    2.823041837648E+04    4.065440104923E+04    5.533728966249E+04    7.227908421624E+04    9.147978471050E+04    1.129393911453E+05    1.366579035205E+05    1.626353218363E+05    1.908716460925E+05    2.213668762893E+05    2.541210124266E+05    2.891340545043E+05    3.264060025226E+05    3.659368564814E+05    4.077266163807E+05
    1.809043826672E-01   -5.888736892065E+00    9.467647374625E+02    3.804725160510E+03    8.567992532257E+03    1.523656685270E+04    2.381044812185E+04    3.428963633969E+04    4.667413150623E+04    6.096393362147E+04    7.715904268541E+04    9.525945869804E+04    1.152651816594E+05    1.371762115694E+05    1.609925484281E+05    1.867141922356E+05    2.143411429917E+05    2.438734006965E+05    2.753109653501E+05    3.086538369523E+05    3.439020155033E+05
    1.962937329288E-01   -5.869432067453E+00    8.032642205691E+02    3.230665178465E+03    7.276333441626E+03    1.294026901005E+04    2.022247188374E+04    2.912294206269E+04    3.964167954691E+04    5.177868433639E+04    6.553395643114E+04    8.090749583115E+04    9.789930253642E+04    1.165093765470E+05    1.367377178628E+05    1.585843264838E+05    1.820492024102E+05    2.071323456418E+05    2.338337561786E+05    2.621534340208E+05    2.920913791682E+05
    2.123112199358E-01   -5.847818101014E+00    6.858035509362E+02    2.760757658036E+03    6.219014503203E+03    1.106057408644E+04    1.728543640774E+04    2.489360146710E+04    3.388506926454E+04    4.425983980004E+04    5.601791307361E+04    6.915928908524E+04    8.368396783494E+04    9.959194932271E+04    1.168832335485E+05    1.355578205124E+05    1.556157102144E+05    1.770569026545E+05    1.998813978326E+05    2.240891957487E+05    2.496802964030E+05
    2.289568436882E-01   -5.823750603849E+00    5.889145034665E+02    2.373129265668E+03    5.346820536003E+03    9.509988314473E+03    1.486263260108E+04    2.140475339582E+04    2.913635069869E+04    3.805742450969E+04    4.816797482884E+04    5.946800165611E+04    7.195750499152E+04    8.563648483506E+04    1.005049411867E+05    1.165628740466E+05    1.338102834145E+05    1.522471692906E+05    1.718735316748E+05    1.926893705672E+05    2.146946859677E+05
    2.462306041859E-01   -5.797089558381E+00    5.084230370979E+02    2.051083417058E+03    4.622184050326E+03    8.221724936900E+03    1.284970607678E+04    1.850612746997E+04    2.519098911646E+04    3.290429101627E+04    4.164603316937E+04    5.141621557579E+04    6.221483823551E+04    7.404190114854E+04    8.689740431488E+04    1.007813477345E+05    1.156937314075E+05    1.316345553337E+05    1.486038195133E+05    1.666015239462E+05    1.856276686324E+05
    2.641325014290E-01   -5.767700951579E+00    4.411107818150E+02    1.781746230107E+03    4.016138643928E+03    7.144288023277E+03    1.116619436815E+04    1.608185767856E+04    2.189127795449E+04    2.859445519595E+04    3.619138940294E+04    4.468208057546E+04    5.406652871351E+04    6.434473381708E+04    7.551669588619E+04    8.758241492082E+04    1.005418909210E+05    1.143951238867E+05    1.291421138179E+05    1.447828607146E+05    1.613173645769E+05
    2.826625354175E-01   -5.735458484056E+00    3.844729576407E+02    1.555098206009E+03    3.506140286622E+03    6.237599199480E+03    9.749474944584E+03    1.404176752193E+04    1.911447693153E+04    2.496760317337E+04    3.160114624745E+04    3.901510615378E+04    4.720948289236E+04    5.618427646318E+04    6.593948686624E+04    7.647511410155E+04    8.779115816911E+04    9.988761906891E+04    1.127644968010E+05    1.264217913653E+05    1.408595027618E+05
    3.018207061513E-01   -5.700245327201E+00    3.365431460150E+02    1.363273320036E+03    3.074490276739E+03    5.470194016121E+03    8.550384538185E+03    1.231506184293E+04    1.676422593036E+04    2.189787680046E+04    2.771601445325E+04    3.421863888872E+04    4.140575010687E+04    4.927734810770E+04    5.783343289121E+04    6.707400445740E+04    7.699906280627E+04    8.760860793783E+04    9.890263985206E+04    1.108811585490E+05    1.235441640286E+05
    3.216070136306E-01   -5.661955909084E+00    2.957650154038E+02    1.200045929338E+03    2.707180785895E+03    4.817169585074E+03    7.530012326876E+03    1.084570901130E+04    1.476425963835E+04    1.928566420802E+04    2.440992272031E+04    3.013703517523E+04    3.646700157277E+04    4.339982191293E+04    5.093549619571E+04    5.907402442112E+04    6.781540658915E+04    7.715964269980E+04    8.710673275308E+04    9.765667674898E+04    1.088094746875E+05
    3.420214578552E-01   -5.620497695541E+00    2.608974281960E+02    1.060451205867E+03    2.393040835319E+03    4.258666316551E+03    6.657327649564E+03    9.589024834358E+03    1.305375787093E+04    1.705152675929E+04    2.158233149942E+04    2.664617209134E+04    3.224304853504E+04    3.837296083051E+04    4.503590897777E+04    5.223189297681E+04    5.996091282763E+04    6.822296853023E+04    7.701806008461E+04    8.634618749078E+04    9.620735074873E+04
    3.630640388251E-01   -5.575792938075E+00    2.309435497364E+02    9.405015777578E+02    2.123098291126E+03    3.778733689841E+03    5.907407773904E+03    8.509120543314E+03    1.158387199807E+04    1.513166213818E+04    1.915249096363E+04    2.364635847443E+04    2.861326467057E+04    3.405320955207E+04    3.996619311891E+04    4.635221537109E+04    5.321127630863E+04    6.054337593151E+04    6.834851423974E+04    7.662669123332E+04    8.537790691225E+04
    3.847347565405E-01   -5.527780351023E+00    2.050973994126E+02    8.369729387040E+02    1.890098837521E+03    3.364475095865E+03    5.260101713736E+03    7.576978691133E+03    1.031510602806E+04    1.347448372451E+04    1.705511178049E+04    2.105699019599E+04    2.548011897102E+04    3.032449810558E+04    3.559012759967E+04    4.127700745328E+04    4.738513766642E+04    5.391451823908E+04    6.086514917128E+04    6.823703046300E+04    7.603016211425E+04
    4.070336110012E-01   -5.476416680376E+00    1.827032031817E+02    7.472420627719E+02    1.688140162085E+03    3.005397501124E+03    4.699014079889E+03    6.768989898378E+03    9.215324956593E+03    1.203801925453E+04    1.523707279220E+04    1.881248556959E+04    2.276425758671E+04    2.709238884355E+04    3.179687934012E+04    3.687772907641E+04    4.233493805243E+04    4.816850626817E+04    5.437843372364E+04    6.096472041884E+04    6.792736635376E+04
    4.299606022073E-01   -5.421678127407E+00    1.632242296709E+02    6.691619530757E+02    1.512391492077E+03    2.692912846679E+03    4.210726016882E+03    6.065831002686E+03    8.258227804090E+03    1.078791642109E+04    1.365489685370E+04    1.685916910191E+04    2.040073316571E+04    2.427958904512E+04    2.849573674013E+04    3.304917625074E+04    3.793990757694E+04    4.316793071875E+04    4.873324567617E+04    5.463585244918E+04    6.087575103779E+04
    4.535157301587E-01   -5.363561586524E+00    1.462187138920E+02    6.009655403475E+02    1.358876917761E+03    2.419952846141E+03    3.784193325486E+03    5.451598355797E+03    7.422167937073E+03    9.695902069315E+03    1.227280075252E+04    1.515286398670E+04    1.833609177183E+04    2.182248410794E+04    2.561204099501E+04    2.970476243304E+04    3.410064842205E+04    3.879969896201E+04    4.380191405295E+04    4.910729369485E+04    5.471583788771E+04
    4.776989948556E-01   -5.302085660611E+00    1.313211219842E+02    5.411907449542E+02    1.224306783217E+03    2.180669236784E+03    3.410278105657E+03    4.913133389835E+03    6.689235089318E+03    8.738583204106E+03    1.106117773420E+04    1.365701867960E+04    1.652610604030E+04    1.966843981631E+04    2.308402000762E+04    2.677284661424E+04    3.073491963617E+04    3.497023907340E+04    3.947880492593E+04    4.426061719377E+04    4.931567587692E+04
    5.025103962978E-01   -5.237291418868E+00    1.182274724246E+02    4.886217640157E+02    1.105945583298E+03    1.970198930294E+03    3.081381805004E+03    4.439494207426E+03    6.044536137562E+03    7.896507595411E+03    9.995408580973E+03    1.234123909425E+04    1.493399913524E+04    1.777368870394E+04    2.086030780035E+04    2.419385642448E+04    2.777433457632E+04    3.160174225588E+04    3.567607946315E+04    3.999734619813E+04    4.456554246083E+04
    5.279499344853E-01   -5.169242866062E+00    1.066837609897E+02    4.422427726568E+02    1.001507792042E+03    1.784478819181E+03    2.791155854074E+03    4.021538896722E+03    5.475627947123E+03    7.153423005279E+03    9.054924071189E+03    1.118013114485E+04    1.352904422627E+04    1.610166331544E+04    1.889798841237E+04    2.191801951705E+04    2.516175662948E+04    2.862919974967E+04    3.232034887762E+04    3.623520401331E+04    4.037376515677E+04
    5.540176094183E-01   -5.098027097358E+00    9.647677722916E+01    4.012011903675E+02    9.090752121643E+02    1.620098842681E+03    2.534272081917E+03    3.651594929872E+03    4.972067386546E+03    6.495689451939E+03    8.222461126052E+03    1.015238240888E+04    1.228545330043E+04    1.462167380070E+04    1.716104390969E+04    1.990356362740E+04    2.284923295383E+04    2.599805188897E+04    2.935002043284E+04    3.290513858543E+04    3.666340634673E+04
    5.807134210966E-01   -5.023754120014E+00    8.742677596663E+01    3.647783664717E+02    8.270310171502E+02    1.474184728102E+03    2.306239499326E+03    3.323195330822E+03    4.525052222590E+03    5.911810174631E+03    7.483469186943E+03    9.240029259527E+03    1.118149039238E+04    1.330785258551E+04    1.561911583891E+04    1.811528015259E+04    2.079634552653E+04    2.366231196075E+04    2.671317945524E+04    2.994894801000E+04    3.336961762503E+04
    6.080373695203E-01   -4.946556330564E+00    7.938159682553E+01    3.323660566614E+02    7.540068227930E+02    1.344303895380E+03    2.103257274422E+03    3.030866959918E+03    4.127132951868E+03    5.392055250271E+03    6.825633855129E+03    8.427868766440E+03    1.019875998421E+04    1.213830750842E+04    1.424651133910E+04    1.652337147622E+04    1.896888791981E+04    2.158306066984E+04    2.436588972633E+04    2.731737508927E+04    3.043751675867E+04
    6.359894546894E-01   -4.866587645023E+00    7.221192089761E+01    3.034474470598E+02    6.888399902523E+02    1.228389550727E+03    1.922096128482E+03    2.769959723517E+03    3.771980335831E+03    4.928157965424E+03    6.238492612296E+03    7.702984276447E+03    9.321632957877E+03    1.109443865659E+04    1.302140137258E+04    1.510252110584E+04    1.733779785639E+04    1.972723162422E+04    2.227082240932E+04    2.496857021171E+04    2.782047503137E+04
    6.645696766038E-01   -4.784022288658E+00    6.580742555048E+01    2.775817698187E+02    6.305390096301E+02    1.124679145376E+03    1.760002177051E+03    2.536508104655E+03    3.454196928187E+03    4.513068647648E+03    5.713123263037E+03    7.054360774354E+03    8.536781181600E+03    1.016038448477E+04    1.192517068387E+04    1.383113977890E+04    1.587829176986E+04    1.806662665675E+04    2.039614443956E+04    2.286684511831E+04    2.547872869298E+04
    6.937780352636E-01   -4.699053261134E+00    6.007365248729E+01    2.543917707474E+02    5.782553002146E+02    1.031664241485E+03    1.614618594550E+03    2.327118359410E+03    3.169163536063E+03    4.140754124510E+03    5.241890124749E+03    6.472571536781E+03    7.832798360607E+03    9.322570596225E+03    1.094188824364E+04    1.269075130284E+04    1.456915977384E+04    1.657711365663E+04    1.871461295121E+04    2.098165765759E+04    2.337824777576E+04
    7.236145306688E-01   -4.611890502769E+00    5.492944518828E+01    2.335534535697E+02    5.312601327602E+02    9.480494836536E+02    1.483921506238E+03    2.138876200510E+03    2.912913566469E+03    3.806033604115E+03    4.818236313447E+03    5.949521694465E+03    7.199889747170E+03    8.569340471561E+03    1.005787386764E+04    1.166548993540E+04    1.339218867485E+04    1.523797008599E+04    1.720283416881E+04    1.928678092332E+04    2.148981034952E+04
    7.540791628193E-01   -4.522758795033E+00    5.030484314726E+01    2.147876505583E+02    4.889256607834E+02    8.727188751419E+02    1.366167293614E+03    1.969270916196E+03    2.682029742885E+03    3.504443773681E+03    4.436513008584E+03    5.478237447593E+03    6.629617090709E+03    7.890651937931E+03    9.261341989260E+03    1.074168724470E+04    1.233168770424E+04    1.403134336789E+04    1.584065423564E+04    1.775962030750E+04    1.978824158347E+04
    7.851719317153E-01   -4.431895437435E+00    4.613934431756E+01    1.978530653298E+02    4.507092639366E+02    8.047079420557E+02    1.259849099656E+03    1.816132736729E+03    2.473558853273E+03    3.232127449287E+03    4.091838524771E+03    5.052692079724E+03    6.114688114146E+03    7.277826628037E+03    8.542107621398E+03    9.907531094227E+03    1.137409704652E+04    1.294180547829E+04    1.461065638953E+04    1.638064978023E+04    1.825178565041E+04
    8.168928373565E-01   -4.339547748178E+00    4.238046570620E+01    1.825405076946E+02    4.161405732827E+02    7.431806652163E+02    1.163660783445E+03    1.677580927958E+03    2.284941098750E+03    2.985741295821E+03    3.779981519170E+03    4.667661768795E+03    5.648782044698E+03    6.723342346877E+03    7.891342675334E+03    9.152783030066E+03    1.050766341108E+04    1.195598381836E+04    1.349774425193E+04    1.513294471177E+04    1.686158519788E+04
    8.492418797432E-01   -4.245970441397E+00    3.898254642832E+01    1.686680979661E+02    3.848106776947E+02    6.874102894860E+02    1.076466933262E+03    1.551980609005E+03    2.113951316709E+03    2.762379056372E+03    3.497263827991E+03    4.318605631568E+03    5.226404467101E+03    6.220660334589E+03    7.301373234034E+03    8.468543165435E+03    9.722170128791E+03    1.106225412410E+04    1.248879515137E+04    1.400179321060E+04    1.560124830178E+04
    8.822190588753E-01   -4.151422936512E+00    3.590574874806E+01    1.560772629974E+02    3.563631115504E+02    6.367632997872E+02    9.972778275885E+02    1.437906694927E+03    1.958649901793E+03    2.559507448182E+03    3.240479334094E+03    4.001565559528E+03    4.842766124482E+03    5.764081028956E+03    6.765510272950E+03    7.847053856465E+03    9.008711779499E+03    1.025048404205E+04    1.157237064413E+04    1.297437158572E+04    1.445648686684E+04
    9.158243747527E-01   -4.056166656401E+00    3.311522142504E+01    1.446293813887E+02    3.304863030433E+02    5.906859937568E+02    9.252284533488E+02    1.334113681778E+03    1.817341679029E+03    2.374912445098E+03    3.006825979981E+03    3.713082283678E+03    4.493681356186E+03    5.348623197507E+03    6.277907807638E+03    7.281535186582E+03    8.359505334336E+03    9.511818250901E+03    1.073847393628E+04    1.203947239047E+04    1.341481361346E+04
    9.500578273755E-01   -3.960462369849E+00    3.058039661559E+01    1.342029630249E+02    3.069072247841E+02    5.486931918391E+02    8.595608639207E+02    1.239510240967E+03    1.688541322957E+03    2.206654109882E+03    2.793848601739E+03    3.450124798525E+03    4.175482700238E+03    4.969922306879E+03    5.833443618447E+03    6.766046634941E+03    7.767731356362E+03    8.838497782709E+03    9.978345913982E+03    1.118727575018E+04    1.246528729131E+04
    9.849194167436E-01   -3.864567631669E+00    2.827439706408E+01    1.246912700423E+02    2.853860377317E+02    5.103587133682E+02    7.996092965556E+02    1.153137787203E+03    1.570944185279E+03    2.053028490771E+03    2.599390703675E+03    3.210030823986E+03    3.884948851703E+03    4.624144786824E+03    5.427618629349E+03    6.295370379279E+03    7.227400036611E+03    8.223707601347E+03    9.284293073486E+03    1.040915645303E+04    1.159829773997E+04
    1.020409142857E+00   -3.768734368616E+00    2.617353468520E+01    1.160003037687E+02    2.657115587399E+02    4.753073169647E+02    7.447875778681E+02    1.074152341317E+03    1.463401607268E+03    1.912535375702E+03    2.421553646611E+03    2.990456419991E+03    3.619243695838E+03    4.307915474151E+03    5.056471754929E+03    5.864912538172E+03    6.733237823879E+03    7.661447612050E+03    8.649541902685E+03    9.697520695783E+03    1.080538399135E+04
    1.056527005716E+00   -3.673206654069E+00    2.425688512497E+01    1.080470961162E+02    2.476974133477E+02    4.432078592860E+02    6.945784331065E+02    1.001809134619E+03    1.364899963760E+03    1.783850920503E+03    2.258662004836E+03    2.789333216753E+03    3.375864556249E+03    4.018256023323E+03    4.716507617973E+03    5.470619340199E+03    6.280591189999E+03    7.146423167374E+03    8.068115272322E+03    9.045667504845E+03    1.007907986494E+04
    1.093273005320E+00   -3.578218706859E+00    2.250592568751E+01    1.007582550772E+02    2.311787605780E+02    4.137674708488E+02    6.485243847215E+02    9.354495019267E+02    1.274542822374E+03    1.665804346028E+03    2.109234072869E+03    2.604832002889E+03    3.152598136083E+03    3.752532472448E+03    4.404635011981E+03    5.108905754681E+03    5.865344700548E+03    6.673951849581E+03    7.534727201779E+03    8.447670757143E+03    9.412782515671E+03
    1.130647141670E+00   -3.483993142040E+00    2.090422626932E+01    9.406872297876E+01    2.160094967455E+02    3.867265836152E+02    6.062199819533E+02    8.744896913824E+02    1.191535711777E+03    1.557358043085E+03    1.971956685282E+03    2.435331638356E+03    2.947482902298E+03    3.508410477105E+03    4.118114362774E+03    4.776594559302E+03    5.483851066690E+03    6.239883884936E+03    7.044693014039E+03    7.898278453999E+03    8.800640204816E+03
    1.168649414765E+00   -3.390739492985E+00    1.943718476747E+01    8.792071341706E+01    2.020598616303E+02    3.618546741039E+02    5.673051485767E+02    8.184112845266E+02    1.115173081780E+03    1.457590540264E+03    1.845663659947E+03    2.279392440809E+03    2.758776882841E+03    3.283816986037E+03    3.854512750393E+03    4.470864175906E+03    5.132871262576E+03    5.840534010400E+03    6.593852419378E+03    7.392826489509E+03    8.237456220793E+03
    1.207279824605E+00   -3.298653015843E+00    1.809179990934E+01    8.226279870230E+01    1.892143836476E+02    3.389466093761E+02    5.314594727949E+02    7.667529731899E+02    1.044827110323E+03    1.365681884097E+03    1.729317294465E+03    2.135733341402E+03    2.584930024896E+03    3.076907344936E+03    3.611665301520E+03    4.189203894642E+03    4.809523124301E+03    5.472622990496E+03    6.178503493224E+03    6.927164632486E+03    7.718606408280E+03
    1.246538371191E+00   -3.207913779136E+00    1.685647565888E+01    7.704912444737E+01    1.773701114434E+02    3.178195024450E+02    4.983972932675E+02    7.191034829449E+02    9.799380711553E+02    1.280901057766E+03    1.621992442714E+03    2.003212225967E+03    2.424560407506E+03    2.886036987320E+03    3.387641965402E+03    3.929375341748E+03    4.511237116353E+03    5.133227289217E+03    5.795345860337E+03    6.497592829712E+03    7.239968197342E+03
    1.286425054522E+00   -3.118686033712E+00    1.572085234140E+01    7.223873186224E+01    1.664350881803E+02    2.983099993507E+02    4.678634597718E+02    6.750954681504E+02    9.200060240556E+02    1.202595127310E+03    1.522862777829E+03    1.880808975569E+03    2.276433720505E+03    2.709737012623E+03    3.180718851912E+03    3.689379238366E+03    4.235718171982E+03    4.819735652757E+03    5.441431680688E+03    6.100806255773E+03    6.797859378013E+03
    1.326939874599E+00   -3.031117851543E+00    1.467566043852E+01    6.779497153570E+01    1.563270320069E+02    2.802719329964E+02    4.396296670828E+02    6.344002325525E+02    8.645836288346E+02    1.130179855694E+03    1.431188913019E+03    1.767610800751E+03    2.139445518858E+03    2.546693067319E+03    2.989353446123E+03    3.467426655260E+03    3.980912694726E+03    4.529811564517E+03    5.114123264629E+03    5.733847795062E+03    6.388985155813E+03
    1.368082831421E+00   -2.945341015855E+00    1.371259367095E+01    6.368499513414E+01    1.469721921628E+02    2.635742894237E+02    4.134912771820E+02    5.967231531900E+02    8.132699166984E+02    1.063131567399E+03    1.346308105145E+03    1.662799529860E+03    2.012605841502E+03    2.395727040043E+03    2.812163125469E+03    3.261914097767E+03    3.744979956931E+03    4.261360702956E+03    4.811056335838E+03    5.394066855574E+03    6.010392262163E+03
    1.409853924988E+00   -2.861471140456E+00    1.282419853630E+01    5.987931363206E+01    1.383043550756E+02    2.480994409248E+02    3.892645585332E+02    5.617997049807E+02    7.657048792939E+02    1.000980081072E+03    1.267625310125E+03    1.565640566354E+03    1.895025849702E+03    2.255781160135E+03    2.647906497633E+03    3.071401862182E+03    3.526267253772E+03    4.012502672396E+03    4.530108118050E+03    5.079083590730E+03    5.659429090434E+03
    1.452253155301E+00   -2.779607992706E+00    1.200377792316E+01    5.635141249562E+01    1.302639788710E+02    2.337416076111E+02    3.667842824409E+02    5.293919996020E+02    7.215647578414E+02    9.433025566432E+02    1.194605395763E+03    1.475473275073E+03    1.785906194501E+03    2.125904154003E+03    2.495467153553E+03    2.894595193131E+03    3.323288272726E+03    3.781546392330E+03    4.269369551937E+03    4.786757751542E+03    5.333710991141E+03
    1.495280522359E+00   -2.699835991985E+00    1.124530679983E+01    5.307741574091E+01    1.227974380869E+02    2.204055150476E+02    3.459016258676E+02    4.992857657531E+02    6.805579331062E+02    8.897181272687E+02    1.126766347929E+03    1.391702594924E+03    1.684526868161E+03    2.005239167585E+03    2.353839493162E+03    2.730327844867E+03    3.134704222686E+03    3.566968626609E+03    4.027121056626E+03    4.515161512734E+03    5.031089994927E+03
    1.538936026162E+00   -2.622224854607E+00    1.054335828844E+01    5.003579203535E+01    1.158563631887E+02    2.080052205471E+02    3.264823378734E+02    4.712877091064E+02    6.424213322259E+02    8.398832063999E+02    1.063673331234E+03    1.313791706523E+03    1.590238332149E+03    1.893013208042E+03    2.222116334159E+03    2.577547710470E+03    2.959307336956E+03    3.367395213603E+03    3.801811340402E+03    4.262555717345E+03    4.749628344428E+03
    1.583219666711E+00   -2.546830355709E+00    9.893038696373E+00    4.720709705148E+01    1.093970618213E+02    1.964630848801E+02    3.084051333420E+02    4.452231996087E+02    6.069172811475E+02    7.934873769155E+02    1.004933486419E+03    1.241255609398E+03    1.502453745707E+03    1.788527895259E+03    2.099478057998E+03    2.435304233888E+03    2.796006422904E+03    3.181584625030E+03    3.592038840252E+03    4.027369068563E+03    4.487575309956E+03
    1.628131444005E+00   -2.473695179668E+00    9.289930293673E+00    4.457374715213E+01    1.033800106921E+02    1.857088696338E+02    2.915602830960E+02    4.209342416310E+02    5.738307420896E+02    7.502497831751E+02    9.501913642732E+02    1.173655485062E+03    1.420642145360E+03    1.691151345058E+03    1.985183084087E+03    2.302737362402E+03    2.643814179973E+03    3.008413536778E+03    3.396535432802E+03    3.808179868035E+03    4.243346842468E+03
    1.673671358044E+00   -2.402849831985E+00    8.730040807318E+00    4.211982021519E+01    9.776940862197E+01    1.756789433779E+02    2.758483740654E+02    3.982776890301E+02    5.429668843873E+02    7.099159585373E+02    8.991249107224E+02    1.110593740546E+03    1.344322447783E+03    1.600311032299E+03    1.878559494010E+03    2.179067832860E+03    2.501836048811E+03    2.846864141838E+03    3.214152111921E+03    3.603699959047E+03    4.015507683205E+03
    1.719839408829E+00   -2.334313587804E+00    8.209758755262E+00    3.983088001887E+01    9.253278267915E+01    1.663155822442E+02    2.611792170119E+02    3.771236727158E+02    5.141489446003E+02    6.722550307072E+02    8.514419301090E+02    1.051709642320E+03    1.273058167065E+03    1.515487504179E+03    1.778997653560E+03    2.063588615138E+03    2.369260388868E+03    2.696012974718E+03    3.043846372665E+03    3.412760582692E+03    3.802755604786E+03
    1.766635596359E+00   -2.268095454898E+00    7.725813870926E+00    3.769382112426E+01    8.764064047661E+01    1.575663526012E+02    2.474708825454E+02    3.573542129734E+02    4.872163381066E+02    6.370572555657E+02    8.068769642235E+02    9.966754634896E+02    1.206452753030E+03    1.436208832645E+03    1.685943702209E+03    1.955657361638E+03    2.245349810876E+03    2.555021049886E+03    2.884671078639E+03    3.234299897114E+03    3.603907505297E+03
    1.814059920635E+00   -2.204195131783E+00    7.275241976320E+00    3.569673162750E+01    8.306616269489E+01    1.493835652526E+02    2.346488489025E+02    3.388619927299E+02    4.620229897628E+02    6.041318371305E+02    7.651885334731E+02    9.451930780784E+02    1.144145470544E+03    1.362045710628E+03    1.598893798178E+03    1.854689733095E+03    2.129433515311E+03    2.423125144780E+03    2.735764621467E+03    3.067351945348E+03    3.417887116405E+03
    1.862112381656E+00   -2.142603944775E+00    6.855353752513E+00    3.382877152227E+01    7.878493072466E+01    1.417237920662E+02    2.226452472739E+02    3.215492712878E+02    4.384358557544E+02    5.733049972340E+02    7.261566940971E+02    8.969909454904E+02    1.085807750931E+03    1.292607110131E+03    1.517389022906E+03    1.760153489138E+03    2.020900508746E+03    2.299630081673E+03    2.596342207879E+03    2.911036887336E+03    3.243714120020E+03
    1.910792979422E+00   -2.083305750775E+00    6.463706932697E+00    3.208006472593E+01    7.477468502927E+01    1.345474372032E+02    2.113981924297E+02    3.053269208812E+02    4.163336126151E+02    5.444182635372E+02    6.895808717082E+02    8.518214361121E+02    1.031139956175E+03    1.227536431552E+03    1.441010862026E+03    1.671563247456E+03    1.919193587745E+03    2.183901882825E+03    2.465688132650E+03    2.764552337183E+03    3.080494496400E+03
    1.960101713934E+00   -2.026277795611E+00    6.098081507808E+00    3.044160308785E+01    7.101511042823E+01    1.278183561807E+02    2.008511880692E+02    2.901135708190E+02    3.956054926714E+02    5.173269487844E+02    6.552779368645E+02    8.094584557102E+02    9.798685046424E+02    1.166508083254E+03    1.369377191288E+03    1.588475828576E+03    1.823803995005E+03    2.075361690496E+03    2.343148914991E+03    2.627165668449E+03    2.927411950840E+03
    2.010038585191E+00   -1.971491520502E+00    5.756457589646E+00    2.890516092496E+01    6.748764501415E+01    1.215035169166E+02    1.909525977434E+02    2.758348460348E+02    3.761502479701E+02    4.918987978581E+02    6.230804930030E+02    7.696953319928E+02    9.317433140293E+02    1.109224438634E+03    1.302138705504E+03    1.510486114444E+03    1.734266665318E+03    1.973480358034E+03    2.228127192525E+03    2.498207168742E+03    2.783720286650E+03
    2.060603593194E+00   -1.918913311761E+00    5.436995623160E+00    2.746321882235E+01    6.417530985315E+01    1.155726976837E+02    1.816551734188E+02    2.624226886182E+02    3.578752271341E+02    4.680127823171E+02    5.928353510176E+02    7.323429315855E+02    8.865355230885E+02    1.055413124967E+03    1.238975736868E+03    1.437223358562E+03    1.650155989892E+03    1.877773630748E+03    2.120076281054E+03    2.377063940753E+03    2.648736609801E+03
    2.111796737941E+00   -1.868505191091E+00    5.138018679379E+00    2.610889560194E+01    6.106255699268E+01    1.099982175663E+02    1.729156347944E+02    2.498147524056E+02    3.406955516407E+02    4.455580247754E+02    5.644021681505E+02    6.972279798492E+02    8.440354587883E+02    1.004824604318E+03    1.179595416028E+03    1.368347893652E+03    1.571082037006E+03    1.787797845966E+03    2.018495320439E+03    2.263174460361E+03    2.521835265682E+03
    2.163618019435E+00   -1.820225445675E+00    4.857996594643E+00    2.483588750423E+01    5.813513362216E+01    1.047546955845E+02    1.646942933800E+02    2.379538619996E+02    3.245333797713E+02    4.244328377708E+02    5.376522317708E+02    6.641915595570E+02    8.040508198775E+02    9.572300119816E+02    1.123729135396E+03    1.303548189812E+03    1.496687175018E+03    1.703146090870E+03    1.922924937261E+03    2.156023714117E+03    2.402442421380E+03
    2.216067437673E+00   -1.774029198938E+00    4.595531750888E+00    2.363841374930E+01    5.537996050740E+01    9.981883514640E+01    1.569547161096E+02    2.267875286930E+02    3.093172479918E+02    4.045438637503E+02    5.124673711107E+02    6.330877675280E+02    7.664050515641E+02    9.124192223557E+02    1.071130279360E+03    1.242538222220E+03    1.426643050695E+03    1.623444764617E+03    1.832943363866E+03    2.055138848355E+03    2.290031218017E+03
    2.269144992657E+00   -1.729868924029E+00    4.349346316925E+00    2.251116774851E+01    5.278502305772E+01    9.516923090642E+01    1.496634239328E+02    2.162675167305E+02    2.949814808258E+02    3.858053044935E+02    4.887389821793E+02    6.037825109737E+02    7.309358892321E+02    8.701991159679E+02    1.021572190560E+03    1.185055112601E+03    1.360647881815E+03    1.548350498010E+03    1.748162961049E+03    1.960085270832E+03    2.184117427284E+03
    2.322850684386E+00   -1.687694903059E+00    4.118270792267E+00    2.144927332851E+01    5.033927358975E+01    9.078619548026E+01    1.427896213921E+02    2.063494541636E+02    2.814656614008E+02    3.681382297640E+02    4.663671529340E+02    5.761524276005E+02    6.974940518927E+02    8.303920246878E+02    9.748463452791E+02    1.130857013203E+03    1.298424028147E+03    1.477547389891E+03    1.668227098280E+03    1.870463153200E+03    2.084255554565E+03
    2.377184512861E+00   -1.647455635813E+00    3.901233713794E+00    2.044824540777E+01    4.803254352918E+01    8.665160377729E+01    1.363049536944E+02    1.969924832689E+02    2.687141558211E+02    3.514699562459E+02    4.452598773879E+02    5.500839154989E+02    6.659420684603E+02    7.928343350009E+02    9.307607143204E+02    1.079721205894E+03    1.239715809367E+03    1.410744524492E+03    1.592807351091E+03    1.785904289036E+03    1.990035338231E+03
    2.432146478081E+00   -1.609098202064E+00    3.697252401760E+00    1.950395463316E+01    4.585546444544E+01    8.274875298880E+01    1.301832882100E+02    1.881589461152E+02    2.566756853604E+02    3.357334889198E+02    4.253323487278E+02    5.254722605594E+02    6.361532220266E+02    7.573752316964E+02    8.891382886667E+02    1.031442392346E+03    1.184287542335E+03    1.347673738353E+03    1.521600980202E+03    1.706069267735E+03    1.901078600846E+03
    2.487736580047E+00   -1.572568581826E+00    3.505424635781E+00    1.861259554352E+01    4.379939694783E+01    7.906223650634E+01    1.244005177041E+02    1.798141013998E+02    2.453029411962E+02    3.208670179858E+02    4.065063227171E+02    5.022208506483E+02    6.080105990994E+02    7.238755664623E+02    8.498157517244E+02    9.858311542223E+02    1.131921773507E+03    1.288087609264E+03    1.454328661271E+03    1.630644929364E+03    1.817036413422E+03
    2.543954818757E+00   -1.537811937974E+00    3.324921163719E+00    1.777065787806E+01    4.185636658708E+01    7.557783025162E+01    1.189343829311E+02    1.719258691438E+02    2.345522370403E+02    3.068134652673E+02    3.887095437089E+02    4.802404670663E+02    5.814062323441E+02    6.922068377451E+02    8.126422821377E+02    9.427125647806E+02    1.082417685171E+03    1.231757642960E+03    1.390732437897E+03    1.559342069799E+03    1.737586538531E+03
    2.600801194214E+00   -1.504772865484E+00    3.154978957187E+00    1.697490069230E+01    4.001900600810E+01    7.228239007880E+01    1.137643125001E+02    1.644646002345E+02    2.243831955737E+02    2.935200747506E+02    3.718752265061E+02    4.594486449418E+02    5.562403267239E+02    6.622502698520E+02    7.774784730666E+02    9.019249355423E+02    1.035589656720E+03    1.178472636211E+03    1.330573873735E+03    1.491893369091E+03    1.662431122127E+03
    2.658275706415E+00   -1.473395611414E+00    2.994895136789E+00    1.622232898309E+01    3.828050268685E+01    6.916375906731E+01    1.088712781682E+02    1.574028681633E+02    2.147584650724E+02    2.809380425448E+02    3.559415880969E+02    4.397690951891E+02    5.324205601249E+02    6.338959806863E+02    7.441953554767E+02    8.633186835812E+02    9.912659643798E+02    1.128037197441E+03    1.273632382455E+03    1.428051519198E+03    1.591294607502E+03
    2.716378355362E+00   -1.443624269426E+00    2.844021498562E+00    1.551017255875E+01    3.663455166229E+01    6.621068366000E+01    1.042376639288E+02    1.507152806091E+02    2.056434630317E+02    2.690221820898E+02    3.408514239941E+02    4.211311815207E+02    5.098614505863E+02    6.070422287408E+02    7.126735144416E+02    8.267553066778E+02    9.492876047648E+02    1.080270408225E+03    1.219703716718E+03    1.367587529995E+03    1.523921847871E+03
    2.775109141054E+00   -1.415402952309E+00    2.701759580355E+00    1.483586691985E+01    3.507531274086E+01    6.341273772137E+01    9.984714745392E+01    1.443783087940E+02    1.970061439636E+02    2.577306209270E+02    3.265517245065E+02    4.034694467509E+02    4.884837831659E+02    5.815947310547E+02    6.828022887192E+02    7.921064550469E+02    9.095072292840E+02    1.035004610905E+03    1.168598599536E+03    1.310289194901E+03    1.460076396798E+03
    2.834468063492E+00   -1.388675945633E+00    2.567556213391E+00    1.419703594280E+01    3.359737171069E+01    6.076025369582E+01    9.568459260867E+01    1.383701327673E+02    1.888167888642E+02    2.470245257606E+02    3.129933268082E+02    3.867231832854E+02    4.682140902624E+02    5.574660447809E+02    6.544790449781E+02    7.592530896338E+02    8.717881779212E+02    9.920843092640E+02    1.120141483251E+03    1.255959699581E+03    1.399538958031E+03
    2.894455122675E+00   -1.363387845243E+00    2.440899509961E+00    1.359147618146E+01    3.219570515440E+01    5.824426013787E+01    9.173595190470E+01    1.326705009868E+02    1.810478141270E+02    2.368678529099E+02    3.001305991345E+02    3.708360432656E+02    4.489841799130E+02    5.345750058426E+02    6.276085190179E+02    7.280847181045E+02    8.360036021986E+02    9.513651706701E+02    1.074169423069E+03    1.204416359067E+03    1.342105978420E+03
    2.955070318604E+00   -1.339483680962E+00    2.321315243276E+00    1.301714262207E+01    3.086564849490E+01    5.585642496735E+01    8.798817788200E+01    1.272606027448E+02    1.736735979310E+02    2.272271215760E+02    2.879211538440E+02    3.557556843429E+02    4.307307071985E+02    5.128462188858E+02    6.021022171853E+02    6.984987006427E+02    8.020356682730E+02    9.127131193894E+02    1.030531053501E+03    1.155489470251E+03    1.287588369373E+03
    3.016313651277E+00   -1.316909028514E+00    2.208363580038E+00    1.247213574520E+01    2.960286694892E+01    5.358900387394E+01    8.442914252256E+01    1.221229521485E+02    1.666703223454E+02    2.180712076280E+02    2.763255864445E+02    3.414334475035E+02    4.133947844221E+02    4.922095933704E+02    5.778778719366E+02    6.703996185406E+02    7.697748321118E+02    8.760035119043E+02    9.890856573850E+02    1.109021268165E+03    1.235810343955E+03
    3.078185120696E+00   -1.295610111317E+00    2.101636130309E+00    1.195468976386E+01    2.840332909835E+01    5.143479335810E+01    8.104756389568E+01    1.172412825045E+02    1.600158295873E+02    2.093711558695E+02    2.653072380024E+02    3.278240637532E+02    3.969216262068E+02    4.725999212135E+02    5.548589461604E+02    6.436986993357E+02    7.391191795794E+02    8.411203860833E+02    9.497023182699E+02    1.064864975718E+03    1.186608358114E+03
    3.140684726861E+00   -1.275533893496E+00    2.000753282842E+00    1.146316192119E+01    2.726328282094E+01    4.938708795111E+01    7.783293932235E+01    1.126004500817E+02    1.536894910388E+02    2.011000089626E+02    2.548319786286E+02    3.148853868208E+02    3.812602260683E+02    4.539564918878E+02    5.329741814563E+02    6.183132929241E+02    7.099738250382E+02    8.079557769252E+02    9.122591479613E+02    1.022883937691E+03    1.139830145776E+03
    3.203812469771E+00   -1.256628165254E+00    1.905361797220E+00    1.099602274354E+01    2.617923334905E+01    4.743964120560E+01    7.477548442161E+01    1.081863463379E+02    1.476720877761E+02    1.932326513849E+02    2.448680099862E+02    3.025781493401E+02    3.663630613964E+02    4.362227413245E+02    5.121571860825E+02    5.941663936772E+02    6.822503627585E+02    7.764090923852E+02    8.766425818851E+02    9.829508307677E+02    1.095333838668E+03
    3.267568349426E+00   -1.238841621256E+00    1.815132627199E+00    1.055184715567E+01    2.514792325056E+01    4.558663009178E+01    7.186607747042E+01    1.039858177906E+02    1.419457014998E+02    1.857456669661E+02    2.353856849816E+02    2.908657402423E+02    3.521858240963E+02    4.193459313517E+02    4.923460587393E+02    5.711862041168E+02    6.558663660331E+02    7.463865434766E+02    8.427467357249E+02    9.449469422506E+02    1.052987162662E+03
    3.331952365827E+00   -1.222123933013E+00    1.729758951705E+00    1.012930637442E+01    2.416631414636E+01    4.382262247222E+01    6.909620856702E+01    9.998659280046E+01    1.364936148691E+02    1.786172087042E+02    2.263573429934E+02    2.797140013294E+02    3.386871744364E+02    4.032768567482E+02    4.734830447594E+02    5.493057361733E+02    6.307449294341E+02    7.178006234573E+02    8.104728174681E+02    9.087615109012E+02    1.012666703336E+03
    3.396964518973E+00   -1.206425815248E+00    1.648954393079E+00    9.727160506546E+00    2.323156999975E+01    4.214254736293E+01    6.645793314253E+01    9.617721461128E+01    1.313002203489E+02    1.718268796971E+02    2.177571591667E+02    2.690910412089E+02    3.258285159024E+02    3.879695772933E+02    4.555142216325E+02    5.284624464631E+02    6.068142501211E+02    6.905696314461E+02    7.797285896098E+02    8.742911240073E+02    9.742572341889E+02
    3.462604808864E+00   -1.191699086977E+00    1.572451403317E+00    9.344251783083E+00    2.234104182854E+01    4.054166771805E+01    6.394382941103E+01    9.254698005847E+01    1.263509367682E+02    1.653556241447E+02    2.095610064509E+02    2.589670649598E+02    3.135737890833E+02    3.733811724674E+02    4.383892111109E+02    5.085979023919E+02    5.840072445342E+02    6.646172362997E+02    7.504278768041E+02    8.414391654020E+02    9.376511016134E+02
    3.528873235501E+00   -1.177896727097E+00    1.499999801720E+00    8.979498370631E+00    2.149225370723E+01    3.901555550270E+01    6.154695939146E+01    8.908588341770E+01    1.216321328741E+02    1.591856274845E+02    2.017463291958E+02    2.493142180662E+02    3.018892828207E+02    3.594715166930E+02    4.220609154220E+02    4.896574762155E+02    5.622611971820E+02    6.398720770030E+02    7.224901147367E+02    8.101153096957E+02    9.027476613689E+02
    3.595769798883E+00   -1.164972924886E+00    1.431365448369E+00    8.631888705061E+00    2.068288993914E+01    3.756006884214E+01    5.926083317103E+01    8.578456491935E+01    1.171310572338E+02    1.533002248186E+02    1.942920272386E+02    2.401064433025E+02    2.907434610286E+02    3.462030732260E+02    4.064852753663E+02    4.715900644824E+02    5.415174385638E+02    6.162673962094E+02    6.958399364182E+02    7.802350584597E+02    8.694527617908E+02
    3.663294499011E+00   -1.152883125257E+00    1.366329039843E+00    8.300476299300E+00    1.991078329101E+01    3.617133105710E+01    5.707937611355E+01    8.263426350211E+01    1.128357739049E+02    1.476838168732E+02    1.871783495256E+02    2.313193493875E+02    2.801068037513E+02    3.335407049902E+02    3.916210483015E+02    4.543478305377E+02    5.217210495667E+02    5.937407039023E+02    6.704067924826E+02    7.517193145330E+02    8.376782694774E+02
    3.731447335884E+00   -1.141584068855E+00    1.304685014624E+00    7.984374981330E+00    1.917390419302E+01    3.484571141346E+01    5.499689874538E+01    7.962677342106E+01    1.087351033525E+02    1.423217928094E+02    1.803867964021E+02    2.229300903407E+02    2.699516611729E+02    3.214515008251E+02    3.774296042127E+02    4.378859680040E+02    5.028205899416E+02    5.722334684521E+02    6.461246024115E+02    7.244939909995E+02    8.073416336062E+02
    3.800228309502E+00   -1.131033826858E+00    1.246240557158E+00    7.682754523188E+00    1.847035081716E+01    3.357980743229E+01    5.300806907824E+01    7.675440436436E+01    1.048185681399E+02    1.372004592693E+02    1.739000297958E+02    2.149172545821E+02    2.602521194140E+02    3.099046157600E+02    3.638747382472E+02    4.221624833548E+02    4.847678486975E+02    5.516908326123E+02    6.229314339116E+02    6.984896517286E+02    7.783654854186E+02
    3.869637419865E+00   -1.121191830228E+00    1.190814690596E+00    7.394836625662E+00    1.779833995521E+01    3.237042862086E+01    5.110788715196E+01    7.400994476600E+01    1.010763429700E+02    1.323069751046E+02    1.677017905887E+02    2.072607629081E+02    2.509838770688E+02    2.988711240716E+02    3.509224982486E+02    4.071379958857E+02    4.675176144663E+02    5.320613522366E+02    6.007692079434E+02    6.736411806723E+02    7.506772697433E+02
    3.939674666974E+00   -1.112018894123E+00    1.138237448595E+00    7.119891225967E+00    1.715619862470E+01    3.121458149820E+01    4.929166160012E+01    7.138662803181E+01    9.749920869171E+01    1.276292912831E+02    1.617768225460E+02    1.999417745599E+02    2.421241315354E+02    2.883238839948E+02    3.385410259693E+02    3.927755535473E+02    4.510274640785E+02    5.132967557156E+02    5.795834271389E+02    6.498874773854E+02    7.242089057387E+02
    4.010340050829E+00   -1.103477236340E+00    1.088349118909E+00    6.857233100660E+00    1.654235633967E+01    3.010945580258E+01    4.755498806254E+01    6.887810142492E+01    9.407850992617E+01    1.231560955238E+02    1.561108022266E+02    1.929426006801E+02    2.336514742831E+02    2.782374130707E+02    3.267004107665E+02    3.790404632578E+02    4.352575677576E+02    4.953517223235E+02    5.593229255679E+02    6.271711764780E+02    6.988964743006E+02
    4.081633571429E+00   -1.095530490658E+00    1.040999550759E+00    6.606218736842E+00    1.595533798733E+01    2.905241177736E+01    4.589372928337E+01    6.647839737897E+01    9.080611599820E+01    1.188767612493E+02    1.506902743595E+02    1.862466245141E+02    2.255457942848E+02    2.685877732100E+02    3.153725547004E+02    3.659001344380E+02    4.201705094968E+02    4.781836778374E+02    5.399396380028E+02    6.054383889296E+02    6.746799298272E+02
    4.153555228774E+00   -1.088143714741E+00    9.960475197479E-01    6.366243448495E+00    1.539375725851E+01    2.804096844248E+01    4.430399675002E+01    6.418190703079E+01    8.767438488866E+01    1.147813004839E+02    1.455025922145E+02    1.798382277796E+02    2.177881889097E+02    2.593524646375E+02    3.045310480552E+02    3.533239346358E+02    4.057311213120E+02    4.617526059454E+02    5.213883870086E+02    5.846384633868E+02    6.515028342509E+02
    4.226105022864E+00   -1.081283392600E+00    9.533601444842E-01    6.136738716713E+00    1.485631058447E+01    2.707279276730E+01    4.278213374147E+01    6.198335578316E+01    8.467612995087E+01    1.108603203631E+02    1.405358625425E+02    1.737027226780E+02    2.103608816447E+02    2.505103279614E+02    2.941510543964E+02    3.412830562102E+02    3.919063301915E+02    4.460208741017E+02    5.036266863415E+02    5.647237657438E+02    6.293121114405E+02
    4.299282953700E+00   -1.074917432259E+00    9.128123493534E-01    5.917169734081E+00    1.434177153631E+01    2.614568966803E+01    4.132469966610E+01    5.987778072557E+01    8.180458915666E+01    1.071049829467E+02    1.357788946995E+02    1.678262890704E+02    2.032471460656E+02    2.420414536820E+02    2.842092043588E+02    3.297503931408E+02    3.786650166703E+02    4.309530726069E+02    4.866145592783E+02    5.456494754641E+02    6.080578202569E+02
    4.373089021281E+00   -1.069015157816E+00    8.742863693424E-01    5.707033136585E+00    1.384898564901E+01    2.525759276114E+01    3.992845558182E+01    5.786050975820E+01    7.905339666121E+01    1.035069680621E+02    1.312211536045E+02    1.621959163875E+02    1.964312355358E+02    2.339270985166E+02    2.746834974351E+02    3.187004271170E+02    3.659778840565E+02    4.165158658091E+02    4.703143706289E+02    5.273733972415E+02    5.876929446992E+02
    4.447523225608E+00   -1.063547297146E+00    8.376712921482E-01    5.505854906334E+00    1.337686563351E+01    2.440655580887E+01    3.859035079909E+01    5.592714227627E+01    7.641655649279E+01    1.000584389235E+02    1.268527162116E+02    1.567993498791E+02    1.898983181569E+02    2.261496079750E+02    2.655532110998E+02    3.081091221351E+02    3.538173374242E+02    4.026778544179E+02    4.546906712951E+02    5.098557867265E+02    5.681731997238E+02
    4.522585566680E+00   -1.058485964822E+00    8.028626342498E-01    5.313188431302E+00    1.292438694521E+01    2.359074480020E+01    3.730751047796E+01    5.407353128699E+01    7.388841819312E+01    9.675201029837E+01    1.226642312081E+02    1.516250408463E+02    1.836344165387E+02    2.186923446708E+02    2.567988166659E+02    2.979538269026E+02    3.421573715716E+02    3.894094480173E+02    4.397100543425E+02    4.930591891624E+02    5.494568514474E+02
    4.598276044497E+00   -1.053804640794E+00    7.697619475292E-01    5.128612708843E+00    1.249058367935E+01    2.280843061488E+01    3.607722413775E+01    5.229576684150E+01    7.146365424843E+01    9.358071901551E+01    1.186468816740E+02    1.466621005308E+02    1.776263519949E+02    2.115396219006E+02    2.484019013236E+02    2.882131844147E+02    3.309734672099E+02    3.766827469458E+02    4.253410216481E+02    4.769482898758E+02    5.315045505574E+02
    4.674594659060E+00   -1.049478144930E+00    7.382764536279E-01    4.951730681277E+00    1.207454476688E+01    2.205798222343E+01    3.489693500523E+01    5.059016067540E+01    6.913723916644E+01    9.053799662182E+01    1.147923504644E+02    1.419002573653E+02    1.718616928061E+02    2.046766420633E+02    2.403450958610E+02    2.788670481191E+02    3.202424947172E+02    3.644714327829E+02    4.115538602637E+02    4.614897756619E+02    5.142791778633E+02
    4.751541410368E+00   -1.045482608400E+00    7.083187031723E-01    4.782167692332E+00    1.167541044577E+01    2.133786037920E+01    3.376423013336E+01    4.895323196015E+01    6.690443006621E+01    8.761764401686E+01    1.110927880938E+02    1.373298173148E+02    1.663287062234E+02    1.980894395322E+02    2.326120076095E+02    2.698964041419E+02    3.099426248507E+02    3.527506667531E+02    3.983205277177E+02    4.466522061890E+02    4.977457010104E+02
    4.829116298421E+00   -1.041795440988E+00    6.798062581945E-01    4.619570055549E+00    1.129236898689E+01    2.064661176428E+01    3.267683123011E+01    4.738169407756E+01    6.476074866132E+01    8.481380790746E+01    1.075407829254E+02    1.329416270623E+02    1.610163139141E+02    1.917648276234E+02    2.251871581988E+02    2.612832990909E+02    3.000532458611E+02    3.414969954149E+02    3.856145455412E+02    4.324058946262E+02    4.818710414698E+02
    4.907319323220E+00   -1.038395296452E+00    6.526613949371E-01    4.463603724464E+00    1.092465365272E+01    1.998286355175E+01    3.163258613961E+01    4.587244233516E+01    6.270196452465E+01    8.212095893722E+01    1.041293334804E+02    1.287270398144E+02    1.559140505780E+02    1.856903493379E+02    2.180559257396E+02    2.530107729951E+02    2.905548865041E+02    3.306882630593E+02    3.734109003691E+02    4.187227967607E+02    4.666239509902E+02
    4.986150484765E+00   -1.035262034592E+00    6.268108260536E-01    4.313953057681E+00    1.057153987186E+01    1.934531835306E+01    3.062946092581E+01    4.442254254977E+01    6.072407953555E+01    7.953387136090E+01    1.008518227031E+02    1.246778835200E+02    1.510120254841E+02    1.798542315806E+02    2.112044910881E+02    2.450627969778E+02    2.814291444862E+02    3.203035302919E+02    3.616859520218E+02    4.055764079438E+02    4.519748967696E+02
    5.065609783054E+00   -1.032376681564E+00    6.021854401228E-01    4.170319670557E+00    1.023234261163E+01    1.873274951927E+01    2.966553251069E+01    4.302922043083E+01    5.882331341633E+01    7.704760414229E+01    9.770199402889E+01    1.207864313165E+02    1.463008867027E+02    1.742453425859E+02    2.046197878741E+02    2.374242152956E+02    2.726586199219E+02    3.103229983166E+02    3.504173480244E+02    3.929416672531E+02    4.378959546697E+02
    5.145697218089E+00   -1.029721388681E+00    5.787200571845E-01    4.032421366870E+00    9.906413933395E+00    1.814399676919E+01    2.873898182431E+01    4.168985170161E+01    5.699609027409E+01    7.465748336594E+01    9.467392911450E+01    1.170453740285E+02    1.417717878220E+02    1.688531523013E+02    1.982894560009E+02    2.300806914036E+02    2.642268534146E+02    3.007279384814E+02    3.395839440656E+02    3.807948683143E+02    4.243607098495E+02
    5.226412789869E+00   -1.027279389437E+00    5.563531993068E-01    3.899991144673E+00    9.593140717160E+00    1.757796211956E+01    2.784808742783E+01    4.040195290240E+01    5.523902607124E+01    7.235908586221E+01    9.176202710541E+01    1.134477945641E+02    1.374163569608E+02    1.636676955047E+02    1.922017983534E+02    2.230186577423E+02    2.561182684086E+02    2.915006266827E+02    3.291657299423E+02    3.691135762735E+02    4.113441642528E+02
    5.307756498395E+00   -1.025034955631E+00    5.350268748883E-01    3.772776270316E+00    9.291942541933E+00    1.703360609388E+01    2.699121957310E+01    3.916317282314E+01    5.354891695356E+01    7.014822395325E+01    8.896098532173E+01    1.099871440636E+02    1.332266679021E+02    1.586795374444E+02    1.863457404681E+02    2.162252689590E+02    2.483181174850E+02    2.826242822583E+02    3.191437605722E+02    3.578765504511E+02    3.988226504253E+02
    5.389728343666E+00   -1.022973353241E+00    5.146863756370E-01    3.650537415274E+00    9.002269710032E+00    1.650994418874E+01    2.616683466565E+01    3.797128451790E+01    5.192272837092E+01    6.802093123469E+01    8.626578125592E+01    1.066572196679E+02    1.291952131869E+02    1.538797418136E+02    1.807107929424E+02    2.096883583075E+02    2.408124323062E+02    2.740830110314E+02    3.095000916913E+02    3.470636722480E+02    3.867737511856E+02
    5.472328325683E+00   -1.021080797454E+00    4.952800856663E-01    3.533047851598E+00    8.723601405022E+00    1.600604357875E+01    2.537347010145E+01    3.682417785814E+01    5.035758493194E+01    6.597344931646E+01    8.367165578442E+01    1.034521437857E+02    1.253148790222E+02    1.492598408835E+02    1.752870163779E+02    2.033963969863E+02    2.335879769337E+02    2.658617521929E+02    3.002177198863E+02    3.366558779131E+02    3.751762247109E+02
    5.555556444444E+00   -1.019344407988E+00    4.767593016422E-01    3.420092701098E+00    8.455443972797E+00    1.552102004192E+01    2.460973944894E+01    3.571985258412E+01    4.885076093719E+01    6.400221545048E+01    8.117409750251E+01    1.003663447479E+02    1.215789218674E+02    1.448118076350E+02    1.700649886700E+02    1.973384561978E+02    2.266322042701E+02    2.579462287387E+02    2.912805266393E+02    3.266350958080E+02    3.640099346353E+02
    5.639412699952E+00   -1.017752164838E+00    4.590780633408E-01    3.311468234382E+00    8.197329316794E+00    1.505403508917E+01    2.387432795112E+01    3.465641181772E+01    4.739967154124E+01    6.210385098012E+01    7.876882809944E+01    9.739453874735E+01    1.179809465765E+02    1.405280297409E+02    1.650357744684E+02    1.915041717269E+02    2.199332153934E+02    2.503229011979E+02    2.826732260887E+02    3.169841878382E+02    3.532557847894E+02
    5.723897092204E+00   -1.016292864008E+00    4.421929941657E-01    3.206981216441E+00    7.948813399351E+00    1.460429328346E+01    2.316598832452E+01    3.363205600341E+01    4.600186449762E+01    6.027515055142E+01    7.645178869811E+01    9.453171296848E+01    1.145148859805E+02    1.364012852641E+02    1.601908966528E+02    1.858837108552E+02    2.134797215725E+02    2.429789244117E+02    2.743813162334E+02    3.076868947457E+02    3.428956582439E+02
    5.809009621202E+00   -1.014956074074E+00    4.260631508400E-01    3.106448295042E+00    7.709474841120E+00    1.417103973439E+01    2.248353683303E+01    3.264507724565E+01    4.465501244410E+01    5.851307203048E+01    7.421912708877E+01    9.177310982197E+01    1.111749818069E+02    1.324247199456E+02    1.555223096741E+02    1.804677414405E+02    2.072610087687E+02    2.359021071418E+02    2.663910333320E+02    2.987277849828E+02    3.329123603412E+02
    5.894750286945E+00   -1.013732094541E+00    4.106498815670E-01    3.009695428442E+00    7.478913610975E+00    1.375355775497E+01    2.182584961640E+01    3.169385401373E+01    4.335690568869E+01    5.681472707530E+01    7.206718579163E+01    8.911421220278E+01    1.079557668382E+02    1.285918259679E+02    1.510223746284E+02    1.752474030050E+02    2.012669044431E+02    2.290808743013E+02    2.586893092628E+02    2.900922069058E+02    3.232895654288E+02
    5.981119089434E+00   -1.012611913641E+00    3.959166927885E-01    2.916557350891E+00    7.256749801377E+00    1.335116667067E+01    2.119185925651E+01    3.077684618919E+01    4.210544546193E+01    5.517737231696E+01    6.999249089058E+01    8.655072970026E+01    1.048520482221E+02    1.248964220902E+02    1.466838359388E+02    1.702142796890E+02    1.954877465064E+02    2.225042316245E+02    2.512637316363E+02    2.817662440548E+02    3.140117670295E+02
    6.068116028668E+00   -1.011587168900E+00    3.818291232751E-01    2.826877071605E+00    7.042622481298E+00    1.296321976777E+01    2.058055156268E+01    2.989259042950E+01    4.089863760057E+01    5.359840110460E+01    6.799174158111E+01    8.407858569053E+01    1.018588918498E+02    1.213326350532E+02    1.424997995305E+02    1.653603749365E+02    1.899143542564E+02    2.161617325971E+02    2.441025064615E+02    2.737366732963E+02    3.050642312022E+02
    6.155741104648E+00   -1.010650108015E+00    3.683546257555E-01    2.740505406135E+00    6.836188622638E+00    1.258910237283E+01    1.999096256201E+01    2.903969582724E+01    3.973458663341E+01    5.207533577603E+01    6.606180038358E+01    8.169390525040E+01    9.897160772845E+01    1.178948821688E+02    1.384637123941E+02    1.606780877914E+02    1.845380011639E+02    2.100434474916E+02    2.371944231863E+02    2.659909256284E+02    2.964329528690E+02
    6.243994317372E+00   -1.009793551727E+00    3.554624552950E-01    2.657300537070E+00    6.637122094132E+00    1.222823005309E+01    1.942217567943E+01    2.821683984300E+01    3.861149024034E+01    5.060582041612E+01    6.419968397419E+01    7.939300383410E+01    9.618573627734E+01    1.145778550081E+02    1.345693434395E+02    1.561601906893E+02    1.793503893776E+02    2.041399343566E+02    2.305288219466E+02    2.585170494610E+02    2.881046149011E+02
    6.332875666843E+00   -1.009010857633E+00    3.431235642927E-01    2.577127602572E+00    6.445112718606E+00    1.188004693002E+01    1.887331909487E+01    2.742276449366E+01    3.752763405918E+01    4.918761406953E+01    6.240255459118E+01    7.717237666044E+01    9.349703548294E+01    1.113765041124E+02    1.308107655503E+02    1.517998086433E+02    1.743436258275E+02    1.984422118263E+02    2.240955628679E+02    2.513036761984E+02    2.800665497691E+02
    6.422385153058E+00   -1.008295885995E+00    3.313105035221E-01    2.499858310334E+00    6.259865388695E+00    1.154402409759E+01    1.834356326480E+01    2.665627277773E+01    3.648138681555E+01    4.781858437597E+01    6.066771197598E+01    7.502868876058E+01    9.090146885427E+01    1.082860246569E+02    1.271823387559E+02    1.475903997255E+02    1.695101998164E+02    1.929417336226E+02    2.178849972797E+02    2.443399879660E+02    2.723067035823E+02
    6.512522776019E+00   -1.007642966681E+00    3.199973290578E-01    2.425370575644E+00    6.081099237459E+00    1.121965813864E+01    1.783211859717E+01    2.591622532206E+01    3.547119575428E+01    4.649670159920E+01    5.899258581302E+01    7.295876564158E+01    8.839519412315E+01    1.053018430004E+02    1.236786944444E+02    1.435257367553E+02    1.648429619976E+02    1.876303646350E+02    2.118879407099E+02    2.376156873323E+02    2.648136023524E+02
    6.603288535725E+00   -1.007046868243E+00    3.091595145745E-01    2.353548181445E+00    5.908546859645E+00    1.090646973202E+01    1.733823326895E+01    2.520153723418E+01    3.449558235104E+01    4.522003302260E+01    5.737472863356E+01    7.095958452311E+01    8.597455263832E+01    1.024196040614E+02    1.202947205448E+02    1.395998901132E+02    1.603351046437E+02    1.825003584689E+02    2.060956475375E+02    2.311209688910E+02    2.575763203284E+02
    6.694682432177E+00   -1.006502767807E+00    2.987738689588E-01    2.284280459505E+00    5.741953580833E+00    1.060400234513E+01    1.686119117720E+01    2.451117514701E+01    3.355313828608E+01    4.398673768694E+01    5.581180915288E+01    6.902826610920E+01    8.363605940694E+01    9.963515946464E+01    1.170255476140E+02    1.358072116026E+02    1.559801431191E+02    1.775443363645E+02    2.004997871930E+02    2.248464925772E+02    2.505844502645E+02
    6.786704465374E+00   -1.006006222967E+00    2.888184587150E-01    2.217461990734E+00    5.581076770639E+00    1.031182100541E+01    1.640031001399E+01    2.384415444254E+01    3.264252166163E+01    4.279506144692E+01    5.430160601102E+01    6.716206685841E+01    8.137639373940E+01    9.694455640567E+01    1.138665357661E+02    1.321423192897E+02    1.517718984757E+02    1.727552673925E+02    1.950924217995E+02    2.187833585998E+02    2.438280754893E+02
    6.879354635316E+00   -1.005553145333E+00    2.792725349619E-01    2.152992323525E+00    5.425685197199E+00    1.002951114575E+01    1.595493945718E+01    2.319953664242E+01    3.176245344694E+01    4.164333232505E+01    5.284200189011E+01    6.535837171911E+01    7.919239045707E+01    9.434402718575E+01    1.108132623890E+02    1.286000832560E+02    1.477044810953E+02    1.681264498423E+02    1.898659851607E+02    2.129230838839E+02    2.372977436558E+02
    6.972632942004E+00   -1.005139775306E+00    2.701164648191E-01    2.090775709092E+00    5.275558420397E+00    9.756677519048E+00    1.552445946952E+01    2.257642695480E+01    3.091171413608E+01    4.052995614364E+01    5.143097798369E+01    6.361468729940E+01    7.708103162604E+01    9.182997937243E+01    1.078615105955E+02    1.251756122028E+02    1.437722753115E+02    1.636514937229E+02    1.848132630049E+02    2.072575799207E+02    2.309844420617E+02
    7.066539385437E+00   -1.004762657857E+00    2.613316669422E-01    2.030720852714E+00    5.130486221313E+00    9.492943177477E+00    1.510827869900E+01    2.197397196708E+01    3.008914060440E+01    3.945341241629E+01    5.006660879470E+01    6.192863544285E+01    7.503943878197E+01    8.939898654499E+01    1.050072583597E+02    1.218642408510E+02    1.399699249435E+02    1.593243043036E+02    1.799273744029E+02    2.017791319339E+02    2.248795744355E+02
    7.161073965616E+00   -1.004418621119E+00    2.529005507190E-01    1.972740679180E+00    4.990268064745E+00    9.237948511280E+00    1.470583297286E+01    2.139135747411E+01    2.929362314982E+01    3.841225048132E+01    4.874705723979E+01    6.029794718272E+01    7.306486561314E+01    8.704777958518E+01    1.022466682956E+02    1.186615180850E+02    1.362923196845E+02    1.551390666253E+02    1.752017542816E+02    1.964803792752E+02    2.189749390919E+02
    7.256236682540E+00   -1.004104754627E+00    2.448064593364E-01    1.916752112650E+00    4.854712593996E+00    8.991350344775E+00    1.431658388079E+01    2.082780643456E+01    2.852410270845E+01    3.740508586255E+01    4.747057004145E+01    5.872045705144E+01    7.115469107325E+01    8.477323847943E+01    9.957607803374E+01    1.155631957912E+02    1.327345822883E+02    1.510902309201E+02    1.706301369636E+02    1.913542969687E+02    2.132627083684E+02
    7.352027536209E+00   -1.003818390250E+00    2.370336160745E-01    1.862675868869E+00    4.723637154496E+00    8.752821084340E+00    1.394001743997E+01    2.028257704565E+01    2.777956823171E+01    3.643059684146E+01    4.623547338787E+01    5.719409772078E+01    6.930641289474E+01    8.257238459791E+01    9.699199115914E+01    1.125652183464E+02    1.292920565009E+02    1.471724988807E+02    1.662065406647E+02    1.863941783313E+02    2.077354092596E+02
    7.448446526624E+00   -1.003557083555E+00    2.295670739284E-01    1.810436259735E+00    4.596867345368E+00    8.522047916116E+00    1.357564283772E+01    1.975496092975E+01    2.705905421561E+01    3.548752122819E+01    4.504016884442E+01    5.571689495280E+01    6.751764147788E+01    8.044237342076E+01    9.449106867349E+01    1.096637127157E+02    1.259602956922E+02    1.433808107235E+02    1.619252528900E+02    1.815936185977E+02    2.023859051722E+02
    7.545493653784E+00   -1.003318596752E+00    2.223926682026E-01    1.759961009010E+00    4.474236596623E+00    8.298732049670E+00    1.322299124639E+01    1.924428142498E+01    2.636163837197E+01    3.457465331787E+01    4.388312949995E+01    5.428696284071E+01    6.578609413107E+01    7.838048768244E+01    9.207012094817E+01    1.068549791183E+02    1.227350521402E+02    1.397103329963E+02    1.577808166676E+02    1.769464994878E+02    1.972073787285E+02
    7.643168917689E+00   -1.003100882247E+00    2.154969720079E-01    1.711181078759E+00    4.355585770757E+00    8.082588005104E+00    1.288161470607E+01    1.874989197384E+01    2.568643943291E+01    3.369084102128E+01    4.276289633365E+01    5.290249932214E+01    6.410958964054E+01    7.638413090801E+01    8.972610013737E+01    1.041354822277E+02    1.196122669282E+02    1.361564470822E+02    1.537680175712E+02    1.724469746561E+02    1.921933155539E+02
    7.741472318340E+00   -1.002902068500E+00    2.088672542966E-01    1.664030505281E+00    4.240762786485E+00    7.873342940153E+00    1.255108507031E+01    1.827117460272E+01    2.503261507949E+01    3.283498315781E+01    4.167807478753E+01    5.156178194642E+01    6.248604314774E+01    7.445082131586E+01    8.745609302134E+01    1.015018428711E+02    1.165880604148E+02    1.327147383567E+02    1.498818714778E+02    1.680894559658E+02    1.873374889830E+02
    7.840403855736E+00   -1.002720445413E+00    2.024914405726E-01    1.618446244817E+00    4.129622264327E+00    7.670736015873E+00    1.223099301199E+01    1.780753848788E+01    2.439935998788E+01    3.200602690178E+01    4.062733153308E+01    5.026316388149E+01    6.091346131647E+01    7.257818606521E+01    8.525731425420E+01    9.895083019687E+01    1.136587232429E+02    1.293809859559E+02    1.461176130167E+02    1.638686005391E+02    1.826339456305E+02
    7.939963529877E+00   -1.002554451874E+00    1.963580758312E-01    1.574368027548E+00    4.022025191617E+00    7.474517797424E+00    1.192094708433E+01    1.735841860138E+01    2.378590398457E+01    3.120296537151E+01    3.960939141861E+01    4.900507014409E+01    5.938993777050E+01    7.076395582549E+01    8.312709998976E+01    9.647935428204E+01    1.108207078509E+02    1.261511531192E+02    1.424706846665E+02    1.597792985326E+02    1.780769917696E+02
    8.040151340764E+00   -1.002402663252E+00    1.904562898099E-01    1.531738220063E+00    3.917838606570E+00    7.284449688656E+00    1.162057283478E+01    1.692327443281E+01    2.319151030480E+01    3.042483535316E+01    3.862303458719E+01    4.778599404051E+01    5.791364878581E+01    6.900595964889E+01    8.106290186299E+01    9.408445915090E+01    1.080706204593E+02    1.230213780693E+02    1.389367264591E+02    1.558166615939E+02    1.736611804705E+02
    8.140967288396E+00   -1.002263780864E+00    1.847757642129E-01    1.490501695132E+00    3.816935299446E+00    7.100303397562E+00    1.132951196743E+01    1.650158878145E+01    2.261547394699E+01    2.967071515010E+01    3.766709375368E+01    4.660449380395E+01    5.648284922092E+01    6.730212012632E+01    7.906228130429E+01    9.176331618047E+01    1.054052134987E+02    1.199879653979E+02    1.355115662542E+02    1.519760119580E+02    1.693812994502E+02
    8.242411372774E+00   -1.002136621048E+00    1.793067019971E-01    1.450605709024E+00    3.719193530638E+00    6.921860431664E+00    1.104742155211E+01    1.609286661531E+01    2.205712011826E+01    2.893972255125E+01    3.674045163219E+01    4.545918941749E+01    5.509586867179E+01    6.565044881058E+01    7.712290416730E+01    8.951321786926E+01    1.028213784566E+02    1.170473779254E+02    1.321912105492E+02    1.482528721432E+02    1.652323595924E+02
    8.344483593897E+00   -1.002020105919E+00    1.740397984055E-01    1.411999785290E+00    3.624496763855E+00    6.748911620644E+00    1.077397327631E+01    1.569663399233E+01    2.151580276464E+01    2.823101291012E+01    3.584203850394E+01    4.434875961052E+01    5.375110783664E+01    6.404904188947E+01    7.524253565015E+01    8.733157194652E+01    1.003161391141E+02    1.141962290057E+02    1.289718357915E+02    1.446429552114E+02    1.612095840940E+02
    8.447183951765E+00   -1.001913254548E+00    1.689662137475E-01    1.374635604970E+00    3.532733413953E+00    6.581256665075E+00    1.050885273802E+01    1.531243704032E+01    2.099090318127E+01    2.754377732850E+01    3.497082991739E+01    4.327193901859E+01    5.244703507862E+01    6.249607609434E+01    7.341903549306E+01    8.521589580199E+01    9.788664515132E+01    1.114312752496E+02    1.258497801636E+02    1.411421555574E+02    1.573083982028E+02
    8.550512446379E+00   -1.001815174789E+00    1.640775477924E-01    1.338466902761E+00    3.443796608414E+00    6.418703709554E+00    1.025175877668E+01    1.493984099207E+01    2.048182869782E+01    2.687724093831E+01    3.412584451282E+01    4.222751549679E+01    5.118218317426E+01    6.098980482983E+01    7.165035343550E+01    8.316381121674E+01    9.553016609749E+01    1.087494096416E+02    1.228215358118E+02    1.377465401960E+02    1.535244195091E+02
    8.654469077738E+00   -1.001725055570E+00    1.593658156885E-01    1.303449368814E+00    3.357583961725E+00    6.261068938852E+00    1.000240284030E+01    1.457842927237E+01    1.998801143459E+01    2.623066127583E+01    3.330614196381E+01    4.121432757760E+01    4.995514623669E+01    5.952855451159E+01    6.993452491752E+01    8.117303937711E+01    9.324408560726E+01    1.061476550264E+02    1.198837414930E+02    1.344523405181E+02    1.498534487597E+02
    8.759053845843E+00   -1.001642159893E+00    1.548234252901E-01    1.269540555761E+00    3.273997361770E+00    6.108176195602E+00    9.760508386231E+00    1.422780263377E+01    1.950890712497E+01    2.560332674279E+01    3.251082102862E+01    4.023126206440E+01    4.876457680318E+01    5.811072109956E+01    6.826966701060E+01    7.924139615501E+01    9.102589604182E+01    1.036231579435E+02    1.170331756136E+02    1.312559444864E+02    1.462914611622E+02
    8.864266750693E+00   -1.001565818830E+00    1.504431557870E-01    1.236699790574E+00    3.192942767453E+00    5.959856618137E+00    9.525810313651E+00    1.388757833804E+01    1.904399400031E+01    2.499455514890E+01    3.173901770489E+01    3.927725175267E+01    4.760918307708E+01    5.673476681517E+01    6.665397456441E+01    7.736678763855E+01    8.887319333800E+01    1.011731827887E+02    1.142667496387E+02    1.281538892452E+02    1.428345981506E+02
    8.970107792288E+00   -1.001495425129E+00    1.462181376474E-01    1.204888091312E+00    3.114330017304E+00    5.815948297775E+00    9.298054426345E+00    1.355738938122E+01    1.859277173398E+01    2.440369233173E+01    3.098990348207E+01    3.835127327173E+01    4.648772631580E+01    5.539921703212E+01    6.508571655728E+01    7.554720589903E+01    8.678367214835E+01    9.879510628402E+01    1.115815018484E+02    1.251428541208E+02    1.394791595861E+02
    9.076576970628E+00   -1.001430428301E+00    1.421418336638E-01    1.174068087997E+00    3.038072647823E+00    5.676295953758E+00    9.076996923310E+00    1.323688375898E+01    1.815476044047E+01    2.383011084865E+01    3.026268368520E+01    3.745234503947E+01    4.539901835537E+01    5.410265733001E+01    6.356323263781E+01    7.378072497952E+01    8.475512123594E+01    9.648641223810E+01    1.089745914221E+02    1.222196539894E+02    1.362215963665E+02
    9.183674285714E+00   -1.001370328725E+00    1.382080211911E-01    1.144203947965E+00    2.964087721773E+00    5.540750625639E+00    8.862403916472E+00    1.292572377076E+01    1.772949972729E+01    2.327320873754E+01    2.955659590566E+01    3.657952532423E+01    4.434191926476E+01    5.284373070219E+01    6.208492984750E+01    7.206549709348E+01    8.278541910998E+01    9.424468657973E+01    1.064432928322E+02    1.193812329905E+02    1.330585034225E+02
    9.291399737546E+00   -1.001314674341E+00    1.344107752850E-01    1.115261304582E+00    2.892295664718E+00    5.409169380918E+00    8.654050972649E+00    1.262358535935E+01    1.731654779518E+01    2.273240834096E+01    2.887090851245E+01    3.573191040648E+01    4.331533512107E+01    5.162113490760E+01    6.064927951248E+01    7.039974901953E+01    8.087252988694E+01    9.206761264857E+01    1.039849905267E+02    1.166246585660E+02    1.299866130755E+02
    9.399753326122E+00   -1.001263055309E+00    1.307444529539E-01    1.087207190201E+00    2.822620110751E+00    5.281415038559E+00    8.451722680003E+00    1.233015748528E+01    1.691548058568E+01    2.220715519189E+01    2.820491924124E+01    3.490863283615E+01    4.231821590028E+01    5.043361996019E+01    5.925481429651E+01    6.878177868322E+01    7.901449936609E+01    8.995296672956E+01    1.015971738884E+02    1.139471158083E+02    1.270027887392E+02
    9.508735051444E+00   -1.001215100773E+00    1.272036782184E-01    1.060009972154E+00    2.754987755612E+00    5.157355906135E+00    8.255212236121E+00    1.204514153283E+01    1.652589097178E+01    2.169691695598E+01    2.755795385506E+01    3.410885977877E+01    4.134955347567E+01    4.927998574632E+01    5.790012540448E+01    6.720995191335E+01    7.720945130562E+01    8.789861381575E+01    9.927743245057E+01    1.113459020964E+02    1.241040189441E+02
    9.618344913512E+00   -1.001170475281E+00    1.237833280666E-01    1.033639292169E+00    2.689328217523E+00    5.036865530596E+00    8.064321057348E+00    1.176825074638E+01    1.614738799005E+01    2.120118242797E+01    2.692936487359E+01    3.333179144609E+01    4.040837971840E+01    4.815907976399E+01    5.658385992867E+01    6.568269936401E+01    7.545558388890E+01    8.590250358729E+01    9.702345135765E+01    1.088184220067E+02    1.212874116657E+02
    9.728582912325E+00   -1.001128875178E+00    1.204785192254E-01    1.008066008920E+00    2.625573905178E+00    4.919822461796E+00    7.878858408044E+00    1.149920969565E+01    1.577959611189E+01    2.071946057913E+01    2.631853036697E+01    3.257665960649E+01    3.949376469463E+01    4.706979497677E+01    5.530471832976E+01    6.419851359270E+01    7.375116636999E+01    8.396266659455E+01    9.483300705609E+01    1.063621824813E+02    1.185501889420E+02
    9.839449047883E+00   -1.001090026201E+00    1.172845956411E-01    9.832621432857E-01    2.563659892152E+00    4.806110027662E+00    7.698641048236E+00    1.123775376750E+01    1.542215455117E+01    2.025127965242E+01    2.572485281012E+01    3.184272617010E+01    3.860481495317E+01    4.601106777565E+01    5.406145204452E+01    6.275594628555E+01    7.209453588802E+01    8.207721063330E+01    9.270396320189E+01    1.039747882403E+02    1.158896817602E+02
    9.950943320186E+00   -1.001053679976E+00    1.141971167331E-01    9.592008266194E-01    2.503523797986E+00    4.695616121071E+00    7.523492899399E+00    1.098362868366E+01    1.507471660705E+01    1.979618630346E+01    2.514775799498E+01    3.112928184542E+01    3.774067189943E+01    4.498187604353E+01    5.285286121386E+01    6.135360562209E+01    7.048409444172E+01    8.024431730207E+01    9.063426677405E+01    1.016539374236E+02    1.133033252022E+02
    1.006306572924E+01   -1.001019612772E+00    1.112118462187E-01    9.358562512060E-01    2.445105674679E+00    4.588232996741E+00    7.353244726248E+00    1.073659004192E+01    1.473694903892E+01    1.935374478370E+01    2.458669399631E+01    3.043564486212E+01    3.690051024988E+01    4.398123731551E+01    5.167779252352E+01    5.999015377068E+01    6.891830601410E+01    7.846223873053E+01    8.862194438092E+01    9.939741745039E+01    1.107886538298E+02
    1.017581627503E+01   -1.000987621989E+00    1.083247416776E-01    9.132036236472E-01    2.388347899475E+00    4.483857078962E+00    7.187733835122E+00    1.049640288081E+01    1.440853147316E+01    1.892353616490E+01    2.404113018959E+01    2.976115975817E+01    3.608353656383E+01    4.300820703133E+01    5.053513715269E+01    5.866430450908E+01    6.739569384059E+01    7.672929447093E+01    8.666509875068E+01    9.720310108381E+01    1.083432973005E+02
    1.028919495757E+01   -1.000957524873E+00    1.055319446118E-01    8.912191201598E-01    2.333195072426E+00    4.382388778213E+00    7.026803786602E+00    1.026284126519E+01    1.408915583850E+01    1.850515760122E+01    2.351055631673E+01    2.910519622593E+01    3.528898784707E+01    4.206187687319E+01    4.942382882307E+01    5.737482096159E+01    6.591483781120E+01    7.504386854210E+01    8.476190539415E+01    9.506894268985E+01    1.059649761984E+02
    1.040320177685E+01   -1.000929156137E+00    1.028297711132E-01    8.698798442957E-01    2.279593919313E+00    4.283732317155E+00    6.870304122643E+00    1.003568789249E+01    1.377852582949E+01    1.809822162786E+01    2.299448159798E+01    2.846714801547E+01    3.451613022438E+01    4.114137318564E+01    4.834284194410E+01    5.612051344763E+01    6.447437200051E+01    7.340440661895E+01    8.291060943170E+01    9.299297467950E+01    1.036514980704E+02
    1.051783673288E+01   -1.000902367092E+00    1.002147029981E-01    8.491637864866E-01    2.227493198986E+00    4.187795564743E+00    6.718090106605E+00    9.814733717818E+00    1.347635639575E+01    1.770235549361E+01    2.249243388679E+01    2.784643189074E+01    3.376425767635E+01    4.024585547206E+01    4.729118984817E+01    5.490023743488E+01    6.307298231775E+01    7.180941335853E+01    8.110952257451E+01    9.097330412440E+01    1.014007536548E+02
    1.063309982566E+01   -1.000877023214E+00    9.768337949708E-02    8.290497858439E-01    2.176843615632E+00    4.094489878884E+00    6.570022476434E+00    9.599777597770E+00    1.318237325648E+01    1.731720052621E+01    2.200395886615E+01    2.724248663714E+01    3.303269083805E+01    3.937451496464E+01    4.626792311204E+01    5.371289159220E+01    6.170940427138E+01    7.025744985646E+01    7.935702025289E+01    8.900810953706E+01    9.921071329391E+01
    1.074899105518E+01   -1.000853002871E+00    9.523258936277E-02    8.095174936191E-01    2.127597735040E+00    4.003729956410E+00    6.425967209453E+00    9.390625951113E+00    1.289631243818E+01    1.694241152812E+01    2.152861928350E+01    2.665477211652E+01    3.232077585539E+01    3.852657326307E+01    4.527212795898E+01    5.255741593624E+01    6.038242084130E+01    6.874713122572E+01    7.765153888277E+01    8.709563780623E+01    9.707942351917E+01
    1.086551042145E+01   -1.000830196765E+00    9.285926339227E-02    7.905473383209E-01    2.079709904758E+00    3.915433690101E+00    6.285795298282E+00    9.187092435607E+00    1.261791983432E+01    1.657765620102E+01    2.106599422211E+01    2.608276836744E+01    3.162788329614E+01    3.770128103837E+01    4.430292473736E+01    5.143279006684E+01    5.909086045295E+01    6.727712429150E+01    7.599157326325E+01    8.523420127910E+01    9.500500380001E+01
    1.098265792446E+01   -1.000808505851E+00    9.056046741337E-02    7.721204927592E-01    2.033136178457E+00    3.829522032994E+00    6.149382537943E+00    8.988997640752E+00    1.234695078658E+01    1.622261459842E+01    2.061567840778E+01    2.552597474887E+01    3.095340711352E+01    3.689791679916E+01    4.335946647245E+01    5.033803148716E+01    5.783359504868E+01    6.584614539665E+01    7.437567409898E+01    8.342217498340E+01    9.298564344856E+01
    1.110043356422E+01   -1.000787840850E+00    8.833339560227E-02    7.542188424097E-01    1.987834243558E+00    3.745918868746E+00    6.016609322659E+00    8.796168794687E+00    1.208316968552E+01    1.587697860374E+01    2.017728154803E+01    2.498390912412E+01    3.029676365848E+01    3.611578571604E+01    4.244093748648E+01    4.927219400319E+01    5.660953825028E+01    6.445295831086E+01    7.280244563963E+01    8.165799398093E+01    9.101959867085E+01
    1.121883734072E+01   -1.000768121093E+00    8.617536418803E-02    7.368249553892E-01    1.943763352457E+00    3.664550888333E+00    5.887360452475E+00    8.608439485181E+00    1.182634959033E+01    1.554045143328E+01    1.975042770278E+01    2.445610708358E+01    2.965739073900E+01    3.535421850175E+01    4.154655208424E+01    4.823436619903E+01    5.541764360850E+01    6.309637223884E+01    7.127054343124E+01    7.994015084636E+01    8.910518975754E+01
    1.133786925397E+01   -1.000749273996E+00    8.408380547989E-02    7.199220537552E-01    1.900884256874E+00    3.585347472414E+00    5.761524948834E+00    8.425649393578E+00    1.157627186636E+01    1.521274716243E+01    1.933475468435E+01    2.394212120380E+01    2.903474672331E+01    3.461257034380E+01    4.067555330019E+01    4.722366998374E+01    5.425690293474E+01    6.177523992203E+01    6.977867217300E+01    7.826719326438E+01    8.724079840654E+01
    1.145752930396E+01   -1.000731233428E+00    8.205626224989E-02    7.034939863154E-01    1.859159145540E+00    3.508240579508E+00    5.638995879093E+00    8.247644041532E+00    1.133272583991E+01    1.489359027441E+01    1.892991348600E+01    2.344152034158E+01    2.842830968549E+01    3.389021988740E+01    3.982721170453E+01    4.623925920649E+01    5.312634471102E+01    6.048845582932E+01    6.832558367463E+01    7.663772173949E+01    8.542486517112E+01
    1.157781749070E+01   -1.000713940147E+00    8.009038235790E-02    6.875252024096E-01    1.818551584364E+00    3.433164638873E+00    5.519670188689E+00    8.074274548969E+00    1.109550846848E+01    1.458271522936E+01    1.853556773637E+01    2.295388896034E+01    2.783757659023E+01    3.318656826506E+01    3.900082426428E+01    4.528031833546E+01    5.202503257345E+01    5.923495443140E+01    6.691007490815E+01    7.505038741180E+01    8.365588702621E+01
    1.169873381418E+01   -1.000697340372E+00    7.818391371770E-02    6.720007271733E-01    1.779026459778E+00    3.360056448843E+00    5.403448541579E+00    7.905397403787E+00    1.086442402690E+01    1.427986605398E+01    1.815139317977E+01    2.247882648818E+01    2.726206251577E+01    3.250103817170E+01    3.819571325753E+01    4.434606119853E+01    5.095206386626E+01    5.801370855552E+01    6.553098615043E+01    7.350388997441E+01    8.193241504777E+01
    1.182027827441E+01   -1.000681385424E+00    7.633469950072E-02    6.569061377953E-01    1.740549924503E+00    3.288855079588E+00    5.290235167775E+00    7.740874241900E+00    1.063928380760E+01    1.398479594973E+01    1.777707718014E+01    2.201594670527E+01    2.670129991251E+01    3.183307298202E+01    3.741122523750E+01    4.343572978160E+01    4.990656826230E+01    5.682372781568E+01    6.418719921087E+01    7.199697568639E+01    8.025305219880E+01
    1.194245087139E+01   -1.000666031141E+00    7.454067360037E-02    6.422275408923E-01    1.703089345842E+00    3.219501780421E+00    5.179937717940E+00    7.580571637421E+00    1.041990583467E+01    1.369726691917E+01    1.741231824773E+01    2.156487715929E+01    2.615483789547E+01    3.118213590840E+01    3.664673004400E+01    4.254859308206E+01    4.888770644662E+01    5.566405711478E+01    6.287763574039E+01    7.052843547685E+01    7.861645121674E+01
    1.206525160511E+01   -1.000651237490E+00    7.279985633086E-02    6.279515508949E-01    1.666613256328E+00    3.151939891290E+00    5.072467124582E+00    7.424360902392E+00    1.020611459097E+01    1.341704940915E+01    1.705682558744E+01    2.112525860760E+01    2.562224156912E+01    3.054770919717E+01    3.590161986002E+01    4.168394601442E+01    4.789466886017E+01    5.453377521507E+01    6.160125561746E+01    6.909710313534E+01    7.702131259719E+01
    1.218868047557E+01   -1.000636968534E+00    7.111035034359E-02    6.140652693684E-01    1.631091306543E+00    3.086114758225E+00    4.967737469464E+00    7.272117895507E+00    9.997740757464E+00    1.314392197018E+01    1.671031866743E+01    2.069674448450E+01    2.510309138258E+01    2.992929336113E+01    3.517530831095E+01    4.084110836557E+01    4.692667450026E+01    5.343199337327E+01    6.035705540714E+01    6.770185358430E+01    7.546638266890E+01
    1.231273748279E+01   -1.000623191126E+00    6.947033678598E-02    6.005562654259E-01    1.596494220332E+00    3.021973652908E+00    4.865665857336E+00    7.123722839821E+00    9.794620964766E+00    1.287767093155E+01    1.637252680764E+01    2.027900039295E+01    2.459698251447E+01    2.932640644722E+01    3.446722960481E+01    4.001942379741E+01    4.598296977555E+01    5.235785403762E+01    5.914406689012E+01    6.634160122969E+01    7.395045175599E+01
    1.243742262674E+01   -1.000609875499E+00    6.787807161696E-02    5.874125567877E-01    1.562793751674E+00    2.959465695435E+00    4.766172294886E+00    6.979060148161E+00    9.596597555250E+00    1.261809009048E+01    1.604318878625E+01    1.987170361864E+01    2.410352428467E+01    2.873858333641E+01    3.377683771057E+01    3.921825889390E+01    4.506282741193E+01    5.131052960295E+01    5.796135565717E+01    6.501529838525E+01    7.247235242216E+01
    1.256273590744E+01   -1.000596994352E+00    6.633188214640E-02    5.746225918688E-01    1.529962643778E+00    2.898541780883E+00    4.669179575465E+00    6.838018256738E+00    9.403518356263E+00    1.236498041559E+01    1.572205246412E+01    1.947454266605E+01    2.362233959292E+01    2.816537507536E+01    3.310360557362E+01    3.843700225095E+01    4.416554540767E+01    5.028922122173E+01    5.680801976685E+01    6.372193376746E+01    7.103095779372E+01
    1.268867732489E+01   -1.000584522729E+00    6.483016373506E-02    5.621752325665E-01    1.497974589855E+00    2.839154508973E+00    4.574613168770E+00    6.700489465962E+00    9.215236463201E+00    1.211814976338E+01    1.540887442580E+01    1.908721681513E+01    2.315306438210E+01    2.760634823759E+01    3.244702436586E+01    3.767506360662E+01    4.329044603482E+01    4.929315766784E+01    5.568318846266E+01    6.246053105733E+01    6.962517995698E+01
    1.281524687908E+01   -1.000572438192E+00    6.337137665858E-02    5.500597377795E-01    1.466804195593E+00    2.781258116802E+00    4.482401115348E+00    6.566369788246E+00    9.031610032119E+00    1.187741260712E+01    1.510341963624E+01    1.870943569730E+01    2.269534712518E+01    2.706108431280E+01    3.180660276891E+01    3.693187300974E+01    4.243687488471E+01    4.832159425040E+01    5.458602094688E+01    6.123014752557E+01    6.825396842645E+01
    1.294244457002E+01   -1.000560720004E+00    6.195404315067E-02    5.382657477603E-01    1.436426943456E+00    2.724808414750E+00    4.392473925978E+00    6.435558802753E+00    8.852502081726E+00    1.164258977805E+01    1.480546111294E+01    1.834091889059E+01    2.224884833509E+01    2.652917912332E+01    3.118186628914E+01    3.620688002537E+01    4.160419995573E+01    4.737381177581E+01    5.351570520855E+01    6.002987271862E+01    6.691630868064E+01
    1.307027039770E+01   -1.000549349005E+00    6.057674458192E-02    5.267832690739E-01    1.406819158441E+00    2.669762725060E+00    4.304764485317E+00    6.307959516351E+00    8.677780303897E+00    1.141350821760E+01    1.451477961232E+01    1.798139553217E+01    2.181324009578E+01    2.601024226604E+01    3.057235660256E+01    3.549955297485E+01    4.079181078084E+01    4.644911555495E+01    5.247145690279E+01    5.885882720207E+01    6.561122076193E+01
    1.319872436213E+01   -1.000538308055E+00    5.923811877190E-02    5.156026601562E-01    1.377957975232E+00    2.616079822990E+00    4.219207959624E+00    6.183478230499E+00    8.507316882301E+00    1.119000074041E+01    1.423116332955E+01    1.763060394772E+01    2.138820561366E+01    2.550389657839E+01    2.997763092803E+01    3.480937820891E+01    3.999911759306E+01    4.554683445359E+01    5.145251827859E+01    5.771616135865E+01    6.433775793726E+01
    1.332780646331E+01   -1.000527581145E+00    5.793685745972E-02    5.047146176341E-01    1.349821307021E+00    2.563719880800E+00    4.135741708797E+00    6.062024414237E+00    8.340988319247E+00    1.097190580789E+01    1.395440761180E+01    1.728829129724E+01    2.097343878883E+01    2.500977762797E+01    2.939726142810E+01    3.413585941255E+01    3.922555052742E+01    4.466631998433E+01    5.045815715367E+01    5.660105423874E+01    6.309500541726E+01
    1.345751670123E+01   -1.000517153481E+00    5.667170388369E-02    4.941101631356E-01    1.322387815506E+00    2.512644413959E+00    4.054305201992E+00    5.943510582434E+00    8.178675269760E+00    1.075906731133E+01    1.368431468360E+01    1.695421323584E+01    2.056864380453E+01    2.452753322386E+01    2.883083463544E+01    3.347851693984E+01    3.847055885717E+01    4.380694543743E+01    4.948766593317E+01    5.551271246023E+01    6.188207913041E+01
    1.358785507589E+01   -1.000507011369E+00    5.544145048492E-02    4.837806306864E-01    1.295636882221E+00    2.462816229724E+00    3.974839936930E+00    5.827852179319E+00    8.020262382850E+00    1.055133436445E+01    1.342069338408E+01    1.662813358921E+01    2.017353473436E+01    2.405682294903E+01    2.827795090394E+01    3.283688717717E+01    3.773361026282E+01    4.296810504916E+01    4.854036067072E+01    5.445036915575E+01    6.069812454999E+01
    1.371882158730E+01   -1.000497142342E+00    5.424493672097E-02    4.737176546227E-01    1.269548581064E+00    2.414199377870E+00    3.897289362597E+00    5.714967466949E+00    7.865638149517E+00    1.034856110467E+01    1.316335891537E+01    1.630982404288E+01    1.978783516618E+01    2.359731771269E+01    2.773822388327E+01    3.221052193380E+01    3.701419013241E+01    4.214921320549E+01    4.761558016945E+01    5.341328296479E+01    5.954231557103E+01
    1.385041623546E+01   -1.000487534985E+00    5.308104699227E-02    4.639131580475E-01    1.244103652039E+00    2.366759103581E+00    3.821598805319E+00    5.604777418496E+00    7.714694757298E+00    1.015060650299E+01    1.291213260181E+01    1.599906384484E+01    1.941127784213E+01    2.314869932178E+01    2.721128001586E+01    3.159898785840E+01    3.631180089160E+01    4.134970367990E+01    4.671268512143E+01    5.240073706881E+01    5.841385343523E+01
    1.398263902036E+01   -1.000478178385E+00    5.194870867535E-02    4.543593418074E-01    1.219283476176E+00    2.320461802420E+00    3.747715398037E+00    5.497205616140E+00    7.567327951074E+00    9.957334181956E+00    1.266684165944E+01    1.569563952079E+01    1.904360431398E+01    2.271066007067E+01    2.669675805526E+01    3.100186588037E+01    3.562596136229E+01    4.056902890347E+01    4.583105728362E+01    5.141203826735E+01    5.731196570139E+01
    1.411548994200E+01   -1.000469062334E+00    5.084689024075E-02    4.450486738658E-01    1.195070051391E+00    2.275274977053E+00    3.675588012428E+00    5.392178153111E+00    7.423436899566E+00    9.768612241218E+00    1.242731897502E+01    1.539934460124E+01    1.868456461282E+01    2.228290234796E+01    2.619430860467E+01    3.041875067452E+01    3.495620614804E+01    3.980665926559E+01    4.497009868838E+01    5.044651609287E+01    5.623590525921E+01
    1.424896900040E+01   -1.000460177638E+00    4.977459946136E-02    4.359738791154E-01    1.171445969357E+00    2.231167195786E+00    3.605167193846E+00    5.289623539822E+00    7.282924067425E+00    9.584313090287E+00    1.219340289434E+01    1.510997936006E+01    1.833391693262E+01    2.186513825990E+01    2.570359367476E+01    2.984925014827E+01    3.430208504527E+01    3.906208244401E+01    4.412923088708E+01    4.950352196268E+01    5.518494938427E+01
    1.438307619553E+01   -1.000451515566E+00    4.873088171937E-02    4.271279296894E-01    1.148394393462E+00    2.188108052984E+00    3.536405099169E+00    5.189472614110E+00    7.145695092863E+00    9.404313288546E+00    1.196493701953E+01    1.482735056410E+01    1.799142732718E+01    2.145708926951E+01    2.522428626023E+01    2.929298495039E+01    3.366316247929E+01    3.833480276304E+01    4.330789422553E+01    4.858242836659E+01    5.415839883287E+01
    1.451781152742E+01   -1.000443067888E+00    4.771481838660E-02    4.185040356256E-01    1.125899037605E+00    2.146068131043E+00    3.469255437110E+00    5.091658455094E+00    7.011658670229E+00    9.228493391757E+00    1.174177001472E+01    1.455127123320E+01    1.765686941956E+01    2.105848585082E+01    2.475606993377E+01    2.874958800005E+01    3.303901696357E+01    3.762434057831E+01    4.250554714937E+01    4.768262808809E+01    5.315557697424E+01
    1.465317499604E+01   -1.000434826928E+00    4.672552528174E-02    4.100956359153E-01    1.103944145866E+00    2.105018963935E+00    3.403673411007E+00    4.996116300590E+00    6.880726437468E+00    9.056737804927E+00    1.152375541965E+01    1.428156040996E+01    1.733002412355E+01    2.066906715720E+01    2.429863845688E+01    2.821870403539E+01    3.242924058149E+01    3.693023168701E+01    4.172166553820E+01    4.680353345783E+01    5.217582895864E+01
    1.478916660142E+01   -1.000426785450E+00    4.576215120395E-02    4.018963899370E-01    1.082514473044E+00    2.064933002287E+00    3.339615663997E+00    4.902783467978E+00    6.752812868238E+00    8.888934641275E+00    1.131075147116E+01    1.401804293920E+01    1.701067937664E+01    2.028858070355E+01    2.385169540670E+01    2.769998918071E+01    3.183343848938E+01    3.625202676243E+01    4.095574206722E+01    4.594457563784E+01    5.121852091993E+01
    1.492578634353E+01   -1.000418936589E+00    4.482387653491E-02    3.939001692362E-01    1.061595265985E+00    2.025783579891E+00    3.277040226444E+00    4.811599278299E+00    6.627835168453E+00    8.724975586973E+00    1.110262093177E+01    1.376054925639E+01    1.669862988389E+01    1.991678206143E+01    2.341495381821E+01    2.719311053135E+01    3.125122843997E+01    3.558929081172E+01    4.020728559499E+01    4.510520393514E+01    5.028303921059E+01
    1.506303422240E+01   -1.000411274295E+00    4.390991190135E-02    3.861010496057E-01    1.041172245608E+00    1.987544881493E+00    3.215906465413E+00    4.722504983355E+00    6.505713176945E+00    8.564755771305E+00    1.089923092539E+01    1.350891518455E+01    1.639367687225E+01    1.955343456657E+01    2.298813584085E+01    2.669774575550E+01    3.068224032519E+01    3.494160265559E+01    3.947582057608E+01    4.428488514320E+01    4.936878966809E+01
    1.520091023801E+01   -1.000403791958E+00    4.301949692083E-02    3.784933036196E-01    1.021231589895E+00    1.950191912206E+00    3.156175036542E+00    4.635443696138E+00    6.386369270540E+00    8.408173642494E+00    1.070045277991E+01    1.326298173990E+01    1.609562785515E+01    1.919830903861E+01    2.257097240958E+01    2.621358271251E+01    3.012611573796E+01    3.430855442967E+01    3.876088649800E+01    4.348310291062E+01    4.847519691129E+01
    1.533941439036E+01   -1.000396484037E+00    4.215189897240E-02    3.710713932540E-01    1.001759917195E+00    1.913700467656E+00    3.097807837309E+00    4.550360323478E+00    6.269728272362E+00    8.255130847913E+00    1.050616187559E+01    1.302259494468E+01    1.580429640603E+01    1.885118351158E+01    2.216320292847E+01    2.574031908601E+01    2.958250755097E+01    3.368975110528E+01    3.806203734027E+01    4.269935713464E+01    4.760170366473E+01
    1.547854667946E+01   -1.000389345141E+00    4.130641205320E-02    3.638299629901E-01    9.827442705113E-01    1.878047105769E+00    3.040767962658E+00    4.467201501915E+00    6.155717364351E+00    8.105532119661E+00    1.031623750016E+01    1.278760564804E+01    1.551950194153E+01    1.851184297579E+01    2.176457496771E+01    2.527766203237E+01    2.905107951311E+01    3.308481003013E+01    3.737884105575E+01    4.193316337967E+01    4.674777011069E+01
    1.561830710531E+01   -1.000382370049E+00    4.048235567716E-02    3.567638331253E-01    9.641721023147E-01    1.843209119515E+00    2.985019662221E+00    4.385915535957E+00    6.044266003103E+00    7.959285164544E+00    1.013056270941E+01    1.255786935394E+01    1.524106951317E+01    1.818007912980E+01    2.137484397251E+01    2.482532784305E+01    2.853150586173E+01    3.249336048718E+01    3.671087907267E+01    4.118405231887E+01    4.591287326701E+01
    1.575869566790E+01   -1.000375553846E+00    3.967907382366E-02    3.498679933474E-01    9.460312599404E-01    1.809164510747E+00    2.930528299247E+00    4.306452338776E+00    5.935305839046E+00    7.816300558403E+00    9.949024193422E+00    1.233324605590E+01    1.496882960730E+01    1.785569014234E+01    2.099377298359E+01    2.438304162042E+01    2.802347095052E+01    3.191504327109E+01    3.605774581642E+01    4.045156919808E+01    4.509650638967E+01
    1.589971236723E+01   -1.000368891478E+00    3.889593393996E-02    3.431375966022E-01    9.283099716384E-01    1.775891965157E+00    2.877260311257E+00    4.228763375390E+00    5.828770638948E+00    7.676491644785E+00    9.771512148188E+00    1.211360007839E+01    1.470261795316E+01    1.753848042380E+01    2.062113236890E+01    2.395053696651E+01    2.752666889212E+01    3.134951028170E+01    3.541904825054E+01    3.973527332113E+01    4.429817839934E+01
    1.604135720332E+01   -1.000362378934E+00    3.813232597390E-02    3.365679531033E-01    9.109968329898E-01    1.743370827990E+00    2.825183171981E+00    4.152801607778E+00    5.724596211173E+00    7.539774437288E+00    9.597920152005E+00    1.189879992428E+01    1.444227533819E+01    1.722826040637E+01    2.025669956567E+01    2.352755568385E+01    2.704080321470E+01    3.079642413311E+01    3.479440543546E+01    3.903473755510E+01    4.351741333017E+01
    1.618363017614E+01   -1.000356011697E+00    3.738766147622E-02    3.301545247507E-01    8.940807941685E-01    1.711581081116E+00    2.774265355266E+00    4.078521442670E+00    5.622720334416E+00    7.406067526294E+00    9.428145047282E+00    1.168871812867E+01    1.418764743116E+01    1.692484633348E+01    1.990025883310E+01    2.311384748857E+01    2.656558653249E+01    3.025545777887E+01    3.418344810525E+01    3.834954785582E+01    4.275374980093E+01
    1.632653128571E+01   -1.000349785235E+00    3.666137272397E-02    3.238929196397E-01    8.775511474698E-01    1.680503320704E+00    2.724476300048E+00    4.005878681006E+00    5.523082688836E+00    7.275291988969E+00    9.262086826568E+00    1.148323111826E+01    1.393858461182E+01    1.662806005705E+01    1.955160101442E+01    2.270916973439E+01    2.610074022892E+01    2.972629415138E+01    3.358581826051E+01    3.767930281135E+01    4.200674050643E+01
    1.647006053203E+01   -1.000343696257E+00    3.595291187804E-02    3.177788867493E-01    8.613975152516E-01    1.650118735670E+00    2.675786376582E+00    3.934830469253E+00    5.425624789747E+00    7.147371302625E+00    9.099648522897E+00    1.128221907587E+01    1.369494180708E+01    1.633772884249E+01    1.921052330799E+01    2.231328714718E+01    2.564599415193E+01    2.920862581520E+01    3.300116877701E+01    3.702361320328E+01    4.127595172865E+01
    1.661421791509E+01   -1.000337740676E+00    3.526175020604E-02    3.118083110254E-01    8.456098386943E-01    1.620409087420E+00    2.628166854517E+00    3.865335253179E+00    5.330289924498E+00    7.022231262091E+00    8.940736105029E+00    1.108556581101E+01    1.345657833422E+01    1.605368518195E+01    1.887682904808E+01    2.192597157058E+01    2.520108632179E+01    2.870215463454E+01    3.242916303024E+01    3.638210158568E+01    4.056096286760E+01
    1.675900343490E+01   -1.000331914597E+00    3.458737731426E-02    3.059772084836E-01    8.301783666741E-01    1.591356689962E+00    2.581589871720E+00    3.797352732904E+00    5.237023091238E+00    6.899799899703E+00    8.785258376176E+00    1.089315863480E+01    1.322335774950E+01    1.577576661423E+01    1.855032749344E+01    2.154700172076E+01    2.476576264964E+01    2.820659145303E+01    3.186947453386E+01    3.575440187978E+01    3.986136598965E+01
    1.690441709146E+01   -1.000326214549E+00    3.392930042038E-02    3.002817215472E-01    8.150936451470E-01    1.562944390890E+00    2.536028404425E+00    3.730843819806E+00    5.145770940186E+00    6.780007408524E+00    8.633126876762E+00    1.070488823989E+01    1.299514770287E+01    1.550381555174E+01    1.823083362422E+01    2.117616295091E+01    2.433977666702E+01    2.772165578594E+01    3.132178659221E+01    3.514015898440E+01    3.917676539344E+01
    1.705045888476E+01   -1.000320637341E+00    3.328704366140E-02    2.947181145869E-01    8.003465069804E-01    1.535155553152E+00    2.491456238601E+00    3.665770595158E+00    5.056481717225E+00    6.662786068588E+00    8.484255791004E+00    1.052064858505E+01    1.277181979821E+01    1.523767911419E+01    1.791816794670E+01    2.081324702472E+01    2.392288926587E+01    2.724707552430E+01    3.078579196631E+01    3.453902840141E+01    3.850677719259E+01
    1.719712881480E+01   -1.000315179664E+00    3.266014743380E-02    2.892827696463E-01    7.859280621965E-01    1.507974037549E+00    2.447847942433E+00    3.602096270383E+00    4.969105209698E+00    6.548070176006E+00    8.338561857105E+00    1.034033678422E+01    1.255324945907E+01    1.497720896871E+01    1.761215630566E+01    2.045805189867E+01    2.351486844851E+01    2.678258665043E+01    3.026119255260E+01    3.395067587556E+01    3.785102891433E+01
    1.734442688159E+01   -1.000309838436E+00    3.204816775701E-02    2.839721822924E-01    7.718296885141E-01    1.481384185804E+00    2.405178839764E+00    3.539785148704E+00    4.883592694131E+00    6.435795974636E+00    8.195964280727E+00    1.016385299967E+01    1.233931579933E+01    1.472226117587E+01    1.731262970356E+01    2.011038151239E+01    2.311548908699E+01    2.632793296406E+01    2.974769907383E+01    3.337477704789E+01    3.720915911331E+01
    1.749235308513E+01   -1.000304610354E+00    3.145067567029E-02    2.787829576663E-01    7.580430223250E-01    1.455370804371E+00    2.363424984639E+00    3.478802588373E+00    4.799896886090E+00    6.325901590490E+00    8.056384651893E+00    9.991100339320E+00    1.212990149887E+01    1.447269604176E+01    1.701942412694E+01    1.977004558717E+01    2.272453269171E+01    2.588286581908E+01    2.924503078174E+01    3.281101712240E+01    3.658081700018E+01
    1.764090742541E+01   -1.000299492720E+00    3.086725664707E-02    2.737118066229E-01    7.445599498915E-01    1.429919148707E+00    2.322563136644E+00    3.419114967090E+00    4.717971891698E+00    6.218326968388E+00    7.919746864794E+00    9.821984757715E+00    1.192489268379E+01    1.422837797529E+01    1.673238037893E+01    1.943685943178E+01    2.234178718851E+01    2.544714386990E+01    2.875291517078E+01    3.225909054506E+01    3.596566208394E+01
    1.779008990243E+01   -1.000294482493E+00    3.029751004660E-02    2.687555421035E-01    7.313725990396E-01    1.405014908348E+00    2.282570737421E+00    3.360689648042E+00    4.637773161293E+00    6.113013811313E+00    7.785977040933E+00    9.656414961065E+00    1.172417881136E+01    1.398917535133E+01    1.645134391854E+01    1.911064375598E+01    2.196704670458E+01    2.502053282774E+01    2.827108770290E+01    3.171870069524E+01    3.536336382806E+01
    1.793990051620E+01   -1.000289576930E+00    2.974104857863E-02    2.639110755708E-01    7.184733310172E-01    1.380644192350E+00    2.243425887839E+00    3.303494946963E+00    4.559257444539E+00    6.009905521748E+00    7.655003454858E+00    9.494302315523E+00    1.152765255909E+01    1.375496037857E+01    1.617616470558E+01    1.879122449067E+01    2.160011136189E+01    2.460280522570E+01    2.779929154236E+01    3.118955958839E+01    3.477360131922E+01
    1.809033926672E+01   -1.000284773479E+00    2.919749779599E-02    2.591754136149E-01    7.058547327241E-01    1.356793515370E+00    2.205107326121E+00    3.247500100539E+00    4.482382747349E+00    5.908947145343E+00    7.526756462803E+00    9.335560759044E+00    1.133520971798E+01    1.352560897250E+01    1.590669705154E+01    1.847843261492E+01    2.124078707866E+01    2.419374019276E+01    2.733727730051E+01    3.067138758988E+01    3.419606294846E+01
    1.824140615398E+01   -1.000280069593E+00    2.866649560914E-02    2.545456546903E-01    6.935096092367E-01    1.333449784271E+00    2.167594406798E+00    3.192675236006E+00    4.407108290411E+00    5.810085316680E+00    7.401168433987E+00    9.180106716510E+00    1.114674908978E+01    1.330100063309E+01    1.564279947602E+01    1.817210398937E+01    2.088888537809E+01    2.379312323616E+01    2.688480279015E+01    3.016391313959E+01    3.363044610424E+01
    1.839310117799E+01   -1.000275462528E+00    2.814769182141E-02    2.500189859761E-01    6.814309766095E-01    1.310600285219E+00    2.130867080444E+00    3.138991341865E+00    4.333394469260E+00    5.713268207046E+00    7.278173684457E+00    9.027859018010E+00    1.096217238810E+01    1.308101832702E+01    1.538433456842E+01    1.787207919587E+01    2.054422320419E+01    2.340074603183E+01    2.644163278888E+01    2.966687248655E+01    3.307645687684E+01
    1.854542433874E+01   -1.000270950328E+00    2.764074767686E-02    2.455926803042E-01    6.696120548419E-01    1.288232671131E+00    2.094905873993E+00    3.086420239505E+00    4.261202815624E+00    5.618445473939E+00    7.157708413168E+00    8.878738819913E+00    1.078138414285E+01    1.286554837401E+01    1.513116885459E+01    1.757820338278E+01    2.020662274420E+01    2.301640622231E+01    2.600753881100E+01    2.918000943326E+01    3.253380977338E+01
    1.869837563624E+01   -1.000266530268E+00    2.714533544207E-02    2.412640933090E-01    6.580462613153E-01    1.266334949865E+00    2.059691872130E+00    3.034934556246E+00    4.190495960594E+00    5.525568212838E+00    7.039710640836E+00    8.732669529281E+00    1.060429160873E+01    1.265448033780E+01    1.488317266878E+01    1.729032611635E+01    1.987591125796E+01    2.263990722261E+01    2.558229888822E+01    2.870307508974E+01    3.200222744379E+01
    1.885195507048E+01   -1.000262199969E+00    2.666113798975E-02    2.370306605717E-01    6.467272042476E-01    1.244895472542E+00    2.025206698994E+00    2.984507698970E+00    4.121237598719E+00    5.434588910299E+00    6.924120150577E+00    8.589576730582E+00    1.043080467653E+01    1.244770692060E+01    1.464022002976E+01    1.700830123715E+01    1.955192091304E+01    2.227105803254E+01    2.516569735790E+01    2.823582763616E+01    3.148144041632E+01
    1.900616264147E+01   -1.000257957578E+00    2.618784840562E-02    2.328898949123E-01    6.356486764659E-01    1.223902922399E+00    1.991432500683E+00    2.935113828853E+00    4.053392453560E+00    5.345461398920E+00    6.810878430858E+00    8.449388115229E+00    1.026083578787E+01    1.224512386156E+01    1.440218852169E+01    1.673198672177E+01    1.923448862602E+01    2.190967305617E+01    2.475752465915E+01    2.777803209420E+01    3.097118684281E+01
    1.916099834921E+01   -1.000253800672E+00    2.572516961797E-02    2.288393838288E-01    6.248046495021E-01    1.203346304189E+00    1.958351928555E+00    2.886727837194E+00    3.986926244677E+00    5.258140814128E+00    6.699928620731E+00    8.312033413891E+00    1.009429985317E+01    1.204662983917E+01    1.416895917944E+01    1.646124454989E+01    1.892345590974E+01    2.155557192800E+01    2.435757713652E+01    2.732946010697E+01    3.047121225336E+01
    1.931646219369E+01   -1.000249727404E+00    2.527281403094E-02    2.248767869468E-01    6.141892677294E-01    1.183214933717E+00    1.925948122841E+00    2.839325321802E+00    3.921805655482E+00    5.172583552181E+00    6.591215456675E+00    8.177444330863E+00    9.931114172331E+00    1.185212637677E+01    1.394041637773E+01    1.619594057560E+01    1.861866872572E+01    2.120857934496E+01    2.396565685047E+01    2.688988972647E+01    2.998126931960E+01
    1.947255417491E+01   -1.000245735565E+00    2.483050318344E-02    2.209998336400E-01    6.037968428659E-01    1.163498427978E+00    1.894204697119E+00    2.792882564518E+00    3.857998302544E+00    5.088747229999E+00    6.484685221683E+00    8.045554481147E+00    9.771198358448E+00    1.166151775177E+01    1.371644772458E+01    1.593594440384E+01    1.831997734217E+01    2.086852490492E+01    2.358157139488E+01    2.645910520901E+01    2.950111762667E+01
    1.962927429288E+01   -1.000241823144E+00    2.439796741457E-02    2.172063206836E-01    5.936218485649E-01    1.144186695486E+00    1.863105723151E+00    2.747376509344E+00    3.795472705790E+00    5.006590646210E+00    6.380285695942E+00    7.916299329542E+00    9.614474264155E+00    1.147471090797E+01    1.349694395834E+01    1.568112927094E+01    1.802723619687E+01    2.053524295061E+01    2.320513372094E+01    2.603689681775E+01    2.903052345320E+01
    1.978662254760E+01   -1.000237988549E+00    2.397494554444E-02    2.134941100066E-01    5.836589152233E-01    1.125269926994E+00    1.832635716308E+00    2.702784741391E+00    3.734198259802E+00    4.926073743630E+00    6.277966109309E+00    7.789616131955E+00    9.460865910564E+00    1.129161537095E+01    1.328179884839E+01    1.543137192948E+01    1.774030376499E+01    2.020857241923E+01    2.283616196731E+01    2.562306063227E+01    2.856925955917E+01
    1.994459893906E+01   -1.000234229670E+00    2.356118457338E-02    2.098611265657E-01    5.739028250559E-01    1.106738586649E+00    1.802779621652E+00    2.659085466739E+00    3.674145206315E+00    4.847157573255E+00    6.177677095678E+00    7.665443878984E+00    9.310299418948E+00    1.111214316673E+01    1.307090909964E+01    1.518655253744E+01    1.745904243182E+01    1.988835669757E+01    2.247447929657E+01    2.521739836518E+01    2.811710498149E+01
    2.010320346726E+01   -1.000230544938E+00    2.315643938401E-02    2.063053562284E-01    5.643485072042E-01    1.088583403272E+00    1.773522800272E+00    2.616257492740E+00    3.615284607393E+00    4.769804259229E+00    6.079370648630E+00    7.543723241184E+00    9.162702944514E+00    1.093620874295E+01    1.286417426003E+01    1.494655455095E+01    1.718331836958E+01    1.957444348194E+01    2.211991373705E+01    2.481971718481E+01    2.767384483644E+01
    2.026243613222E+01   -1.000226932422E+00    2.276047246409E-02    2.028248437987E-01    5.549910331528E-01    1.070795362130E+00    1.744851016336E+00    2.574280209272E+00    3.557588319837E+00    4.693976965338E+00    5.983000078967E+00    7.424396516566E+00    9.018006612825E+00    1.076372889317E+01    1.266149663160E+01    1.471126462110E+01    1.691300141903E+01    1.926668464334E+01    2.177229803060E+01    2.442982954450E+01    2.723927012949E+01
    2.042229693391E+01   -1.000223390158E+00    2.237305363516E-02    1.994176910729E-01    5.458256122221E-01    1.053365696878E+00    1.716750424448E+00    2.533133570497E+00    3.501028970310E+00    4.619639862490E+00    5.888519973534E+00    7.307407579749E+00    8.876142458250E+00    1.059462268359E+01    1.246278118455E+01    1.448057249427E+01    1.664796497491E+01    1.896493609715E+01    2.143146948550E+01    2.404755301768E+01    2.681317757151E+01
    2.058278587236E+01   -1.000219917005E+00    2.199395978976E-02    1.960820549506E-01    5.368475871869E-01    1.036285881744E+00    1.689207557397E+00    2.492798077187E+00    3.445579931270E+00    4.546758097275E+00    5.795886155412E+00    7.192701832807E+00    8.737044364494E+00    1.042881138228E+01    1.226793547411E+01    1.425437091570E+01    1.638808587539E+01    1.866905767732E+01    2.109726983440E+01    2.367271013863E+01    2.639536940133E+01
    2.074390294754E+01   -1.000216511374E+00    2.162297464800E-02    1.928161456794E-01    5.280524301846E-01    1.019547624176E+00    1.662209314571E+00    2.453254759938E+00    3.391215298025E+00    4.475297761912E+00    5.705055645815E+00    7.080226158159E+00    8.600648007527E+00    1.026621839121E+01    1.207686956076E+01    1.403255553694E+01    1.613324429564E+01    1.837891301527E+01    2.076954509760E+01    2.330512824913E+01    2.598565321485E+01
    2.090564815948E+01   -1.000213171101E+00    2.125988851881E-02    1.896182251255E-01    5.194357386891E-01    1.003142857636E+00    1.635742950638E+00    2.414485162817E+00    3.337909866436E+00    4.405225865078E+00    5.615986627130E+00    6.969928872912E+00    8.466890800316E+00    1.010676918043E+01    1.188949593294E+01    1.381502482616E+01    1.588332364496E+01    1.809436942280E+01    2.044814545080E+01    2.294463935022E+01    2.558384179986E+01
    2.106802150816E+01   -1.000209895201E+00    2.090449806336E-02    1.864866050519E-01    5.109932315107E-01    9.870637344795E-01    1.609796064423E+00    2.376471327352E+00    3.285639111129E+00    4.336510303484E+00    5.528638406970E+00    6.861759684507E+00    8.335711839175E+00    9.950391224286E+00    1.170572943223E+01    1.360167998141E+01    1.563821046714E+01    1.781529777878E+01    2.013292509723E+01    2.259107995884E+01    2.518975297632E+01
    2.123102299358E+01   -1.000206681799E+00    2.055660608257E-02    1.834196455697E-01    5.027207451663E-01    9.713026194240E-01    1.584356588576E+00    2.339195777535E+00    3.234379164979E+00    4.269119834964E+00    5.442971384017E+00    6.755669648456E+00    8.207051852551E+00    9.797013940345E+00    1.152548718158E+01    1.339242484735E+01    1.539779434488E+01    1.754157242026E+01    1.982374214472E+01    2.224429096991E+01    2.480320944268E+01
    2.139465261575E+01   -1.000203529985E+00    2.021602129797E-02    1.804157535310E-01    4.946142301390E-01    9.558520828883E-01    1.559412779179E+00    2.302641504868E+00    3.184106798771E+00    4.203024051941E+00    5.358947014470E+00    6.651611126953E+00    8.080853150970E+00    9.646568629892E+00    1.134868851552E+01    1.318716583429E+01    1.516196780682E+01    1.727307103683E+01    1.952045848634E+01    2.190411752266E+01    2.442403862689E+01
    2.155891037466E+01   -1.000200437769E+00    1.988255815555E-02    1.774733810889E-01    4.866697474953E-01    9.407048949027E-01    1.534953206119E+00    2.266791954385E+00    3.134799402070E+00    4.138193356340E+00    5.276527780198E+00    6.549537749471E+00    7.957059579276E+00    9.498988421004E+00    1.117525491329E+01    1.298581184057E+01    1.493062623842E+01    1.700967456907E+01    1.922293968585E+01    2.157040887200E+01    2.405207254310E+01
    2.172379627032E+01   -1.000197404327E+00    1.955603662156E-02    1.745910241893E-01    4.788834653677E-01    9.258540188598E-01    1.510966743341E+00    2.231631010643E+00    3.086434964187E+00    4.074598934764E+00    5.195677157369E+00    6.449404374073E+00    7.835616469864E+00    9.354208212928E+00    1.100510993356E+01    1.278827417695E+01    1.470366779515E+01    1.675126710985E+01    1.893105486620E+01    2.124301826370E+01    2.368714765257E+01
    2.188931030273E+01   -1.000194428037E+00    1.923628200127E-02    1.717672212305E-01    4.712516557994E-01    9.112926058308E-01    1.487442559867E+00    2.197142984685E+00    3.038992056333E+00    4.012212735091E+00    5.116359586737E+00    6.351167050647E+00    7.716470598113E+00    9.212164622981E+00    1.083817915211E+01    1.259446649417E+01    1.448099331934E+01    1.649773580964E+01    1.864467660264E+01    2.092180281440E+01    2.332910472996E+01
    2.205545247188E+01   -1.000191507707E+00    1.892312475338E-02    1.690005516840E-01    4.637706915134E-01    8.970139888090E-01    1.464370110791E+00    2.163312601068E+00    2.992449813962E+00    3.951007443423E+00    5.038540444484E+00    6.254782984921E+00    7.599570138863E+00    9.072795934759E+00    1.067439010098E+01    1.240430471252E+01    1.426250625926E+01    1.624897078452E+01    1.836368081884E+01    2.060662339518E+01    2.297778873360E+01
    2.222222277778E+01   -1.000188642082E+00    1.861640031756E-02    1.662896348093E-01    4.564370428884E-01    8.830116772890E-01    1.441739128757E+00    2.130124985533E+00    2.946787919940E+00    3.890956462052E+00    4.962186014286E+00    6.160210503942E+00    7.484864624604E+00    8.936042048354E+00    1.051367221009E+01    1.221770695396E+01    1.404811259123E+01    1.600486502748E+01    1.808794668678E+01    2.029734451936E+01    2.263304868045E+01
    2.238962122042E+01   -1.000185829577E+00    1.831594894762E-02    1.636331284067E-01    4.492472750217E-01    8.692793520076E-01    1.419539615692E+00    2.097565653055E+00    2.901986588233E+00    3.832033888121E+00    4.887263460280E+00    6.067409022669E+00    7.372304905034E+00    8.801844432197E+00    1.035595675066E+01    1.203459347661E+01    1.383772074437E+01    1.576531432278E+01    1.781735653003E+01    1.999383423394E+01    2.229473752519E+01
    2.255764779981E+01   -1.000183069468E+00    1.802161554643E-02    1.610297275781E-01    4.421980448146E-01    8.558108597481E-01    1.397761834681E+00    2.065620496136E+00    2.858026547981E+00    3.774214492825E+00    4.813740800743E+00    5.976339011490E+00    7.261843107763E+00    8.670146076302E+00    1.020117678034E+01    1.185488661106E+01    1.363124152752E+01    1.553021716284E+01    1.755179572994E+01    1.969596401459E+01    2.196271204310E+01
    2.272630251594E+01   -1.000180360632E+00    1.773324951489E-02    1.584781635905E-01    4.352860982836E-01    8.426002085076E-01    1.376396302345E+00    2.034275773756E+00    2.814889028383E+00    3.717473701607E+00    4.741586882973E+00    5.886961965158E+00    7.153432600670E+00    8.540891447428E+00    1.004926709059E+01    1.167851069929E+01    1.342858805907E+01    1.529947466835E+01    1.729115263540E+01    1.940360866430E+01    2.163683271724E+01
    2.289558536882E+01   -1.000177701430E+00    1.745070460252E-02    1.559772027495E-01    4.285082678987E-01    8.296415627330E-01    1.355433781362E+00    2.003518100570E+00    2.772555743955E+00    3.661787574871E+00    4.670771358848E+00    5.799240372589E+00    7.047027955345E+00    8.414026445547E+00    9.900164155521E+00    1.150539203535E+01    1.322967569886E+01    1.507299051079E+01    1.703531847538E+01    1.911664621543E+01    2.131696362921E+01
    2.306549635844E+01   -1.000175091206E+00    1.717383875949E-02    1.535256452766E-01    4.218614699325E-01    8.169292385989E-01    1.334865273092E+00    1.973334436277E+00    2.731008880084E+00    3.607132789129E+00    4.601264660987E+00    5.713137687454E+00    6.942584911525E+00    8.289498361536E+00    9.753806082283E+00    1.133545880787E+01    1.303442198214E+01    1.485067083728E+01    1.678418727413E+01    1.883495783458E+01    2.100297235324E+01
    2.323603548481E+01   -1.000172528923E+00    1.690251400207E-02    1.511223242885E-01    4.153427020368E-01    8.044576996497E-01    1.314682010694E+00    1.943712075664E+00    2.690231079389E+00    3.553486619126E+00    4.533037980064E+00    5.628618300118E+00    6.840060343079E+00    8.167255836659E+00    9.610132563476E+00    1.116864104474E+01    1.284274655616E+01    1.463242419841E+01    1.653765576961E+01    1.855842773114E+01    2.069472985420E+01
    2.340720274792E+01   -1.000170013209E+00    1.663659627920E-02    1.487661047806E-01    4.089490408301E-01    7.922215524821E-01    1.294875452363E+00    1.914638638805E+00    2.650205428371E+00    3.500826920375E+00    4.466063242688E+00    5.545647510308E+00    6.739412224931E+00    8.047248823179E+00    9.469084830902E+00    1.100487055954E+01    1.265457111851E+01    1.441816147810E+01    1.629562333436E+01    1.828694306858E+01    2.039211038877E+01
    2.357899814778E+01   -1.000167543357E+00    1.637595534122E-02    1.464558826234E-01    4.026776395190E-01    7.802155425009E-01    1.275437274676E+00    1.886102061502E+00    2.610915444389E+00    3.449132112152E+00    4.400313089880E+00    5.464191500551E+00    6.640599600927E+00    7.929428546132E+00    9.330605610706E+00    1.084408089949E+01    1.246981935749E+01    1.420779582571E+01    1.605799189883E+01    1.802039387847E+01    2.009499140971E+01
    2.375142168439E+01   -1.000165117790E+00    1.612046462048E-02    1.441905836486E-01    3.965257257157E-01    7.684345499915E-01    1.256359366406E+00    1.858090586284E+00    2.572345063344E+00    3.398381161341E+00    4.335760856572E+00    5.384217310814E+00    6.543582553088E+00    7.813747466683E+00    9.194639080334E+00    1.068620729549E+01    1.228841689465E+01    1.400124259067E+01    1.582466587757E+01    1.775867297771E+01    1.980325347353E+01
    2.392447335774E+01   -1.000162736386E+00    1.587000110598E-02    1.419691626846E-01    3.904905991509E-01    7.568735860531E-01    1.237633822179E+00    1.830592753317E+00    2.534478627340E+00    3.348553566359E+00    4.272380551300E+00    5.305692813460E+00    6.448322171360E+00    7.700159246159E+00    9.061130826356E+00    1.053118661325E+01    1.211029122874E+01    1.379841925873E+01    1.559555209727E+01    1.750167588791E+01    1.951678015069E+01
    2.409815316783E+01   -1.000160397495E+00    1.562444523635E-02    1.397906027332E-01    3.845696296982E-01    7.455277890248E-01    1.219252936806E+00    1.803597392130E+00    2.497300873318E+00    3.299629342209E+00    4.210146837191E+00    5.228586689697E+00    6.354780525015E+00    7.588618711949E+00    8.930027804363E+00    1.037895730668E+01    1.193537168218E+01    1.359924539097E+01    1.537055972786E+01    1.724930075805E+01    1.923545793945E+01
    2.427246111467E+01   -1.000158100665E+00    1.538368078219E-02    1.376539140599E-01    3.787602552105E-01    7.343924206433E-01    1.201209199307E+00    1.777093613053E+00    2.460796921447E+00    3.251589005364E+00    4.149035012877E+00    5.152868406060E+00    6.262920634261E+00    7.479081823746E+00    8.801278299402E+00    1.022945937211E+01    1.176358934846E+01    1.340364256402E+01    1.514960021507E+01    1.700144828890E+01    1.895917618162E+01
    2.444739719826E+01   -1.000155844712E+00    1.514759474438E-02    1.355581334058E-01    3.730599796295E-01    7.234628626327E-01    1.183495287520E+00    1.751070799379E+00    2.424952264378E+00    3.204413559664E+00    4.089020994587E+00    5.078508192238E+00    6.172706443338E+00    7.371505641486E+00    8.674831888295E+00    1.008263430444E+01    1.159487704188E+01    1.321153431279E+01    1.493258721571E+01    1.675802166050E+01    1.868782698173E+01
    2.462296141859E+01   -1.000153629119E+00    1.491607724777E-02    1.335023231627E-01    3.674663710117E-01    7.127346131856E-01    1.166104062604E+00    1.725518599455E+00    2.389752756496E+00    3.158084482287E+00    4.030081298402E+00    5.005477019187E+00    6.084102794062E+00    7.265848293878E+00    8.550639402721E+00    9.938425054449E+00    1.142916924840E+01    1.302284607463E+01    1.471943653469E+01    1.651892646148E+01    1.842130512833E+01
    2.479915377567E+01   -1.000151452566E+00    1.468902144554E-02    1.314855706279E-01    3.619770597398E-01    7.022032837400E-01    1.149028563956E+00    1.700426919303E+00    2.355184603814E+00    3.112583710496E+00    3.972193023429E+00    4.933746578305E+00    5.997075400578E+00    7.162068948312E+00    8.428652893853E+00    9.796775987671E+00    1.126640207854E+01    1.283750513565E+01    1.451006606434E+01    1.628407062102E+01    1.815950801813E+01
    2.497597426949E+01   -1.000149314269E+00    1.446632342053E-02    1.295069872339E-01    3.565897366742E-01    6.918645956829E-01    1.132262004059E+00    1.675785915207E+00    2.321234353890E+00    3.067893628481E+00    3.915333835168E+00    4.863289260915E+00    5.911590824549E+00    7.060127781348E+00    8.308825597756E+00    9.657632844304E+00    1.110651322129E+01    1.265544057830E+01    1.430439572527E+01    1.605336434263E+01    1.790233558219E+01
    2.515342290006E+01   -1.000147213785E+00    1.424788209359E-02    1.275657078312E-01    3.513021514275E-01    6.817143772531E-01    1.115797763620E+00    1.651585986684E+00    2.287888886236E+00    3.023997054808E+00    3.859481949595E+00    4.794078138594E+00    5.827616451336E+00    6.959985950358E+00    8.191111902072E+00    9.520942700562E+00    1.094944189975E+01    1.247658323094E+01    1.410234740943E+01    1.582672004019E+01    1.764969021473E+01
    2.533149966737E+01   -1.000145150290E+00    1.403359913623E-02    1.256608900031E-01    3.461121107127E-01    6.717485605742E-01    1.099629386897E+00    1.627817769716E+00    2.255135403066E+00    2.980877230298E+00    3.804616117800E+00    4.726086944175E+00    5.745120466986E+00    6.861605566105E+00    8.075467313826E+00    9.386653931308E+00    1.079512882823E+01    1.230086561892E+01    1.390384492486E+01    1.560405227608E+01    1.740147670411E+01
    2.551020457143E+01   -1.000143122612E+00    1.382337888474E-02    1.237917133903E-01    3.410174767145E-01    6.619631787329E-01    1.083750577121E+00    1.604472130136E+00    2.222961420274E+00    2.938517806223E+00    3.750715611023E+00    4.659290053264E+00    5.664071835853E+00    6.764949666106E+00    7.961848428151E+00    9.254716173775E+00    1.064351617058E+01    1.212822191722E+01    1.370881394223E+01    1.538527770120E+01    1.715760216601E+01
    2.568953761223E+01   -1.000141130324E+00    1.361712825507E-02    1.219573790198E-01    3.360161654713E-01    6.523543628886E-01    1.068155191972E+00    1.581540157115E+00    2.191354758574E+00    2.896902832750E+00    3.697760206042E+00    4.593662466209E+00    5.584440278791E+00    6.669982188687E+00    7.850212897849E+00    9.125080292279E+00    1.049454749967E+01    1.195858790438E+01    1.351718194282E+01    1.517031499665E+01    1.691797597849E+01
    2.586949878978E+01   -1.000139172474E+00    1.341475666572E-02    1.201571086961E-01    3.311061453982E-01    6.429183396113E-01    1.052837239384E+00    1.559013157078E+00    2.160303535167E+00    2.856016747998E+00    3.645730171280E+00    4.529179790904E+00    5.506196252308E+00    6.576667948144E+00    7.740519404209E+00    8.997698344337E+00    1.034816775853E+01    1.179190091818E+01    1.332887816845E+01    1.495908481764E+01    1.668250971942E+01
    2.605008810408E+01   -1.000137248746E+00    1.321617595819E-02    1.183901443709E-01    3.262854357651E-01    6.336514281614E-01    1.037790873296E+00    1.536882647578E+00    2.129796155416E+00    2.815844367184E+00    3.594606253074E+00    4.465818225856E+00    5.429310928092E+00    6.484972610384E+00    7.632727628428E+00    8.872523547535E+00    1.020432322224E+01    1.162809981238E+01    1.314383357270E+01    1.475150973871E+01    1.645111710548E+01
    2.623130555512E+01   -1.000135357955E+00    1.302130032567E-02    1.166557475772E-01    3.215521053197E-01    6.245500380046E-01    1.023010389726E+00    1.515140351606E+00    2.099821305045E+00    2.776370872377E+00    3.544369662665E+00    4.403554544068E+00    5.353756173470E+00    6.394862669628E+00    7.526798224234E+00    8.749510247751E+00    1.006296146149E+01    1.146712491514E+01    1.296198077392E+01    1.454751420110E+01    1.622371393351E+01
    2.641315114290E+01   -1.000133499660E+00    1.283004623795E-02    1.149531988323E-01    3.169042708415E-01    6.156106662303E-01    1.008490222744E+00    1.493778191803E+00    2.070367942275E+00    2.737581802248E+00    3.495002063247E+00    4.342366077083E+00    5.279504532112E+00    6.306305425480E+00    7.422692790994E+00    8.628613887972E+00    9.924031306787E+00    1.130891798837E+01    1.278325400933E+01    1.434702446126E+01    1.600021802314E+01
    2.659562486743E+01   -1.000131672937E+00    1.264233237443E-02    1.132817971039E-01    3.123400958413E-01    6.068298952060E-01    9.942249407788E-01    1.472788285088E+00    2.041425290477E+00    2.699463042435E+00    3.446485557725E+00    4.282230699824E+00    5.206529205664E+00    6.219268961024E+00    7.320373847975E+00    8.509790978427E+00    9.787482814105E+00    1.115342218863E+01    1.260758909089E+01    1.414996854140E+01    1.578054916163E+01
    2.677872672871E+01   -1.000129877564E+00    1.245807955503E-02    1.116408592578E-01    3.078577892173E-01    5.982043901725E-01    9.802092428544E-01    1.452162937259E+00    2.012982830821E+00    2.662000815947E+00    3.398802676589E+00    4.223126815642E+00    5.134804035661E+00    6.133722121316E+00    7.219804809122E+00    8.392999067337E+00    9.653267231359E+00    1.100058202895E+01    1.243492336220E+01    1.395627618112E+01    1.556462905008E+01
    2.696245672673E+01   -1.000128112620E+00    1.227721067795E-02    1.100297195602E-01    3.034556040404E-01    5.897308970507E-01    9.664379551336E-01    1.431894637964E+00    1.985030295392E+00    2.625181674126E+00    3.351936366430E+00    4.165033342097E+00    5.064303486288E+00    6.049634492834E+00    7.120949958898E+00    8.278196712872E+00    9.521336966167E+00    1.085034334215E+01    1.226519565705E+01    1.376587879098E+01    1.535238125158E+01
    2.714681486150E+01   -1.000126377610E+00    1.209965065519E-02    1.084477291607E-01    2.991318362921E-01    5.814062401825E-01    9.529060273863E-01    1.411976055620E+00    1.957557660281E+00    2.588992487639E+00    3.305869978550E+00    4.107929696901E+00    4.995002627383E+00    5.966976383260E+00    7.023774428574E+00    8.165343455661E+00    9.391645554306E+00    1.070265324496E+01    1.209834625896E+01    1.357870940708E+01    1.514373114068E+01
    2.733180113301E+01   -1.000124671927E+00    1.192532635315E-02    1.068942556142E-01    2.948848236965E-01    5.732273202260E-01    9.396085296811E-01    1.392400032628E+00    1.930555139038E+00    2.553420437899E+00    3.260587258078E+00    4.051795784470E+00    4.926877118145E+00    5.885718802073E+00    6.928244173430E+00    8.054399792331E+00    9.264147629321E+00    1.055746010344E+01    1.193431686206E+01    1.339470264729E+01    1.493860585455E+01
    2.751741554127E+01   -1.000122995056E+00    1.175416653396E-02    1.053686824094E-01    2.907129445638E-01    5.651911120784E-01    9.265406491272E-01    1.373159580664E+00    1.904013176262E+00    2.518453008677E+00    3.216072333353E+00    3.996611982800E+00    4.859903191241E+00    5.805833441632E+00    6.834325950555E+00    7.945327149767E+00    9.138798892970E+00    1.041471349931E+01    1.177305053317E+01    1.321379466861E+01    1.473693424554E+01
    2.770365808627E+01   -1.000121345873E+00    1.158610180016E-02    1.038704085220E-01    2.866146166963E-01    5.572946629025E-01    9.136976867708E-01    1.354247876188E+00    1.877922441455E+00    2.484077978056E+00    3.172309705704E+00    3.942359130835E+00    4.794057637511E+00    5.727292658950E+00    6.741987297434E+00    7.838087860244E+00    9.015556086664E+00    1.027436419748E+01    1.161449167506E+01    1.303592312605E+01    1.453864683527E+01
    2.789052876802E+01   -1.000119724538E+00    1.142106453727E-02    1.023988479506E-01    2.825882962501E-01    5.495350900919E-01    9.010750544237E-01    1.335658255892E+00    1.852273822843E+00    2.450283410377E+00    3.129284239293E+00    3.889018515943E+00    4.729317790834E+00    5.650069457710E+00    6.651196510866E+00    7.732645137014E+00    8.894376963463E+00    1.013636411419E+01    1.145858599053E+01    1.286102713237E+01    1.434367576985E+01
    2.807802758651E+01   -1.000118130291E+00    1.125898886463E-02    1.009534293189E-01    2.786324767541E-01    5.419095794899E-01    8.886682718422E-01    1.317384212587E+00    1.827058421731E+00    2.417057648816E+00    3.086981151659E+00    3.836571862199E+00    4.665661513895E+00    5.574137471279E+00    6.561922626990E+00    7.628963051092E+00    8.775220261385E+00    1.000066628659E+01    1.130528044803E+01    1.268904721949E+01    1.415195477684E+01
    2.826615454175E+01   -1.000116562450E+00    1.109981058286E-02    9.953359544905E-02    2.747456880623E-01    5.344153835102E-01    8.764729637913E-01    1.299419390982E+00    1.802267546756E+00    2.384389307879E+00    3.045386004232E+00    3.785001318677E+00    4.603067184041E+00    5.499470945885E+00    6.474135401540E+00    7.527006508371E+00    8.658045677145E+00    9.867224842910E+00    1.115452324800E+01    1.251992530072E+01    1.396341912317E+01
    2.845490963373E+01   -1.000115020261E+00    1.094346712486E-02    9.813880296410E-02    2.709264953724E-01    5.270498193684E-01    8.644848572665E-01    1.281757583663E+00    1.777892708405E+00    2.352267266234E+00    3.004484693242E+00    3.734289448218E+00    4.541513679665E+00    5.426044724407E+00    6.387805290822E+00    7.426741227545E+00    8.542813840808E+00    9.735994973580E+00    1.100626379022E+01    1.235360463427E+01    1.377800557443E+01
    2.864429286246E+01   -1.000113503483E+00    1.078989750740E-02    9.676852189315E-02    2.671734982529E-01    5.198102673321E-01    8.526997787554E-01    1.264392727152E+00    1.753925613638E+00    2.320680659679E+00    2.964263440825E+00    3.684419216452E+00    4.480980366935E+00    5.353834230576E+00    6.302903433171E+00    7.328133718609E+00    8.429486291105E+00    9.606932903155E+00    1.086045264219E+01    1.219002978764E+01    1.359565235531E+01
    2.883430422794E+01   -1.000112012110E+00    1.063904228551E-02    9.542223529988E-02    2.634853297243E-01    5.126941690631E-01    8.411136516313E-01    1.247318898131E+00    1.730358160743E+00    2.289618874409E+00    2.924708786483E+00    3.635373981231E+00    4.421447086991E+00    5.282815453733E+00    6.219401631050E+00    7.231151262089E+00    8.318025451584E+00    9.479995863177E+00    1.071704150842E+01    1.202914660334E+01    1.341629911125E+01
    2.902494373016E+01   -1.000110544781E+00    1.049084351018E-02    9.409943893693E-02    2.598606554020E-01    5.056990260633E-01    8.297224937001E-01    1.230530309880E+00    1.707182434441E+00    2.259071540585E+00    2.885807578905E+00    3.587137482507E+00    4.362894143661E+00    5.212964934171E+00    6.137272333818E+00    7.135761889028E+00    8.208394607600E+00    9.355142065964E+00    1.057598320086E+01    1.187090216557E+01    1.323988687145E+01
    2.921621136912E+01   -1.000109101396E+00    1.034524468155E-02    9.279964086301E-02    2.562981725510E-01    4.988223979844E-01    8.185224145731E-01    1.214021308519E+00    1.684390700803E+00    2.229028525727E+00    2.847546967645E+00    3.539693832090E+00    4.305302291106E+00    5.144259748474E+00    6.056488620558E+00    7.041934361097E+00    8.100557883527E+00    9.232330678711E+00    1.043723160964E+01    1.171524476761E+01    1.306635801240E+01
    2.940810714484E+01   -1.000107681635E+00    1.020219070941E-02    9.152236111896E-02    2.527966092800E-01    4.920619011651E-01    8.075096133564E-01    1.197786369647E+00    1.661975402647E+00    2.199479928662E+00    2.809914395426E+00    3.493027504108E+00    4.248652722246E+00    5.076677495706E+00    5.977024183836E+00    6.949638151743E+00    7.994480221078E+00    9.111521798803E+00    1.030074167525E+01    1.156212388041E+01    1.289565622303E+01
    2.960063105729E+01   -1.000106285162E+00    1.006162787252E-02    9.026713139410E-02    2.493547237133E-01    4.854152071374E-01    7.966803763096E-01    1.181820094966E+00    1.639929154921E+00    2.170416073499E+00    2.772897590505E+00    3.447123325583E+00    4.192927057348E+00    5.010196283831E+00    5.898853313767E+00    6.858843427693E+00    7.890127358077E+00    8.992676429657E+00    1.016646936120E+01    1.141149012212E+01    1.272772647059E+01
    2.979378310649E+01   -1.000104910742E+00    9.923503780739E-03    8.903349471459E-02    2.459713032145E-01    4.788800412214E-01    7.860310746312E-01    1.166117209065E+00    1.618244740322E+00    2.141827503867E+00    2.736484559362E+00    3.401966467378E+00    4.138107333058E+00    4.944794716636E+00    5.821950882640E+00    6.769521031119E+00    7.787465807967E+00    8.875756457390E+00    1.003437162770E+01    1.126329522845E+01    1.256251496774E+01
    2.998756329244E+01   -1.000103558830E+00    9.787767333940E-03    8.782100510534E-02    2.426451635473E-01    4.724541810205E-01    7.755581621216E-01    1.150672556087E+00    1.596915104766E+00    2.113704977041E+00    2.700663579295E+00    3.357542435094E+00    4.084175991412E+00    4.880451880689E+00    5.746292329653E+00    6.681642461953E+00    7.686462839540E+00    8.760724627788E+00    9.904406405663E+00    1.111749202362E+01    1.239996914016E+01
    3.018197161513E+01   -1.000102228338E+00    9.654368689529E-03    8.662922732218E-02    2.393751482045E-01    4.661354551940E-01    7.652581732267E-01    1.135481096852E+00    1.575933353431E+00    2.086039458710E+00    2.665423191739E+00    3.313837060757E+00    4.031115869725E+00    4.817147333252E+00    5.671853646667E+00    6.595179861324E+00    7.587086457870E+00    8.647544524565E+00    9.776532572156E+00    1.097403439274E+01    1.224003759572E+01
    3.037700807457E+01   -1.000100919511E+00    9.523259223518E-03    8.545773653019E-02    2.361601276075E-01    4.599217420234E-01    7.551277208126E-01    1.120537905685E+00    1.555292746462E+00    2.058822117400E+00    2.630752195248E+00    3.270836494190E+00    3.978910190189E+00    4.754861089935E+00    5.598611363759E+00    6.510105994831E+00    7.489305385151E+00    8.536180547591E+00    9.650709925816E+00    1.083287725432E+01    1.208267009392E+01
    3.057267267076E+01   -1.000099631149E+00    9.394391499571E-03    8.430611804797E-02    2.329989984648E-01    4.538109682390E-01    7.451634943010E-01    1.105838167686E+00    1.534986695212E+00    2.032044319515E+00    2.596639639158E+00    3.228527195150E+00    3.927542550306E+00    4.693573613265E+00    5.526542535756E+00    6.426394236889E+00    7.393089042681E+00    8.426597892356E+00    9.526899163644E+00    1.069397653420E+01    1.192781751676E+01
    3.076896540368E+01   -1.000098363662E+00    9.267719232223E-03    8.317396704275E-02    2.298906830114E-01    4.478011076577E-01    7.353622575551E-01    1.091377175715E+00    1.515008758167E+00    2.005697624051E+00    2.563074816948E+00    3.186895925158E+00    3.876996913045E+00    4.633265801013E+00    5.455624728579E+00    6.344018554920E+00    7.298407532750E+00    8.318762529399E+00    9.405061857818E+00    1.055728913959E+01    1.177543183990E+01
    3.096588627336E+01   -1.000097116276E+00    9.143197258019E-03    8.206088829124E-02    2.268341284073E-01    4.418901800811E-01    7.257208471277E-01    1.077150327826E+00    1.495352637409E+00    1.979773777927E+00    2.530047260271E+00    3.145929740088E+00    3.827257597825E+00    4.573918975414E+00    5.385836006540E+00    6.262953494585E+00    7.205231621653E+00    8.212641184938E+00    9.285160433779E+00    1.042277293447E+01    1.162546610516E+01
    3.116343527978E+01   -1.000095888155E+00    9.020781503028E-03    8.096649590958E-02    2.238283060609E-01    4.360762500767E-01    7.162361703565E-01    1.063153124532E+00    1.476012174901E+00    1.954264711138E+00    2.497546732832E+00    3.105615982620E+00    3.778309271394E+00    4.515514872327E+00    5.317154919636E+00    6.183174165057E+00    7.113532722781E+00    8.108201321644E+00    9.167158148546E+00    1.029038671527E+01    1.147787439348E+01
    3.136161242294E+01   -1.000094679998E+00    8.900428951000E-03    7.989041308872E-02    2.208722109658E-01    4.303574257802E-01    7.069052034964E-01    1.049381166122E+00    1.456981348843E+00    1.929162532018E+00    2.465563224407E+00    3.065942274866E+00    3.730136938927E+00    4.458035630649E+00    5.249560491143E+00    6.104656224645E+00    7.023282880148E+00    8.005411119913E+00    9.051019069584E+00    1.016009018724E+01    1.133261179857E+01
    3.156041770285E+01   -1.000093490463E+00    8.782097618030E-03    7.883227188335E-02    2.179648611668E-01    4.247318579161E-01    6.977249901531E-01    1.035830150363E+00    1.438254270494E+00    1.904459523018E+00    2.434086945445E+00    3.026896511653E+00    3.682725935833E+00    4.401463782521E+00    5.183032206064E+00    6.027375867351E+00    6.934454752900E+00    7.904239460191E+00    8.936708054808E+00    1.003184394192E+01    1.118963440180E+01
    3.175985111951E+01   -1.000092319548E+00    8.665746520593E-03    7.779171294536E-02    2.151052970921E-01    4.191977385974E-01    6.886926394255E-01    1.022495869850E+00    1.419825180600E+00    1.880148136092E+00    2.403108321264E+00    2.988466853397E+00    3.636061919183E+00    4.345782243160E+00    5.117549999238E+00    5.951309809116E+00    6.847021599569E+00    7.804655905101E+00    8.824190732438E+00    9.905609434645E+00    1.104889924714E+01
    3.195991267291E+01   -1.000091166694E+00    8.551335650158E-03    7.676838531192E-02    2.122925810170E-01    4.137533003476E-01    6.798053243543E-01    1.009374209746E+00    1.401688446286E+00    1.856220988595E+00    2.372617986831E+00    2.950641719626E+00    3.590130859839E+00    4.290974301462E+00    5.053094244281E+00    5.876435274967E+00    6.760957263290E+00    7.706630682592E+00    8.713433481955E+00    9.781348963157E+00    1.091036431730E+01
    3.216060236306E+01   -1.000090032328E+00    8.438825945042E-03    7.576194617008E-02    2.095257964713E-01    4.083968150287E-01    6.710602802501E-01    9.964611453848E-01    1.383838557802E+00    1.832670859055E+00    2.342606781416E+00    2.913409782399E+00    3.544919034499E+00    4.237023610556E+00    4.989645742520E+00    5.802729986196E+00    6.676236157098E+00    7.610134669230E+00    8.604403415246E+00    9.659025646465E+00    1.077398851024E+01
    3.236192018995E+01   -1.000088915427E+00    8.328179267077E-03    7.477206066164E-02    2.068040477448E-01    4.031265929358E-01    6.624548032544E-01    9.837527401670E-01    1.366270125627E+00    1.809490683339E+00    2.313065743713E+00    2.876759960234E+00    3.500413018323E+00    4.183914178981E+00    4.927185712598E+00    5.730172148271E+00    6.592833250015E+00    7.515139374328E+00    8.497068358668E+00    9.538603404720E+00    1.063973161665E+01
    3.256386615359E+01   -1.000087815461E+00    8.219358374667E-03    7.379840165730E-02    2.041264593171E-01    3.979409817683E-01    6.539862487368E-01    9.712451432639E-01    1.348977877356E+00    1.786673550621E+00    2.283986106746E+00    2.840681411847E+00    3.456599677369E+00    4.131630361717E+00    4.865695779967E+00    5.658740438673E+00    6.510724053109E+00    7.421616924114E+00    8.391396835182E+00    9.420046939204E+00    1.050755429773E+01
    3.276644025397E+01   -1.000086732612E+00    8.112326898440E-03    7.284064955231E-02    2.014921753404E-01    3.928383656894E-01    6.456520298188E-01    9.589345874880E-01    1.331956654800E+00    1.764212699575E+00    2.255359293054E+00    2.805163530207E+00    3.413466161403E+00    4.080156851614E+00    4.805157966834E+00    5.588413995229E+00    6.429884606104E+00    7.329540046485E+00    8.287358047149E+00    9.303321713037E+00    1.037741806366E+01
    3.296964249110E+01   -1.000085666611E+00    8.007049318876E-03    7.189849207861E-02    1.989003591626E-01    3.878171644554E-01    6.374496159983E-01    9.468173872951E-01    1.315201411247E+00    1.742101514788E+00    2.227176910123E+00    2.770195936864E+00    3.370999897011E+00    4.029478671190E+00    4.745554682509E+00    5.519172404904E+00    6.350291464488E+00    7.238882056330E+00    8.184921859742E+00    9.188393932566E+00    1.024928525286E+01
    3.317347286497E+01   -1.000084616754E+00    7.903490943508E-03    7.097162411309E-02    1.963501928407E-01    3.828758325310E-01    6.293765317602E-01    9.348899367776E-01    1.298707208721E+00    1.720333523166E+00    2.199430745839E+00    2.735768476344E+00    3.329188580814E+00    3.979581164536E+00    4.686868713905E+00    5.450995692783E+00    6.271921686865E+00    7.149616841132E+00    8.084058784691E+00    9.075230529142E+00    1.012311901168E+01
    3.337793137559E+01   -1.000083582711E+00    7.801617884081E-03    7.005974748542E-02    1.938408766530E-01    3.780128582039E-01    6.214303551893E-01    9.231487076697E-01    1.282469215274E+00    1.698902390404E+00    2.172112764020E+00    2.701871210628E+00    3.288020172795E+00    3.930449989391E+00    4.629083216245E+00    5.383864311287E+00    6.194752822585E+00    7.061718846903E+00    7.984739964409E+00    8.963799141324E+00    9.998883274575E+00
    3.358301802295E+01   -1.000082564707E+00    7.701397035060E-03    6.916257079661E-02    1.913716286378E-01    3.732267627445E-01    6.136087166514E-01    9.115902474420E-01    1.266482702385E+00    1.677801917588E+00    2.145215100112E+00    2.668494413837E+00    3.247482889865E+00    3.882071109480E+00    4.572181704060E+00    5.317759129749E+00    6.118762899773E+00    6.975163064558E+00    7.886937156607E+00    8.854068097636E+00    9.876542744899E+00
    3.378873280706E+01   -1.000081561980E+00    7.602796054172E-03    6.827980925512E-02    1.889416841752E-01    3.685160996405E-01    6.059092975807E-01    9.002111775387E-01    1.250743042541E+00    1.657026038002E+00    2.118730057126E+00    2.635628567199E+00    3.207565199744E+00    3.834430787208E+00    4.516148042602E+00    5.252661424417E+00    6.043930413831E+00    6.889925016818E+00    7.790622719498E+00    8.746006399954E+00    9.756062876375E+00
    3.399507572792E+01   -1.000080574826E+00    7.505783340504E-03    6.741118449180E-02    1.865502955169E-01    3.638794537442E-01    5.983298291519E-01    8.890081914753E-01    1.235245706663E+00    1.636568813792E+00    2.092650101433E+00    2.603264353867E+00    3.168255814719E+00    3.787515576254E+00    4.460966439165E+00    5.188552868422E+00    5.970234315944E+00    6.805980745147E+00    7.695769597057E+00    8.639583707006E+00    9.637409854727E+00
    3.420204678552E+01   -1.000079602410E+00    7.410328016827E-03    6.655642441032E-02    1.841967314028E-01    3.593154405691E-01    5.908680911616E-01    8.779780532067E-01    1.219986261854E+00    1.616424432995E+00    2.066967858972E+00    2.571392654212E+00    3.129543685912E+00    3.741312314716E+00    4.406621435018E+00    5.125415522381E+00    5.897654002264E+00    6.723306797425E+00    7.602351305086E+00    8.534770318720E+00    9.520550580217E+00
    3.440964597986E+01   -1.000078644309E+00    7.316399909307E-03    6.571526301557E-02    1.818802766242E-01    3.548227054955E-01    5.835219107884E-01    8.671175953478E-01    1.204960368992E+00    1.596587206400E+00    2.041676111292E+00    2.540004540954E+00    3.091417997404E+00    3.695808118138E+00    4.353097897226E+00    5.063231824936E+00    5.826169303066E+00    6.641880215616E+00    7.510341917308E+00    8.431537160649E+00    9.405452650304E+00
    3.461787331095E+01   -1.000077700885E+00    7.223969528849E-03    6.488744025560E-02    1.796002316195E-01    3.503999230341E-01    5.762891614357E-01    8.564237175049E-01    1.190163780454E+00    1.577051564581E+00    2.016767791795E+00    2.509091274514E+00    3.053868160612E+00    3.650990372810E+00    4.300381010798E+00    5.001984583647E+00    5.755760472290E+00    6.561678523879E+00    7.419716051941E+00    8.329855768917E+00    9.292084342875E+00
    3.482672877879E+01   -1.000076771096E+00    7.133008054967E-03    6.407270188476E-02    1.773559121227E-01    3.460457961790E-01    5.691677617043E-01    8.458933847754E-01    1.175592338049E+00    1.557812055164E+00    1.992235982247E+00    2.478644298681E+00    3.016883809018E+00    3.606846729477E+00    4.248456271268E+00    4.941656966352E+00    5.686408177598E+00    6.482679717222E+00    7.330448858869E+00    8.229698275820E+00    9.180414600172E+00
    3.503621238337E+01   -1.000075855636E+00    7.043487315991E-03    6.327079929575E-02    1.751466487350E-01    3.417590556312E-01    5.621556741858E-01    8.355236260286E-01    1.161241970702E+00    1.538863339833E+00    1.968073909020E+00    2.448655236008E+00    2.980454792626E+00    3.563365096764E+00    4.197309477014E+00    4.882232492302E+00    5.618093490229E+00    6.404862249994E+00    7.242516006677E+00    8.131037395309E+00    9.070413012653E+00
    3.524632412470E+01   -1.000074953743E+00    6.955379774721E-03    6.248148939756E-02    1.729717866104E-01    3.375384592168E-01    5.552509045324E-01    8.253115325383E-01    1.147108692560E+00    1.520200191816E+00    1.944274939869E+00    2.419115883786E+00    2.944571173052E+00    3.520533635301E+00    4.146926722324E+00    4.823695024071E+00    5.550797875676E+00    6.328205025239E+00    7.155893670600E+00    8.033846409456E+00    8.962049803872E+00
    3.545706400277E+01   -1.000074065014E+00    6.868658510674E-03    6.170453446473E-02    1.708306850689E-01    3.333827911848E-01    5.484515003605E-01    8.152542564123E-01    1.133188600866E+00    1.501817493121E+00    1.920832580450E+00    2.390018209768E+00    2.909223218369E+00    3.478340751597E+00    4.097294390220E+00    4.766028759260E+00    5.484503184175E+00    6.252687383893E+00    7.070558520341E+00    7.938099154805E+00    8.855295815296E+00
    3.566843201759E+01   -1.000073189905E+00    6.783297203890E-03    6.093970199928E-02    1.687227172427E-01    3.292908615589E-01    5.417555502331E-01    8.053490091268E-01    1.119477873962E+00    1.483710231934E+00    1.897740471029E+00    2.361354348098E+00    2.874401398179E+00    3.436775092187E+00    4.048399145597E+00    4.709218222532E+00    5.419191641568E+00    6.178289094390E+00    6.986487708345E+00    7.843770009231E+00    8.750122491656E+00
    3.588042816915E+01   -1.000072326987E+00    6.699270121497E-03    6.018676461640E-02    1.666472697806E-01    3.252615055920E-01    5.351611827892E-01    7.955930602490E-01    1.105972769526E+00    1.465873500278E+00    1.874992383480E+00    2.333116595582E+00    2.840096379068E+00    3.395825538182E+00    4.000227928788E+00    4.653248258126E+00    5.354845840679E+00    6.104990342818E+00    6.903658858649E+00    7.750833879414E+00    8.646501866968E+00
    3.609305245746E+01   -1.000071477341E+00    6.616552099655E-03    5.944549989030E-02    1.646037424532E-01    3.212935830505E-01    5.286665656363E-01    7.859837358678E-01    1.092669622464E+00    1.448302491305E+00    1.852582217906E+00    2.305297407550E+00    2.806299019648E+00    3.355481199415E+00    3.952767948744E+00    4.598104021983E+00    5.291448732313E+00    6.032771722724E+00    6.822050055419E+00    7.659266188023E+00    8.544406550294E+00
    3.630630488251E+01   -1.000070640083E+00    6.535118532152E-03    5.871569025704E-02    1.625915479004E-01    3.173859777439E-01    5.222699045912E-01    7.765184174667E-01    1.079564843341E+00    1.430992497189E+00    1.830503999921E+00    2.277889394455E+00    2.773000366382E+00    3.315731409422E+00    3.906006677085E+00    4.543770974807E+00    5.228983617246E+00    5.961614225944E+00    6.741639832554E+00    7.569042862019E+00    8.443809712661E+00
    3.652018544431E+01   -1.000069814725E+00    6.454945354663E-03    5.799712287984E-02    1.606101112852E-01    3.135375968943E-01    5.159694426964E-01    7.671945405192E-01    1.066654916479E+00    1.413938906671E+00    1.808751877561E+00    2.250885318077E+00    2.740191649018E+00    3.276565720030E+00    3.859931841777E+00    4.490234874743E+00    5.167434137840E+00    5.891499233100E+00    6.662407162970E+00    7.480140320660E+00    8.344685073722E+00
    3.673469414286E+01   -1.000069001529E+00    6.376009030803E-03    5.728958953015E-02    1.586588699869E-01    3.097473705730E-01    5.097634593353E-01    7.580095932126E-01    1.053936398222E+00    1.397137202787E+00    1.787320118405E+00    2.224278087973E+00    2.707864276291E+00    3.237973896244E+00    3.814531421132E+00    4.437481770425E+00    5.106784270062E+00    5.822408504503E+00    6.584331448343E+00    7.392535464007E+00    8.247006888944E+00
    3.694983097815E+01   -1.000068199856E+00    6.298286539936E-03    5.659288648298E-02    1.567372733296E-01    3.060142512008E-01    5.036502694380E-01    7.489611152900E-01    1.041405915342E+00    1.380582960768E+00    1.766203106904E+00    2.198060758153E+00    2.676009831884E+00    3.199945911412E+00    3.769793638111E+00    4.385497994351E+00    5.047018315864E+00    5.754324171475E+00    6.507392509286E+00    7.306205661888E+00    8.150749937302E+00
    3.716559595018E+01   -1.000067410319E+00    6.221755362821E-03    5.590681439435E-02    1.548447822663E-01    3.023372129703E-01    4.976282225799E-01    7.400466967613E-01    1.029060163297E+00    1.364271845779E+00    1.745395341532E+00    2.172226523586E+00    2.644620070215E+00    3.162471942243E+00    3.725706954494E+00    4.334270156137E+00    4.988120895454E+00    5.687228727573E+00    6.431570575462E+00    7.221128742838E+00    8.055889508968E+00
    3.738198905896E+01   -1.000066631883E+00    6.146393470920E-03    5.523117820917E-02    1.529808691394E-01    2.987152514017E-01    4.916957022707E-01    7.312639768595E-01    1.016895904787E+00    1.348199611004E+00    1.724891432332E+00    2.146768717135E+00    2.613686912698E+00    3.125542364315E+00    3.682260065584E+00    4.283785136344E+00    4.930076940179E+00    5.621105020460E+00    6.356846276382E+00    7.137282983748E+00    7.962401393753E+00
    3.759901030449E+01   -1.000065864949E+00    6.072179312215E-03    5.456578704003E-02    1.511450173676E-01    2.951473827718E-01    4.858511250663E-01    7.226106427749E-01    1.004909968049E+00    1.332362095445E+00    1.704686098154E+00    2.121680806175E+00    2.583202443678E+00    3.089147747269E+00    3.639441894590E+00    4.234030079993E+00    4.872871685111E+00    5.555936243495E+00    6.283200631933E+00    7.054647099278E+00    7.870261869335E+00
    3.781665968676E+01   -1.000065108609E+00    5.999091801037E-03    5.391045407967E-02    1.493367212182E-01    2.916326436910E-01    4.800929398924E-01    7.140844286626E-01    9.930992454820E-01    1.316755222095E+00    1.684774164320E+00    2.096956389681E+00    2.553158906878E+00    3.053278850552E+00    3.597241587595E+00    4.184992390702E+00    4.816490662287E+00    5.491705928016E+00    6.210615043642E+00    6.973200232031E+00    7.779447690290E+00
    3.803493720578E+01   -1.000064363431E+00    5.927110304857E-03    5.326499648762E-02    1.475554855133E-01    2.881700905673E-01    4.744196272089E-01    7.056831144507E-01    9.814606920437E-01    1.301374995867E+00    1.665150560019E+00    2.072589195032E+00    2.523548701555E+00    3.017926618862E+00    3.555648508251E+00    4.136659724551E+00    4.760919693689E+00    5.428397935380E+00    6.139071285707E+00    6.892921942528E+00    7.689936076936E+00
    3.825384286154E+01   -1.000063628575E+00    5.856214634784E-03    5.262923530836E-02    1.458008254171E-01    2.847587992092E-01    4.688296983743E-01    6.974045249060E-01    9.699913239543E-01    1.286217501874E+00    1.645810316098E+00    2.048573075262E+00    2.494364379142E+00    2.983082178128E+00    3.514652233013E+00    4.089019984535E+00    4.706144884846E+00    5.365996449647E+00    6.068551496725E+00    6.813792199896E+00    7.601704704940E+00
    3.847337665405E+01   -1.000062904337E+00    5.786385033182E-03    5.200299536486E-02    1.440722661590E-01    2.813978643208E-01    4.633216948582E-01    6.892465285100E-01    9.586882171800E-01    1.271278903462E+00    1.626748562605E+00    2.024902006034E+00    2.465598639611E+00    2.948736831196E+00    3.474242546111E+00    4.042061314746E+00    4.652152618182E+00    5.304485970039E+00    5.999038171180E+00    6.735791372361E+00    7.514731694740E+00
    3.869353858330E+01   -1.000062190419E+00    5.717602164050E-03    5.138610517588E-02    1.423693428185E-01    2.780863991018E-01    4.578941876042E-01    6.812070365291E-01    9.475485061546E-01    1.256555440530E+00    1.607960526624E+00    2.001570082963E+00    2.437244328212E+00    2.914882053937E+00    3.434409434956E+00    3.995772095026E+00    4.598929546857E+00    5.243851303914E+00    5.930514151511E+00    6.658900218321E+00    7.428995601586E+00
    3.891432864930E+01   -1.000061486748E+00    5.649847102270E-03    5.077839686309E-02    1.406916000834E-01    2.748235348031E-01    4.525457763320E-01    6.732840020103E-01    9.365693824143E-01    1.242043427741E+00    1.589441530040E+00    1.978571518847E+00    2.409294432129E+00    2.881509491265E+00    3.395143085476E+00    3.950140935573E+00    4.546462588578E+00    5.184077559728E+00    5.862962620163E+00    6.583099877457E+00    7.344475405635E+00
    3.913574685204E+01   -1.000060792758E+00    5.583101323962E-03    5.017970606821E-02    1.390385920335E-01    2.716084203267E-01    4.472750889042E-01    6.654754188631E-01    9.257480933400E-01    1.227739252880E+00    1.571186987428E+00    1.955900641066E+00    2.381742077321E+00    2.848610953371E+00    3.356433877685E+00    3.905156671784E+00    4.494738919674E+00    5.125150140287E+00    5.796367091965E+00    6.508371862165E+00    7.261150502407E+00
    3.935779319153E+01   -1.000060108319E+00    5.517346696250E-03    4.958987186439E-02    1.374098819098E-01    2.684402218014E-01    4.420807806588E-01    6.577793208988E-01    9.150819408541E-01    1.213639375151E+00    1.553192403919E+00    1.933551888936E+00    2.354580525333E+00    2.816178411937E+00    3.318272381247E+00    3.860808359121E+00    4.443745969207E+00    5.067054736052E+00    5.730711406576E+00    6.434698049109E+00    7.179000693370E+00
    3.958046766777E+01   -1.000059433857E+00    5.452565467726E-03    4.900873667421E-02    1.358050419005E-01    2.653181221870E-01    4.369615337850E-01    6.501937809289E-01    9.045682801898E-01    1.199740323569E+00    1.535453373152E+00    1.911519811198E+00    2.327803170242E+00    2.784203996500E+00    3.280649351209E+00    3.817085268159E+00    4.393471413287E+00    5.009777318671E+00    5.665979721186E+00    6.362060671021E+00    7.098006176809E+00
    3.980377028075E+01   -1.000058768637E+00    5.388740260124E-03    4.843614619748E-02    1.342236529519E-01    2.622413209228E-01    4.319160567642E-01    6.427169099497E-01    8.942045187694E-01    1.186038695480E+00    1.517965575392E+00    1.889799063660E+00    2.301403535805E+00    2.752679991031E+00    3.243555723964E+00    3.773976879890E+00    4.343903169666E+00    4.953304134810E+00    5.602156503531E+00    6.290442308868E+00    7.018147539081E+00
    4.002770103047E+01   -1.000058112695E+00    5.325854058340E-03    4.787194932520E-02    1.326653045438E-01    2.592090335155E-01    4.269430837233E-01    6.353468562167E-01    8.839881149528E-01    1.172531154934E+00    1.500724775482E+00    1.868384406694E+00    2.275375272429E+00    2.721598830357E+00    3.206982613073E+00    3.731472880888E+00    4.295029392200E+00    4.897621699872E+00    5.539226524821E+00    6.219825883930E+00    6.939405745803E+00
    4.025225991694E+01   -1.000057465805E+00    5.263890202264E-03    4.731599806870E-02    1.311295945041E-01    2.562204911942E-01    4.220413738883E-01    6.280818044487E-01    8.739165769461E-01    1.159214431256E+00    1.483726821021E+00    1.847270702967E+00    2.249712154421E+00    2.690953096870E+00    3.170921305387E+00    3.689563158806E+00    4.246838465668E+00    4.842716792083E+00    5.477174853052E+00    6.150194650297E+00    6.861762133483E+00
    4.047744694016E+01   -1.000056828027E+00    5.202832377982E-03    4.676814748377E-02    1.296161288100E-01    2.532749405435E-01    4.172097110053E-01    6.209199749952E-01    8.639874616683E-01    1.146085317564E+00    1.466967640489E+00    1.826452915135E+00    2.224408077203E+00    2.660735517212E+00    3.135363257160E+00    3.648237797867E+00    4.199319000604E+00    4.788576446623E+00    5.415986846384E+00    6.081532187443E+00    6.785198401247E+00
    4.070326210012E+01   -1.000056199630E+00    5.142664609610E-03    4.622825559959E-02    1.281245214018E-01    2.503716431587E-01    4.124469027960E-01    6.138596230474E-01    8.541983736749E-01    1.133140669357E+00    1.450443241462E+00    1.805926103635E+00    2.199457054627E+00    2.630938959085E+00    3.100300090305E+00    3.607487074521E+00    4.152459828304E+00    4.735187949938E+00    5.355648146717E+00    6.013822393025E+00    6.709696602818E+00
    4.092970539683E+01   -1.000055579074E+00    5.083371252151E-03    4.569618335708E-02    1.266543940207E-01    2.475098753436E-01    4.077517804750E-01    6.068990379331E-01    8.445469641855E-01    1.120377403235E+00    1.434149708971E+00    1.785685424634E+00    2.174853216488E+00    2.601556428265E+00    3.065723588867E+00    3.567301453333E+00    4.106249996092E+00    4.682538834339E+00    5.296144673576E+00    5.947049476013E+00    6.635239138840E+00
    4.115677683028E+01   -1.000054967094E+00    5.024936981790E-03    4.517179452467E-02    1.252053759891E-01    2.446889277062E-01    4.031231981212E-01    6.000365422238E-01    8.350309298873E-01    1.107792495355E+00    1.418083203578E+00    1.765726127694E+00    2.150590805717E+00    2.572581065301E+00    3.031625695184E+00    3.527671582567E+00    4.060678762275E+00    4.630616872291E+00    5.237462617697E+00    5.881197949525E+00    6.561808748925E+00
    4.138447640047E+01   -1.000054363886E+00    4.967346789591E-03    4.465495564372E-02    1.237771040659E-01    2.419081048895E-01    3.985600322438E-01    5.932704910966E-01    8.256480120492E-01    1.095382980259E+00    1.402239959866E+00    1.746043553874E+00    2.126664176070E+00    2.544006142729E+00    2.997998506590E+00    3.488588290337E+00    4.015735591709E+00    4.579410071347E+00    5.179588435278E+00    5.816252624361E+00    6.489388504433E+00
    4.161280410742E+01   -1.000053769181E+00    4.910585974063E-03    4.414553596378E-02    1.223692222769E-01    2.391667252553E-01    3.940611812846E-01    5.865992716139E-01    8.163959955405E-01    1.083145949586E+00    1.386616284809E+00    1.726633133724E+00    2.103067789690E+00    2.515825062179E+00    2.964834272022E+00    3.450042580664E+00    3.971410151265E+00    4.528906668984E+00    5.122508842160E+00    5.752198602476E+00    6.417961801189E+00
    4.184175995111E+01   -1.000053181613E+00    4.854640134178E-03    4.364340738210E-02    1.209813817554E-01    2.364641205887E-01    3.896255651479E-01    5.800213020428E-01    8.072727078987E-01    1.071078550851E+00    1.371208556223E+00    1.707490385359E+00    2.079796214778E+00    2.488031351591E+00    2.932125388740E+00    3.412025629678E+00    3.927692305466E+00    4.479095127634E+00    5.066210808201E+00    5.689021270673E+00    6.347512352457E+00
    4.207134393154E+01   -1.000052602896E+00    4.799495160562E-03    4.314844436714E-02    1.196132405419E-01    2.337996357293E-01    3.852521246268E-01    5.735350310393E-01    7.982760182379E-01    1.059177986042E+00    1.356013221012E+00    1.688610912328E+00    2.056844123037E+00    2.460618662207E+00    2.899864398835E+00    3.374528781585E+00    3.884572111888E+00    4.429964129488E+00    5.010681551444E+00    5.626706294086E+00    6.278024181705E+00
    4.230155604872E+01   -1.000052032037E+00    4.745137231146E-03    4.266052392062E-02    1.182644634826E-01    2.311726283785E-01    3.809398210850E-01    5.671389371682E-01    7.894038365649E-01    1.047441510688E+00    1.341026793954E+00    1.669990402066E+00    2.034206287760E+00    2.433580766246E+00    2.868043986447E+00    3.337543545406E+00    3.842039817367E+00    4.381502572127E+00    4.955908533142E+00    5.565239610566E+00    6.209481616309E+00
    4.253239630264E+01   -1.000051468628E+00    4.691552803122E-03    4.217952550746E-02    1.169347220458E-01    2.285824687601E-01    3.766876359277E-01    5.608315281494E-01    7.806541127668E-01    1.035866432560E+00    1.326245856066E+00    1.651624623899E+00    2.011877581436E+00    2.406911554079E+00    2.836656974479E+00    3.301061591182E+00    3.800085853671E+00    4.333699563622E+00    4.901879452248E+00    5.504607424522E+00    6.141869280711E+00
    4.276386469331E+01   -1.000050913019E+00    4.638728606351E-03    4.170533099878E-02    1.156236941714E-01    2.260285393408E-01    3.724945701591E-01    5.546113402181E-01    7.720248357397E-01    1.024450110525E+00    1.311667053164E+00    1.633509427270E+00    1.989852973597E+00    2.380605031669E+00    2.805696321587E+00    3.265074746486E+00    3.758700833495E+00    4.286544417985E+00    4.848582240275E+00    5.444796201162E+00    6.075172090004E+00
    4.299596122073E+01   -1.000050364504E+00    4.586651637831E-03    4.123782462324E-02    1.143310641424E-01    2.235102345900E-01    3.683596439976E-01    5.484769375625E-01    7.635140326129E-01    1.013189953524E+00    1.297287094551E+00    1.615640740097E+00    1.968127528827E+00    2.354655318185E+00    2.775155119367E+00    3.229574993146E+00    3.717875546681E+00    4.240026650843E+00    4.796005056411E+00    5.385792660999E+00    6.009375243795E+00
    4.322868588489E+01   -1.000049823617E+00    4.535309154620E-03    4.077689290575E-02    1.130565224230E-01    2.210269606803E-01    3.642818964068E-01    5.424269116526E-01    7.551197678431E-01    1.002083419400E+00    1.283102751545E+00    1.598014566976E+00    1.946696404594E+00    2.329056643432E+00    2.745026589358E+00    3.194554463784E+00    3.677600956261E+00    4.194135974961E+00    4.744136282464E+00    5.327583774201E+00    5.944464219928E+00
    4.346203868579E+01   -1.000049290076E+00    4.484688668656E-03    4.032242462219E-02    1.117997655390E-01    2.185781352624E-01    3.602603847354E-01    5.364598807123E-01    7.468401424857E-01    9.911280139330E-01    1.269110856245E+00    1.580626987636E+00    1.925554849369E+00    2.303803345603E+00    2.715304080379E+00    3.160005438710E+00    3.637868194878E+00    4.148862296146E+00    4.692964518233E+00    5.270156755386E+00    5.880424768666E+00
    4.369601962344E+01   -1.000048763473E+00    4.434777940657E-03    3.987431074617E-02    1.105604959370E-01    2.161631872043E-01    3.562941843035E-01    5.305744891242E-01    7.386732933849E-01    9.803212897841E-01    1.255308300198E+00    1.563474155300E+00    1.904698200640E+00    2.278889868919E+00    2.685981065768E+00    3.125920342723E+00    3.598668561117E+00    4.104195709080E+00    4.642478576805E+00    5.213499058351E+00    5.817242906825E+00
    4.393062869784E+01   -1.000048243830E+00    4.385564974230E-03    3.943244439763E-02    1.093384218486E-01    2.137815563376E-01    3.523823880036E-01    5.247694068524E-01    7.306173923901E-01    9.696608454721E-01    1.241692033101E+00    1.546552295086E+00    1.884121882989E+00    2.254310761333E+00    2.657051140691E+00    3.092291741997E+00    3.559993515932E+00    4.060126493254E+00    4.592667479968E+00    5.157598370935E+00    5.754904912048E+00
    4.416586590898E+01   -1.000047730832E+00    4.337038010611E-03    3.899672079699E-02    1.081332571685E-01    2.114326932309E-01    3.485241059384E-01    5.190433289176E-01    7.226706456350E-01    9.591443244281E-01    1.228259061606E+00    1.529857702521E+00    1.863821406275E+00    2.230060672373E+00    2.628508019599E+00    3.059112341120E+00    3.521834679237E+00    4.016645109093E+00    4.543520453826E+00    5.102442610095E+00    5.693397317319E+00
    4.440173125687E+01   -1.000047225380E+00    4.289185522721E-03    3.856703721325E-02    1.069447213180E-01    2.091160589346E-01    3.447184650197E-01    5.133949748197E-01    7.148312927571E-01    9.487694139810E-01    1.215006448035E+00    1.513386741963E+00    1.843792363745E+00    2.206134350897E+00    2.600345533607E+00    3.026374980065E+00    3.484183826443E+00    3.973742194012E+00    4.495026924362E+00    5.048019916943E+00    5.632706905439E+00
    4.463822474150E+01   -1.000046725763E+00    4.241996211293E-03    3.814329293002E-02    1.057725391535E-01    2.068311248089E-01    3.409646086887E-01    5.078230881235E-01    7.070976063161E-01    9.385338445783E-01    1.201931309375E+00    1.497135845339E+00    1.824030430471E+00    2.182526643203E+00    2.572557628245E+00    2.994072631558E+00    3.447032885409E+00    3.931408558924E+00    4.447176513467E+00    4.994318652264E+00    5.572820704005E+00
    4.487534636288E+01   -1.000046233737E+00    4.195458997567E-03    3.772538918179E-02    1.046164407990E-01    2.045773722145E-01    3.372616964357E-01    5.023264357792E-01    6.994678908920E-01    9.284353886351E-01    1.189030815854E+00    1.481101510419E+00    1.804531361305E+00    2.159232490640E+00    2.545138360698E+00    2.962198397909E+00    3.410373932840E+00    3.889635184192E+00    4.399959034407E+00    4.941327391476E+00    5.513725979837E+00
    4.511309612100E+01   -1.000045747742E+00    4.149563020718E-03    3.731322913139E-02    1.034761615851E-01    2.023542923937E-01    3.336089036001E-01    4.969038078151E-01    6.919404826386E-01    9.184718599177E-01    1.176302190118E+00    1.465280299757E+00    1.785290989552E+00    2.136246927979E+00    2.518081897840E+00    2.930745508696E+00    3.374199191585E+00    3.848413216489E+00    4.353364488235E+00    4.889034920562E+00    5.455410234397E+00
    4.535147401587E+01   -1.000045267346E+00    4.104297631379E-03    3.690671781334E-02    1.023514418992E-01    2.001613861943E-01    3.300054209397E-01    4.915540167262E-01    6.845137484668E-01    9.086411124968E-01    1.163742705936E+00    1.449668839120E+00    1.766305225093E+00    2.113565081208E+00    2.491382513684E+00    2.899707317823E+00    3.338501027290E+00    3.807733965036E+00    4.307383059572E+00    4.837430231369E+00    5.397861198579E+00
    4.559048004749E+01   -1.000044794008E+00    4.059652386738E-03    3.650576209092E-02    1.012420270716E-01    1.979981638562E-01    3.264504542927E-01    4.862758969856E-01    6.771860853800E-01    8.989410398801E-01    1.151349687098E+00    1.434263816128E+00    1.747570052743E+00    2.091182165584E+00    2.465034587092E+00    2.869077300879E+00    3.303271945363E+00    3.767588898145E+00    4.262005112708E+00    4.786502517237E+00    5.341066827846E+00
    4.583011421585E+01   -1.000044326919E+00    4.015617047262E-03    3.611027062741E-02    1.001476672984E-01    1.958641448650E-01    3.229432243387E-01    4.810683046893E-01    6.699559199744E-01    8.893695743406E-01    1.139120506543E+00    1.419061979155E+00    1.729081530900E+00    2.069093483989E+00    2.439032599821E+00    2.838849052838E+00    3.268504588314E+00    3.727969640163E+00    4.217221188125E+00    4.736241169074E+00    5.285015297831E+00
    4.607037652095E+01   -1.000043865823E+00    3.972181571261E-03    3.572015383867E-02    9.906811751563E-02    1.937588577182E-01    3.194829662321E-01    4.759301170312E-01    6.628217077333E-01    8.799246860055E-01    1.127052585222E+00    1.404060135935E+00    1.710835789865E+00    2.047294424956E+00    2.413371134222E+00    2.809016285410E+00    3.234191732725E+00    3.688867968043E+00    4.173021998641E+00    4.686635771057E+00    5.229694999552E+00
    4.631126696280E+01   -1.000043410209E+00    3.929336110748E-03    3.533532385665E-02    9.800313730237E-02    1.916818397430E-01    3.160689293115E-01    4.708602318810E-01    6.557819324477E-01    8.706043820950E-01    1.115143391126E+00    1.389255152362E+00    1.692829030392E+00    2.025780460935E+00    2.388044871197E+00    2.779572824663E+00    3.200326286514E+00    3.650275808229E+00    4.129398425890E+00    4.637676096670E+00    5.175094535009E+00
    4.655278554140E+01   -1.000042960917E+00    3.887071006672E-03    3.495569448777E-02    9.695249076992E-02    1.896326368899E-01    3.127003767730E-01    4.658575673144E-01    6.488351055810E-01    8.614067060976E-01    1.103390438251E+00    1.374643951215E+00    1.675057522149E+00    2.004547146465E+00    2.363048588067E+00    2.750512608561E+00    3.166901286125E+00    3.612185233462E+00    4.086341516723E+00    4.589352104685E+00    5.121202712701E+00
    4.679493225674E+01   -1.000042517752E+00    3.845376785507E-03    3.458118118277E-02    9.591594648112E-02    1.876108035797E-01    3.093765854249E-01    4.609210612528E-01    6.419797657684E-01    8.523297371048E-01    1.091791285743E+00    1.360223511090E+00    1.657517602407E+00    1.983590116607E+00    2.338377156713E+00    2.721829684788E+00    3.133909894005E+00    3.574588459898E+00    4.043842479941E+00    4.541653935480E+00    5.068008543516E+00
    4.703770710882E+01   -1.000042079838E+00    3.804244155006E-03    3.421170099977E-02    9.489327735201E-02    1.856159025201E-01    3.060968453959E-01    4.560496710402E-01    6.352144782420E-01    8.433715890617E-01    1.080343536948E+00    1.345990865228E+00    1.640205674634E+00    1.962905085260E+00    2.314025541602E+00    2.693518208468E+00    3.101345395994E+00    3.537477844136E+00    4.001892682940E+00    4.494571907282E+00    5.015501236544E+00
    4.728111009766E+01   -1.000041647561E+00    3.763663999700E-03    3.384717256449E-02    9.388426054602E-02    1.836475045075E-01    3.028604598226E-01    4.512423729961E-01    6.285378342262E-01    8.345304099825E-01    1.069044838428E+00    1.331943100311E+00    1.623118207036E+00    1.942487843447E+00    2.289988797786E+00    2.665572439847E+00    3.069201198671E+00    3.500845880212E+00    3.960483648329E+00    4.448096512384E+00    4.963670194873E+00
    4.752514122323E+01   -1.000041220924E+00    3.723627377495E-03    3.348751604055E-02    9.288867739445E-02    1.817051882773E-01    2.996667446092E-01    4.464981620634E-01    6.219484504515E-01    8.258043813081E-01    1.057892879141E+00    1.318077355434E+00    1.606251731310E+00    1.922334257814E+00    2.266262069126E+00    2.637986742229E+00    3.037470826976E+00    3.464685196882E+00    3.919607050851E+00    4.402218413682E+00    4.912505011719E+00
    4.776980048556E+01   -1.000040799614E+00    3.684125515882E-03    3.313265309608E-02    9.190631330728E-02    1.797885403363E-01    2.965150281615E-01    4.418160514221E-01    6.154449686282E-01    8.171917172183E-01    1.046885389567E+00    1.304390821032E+00    1.589602841342E+00    1.902440269076E+00    2.242840586478E+00    2.610755579862E+00    3.006147921783E+00    3.428988554861E+00    3.879254714265E+00    4.356928441186E+00    4.861995466538E+00
    4.801508788462E+01   -1.000040383588E+00    3.645149808075E-03    3.278250686981E-02    9.093695768282E-02    1.778971547937E-01    2.934046511175E-01    4.371950721012E-01    6.090260549182E-01    8.086906639428E-01    1.036020140839E+00    1.290880737806E+00    1.573168191907E+00    1.882801890483E+00    2.219719665882E+00    2.583873515854E+00    2.975226237507E+00    3.393748844098E+00    3.839418608278E+00    4.312217588569E+00    4.812131521190E+00
    4.826100342044E+01   -1.000039973243E+00    3.606691809387E-03    3.243700193928E-02    8.998040382259E-02    1.760306332007E-01    2.903349660932E-01    4.326342726102E-01    6.026903994322E-01    8.002994991032E-01    1.025294943910E+00    1.277544395693E+00    1.556944497430E+00    1.863415206334E+00    2.196894706825E+00    2.557335210143E+00    2.944699639780E+00    3.358959081139E+00    3.800090845559E+00    4.268077009836E+00    4.762903316213E+00
    4.850754709300E+01   -1.000039567810E+00    3.568743234164E-03    3.209606429372E-02    8.903644885881E-02    1.741885844137E-01    2.873053374628E-01    4.281327186171E-01    5.964367157860E-01    7.920165311276E-01    1.014707648802E+00    1.264379132931E+00    1.540928530839E+00    1.844276370607E+00    2.174361190625E+00    2.531135417626E+00    2.914562103283E+00    3.324612406647E+00    3.761263678936E+00    4.224498016158E+00    4.714301167307E+00
    4.875471890230E+01   -1.000039167574E+00    3.531295951735E-03    3.175962129865E-02    8.810489365977E-02    1.723706244175E-01    2.843151410793E-01    4.236894925480E-01    5.902637405601E-01    7.838400985510E-01    1.004256143732E+00    1.251382334991E+00    1.525117122285E+00    1.825381605450E+00    2.152114678664E+00    2.505268986112E+00    2.884807709422E+00    3.290702082764E+00    3.722929498430E+00    4.181472072569E+00    4.666315561645E+00
    4.900251884835E+01   -1.000038772631E+00    3.494341983450E-03    3.142760166965E-02    8.718554275963E-02    1.705763761927E-01    2.813637640617E-01    4.193036932759E-01    5.841702328708E-01    7.757685694501E-01    9.939383543887E-01    1.238551433674E+00    1.509507158040E+00    1.806727199857E+00    2.130150810832E+00    2.479730854518E+00    2.855430644231E+00    3.257221490732E+00    3.685080828557E+00    4.138990794923E+00    4.618937154488E+00
    4.925094693114E+01   -1.000038382418E+00    3.457873499521E-03    3.109993544459E-02    8.627820428396E-02    1.688054695748E-01    2.784506045710E-01    4.149744357953E-01    5.781549739256E-01    7.678003408593E-01    9.837522431898E-01    1.225883906196E+00    1.494095579388E+00    1.788309508345E+00    2.108465303974E+00    2.454516051052E+00    2.826425196302E+00    3.224164128514E+00    3.647710325643E+00    4.097045946895E+00    4.572156765832E+00
    4.950000315068E+01   -1.000037997267E+00    3.421882815441E-03    3.077655395217E-02    8.538268986562E-02    1.670575410973E-01    2.755750715606E-01    4.107008508624E-01    5.722167665358E-01    7.599338381388E-01    9.736958084894E-01    1.213377274210E+00    1.478879381452E+00    1.770124949566E+00    2.087053950256E+00    2.429619691341E+00    2.797785754629E+00    3.191523608371E+00    3.610810775095E+00    4.055629436911E+00    4.525965377005E+00
    4.974968750697E+01   -1.000037616203E+00    3.386362389463E-03    3.045738978961E-02    8.449881458477E-02    1.653322338771E-01    2.727365845923E-01    4.064820847250E-01    5.663544347418E-01    7.521675144770E-01    9.637670839370E-01    1.201029103005E+00    1.463855612208E+00    1.752170005123E+00    2.065912615777E+00    2.405036976794E+00    2.769506806724E+00    3.159293654686E+00    3.574375088929E+00    4.014733315381E+00    4.480354127562E+00
    5.000000000000E+01   -1.000037240229E+00    3.351304818719E-03    3.014237678858E-02    8.362639687779E-02    1.636291974449E-01    2.699345735679E-01    4.023172987388E-01    5.605668232979E-01    7.444998502269E-01    9.539641376506E-01    1.188837000504E+00    1.449021371285E+00    1.734441218158E+00    2.045037238918E+00    2.380763192717E+00    2.741582936466E+00    3.127468101545E+00    3.538396303065E+00    3.974349771674E+00    4.435314311935E+00
