   9.9999999999999995E-007
    0.000000000000E+00    0.000000000000E+00    0.000000000000E+00    0.000000000000E+00    0.000000000000E+00    0.000000000000E+00    0.000000000000E+00    0.000000000000E+00    0.000000000000E+00    0.000000000000E+00
    0.000000000000E+00    0.000000000000E+00    0.000000000000E+00    0.000000000000E+00    0.000000000000E+00    0.000000000000E+00    0.000000000000E+00    0.000000000000E+00    0.000000000000E+00    0.000000000000E+00
    0.000000000000E+00    0.000000000000E+00    0.000000000000E+00    0.000000000000E+00    0.000000000000E+00    0.000000000000E+00    0.000000000000E+00    0.000000000000E+00    0.000000000000E+00    0.000000000000E+00
    0.000000000000E+00    0.000000000000E+00    0.000000000000E+00    0.000000000000E+00    0.000000000000E+00    0.000000000000E+00    0.000000000000E+00    0.000000000000E+00    0.000000000000E+00    0.000000000000E+00
    0.000000000000E+00    0.000000000000E+00    0.000000000000E+00    0.000000000000E+00    0.000000000000E+00    0.000000000000E+00    0.000000000000E+00    0.000000000000E+00    0.000000000000E+00    0.000000000000E+00
    0.000000000000E+00    0.000000000000E+00    0.000000000000E+00    0.000000000000E+00    0.000000000000E+00    0.000000000000E+00    0.000000000000E+00    0.000000000000E+00    0.000000000000E+00    0.000000000000E+00
    0.000000000000E+00    0.000000000000E+00    0.000000000000E+00    0.000000000000E+00    0.000000000000E+00    0.000000000000E+00    0.000000000000E+00    0.000000000000E+00    0.000000000000E+00    0.000000000000E+00
    0.000000000000E+00    0.000000000000E+00    0.000000000000E+00    0.000000000000E+00    0.000000000000E+00    0.000000000000E+00    0.000000000000E+00    0.000000000000E+00    0.000000000000E+00    0.000000000000E+00
    0.000000000000E+00    0.000000000000E+00    0.000000000000E+00    0.000000000000E+00    0.000000000000E+00    0.000000000000E+00    0.000000000000E+00    0.000000000000E+00    0.000000000000E+00    0.000000000000E+00
    0.000000000000E+00    0.000000000000E+00    0.000000000000E+00    0.000000000000E+00    0.000000000000E+00    0.000000000000E+00    0.000000000000E+00    0.000000000000E+00    0.000000000000E+00    0.000000000000E+00
   3.1506837268610122E-004
    0.000000000000E+00    1.317600050177E-17   -1.872220692102E-18    8.652946850979E-19   -8.550418000342E-19   -1.679447922664E-19   -1.353223674466E-19   -2.343548339483E-19   -1.188024224586E-19    1.396433597929E-19
   -2.998743912581E-17    0.000000000000E+00    1.606872058289E-18    1.407378218069E-18   -6.416954119987E-20    1.851609043731E-19   -2.407512498761E-19   -2.842019139196E-19    1.662093724420E-19   -2.760133847071E-19
   -5.298423639351E-20   -9.273077700029E-18    0.000000000000E+00   -4.953561622980E-18    6.965218507179E-19   -1.393815350638E-18   -9.109923238832E-19   -7.403089572697E-20    3.695795433976E-20   -2.120432540824E-19
   -1.048875882149E-18    6.992365817086E-19    5.441078823907E-18    0.000000000000E+00    3.711298318551E-18   -1.729996785707E-18   -1.266477823276E-18   -1.167013523792E-18    2.743596859916E-19   -5.207949551162E-19
    7.296717318450E-19   -1.162511438069E-20   -1.206980344401E-18   -1.644116001769E-18    0.000000000000E+00   -2.357010634954E-18    1.000974889259E-18    3.868801724584E-19   -1.109804161662E-19   -4.986755955790E-20
    1.627848375823E-19   -2.340531237281E-20    1.011296520660E-18    1.672340289596E-18    1.233712584927E-18    0.000000000000E+00   -3.976078676135E-18   -1.194381979170E-18    4.360606480111E-19    3.126787090899E-19
   -2.628525251998E-20    4.307546595922E-20    9.668882687490E-19    1.341401076039E-18   -1.124785325397E-18    2.554472501124E-18    0.000000000000E+00    3.362900905374E-18   -5.608815693122E-19   -5.231621575737E-19
    1.842900107602E-19    4.306810361293E-19    4.432405552574E-20    1.075302853129E-18   -5.631579129165E-19    8.903194817782E-19   -4.202781412567E-18    0.000000000000E+00   -3.973044038931E-18    4.265060101915E-18
    1.329175764833E-19   -3.170503220122E-20   -1.201954655005E-19   -3.109340431629E-19    1.711551242068E-19   -3.382274113629E-19    6.605573493737E-19    4.299378378487E-18    0.000000000000E+00    3.083058465255E-18
   -7.859428407752E-20    3.191619538725E-19    1.452314474760E-19    5.302112136442E-19    5.308449165757E-20   -1.933461579015E-19    4.590230507469E-19   -4.436435909420E-18   -2.624127513412E-18    0.000000000000E+00
   1.2572734907444049E-003
    0.000000000000E+00    7.121274495175E-18   -2.643585828947E-18   -3.506815127300E-18    3.231934947702E-19    1.422714425959E-18    6.961746530206E-19   -2.513436284577E-19    1.903532361916E-19    6.520746372718E-19
   -1.416145164812E-17    0.000000000000E+00   -4.883188541280E-18    5.510969591639E-19   -1.385475908916E-19   -4.394446088025E-19   -2.755835510767E-19   -3.148254512133E-20    2.131814965469E-19   -1.120797694471E-19
   -3.471021449739E-18    4.171542457129E-18    0.000000000000E+00    3.126108957146E-18    6.181669772395E-19    1.114816578977E-18   -5.596131202227E-19    5.008943285529E-21    4.386501703642E-19    1.978396017409E-19
    4.476303697234E-18   -6.780621827514E-19    2.234165337913E-18    0.000000000000E+00    5.247254222016E-19    3.099694172930E-19    1.191711825400E-18    2.487290005262E-19   -4.430034090866E-19    3.860874145683E-19
    1.565979063406E-20    2.623522648675E-19   -2.372434836148E-19   -7.915397055555E-19    0.000000000000E+00   -1.802731406695E-18   -1.402211892271E-18    1.246144366986E-18   -5.281482920856E-19   -3.117981616320E-19
   -1.379647460953E-18    1.624347037859E-19   -6.619573529898E-19   -4.305775461041E-19    2.372848102489E-18    0.000000000000E+00    3.319011901145E-18    2.929079522568E-18   -1.157842546682E-18   -1.536905351600E-18
   -9.971612335198E-19    6.384922091971E-19    1.094439557483E-19   -1.095524724831E-18    2.200469018158E-18   -4.694848288369E-19    0.000000000000E+00   -7.608235031794E-19    1.143328545017E-18    1.092678773477E-18
    2.710817639224E-19   -1.875087202463E-19    1.237102495382E-19   -8.438331104679E-20   -1.025512382926E-18   -2.345687862238E-18    2.229305257616E-18    0.000000000000E+00    8.080005570998E-18    5.604322874335E-19
   -2.562790062767E-20   -6.163457168863E-19   -4.107408494176E-19    4.497821306894E-19    4.925236836021E-19    1.209167610203E-18   -1.033362392337E-18   -5.991438762016E-18    0.000000000000E+00   -1.711263260575E-18
   -5.916248736278E-19    1.867569378198E-19   -1.408957538040E-19   -3.933133638319E-19    2.603932468001E-19    1.377708873922E-18   -1.031579720980E-18   -3.595965057113E-19    1.977315380372E-18    0.000000000000E+00
   2.8276153541749107E-003
    0.000000000000E+00    1.456525253189E-17   -3.049375462531E-18    1.997209880687E-18   -7.361193544426E-19   -1.677309586056E-18   -3.854705311743E-19    7.584362150335E-19   -6.258757406307E-19    5.836002588580E-20
   -6.029294969370E-17    0.000000000000E+00    4.843560088355E-17    1.115732813468E-18   -3.324401720721E-19    7.107019698295E-19    9.932981232773E-20   -5.417310371060E-19    1.002881388538E-18    4.736563236236E-20
   -1.103815770586E-19   -3.298324543186E-17    0.000000000000E+00   -8.586776514309E-18   -8.796526677129E-19   -2.527703390210E-18    3.571404648854E-20    3.859207041607E-19   -7.645279362399E-19    7.355565459763E-19
   -1.762437200053E-18    1.143948068207E-18    6.073908889320E-18    0.000000000000E+00    3.124674022542E-17    8.239245972237E-18    1.111362711708E-18    6.707493847036E-19    1.354571275039E-18   -2.276461504604E-19
    1.184113355691E-18    4.600610675061E-19    1.605050985782E-18   -3.791346586080E-17    0.000000000000E+00   -1.796003803315E-18   -2.143769502077E-18   -6.318655687704E-19   -9.419064530582E-19    1.295637743858E-19
    1.484044492929E-18   -8.525793085345E-19    1.721859181466E-18   -7.542058092171E-18    3.102132503358E-18    0.000000000000E+00    1.268142619432E-17   -2.219687680240E-18    1.953821150229E-18    7.446454135202E-19
    4.480298513355E-19   -4.721798369043E-19    3.421987690100E-19   -8.425732827948E-19    7.876711260004E-19   -1.199389480684E-17    0.000000000000E+00   -7.438834713997E-19   -2.004041843616E-18   -9.600832041223E-19
   -7.398084667555E-19    6.312968430236E-19   -6.175001148089E-19   -5.255099930778E-19    5.589594816288E-19    2.239036189405E-18   -2.311792577246E-18    0.000000000000E+00   -4.745156755043E-18   -4.100637528124E-18
    7.308900571799E-19   -6.225260788661E-19    6.042245331658E-19   -1.314898292234E-18    7.007126667931E-19   -1.983528998666E-18    1.231113854927E-18    3.827277415770E-18    0.000000000000E+00    5.524724039587E-18
   -1.042850612522E-19   -1.659472060490E-19   -6.366759651097E-19    4.305006917388E-19   -3.775338029851E-20   -8.734286024457E-19    1.381612452187E-18    3.851517668709E-18   -4.574012225545E-18    0.000000000000E+00
   5.0260939629776192E-003
    0.000000000000E+00    7.071256811532E-16   -2.209400788123E-18   -2.733127298923E-18    3.848992741265E-18   -4.887631209125E-20    1.253926517926E-18   -1.038789188686E-18    4.976999168916E-19    3.813547034726E-19
   -6.698173541539E-16    0.000000000000E+00    1.321289901418E-16   -4.382793452883E-18   -1.119346472084E-18    3.183997475037E-18    1.070340419232E-18    1.397655201268E-21   -3.549963706013E-19   -7.954042330305E-19
    1.550313193969E-17   -1.475328100295E-16    0.000000000000E+00   -9.280786271234E-17    1.554801042034E-17    2.059746625450E-18    2.887454354158E-19   -3.350204490222E-19    6.583362157028E-19   -8.971249269169E-19
    3.052756437955E-18   -2.629672617312E-18    8.989471504047E-17    0.000000000000E+00    6.954110939656E-17   -6.151448458844E-18   -4.289782495265E-18    1.069640497647E-18   -2.250522563813E-19    5.132410126041E-19
   -3.119618625527E-18    1.121432050594E-18   -1.562628782749E-17   -6.597868602771E-17    0.000000000000E+00   -4.877919716355E-17   -4.909918104964E-19   -1.543433798456E-20    1.805845566467E-18   -5.229875148788E-19
   -7.874638199294E-19   -3.061404016531E-18   -4.362947281308E-19    4.170781355937E-18    5.205814703293E-17    0.000000000000E+00   -5.654123252047E-17    1.974386401307E-18    5.518644572395E-19    2.035272266854E-18
   -7.578966786096E-19   -1.062145388241E-18   -3.816747956455E-19    4.064785712735E-18    2.446333340190E-19    5.160891777384E-17    0.000000000000E+00   -3.520392589374E-17    1.621993729080E-18    1.795361030881E-19
    9.514871775115E-19    3.573534762302E-19    3.251440718630E-19   -7.536400291845E-19    1.015727887321E-18   -3.180878744720E-18    3.656433645824E-17    0.000000000000E+00    1.752486484453E-17   -9.174168496645E-19
   -8.599587635408E-19    1.884028486747E-19   -5.395956465071E-19    1.342722528354E-19   -1.626939228083E-18   -9.709895756447E-19   -1.776382702965E-18   -2.076230279013E-17    0.000000000000E+00    2.154759746083E-17
   -2.355008236624E-19    9.786653053072E-19    7.917975253654E-19   -7.411741242260E-19    6.355107877956E-19   -1.933030954194E-18   -7.689737350390E-19    1.502778318368E-18   -2.333425087230E-17    0.000000000000E+00
   7.8527093171525293E-003
    0.000000000000E+00    1.230018730384E-14    7.361488360702E-18   -8.903302154692E-18   -2.784150769656E-19   -1.285531145673E-19    1.637590188842E-19    9.509642957050E-19   -3.408350910992E-19   -4.130093985056E-19
   -1.232772526965E-14    0.000000000000E+00    2.913427842248E-15    4.779093175031E-19    1.643949110732E-18   -2.681106872752E-18    5.383745066426E-19   -3.534317233680E-19    8.659735161636E-19    1.892378512329E-20
   -1.268862999343E-17   -2.919247740694E-15    0.000000000000E+00   -1.711063163634E-15   -7.251657481525E-18    1.499160860368E-18   -5.556695733279E-19   -6.754186109984E-19   -1.221558402828E-18    1.824657601798E-19
    8.290497420394E-18    4.456467708575E-18    1.714367747231E-15    0.000000000000E+00    1.211929940107E-15   -1.119958800031E-17    8.736941512410E-18   -2.146381202662E-19   -4.155416209194E-19    3.005356695216E-19
    1.102250002509E-18   -5.952998797884E-19    7.766903912482E-18   -1.211933006592E-15    0.000000000000E+00   -9.646084576189E-16    8.962390054185E-18    2.412832265374E-19   -2.650490521000E-18    1.500292763133E-18
    3.284279615602E-19    2.519818081937E-18   -1.186002970389E-18    1.172293832847E-17    9.630526031035E-16    0.000000000000E+00   -7.881049872488E-16   -1.246673624001E-20   -1.307143312793E-19    9.259545096726E-20
   -2.255954662401E-19   -5.426094892288E-19    4.652721817887E-19   -8.293601814783E-18   -7.465991958262E-18    7.908797915201E-16    0.000000000000E+00   -6.735814939858E-16   -2.277115022215E-18   -7.691178450888E-20
   -9.953718676467E-19   -3.823888405209E-19    7.309493013219E-19    2.912695489384E-20   -1.782261647390E-18    1.114172327465E-18    6.720177088561E-16    0.000000000000E+00    5.951679777577E-16    2.369885962893E-18
    5.464402811028E-19   -7.890162380073E-19    1.079143332401E-18    7.582121515829E-19    2.354206185424E-18    2.074881395606E-19    2.800970954792E-18   -5.920481662356E-16    0.000000000000E+00    5.267259943385E-16
    4.203288498220E-19   -1.484654238476E-19   -1.108362102156E-19   -3.161619789810E-19   -2.059633238833E-18   -1.877764080215E-19    3.017392828584E-19   -2.657401412011E-18   -5.260043001775E-16    0.000000000000E+00
   1.1307461416699643E-002
    0.000000000000E+00    1.248527295168E-13   -5.189514740401E-19    6.322400611526E-18   -3.672498458741E-18    1.152593616279E-18    6.339292202831E-21   -1.115162759077E-19    1.036342655168E-18    2.604029528487E-19
   -1.247962004992E-13    0.000000000000E+00    2.947379889347E-14    1.804743444627E-17   -6.813401927034E-19   -2.677970522873E-18   -2.787420971457E-19   -9.028866500771E-19    9.190972399495E-19    3.836986963884E-19
   -1.214370448494E-18   -2.946148198819E-14    0.000000000000E+00   -1.765957562529E-14    7.887665189306E-19   -4.028383458173E-18    3.420765901949E-19    1.016620363054E-18    1.375092361460E-19   -3.069438529770E-19
   -9.737878826949E-18   -1.716706280041E-17    1.764714276493E-14    0.000000000000E+00    1.263622426181E-14    4.535063843824E-18    2.888582009129E-19   -1.162931812422E-18    4.002549844476E-18    5.352829624110E-19
    2.750312634972E-18    5.139519813069E-19   -4.036488950819E-18   -1.263463684075E-14    0.000000000000E+00   -9.824262013826E-15   -4.661760258147E-18   -1.114660385531E-18    5.729617707867E-18   -2.219822951832E-18
   -5.761657137833E-19    2.068025416961E-18    4.820388307478E-18   -3.298768035516E-18    9.826847534497E-15    0.000000000000E+00   -8.026182659322E-15    1.971058639964E-18   -7.262357885200E-18   -3.068396171696E-18
   -1.052914296588E-18    5.736089141772E-19   -9.232108057191E-20   -4.747792345604E-19    4.532279120832E-18    8.033242713284E-15    0.000000000000E+00   -6.782130820624E-15    7.946142539566E-18    1.365101912711E-18
    4.393864530687E-19    1.191257558535E-18   -1.144793556985E-18    1.511958730421E-18    1.926629746433E-18   -1.380017112809E-18    6.788092406757E-15    0.000000000000E+00    5.900276441251E-15    1.389857205154E-19
   -1.346869785369E-18   -9.512097879277E-19    3.648498892229E-19   -4.294658821017E-18   -5.403736727606E-18    7.494295422059E-18   -6.598401144833E-18   -5.898862771713E-15    0.000000000000E+00    5.190389739252E-15
   -1.714708848084E-19   -5.513945165687E-19   -1.340839490028E-20   -2.408844019217E-19    2.667474402804E-18    3.217811974687E-18   -1.165900714439E-18    1.231858834745E-18   -5.187261852204E-15    0.000000000000E+00
   1.5390350261618960E-002
    0.000000000000E+00    8.762880822094E-13   -1.339190733950E-17   -2.726172835504E-18    6.111483006551E-19   -2.191165938338E-18   -2.485094543155E-19    9.439519221365E-19   -2.098977386482E-18   -4.424648137235E-19
   -8.762916855881E-13    0.000000000000E+00    2.065107723690E-13   -1.658040940875E-17   -2.422597806477E-18    1.609721613549E-18   -2.346756190508E-18    3.966212185992E-20   -2.579213864308E-18   -6.497440714622E-21
    1.206386152097E-17   -2.065283246582E-13    0.000000000000E+00   -1.239333431540E-13   -3.772922736220E-18    4.440170081495E-18    2.248774221622E-18    1.228360147913E-18    1.315336507797E-19    1.328266737700E-18
    7.432996875313E-18    1.383013174329E-17    1.239445145472E-13    0.000000000000E+00    8.851118791481E-14   -2.850981218862E-18   -4.805950407272E-18    1.684011405252E-18   -4.180471714411E-18   -1.007426575682E-19
    2.399584819524E-18    3.671919117603E-19    5.704293142338E-18   -8.851162099298E-14    0.000000000000E+00   -6.882727644974E-14    2.545684213007E-17   -2.137290835073E-18   -2.618892494919E-18   -1.405478743492E-20
    2.197641177939E-18   -2.479992371522E-18   -6.885388732864E-18    4.115952118472E-19    6.882208187733E-14    0.000000000000E+00   -5.634739018027E-14   -4.812029839428E-18    3.549302145846E-18    4.835706732522E-18
    1.503402987394E-18    2.530321800911E-18   -1.527937040192E-18    4.987848067454E-18   -2.449854257533E-17    5.634675413434E-14    0.000000000000E+00   -4.767608167766E-14   -6.174055791358E-18   -3.669389885898E-18
   -1.091644892051E-18   -6.750304337933E-20   -6.439288512020E-19   -2.338396833544E-18    2.782594059097E-18    3.118582777586E-18    4.767132060543E-14    0.000000000000E+00    4.129664735279E-14   -1.415796186566E-18
    2.400464100926E-18    2.006508700936E-18   -5.931483371574E-19    4.453991944755E-18    2.417199435994E-18   -3.580927387080E-18    4.329422784552E-18   -4.130160249739E-14    0.000000000000E+00    3.643706724606E-14
    7.850058424157E-19   -5.577533246637E-20   -8.890753162025E-19   -6.859119710237E-20   -2.166640140053E-19   -4.454818527782E-18    3.453953609634E-18    8.708049029161E-19   -3.643724675208E-14    0.000000000000E+00
   2.0101375851910477E-002
    0.000000000000E+00    4.707958024382E-12    5.228241821747E-17   -2.482907137500E-18    3.324138669088E-18    9.647059118576E-19   -9.096073542732E-19    4.251280299461E-19    6.386700301141E-19    3.256178469937E-19
   -4.707902063152E-12    0.000000000000E+00    1.109657589103E-12   -1.241948142087E-18   -4.304909555187E-18   -1.922303428292E-18    1.182466583730E-18    5.405171436628E-19    9.096263044403E-19   -2.232129636432E-19
   -5.437924129179E-17   -1.109633837941E-12    0.000000000000E+00   -6.658316030758E-13    1.707947312226E-17    1.504816877587E-17   -3.576378645579E-18   -1.795535543987E-18    1.902521468995E-18    2.347128173443E-19
   -3.934532519629E-18    5.271749445166E-18    6.658297678913E-13    0.000000000000E+00    4.756117427213E-13    4.743342814976E-17   -6.000383799458E-18    2.067775719315E-18    2.811675775975E-19   -2.629885979624E-19
   -5.054223724813E-18    7.036808903563E-18   -1.593875408283E-17   -4.756199228196E-13    0.000000000000E+00   -3.699010022008E-13   -2.459764496069E-17   -6.112299508607E-19   -1.251833159424E-18    1.766170949269E-18
   -3.231326308860E-18    3.492649608536E-18   -1.334692265377E-17   -4.504849978922E-17    3.699091837207E-13    0.000000000000E+00   -3.026233759120E-13   -5.064720010338E-19    5.506978964546E-19   -3.585966640016E-18
    3.650541739650E-20   -1.657355448677E-18    1.238465658075E-18    5.845185956653E-18    2.164690979963E-17    3.026120348771E-13    0.000000000000E+00   -2.560774621577E-13    1.949676807854E-18    1.792828644418E-18
   -8.647237748442E-19   -7.960109712700E-19    1.238895244024E-18   -1.369024495150E-18    8.271582060596E-19    1.517909924875E-18    2.560805652078E-13    0.000000000000E+00    2.219312465110E-13    8.194147972172E-19
   -1.155413901586E-18   -5.940817135984E-19   -1.914171022447E-18   -5.482532823200E-19    1.217111142047E-18   -3.315634848950E-19   -1.522240004182E-18   -2.219297498506E-13    0.000000000000E+00    1.958236152545E-13
   -8.081190545861E-19    6.039892290898E-19   -2.660158018539E-19    4.670948972254E-19   -1.967923775287E-18    4.070360896581E-18   -1.232798851890E-18   -3.535604076076E-18   -1.958247481610E-13    0.000000000000E+00
   2.5440538187574194E-002
    0.000000000000E+00    2.062552421688E-11   -3.296489122687E-17    1.201271904260E-17   -4.570379871902E-18   -4.626802766509E-18   -1.898658886095E-18    1.374174160969E-18    4.211680269562E-19   -8.314476005508E-19
   -2.062554164128E-11    0.000000000000E+00    4.861434919707E-12    1.871486259698E-17   -2.107465444727E-18   -4.869354587347E-19   -1.240124419763E-19    9.310974749124E-19   -8.707523099530E-19   -1.363136989517E-18
    4.013040287091E-17   -4.861472196092E-12    0.000000000000E+00   -2.916857536510E-12   -4.028290958970E-17   -2.098597020853E-17    4.880304872486E-19    4.353849995357E-18   -2.027553158774E-18   -1.279341888825E-18
   -1.001196870164E-17   -1.592395332663E-17    2.916831987866E-12    0.000000000000E+00    2.083528324662E-12   -3.751398979515E-17    7.423251756027E-18    2.083875294477E-18   -2.594814045213E-18    2.404564876877E-18
   -1.400272389329E-18    1.614368517594E-18    3.848227016514E-17   -2.083524715952E-12    0.000000000000E+00   -1.620545766446E-12    6.511726027452E-18    1.926043008805E-17   -2.479005421609E-18    2.085733856717E-18
    6.621681413012E-18   -6.511170261336E-19    1.857207521094E-17    3.908714564287E-17    1.620534950455E-12    0.000000000000E+00   -1.325865513087E-12   -1.334115008487E-17    4.994922947094E-18   -4.740498648266E-18
    1.758238000302E-18   -2.467686529960E-19    1.674917527734E-19   -6.290817334517E-18   -4.293356403928E-18    1.325873113692E-12    0.000000000000E+00   -1.121869553595E-12   -5.498055047421E-18    4.244523159928E-18
   -9.887666714681E-19   -3.052489470318E-19   -4.770406780110E-18   -2.975064261729E-18   -2.004071671115E-17    1.320671205894E-17    1.121870574730E-12    0.000000000000E+00    9.723028781081E-13    2.318907969535E-18
   -2.969040326922E-19    6.600517965964E-19    1.732958390271E-18    2.771421743657E-18    2.764462527711E-18   -5.677826390484E-18    5.496087381229E-18   -9.722992152666E-13    0.000000000000E+00    8.579175165404E-13
    3.689748634310E-19    1.493819172411E-18    1.010805694944E-18   -2.425610713055E-18   -2.654059775876E-18    3.565910740930E-18   -4.026883233121E-18   -4.009538014573E-19   -8.579164700251E-13    0.000000000000E+00
   3.1407837268610121E-002
    0.000000000000E+00    7.697409824982E-11   -8.641418958572E-18   -1.304912050090E-17    1.125245618791E-18    7.136411182615E-18    1.229018800423E-18    2.550740593288E-19    1.574087517899E-18    3.343997011990E-20
   -7.697411974864E-11    0.000000000000E+00    1.814297899841E-11   -1.517587180726E-17    8.022152686495E-18    1.275273890765E-18    2.400534962312E-18   -1.263962426538E-18   -1.894093066357E-18    1.262326899174E-18
    2.421879096269E-17   -1.814293784056E-11    0.000000000000E+00   -1.088584323818E-11    7.997785478859E-18    4.672216145281E-18    4.246236423638E-18   -2.703985886443E-18    1.115752078641E-18    1.977192301260E-18
    1.211944349170E-17    1.863242432903E-17    1.088586640611E-11    0.000000000000E+00    7.775482049911E-12   -1.129531110380E-17   -9.561270391702E-18   -4.875803058076E-18    5.990386957809E-19   -4.570890231941E-19
    6.638095687796E-18   -9.794675163650E-18   -7.022274661861E-18   -7.775472869256E-12    0.000000000000E+00   -6.047597474815E-12   -2.086670358695E-18   -1.497990378495E-17    4.108469501260E-18   -2.825410342899E-18
   -6.509944596057E-18    6.778865691604E-19   -4.006568560377E-18    1.121571048152E-17    6.047604245725E-12    0.000000000000E+00   -4.948073486333E-12    1.407290762180E-17   -4.944774589151E-18    4.776521549912E-18
   -1.461701874668E-19   -1.839084107089E-18   -2.992886086128E-18    7.959824797758E-18    4.544467703017E-18    4.948067462098E-12    0.000000000000E+00   -4.186845204687E-12    5.282405241184E-18   -4.454840020583E-18
    5.554431348195E-19    1.624818043277E-18    3.209308446445E-18    5.205833821148E-18    1.534070126712E-17   -1.258045153809E-17    4.186844935221E-12    0.000000000000E+00    3.628594658482E-12   -3.352100404686E-18
   -1.212643649856E-18    2.113676472851E-18    3.993982772643E-19   -5.115014037752E-19   -4.369553876549E-18    4.992121647377E-18   -4.917087392859E-18   -3.628597405854E-12    0.000000000000E+00    3.201687369722E-12
    1.357427087567E-19   -1.726573473843E-18   -1.899345659744E-18    4.291104989027E-19    4.104231650603E-18   -4.802760390930E-18    4.364138797339E-18    5.298513267384E-18   -3.201689997406E-12    0.000000000000E+00
   3.8003273095018247E-002
    0.000000000000E+00    2.524104505409E-10   -9.280868749165E-18    1.755186659575E-17    9.830902645633E-18   -4.295571256152E-18   -7.065820248743E-19   -2.943247703693E-18   -1.357378848768E-18    1.116555317928E-18
   -2.524104300934E-10    0.000000000000E+00    5.949378113592E-11   -9.368843558599E-18   -1.092853529481E-17    5.957252527535E-18   -2.242623632881E-18    1.817787858168E-18    1.622475917840E-18    1.608701294534E-18
   -1.630552760546E-17   -5.949380572183E-11    0.000000000000E+00   -3.569619963386E-11    4.322159233545E-17   -2.436357360974E-18   -1.000457506295E-17   -3.597028594749E-18   -1.045806086974E-18   -1.936812798302E-18
   -1.254891792872E-17    2.021082955611E-18    3.569619602952E-11    0.000000000000E+00    2.549729445380E-11    1.082419123277E-17    1.940077761097E-17    3.452539910872E-18   -5.632951049658E-20   -4.419969017963E-18
   -1.235148923345E-17    9.196044910197E-18   -4.271298774613E-17   -2.549729677001E-11    0.000000000000E+00   -1.983124733231E-11   -2.117119124316E-17   -7.643051999397E-18   -3.506259619719E-18   -6.013605674252E-19
    4.019971861828E-18   -5.850443366937E-18    3.326865606413E-18   -1.257477225214E-17    1.983125533159E-11    0.000000000000E+00   -1.622558911878E-11    3.144833444344E-18    3.429349766522E-18   -4.013081373083E-19
   -3.140078590869E-19    2.079413955501E-18    1.003479077437E-17   -1.797271309875E-17    1.473568760622E-17    1.622559340139E-11    0.000000000000E+00   -1.372935728195E-11   -2.794501624375E-18   -2.475033522912E-18
    2.004429875250E-18   -3.405149265292E-18    3.653600569421E-18   -2.825963729052E-18    7.525725799011E-18   -6.517963190103E-18    1.372934817054E-11    0.000000000000E+00    1.189875480565E-11    4.179288206144E-18
    1.277530190552E-18   -1.500678273223E-18    4.096865256288E-19    2.328834178277E-19    3.657505547823E-18   -3.076238631111E-18    3.409393874601E-18   -1.189876087830E-11    0.000000000000E+00    1.049890927118E-11
   -1.194452799634E-18   -1.758453028780E-18    2.444712306629E-18    4.079456870399E-18    1.242228710216E-19    5.757301317657E-19    2.375054925287E-18   -6.908050459988E-18   -1.049890612350E-11    0.000000000000E+00
   4.5226845666798576E-002
    0.000000000000E+00    7.440737985369E-10    1.325277235570E-17   -1.587788691380E-17   -3.062922809305E-18   -6.567383801951E-18    2.109643181165E-18   -1.363535502481E-18   -4.771050953615E-19    4.703095388385E-19
   -7.440738377407E-10    0.000000000000E+00    1.753798262021E-10    2.457912450295E-18   -2.400954408961E-18   -9.956871815624E-19   -3.033137635076E-19   -4.096303521899E-19    3.361183652665E-19   -2.261491578956E-18
    1.542447711442E-17   -1.753798060124E-10    0.000000000000E+00   -1.052278106589E-10   -7.194976472221E-18   -3.259832031958E-17    9.940165855165E-18    7.153020949650E-18   -2.180940860972E-19    1.235036449328E-18
    1.381059733850E-17   -7.308125412216E-18    1.052278047711E-10    0.000000000000E+00    7.516279654833E-11    1.853685459808E-17   -7.038009154012E-18   -7.439888757500E-18    3.898054918952E-18    2.191179859937E-18
    2.636447028887E-18    2.869271451748E-18   -1.289611335852E-19   -7.516279657253E-11    0.000000000000E+00   -5.845994240205E-11    1.221198321226E-17    5.140497260779E-18    1.469326245110E-18    1.017569454812E-18
    5.096570401580E-18    2.087236676373E-18    3.050456220252E-17   -1.793551901391E-17    5.845993657451E-11    0.000000000000E+00   -4.783083784074E-11   -2.002378579850E-17    3.457257162231E-18    7.512300915148E-19
   -2.108433545181E-18   -1.090549789080E-19   -1.201945932184E-17    7.883192729863E-18   -1.256959613898E-17    4.783083280600E-11    0.000000000000E+00   -4.047223008460E-11    1.189187263273E-17    3.365944470001E-18
    1.618794110564E-18    4.524655425703E-19   -6.429947058514E-18    7.728833164239E-18   -5.863282597231E-18    2.028578734314E-17    4.047223907648E-11    0.000000000000E+00    3.507594149864E-11   -2.297238065018E-18
    8.079097294803E-19    1.301576911029E-19   -2.217746005913E-19   -4.419308988133E-18   -1.128028499474E-18   -4.028267701675E-18   -1.371407623056E-17   -3.507592646952E-11    0.000000000000E+00    3.094936714182E-11
    3.835377516962E-19    1.943031432140E-18   -1.009475375425E-18   -2.239268111287E-18   -7.837778349257E-19   -9.722486335723E-19   -2.590415032732E-18    3.286282868005E-18   -3.094936779566E-11    0.000000000000E+00
   5.3078554983951101E-002
    0.000000000000E+00    2.006200870762E-09   -1.687016761661E-17   -7.663730583667E-18   -4.061185238349E-18    1.018178769679E-17   -5.820614277480E-19    7.102936597966E-19   -9.789835241267E-19   -3.608189268583E-19
   -2.006200801876E-09    0.000000000000E+00    4.728661196234E-10   -2.610575699022E-17    2.119583085997E-17    1.279912889551E-19    2.445178774104E-20    1.749821688737E-18   -1.650279714384E-18    4.184797083790E-19
    1.721168375386E-18   -4.728661468845E-10    0.000000000000E+00   -2.837198275593E-10   -2.284499444312E-17    3.493674049177E-17   -6.949624240115E-18   -3.708711738510E-18    2.430283080555E-19    8.628176180323E-19
    1.403080526651E-18    2.194314122676E-17    2.837198381162E-10    0.000000000000E+00    2.026569420553E-10   -2.039517566221E-17    3.848075437276E-18    1.920173510459E-18   -6.426685046903E-18   -3.270290767772E-18
    8.124781561120E-18   -1.529098855882E-17    3.386559341570E-17   -2.026569482204E-10    0.000000000000E+00   -1.576220719357E-10    5.828961173772E-18   -5.091256323795E-18   -1.039300626123E-17   -3.833852734736E-18
   -7.565057812799E-18    1.185750888198E-19   -3.158403687079E-17    1.693031141788E-17    1.576220743092E-10    0.000000000000E+00   -1.289634882938E-10    1.714781896324E-17    2.259927839450E-18    9.351306290264E-19
   -3.813207124682E-19    1.188844022526E-18    6.932530373329E-18   -2.951314613049E-18   -4.748350541988E-19    1.289634988819E-10    0.000000000000E+00   -1.091229572149E-10   -2.144181793303E-17   -1.061520762459E-18
   -4.950812245366E-19   -1.432747845816E-18    3.966763964073E-18   -4.781730383655E-18    7.017189916390E-18   -1.448626107774E-17    1.091229558031E-10    0.000000000000E+00    9.457325631763E-11    6.589225216328E-18
    4.234221244310E-19    1.370164217376E-18   -3.540959092424E-19    7.923304341827E-18    9.605942080617E-18   -2.503188943420E-18    2.180851105416E-17   -9.457327030315E-11    0.000000000000E+00    8.344697828301E-11
    1.057965446040E-19    4.597668102331E-19   -1.812893367013E-18    2.926710038403E-18    3.287533543917E-18    7.713109963757E-20   -3.309788697036E-19   -4.570655827634E-18   -8.344698381371E-11    0.000000000000E+00
   6.1558401046475843E-002
    0.000000000000E+00    5.014089654437E-09    3.511577543067E-17    1.039723663830E-17   -8.221560277164E-18   -3.336428361140E-18    4.247793939324E-20    3.684498932521E-18    1.227309988037E-18    5.252280720920E-19
   -5.014089636615E-09    0.000000000000E+00    1.181832355382E-09    4.268346337134E-17   -1.232919412300E-17    2.680076445884E-18   -2.105861993785E-18   -1.492900666310E-18    2.121136038160E-18   -1.503521721496E-18
   -2.725614943551E-17   -1.181832287785E-09    0.000000000000E+00   -7.090991974406E-10    4.051109115824E-17    5.812484996075E-18   -3.240708249036E-18   -9.097116046474E-18    2.662776320808E-18   -1.804787390025E-18
   -5.923690722759E-18   -3.031497563528E-17    7.090991844746E-10    0.000000000000E+00    5.064994148264E-10    1.802564956063E-17    1.266564300135E-17    2.416860165890E-18    2.892421618141E-18    5.488883211413E-18
    1.360599927168E-18    5.074627039284E-18   -4.812500298468E-17   -5.064994022068E-10    0.000000000000E+00   -3.939441175317E-10    4.413602718864E-18    7.186367688551E-18    9.167847683090E-18    3.377283930692E-18
    6.887236563959E-19   -6.160408905559E-18   -6.887247934416E-18   -1.862153106340E-17    3.939441090216E-10    0.000000000000E+00   -3.223179378256E-10   -4.036212528995E-18   -3.673096438400E-18    2.908501510469E-19
    2.809829749484E-18    2.357920929573E-18    3.376901448825E-18   -1.414807474217E-17   -3.609640568314E-18    3.223179277571E-10    0.000000000000E+00   -2.727305564441E-10    2.315655320690E-17   -1.160450689036E-18
   -4.591137564055E-18    2.363294104664E-18    8.054266797400E-18   -5.523330406363E-19   -7.262827391149E-18    6.810899648538E-19    2.727305496169E-10    0.000000000000E+00    2.363664086783E-10   -1.035649790747E-17
   -7.963390202140E-19   -2.580254736115E-18   -1.611569561881E-18   -4.725222423127E-18   -9.842007107201E-18    4.343440760152E-18   -2.062110956033E-17   -2.363664033576E-10    0.000000000000E+00    2.085586262179E-10
   -1.107224477423E-18    1.024811934088E-18    2.004422857518E-18   -4.798496166061E-18   -3.328951253158E-18   -1.800693869506E-19    1.181103904252E-18    8.656872474796E-18   -2.085586186462E-10    0.000000000000E+00
   7.0666383854372766E-002
    0.000000000000E+00    1.173958779287E-08    7.253302372798E-18    1.916120143545E-18    1.849211946793E-17    4.049462550410E-18   -4.851045083010E-18   -5.478531104749E-18    5.647907242233E-18   -2.926896250947E-18
   -1.173958783648E-08    0.000000000000E+00    2.767047243483E-09   -3.230330821439E-17   -5.388821998752E-18    9.787821105408E-19   -2.226766241363E-18   -1.306092887748E-18   -2.832147169657E-18   -9.635648939267E-19
   -4.836284178006E-17   -2.767047279893E-09    0.000000000000E+00   -1.660228490140E-09   -3.336286456329E-17   -1.816852369317E-17    1.039067883262E-17    7.534842708863E-18   -5.737362210764E-18    3.937069240157E-19
   -5.453308022727E-18    3.281259803430E-17    1.660228503520E-09    0.000000000000E+00    1.185877470039E-09   -3.389812064727E-18   -2.803265832105E-17   -3.421530475792E-19    3.999600353782E-18    1.559062919459E-18
   -1.415605665952E-17    1.056808605103E-17    3.577057939430E-17   -1.185877463536E-09    0.000000000000E+00   -9.223490575982E-10   -2.141718854622E-17   -7.099955626189E-18    6.294724521215E-18    1.986294720928E-18
   -2.874765176814E-18    9.191206984843E-19    1.690374180152E-17    2.780038892421E-18    9.223490625000E-10    0.000000000000E+00   -7.546491650319E-10    6.680256045801E-18    1.833603053438E-18   -6.994361051900E-19
    3.462830591260E-18    7.363925611288E-19   -9.531552912763E-18    2.673478637360E-17    2.273277405215E-17    7.546491662611E-10    0.000000000000E+00   -6.385493678278E-10   -8.258010412536E-18   -7.925472686052E-20
    5.722757229267E-18    1.185002335047E-18   -7.979864984740E-18    1.238043697027E-18    6.806194946801E-18   -3.308230557121E-18    6.385493760535E-10    0.000000000000E+00    5.534094651418E-10    1.645531335254E-17
   -6.292136669340E-18    3.417988896164E-18    4.219396390662E-18   -3.234085581388E-18   -6.189781637120E-18   -1.615036097858E-18    6.425207804303E-18   -5.534094764149E-10    0.000000000000E+00    4.883024963116E-10
    3.051533878711E-18    1.572569887566E-18    1.941639335117E-19   -1.957997177404E-18   -2.926759345497E-18   -9.839296192269E-20    1.529353912728E-18   -1.506499275657E-17   -4.883024988649E-10    0.000000000000E+00
   8.0402503407641907E-002
    0.000000000000E+00    2.596774273590E-08   -5.275033862517E-17   -3.177804232347E-17   -9.544541360699E-18    7.154945336228E-19    2.629041155471E-18    3.635862284108E-18   -5.979251289074E-18    3.985401253573E-18
   -2.596774268722E-08    0.000000000000E+00    6.120655545807E-09    5.987962333169E-17    3.857006119327E-18   -1.204540732004E-18   -3.267894048615E-18    4.566332382749E-18    4.319200804525E-18    2.744444765680E-18
    7.898421543452E-17   -6.120655576605E-09    0.000000000000E+00   -3.672393478650E-09   -1.920760529151E-17   -3.632357712556E-18    4.103491477650E-18   -1.483887564592E-18    3.669654575309E-18    6.277513803484E-20
    2.397175766898E-17   -4.487266826123E-17    3.672393465022E-09    0.000000000000E+00    2.623138167531E-09   -2.458678629076E-17    1.498645271207E-17   -2.896493085291E-18   -2.729550775225E-18    1.507157609279E-18
    1.175549576702E-17   -2.530298416027E-18    2.709314738788E-17   -2.623138160084E-09    0.000000000000E+00   -2.040218606739E-09    4.606055616930E-17    7.684094211658E-18   -1.928422192991E-18   -2.341644793182E-18
   -7.389798497933E-19   -1.003228686028E-18    5.882282560043E-18    3.005107302701E-17    2.040218610639E-09    0.000000000000E+00   -1.669269791072E-09   -1.171461240856E-17   -5.067941348571E-18    4.219747574726E-18
   -3.809606798084E-18    3.817739214878E-18   -4.707165845402E-18   -1.355551580945E-17   -4.836614226969E-17    1.669269796221E-09    0.000000000000E+00   -1.412458969449E-09   -1.005380668333E-17    6.960320330253E-18
   -2.443318655499E-18   -3.977863628294E-18    1.987009060198E-18    1.205263388263E-18   -7.125871372561E-18    1.237406715370E-17    1.412458965573E-09    0.000000000000E+00    1.224131130298E-09   -1.480136808655E-17
    6.508636053444E-18   -5.157114758601E-18   -2.290430520153E-18    2.885322799166E-18    3.078238865005E-18    8.052278713757E-18    1.071297779099E-17   -1.224131115580E-09    0.000000000000E+00    1.080115679390E-09
   -4.252056836165E-18   -3.936929037724E-18   -5.250561443242E-19   -8.602207842440E-19    4.309411855604E-18   -3.219039355710E-18   -6.492901916685E-18    1.203130407013E-17   -1.080115682599E-09    0.000000000000E+00
   9.0766759706283243E-002
    0.000000000000E+00    5.464224944243E-08   -2.801490470670E-17    3.972953495145E-17    9.330267214768E-18   -6.161646555166E-18    4.831516219723E-18    2.415257279608E-18   -4.494837866466E-18   -2.217012573934E-18
   -5.464224943937E-08    0.000000000000E+00    1.287930181163E-08    9.083956828129E-18    5.476904353514E-19   -5.303106089035E-19    1.131455208949E-18   -6.518434973546E-18   -3.766283089935E-19   -6.135314979277E-19
    7.283837111661E-17   -1.287930180568E-08    0.000000000000E+00   -7.727580906277E-09    3.718767565241E-17    3.107361930648E-17   -1.117561253150E-17    1.054748927538E-18   -4.048351560630E-18    3.007844107687E-18
   -3.089538743784E-17   -2.479503777779E-17    7.727580930785E-09    0.000000000000E+00    5.519700784132E-09    3.625724243528E-17   -3.601540744648E-18    5.459495794263E-18   -1.943417290536E-18   -3.965562401249E-18
   -1.126212566420E-17   -2.346804386257E-18   -4.293271686039E-17   -5.519700790013E-09    0.000000000000E+00   -4.293100405917E-09   -6.241241707874E-17   -1.483948916910E-19   -2.628633454166E-17   -2.781318399763E-18
    7.768077587544E-18    1.034820168187E-18   -3.441612611017E-17   -3.906027796186E-17    4.293100416543E-09    0.000000000000E+00   -3.512536873973E-09    1.547051014212E-18   -2.123005196262E-17   -4.046860076882E-18
   -3.237236109212E-18   -9.589704596456E-19    1.066606289296E-17   -9.066641154411E-19    6.331616112118E-17    3.512536858042E-09    0.000000000000E+00   -2.972146574879E-09    2.140523236901E-17   -5.490973483687E-18
   -4.232593080035E-18    5.419943805708E-18   -4.555185567282E-19   -4.062159180993E-18   -8.699830514278E-19    5.994295745516E-20    2.972146575801E-09    0.000000000000E+00    2.575860457524E-09    7.033475363702E-18
    3.834916907586E-18    1.020058620514E-18    2.415874481008E-18    9.486004525929E-19    2.534786549150E-17    1.841818669849E-17   -2.239866427323E-17   -2.575860460986E-09    0.000000000000E+00    2.272817951454E-09
    1.909798847471E-18    1.220887853356E-18   -2.325692703686E-18    3.486520834340E-18    1.173169191230E-18    2.965539396247E-18    4.122378126997E-18   -3.385477641191E-18   -2.272817949341E-09    0.000000000000E+00
  0.10175915275029679     
    0.000000000000E+00    1.100021233580E-07   -2.294608207517E-16   -3.762625650037E-17   -1.713467230878E-17    1.732706311942E-18   -7.331346409724E-18   -4.482396499379E-18    5.449699114860E-18    1.853412062701E-19
   -1.100021233494E-07    0.000000000000E+00    2.592774947985E-08   -4.991694918620E-17   -1.191513322889E-17   -7.254150936538E-18    8.811603691524E-18    1.132374697786E-18    1.334722551886E-18   -1.206928753867E-18
    1.931583603053E-16   -2.592774950330E-08    0.000000000000E+00   -1.555664961322E-08    1.376653325184E-17   -1.055482180145E-17    6.346381237729E-18    1.842922970020E-18    5.424657596354E-18   -4.464202499489E-18
    5.012619120395E-17    4.117181742845E-17    1.555664960332E-08    0.000000000000E+00    1.111189245227E-08    2.998304756441E-17    4.566575936850E-18   -7.563943403428E-18    4.911773433009E-19   -4.391811807922E-18
    1.997697233234E-17    1.080988737677E-17   -1.060735618880E-17   -1.111189244107E-08    0.000000000000E+00   -8.642583150234E-09   -1.614424015367E-17   -7.201086179475E-18    1.971567658788E-17    1.343603124041E-17
   -6.765541534231E-18    1.077418832417E-17    1.118405040202E-17   -3.184978012145E-17    8.642583133688E-09    0.000000000000E+00   -7.071204279736E-09   -3.930005986625E-17    2.605775351363E-17    1.670188988353E-18
    6.642582051798E-18   -8.614480702745E-18   -5.914226471194E-18   -3.305597464076E-18    1.545779025510E-17    7.071204289439E-09    0.000000000000E+00   -5.983326694190E-09    1.968580956661E-17    1.072049864692E-17
    5.008638024887E-18   -2.160251888732E-18   -1.124939098519E-18    7.820471355524E-18    5.760576757081E-18    3.489000380336E-17    5.983326709168E-09    0.000000000000E+00    5.185549752708E-09   -2.422621056057E-17
   -4.830341132075E-18   -1.157833208085E-18   -4.764153020429E-18   -5.235022980595E-19   -1.981193157772E-17   -2.767370201493E-17   -1.822577360168E-17   -5.185549753921E-09    0.000000000000E+00    4.575485129884E-09
    8.483486473796E-19    1.319771405629E-18    3.466143772105E-18    5.095470983656E-18   -1.321550148305E-17   -2.121987360811E-18   -9.937981110192E-18    2.281088356839E-17   -4.575485132303E-09    0.000000000000E+00
  0.11337968253968253     
    0.000000000000E+00    2.128650707237E-07   -7.808222028870E-16    2.140937082575E-17    3.700428595335E-18    3.772768647805E-18    8.490793046327E-18    1.311318486763E-18    1.566252139296E-18    5.486483304491E-19
   -2.128650710457E-07    0.000000000000E+00    5.017277779920E-08    3.775974012769E-16    3.627463326033E-18   -2.776334368248E-21    1.356464630832E-18    1.409146395946E-18    3.194400196693E-18    2.986299015506E-18
    7.758690779935E-16   -5.017277779115E-08    0.000000000000E+00   -3.010366702811E-08    2.194099820318E-16   -6.649734785733E-18   -7.383334198450E-18   -2.597043593761E-18   -5.159658737269E-18    2.710227476380E-18
   -3.111924206982E-17   -3.875532150945E-16    3.010366704682E-08    0.000000000000E+00    2.150261932780E-08    1.102480039467E-16    1.540488586031E-17    1.080233761789E-17    6.036099927159E-18    8.538715209236E-18
   -8.954472462224E-18   -1.515458892428E-18   -2.286004016617E-16   -2.150261936769E-08    0.000000000000E+00   -1.672425942228E-08   -1.001650361503E-16    1.162314937768E-17    9.778580318592E-18   -4.627117127778E-18
   -5.733411067729E-19   -1.572660367743E-18    5.594204082007E-18   -1.039736642341E-16    1.672425943200E-08    0.000000000000E+00   -1.368348499606E-08   -9.524419113110E-17   -6.067737324683E-18   -2.484448212739E-18
   -1.049164966280E-17   -9.768601884337E-19    8.173457163278E-18   -1.362061483654E-17    9.965438167179E-17    1.368348500364E-08    0.000000000000E+00   -1.157833347636E-08    9.349626781789E-17    5.427477348243E-18
   -3.261374654768E-19   -7.949761766387E-19   -6.216127248776E-19   -1.158540910275E-17   -1.019506446118E-17    9.606085721482E-17    1.157833345520E-08    0.000000000000E+00    1.003455569542E-08   -9.078365921446E-17
   -1.831622877157E-19   -3.667600674460E-18    4.780263771173E-18   -5.007954934041E-18   -9.494278114508E-18    9.062206141076E-18   -9.224039451093E-17   -1.003455568683E-08    0.000000000000E+00    8.854019727928E-09
   -9.809843492321E-19   -2.324256450735E-18   -3.001678237605E-18   -9.919138946417E-18    4.712608341077E-18    2.674774075156E-18   -5.478559593680E-18    8.856223967673E-17   -8.854019710298E-09    0.000000000000E+00
  0.12562834907444048     
    0.000000000000E+00    3.975246874242E-07   -2.908493136681E-15    9.960539161474E-18    6.586362463020E-18   -2.736632372610E-18   -1.081438319878E-17    1.155000431240E-18   -1.431002889158E-18    1.432724382267E-18
   -3.975246867279E-07    0.000000000000E+00    9.369746742024E-08    1.020607595141E-15    5.322924637209E-18    7.571209237743E-18   -8.238897387456E-18    5.949455338090E-19   -6.843066630323E-18   -3.230397936134E-19
    2.926701528586E-15   -9.369746738282E-08    0.000000000000E+00   -5.621848043018E-08    6.818504302806E-16   -4.922321302035E-19   -5.772897965661E-18    1.206663516118E-17    4.013102530967E-18   -2.408842874582E-18
    1.019740825162E-18   -1.018653061474E-15    5.621848035234E-08    0.000000000000E+00    4.015605747505E-08    5.569596280988E-16    1.333032478481E-18   -1.958752928842E-17   -5.395049343918E-18   -3.151417597545E-18
   -8.946075554204E-18   -1.709347984934E-18   -6.803498090767E-16   -4.015605746182E-08    0.000000000000E+00   -3.123248917480E-08   -4.554848820534E-16    9.809064452405E-19   -4.925940908370E-18   -8.774161701410E-18
    1.040365657806E-18   -1.016294750820E-17    9.351499812095E-19   -5.607413402658E-16    3.123248918541E-08    0.000000000000E+00   -2.555385475590E-08   -3.382803301397E-16    5.194186403442E-19   -3.317221756612E-18
    1.280776903387E-17    8.336837314044E-18    6.048417274935E-18    1.698597105180E-18    4.582030005651E-16    2.555385476312E-08    0.000000000000E+00   -2.162249243838E-08    2.809233752289E-16   -1.749881613543E-17
   -1.247372661783E-18   -2.701327624367E-19   -9.827069797370E-18    1.898539034167E-17   -7.173154451671E-19    3.406842030201E-16    2.162249243497E-08    0.000000000000E+00    1.873949341730E-08   -2.505393937139E-16
   -1.969158088770E-19    8.006507884050E-18   -3.385407405098E-18    5.034193733990E-18    4.471624942279E-18    9.304518516850E-19   -2.831337874426E-16   -1.873949342484E-08    0.000000000000E+00    1.653484718298E-08
   -1.023931991876E-18    4.459800975196E-19    3.536469113748E-18    3.951673554821E-18    7.815851059564E-18    4.626530237436E-18    1.809572566153E-17    2.491741935318E-16   -1.653484720607E-08    0.000000000000E+00
  0.13850515235457062     
    0.000000000000E+00    7.188574697757E-07   -9.564892092388E-15    6.295216649977E-18   -9.868397942267E-18    5.301465058055E-18    5.274672797735E-18   -5.787241561882E-20    3.773465597318E-18    1.692439289535E-18
   -7.188574700596E-07    0.000000000000E+00    1.694363306616E-07    3.367118215823E-15   -5.164122138436E-18   -2.112497377601E-18    4.071609370774E-18   -3.391014897085E-18    6.298274822615E-19   -3.031024786976E-18
    9.571302532615E-15   -1.694363306985E-07    0.000000000000E+00   -1.016617983211E-07    2.139779512267E-15    3.576434655762E-18   -7.057743111902E-18   -1.407966829878E-17   -4.160823097123E-18    7.446209611911E-19
   -7.201610055598E-18   -3.367398255942E-15    1.016617983141E-07    0.000000000000E+00    7.261557023401E-08    1.673633535713E-15   -1.947450135427E-17    1.258989563347E-17    2.072869894680E-18   -3.372753174649E-19
    1.586900084659E-17    3.281286508039E-18   -2.136098824005E-15   -7.261557021706E-08    0.000000000000E+00   -5.647877682295E-08   -1.265424841266E-15   -2.872606259170E-18   -6.074786808593E-19    8.231534378443E-18
   -3.882636790781E-18    2.175019984847E-18    6.307141050739E-20   -1.675475769202E-15    5.647877680603E-08    0.000000000000E+00   -4.620990836161E-08   -1.128496133056E-15   -4.065393301281E-18   -3.178958592264E-18
   -4.875113998813E-18   -4.669746129839E-18    6.577995245215E-18    1.584293359845E-17    1.261859399665E-15    4.620990834507E-08    0.000000000000E+00   -3.910069170826E-08    9.378298032364E-16    9.690381146993E-18
   -1.903778128659E-18    2.364086636848E-18    1.188092527264E-17   -1.296416517361E-17    3.681748140246E-18    1.125658789083E-15    3.910069172060E-08    0.000000000000E+00    3.388726612752E-08   -8.278503418468E-16
   -4.269673295143E-18   -1.084002792162E-18    5.306004969330E-18   -2.780432308762E-18    1.799045417962E-18   -2.302598010965E-19   -9.354579946332E-16   -3.388726612823E-08    0.000000000000E+00    2.990052891778E-08
   -2.863625781528E-18    1.974387669895E-18   -1.024944719696E-18   -7.709779128682E-19   -6.422644038502E-18    2.812862310638E-18   -8.999596934834E-18    8.300240944489E-16   -2.990052889981E-08    0.000000000000E+00
  0.15201009238007299     
    0.000000000000E+00    1.262378019104E-06   -2.944810913849E-14   -2.266284456241E-17   -8.526375899253E-18   -5.055760382561E-18    3.598850643398E-19   -2.813385360527E-18   -3.380794138762E-18   -5.023486968945E-18
   -1.262378019295E-06    0.000000000000E+00    2.975453524543E-07    1.039003584963E-14    1.292395330323E-17   -6.237832980717E-18    2.650312707824E-18    8.665184643115E-18    1.279745051683E-18    2.229473579945E-19
    2.938184972971E-14   -2.975453524754E-07    0.000000000000E+00   -1.785272113575E-07    6.974529343220E-15    7.922992847395E-18    2.109827155302E-17   -4.534928376728E-18   -2.130414587088E-18    3.722357737029E-18
    2.278010378194E-17   -1.038112387954E-14    1.785272114132E-07    0.000000000000E+00    1.275194366702E-07    5.179659032179E-15   -5.452548664765E-18   -1.519423677313E-18   -4.847753856526E-18    7.096877430724E-19
    8.545036716540E-18   -1.634163251911E-17   -6.982568177840E-15   -1.275194366846E-07    0.000000000000E+00   -9.918178413689E-08   -4.183609759689E-15   -8.015837756233E-18   -6.658250044185E-18    1.992742949527E-18
    2.341367076784E-18    9.086603627074E-18   -7.299282086580E-18   -5.171741859585E-15    9.918178412809E-08    0.000000000000E+00   -8.114873247616E-08   -3.435427783121E-15    1.010925986618E-17    1.789579703830E-17
   -1.253284391980E-18   -2.766441256752E-18   -2.126618201804E-17    4.992517507080E-18    4.189399794280E-15    8.114873248239E-08    0.000000000000E+00   -6.866431207349E-08    2.986383921741E-15   -3.078811954610E-18
    4.856923799981E-18   -6.515815900678E-18    6.130864460718E-18    2.279926727917E-18    4.714888562499E-18    3.439695697465E-15    6.866431206490E-08    0.000000000000E+00    5.950907050294E-08   -2.595156107362E-15
    4.784191949370E-18   -3.835684289942E-18    3.142989483702E-19    6.280687098775E-18    6.236555010240E-18   -1.305975080028E-17   -2.986703279869E-15   -5.950907051952E-08    0.000000000000E+00    5.250800335231E-08
    5.643380763122E-18   -1.223698579935E-19   -4.253848743842E-18    5.557889067893E-19   -1.409521397290E-18   -1.614469326791E-17    2.284262348405E-18    2.591563266373E-15   -5.250800336481E-08    0.000000000000E+00
  0.16614316915094754     
    0.000000000000E+00    2.158129619020E-06   -8.668592679060E-14    4.310963798911E-17    5.823427046538E-18   -1.067804825472E-17   -5.062117457717E-19   -2.165992999543E-18    4.111368977647E-18   -2.435593957493E-19
   -2.158129618907E-06    0.000000000000E+00    5.086760294841E-07    3.049508730901E-14   -7.684377463559E-18    1.588816782916E-17   -6.736552837572E-18   -9.069698740008E-18    1.469255806365E-18    3.232596672823E-18
    8.674927008911E-14   -5.086760294690E-07    0.000000000000E+00   -3.052056180116E-07    2.033519945325E-14   -4.792684035169E-18   -2.501769985808E-18    2.745901722501E-18    4.172886980278E-18   -6.342170476944E-19
   -5.106431024298E-17   -3.050746283669E-14    3.052056180155E-07    0.000000000000E+00    2.180040127480E-07    1.522038106833E-14   -1.605369296604E-17    3.805234680778E-18   -1.330119173827E-19    1.882681163974E-18
   -1.351452217535E-17    1.654603074709E-17   -2.031929773907E-14   -2.180040127489E-07    0.000000000000E+00   -1.695586765704E-07   -1.214459634108E-14    1.211824641430E-17    2.278387682936E-18   -3.231570685556E-18
    1.273808669452E-17   -1.487108579716E-17    6.166561997765E-18   -1.522475173071E-14    1.695586765698E-07    0.000000000000E+00   -1.387298262452E-07   -1.015734067577E-14   -9.170677046815E-18   -2.266245417112E-17
    2.521420963491E-18    5.511805367785E-18    4.194579518443E-18    1.372354534575E-17    1.213882614589E-14    1.387298262608E-07    0.000000000000E+00   -1.173867760568E-07    8.688966305058E-15   -5.769252867496E-18
    8.037949377133E-19    7.892311120901E-18   -2.973921120573E-18   -1.723925841880E-18   -1.103967915415E-17    1.015186311838E-14    1.173867760653E-07    0.000000000000E+00    1.017352059014E-07   -7.601733656369E-15
   -3.402126893396E-18    6.055054556558E-19   -2.616526354011E-18   -2.928012923642E-19   -3.486461449702E-18    1.438944226912E-17   -8.691384572858E-15   -1.017352058843E-07    0.000000000000E+00    8.976635822482E-08
    1.036456539935E-18   -3.042163090878E-18    2.416297876262E-20   -2.570613873264E-18    1.773044308838E-18    2.091385251041E-17    4.729223694875E-18    7.610703762216E-15   -8.976635822510E-08    0.000000000000E+00
  0.18090438266719430     
    0.000000000000E+00    3.599442339744E-06   -2.422700449182E-13   -4.068130006372E-17    3.896024851727E-17    1.842739681882E-17    5.235170783828E-18   -5.539215020109E-19   -5.108780253920E-18    3.954697133011E-18
   -3.599442339499E-06    0.000000000000E+00    8.483966957055E-07    8.510799066374E-14    3.929764026164E-17   -1.377194546214E-17    1.510995563272E-18    1.277388715774E-18   -2.263895586499E-18   -4.130060482479E-18
    2.422728008064E-13   -8.483966957323E-07    0.000000000000E+00   -5.090380170793E-07    5.672059927959E-14   -2.091365287967E-17   -7.067784758083E-18    1.570287745456E-18    1.577593272752E-18   -1.576318564433E-18
    4.304438826066E-17   -8.509210200748E-14    5.090380171112E-07    0.000000000000E+00    3.635985840312E-07    4.251289983262E-14    1.202943227880E-17   -6.084205641571E-18    4.453982962866E-18   -4.469601231431E-18
   -3.043549969038E-17   -4.978447727598E-17   -5.672512237612E-14   -3.635985840437E-07    0.000000000000E+00   -2.827988985291E-07   -3.402844873390E-14   -1.194712151471E-17    5.617665474676E-19    4.081291610157E-18
   -1.501469141313E-17    1.286492775954E-17    1.582049589069E-17   -4.250811899907E-14    2.827988985479E-07    0.000000000000E+00   -2.313809168169E-07   -2.835752279798E-14   -5.430066100606E-18   -2.035379657453E-17
   -5.359478878112E-18   -8.781122439408E-19    8.403920360938E-18   -8.939433848481E-18    3.403042017625E-14    2.313809168022E-07    0.000000000000E+00   -1.957838528594E-07    2.428649900562E-14   -3.566085027874E-17
    6.088489383755E-19    6.310688360788E-20    1.328701166258E-18    3.394611797776E-18    1.085535089469E-17    2.835870342596E-14    1.957838528640E-07    0.000000000000E+00    1.696793391631E-07   -2.124610182398E-14
    5.057733172081E-18    3.558211761507E-18   -2.109892290556E-18   -5.649565236330E-18    1.475881548960E-18    5.885030814139E-18   -2.428883035927E-14   -1.696793391518E-07    0.000000000000E+00    1.497170638988E-07
   -4.946643538762E-18    5.942916000223E-18    1.162898716675E-18    4.259537457561E-18   -3.830455821977E-18    2.042232440217E-17    3.836937697457E-17    2.124089088726E-14   -1.497170638885E-07    0.000000000000E+00
  0.19629373292881325     
    0.000000000000E+00    5.867716680016E-06   -6.487757901737E-13    2.897952574652E-17   -4.377875997693E-17   -4.836422421213E-18   -3.508579390734E-18    5.409903636441E-18    1.674260679149E-18   -5.426106746404E-19
   -5.867716680493E-06    0.000000000000E+00    1.383034084746E-06    2.276937420758E-13   -4.278376711379E-17   -1.720308664472E-18    4.470533145882E-18   -3.237282557168E-18   -3.822809024532E-18   -8.998083601917E-19
    6.487432603719E-13   -1.383034084679E-06    0.000000000000E+00   -8.298204510115E-07    1.516177427331E-13    1.090667921963E-17    1.243240134820E-17   -1.644281567103E-18   -4.963367348756E-18   -3.918862107203E-18
   -3.003482154172E-17   -2.276916787031E-13    8.298204509979E-07    0.000000000000E+00    5.927288933690E-07    1.137185752530E-13   -5.096213212433E-18   -8.422736053006E-18   -9.007766722480E-18   -9.021649766748E-18
    3.951042209357E-17    5.440595491670E-17   -1.516162674333E-13   -5.927288933390E-07    0.000000000000E+00   -4.610113616232E-07   -9.095503702926E-14   -2.129175470782E-18    1.009230265183E-18   -4.902246219745E-18
   -1.636981367058E-18   -6.323668038606E-19   -1.261197569022E-17   -1.137235589142E-13    4.610113616197E-07    0.000000000000E+00   -3.771911143059E-07   -7.573546692644E-14    1.300783261371E-17    3.449604936213E-17
    3.133300121007E-18   -2.493421366643E-18   -1.567982696467E-17    3.038951661817E-18    9.095527617877E-14    3.771911142938E-07    0.000000000000E+00   -3.191617119842E-07    6.494327236132E-14    2.753389721747E-17
   -4.033681124125E-18    4.094559705427E-19    1.562819671135E-19    7.518413335293E-18    1.831354971960E-18    7.573681570008E-14    3.191617119786E-07    0.000000000000E+00    2.766068169521E-07   -5.683852834832E-14
   -3.297101931299E-18    3.737618865106E-18    5.801190981031E-18    8.510153820092E-18   -3.504300576223E-18   -1.395690764112E-17   -6.494094093725E-14   -2.766068169781E-07    0.000000000000E+00    2.440648384910E-07
    1.325956219341E-18   -2.832847419373E-18    5.250422692689E-18    1.101791351760E-17    5.405913340772E-18   -3.556350221275E-17   -3.121681865571E-17    5.683705996410E-14   -2.440648385006E-07    0.000000000000E+00
  0.21231121993580440     
    0.000000000000E+00    9.364478438108E-06   -1.665965730626E-12    1.715221101171E-18    9.774560323271E-18   -2.113946548735E-17    7.165439740896E-18    1.960224545705E-18   -1.069660379230E-18    2.096273605313E-18
   -9.364478438068E-06    0.000000000000E+00    2.207228735525E-06    5.840663869491E-13    1.354345248308E-17    1.178964199114E-17    2.705539260087E-18    1.127645554411E-17    5.105824898836E-18    6.834504395531E-18
    1.665984907589E-12   -2.207228735542E-06    0.000000000000E+00   -1.324337241217E-06    3.889091603827E-13   -1.143851977966E-17   -2.128232078271E-17    6.690746012434E-18    2.846749470239E-19   -6.488712674660E-19
    6.213344460158E-18   -5.840681394541E-13    1.324337241203E-06    0.000000000000E+00    9.459551722434E-07    2.915110758281E-13    8.501707274339E-18    2.079739051620E-17    1.173787752418E-17    1.106761488955E-17
   -1.233588870019E-17   -2.742548333760E-17   -3.889062503322E-13   -9.459551722308E-07    0.000000000000E+00   -7.357429118471E-07   -2.332347805947E-13   -7.424576245421E-18    1.289804324393E-17    2.245408827601E-17
    2.085863727601E-17   -8.567710499921E-18    7.588516069319E-18   -2.915103648510E-13    7.357429118324E-07    0.000000000000E+00   -6.019714731644E-07   -1.943165657105E-13   -3.388677577879E-18    4.450824878177E-18
   -7.284235885759E-18   -4.624496397990E-18    2.456289722628E-17   -7.685439473595E-19    2.332277236495E-13    6.019714731643E-07    0.000000000000E+00   -5.093604772532E-07    1.665318088727E-13   -1.110420229071E-17
   -1.104011345367E-19   -8.566117670307E-18   -8.542238721766E-18   -1.963010343724E-17    1.158826124722E-17    1.943129217605E-13    5.093604772659E-07    0.000000000000E+00    4.414457470018E-07   -1.457354063689E-13
    3.252579515131E-18   -5.657100317166E-18   -1.456643925773E-18   -1.008793603691E-17   -1.078899330006E-17    6.032419274707E-18   -1.665328277017E-13   -4.414457470048E-07    0.000000000000E+00    3.895109533388E-07
   -3.049803002466E-18   -5.949302675619E-18    4.973088046320E-20   -1.268968337519E-17   -2.247149962985E-17   -6.236499823053E-18    1.428020593613E-17    1.457378879583E-13   -3.895109533344E-07    0.000000000000E+00
  0.22895684368816777     
    0.000000000000E+00    1.465197594057E-05   -4.118201893503E-12    1.078900001466E-17    6.403982266454E-18    6.853810184738E-18   -8.047303791767E-18   -3.888825925153E-18   -5.611998486155E-18   -2.588130519604E-18
   -1.465197594053E-05    0.000000000000E+00    3.453503848401E-06    1.441790031793E-12   -1.361797972120E-17   -8.280275280984E-18   -4.854553285786E-18   -9.530496063034E-18    1.302930378513E-19   -8.131920373332E-18
    4.118183277389E-12   -3.453503848383E-06    0.000000000000E+00   -2.072102308585E-06    9.599111787103E-13    3.543950011591E-17    1.165914868907E-17    2.623019816994E-18   -1.088838056099E-17    2.583164654901E-18
   -3.863801819138E-18   -1.441799542914E-12    2.072102308532E-06    0.000000000000E+00    1.480073077811E-06    7.195640123488E-13    1.692973973580E-17   -4.114424529176E-18   -1.611917494453E-17   -2.574850074802E-18
   -3.705314730900E-18    1.258933854138E-17   -9.599270587839E-13   -1.480073077840E-06    0.000000000000E+00   -1.151167949286E-06   -5.754360549951E-13    2.610498063730E-17   -3.540075935453E-17   -2.681710328717E-17
   -6.321220115706E-18    6.794824577031E-18   -2.889665478777E-17   -7.195648011799E-13    1.151167949336E-06    0.000000000000E+00   -9.418646859223E-07   -4.795307305124E-13    1.335314598746E-17   -7.693195631605E-18
    5.836009086782E-18    4.425176852099E-18   -1.700397924627E-17   -2.112824042396E-17    5.754485060609E-13    9.418646859329E-07    0.000000000000E+00   -7.969624267142E-07    4.110833946296E-13    1.846414512947E-17
    3.329574087863E-19    8.789422975025E-18   -1.392059344283E-18    3.105380817709E-18   -3.122661376912E-17    4.795294397610E-13    7.969624266838E-07    0.000000000000E+00    6.907007697466E-07   -3.595912529499E-13
    3.745621186724E-18   -9.895940132422E-20    1.001184526284E-17    1.552965451428E-17    3.426745208285E-17   -2.035770416733E-17   -4.110854455953E-13   -6.907007697343E-07    0.000000000000E+00    6.094418555639E-07
    3.221106672560E-18    9.769322073150E-18   -2.987749274826E-18    3.358699383632E-18    2.735299658451E-17    9.080375937816E-18   -2.020852398013E-17    3.595914966075E-13   -6.094418555613E-07    0.000000000000E+00
  0.24623060418590337     
    0.000000000000E+00    2.250352671995E-05   -9.822932927228E-12   -3.333133754000E-17   -1.687574456386E-17    1.163555738356E-17    8.007820341018E-18    2.734071264451E-18    4.045449081653E-18   -6.022557100640E-18
   -2.250352671994E-05    0.000000000000E+00    5.304132114695E-06    3.433736552857E-12    1.079884644649E-17   -1.939441158530E-18   -4.810069583582E-18   -2.265918194300E-18   -2.716835846528E-18    2.884204326023E-18
    9.822926034254E-12   -5.304132114724E-06    0.000000000000E+00   -3.182479269285E-06    2.285366781351E-12   -1.589140883759E-17    1.583302690366E-18   -1.187187001809E-17    1.346305329572E-17    1.206280654774E-18
    2.315247679185E-17   -3.433714864160E-12    3.182479269316E-06    0.000000000000E+00    2.273199477777E-06    1.713138288315E-12   -1.607367661285E-17    1.960867910000E-19    1.566081048738E-17    2.941075213298E-18
    1.573931076416E-17   -1.566711181644E-17   -2.285360729317E-12   -2.273199477767E-06    0.000000000000E+00   -1.768044038339E-06   -1.370221036693E-12   -3.650573925714E-17    2.837928231940E-17    1.014141493992E-17
   -1.296276384343E-18    4.933999817967E-18    1.239982050779E-17   -1.713136247514E-12    1.768044038310E-06    0.000000000000E+00   -1.446581485827E-06   -1.141723222608E-12   -1.979214675680E-18    1.311959202884E-17
   -6.151767929408E-18    4.937656018518E-18    1.527107318693E-18    1.626243503486E-17    1.370219208803E-12    1.446581485820E-06    0.000000000000E+00   -1.224030487906E-06    9.784367718561E-13   -7.499677787304E-18
   -1.627851271861E-18    2.479611584512E-18    8.175405034576E-18    9.660211503939E-19    3.827937085037E-17    1.141725597087E-12    1.224030487925E-06    0.000000000000E+00    1.060826422935E-06   -8.561351483710E-13
   -6.448626146460E-18    1.389747257820E-18   -1.345886437193E-17   -1.580811943318E-17   -2.701983455163E-17    7.869272569285E-18   -9.784316285845E-13   -1.060826422939E-06    0.000000000000E+00    9.360233143765E-07
    5.949487112355E-18   -4.413909064550E-18   -2.730151921637E-20   -3.817625982793E-18   -9.837333729986E-18   -1.383171022499E-17    5.365530610612E-18    8.561339394956E-13   -9.360233143822E-07    0.000000000000E+00
  0.26413250142901112     
    0.000000000000E+00    3.396463738614E-05   -2.265954693755E-11    1.187146053165E-17    7.674543429993E-18   -7.907700812090E-18   -4.099074065936E-18   -1.374524034742E-18   -9.446380393214E-19    5.366105341530E-18
   -3.396463738613E-05    0.000000000000E+00    8.005541805819E-06    7.908192943210E-12   -5.097723204399E-18   -8.611738945467E-18    7.793899850513E-18    4.519682556821E-19   -2.654433763952E-18    4.656247185841E-20
    2.265958825535E-11   -8.005541805832E-06    0.000000000000E+00   -4.803325083093E-06    5.262265346412E-12   -2.929595318506E-17   -1.272494246354E-17    5.751318771921E-18   -8.785203947392E-18   -3.144364526645E-18
   -1.253179868996E-17   -7.908196139880E-12    4.803325083078E-06    0.000000000000E+00    3.430946488105E-06    3.944248069561E-12    1.895590060886E-18   -8.353521602483E-18    1.443556648082E-18   -2.109969030211E-18
   -5.723602411196E-18    8.127160483495E-18   -5.262283659133E-12   -3.430946488125E-06    0.000000000000E+00   -2.668513935174E-06   -3.154520556557E-12    2.035675112813E-17    5.382337975835E-18   -6.352237584080E-18
   -3.700972180882E-18    5.496930625681E-18    2.893836179178E-17   -3.944257976128E-12    2.668513935184E-06    0.000000000000E+00   -2.183329583298E-06   -2.628316553983E-12   -2.487208133357E-18   -8.698639012473E-18
    5.814994583728E-18   -1.071800121089E-17    1.063380790120E-17   -6.472116357572E-18    3.154505466799E-12    2.183329583320E-06    0.000000000000E+00   -1.847432724324E-06    2.252634361920E-12   -3.177514220755E-18
    3.129978023519E-19    1.699831661777E-19   -1.329111675641E-18    5.835032937672E-18   -1.771103082515E-17    2.628325618030E-12    1.847432724337E-06    0.000000000000E+00    1.601108361060E-06   -1.970967196046E-12
    3.155405864219E-18    3.503614614321E-18    7.998582355845E-18   -1.355856151126E-19   -6.755766802413E-18    3.013220413290E-18   -2.252636933675E-12   -1.601108361054E-06    0.000000000000E+00    1.412742671540E-06
   -4.470489802632E-18    6.603794470485E-19    2.680125566908E-18    3.609482063924E-18    5.356130519390E-18    1.056901453841E-17    5.672509621090E-18    1.970964593020E-12   -1.412742671535E-06    0.000000000000E+00
  0.28266253541749109     
    0.000000000000E+00    5.042558823897E-05   -5.065615986842E-11   -9.697382839966E-17   -1.509850659819E-18    2.027086327251E-17   -4.737132486344E-18   -5.369334435798E-18    2.584078989050E-19    4.803829244221E-18
   -5.042558823897E-05    0.000000000000E+00    1.188542512960E-05    1.764673264977E-11   -5.030377171121E-17    2.293331919369E-17   -2.547636497348E-18   -3.102529775872E-18    1.395887804507E-18    2.870807302595E-18
    5.065610334688E-11   -1.188542512962E-05    0.000000000000E+00   -7.131255078113E-06    1.173952027415E-11    4.082887586703E-17    1.179778233304E-17   -5.790717816248E-18    7.866778283647E-18   -3.434105383418E-18
    1.117217908535E-16   -1.764675326879E-11    7.131255078162E-06    0.000000000000E+00    5.093753627206E-06    8.798446029989E-12    9.548654943707E-18   -1.764306546354E-17    1.834645299566E-18    1.554189848057E-18
    1.986533448981E-18    5.958689983029E-17   -1.173950282279E-11   -5.093753627192E-06    0.000000000000E+00   -3.961808376743E-06   -7.036390624305E-12   -3.935836641213E-18   -1.776282220351E-17   -3.888991886990E-18
   -1.596824211223E-17   -2.292685273882E-17   -3.442345597839E-17   -8.798437305476E-12    3.961808376736E-06    0.000000000000E+00   -3.241479580945E-06   -5.862650034738E-12    1.126714621939E-17   -1.952361973228E-18
    4.820319600029E-18    7.893221708734E-18   -6.930072831072E-18   -8.815243885250E-18    7.036401264106E-12    3.241479580922E-06    0.000000000000E+00   -2.742790414653E-06    5.024660822536E-12    3.546073799979E-18
    7.591725861061E-18    3.120673510602E-18    2.187344926079E-18    1.702497734824E-17   -5.377183551664E-19    5.862642224454E-12    2.742790414632E-06    0.000000000000E+00    2.377085026036E-06   -4.396263349951E-12
    8.956916535407E-19    3.458426822694E-19   -6.089078246036E-18   -2.735426826509E-18    1.868395459390E-17   -1.147344792799E-17   -5.024650788927E-12   -2.377085026037E-06    0.000000000000E+00    2.097427964123E-06
   -5.653166054148E-18   -2.542154840390E-18    2.332215909396E-18   -2.476134121475E-18    5.563656148262E-18    6.812314692935E-19   -6.985793050744E-18    4.396268972926E-12   -2.097427964129E-06    0.000000000000E+00
  0.30182070615134327     
    0.000000000000E+00    7.370566674965E-05   -1.099408201679E-10   -1.085216996906E-16    4.244699584409E-18   -1.398369473135E-17    1.084523948223E-17    5.526773201320E-18   -3.211182763703E-18   -7.219693468390E-18
   -7.370566674970E-05    0.000000000000E+00    1.737259225729E-05    3.822416246063E-11   -3.640686114782E-17   -1.546290616377E-17    7.323368537016E-18    1.649044510686E-18    3.970365158586E-19   -4.421372252610E-18
    1.099408435980E-10   -1.737259225721E-05    0.000000000000E+00   -1.042355535394E-05    2.542112728528E-11    4.452825782553E-17    1.359242375802E-17    9.584924467990E-18    4.066746498063E-18    3.911156804032E-18
    9.644156952271E-17   -3.822412978849E-11    1.042355535391E-05    0.000000000000E+00    7.445396681544E-06    1.905043718437E-11   -4.190835346381E-18    3.781245775852E-17   -1.008725968447E-17    1.642749797665E-17
   -1.618762602553E-17    4.006810070151E-17   -2.542112842488E-11   -7.445396681528E-06    0.000000000000E+00   -5.790864085463E-06   -1.523486659131E-11   -2.538559295035E-17    9.305350750222E-19    1.433590455519E-17
    1.226892662206E-17    9.639053922083E-18   -4.381749367528E-17   -1.905043612767E-11    5.790864085460E-06    0.000000000000E+00   -4.737979706307E-06   -1.269321174633E-11    2.406441076737E-17   -2.069470420699E-17
   -9.795324097035E-18   -8.598437807086E-18   -1.100365114659E-17    5.441414506506E-18    1.523485996064E-11    4.737979706300E-06    0.000000000000E+00   -4.009059751542E-06    1.087855777744E-11   -4.202527298020E-17
   -5.795004657238E-18   -1.282644936240E-18   -5.860666147539E-18   -3.645074470678E-17    2.810197181040E-17    1.269321314180E-11    4.009059751541E-06    0.000000000000E+00    3.474518451335E-06   -9.518022501450E-12
    4.228549955715E-18   -2.064878268677E-18   -2.179271746087E-18    7.732370525548E-18    1.620316648882E-18   -2.786609351562E-17   -1.087856567857E-11   -3.474518451310E-06    0.000000000000E+00    3.065751574661E-06
    6.691906197275E-18    5.447238969191E-18   -1.837617879005E-18   -1.586743896474E-17   -1.553671104366E-17    2.231756939515E-17    4.531843905709E-17    9.518017539156E-12   -3.065751574661E-06    0.000000000000E+00
  0.32160701363056765     
    0.000000000000E+00    1.061485321346E-04   -2.320288837097E-10   -4.613756207435E-16   -1.467761088206E-17   -4.412387245925E-18   -7.642123504058E-18    9.859853709352E-18    3.094441932458E-18    3.204994268402E-18
   -1.061485321345E-04    0.000000000000E+00    2.501944896305E-05    8.049866902770E-11   -1.935817240156E-16   -4.845110836384E-19    8.041910193711E-19    9.297833628961E-18    7.466699495625E-18    6.628163550051E-18
    2.320288577372E-10   -2.501944896304E-05    0.000000000000E+00   -1.501166937734E-05    5.351965384136E-11    1.354618353113E-16   -1.343890743291E-17   -8.437276881504E-18   -2.089055934786E-18   -1.295791984839E-18
    4.637002479968E-16   -8.049865751985E-11    1.501166937733E-05    0.000000000000E+00    1.072262098354E-05    4.010313193445E-11    1.402083284632E-16   -1.969821261959E-17    3.017806027061E-18   -1.980513142086E-17
    2.887028465278E-17    1.860105502960E-16   -5.351965274682E-11   -1.072262098359E-05    0.000000000000E+00   -8.339816320728E-06   -3.206913800424E-11   -9.644863322734E-17    1.578018247779E-18   -8.710758262276E-18
    8.597989485869E-18    4.581877918765E-18   -1.369768710550E-16   -4.010312815721E-11    8.339816320722E-06    0.000000000000E+00   -6.823486080615E-06   -2.671831884375E-11    7.158510395646E-17    2.419849507527E-17
    4.286518365509E-18    4.485431917293E-19    4.862798848032E-18   -1.336747357742E-16    3.206914180131E-11    6.823486080650E-06    0.000000000000E+00   -5.773718991242E-06    2.289838695828E-11   -4.525941718697E-17
   -1.307678651108E-17   -1.134093907890E-17    4.146905710009E-18    1.927265873267E-17    9.226913720503E-17    2.671832139622E-11    5.773718991227E-06    0.000000000000E+00    5.003889792414E-06   -2.003432855434E-11
   -5.994433407272E-18   -7.441030442650E-18    1.200607602018E-18   -3.040421214303E-18   -5.152377539370E-18   -6.844115412639E-17   -2.289838816556E-11   -5.003889792443E-06    0.000000000000E+00    4.415196875668E-06
   -3.952271935305E-18   -7.507027882703E-18    9.759924497227E-19    1.916858158641E-17    7.070522356748E-18   -2.308535826189E-17    4.368794021978E-17    2.003432892013E-11   -4.415196875666E-06    0.000000000000E+00
  0.34202145785516419     
    0.000000000000E+00    1.507272897462E-04   -4.768845478221E-10   -1.341247513565E-15    1.967201422585E-17    8.104099675112E-19    1.232521731263E-17   -1.326659401615E-17    6.027398689551E-18   -1.075774026058E-18
   -1.507272897457E-04    0.000000000000E+00    3.552676289876E-05    1.650648489676E-10   -5.142557701961E-16   -3.877210227367E-18   -2.394341113711E-19   -2.465004183017E-18   -3.936405275500E-18   -1.400278487291E-17
    4.768846245488E-10   -3.552676289887E-05    0.000000000000E+00   -2.131605773775E-05    1.097061857498E-10    3.878281697738E-16    2.736098694519E-18    8.395791812359E-18   -5.557510342445E-18    7.870180790823E-19
    1.346911688196E-15   -1.650648696032E-10    2.131605773777E-05    0.000000000000E+00    1.522575552722E-05    8.219530331256E-11    3.324593721865E-16    2.967768575063E-18    1.057648964588E-17    1.136798224554E-18
   -1.828963894055E-17    5.170345340190E-16   -1.097061939922E-10   -1.522575552712E-05    0.000000000000E+00   -1.184225429868E-05   -6.572574604400E-11   -2.286791498367E-16   -4.751224301626E-19    4.578787610055E-18
   -3.678850841362E-19    1.521920544145E-17   -3.947113483120E-16   -8.219532283808E-11    1.184225429866E-05    0.000000000000E+00   -9.689117153549E-06   -5.475764117270E-11    2.169007149505E-16   -9.421461095461E-18
   -1.237223320340E-17   -2.563323840953E-18    1.430962160674E-19   -3.355357871808E-16    6.572574383905E-11    9.689117153515E-06    0.000000000000E+00   -8.198483745276E-06    4.692803218253E-11   -1.704128931133E-16
    1.451042326171E-17    3.537809561379E-18   -3.942052262720E-18    3.039686142849E-19    2.312337059471E-16    5.475764292754E-11    8.198483745303E-06    0.000000000000E+00    7.105352579296E-06   -4.105804444732E-11
   -5.246518953922E-18    4.282193659226E-18    4.484414752427E-18   -9.130338373630E-18    2.950879524670E-18   -2.131629748087E-16   -4.692802653066E-11   -7.105352579310E-06    0.000000000000E+00    6.269428746461E-06
    2.240246285407E-18    1.384446107561E-17   -1.228503549175E-18   -2.056735202311E-18   -3.253840219673E-18    6.680370603979E-18    1.688035343657E-16    4.105804240624E-11   -6.269428746471E-06    0.000000000000E+00
  0.36306403882513300     
    0.000000000000E+00    2.111567580315E-04   -9.557499092635E-10   -3.863767171628E-15   -8.433552898037E-18    8.327704189655E-18   -1.412375307933E-17    7.168898457747E-18   -5.489397024926E-18   -6.891429080156E-18
   -2.111567580320E-04    0.000000000000E+00    4.977012517159E-05    3.299916971041E-10   -1.595749086580E-15    7.093076867134E-18   -3.581846318889E-18   -9.424832521693E-18   -7.918663739897E-18    7.038204520203E-18
    9.557498573754E-10   -4.977012517149E-05    0.000000000000E+00   -2.986207509924E-05    2.192404731792E-10    1.095046235762E-15   -2.260123100024E-17    2.073920139236E-18    8.327628085205E-20   -5.062313150303E-19
    3.847130914278E-15   -3.299916957016E-10    2.986207509922E-05    0.000000000000E+00    2.133005364221E-05    1.642418642277E-10    8.142088804868E-16   -6.899470118601E-18   -5.348237494319E-18   -2.237769897939E-18
    1.065931294114E-18    1.593522538528E-15   -2.192404550134E-10   -2.133005364228E-05    0.000000000000E+00   -1.659004172183E-05   -1.313248309171E-10   -7.152539576751E-16   -3.907894212536E-18   -8.689354080972E-18
   -1.013240872182E-17   -1.684816339078E-17   -1.094798610511E-15   -1.642418594013E-10    1.659004172183E-05    0.000000000000E+00   -1.357367049972E-05   -1.094066592388E-10    5.701167079347E-16   -6.158173620478E-18
    1.259197182585E-17    1.581699780558E-18    2.155644055623E-17   -8.131231003485E-16    1.313248405273E-10    1.357367049972E-05    0.000000000000E+00   -1.148541349969E-05    9.376133086076E-11   -5.303796794060E-16
   -5.828917877789E-18    7.672847411861E-18   -4.869328050849E-18    1.915257741899E-18    7.172889728713E-16    1.094066607742E-10    1.148541349970E-05    0.000000000000E+00    9.954025033212E-06   -8.203216108775E-11
    2.781624240698E-18    7.302995162881E-18    1.827249362346E-18    5.129284274437E-18    1.408899080162E-18   -5.733240674044E-16   -9.376133692178E-11   -9.954025033181E-06    0.000000000000E+00    8.782963264441E-06
    7.318483228318E-18   -9.033810776332E-18   -1.097035111527E-19    2.989603191419E-18    7.579912637761E-18    7.204112188809E-18    5.328977381329E-16    8.203216351925E-11   -8.782963264417E-06    0.000000000000E+00
  0.38473475654047395     
    0.000000000000E+00    2.920091537616E-04   -1.870038838069E-09   -1.075337791258E-14    2.279773859019E-18    4.940380698432E-18    3.306137716136E-18   -3.372342912110E-18    5.485482159415E-18    7.564504449045E-18
   -2.920091537619E-04    0.000000000000E+00    6.882721761239E-05    6.439457802852E-10   -4.335836634295E-15    1.089296304263E-18   -8.424563756197E-18    3.120861412357E-18    3.813805444461E-18    3.628725820748E-18
    1.870038802767E-09   -6.882721761249E-05    0.000000000000E+00   -4.129633055696E-05    4.276578525025E-10    3.078373328395E-15    2.292012130023E-17   -3.777147745403E-18    6.052265079946E-18    1.165259386378E-19
    1.076944765268E-14   -6.439457908513E-10    4.129633055698E-05    0.000000000000E+00    2.949737896929E-05    3.203336181336E-10    2.387131218899E-15    2.943378645605E-18   -9.475688450053E-19   -4.774749395967E-19
    9.255615254365E-19    4.345640778428E-15   -4.276578564897E-10   -2.949737896927E-05    0.000000000000E+00   -2.294240586506E-05   -2.561177807976E-10   -1.909606249418E-15   -6.208106965394E-18    9.751364069417E-18
   -7.387512197460E-18   -4.384727538546E-18   -3.079436129874E-15   -3.203335914725E-10    2.294240586510E-05    0.000000000000E+00   -1.877105934420E-05   -2.133647008459E-10    1.663386726136E-15    8.411776579795E-18
   -1.025757453527E-18    1.392666284874E-17   -2.305591969898E-17   -2.391958809454E-15    2.561177753021E-10    1.877105934419E-05    0.000000000000E+00   -1.588320406061E-05    1.828496653207E-10   -1.426688033155E-15
    1.739547964869E-18   -2.854132954483E-18    6.851492956075E-18    2.475687180835E-18    1.909506677197E-15    2.133647010158E-10    1.588320406060E-05    0.000000000000E+00    1.376544351893E-05   -1.599739909391E-10
   -4.585976286823E-18   -4.491700302690E-18   -7.782538609120E-18    2.593717023664E-18    7.496176970395E-18   -1.666241535469E-15   -1.828496596503E-10   -1.376544351893E-05    0.000000000000E+00    1.214597957567E-05
   -8.220984856900E-18   -2.279554472436E-18    1.211124966975E-18    1.370792297591E-18   -9.233222496522E-18   -7.851563892790E-18    1.425649810878E-15    1.599739888908E-10   -1.214597957569E-05    0.000000000000E+00
  0.40703361100118712     
    0.000000000000E+00    3.988280583223E-04   -3.576020552696E-09   -2.853075819659E-14    5.912033563018E-18   -1.552574735460E-17   -7.918950200796E-18   -5.042748068522E-18   -4.785818968080E-18    2.645013120651E-18
   -3.988280583225E-04    0.000000000000E+00    9.400467489357E-05    1.227893921695E-09   -1.150042692802E-14    1.207860750087E-17    5.370048029041E-18    4.690329073343E-18   -3.509421306147E-19    2.529643750560E-18
    3.576020648896E-09   -9.400467489348E-05    0.000000000000E+00   -5.640280490877E-05    8.151273556050E-10    8.164579945022E-15   -2.258698055482E-18    6.661797672630E-18    3.341030963966E-19    1.453346073159E-18
    2.851859943532E-14   -1.227893924285E-09    5.640280490875E-05    0.000000000000E+00    4.028771779202E-05    6.104783783480E-10    6.322922135398E-15    1.145407417725E-17    2.399004604923E-18   -3.394500320114E-18
   -1.030501159017E-17    1.149286839295E-14   -8.151273641691E-10   -4.028771779200E-05    0.000000000000E+00   -3.133489161622E-05   -4.880674644773E-10   -5.197394187335E-15    1.662528915712E-17   -7.191385683469E-18
    9.613401495241E-18   -7.481483956819E-18   -8.163713994997E-15   -6.104783925719E-10    3.133489161619E-05    0.000000000000E+00   -2.563763859498E-05   -4.065812629099E-10    4.359441480938E-15   -1.047236740198E-17
    1.091493779899E-17   -8.711125983331E-18    4.593553688720E-18   -6.315562896075E-15    4.880674699195E-10    2.563763859500E-05    0.000000000000E+00   -2.169338650340E-05    3.484254474109E-10   -3.737612198210E-15
    2.222834814734E-18   -2.626433186919E-18   -6.883839669521E-18   -1.075305091926E-17    5.196105346891E-15    4.065812574685E-10    2.169338650337E-05    0.000000000000E+00    1.880093496967E-05   -3.048310862180E-10
    6.885381397054E-18    5.408713409866E-19   -5.130648445070E-19   -2.442297436420E-18   -1.757882674965E-17   -4.355481319129E-15   -3.484254555624E-10   -1.880093496969E-05    0.000000000000E+00    1.658906026741E-05
   -1.948009513258E-18   -2.820436923598E-18   -1.518947887564E-18    2.918862083062E-18    6.053409520320E-18    8.816595068853E-18    3.738233027464E-15    3.048310850943E-10   -1.658906026740E-05    0.000000000000E+00
  0.42996060220727256     
    0.000000000000E+00    5.382341425802E-04   -6.689856649568E-09   -7.395795211744E-14   -1.777674249682E-17    9.051264796499E-18    2.572557215112E-18    4.528560048395E-18    3.942246742605E-18    1.770107431681E-18
   -5.382341425796E-04    0.000000000000E+00    1.268630041181E-04    2.290140792098E-09   -2.959041570227E-14   -1.715035354775E-17    3.837705715108E-18   -6.130204107425E-18    1.719810502466E-18   -5.366902611520E-19
    6.689856521072E-09   -1.268630041181E-04    0.000000000000E+00   -7.611780240234E-05    1.519610084986E-09    2.087515261079E-14   -5.466359691899E-18   -1.504221096418E-17   -9.839433271104E-18   -9.789299010647E-18
    7.396032342523E-14   -2.290140794778E-09    7.611780240233E-05    0.000000000000E+00    5.436985885940E-05    1.137919886864E-09    1.622970360251E-14   -6.523675250126E-18   -7.268443952810E-18    6.199834803342E-18
    3.064475296924E-17    2.958456063874E-14   -1.519610081587E-09   -5.436985885946E-05    0.000000000000E+00   -4.228766800221E-05   -9.096859085778E-10   -1.323734920125E-14   -8.928432701796E-18   -6.154622325521E-18
   -7.046859125280E-18    1.301379512531E-17   -2.086801331311E-14   -1.137919899929E-09    4.228766800222E-05    0.000000000000E+00   -3.459900109281E-05   -7.577798902357E-10    1.116845234415E-14   -2.112130442607E-19
   -1.033130495683E-17   -2.876899951526E-18    7.721828933894E-18   -1.623771573830E-14    9.096858961247E-10    3.459900109281E-05    0.000000000000E+00   -2.927607784769E-05    6.493755440317E-10   -9.738292292174E-15
   -1.185523738178E-18    7.087337323141E-18    1.499536592453E-17    2.155668396021E-18    1.324614370717E-14    7.577798789758E-10    2.927607784774E-05    0.000000000000E+00    2.537260080135E-05   -5.681187015865E-10
   -3.253130489311E-18    5.887159515905E-19    7.064183589332E-18    7.850744009661E-18    9.691720011724E-18   -1.117081920339E-14   -6.493755419165E-10   -2.537260080138E-05    0.000000000000E+00    2.238758894233E-05
   -3.398467134043E-18    3.555821039351E-18    9.079604916648E-18   -5.177841539484E-18    4.651131569798E-18    7.849064762026E-19    9.738402545224E-15    5.681187092820E-10   -2.238758894234E-05    0.000000000000E+00
  0.45351573015873009     
    0.000000000000E+00    7.180148284859E-04   -1.225427277794E-08   -1.855813665236E-13    4.430709411726E-18   -1.086161526470E-18   -5.793785183054E-18    2.397764890531E-18   -1.648110285837E-18   -3.385835778890E-18
   -7.180148284859E-04    0.000000000000E+00    1.692377182822E-04    4.181582458922E-09   -7.383808997292E-14   -6.450875474359E-18   -1.066795274272E-17    2.172688538611E-17   -1.528813544854E-19   -2.347010484282E-18
    1.225427294061E-08   -1.692377182823E-04    0.000000000000E+00   -1.015426308039E-04    2.773344639200E-09    5.215649290342E-14    9.292007126629E-18    4.123007456558E-18    1.028186654743E-17    9.753673727029E-18
    1.855749267328E-13   -4.181582441103E-09    1.015426308039E-04    0.000000000000E+00    7.253045057597E-05    2.076414353677E-09    4.034906704549E-14   -4.300548194147E-18    4.217608882820E-19   -3.890373903399E-18
   -1.330451714646E-17    7.383386375117E-14   -2.773344633790E-09   -7.253045057593E-05    0.000000000000E+00   -5.641257267047E-05   -1.659824390303E-09   -3.296166248198E-14    6.130995157154E-18    1.045468023893E-17
    6.252667472562E-18    6.812443093655E-18   -5.215148912510E-14   -2.076414346323E-09    5.641257267050E-05    0.000000000000E+00   -4.615574127599E-05   -1.382600623248E-09    2.786686159969E-14    1.175581774785E-17
    1.284984401885E-17    1.212537007429E-17   -1.037785940124E-17   -4.034933444517E-14    1.659824393897E-09    4.615574127600E-05    0.000000000000E+00   -3.905485800302E-05    1.184784648231E-09   -2.412487018062E-14
   -7.033609294456E-19   -1.983442017752E-17   -7.764448100050E-18    9.927676576825E-18    3.295771221405E-14    1.382600639517E-09    3.905485800301E-05    0.000000000000E+00    3.384754360269E-05   -1.036515779452E-09
   -1.432264662789E-19   -1.832060777088E-18   -7.157575312476E-18   -2.965291123088E-18   -6.379772277076E-18   -2.786342221190E-14   -1.184784646905E-09   -3.384754360265E-05    0.000000000000E+00    2.986547964946E-05
    4.809687102714E-18    4.796077662062E-19   -8.759325988580E-18    1.161885839016E-18   -7.686481346244E-18   -1.123331128353E-17    2.412758612361E-14    1.036515773482E-09   -2.986547964944E-05    0.000000000000E+00
  0.47769899485555994     
    0.000000000000E+00    9.471889837259E-04   -2.199708969039E-08   -4.520726813073E-13   -4.671927503445E-18   -1.202616382819E-17    1.197117106239E-17   -3.414936694947E-18   -2.408403181963E-18   -6.127810711651E-19
   -9.471889837256E-04    0.000000000000E+00    2.232545849611E-04    7.480845555718E-09   -1.787447189221E-13   -2.778862465239E-18    9.703908833245E-18   -2.046286054233E-17    2.480522633136E-18   -3.622968875358E-18
    2.199708949731E-08   -2.232545849610E-04    0.000000000000E+00   -1.339527505897E-04    4.959011285695E-09    1.260797361072E-13   -1.712556132096E-17   -1.893731310080E-17   -7.853971104289E-18   -5.346336730124E-18
    4.520870734891E-13   -7.480845548145E-09    1.339527505897E-04    0.000000000000E+00    9.568053614015E-05    3.712203726777E-09    9.762689385003E-14    1.693447451628E-17    8.733885407312E-18    9.838303611941E-18
   -9.220055929571E-19    1.787610349767E-13   -4.959011275693E-09   -9.568053614018E-05    0.000000000000E+00   -7.441819477696E-05   -2.967197663658E-09   -7.969786954546E-14    1.189962630085E-17    9.275738084043E-18
    1.029853840044E-17    8.604354526320E-19   -1.260842038074E-13   -3.712203725933E-09    7.441819477693E-05    0.000000000000E+00   -6.088761390896E-05   -2.471513567104E-09    6.733424859185E-14   -2.917024248959E-17
   -1.531540502048E-17   -1.203088577795E-17    1.483740818307E-17   -9.762828568790E-14    2.967197672302E-09    6.088761390896E-05    0.000000000000E+00   -5.152028869232E-05    2.117848193650E-09   -5.830473248631E-14
    2.806150598742E-18    1.693440312000E-17    2.366823673015E-17   -1.836438729477E-17    7.969087630049E-14    2.471513558004E-09    5.152028869232E-05    0.000000000000E+00    4.465091686688E-05   -1.852782030432E-09
    2.979492958840E-18   -1.389032446215E-18    7.237652837855E-18   -5.860846072111E-18   -8.635696666514E-18   -6.733588265394E-14   -2.117848192224E-09   -4.465091686693E-05    0.000000000000E+00    3.939786782385E-05
    4.477406869694E-19    2.006888873349E-18    5.615500058048E-18   -7.827951884572E-18   -7.190044862792E-18    3.121738186209E-17    5.830082277724E-14    1.852782031014E-09   -3.939786782386E-05    0.000000000000E+00
  0.50251039629776195     
    0.000000000000E+00    1.236037025910E-03   -3.872336587349E-08   -1.070635222930E-12    3.615969157484E-17   -2.489444614391E-18   -1.296987760383E-18    5.286057799553E-18   -3.748209973451E-18    5.346370816181E-19
   -1.236037025911E-03    0.000000000000E+00    2.913367219772E-04    1.312252718799E-08   -4.206508907284E-13    7.880605130514E-18   -3.288356684978E-18    6.314554561424E-18    2.538432856310E-18    7.292692531958E-18
    3.872336597383E-08   -2.913367219773E-04    0.000000000000E+00   -1.748020323067E-04    8.694232423271E-09    2.963758210321E-13    2.319848553287E-17    1.765629086181E-17    6.254007598368E-18    1.200105181468E-17
    1.070618799913E-12   -1.312252721503E-08    1.748020323066E-04    0.000000000000E+00    1.248585945172E-04    6.507144508372E-09    2.293267105610E-13   -8.496852573253E-18   -8.744587319653E-18   -1.539201102211E-18
   -2.840589568402E-17    4.206688249370E-13   -8.694232439046E-09   -1.248585945172E-04    0.000000000000E+00   -9.711224018362E-05   -5.200795705658E-09   -1.871549645198E-13    1.766884795809E-18   -1.731771038181E-17
    1.066963073201E-17   -9.812463751345E-18   -2.963774465303E-13   -6.507144506001E-09    9.711224018361E-05    0.000000000000E+00   -7.945546924257E-05   -4.331788757803E-09    1.581692810493E-13    2.897093257656E-17
    2.239348833745E-18    9.371189862305E-18   -2.593278778261E-17   -2.293268861549E-13    5.200795698115E-09    7.945546924255E-05    0.000000000000E+00   -6.723155089827E-05    3.711826439283E-09   -1.369614156421E-13
   -4.654369874821E-18   -6.032766775246E-18   -2.257501251880E-17    6.544903192324E-18    1.871590354709E-13    4.331788754415E-09    6.723155089828E-05    0.000000000000E+00    5.826734411223E-05   -3.247205276618E-09
    3.098002568779E-18   -1.742303602495E-18   -7.446121081835E-18    1.024492905997E-17   -4.574004874718E-18   -1.581656559124E-13   -3.711826443565E-09   -5.826734411218E-05    0.000000000000E+00    5.141236245208E-05
   -1.697006759246E-18   -6.686138567226E-18   -1.325002343368E-17    1.588520427193E-18    1.326365297488E-17   -3.105618610343E-17    1.369629454789E-13    3.247205275128E-09   -5.141236245209E-05    0.000000000000E+00
  0.52794993448533611     
    0.000000000000E+00    1.596086603311E-03   -6.689723371526E-08   -2.467014529048E-12    6.626997490509E-17    3.376551567360E-19   -1.881050483741E-18   -3.897946278532E-18    8.612862162370E-18    5.603636819573E-19
   -1.596086603312E-03    0.000000000000E+00    3.762012223765E-04    2.258606497475E-08   -9.630316732693E-13   -3.255546378585E-17    1.131486682885E-17    2.315824878983E-18   -1.097634362289E-18   -6.206711980081E-18
    6.689723372528E-08   -3.762012223765E-04    0.000000000000E+00   -2.257207314906E-04    1.495588345857E-08    6.775991398946E-13    2.627000857168E-17   -4.797850523005E-18    6.195417512791E-19   -7.709849686092E-18
    2.467008127170E-12   -2.258606499433E-08    2.257207314907E-04    0.000000000000E+00    1.612290939523E-04    1.119153928254E-08    5.241287398686E-13    3.763448064995E-17    9.775309250818E-18   -6.425240250564E-18
   -6.054340912433E-17    9.630182832135E-13   -1.495588344554E-08   -1.612290939523E-04    0.000000000000E+00   -1.254004064163E-04   -8.944004780753E-09   -4.276713178420E-13    7.233686135632E-18    3.888332142562E-18
   -6.061799328364E-18    4.038662772115E-17   -6.776046659942E-13   -1.119153926999E-08    1.254004064163E-04    0.000000000000E+00   -1.026003325257E-04   -7.449197106882E-09    3.613035017201E-13   -1.635275205248E-17
    1.064115768033E-18   -1.548592769577E-17   -2.125109288985E-17   -5.241263870918E-13    8.944004780682E-09    1.026003325257E-04    0.000000000000E+00   -8.681566598487E-05    6.382896891338E-09   -3.128446636719E-13
    5.119412698727E-18    1.293911699608E-19    6.287966725644E-18   -3.323567150182E-17    4.276719753124E-13    7.449197111074E-09    8.681566598485E-05    0.000000000000E+00    7.524024385440E-05   -5.583829253432E-09
   -7.623131033399E-18   -3.057378737057E-18   -1.011148112701E-18   -1.023174981723E-17   -9.366004537883E-18   -3.613149339759E-13   -6.382896892046E-09   -7.524024385440E-05    0.000000000000E+00    6.638845046041E-05
   -2.198031500139E-19    6.174247208119E-18    7.624053695019E-18    4.464517310879E-18   -5.049656193768E-18    1.580083731706E-17    3.128436754410E-13    5.583829258047E-09   -6.638845046041E-05    0.000000000000E+00
  0.55401760941828249     
    0.000000000000E+00    2.040044454663E-03   -1.134864833744E-07   -5.537408768876E-12    2.446772374690E-16   -4.739020325121E-18   -1.756143466098E-17   -4.468943871225E-18   -6.427392193175E-18   -1.030194355175E-19
   -2.040044454663E-03    0.000000000000E+00    4.808430937330E-04    3.816777419204E-08   -2.146724876104E-12   -9.755816940597E-17   -4.905595279358E-18    1.866131842195E-18   -2.215228654457E-18    2.609789049566E-18
    1.134864833666E-07   -4.808430937330E-04    0.000000000000E+00   -2.885058521057E-04    2.525892020599E-08    1.508519699012E-12    6.527672961459E-17    9.198381391452E-18   -2.845708964107E-18    2.403897604024E-18
    5.537397893653E-12   -3.816777415204E-08    2.885058521056E-04    0.000000000000E+00    2.060756087211E-04    1.889762445215E-08    1.166160169103E-12    1.767095371622E-17   -1.546479975382E-17    7.261621281465E-18
   -2.460709449577E-16    2.146709246320E-12   -2.525892020028E-08   -2.060756087212E-04    0.000000000000E+00   -1.602810290261E-04   -1.510116660217E-08   -9.513516458841E-13    5.275253042915E-17   -9.187970638911E-18
    2.344976362393E-18    9.895920586048E-17   -1.508516262981E-12   -1.889762446718E-08    1.602810290262E-04    0.000000000000E+00   -1.311390237572E-04   -1.257670741809E-08    8.036785724723E-13   -5.652831760380E-17
    2.156950532937E-17    6.512889730635E-19   -6.958272041666E-17   -1.166165886146E-12    1.510116660115E-08    1.311390237572E-04    0.000000000000E+00   -1.109637893371E-04    1.077612732234E-08   -6.957807618653E-13
    4.943643206472E-18   -5.127235467691E-18   -7.492381209612E-18   -2.202413255297E-17    9.513509164661E-13    1.257670742292E-08    1.109637893371E-04    0.000000000000E+00    9.616861742747E-05   -9.426899005803E-09
    7.037813732222E-18    5.336902404781E-18    2.894632242392E-18    1.317939715130E-17   -5.150621366222E-17   -8.036704708271E-13   -1.077612732143E-08   -9.616861742748E-05    0.000000000000E+00    8.485466243719E-05
    5.185518470528E-21   -2.892704281094E-18   -3.768102779993E-18   -6.624982611666E-18    1.284116764342E-17    5.370462549947E-17    6.957848327096E-13    9.426899011704E-09   -8.485466243718E-05    0.000000000000E+00
  0.58071342109660118     
    0.000000000000E+00    2.581666237135E-03   -1.891621556827E-07   -1.211666532162E-11    6.924017962234E-16    2.441756570172E-18    7.223274592442E-18    1.690692937503E-18    3.594469830460E-18   -1.502989283788E-19
   -2.581666237135E-03    0.000000000000E+00    6.085045764631E-04    6.336408445362E-08   -4.664118751142E-12   -2.837510666071E-16    6.767790486647E-18   -9.480652548066E-18   -5.138316626577E-22    5.730927327426E-18
    1.891621556850E-07   -6.085045764631E-04    0.000000000000E+00   -3.651027373018E-04    4.190797618098E-08    3.273117992480E-12    2.396967757839E-16    4.580530230840E-18    5.435382330810E-18   -1.186530292554E-18
    1.211667267964E-11   -6.336408446404E-08    3.651027373019E-04    0.000000000000E+00    2.607876696749E-04    3.134729559083E-08    2.529173648304E-12    2.011156201310E-16    8.097392201855E-19   -4.701734804293E-18
   -6.972135006557E-16    4.664141450325E-12   -4.190797621917E-08   -2.607876696749E-04    0.000000000000E+00   -2.028348542413E-04   -2.504740497940E-08   -2.062737114968E-12    1.455119411688E-16    1.531708936014E-17
   -5.055150915241E-18    2.857060187883E-16   -3.273125996292E-12   -3.134729558370E-08    2.028348542413E-04    0.000000000000E+00   -1.659557898534E-04   -2.085918236557E-08    1.742265609733E-12   -9.333509068055E-17
   -1.008533991093E-17   -5.487813982280E-19   -2.387518181442E-16   -2.529168007292E-12    2.504740498627E-08    1.659557898534E-04    0.000000000000E+00   -1.404241298852E-04    1.787227648273E-08   -1.508306431190E-12
    9.248854917700E-20    7.955021332721E-18   -6.189112205578E-18   -2.029093122951E-16    2.062729493658E-12    2.085918235806E-08    1.404241298852E-04    0.000000000000E+00    1.217009125724E-04   -1.563426586405E-08
   -4.164688862085E-18   -2.804187165992E-18   -4.983406029614E-20   -7.764412012171E-19   -1.459154800738E-16   -1.742267679333E-12   -1.787227647727E-08   -1.217009125723E-04    0.000000000000E+00    1.073831581549E-04
    4.961706226959E-19   -3.548371160135E-18    1.094007251244E-18    3.959881605276E-18   -1.670186493250E-17    9.758223043473E-17    1.508304167940E-12    1.563426585701E-08   -1.073831581549E-04    0.000000000000E+00
  0.60803736952029186     
    0.000000000000E+00    3.235558107693E-03   -3.099657078126E-07   -2.586909260284E-11    1.982964700939E-15    8.357429805084E-18   -6.859271408373E-19   -3.884572560234E-18    4.264785154728E-18   -3.984266353569E-18
   -3.235558107693E-03    0.000000000000E+00    7.626283763172E-04    1.033996099079E-07   -9.885252862165E-12   -8.331539263586E-16   -8.524779574742E-18    5.231832200424E-18    7.593669178475E-19   -8.368264296339E-18
    3.099657077812E-07   -7.626283763171E-04    0.000000000000E+00   -4.575770085034E-04    6.834356606417E-08    6.927546495168E-12    5.768721576209E-16   -7.801718130774E-18   -5.607626994360E-18   -9.645257440546E-19
    2.586912356239E-11   -1.033996099015E-07    4.575770085034E-04    0.000000000000E+00    3.268407207568E-04    5.111029806785E-08    5.349940573135E-12    4.707020386545E-16    1.007591617381E-18   -7.677072285076E-19
   -1.974133475531E-15    9.885240815902E-12   -6.834356605166E-08   -3.268407207568E-04    0.000000000000E+00   -2.542094495912E-04   -4.083464687026E-08   -4.362182086834E-12    3.740425502232E-16   -5.538292689202E-18
   -6.189787291924E-18    8.362126735527E-16   -6.927537699953E-12   -5.111029807524E-08    2.542094495912E-04    0.000000000000E+00   -2.079895497104E-04   -3.400482491832E-08    3.683982687641E-12   -3.499393751635E-16
    3.784503573693E-20    3.403816446780E-18   -5.793647222430E-16   -5.349936671294E-12    4.083464686663E-08    2.079895497104E-04    0.000000000000E+00   -1.759911574686E-04    2.913462549081E-08   -3.188924475821E-12
    2.073697563769E-18   -3.087357539448E-19    1.167499908896E-17   -4.715481580018E-16    4.362196087051E-12    3.400482493352E-08    1.759911574685E-04    0.000000000000E+00    1.525256698175E-04   -2.548579531448E-08
   -4.535078101242E-18    3.836461059740E-18    9.615124361783E-19   -7.300546287577E-19   -3.727108909775E-16   -3.683981148646E-12   -2.913462549018E-08   -1.525256698176E-04    0.000000000000E+00    1.345814733752E-04
    4.010379533547E-18    7.729125332117E-18    2.558096286867E-18    1.449415627572E-18    4.870701839921E-18    3.490207557082E-16    3.188925203625E-12    2.548579531932E-08   -1.345814733752E-04    0.000000000000E+00
  0.63598945468935497     
    0.000000000000E+00    4.016906644694E-03   -4.995760086943E-07   -5.392939712374E-11    5.281598359843E-15    4.323230318448E-19    5.736453933853E-18    7.396064845299E-18   -2.408947128654E-19    7.256055166108E-18
   -4.016906644694E-03    0.000000000000E+00    9.467940065388E-04    1.659388108616E-07   -2.045343069869E-11   -2.168042387448E-15   -4.115324173998E-18    1.047803644791E-17   -6.936824553600E-18   -1.327375085737E-18
    4.995760087385E-07   -9.467940065389E-04    0.000000000000E+00   -5.680763700582E-04    1.096079687138E-07    1.431246218184E-11    1.563621784020E-15    3.963842228295E-18   -7.737661032116E-19    4.569167991953E-19
    5.392939841483E-11   -1.659388108804E-07    5.680763700582E-04    0.000000000000E+00    4.057688366384E-04    8.195150077719E-08    1.104731209162E-11    1.240964983514E-15    1.345002265756E-17    5.406076815685E-18
   -5.290398373985E-15    2.045342045935E-11   -1.096079687090E-07   -4.057688366383E-04    0.000000000000E+00   -3.155979843045E-04   -6.546866413803E-08   -9.005279222769E-12    1.045296685781E-15   -2.037301912336E-18
    2.982759523787E-18    2.162004708836E-15   -1.431246568407E-11   -8.195150079166E-08    3.155979843046E-04    0.000000000000E+00   -2.582165327128E-04   -5.451569725619E-08    7.603966460016E-12   -8.833592899410E-16
   -4.483806313573E-18    6.254391172996E-20   -1.559545688071E-15   -1.104731199457E-11    6.546866412147E-08    2.582165327128E-04    0.000000000000E+00   -2.184909123429E-04    4.670638594196E-08   -6.581617334526E-12
   -1.026843468398E-17   -1.288198146591E-17   -4.365455455416E-18   -1.237115577016E-15    9.005275172287E-12    5.451569724595E-08    2.184909123429E-04    0.000000000000E+00    1.893587907227E-04   -4.085599713440E-08
    1.440052873950E-18    5.620224415540E-18    1.121318005991E-18   -1.323898454791E-17   -1.042400479645E-15   -7.603968736217E-12   -4.670638594685E-08   -1.893587907227E-04    0.000000000000E+00    1.670812859467E-04
   -4.174320529564E-18    1.849238192237E-18   -3.552860322911E-19   -4.839211548857E-18    4.046432330963E-18    8.844334785264E-16    6.581612500846E-12    4.085599713144E-08   -1.670812859467E-04    0.000000000000E+00
  0.66456967660379018     
    0.000000000000E+00    4.941137225503E-03   -7.923249900595E-07   -1.098567135653E-10    1.394610404048E-14   -1.806512109009E-17   -3.712629305842E-18   -3.191436144593E-18   -2.279984047946E-18   -7.928398708443E-18
   -4.941137225504E-03    0.000000000000E+00    1.164637266928E-03    2.620238468688E-07   -4.134482714485E-11   -5.574133616674E-15    1.054131263833E-17   -5.974593921860E-18    6.427404241997E-18    6.702586947871E-18
    7.923249901152E-07   -1.164637266928E-03    0.000000000000E+00   -6.987822956554E-04    1.729582408080E-07    2.888819721500E-11    4.059988021584E-15   -2.945235671867E-17    6.004366677785E-18    4.817499474163E-18
    1.098566972821E-10   -2.620238468804E-07    6.987822956554E-04    0.000000000000E+00    4.991302130944E-04    1.292876014165E-07    2.228504844942E-11    3.212516836949E-15   -5.019501612446E-18   -2.996304342621E-18
   -1.393771215117E-14    4.134484424648E-11   -1.729582408035E-07   -4.991302130944E-04    0.000000000000E+00   -3.882123885094E-04   -1.032733249475E-07   -1.816078198959E-11    2.664402416060E-15   -1.495878101814E-18
    1.318886643778E-17    5.571316786919E-15   -2.888820206352E-11   -1.292876014023E-07    3.882123885094E-04    0.000000000000E+00   -3.176283180878E-04   -8.599076482203E-08    1.533240979159E-11   -2.277606640491E-15
    1.294473601299E-18   -4.342288142207E-18   -4.064299258726E-15   -2.228505522200E-11    1.032733249662E-07    3.176283180878E-04    0.000000000000E+00   -2.687624231003E-04    7.367019536277E-08   -1.326966983411E-11
    4.458347493265E-18    6.256940268132E-18    2.372162606582E-17   -3.214003839249E-15    1.816078068104E-11    8.599076482095E-08    2.687624231003E-04    0.000000000000E+00    2.329274334086E-04   -6.444093983456E-08
    1.493334186740E-18   -8.113332342066E-18   -6.605407285761E-18    4.401272728064E-18   -2.664457490278E-15   -1.533241047708E-11   -7.367019536471E-08   -2.329274334086E-04    0.000000000000E+00    2.055242059811E-04
    3.397563701903E-18   -7.018432519530E-18   -3.787756755436E-18    3.225266803887E-18    9.357654947996E-19    2.273893002654E-15    1.326967128653E-11    6.444093983353E-08   -2.055242059811E-04    0.000000000000E+00
  0.69377803526359760     
    0.000000000000E+00    6.023505074801E-03   -1.237120938271E-06   -2.188134319649E-10    3.526936149870E-14   -7.741379879427E-18    9.624714325852E-18    1.771512528143E-18    1.361229059344E-18    2.979656105505E-18
   -6.023505074800E-03    0.000000000000E+00    1.419753853014E-03    4.072828145183E-07   -8.170593824481E-11   -1.406587034788E-14   -2.141894033857E-18    8.561339350248E-19   -4.554810264982E-18   -3.061575832569E-19
    1.237120938210E-06   -1.419753853014E-03    0.000000000000E+00   -8.518521923466E-04    2.686546746311E-07    5.700106341625E-11    1.021690165462E-14    1.651038543273E-17   -2.655992759690E-18   -2.909253942671E-18
    2.188134416573E-10   -4.072828145013E-07    8.518521923466E-04    0.000000000000E+00    6.084658557139E-04    2.007742089649E-07    4.394633355112E-11    8.044501887002E-15    5.711697854167E-18   -3.972536181361E-18
   -3.529834314655E-14    8.170591203279E-11   -2.686546746381E-07   -6.084658557139E-04    0.000000000000E+00   -4.732512222662E-04   -1.603587137227E-07   -3.580307414713E-11    6.655281426294E-15    1.674239643565E-17
    1.119926860239E-17    1.406616275547E-14   -5.700105436293E-11   -2.007742089572E-07    4.732512222662E-04    0.000000000000E+00   -3.872055459475E-04   -1.335153014952E-07    3.022221339207E-11   -5.685418497262E-15
   -3.754643417086E-18    3.628249588074E-18   -1.021435480077E-14   -4.394632666472E-11    1.603587137165E-07    3.872055459476E-04    0.000000000000E+00   -3.276354621730E-04    1.143815362502E-07   -2.615366007610E-11
   -3.522238958170E-18   -3.043645761823E-18   -1.280307884920E-17   -8.040771496562E-15    3.580307739460E-11    1.335153014984E-07    3.276354621730E-04    0.000000000000E+00    2.839507339997E-04   -1.000497882294E-07
   -7.038468202091E-19    3.460615675997E-18    2.849752689830E-18   -4.158668798894E-18   -6.657667225893E-15   -3.022221398646E-11   -1.143815362535E-07   -2.839507339997E-04    0.000000000000E+00    2.505447653620E-04
   -4.974737901932E-19   -3.602532884762E-21    3.037179563150E-18    5.547428714423E-18   -1.813749224840E-17    5.688625019357E-15    2.615366514849E-11    1.000497882249E-07   -2.505447653620E-04    0.000000000000E+00
  0.72361453066877723     
    0.000000000000E+00    7.278627633931E-03   -1.902438283821E-06   -4.264244058243E-10    8.707656141175E-14   -2.940756482292E-17   -1.896590481368E-17   -9.023567064733E-18    1.181566135829E-18    1.074697488872E-18
   -7.278627633932E-03    0.000000000000E+00    1.715589133904E-03    6.234507663462E-07   -1.579604037459E-10   -3.435653585134E-14    5.240319060784E-18    1.729364734830E-18    1.982806920958E-18   -2.071863890429E-18
    1.902438283776E-06   -1.715589133904E-03    0.000000000000E+00   -1.029353265201E-03    4.109516509523E-07    1.100244129964E-10    2.480500562380E-14    1.340663551847E-18    1.217889559056E-18   -2.755700476184E-18
    4.264243927892E-10   -6.234507663550E-07    1.029353265201E-03    0.000000000000E+00    7.352523406040E-04    3.070431981156E-07    8.477529784513E-11    1.955982137889E-14   -6.757278110044E-18    1.654498821878E-18
   -8.704704199348E-14    1.579604171438E-10   -4.109516509440E-07   -7.352523406040E-04    0.000000000000E+00   -5.718629339615E-04   -2.452089074508E-07   -6.904614459442E-11    1.616143314874E-14   -1.689868402556E-17
    2.764757470985E-17    3.435608089688E-14   -1.100244125337E-10   -3.070431981057E-07    5.718629339615E-04    0.000000000000E+00   -4.678878560013E-04   -2.041497589288E-07    5.827393565348E-11   -1.379062878677E-14
    1.376773567393E-17   -1.382138162624E-17   -2.480306209277E-14   -8.477529612551E-11    2.452089074538E-07    4.678878560012E-04    0.000000000000E+00   -3.959051093718E-04    1.748872804423E-07   -5.042383021187E-11
    9.830601795095E-18    1.506038332100E-18   -1.099731311860E-18   -1.956676854198E-14    6.904613789830E-11    2.041497589418E-07    3.959051093718E-04    0.000000000000E+00    3.431177616957E-04   -1.529707564938E-07
   -9.613632936541E-19   -1.906395004151E-18   -2.588837343317E-20    3.558222202256E-18   -1.616198999080E-14   -5.827392909605E-11   -1.748872804333E-07   -3.431177616957E-04    0.000000000000E+00    3.027509663424E-04
   -9.910445875041E-19    2.495920807533E-18    1.691825683128E-19   -2.673427267939E-18    1.898469919854E-17    1.379102502970E-14    5.042382777209E-11    1.529707564975E-07   -3.027509663424E-04    0.000000000000E+00
  0.75407916281932896     
    0.000000000000E+00    8.719971378156E-03   -2.882518137590E-06   -8.135581090799E-10    2.086526071461E-13    6.766436519778E-17   -4.045482963663E-18    2.459111653608E-19    5.434998094020E-18   -4.823472626527E-18
   -8.719971378156E-03    0.000000000000E+00    2.055317192175E-03    9.402395829169E-07   -2.989330626824E-10   -8.148066201737E-14   -7.672757704916E-18    1.205167013739E-17   -1.578440124780E-18    2.480652390765E-18
    2.882518137677E-06   -2.055317192175E-03    0.000000000000E+00   -1.233189938627E-03    6.193135230537E-07    2.078793257105E-10    5.871705534969E-14    2.463251631656E-17    7.941825719056E-18   -4.548724920497E-18
    8.135581128571E-10   -9.402395829311E-07    1.233189938627E-03    0.000000000000E+00    8.808499728889E-04    4.626069439594E-07    1.600756406005E-10    4.623416665896E-14   -1.421130105709E-17   -8.151981966088E-18
   -2.086702427093E-13    2.989330517070E-10   -6.193135230660E-07   -8.808499728888E-04    0.000000000000E+00   -6.851055392568E-04   -3.694025737813E-07   -1.303362900671E-10    3.826408556362E-14   -1.314790184118E-17
   -7.134159537955E-17    8.148217104911E-14   -2.078793266261E-10   -4.626069439615E-07    6.851055392567E-04    0.000000000000E+00   -5.605408976500E-04   -3.075290120356E-07    1.099832318852E-10   -3.260826035849E-14
    4.441979388645E-18    1.049101408610E-17   -5.872138282579E-14   -1.600756388662E-10    3.694025737854E-07    5.605408976499E-04    0.000000000000E+00   -4.743038373736E-04    2.634386849721E-07   -9.515742056553E-11
    5.123028972070E-19   -1.380826538811E-17   -2.537623289563E-17   -4.622940028437E-14    1.303362976724E-10    3.075290120355E-07    4.743038373736E-04    0.000000000000E+00    4.110633262068E-04   -2.304196135928E-07
   -7.670216484886E-18    3.170755411371E-18   -9.368461315681E-18    1.716648624985E-17   -3.826445532947E-14   -1.099832430034E-10   -2.634386849710E-07   -4.110633262068E-04    0.000000000000E+00    3.627029351707E-04
    4.864863964572E-18   -3.260843637199E-18    5.406911433588E-18    5.395182818686E-18    9.982415165935E-18    3.260797810495E-14    9.515742154040E-11    2.304196135871E-07   -3.627029351707E-04    0.000000000000E+00
  0.78517193171525301     
    0.000000000000E+00    1.035931038768E-02   -4.304890577841E-06   -1.520405092794E-09    4.869552013901E-13    1.279673409093E-16   -5.673003737816E-18   -2.287202756883E-18   -2.757570176664E-18    2.703977385585E-18
   -1.035931038768E-02    0.000000000000E+00    2.441713203777E-03    1.397580881853E-06   -5.540980816541E-10   -1.881253732053E-13   -4.781949412438E-17    1.183719407581E-18   -1.494398478173E-18   -6.012987004460E-18
    4.304890577841E-06   -2.441713203777E-03    0.000000000000E+00   -1.465027281370E-03    9.198702070306E-07    3.846868749998E-10    1.352742619733E-13    3.607588712431E-17   -1.251596826633E-19    8.072438540664E-18
    1.520405110066E-09   -1.397580881856E-06    1.465027281370E-03    0.000000000000E+00    1.046448090984E-03    6.869400985237E-07    2.960393498926E-10    1.064012149330E-13   -2.267623282390E-17   -4.806319414183E-20
   -4.869563309356E-13    5.540980812367E-10   -9.198702070134E-07   -1.046448090984E-03    0.000000000000E+00   -8.139040801727E-04   -5.484747847671E-07   -2.409664294280E-10    8.786669891838E-14   -1.599237732930E-17
   -1.254594946234E-16    1.881287656149E-13   -3.846868800772E-10   -6.869400985230E-07    8.139040801727E-04    0.000000000000E+00   -6.659215238637E-04   -4.565789194760E-07    2.033025886567E-10   -7.496649880903E-14
    5.488489495407E-18    5.241588503631E-17   -1.352748083824E-13   -2.960393547091E-10    5.484747847632E-07    6.659215238637E-04    0.000000000000E+00   -5.634720604234E-04    3.911047530818E-07   -1.758782257427E-10
    3.512460708864E-18    6.218629054557E-19   -3.426425697905E-17   -1.064015646677E-13    2.409664161058E-10    4.565789194633E-07    5.634720604234E-04    0.000000000000E+00    4.883424533162E-04   -3.420759038589E-07
    4.504473255073E-18    7.935092116422E-19    2.982022864403E-18    2.057077306512E-17   -8.786591445756E-14   -2.033025862341E-10   -3.911047530919E-07   -4.883424533162E-04    0.000000000000E+00    4.308904005397E-04
   -8.485270314045E-19    6.923477869559E-18   -7.329794154751E-18    1.737254962872E-18    2.025868996116E-17    7.496635766922E-14    1.758782278714E-10    3.420759038633E-07   -4.308904005397E-04    0.000000000000E+00
  0.81689283735654927     
    0.000000000000E+00    1.220617750981E-02   -6.339274516733E-06   -2.784765014844E-09    1.106847405499E-12    4.016917217652E-16    4.123556884950E-18   -3.137532652199E-18    9.776341641399E-19    4.575174952288E-19
   -1.220617750981E-02    0.000000000000E+00    2.877024067674E-03    2.048247940654E-06   -1.006541953473E-09   -4.231842345386E-13   -1.514812724656E-16    1.436623865495E-18    1.851582187656E-18    1.046915479392E-17
    6.339274516717E-06   -2.877024067674E-03    0.000000000000E+00   -1.726213381710E-03    1.347115163186E-06    6.976287478008E-10    3.034716601512E-13    1.073680935603E-16   -9.318239658677E-18   -5.616443321372E-18
    2.784765005461E-09   -2.048247940621E-06    1.726213381710E-03    0.000000000000E+00    1.233009621478E-03    1.005740585185E-06    5.365247350564E-10    2.384493107532E-13   -1.059527195854E-16    3.266140638785E-20
   -1.106837160662E-12    1.006541963093E-09   -1.347115163189E-06   -1.233009621478E-03    0.000000000000E+00   -9.590075014403E-04   -8.029212713864E-07   -4.365775622186E-10    1.969119276579E-13   -8.542485807515E-17
   -4.000451390552E-16    4.231838770222E-13   -6.976287440992E-10   -1.005740585193E-06    9.590075014404E-04    0.000000000000E+00   -7.846425083287E-04   -6.683511632141E-07    3.682740221786E-10   -1.678788681204E-13
   -2.984027741322E-18    1.513574804275E-16   -3.034668280694E-13   -5.365247403643E-10    8.029212713891E-07    7.846425083287E-04    0.000000000000E+00   -6.639282796777E-04    5.724867646098E-07   -3.185611907528E-10
    3.343030943524E-18   -4.133009660890E-18   -1.074382966708E-16   -2.384509680457E-13    4.365775672620E-10    6.683511632213E-07    6.639282796776E-04    0.000000000000E+00    5.754045108773E-04   -5.007075668854E-07
   -2.314562149397E-18   -1.093427868528E-18    5.670314812093E-18    1.079911915401E-16   -1.969093649392E-13   -3.682740189951E-10   -5.724867646092E-07   -5.754045108773E-04    0.000000000000E+00    5.077098636047E-04
   -4.936492403092E-18   -1.084254288771E-17    5.878723306712E-18   -4.436127101627E-20    8.423592626682E-17    1.678773990544E-13    3.185611816737E-10    5.007075668777E-07   -5.077098636047E-04    0.000000000000E+00
  0.84924187974321752     
    0.000000000000E+00    1.426733150239E-02   -9.207831790369E-06   -5.001507699843E-09    2.452223631795E-12    1.112051382831E-15   -9.355000824714E-18   -3.543145045748E-18    1.805346865894E-18   -4.368632448539E-18
   -1.426733150239E-02    0.000000000000E+00    3.362842796016E-03    2.960837819964E-06   -1.792853961689E-09   -9.276900859727E-13   -4.326493524458E-16    5.918218800483E-18   -1.117661641676E-17   -4.073645441413E-18
    9.207831790344E-06   -3.362842796016E-03    0.000000000000E+00   -2.017703980705E-03    1.945832219738E-06    1.240508790146E-09    6.635961741151E-13    3.235496080858E-16    7.107430978666E-18   -5.655317295718E-19
    5.001507722579E-09   -2.960837819953E-06    2.017703980705E-03    0.000000000000E+00    1.441217247637E-03    1.452359405456E-06    9.534202462761E-10    5.208813076404E-13   -2.469809394761E-16    1.117560813420E-18
   -2.452221490027E-12    1.792853964826E-09   -1.945832219738E-06   -1.441217247637E-03    0.000000000000E+00   -1.120946782108E-03   -1.159336699407E-06   -7.755654875836E-10    4.298974414306E-13   -2.271165178511E-16
   -1.110681586106E-15    9.276896352383E-13   -1.240508785293E-09   -1.452359405454E-06    1.120946782108E-03    0.000000000000E+00   -9.171382897054E-04   -9.649693146478E-07    6.541093322117E-10   -3.664132983114E-13
    9.036494469365E-18    4.307396069869E-16   -6.635962964602E-13   -9.534202409571E-10    1.159336699404E-06    9.171382897054E-04    0.000000000000E+00   -7.760400976766E-04    8.265279030469E-07   -5.657490005345E-10
    3.030425569518E-18   -2.307896751290E-18   -3.261138742820E-16   -5.208838973750E-13    7.755654862209E-10    9.649693146354E-07    7.760400976766E-04    0.000000000000E+00    6.725680880794E-04   -7.228786339614E-07
   -1.011891866090E-18    1.152538331766E-17   -7.050074468892E-18    2.453388097661E-16   -4.298973344694E-13   -6.541093323884E-10   -8.265279030347E-07   -6.725680880794E-04    0.000000000000E+00    5.934424326612E-04
    6.927038240650E-18    2.477785545718E-18    1.437974437744E-18   -1.779380289632E-18    2.273393079319E-16    3.664129229482E-13    5.657490026584E-10    7.228786339668E-07   -5.934424326612E-04    0.000000000000E+00
  0.88221905887525820     
    0.000000000000E+00    1.654626484817E-02   -1.319664911326E-05   -8.812777021602E-09    5.299348853500E-12    2.951592915256E-15   -1.726878443374E-17    5.288687125814E-19   -6.661423860442E-18   -5.436957537703E-19
   -1.654626484817E-02    0.000000000000E+00    3.899992481066E-03    4.223063882202E-06   -3.132944532039E-09   -1.983684740901E-12   -1.137690772170E-15   -1.328672155718E-18    4.680643301791E-18    5.940667526240E-18
    1.319664911327E-05   -3.899992481066E-03    0.000000000000E+00   -2.339992855812E-03    2.773217554287E-06    2.164027141515E-09    1.415391219964E-12    8.396301045984E-16   -4.799916135800E-19   -5.428556204429E-18
    8.812776996661E-09   -4.223063882247E-06    2.339992855812E-03    0.000000000000E+00    1.671423686427E-03    2.069373870082E-06    1.662122521777E-09    1.109851467994E-12   -6.845424797576E-16    2.956422083767E-18
   -5.299357834003E-12    3.132944536126E-09   -2.773217554280E-06   -1.671423686427E-03    0.000000000000E+00   -1.299996262976E-03   -1.651666617195E-06   -1.351629946080E-09    9.154684123897E-13   -5.378327196818E-16
   -2.942349622876E-15    1.983682756904E-12   -2.164027141554E-09   -2.069373870079E-06    1.299996262976E-03    0.000000000000E+00   -1.063633330777E-03   -1.374669144351E-06    1.139753314523E-09   -7.800172673187E-13
    1.216562647055E-17    1.136816916383E-15   -1.415390912654E-12   -1.662122516231E-09    1.651666617201E-06    1.063633330777E-03    0.000000000000E+00   -8.999974454820E-04    1.177403418841E-06   -9.856786567382E-10
   -3.447710484073E-18    1.734568983020E-18   -8.361421426238E-16   -1.109848194484E-12    1.351629949946E-09    1.374669144353E-06    8.999974454819E-04    0.000000000000E+00    7.799977923856E-04   -1.029727254041E-06
    6.640074742334E-18   -4.618980517814E-18    2.942130316299E-18    6.822966152488E-16   -9.154704885249E-13   -1.139753308762E-09   -1.177403418851E-06   -7.799977923856E-04    0.000000000000E+00    6.882333499065E-04
    1.684396308526E-20   -3.413776655406E-18    4.000035738193E-18   -9.582705672730E-19    5.373068868197E-16    7.800177610399E-13    9.856786625256E-10    1.029727254037E-06   -6.882333499065E-04    0.000000000000E+00
  0.91582437475267109     
    0.000000000000E+00    1.904277678463E-02   -1.866819749587E-05   -1.524169477916E-08    1.117778783897E-11    7.659942956079E-15    5.574353340636E-18   -3.865970095362E-18    4.245608053860E-18    3.489788976018E-18
   -1.904277678463E-02    0.000000000000E+00    4.488425620350E-03    5.945272866124E-06   -5.373715886730E-09   -4.140292212866E-12   -2.914416080469E-15    4.780444040519E-18   -9.427918379027E-18    2.399463894989E-18
    1.866819749579E-05   -4.488425620350E-03    0.000000000000E+00   -2.693051428019E-03    3.901139884830E-06    3.705394786158E-09    2.946591351739E-12    2.114411497162E-15    6.441559852341E-18    9.014189542122E-18
    1.524169479759E-08   -5.945272866097E-06    2.693051428019E-03    0.000000000000E+00    1.923608555380E-03    2.910261614009E-06    2.844120929261E-09    2.308061632037E-12   -1.675875812538E-15   -3.580257106331E-18
   -1.117778356503E-11    5.373715881099E-09   -3.901139884847E-06   -1.923608555380E-03    0.000000000000E+00   -1.496140099924E-03   -2.322538983839E-06   -2.312076030734E-09    1.902778395265E-12   -1.412360803804E-15
   -7.669063054377E-15    4.140290253817E-12   -3.705394786477E-09   -2.910261614024E-06    1.496140099924E-03    0.000000000000E+00   -1.224114671704E-03   -1.932904781471E-06    1.949285916670E-09   -1.620772681384E-12
    4.445344513185E-19    2.916429791930E-15   -2.946594772438E-12   -2.844120935989E-09    2.322538983822E-06    1.224114671704E-03    0.000000000000E+00   -1.035789358752E-03    1.655466992204E-06   -1.685584607854E-09
    2.967567897283E-18   -1.026195578767E-17   -2.117150846841E-15   -2.308058755249E-12    2.312076030514E-09    1.932904781474E-06    1.035789358752E-03    0.000000000000E+00    8.976841222683E-04   -1.447792756334E-06
   -4.619661016371E-18    6.462815943499E-18   -8.697115818044E-18    1.678737624233E-15   -1.902776155685E-12   -1.949285922636E-09   -1.655466992212E-06   -8.976841222683E-04    0.000000000000E+00    7.920742321658E-04
   -1.604354697230E-18   -3.835036838250E-18   -9.036688233481E-18    1.270023545871E-18    1.410114481700E-15    1.620773597857E-12    1.685584607632E-09    1.447792756342E-06   -7.920742321658E-04    0.000000000000E+00
  0.95005782737545608     
    0.000000000000E+00    2.175263442353E-02   -2.607437948193E-05   -2.588602776062E-08    2.302596669541E-11    1.911637523269E-14    7.201161506881E-18   -6.266289987716E-18    8.956442858302E-18   -1.466408653305E-18
   -2.175263442353E-02    0.000000000000E+00    5.127144187310E-03    8.264061642707E-06   -9.051567942358E-09   -8.440046715972E-12   -7.190698304587E-15   -6.406406353388E-19   -5.666970691930E-18   -4.681543668033E-18
    2.607437948199E-05   -5.127144187310E-03    0.000000000000E+00   -3.076280831506E-03    5.418456875452E-06    6.230604702041E-09    5.991344112452E-12    5.219379263622E-15    6.412222951657E-19   -1.182233315894E-17
    2.588602772163E-08   -8.264061642707E-06    3.076280831506E-03    0.000000000000E+00    2.197344143589E-03    4.041114210302E-06    4.779199970171E-09    4.687984134744E-12   -4.138955979053E-15   -2.762125837424E-18
   -2.302597249890E-11    9.051567927136E-09   -5.418456875471E-06   -2.197344143589E-03    0.000000000000E+00   -1.709045643355E-03   -3.224626442356E-06   -3.883895701435E-09    3.862688503823E-12   -3.443256283441E-15
   -1.911683518114E-14    8.440043757214E-12   -6.230604698023E-09   -4.041114210293E-06    1.709045643355E-03    0.000000000000E+00   -1.398310150352E-03   -2.683480075204E-06    3.273865076743E-09   -3.289143363569E-12
   -6.588730724840E-18    7.191642078201E-15   -5.991344304710E-12   -4.779199956780E-09    3.224626442370E-06    1.398310150352E-03    0.000000000000E+00   -1.183185549173E-03    2.298218483366E-06   -2.830648330221E-09
    1.027886784708E-17    1.042883393114E-18   -5.218826022544E-15   -4.687988157665E-12    3.883895703359E-09    2.683480075196E-06    1.183185549173E-03    0.000000000000E+00    1.025427495980E-03   -2.009861306616E-06
   -6.579762543016E-18    8.707726068826E-18    1.688720443100E-18    4.138382794202E-15   -3.862690519676E-12   -3.273865073053E-09   -2.298218483353E-06   -1.025427495980E-03    0.000000000000E+00    9.047889787508E-04
   -7.198988500524E-19    3.296928534088E-18    1.285297740996E-17    2.107359556680E-18    3.444725161119E-15    3.289142818622E-12    2.830648332069E-09    2.009861306623E-06   -9.047889787508E-04    0.000000000000E+00
  0.98491941674361339     
    0.000000000000E+00    2.466734167839E-02   -3.596962919874E-05   -4.319237173689E-08    4.635263480044E-11    4.642361043101E-14    2.683449373725E-17   -7.727543359618E-18    5.082552814523E-18   -4.457422935151E-18
   -2.466734167839E-02    0.000000000000E+00    5.814145091285E-03    1.134582947633E-05   -1.497984325456E-08   -1.681484504162E-11   -1.725963085416E-14   -7.612335638804E-18    1.861387666989E-18    5.793578731090E-18
    3.596962919873E-05   -5.814145091285E-03    0.000000000000E+00   -3.488479241836E-03    7.433280759536E-06    1.029340634059E-08    1.190573494065E-11    1.247226590458E-14   -1.112741925868E-17    4.477386344124E-18
    4.319237174788E-08   -1.134582947633E-05    3.488479241835E-03    0.000000000000E+00    2.491772084902E-03    5.542310736589E-06    7.890318516656E-09    9.305858292864E-12   -9.905538005705E-15    1.378927423897E-17
   -4.635262285986E-11    1.497984328204E-08   -7.433280759503E-06   -2.491772084901E-03    0.000000000000E+00   -1.938045298043E-03   -4.421975846924E-06   -6.410096511436E-09    7.663473573345E-12   -8.249769094784E-15
   -4.642333562623E-14    1.681484757991E-11   -1.029340634910E-08   -5.542310736600E-06    1.938045298043E-03    0.000000000000E+00   -1.585673561512E-03   -3.679652346791E-06    5.402281135766E-09   -6.523386172068E-12
   -2.962382326457E-17    1.726006360588E-14   -1.190572696892E-11   -7.890318532047E-09    4.421975846916E-06    1.585673561512E-03    0.000000000000E+00   -1.341723847417E-03    3.151247852113E-06   -4.670379887654E-09
    4.869850798836E-18    1.312798038826E-17   -1.247876174055E-14   -9.305856214086E-12    6.410096508130E-09    3.679652346795E-06    1.341723847417E-03    0.000000000000E+00    1.162827369084E-03   -2.755790617450E-06
   -7.335491047076E-18   -4.752477971454E-18    1.206287878219E-17    9.906701087654E-15   -7.663477779853E-12   -5.402281141204E-09   -3.151247852119E-06   -1.162827369084E-03    0.000000000000E+00    1.026024169453E-03
    4.852220797393E-18   -4.421139695427E-18   -2.870144690610E-18   -1.020180868405E-17    8.248181855562E-15    6.523386416516E-12    4.670379887534E-09    2.755790617440E-06   -1.026024169453E-03    0.000000000000E+00
   1.0204091428571429     
    0.000000000000E+00    2.777403124002E-02   -4.902339029976E-05   -7.083558758503E-08    9.123836511621E-11    1.095436945662E-13    1.155401943074E-16   -1.102287424116E-18    1.227713933705E-19    1.186816427086E-18
   -2.777403124002E-02    0.000000000000E+00    6.546394616409E-03    1.539006554704E-05   -2.436841288992E-08   -3.275948715424E-11   -4.027945857578E-14   -4.534216534341E-17   -2.926803563230E-18    5.660548454619E-18
    4.902339029977E-05   -6.546394616409E-03    0.000000000000E+00   -3.927826629908E-03    1.007506346010E-05    1.671573269858E-08    2.313593791324E-11    2.901393979010E-14   -2.831908218712E-17   -6.517495486073E-18
    7.083558760469E-08   -1.539006554703E-05    3.927826629908E-03    0.000000000000E+00    2.805592482466E-03    7.510054942788E-06    1.280474680972E-08    1.806444476748E-11   -2.297606096920E-14    2.252758659856E-17
   -9.123837250741E-11    2.436841286783E-08   -1.007506346012E-05   -2.805592482466E-03    0.000000000000E+00   -2.182128068624E-03   -5.991228289217E-06   -1.039916491684E-08    1.486798377479E-11   -1.911430581809E-14
   -1.095432746011E-13    3.275949173260E-11   -1.671573269638E-08   -7.510054942774E-06    2.182128068624E-03    0.000000000000E+00   -1.785377741228E-03   -4.985144723716E-06    8.762545742148E-09   -1.265209044027E-11
   -1.169900928659E-16    4.027283038801E-14   -2.313594072734E-11   -1.280474680551E-08    5.991228289221E-06    1.785377741228E-03    0.000000000000E+00   -1.510704352215E-03    4.269100633054E-06   -7.574519572890E-09
    3.393511952844E-18    4.299316421635E-17   -2.900957843426E-14   -1.806444887417E-11    1.039916491874E-08    4.985144723721E-06    1.510704352216E-03    0.000000000000E+00    1.309277164073E-03   -3.733265970647E-06
   -7.994375110835E-20    5.818477120377E-18    2.805706331725E-17    2.297708639216E-14   -1.486797625685E-11   -8.762545741345E-09   -4.269100633047E-06   -1.309277164073E-03    0.000000000000E+00    1.155244590925E-03
   -1.377195585875E-18   -3.663075611244E-18    2.443243904954E-18   -2.434121059736E-17    1.911773752620E-14    1.265209030253E-11    7.574519568477E-09    3.733265970645E-06   -1.155244590925E-03    0.000000000000E+00
   1.0565270057160445     
    0.000000000000E+00    3.105548931192E-02   -6.603117617175E-05   -1.142321159014E-07    1.757014565489E-10    2.516106870903E-13    3.293121689977E-16   -5.316493090781E-18   -5.755047827903E-18   -1.418491414638E-18
   -3.105548931192E-02    0.000000000000E+00    7.319834128789E-03    2.063214238107E-05   -3.898355484046E-08   -6.245036270398E-11   -9.142925842259E-14   -1.094818089532E-16    2.757456719574E-18   -5.189080646616E-18
    6.603117617175E-05   -7.319834128789E-03    0.000000000000E+00   -4.391888333184E-03    1.349635346957E-05    2.669492843484E-08    4.399232772207E-11    6.566073963871E-14   -9.138633624827E-17   -6.404913727886E-20
    1.142321158856E-07   -2.063214238111E-05    4.391888333184E-03    0.000000000000E+00    3.137066479936E-03    1.005766646952E-05    2.043548706099E-08    3.431245165819E-11   -5.192061457930E-14    7.096639740134E-17
   -1.757014532474E-10    3.898355485231E-08   -1.349635346955E-05   -3.137066479936E-03    0.000000000000E+00   -2.439941565263E-03   -8.022642454172E-06   -1.659090295829E-08    2.822538784886E-11   -4.314040942855E-14
   -2.516104578908E-13    6.245035947369E-11   -2.669492844169E-08   -1.005766646953E-05    2.439941565263E-03    0.000000000000E+00   -1.996316210114E-03   -6.674994616967E-06    1.397723008952E-08   -2.401092191182E-11
   -3.266804277899E-16    9.143160560741E-14   -4.399233406530E-11   -2.043548706176E-08    8.022642454187E-06    1.996316210114E-03    0.000000000000E+00   -1.689190821955E-03    5.716002980567E-06   -1.208079970200E-08
    5.592097482586E-18    1.087842283345E-16   -6.565846950654E-14   -3.431244946359E-11    1.659090295403E-08    6.674994616974E-06    1.689190821955E-03    0.000000000000E+00    1.463965477009E-03   -4.998433373901E-06
    4.945041553245E-18   -2.725460644862E-18    8.767036592267E-17    5.191953596313E-14   -2.822539330998E-11   -1.397723008021E-08   -5.716002980577E-06   -1.463965477009E-03    0.000000000000E+00    1.291734301708E-03
    7.691598640691E-19    2.924379332598E-18    8.353616886521E-19   -7.218612188974E-17    4.313810750140E-14    2.401092012940E-11    1.208079970179E-08    4.998433373907E-06   -1.291734301708E-03    0.000000000000E+00
   1.0932730053203183     
    0.000000000000E+00    3.449031659965E-02   -8.792332945912E-05   -1.812188341106E-07    3.312151733866E-10    5.628875046320E-13    8.921693827543E-16   -5.969693949935E-18    8.040583956510E-18   -5.756172912659E-18
   -3.449031659965E-02    0.000000000000E+00    8.129417880467E-03    2.734536747338E-05   -6.135692080934E-08   -1.165570542236E-10   -2.022344674468E-13   -3.335590827392E-16   -5.340723850924E-18    5.570966575194E-18
    8.792332945913E-05   -8.129417880467E-03    0.000000000000E+00   -4.877637963708E-03    1.787406584278E-05    4.194350674350E-08    8.189903818239E-11    1.447530706504E-13   -2.395495099462E-16   -8.240962834370E-18
    1.812188341249E-07   -2.734536747334E-05    4.877637963707E-03    0.000000000000E+00    3.484032652049E-03    1.331650871713E-05    3.208727520975E-08    6.381062229974E-11   -1.142889860528E-13    1.991522314090E-16
   -3.312151684221E-10    6.135692081679E-08   -1.787406584281E-05   -3.484032652049E-03    0.000000000000E+00   -2.709804759824E-03   -1.062082794601E-05   -2.604209439570E-08    5.246169173891E-11   -9.491757284878E-14
   -5.628858408044E-13    1.165570548610E-10   -4.194350673774E-08   -1.331650871712E-05    2.709804759824E-03    0.000000000000E+00   -2.217113613366E-03   -8.836160800452E-06    2.193544749115E-08   -4.461391953162E-11
   -8.930062047057E-16    2.022337183501E-13   -8.189903401856E-11   -3.208727521806E-08    1.062082794600E-05    2.217113613366E-03    0.000000000000E+00   -1.876019510034E-03    7.566379951163E-06   -1.895705968142E-08
    6.946047673576E-18    3.307411424494E-16   -1.447565259788E-13   -6.381061948051E-11    2.604209440388E-08    8.836160800442E-06    1.876019510034E-03    0.000000000000E+00    1.625883735637E-03   -6.616351885362E-06
   -8.236483917821E-18    4.047897065890E-18    2.432747408808E-16    1.142899667680E-13   -5.246169602138E-11   -2.193544749943E-08   -7.566379951151E-06   -1.625883735637E-03    0.000000000000E+00    1.434603389861E-03
    7.295706562806E-18   -6.744876034880E-18    9.759488475624E-18   -1.993685754560E-16    9.491911088705E-14    4.461392154528E-11    1.895705968340E-08    6.616351885361E-06   -1.434603389861E-03    0.000000000000E+00
   1.1306471416699644     
    0.000000000000E+00    3.805322255449E-02   -1.157705575743E-04   -2.829306648318E-07    6.115336579766E-10    1.227304651118E-12    2.324966575133E-15   -4.114738172571E-18    1.172029260503E-19    3.840060724946E-18
   -3.805322255449E-02    0.000000000000E+00    8.969182214794E-03    3.584204108491E-05   -9.505252731298E-08   -2.131048511161E-10   -4.361252335670E-13   -8.215539943395E-16   -4.563625338989E-18   -1.465029642398E-18
    1.157705575742E-04   -8.969182214794E-03    0.000000000000E+00   -5.381499262703E-03    2.341010495725E-05    6.486721179970E-08    1.493627920654E-10    3.111185845970E-13   -5.942151676654E-16    1.993865138593E-18
    2.829306647953E-07   -3.584204108487E-05    5.381499262703E-03    0.000000000000E+00    3.843936937579E-03    1.743643493513E-05    4.959148508954E-08    1.162514673679E-10   -2.453230441614E-13    4.746818066916E-16
   -6.115336638752E-10    9.505252730806E-08   -2.341010495723E-05   -3.843936937579E-03    0.000000000000E+00   -2.989731277622E-03   -1.390509451090E-05   -4.023546714838E-08    9.552343938648E-11   -2.035554095512E-13
   -1.227306133049E-12    2.131048487785E-10   -6.486721179012E-08   -1.743643493514E-05    2.989731277622E-03    0.000000000000E+00   -2.446144781845E-03   -1.156781099374E-05    3.388438181036E-08   -8.120794833877E-11
   -2.325617382459E-15    4.361280285760E-13   -1.493627965201E-10   -4.959148508927E-08    1.390509451090E-05    2.446144781845E-03    0.000000000000E+00   -2.069815295462E-03    9.905100235520E-06   -2.928021177611E-08
    1.145911784314E-18    8.262032735608E-16   -3.111134035063E-13   -1.162514746603E-10    4.023546714542E-08    1.156781099375E-05    2.069815295462E-03    0.000000000000E+00    1.793840180307E-03   -8.661206752047E-06
    3.577843651591E-19    4.720473158720E-18    5.947336066113E-16    2.453193131972E-13   -9.552343499162E-11   -3.388438181118E-08   -9.905100235519E-06   -1.793840180307E-03    0.000000000000E+00    1.582800309699E-03
   -5.092511789560E-18    3.877891544960E-18   -4.272333060662E-18   -4.726110936893E-16    2.035545793931E-13    8.120794871849E-11    2.928021177734E-08    8.661206752048E-06   -1.582800309699E-03    0.000000000000E+00
   1.1686494147649826     
    0.000000000000E+00    4.171544353526E-02   -1.507853384331E-04   -4.349094653265E-07    1.106471352686E-09    2.610184338467E-12    5.831075065753E-15    4.301987886034E-18    8.569105927549E-18   -4.334654164545E-18
   -4.171544353526E-02    0.000000000000E+00    9.832343992985E-03    4.647328042761E-05   -1.450001723064E-07   -3.818931267521E-10   -9.173673837681E-13   -2.068121081674E-15   -1.239408466387E-17    4.700178427617E-18
    1.507853384331E-04   -9.832343992985E-03    0.000000000000E+00   -5.899405624256E-03    3.033118872971E-05    9.878675429734E-08    2.669998787645E-10    6.523997028359E-13   -1.490815441989E-15    9.319225489130E-19
    4.349094653348E-07   -4.647328042764E-05    5.899405624256E-03    0.000000000000E+00    4.213875204020E-03    2.258564105863E-05    7.547392789977E-08    2.075931632891E-10   -5.137081501334E-13    1.186012382427E-15
   -1.106471351643E-09    1.450001723181E-07   -3.033118872970E-05   -4.213875204020E-03    0.000000000000E+00   -3.277462517008E-03   -1.800932870028E-05   -6.121514776548E-08    1.704859466979E-10   -4.259039469328E-13
   -2.610183931098E-12    3.818931245567E-10   -9.878675430869E-08   -2.258564105863E-05    3.277462517008E-03    0.000000000000E+00   -2.681561835346E-03   -1.498121655956E-05    5.154303288822E-08   -1.448899387572E-10
   -5.834114776674E-15    9.173657545952E-13   -2.669998704325E-10   -7.547392789887E-08    1.800932870027E-05    2.681561835346E-03    0.000000000000E+00   -2.269014618992E-03    1.282738460060E-05   -4.453435395390E-08
   -7.891486064614E-19    2.062257754584E-15   -6.524006764716E-13   -2.075931619033E-10    6.121514776420E-08    1.498121655955E-05    2.269014618992E-03    0.000000000000E+00    1.966479743346E-03   -1.121622856253E-05
   -6.250222868513E-18    1.275255216419E-17    1.486137988208E-15    5.137111408813E-13   -1.704859467082E-10   -5.154303289189E-08   -1.282738460061E-05   -1.966479743346E-03    0.000000000000E+00    1.735129423220E-03
    3.519838459796E-18   -6.264923371321E-18   -1.781633151903E-18   -1.187110356736E-15    4.259058909990E-13    1.448899375354E-10    4.453435395200E-08    1.121622856253E-05   -1.735129423220E-03    0.000000000000E+00
   1.2072798246053731     
    0.000000000000E+00    4.544526978476E-02   -1.943183731630E-04   -6.584731201276E-07    1.962909790089E-09    5.417972310509E-12    1.419892290701E-14    2.460089578067E-17   -1.008676821964E-18   -2.133756111293E-19
   -4.544526978476E-02    0.000000000000E+00    1.071142471254E-02    5.962740045462E-05   -2.179022610943E-07   -6.711513351238E-10   -1.883972157326E-12   -4.983657823083E-15    1.270212441232E-17    5.135411202808E-19
    1.943183731630E-04   -1.071142471254E-02    0.000000000000E+00   -6.426875203381E-03    3.888774349454E-05    1.482075990762E-07    4.680846242770E-10    1.335664678273E-12   -3.569827371673E-15    6.524480578574E-19
    6.584731201388E-07   -5.962740045464E-05    6.426875203381E-03    0.000000000000E+00    4.590646956696E-03    2.894982925591E-05    1.131587806274E-07    3.635607558070E-10   -1.050252121336E-12    2.835027083119E-15
   -1.962909795272E-09    2.179022610655E-07   -3.888774349456E-05   -4.590646956696E-03    0.000000000000E+00   -3.570509440487E-03   -2.308132188768E-05   -9.175118547791E-08    2.984136628070E-10   -8.701081146027E-13
   -5.417974389516E-12    6.711513349045E-10   -1.482075990751E-07   -2.894982925591E-05    3.570509440487E-03    0.000000000000E+00   -2.921328382234E-03   -1.919919124570E-05    7.724032566513E-08   -2.535307854917E-10
   -1.419526511314E-14    1.883975341400E-12   -4.680846312684E-10   -1.131587806192E-07    2.308132188768E-05    2.921328382234E-03    0.000000000000E+00   -2.471894424541E-03    1.643832415397E-05   -6.672987431090E-08
   -2.675736880444E-17    4.982647804935E-15   -1.335667138115E-12   -3.635607522803E-10    9.175118547767E-08    1.919919124572E-05    2.471894424541E-03    0.000000000000E+00    2.142309133385E-03   -1.437327135401E-05
    1.348582732006E-19   -1.329695700021E-17    3.570322632107E-15    1.050248993307E-12   -2.984136606781E-10   -7.724032566030E-08   -1.643832415396E-05   -2.142309133385E-03    0.000000000000E+00    1.890273134371E-03
    2.658563119575E-18    1.009585292073E-18    1.803643916547E-18   -2.833324245842E-15    8.701060666148E-13    2.535307869725E-10    6.672987431490E-08    1.437327135400E-05   -1.890273134371E-03    0.000000000000E+00
   1.2465383711911358     
    0.000000000000E+00    4.920866127740E-02   -2.478494119116E-04   -9.823665860292E-07    3.416082543512E-09    1.098366422665E-11    3.351816481167E-14    8.162253303109E-17    2.545712906098E-18   -7.903844759742E-18
   -4.920866127740E-02    0.000000000000E+00    1.159839565867E-02    7.572668902300E-05   -3.227186061441E-07   -1.157343114264E-09   -3.779699951446E-12   -1.163145726223E-14    3.060306630917E-17    3.787945237741E-18
    2.478494119116E-04   -1.159839565867E-02    0.000000000000E+00   -6.959098845885E-03    4.935177050641E-05    2.191405487966E-07    8.052248639803E-10    2.671481574192E-12   -8.310634194258E-15    3.156695893243E-17
    9.823665860356E-07   -7.572668902297E-05    6.959098845885E-03    0.000000000000E+00    4.970818220565E-03    3.673060989477E-05    1.672106227858E-07    6.247786583448E-10   -2.097718806587E-12    6.587717355592E-15
   -3.416082541943E-09    3.227186061611E-07   -4.935177050639E-05   -4.970818220565E-03    0.000000000000E+00   -3.866201504270E-03   -2.928149252488E-05   -1.355347061178E-07    5.125507136506E-10   -1.736625540861E-12
   -1.098366468273E-11    1.157343118609E-09   -2.191405487987E-07   -3.673060989477E-05    3.866201504270E-03    0.000000000000E+00   -3.163259561220E-03   -2.435502668788E-05    1.140788767353E-07   -4.353240766073E-10
   -3.351794284509E-14    3.779700105784E-12   -8.052248615068E-10   -1.672106227934E-07    2.928149252487E-05    3.163259561220E-03    0.000000000000E+00   -2.676606044758E-03    2.085196806445E-05   -9.854465119484E-08
   -8.183808818133E-17    1.163992039535E-14   -2.671482824386E-12   -6.247786591714E-10    1.355347061200E-07    2.435502668788E-05    2.676606044758E-03    0.000000000000E+00    2.319726205024E-03   -1.823201445075E-05
   -2.819961470568E-18   -2.926056454930E-17    8.313029262727E-15    2.097721706640E-12   -5.125507129480E-10   -1.140788767343E-07   -2.085196806445E-05   -2.319726205024E-03    0.000000000000E+00    2.046817804730E-03
    5.857055360891E-18   -3.052134247664E-18   -3.053186554367E-17   -6.588594371929E-15    1.736627344449E-12    4.353240782518E-10    9.854465118769E-08    1.823201445075E-05   -2.046817804730E-03    0.000000000000E+00
   1.2864250545222706     
    0.000000000000E+00    5.296992886174E-02   -3.129719912238E-04   -1.444705510722E-06    5.835104373245E-09    2.176071538105E-11    7.696986845017E-14    2.625254925264E-16    7.182863632002E-18   -3.471993134640E-19
   -5.296992886174E-02    0.000000000000E+00    1.248483858401E-02    9.522247748310E-05   -4.712302442382E-07   -1.959276517587E-09   -7.412562677233E-12   -2.642215608284E-14    7.859719450591E-17    5.012465119650E-18
    3.129719912238E-04   -1.248483858401E-02    0.000000000000E+00   -7.491037566761E-03    6.201362682755E-05    3.194735126940E-07    1.359942137191E-09    5.223472308579E-12   -1.882084829743E-14    5.319951177702E-17
    1.444705510715E-06   -9.522247748311E-05    7.491037566761E-03    0.000000000000E+00    5.350791257747E-03    4.614310075543E-05    2.436147817781E-07    1.054125509142E-09   -4.096102928854E-12    1.488001186300E-14
   -5.835104377679E-09    4.712302442355E-07   -6.201362682757E-05   -5.350791257747E-03    0.000000000000E+00   -4.161740908917E-03   -3.678097031794E-05   -1.974038151711E-07    8.643209862366E-10   -3.388535969645E-12
   -2.176071943769E-11    1.959276509980E-09   -3.194735126904E-07   -4.614310075543E-05    4.161740908917E-03    0.000000000000E+00   -3.405066438531E-03   -3.059089802923E-05    1.661244978756E-07   -7.338656257297E-10
   -7.697177898118E-14    7.412563933750E-12   -1.359942139356E-09   -2.436147817757E-07    3.678097031793E-05    3.405066438531E-03    0.000000000000E+00   -2.881212772750E-03    2.618995804458E-05   -1.434874094001E-07
   -2.627663840891E-16    2.641726416544E-14   -5.223469653137E-12   -1.054125509722E-09    1.974038151699E-07    3.059089802923E-05    2.881212772750E-03    0.000000000000E+00    2.497052523623E-03   -2.289876825286E-05
   -6.334233756085E-18   -7.665571326549E-17    1.882204414870E-14    4.096101986861E-12   -8.643209855250E-10   -1.661244978779E-07   -2.618995804458E-05   -2.497052523623E-03    0.000000000000E+00    2.203282488679E-03
    1.334807533090E-18   -4.423399482187E-18   -5.442931991189E-17   -1.487955491932E-14    3.388533953613E-12    7.338656204739E-10    1.434874094013E-07    2.289876825286E-05   -2.203282488679E-03    0.000000000000E+00
   1.3269398745987775     
    0.000000000000E+00    5.669245487135E-02   -3.913718863636E-04   -2.095207802586E-06    9.787743167297E-09    4.215875780522E-11    1.721289854194E-13    6.600308500261E-16    3.731097534198E-18    5.077095446774E-20
   -5.669245487135E-02    0.000000000000E+00    1.336211589008E-02    1.185884834642E-04   -6.786787173989E-07   -3.257963817402E-09   -1.421960765103E-11   -5.844869553829E-14    2.282214895087E-16    4.478065944918E-18
    3.913718863636E-04   -1.336211589008E-02    0.000000000000E+00   -8.017525983778E-03    7.717771298216E-05    4.593918327763E-07    2.256113615931E-09    9.990892201259E-12   -4.147970128247E-14    1.622435101809E-16
    2.095207802615E-06   -1.185884834642E-04    8.017525983778E-03    0.000000000000E+00    5.726878554577E-03    5.741271917229E-05    3.500938956399E-07    1.747040909959E-09   -7.824131861631E-12    3.275569763626E-14
   -9.787743167303E-09    6.786787174036E-07   -7.717771298215E-05   -5.726878554577E-03    0.000000000000E+00   -4.454260175282E-03   -4.575903936944E-05   -2.835985252235E-07    1.431731002477E-09   -6.467909293403E-12
   -4.215874930375E-11    3.257963829931E-09   -4.593918327728E-07   -5.741271917229E-05    4.454260175282E-03    0.000000000000E+00   -3.644403127582E-03   -3.805573740557E-05    2.386199707429E-07   -1.215263759844E-09
   -1.721306764117E-13    1.421960460938E-11   -2.256113614805E-09   -3.500938956350E-07    4.575903936945E-05    3.644403127582E-03    0.000000000000E+00   -3.083729738321E-03    3.257970777568E-05   -2.060819555063E-07
   -6.623022318621E-16    5.844853348713E-14   -9.990890807579E-12   -1.747040906996E-09    2.835985252213E-07    3.805573740557E-05    3.083729738321E-03    0.000000000000E+00    2.672567927802E-03   -2.848488245093E-05
   -6.210704943002E-18   -2.294591425969E-16    4.147807717292E-14    7.824130832379E-12   -1.431731004299E-09   -2.386199707427E-07   -3.257970777567E-05   -2.672567927802E-03    0.000000000000E+00    2.358149431538E-03
   -2.663856817656E-19   -5.494590795357E-18   -1.632373925304E-16   -3.275723964586E-14    6.467909560686E-12    1.215263763852E-09    2.060819555092E-07    2.848488245092E-05   -2.358149431538E-03    0.000000000000E+00
   1.3680828314206568     
    0.000000000000E+00    6.033942658304E-02   -4.847993850354E-04   -2.997689474121E-06    1.613053043733E-08    7.992048126536E-11    3.750565003714E-13    1.680697714573E-15   -3.605153939868E-18   -4.256978492950E-18
   -6.033942658304E-02    0.000000000000E+00    1.422154410157E-02    1.463124862361E-04   -9.644716986458E-07   -5.323961859131E-09   -2.669847934434E-11   -1.260672023435E-13    5.654041597477E-16   -7.572943055907E-19
    4.847993850354E-04   -1.422154410157E-02    0.000000000000E+00   -8.533377992413E-03    9.515711425890E-05    6.518409064143E-07    3.678423674938E-09    1.870481062495E-11   -8.915102414750E-14    4.036313507796E-16
    2.997689474091E-06   -1.463124862361E-04    8.533377992413E-03    0.000000000000E+00    6.095378424922E-03    7.077120316569E-05    4.964558789767E-07    2.845653859092E-09   -1.462919179208E-11    7.028682618231E-14
   -1.613053043064E-08    9.644716986398E-07   -9.515711425891E-05   -6.095378424922E-03    0.000000000000E+00   -4.740880981978E-03   -5.639996943915E-05   -4.020407871943E-07    2.330880412062E-09   -1.208479359946E-11
   -7.992048414533E-11    5.323961854297E-09   -6.518409064172E-07   -7.077120316568E-05    4.740880981978E-03    0.000000000000E+00   -3.878914942565E-03   -4.690259972880E-05    3.382197816664E-07   -1.977875715574E-09
   -3.750538651907E-13    2.669847745511E-11   -3.678423674131E-09   -4.964558789821E-07    5.639996943913E-05    3.878914942565E-03    0.000000000000E+00   -3.282164659919E-03    4.015214828987E-05   -2.920694297988E-07
   -1.679909591604E-15    1.260649753199E-13   -1.870481428837E-11   -2.845653862455E-09    4.020407871985E-07    4.690259972880E-05    3.282164659919E-03    0.000000000000E+00    2.844545851328E-03   -3.510477508822E-05
    2.710069785120E-18   -5.655448693365E-16    8.914978993150E-14    1.462919231684E-11   -2.330880412929E-09   -3.382197816658E-07   -4.015214828986E-05   -2.844545851328E-03    0.000000000000E+00    2.509895238005E-03
    1.558907789976E-18   -8.020273510375E-19   -4.016125099854E-16   -7.028431241287E-14    1.208479372926E-11    1.977875715178E-09    2.920694297949E-07    3.510477508822E-05   -2.509895238005E-03    0.000000000000E+00
   1.4098539249879083     
    0.000000000000E+00    6.387455652886E-02   -5.950358095892E-04   -4.232778884411E-06    2.613138407567E-08    1.483367956797E-10    7.969204315651E-13    4.098365807056E-15   -1.228669747741E-17   -3.459960453522E-18
   -6.387455652886E-02    0.000000000000E+00    1.505456457102E-02    1.788864810480E-04   -1.352939550774E-06   -8.554197122599E-09   -4.909418477503E-11   -2.651741797036E-13    1.359577856646E-15   -7.687884690618E-19
    5.950358095892E-04   -1.505456457102E-02    0.000000000000E+00   -9.033491041016E-03    1.162672983524E-04    9.130208009117E-07    5.897146549090E-09    3.429869964455E-11   -1.869104607500E-13    9.669777654968E-16
    4.232778884423E-06   -1.788864810480E-04    9.033491041016E-03    0.000000000000E+00    6.452649627456E-03    8.645193889719E-05    6.949654361174E-07    4.557735404267E-09   -2.679105933706E-11    1.471232564265E-13
   -2.613138407781E-08    1.352939550771E-06   -1.162672983524E-04   -6.452649627456E-03    0.000000000000E+00   -5.018772239922E-03   -6.888929728401E-05   -5.626332573638E-07    3.731391836131E-09   -2.211600180585E-11
   -1.483367949595E-10    8.554197118168E-09   -9.130208009153E-07   -8.645193889719E-05    5.018772239922E-03    0.000000000000E+00   -4.106285929414E-03   -5.728557244112E-05    4.732404612899E-07   -3.165353308149E-09
   -7.969190717223E-13    4.909418804169E-11   -5.897146549377E-09   -6.949654361183E-07    6.888929728402E-05    4.106285929414E-03    0.000000000000E+00   -3.474558070485E-03    4.903908361292E-05   -4.086239473265E-07
   -4.097451346713E-15    2.651751456972E-13   -3.429869525008E-11   -4.557735402336E-09    5.626332573601E-07    5.728557244112E-05    3.474558070485E-03    0.000000000000E+00    3.011288189468E-03   -4.287362125011E-05
    1.318741573396E-17   -1.358784572583E-15    1.869112233191E-13    2.679106123282E-11   -3.731391832447E-09   -4.732404612919E-07   -4.903908361293E-05   -3.011288189468E-03    0.000000000000E+00    2.657021638896E-03
    5.445220405718E-18    1.097358512273E-18   -9.683900712091E-16   -1.471224912625E-13    2.211600189056E-11    3.165353308998E-09    4.086239473264E-07    4.287362125011E-05   -2.657021638896E-03    0.000000000000E+00
   1.4522531553005318     
    0.000000000000E+00    6.726276558669E-02   -7.238550327284E-04   -5.900779297117E-06    4.163287514590E-08    2.697240352839E-10    1.652451650590E-12    9.723385627468E-15   -4.996823110928E-17   -2.138414861209E-18
   -6.726276558669E-02    0.000000000000E+00    1.585290579619E-02    2.167955415755E-04   -1.874120718039E-06   -1.352050624476E-08   -8.846657940573E-11   -5.445154962094E-13    3.206121171982E-15   -1.452953706755E-17
    7.238550327283E-04   -1.585290579619E-02    0.000000000000E+00   -9.512945612878E-03    1.408190254302E-04    1.262898301441E-06    9.300724369489E-09    6.163664990723E-11   -3.825729372459E-13    2.272662889756E-15
    5.900779297112E-06   -2.167955415754E-04    9.512945612878E-03    0.000000000000E+00    6.795182570279E-03    1.046847111855E-04    9.607280883569E-07    7.181580500254E-09   -4.808490556954E-11    3.006800668664E-13
   -4.163287514770E-08    1.874120718051E-06   -1.408190254302E-04   -6.795182570279E-03    0.000000000000E+00   -5.285205515781E-03   -8.340965131910E-05   -7.775678907831E-07    5.876654813622E-09   -3.966699995883E-11
   -2.697240438819E-10    1.352050624984E-08   -1.262898301434E-06   -1.046847111855E-04    5.285205515781E-03    0.000000000000E+00   -4.324284228966E-03   -6.935630686645E-05    6.539190394830E-07   -4.983752484663E-09
   -1.652450506663E-12    8.846657677875E-11   -9.300724366104E-09   -9.607280883632E-07    8.340965131912E-05    4.324284228966E-03    0.000000000000E+00   -3.659021709630E-03    5.937022317389E-05   -5.645751671278E-07
   -9.725245436887E-15    5.445206252146E-13   -6.163665129967E-11   -7.181580499454E-09    7.775678907854E-07    6.935630686645E-05    3.659021709630E-03    0.000000000000E+00    3.171158576483E-03   -5.190475954888E-05
    5.092382821962E-17   -3.208134168959E-15    3.825752338139E-13    4.808490297333E-11   -5.876654817789E-09   -6.539190394807E-07   -5.937022317388E-05   -3.171158576483E-03    0.000000000000E+00    2.798084856136E-03
    1.664828670041E-18    1.473738267835E-17   -2.270107867515E-15   -3.006835948506E-13    3.966700033051E-11    4.983752482336E-09    5.645751671276E-07    5.190475954889E-05   -2.798084856136E-03    0.000000000000E+00
   1.4952805223585279     
    0.000000000000E+00    7.047080778446E-02   -8.729810233143E-04   -8.124585002137E-06    6.526496267636E-08    4.807579155502E-10    3.346145122226E-12    2.237232554258E-14   -1.380067806267E-16   -2.794439779121E-18
   -7.047080778446E-02    0.000000000000E+00    1.660873242519E-02    2.605056932924E-04   -2.564547218919E-06   -2.103226190352E-08   -1.563112944774E-10   -1.092262082483E-12    7.307450419692E-15   -4.335067117357E-17
    8.729810233143E-04   -1.660873242519E-02    0.000000000000E+00   -9.967096915946E-03    1.691106739980E-04    1.725717689335E-06    1.443769102650E-08    1.086163697170E-10   -7.650124480443E-13    5.141822245442E-15
    8.124585002122E-06   -2.605056932924E-04    9.967096915946E-03    0.000000000000E+00    7.119664956394E-03    1.256900286236E-04    1.312072598842E-06    1.113798895368E-08   -8.463213245721E-11    6.003637688120E-13
   -6.526496267456E-08    2.564547218910E-06   -1.691106739980E-04   -7.119664956394E-03    0.000000000000E+00   -5.537606133685E-03   -1.001362404444E-04   -1.061632973505E-06    9.109827870437E-09   -6.976961462683E-11
   -4.807579034625E-10    2.103226190268E-08   -1.725717689346E-06   -1.256900286236E-04    5.537606133685E-03    0.000000000000E+00   -4.530803904967E-03   -8.326027168784E-05    8.926700621701E-07   -7.723500773042E-09
   -3.346149366474E-12    1.563113020617E-10   -1.443769102599E-08   -1.312072598834E-06    1.001362404444E-04    4.530803904967E-03    0.000000000000E+00   -3.833773924902E-03    7.126997704778E-05   -7.706295502676E-07
   -2.236818303367E-14    1.092254570023E-12   -1.086163675353E-10   -1.113798895310E-08    1.061632973504E-06    8.326027168783E-05    3.833773924902E-03    0.000000000000E+00    3.322613071205E-03   -6.230689166163E-05
    1.353385783011E-16   -7.307013363033E-15    7.650116976141E-13    8.463213326349E-11   -9.109827869512E-09   -8.926700621659E-07   -7.126997704778E-05   -3.322613071205E-03    0.000000000000E+00    2.931722680895E-03
    3.367572437363E-18    4.338830444612E-17   -5.144198674514E-15   -6.003623877643E-13    6.976961314581E-11    7.723500771808E-09    7.706295502721E-07    6.230689166163E-05   -2.931722680895E-03    0.000000000000E+00
   1.5389360261618958     
    0.000000000000E+00    7.346781958811E-02   -1.044042705123E-03   -1.105253286013E-05    1.007163047101E-07    8.404680993334E-10    6.621633618727E-12    5.008191295610E-14   -3.630139406163E-16   -3.350718947537E-18
   -7.346781958811E-02    0.000000000000E+00    1.731477690527E-02    3.104511603889E-04   -3.467995412583E-06   -3.221546779613E-08   -2.709662789195E-10   -2.141778943713E-12    1.621120260411E-14   -1.164099395762E-16
    1.044042705123E-03   -1.731477690527E-02    0.000000000000E+00   -1.039165628588E-02    2.014202239102E-04    2.330487820012E-06    2.206949424448E-08    1.878017727394E-10   -1.495578340621E-12    1.138176190695E-14
    1.105253286014E-05   -3.104511603889E-04    1.039165628588E-02    0.000000000000E+00    7.423040083046E-03    1.496732026881E-04    1.770914920238E-06    1.701051040747E-08   -1.461581969050E-10    1.171977540334E-12
   -1.007163047194E-07    3.467995412600E-06   -2.014202239102E-04   -7.423040083045E-03    0.000000000000E+00   -5.773598563736E-03   -1.192321499254E-04   -1.432505010198E-06    1.390653870533E-08   -1.204125292992E-10
   -8.404681053088E-10    3.221546779653E-08   -2.330487820000E-06   -1.496732026881E-04    5.773598563736E-03    0.000000000000E+00   -4.723902097837E-03   -9.913284733769E-05    1.204329777415E-06   -1.178701221663E-08
   -6.621632347503E-12    2.709662739288E-10   -2.206949424838E-08   -1.770914920235E-06    1.192321499254E-04    4.723902097837E-03    0.000000000000E+00   -3.997171118029E-03    8.485411570805E-05   -1.039580490550E-06
   -5.008220686826E-14    2.141781757791E-12   -1.878017748526E-10   -1.701051040905E-08    1.432505010197E-06    9.913284733769E-05    3.997171118029E-03    0.000000000000E+00    3.464227414984E-03   -7.418116379999E-05
    3.663664516816E-16   -1.621273017949E-14    1.495574314059E-12    1.461582005134E-10   -1.390653870515E-08   -1.204329777421E-06   -8.485411570804E-05   -3.464227414984E-03    0.000000000000E+00    3.056678527365E-03
    3.254665063345E-18    1.154293972727E-16   -1.138216207818E-14   -1.171977533768E-12    1.204125295929E-10    1.178701221636E-08    1.039580490549E-06    7.418116379999E-05   -3.056678527365E-03    0.000000000000E+00
   1.5832196667106362     
    0.000000000000E+00    7.622578082619E-02   -1.238527593983E-03   -1.486105107499E-05    1.530729562300E-07    1.441955364281E-09    1.281390552287E-11    1.092913973274E-13   -8.932459542568E-16    5.451561386104E-18
   -7.622578082619E-02    0.000000000000E+00    1.796445073204E-02    3.670213907376E-04   -4.636162181151E-06   -4.861054738847E-08   -4.611056234512E-10   -4.108248286475E-12    3.505604900604E-14   -2.820906175243E-16
    1.238527593983E-03   -1.796445073204E-02    0.000000000000E+00   -1.078276038567E-02    2.379971639523E-04    3.111420112823E-06    3.323565852848E-08    3.187867900495E-10   -2.860363325383E-12    2.452328106442E-14
    1.486105107502E-05   -3.670213907376E-04    1.078276038567E-02    0.000000000000E+00    7.702556419091E-03    1.768183792403E-04    2.363084619921E-06    2.559503386586E-08   -2.478112841898E-10    2.238274281930E-12
   -1.530729562233E-07    4.636162181139E-06   -2.379971639523E-04   -7.702556419092E-03    0.000000000000E+00   -5.991045025387E-03   -1.408436022276E-04   -1.911010156305E-06    2.091515111459E-08   -2.040300447308E-10
   -1.441955366104E-09    4.861054738892E-08   -3.111420112829E-06   -1.768183792403E-04    5.991045025387E-03    0.000000000000E+00   -4.901830626407E-03   -1.170953925089E-04    1.606374665416E-06   -1.772268025826E-08
   -1.281390044125E-11    4.611056245789E-10   -3.323565852259E-08   -2.363084619916E-06    1.408436022276E-04    4.901830626407E-03    0.000000000000E+00   -4.147734493026E-03    1.002264065535E-04   -1.386496269374E-06
   -1.092939276326E-13    4.108251891940E-12   -3.187867909428E-10   -2.559503386632E-08    1.911010156305E-06    1.170953925089E-04    4.147734493026E-03    0.000000000000E+00    3.594720217769E-03   -8.761822823757E-05
    8.943888124402E-16   -3.505659783614E-14    2.860365608811E-12    2.478112824163E-10   -2.091515111533E-08   -1.606374665406E-06   -1.002264065535E-04   -3.594720217769E-03    0.000000000000E+00    3.171821893641E-03
   -3.903071904739E-18    2.829597157135E-16   -2.452350533275E-14   -2.238274170168E-12    2.040300457672E-10    1.772268026066E-08    1.386496269375E-06    8.761822823757E-05   -3.171821893641E-03    0.000000000000E+00
   1.6281314440047485     
    0.000000000000E+00    7.871987902777E-02   -1.457735786941E-03   -1.975695206142E-05    2.292322504232E-07    2.429191265103E-09    2.426510233973E-11    2.325259612443E-13   -2.155465335819E-15    1.508890846759E-17
   -7.871987902777E-02    0.000000000000E+00    1.855193330937E-02    4.305482850723E-04   -6.129223194520E-06   -7.229068580039E-08   -7.707043288638E-10   -7.713617584504E-12    7.392594666969E-14   -6.826682433886E-16
    1.457735786941E-03   -1.855193330937E-02    0.000000000000E+00   -1.113702689589E-02    2.790546040139E-04    4.108290177438E-06    4.933249405853E-08    5.315455336286E-10   -5.355415937230E-12    5.154731580339E-14
    1.975695206138E-05   -4.305482850724E-04    1.113702689589E-02    0.000000000000E+00    7.955807520173E-03    2.072827298001E-04    3.118593385715E-06    3.795961551826E-08   -4.127363538745E-10    4.184915203861E-12
   -2.292322504179E-07    6.129223194497E-06   -2.790546040139E-04   -7.955807520173E-03    0.000000000000E+00   -6.188076572165E-03   -1.650953477181E-04   -2.521338818680E-06    3.100531502877E-08   -3.396078217912E-10
   -2.429191260092E-09    7.229068580187E-08   -4.108290177435E-06   -2.072827298001E-04    6.188076572165E-03    0.000000000000E+00   -5.063061436629E-03   -1.372514197657E-04    2.119100602814E-06   -2.626584691882E-08
   -2.426510538284E-11    7.707043271154E-10   -4.933249406161E-08   -3.118593385724E-06    1.650953477181E-04    5.063061436629E-03    0.000000000000E+00   -4.284171597231E-03    1.174753443902E-04   -1.828874032281E-06
   -2.325244111011E-13    7.713614276018E-12   -5.315455337414E-10   -3.795961551893E-08    2.521338818684E-06    1.372514197657E-04    4.284171597231E-03    0.000000000000E+00    3.712971631047E-03   -1.026953872928E-04
    2.152657903067E-15   -7.392500345780E-14    5.355416148741E-12    4.127363530858E-10   -3.100531502651E-08   -2.119100602818E-06   -1.174753443902E-04   -3.712971631047E-03    0.000000000000E+00    3.276164840207E-03
   -1.486315234265E-17    6.811953609663E-16   -5.154478424573E-14   -4.184915256430E-12    3.396078220835E-10    2.626584691851E-08    1.828874032277E-06    1.026953872928E-04   -3.276164840207E-03    0.000000000000E+00
   1.6736713580442331     
    0.000000000000E+00    8.092877354628E-02   -1.702735903275E-03   -2.597920827456E-05    3.383977900702E-07    4.020592283071E-09    4.499354133114E-11    4.828162671446E-13   -5.014073039135E-15    4.908974706224E-17
   -8.092877354628E-02    0.000000000000E+00    1.907223747347E-02    5.012940568826E-04   -8.016228414229E-06   -1.060019819366E-07   -1.265943457746E-09   -1.418589890055E-11    1.521795073849E-13   -1.577156598032E-15
    1.702735903275E-03   -1.907223747347E-02    0.000000000000E+00   -1.145159599835E-02    3.247618702562E-04    5.366695254126E-06    7.220616281068E-08    8.710808665244E-10   -9.822198020662E-12    1.057911198536E-13
    2.597920827453E-05   -5.012940568826E-04    1.145159599835E-02    0.000000000000E+00    8.180761775405E-03    2.411910084424E-04    4.071824865129E-06    5.551514123354E-08   -6.756420786066E-10    7.665152938379E-12
   -3.383977900683E-07    8.016228414229E-06   -3.247618702562E-04   -8.180761775405E-03    0.000000000000E+00   -6.363116261716E-03   -1.920863488118E-04   -3.291196796490E-06    4.532527382673E-08   -5.555986118509E-10
   -4.020592286449E-09    1.060019819279E-07   -5.366695254135E-06   -2.411910084423E-04    6.363116261716E-03    0.000000000000E+00   -5.206305572298E-03   -1.596830160725E-04    2.765748752294E-06   -3.838714408163E-08
   -4.499354329196E-11    1.265943462382E-09   -7.220616280823E-08   -4.071824865135E-06    1.920863488118E-04    5.206305572298E-03    0.000000000000E+00   -4.405392379853E-03    1.366710920268E-04   -2.386747819078E-06
   -4.828183842643E-13    1.418589835781E-11   -8.710808686133E-10   -5.551514123034E-08    3.291196796486E-06    1.596830160725E-04    4.405392379853E-03    0.000000000000E+00    3.818037268688E-03   -1.194739212594E-04
    5.017061322720E-15   -1.521766866782E-13    9.822196500840E-12    6.756420760336E-10   -4.532527382885E-08   -2.765748752295E-06   -1.366710920268E-04   -3.818037268688E-03    0.000000000000E+00    3.368874275046E-03
   -5.131433106192E-17    1.578604207206E-15   -1.057936265781E-13   -7.665153744655E-12    5.555986117940E-10    3.838714408282E-08    2.386747819077E-06    1.194739212594E-04   -3.368874275046E-03    0.000000000000E+00
   1.7198394088290903     
    0.000000000000E+00    8.283476015779E-02   -1.974324522766E-03   -3.380005003303E-05    4.926586853868E-07    6.541409519726E-09    8.174510160104E-11    9.790548583199E-13   -1.135047543019E-14    1.227494495560E-16
   -8.283476015779E-02    0.000000000000E+00    1.952125171184E-02    5.794401292714E-04   -1.037529076303E-05   -1.533258076510E-07   -2.044616041584E-09   -2.556983152373E-11    3.060178745251E-13   -3.541205309641E-15
    1.974324522766E-03   -1.952125171184E-02    0.000000000000E+00   -1.172415753049E-02    3.752378462606E-04    6.938180605607E-06    1.042603717955E-07    1.403743004547E-09   -1.765796973252E-11    2.121106788371E-13
    3.380005003304E-05   -5.794401292714E-04    1.172415753050E-02    0.000000000000E+00    8.375781889831E-03    2.786306684193E-04    5.261625883917E-06    8.009700512137E-08   -1.087643452607E-09    1.376227428830E-11
   -4.926586853878E-07    1.037529076305E-05   -3.752378462606E-04   -8.375781889831E-03    0.000000000000E+00   -6.514894334219E-03   -2.218859116868E-04   -4.251876992374E-06    6.536806489562E-08   -8.938779580549E-10
   -6.541409516245E-09    1.533258076581E-07   -6.938180605603E-06   -2.786306684193E-04    6.514894334219E-03    0.000000000000E+00   -5.330525603903E-03   -1.844476361470E-04    3.572564832970E-06   -5.534831619947E-08
   -8.174510455812E-11    2.044616033379E-09   -1.042603717985E-07   -5.261625883908E-06    2.218859116868E-04    5.330525603903E-03    0.000000000000E+00   -4.510519713538E-03    1.578627403436E-04   -3.082739171379E-06
   -9.790520126411E-13    2.556983184495E-11   -1.403743001757E-09   -8.009700512265E-08    4.251876992378E-06    1.844476361470E-04    4.510519713538E-03    0.000000000000E+00    3.909157328240E-03   -1.379966958251E-04
    1.134934974339E-14   -3.060218519627E-13    1.765797185047E-11    1.087643453333E-09   -6.536806489707E-08   -3.572564832971E-06   -1.578627403436E-04   -3.909157328240E-03    0.000000000000E+00    3.449280003369E-03
   -1.208709169232E-16    3.540568067544E-15   -2.121114979427E-13   -1.376227315896E-11    8.938779556709E-10    5.534831620010E-08    3.082739171383E-06    1.379966958251E-04   -3.449280003369E-03    0.000000000000E+00
   1.7666355963593192     
    0.000000000000E+00    8.442384065892E-02   -2.272990535470E-03   -4.352523349507E-05    7.076524460195E-07    1.046731936096E-08    1.456090975582E-10    1.940364943214E-12   -2.504740120200E-14    3.098491710884E-16
   -8.442384065892E-02    0.000000000000E+00    1.989575997538E-02    6.650774361188E-04   -1.329352709261E-05   -2.188626676670E-07   -3.248679478009E-09   -4.520015208756E-11    6.016448187055E-13   -7.743349105227E-15
    2.272990535470E-03   -1.989575997538E-02    0.000000000000E+00   -1.195296420437E-02    4.305452951552E-04    8.880210546606E-06    1.485782630458E-07    2.225645774481E-09   -3.113587404664E-11    4.158366378366E-13
    4.352523349508E-05   -6.650774361188E-04    1.195296420437E-02    0.000000000000E+00    8.539634375811E-03    3.196477115714E-04    6.731281064073E-06    1.140574578933E-07   -1.722704187814E-09    2.423618748661E-11
   -7.076524460158E-07    1.329352709262E-05   -4.305452951552E-04   -8.539634375811E-03    0.000000000000E+00   -6.642455609400E-03   -2.545304028397E-04   -5.438237337680E-06    9.304632390372E-08   -1.415003235531E-09
   -1.046731936425E-08    2.188626676685E-07   -8.880210546607E-06   -3.196477115714E-04    6.642455609400E-03    0.000000000000E+00   -5.434941686658E-03   -2.115753825130E-04    4.568779789614E-06   -7.876527508252E-08
   -1.456090923625E-10    3.248679483779E-09   -1.485782630451E-07   -6.731281064072E-06    2.545304028397E-04    5.434941686658E-03    0.000000000000E+00   -4.598894523238E-03    1.810759851736E-04   -3.942040021318E-06
   -1.940365759999E-12    4.520015425271E-11   -2.225645778195E-09   -1.140574578936E-07    5.438237337679E-06    2.115753825130E-04    4.598894523238E-03    0.000000000000E+00    3.985761037495E-03   -1.582861339921E-04
    2.504602669647E-14   -6.016411946690E-13    3.113587732647E-11    1.722704190166E-09   -9.304632390305E-08   -4.568779789615E-06   -1.810759851736E-04   -3.985761037495E-03    0.000000000000E+00    3.516878651951E-03
   -3.112768446520E-16    7.745457136420E-15   -4.158342622191E-13   -2.423618831989E-11    1.415003236853E-09    7.876527507965E-08    3.942040021315E-06    1.582861339921E-04   -3.516878651951E-03    0.000000000000E+00
   1.8140599206349204     
    0.000000000000E+00    8.568570519802E-02   -2.598885621930E-03   -5.549334519243E-05    1.003306334409E-06    1.648190685684E-08    2.544461681040E-10    3.761094512882E-12   -5.383367991307E-14    7.432537642155E-16
   -8.568570519802E-02    0.000000000000E+00    2.019344070882E-02    7.581984405422E-04   -1.686671621372E-05   -3.084355151942E-07   -5.080670448450E-09   -7.840678404413E-11    1.157189932223E-12   -1.653003666406E-14
    2.598885621930E-03   -2.019344070882E-02    0.000000000000E+00   -1.213683172295E-02    4.906863591957E-04    1.125596389700E-05    2.090572437847E-07    3.473656266410E-09   -5.388044077034E-11    7.976500014324E-13
    5.549334519246E-05   -7.581984405422E-04    1.213683172295E-02    0.000000000000E+00    8.671489641207E-03    3.642434147788E-04    8.528355991840E-06    1.603676552918E-07   -2.686039152972E-09    4.188968840201E-11
   -1.003306334415E-06    1.686671621372E-05   -4.906863591957E-04   -8.671489641207E-03    0.000000000000E+00   -6.745159557249E-03   -2.900206647756E-04   -6.888573112753E-06    1.307748976778E-07   -2.205068274306E-09
   -1.648190686320E-08    3.084355152007E-07   -1.125596389700E-05   -3.642434147788E-04    6.745159557249E-03    0.000000000000E+00   -5.519031619308E-03   -2.410668669807E-04    5.786502012886E-06   -1.106777112411E-07
   -2.544461672563E-10    5.080670445042E-09   -2.090572437865E-07   -8.528355991841E-06    2.900206647756E-04    5.519031619308E-03    0.000000000000E+00   -4.670075836443E-03    2.063113019401E-04   -4.992319407427E-06
   -3.761091511628E-12    7.840678488523E-11   -3.473656262034E-09   -1.603676552887E-07    6.888573112749E-06    2.410668669807E-04    4.670075836443E-03    0.000000000000E+00    4.047466698256E-03   -1.803426231764E-04
    5.383282883161E-14   -1.157192862386E-12    5.388043500831E-11    2.686039151899E-09   -1.307748976734E-07   -5.786502012882E-06   -2.063113019401E-04   -4.047466698256E-03    0.000000000000E+00    3.571333707913E-03
   -7.440693424333E-16    1.652820304275E-14   -7.976519148521E-13   -4.188968591261E-11    2.205068275782E-09    1.106777112426E-07    4.992319407431E-06    1.803426231764E-04   -3.571333707913E-03    0.000000000000E+00
   1.8621123816558942     
    0.000000000000E+00    8.661363756663E-02   -2.951801835475E-03   -7.007403643155E-05    1.404646656375E-06    2.555096587835E-08    4.364590244905E-10    7.135093512435E-12   -1.129121096809E-13    1.739334455025E-15
   -8.661363756663E-02    0.000000000000E+00    2.041284729023E-02    8.586911176426E-04   -2.119864665777E-05   -4.293089635832E-07   -7.824747729322E-09   -1.335441846139E-10    2.178963066343E-12   -3.440267181902E-14
    2.951801835475E-03   -2.041284729023E-02    0.000000000000E+00   -1.227512697856E-02    5.555993867591E-04    1.413393913887E-05    2.905545705980E-07    5.339465656050E-09   -9.156053991650E-11    1.498089220846E-12
    7.007403643154E-05   -8.586911176425E-04    1.227512697856E-02    0.000000000000E+00    8.770913514804E-03    4.123720430569E-04    1.070439825579E-05    2.227277390998E-07   -4.124861677836E-09    7.110093821869E-11
   -1.404646656380E-06    2.119864665777E-05   -5.555993867591E-04   -8.770913514804E-03    0.000000000000E+00   -6.822673694404E-03   -3.283202174587E-04   -8.644375205843E-06    1.815599075391E-07   -3.384465197225E-09
   -2.555096586765E-08    4.293089635757E-07   -1.413393913887E-05   -4.123720430569E-04    6.822673694404E-03    0.000000000000E+00   -5.582525436409E-03   -2.728917253058E-04    7.260514087227E-06   -1.536241138335E-07
   -4.364590250541E-10    7.824747732876E-09   -2.905545705969E-07   -1.070439825579E-05    3.283202174587E-04    5.582525436409E-03    0.000000000000E+00   -4.723836205170E-03    2.335426792923E-04   -6.263548003069E-06
   -7.135097404481E-12    1.335441823648E-10   -5.339465659348E-09   -2.227277391040E-07    8.644375205848E-06    2.728917253058E-04    4.723836205170E-03    0.000000000000E+00    4.094077717562E-03   -2.041434109535E-04
    1.129148231500E-13   -2.178963392477E-12    9.156054357374E-11    4.124861679004E-09   -1.815599075426E-07   -7.260514087232E-06   -2.335426792923E-04   -4.094077717562E-03    0.000000000000E+00    3.612472016150E-03
   -1.737961957003E-15    3.440314535032E-14   -1.498087089089E-12   -7.110094079779E-11    3.384465195973E-09    1.536241138311E-07    6.263548003069E-06    2.041434109535E-04   -3.612472016150E-03    0.000000000000E+00
   1.9107929794222396     
    0.000000000000E+00    8.720435540439E-02   -3.331156977669E-03   -8.766511519728E-05    1.942659635844E-06    3.901665483466E-08    7.353346646202E-10    1.325666972439E-11   -2.312942502107E-13    3.933140749757E-15
   -8.720435540439E-02    0.000000000000E+00    2.055337247018E-02    9.663350754118E-04   -2.640013666906E-05   -5.904192026214E-07   -1.187313772352E-08   -2.234616994710E-10    4.019430215954E-12   -6.994703303137E-14
    3.331156977669E-03   -2.055337247018E-02    0.000000000000E+00   -1.236774577780E-02    6.251571852011E-04    1.758736120141E-05    3.990405179640E-07    8.087261370154E-09   -1.528775150954E-10    2.756685878909E-12
    8.766511519729E-05   -9.663350754118E-04    1.236774577780E-02    0.000000000000E+00    8.837851236505E-03    4.639396205110E-04    1.331449067687E-05    3.056825471336E-07   -6.241866832961E-09    1.185823183859E-10
   -1.942659635826E-06    2.640013666906E-05   -6.251571852011E-04   -8.837851236505E-03    0.000000000000E+00   -6.874961104251E-03   -3.693543016044E-04   -1.074996989062E-05    2.490923135324E-07   -5.118870559089E-09
   -3.901665484067E-08    5.904192026205E-07   -1.758736120142E-05   -4.639396205110E-04    6.874961104251E-03    0.000000000000E+00   -5.625395186576E-03   -3.069878313312E-04    9.027970429656E-06   -2.107205527376E-07
   -7.353346647621E-10    1.187313771838E-08   -3.990405179633E-07   -1.331449067686E-05    3.693543016044E-04    5.625395186576E-03    0.000000000000E+00   -4.760153051625E-03    2.627169512600E-04   -7.787737354990E-06
   -1.325666654187E-11    2.234617008678E-10   -8.087261368787E-09   -3.056825471354E-07    1.074996989062E-05    3.069878313312E-04    4.760153051625E-03    0.000000000000E+00    4.125575104472E-03   -2.296420238958E-04
    2.312934868126E-13   -4.019429243452E-12    1.528775124276E-10    6.241866833750E-09   -2.490923135338E-07   -9.027970429654E-06   -2.627169512600E-04   -4.125575104472E-03    0.000000000000E+00    3.640277157251E-03
   -3.932021737255E-15    6.994600298195E-14   -2.756687569145E-12   -1.185823179547E-10    5.118870559860E-09    2.107205527415E-07    7.787737354988E-06    2.296420238958E-04   -3.640277157251E-03    0.000000000000E+00
   1.9601017139339574     
    0.000000000000E+00    8.745779825916E-02   -3.735988160295E-03   -1.086884635119E-04    2.655181496310E-06    5.871449844913E-08    1.217497588094E-09    2.413810598777E-11   -4.630071118676E-13    8.652769372729E-15
   -8.745779825916E-02    0.000000000000E+00    2.061519963618E-02    1.080799911656E-03   -3.258772026812E-05   -8.026077662425E-07   -1.775872205807E-08   -3.675622036594E-10    7.268183178012E-12   -1.390222804150E-13
    3.735988160295E-03   -2.061519963618E-02    0.000000000000E+00   -1.241508170574E-02    6.991667443336E-04    2.169338924180E-05    5.417549804632E-07    1.207550048794E-08   -2.509467333862E-10    4.973259250286E-12
    1.086884635119E-04   -1.080799911656E-03    1.241508170574E-02    0.000000000000E+00    8.872605062652E-03    5.188037905104E-04    1.641665665205E-05    4.147398181819E-07   -9.311828984757E-09    1.944399437762E-10
   -2.655181496320E-06    3.258772026813E-05   -6.991667443336E-04   -8.872605062652E-03    0.000000000000E+00   -6.902262974751E-03   -4.130097881367E-04   -1.325204019536E-05    3.378434412670E-07   -7.632760893302E-09
   -5.871449844806E-08    8.026077662449E-07   -2.169338924180E-05   -5.188037905104E-04    6.902262974751E-03    0.000000000000E+00   -5.647840627931E-03   -3.432612305784E-04    1.112799594278E-05   -2.857410834505E-07
   -1.217497591960E-09    1.775872206131E-08   -5.417549804618E-07   -1.641665665205E-05    4.130097881367E-04    5.647840627931E-03    0.000000000000E+00   -4.779196556134E-03    2.937537448393E-04   -9.598593976727E-06
   -2.413811091619E-11    3.675622012864E-10   -1.207550049076E-08   -4.147398181812E-07    1.325204019535E-05    3.432612305784E-04    4.779196556134E-03    0.000000000000E+00    4.142106968556E-03   -2.567682242231E-04
    4.630075743639E-13   -7.268183733949E-12    2.509467355736E-10    9.311828982856E-09   -3.378434412684E-07   -1.112799594278E-05   -2.937537448393E-04   -4.142106968556E-03    0.000000000000E+00    3.654880178870E-03
   -8.652740646037E-15    1.390215775733E-13   -4.973258985635E-12   -1.944399450427E-10    7.632760894354E-09    2.857410834484E-07    9.598593976724E-06    2.567682242231E-04   -3.654880178870E-03    0.000000000000E+00
   2.0100385851910478     
    0.000000000000E+00    8.737687672247E-02   -4.164953649877E-03   -1.335847922045E-04    3.587789490079E-06    8.711597282502E-08    1.982139089529E-09    4.310060257426E-11   -9.064418511543E-13    1.857739871065E-14
   -8.737687672247E-02    0.000000000000E+00    2.059924381273E-02    1.201645830028E-03   -3.988200549479E-05   -1.078850707467E-06   -2.619441059622E-08   -5.946269952131E-10    1.289172450771E-11   -2.703027077923E-13
    4.164953649877E-03   -2.059924381273E-02    0.000000000000E+00   -1.241798782683E-02    7.773704224440E-04    2.653213265080E-05    7.273624391985E-07    1.778323308084E-08   -4.051917286925E-10    8.801872332886E-12
    1.335847922044E-04   -1.201645830028E-03    1.241798782682E-02    0.000000000000E+00    8.875806699111E-03    5.767747572107E-04    2.007112340532E-05    5.564870774541E-07   -1.370164875178E-08    3.136248272216E-10
   -3.587789490090E-06    3.988200549479E-05   -7.773704224440E-04   -8.875806699111E-03    0.000000000000E+00   -6.905077097261E-03   -4.591359469157E-04   -1.619903365798E-05    4.531593878070E-07   -1.122572895436E-08
   -8.711597282009E-08    1.078850707467E-06   -2.653213265080E-05   -5.767747572107E-04    6.905077097261E-03    0.000000000000E+00   -5.650271612527E-03   -3.815867872727E-04    1.360118976111E-05   -3.831971778750E-07
   -1.982139083911E-09    2.619441059697E-08   -7.273624391984E-07   -2.007112340532E-05    4.591359469157E-04    5.650271612527E-03    0.000000000000E+00   -4.781314740409E-03    3.265460377528E-04   -1.173109183945E-05
   -4.310059849807E-11    5.946269974219E-10   -1.778323308060E-08   -5.564870774533E-07    1.619903365798E-05    3.815867872727E-04    4.781314740409E-03    0.000000000000E+00    4.143975586024E-03   -2.854284995886E-04
    9.064397889819E-13   -1.289172225777E-11    4.051917265936E-10    1.370164875124E-08   -4.531593878046E-07   -1.360118976111E-05   -3.265460377528E-04   -4.143975586024E-03    0.000000000000E+00    3.656548179990E-03
   -1.857768836750E-14    2.703052457608E-13   -8.801871621885E-12   -3.136248253331E-10    1.122572895089E-08    3.831971778729E-07    1.173109183945E-05    2.854284995886E-04   -3.656548179990E-03    0.000000000000E+00
   2.0606035931935098     
    0.000000000000E+00    8.696719552968E-02   -4.616342809068E-03   -1.628072907058E-04    4.794660290462E-06    1.274989140746E-07    3.174814050596E-09    7.551744587252E-11   -1.736802399293E-12    3.891959610068E-14
   -8.696719552968E-02    0.000000000000E+00    2.050708525832E-02    1.328326468367E-03   -4.840572358358E-05   -1.434473321847E-06   -3.811977926199E-08   -9.466172159064E-10    2.244307876907E-11   -5.144656569427E-13
    4.616342809068E-03   -2.050708525832E-02    0.000000000000E+00   -1.237773292818E-02    8.594485372036E-04    3.218549035982E-05    9.660994333103E-07    2.584132682356E-08   -6.438916699769E-10    1.529176012490E-11
    1.628072907058E-04   -1.328326468367E-03    1.237773292818E-02    0.000000000000E+00    8.848385783396E-03    6.376172637979E-04    2.433945478871E-05    7.387028053592E-07   -1.989411521989E-08    4.978825203415E-10
   -4.794660290446E-06    4.840572358358E-05   -8.594485372036E-04   -8.848385783396E-03    0.000000000000E+00   -6.884133276978E-03   -5.075460386311E-04   -1.964046594029E-05    6.013507583653E-07   -1.629181325456E-08
   -1.274989140809E-07    1.434473321849E-06   -3.218549035982E-05   -6.376172637979E-04    6.884133276978E-03    0.000000000000E+00   -5.633287937818E-03   -4.218095145596E-04    1.648904208011E-05   -5.084131962283E-07
   -3.174814056616E-09    3.811977926156E-08   -9.660994333161E-07   -2.433945478871E-05    5.075460386311E-04    5.633287937818E-03    0.000000000000E+00   -4.767016404664E-03    3.609613003645E-04   -1.422097017011E-05
   -7.551744838982E-11    9.466172185085E-10   -2.584132682220E-08   -7.387028053543E-07    1.964046594029E-05    4.218095145596E-04    4.767016404664E-03    0.000000000000E+00    4.131622604320E-03   -3.155070631884E-04
    1.736803866408E-12   -2.244308123565E-11    6.438916730007E-10    1.989411522139E-08   -6.013507583650E-07   -1.648904208012E-05   -3.609613003645E-04   -4.131622604320E-03    0.000000000000E+00    3.645671251711E-03
   -3.892013227925E-14    5.144659889675E-13   -1.529175856126E-11   -4.978825211474E-10    1.629181325657E-08    5.084131962312E-07    1.422097017012E-05    3.155070631884E-04   -3.645671251711E-03    0.000000000000E+00
   2.1117967379413445     
    0.000000000000E+00    8.623676265976E-02   -5.088093695800E-03   -1.968142742359E-04    6.339357751316E-06    1.841472331484E-07    5.005523707042E-09    1.299147557926E-10   -3.259162764121E-12    7.965470937116E-14
   -8.623676265976E-02    0.000000000000E+00    2.034089836299E-02    1.460193830190E-03   -5.828150020979E-05   -1.887339426360E-06   -5.475521237903E-08   -1.483692000381E-09    3.837082131176E-11   -9.592454605154E-13
    5.088093695800E-03   -2.034089836299E-02    0.000000000000E+00   -1.229595395594E-02    9.450232596802E-04    3.873583593085E-05    1.269908077001E-06    3.706881071160E-08   -1.007544420949E-09    2.609449821233E-11
    1.968142742359E-04   -1.460193830190E-03    1.229595395594E-02    0.000000000000E+00    8.791535600240E-03    7.010535302053E-04    2.928357077753E-05    9.704570576186E-07   -2.851554261108E-08    7.783243817989E-10
   -6.339357751329E-06    5.828150020979E-05   -9.450232596802E-04   -8.791535600240E-03    0.000000000000E+00   -6.840366577550E-03   -5.580196678042E-04   -2.362613417745E-05    7.897738407225E-07   -2.334196966507E-08
   -1.841472331527E-07    1.887339426351E-06   -3.873583593086E-05   -7.010535302053E-04    6.840366577550E-03    0.000000000000E+00   -5.597657420593E-03   -4.637465360937E-04    1.983327573288E-05   -6.675946256680E-07
   -5.005523705018E-09    5.475521237940E-08   -1.269908076997E-06   -2.928357077753E-05    5.580196678042E-04    5.597657420593E-03    0.000000000000E+00   -4.736952558025E-03    3.968431773039E-04   -1.710416662720E-05
   -1.299147563188E-10    1.483691996849E-09   -3.706881071143E-08   -9.704570576190E-07    2.362613417745E-05    4.637465360937E-04    4.736952558025E-03    0.000000000000E+00    4.105612939505E-03   -3.468673252872E-04
    3.259162040373E-12   -3.837081960927E-11    1.007544418950E-09    2.851554261092E-08   -7.897738407229E-07   -1.983327573287E-05   -3.968431773039E-04   -4.105612939505E-03    0.000000000000E+00    3.622748263821E-03
   -7.965435755093E-14    9.592433813064E-13   -2.609449970648E-11   -7.783243833542E-10    2.334196966401E-08    6.675946256667E-07    1.710416662720E-05    3.468673252873E-04   -3.622748263821E-03    0.000000000000E+00
   2.1636180194345513     
    0.000000000000E+00    8.519569521696E-02   -5.577817665480E-03   -2.360609726117E-04    8.295508941030E-06    2.625803674710E-07    7.772315094103E-09    2.195702946001E-10   -5.993805374350E-12    1.593744682320E-13
   -8.519569521696E-02    0.000000000000E+00    2.010337830493E-02    1.596505157594E-03   -6.962939151370E-05   -2.458003451030E-06   -7.766347642004E-08   -2.290707986405E-09    6.446397798799E-11   -1.753203689463E-12
    5.577817665480E-03   -2.010337830493E-02    0.000000000000E+00   -1.217460618973E-02    1.033663672552E-03    4.626457751875E-05    1.652548809263E-06    5.251436996866E-08   -1.553225121411E-09    4.376248232508E-11
    2.360609726117E-04   -1.596505157594E-03    1.217460618973E-02    0.000000000000E+00    8.706677141409E-03    7.667670456167E-04    3.496467566802E-05    1.262196454968E-06   -4.036730689732E-08    1.198757650863E-09
   -8.295508941013E-06    6.962939151370E-05   -1.033663672552E-03   -8.706677141409E-03    0.000000000000E+00   -6.774889265922E-03   -6.103058130845E-04   -2.820525781434E-05    1.026899124411E-06   -3.302970213719E-08
   -2.625803674572E-07    2.458003451035E-06   -4.626457751875E-05   -7.667670456168E-04    6.774889265922E-03    0.000000000000E+00   -5.544292902740E-03   -5.071896091644E-04    2.367512741803E-05   -8.678856502126E-07
   -7.772315094838E-09    7.766347641868E-08   -1.652548809265E-06   -3.496467566802E-05    6.103058130845E-04    5.544292902740E-03    0.000000000000E+00   -4.691896942888E-03    4.340136489248E-04   -2.041619870257E-05
   -2.195702938439E-10    2.290707987021E-09   -5.251436996886E-08   -1.262196454971E-06    2.820525781434E-05    5.071896091644E-04    4.691896942888E-03    0.000000000000E+00    4.066617887192E-03   -3.793537837672E-04
    5.993806388328E-12   -6.446397981524E-11    1.553225123549E-09    4.036730689589E-08   -1.026899124410E-06   -2.367512741804E-05   -4.340136489248E-04   -4.066617887192E-03    0.000000000000E+00    3.588371956732E-03
   -1.593743061805E-13    1.753204019283E-12   -4.376248243172E-11   -1.198757647108E-09    3.302970213881E-08    8.678856502160E-07    2.041619870257E-05    3.793537837672E-04   -3.588371956732E-03    0.000000000000E+00
   2.2160674376731300     
    0.000000000000E+00    8.385593133370E-02   -6.082830149527E-03   -2.809906415568E-04    1.074732583975E-05    3.698115969783E-07    1.189151520480E-08    3.647894348842E-10   -1.080994408329E-11    3.119676537586E-13
   -8.385593133370E-02    0.000000000000E+00    1.979766762144E-02    1.736431541789E-03   -8.256423785273E-05   -3.169813316511E-06   -1.088182650339E-07   -3.485482967568E-09    1.064814918995E-10   -3.143034923383E-12
    6.082830149527E-03   -1.979766762144E-02    0.000000000000E+00   -1.201591255616E-02    1.124891824572E-03    5.485062723305E-05    2.129685491209E-06    7.350280602276E-08   -2.360135562785E-09    7.217126138823E-11
    2.809906415568E-04   -1.736431541789E-03    1.201591255616E-02    0.000000000000E+00    8.595422519688E-03    8.344070897128E-04    4.144212097405E-05    1.625808421322E-06   -5.646113807244E-08    1.819920721135E-09
   -1.074732583976E-05    8.256423785274E-05   -1.124891824572E-03   -8.595422519688E-03    0.000000000000E+00   -6.688962245494E-03   -6.641264340822E-04   -3.342556785883E-05    1.322363054508E-06   -4.617973565776E-08
   -3.698115969856E-07    3.169813316512E-06   -5.485062723305E-05   -8.344070897128E-04    6.688962245494E-03    0.000000000000E+00   -5.474228834670E-03   -5.519081254259E-04    2.805458611883E-05   -1.117412599581E-06
   -1.189151520282E-08    1.088182650349E-07   -2.129685491209E-06   -4.144212097404E-05    6.641264340822E-04    5.474228834670E-03    0.000000000000E+00   -4.632726200171E-03    4.722756007141E-04   -2.419150846736E-05
   -3.647894341147E-10    3.485482969048E-09   -7.350280602250E-08   -1.625808421324E-06    3.342556785883E-05    5.519081254259E-04    4.632726200171E-03    0.000000000000E+00    4.015397921314E-03   -4.127942708245E-04
    1.080994374547E-11   -1.064814887039E-10    2.360135559740E-09    5.646113807514E-08   -1.322363054508E-06   -2.805458611883E-05   -4.722756007141E-04   -4.015397921314E-03    0.000000000000E+00    3.543213757445E-03
   -3.119681868768E-13    3.143035662911E-12   -7.217126314235E-11   -1.819920723640E-09    4.617973565530E-08    1.117412599579E-06    2.419150846736E-05    4.127942708245E-04   -3.543213757445E-03    0.000000000000E+00
   2.2691449926570813     
    0.000000000000E+00    8.223095561135E-02   -6.600186659016E-03   -3.320252075858E-04    1.378993045255E-05    5.146327923051E-07    1.793576269958E-08    5.960828968973E-10   -1.913114460807E-11    5.978436640209E-13
   -8.223095561135E-02    0.000000000000E+00    1.942728450803E-02    1.879068036910E-03   -9.719289672334E-05   -4.048952311816E-06   -1.506788036161E-07   -5.229108709316E-09    1.730250544471E-10   -5.530359815662E-12
    6.600186659016E-03   -1.942728450803E-02    0.000000000000E+00   -1.182231331282E-02    1.218189592762E-03    6.456881847301E-05    2.718936213643E-06    1.016860159960E-07   -3.536544161375E-09    1.171046132638E-10
    3.320252075858E-04   -1.879068036910E-03    1.182231331282E-02    0.000000000000E+00    8.459538627459E-03    9.035938416138E-04    4.877223195378E-05    2.074659753806E-06   -7.805783521677E-08    2.724778022630E-09
   -1.378993045256E-05    9.719289672334E-05   -1.218189592762E-03   -8.459538627459E-03    0.000000000000E+00   -6.583966673030E-03   -7.191805421120E-04   -3.933236778777E-05    1.686999070211E-06   -6.381945879143E-08
   -5.146327923067E-07    4.048952311814E-06   -6.456881847301E-05   -9.035938416138E-04    6.583966673030E-03    0.000000000000E+00   -5.388598006640E-03   -5.976524955257E-04    3.300960817979E-05   -1.425309968247E-06
   -1.793576269595E-08    1.506788036134E-07   -2.718936213642E-06   -4.877223195378E-05    7.191805421120E-04    5.388598006639E-03    0.000000000000E+00   -4.560400158516E-03    5.114157203772E-04   -2.846278741889E-05
   -5.960828961662E-10    5.229108710431E-09   -1.016860159944E-07   -2.074659753804E-06    3.933236778778E-05    5.976524955257E-04    4.560400158516E-03    0.000000000000E+00    3.952785599724E-03   -4.470024856185E-04
    1.913114336373E-11   -1.730250568520E-10    3.536544162179E-09    7.805783521218E-08   -1.686999070212E-06   -3.300960817979E-05   -5.114157203772E-04   -3.952785599724E-03    0.000000000000E+00    3.488008689382E-03
   -5.978444478427E-13    5.530360655538E-12   -1.171046120155E-10   -2.724778022764E-09    6.381945879237E-08    1.425309968243E-06    2.846278741889E-05    4.470024856185E-04   -3.488008689382E-03    0.000000000000E+00
   2.3228506843864047     
    0.000000000000E+00    8.033554383044E-02   -7.126722983372E-03   -3.895556797741E-04    1.752944339056E-05    7.079214163265E-07    2.668099389559E-08    9.585217068995E-10   -3.324476402250E-11    1.122441491823E-12
   -8.033554383044E-02    0.000000000000E+00    1.899605430251E-02    2.023445022617E-03   -1.136114227194E-04   -5.124409003005E-06   -2.062691097204E-07   -7.738587433995E-09    2.767265476021E-10   -9.556579783622E-12
    7.126722983372E-03   -1.899605430251E-02    0.000000000000E+00   -1.159641715095E-02    1.313006151938E-03    7.548831230745E-05    3.439883737428E-06    1.390977664050E-07   -5.228318465155E-09    1.870526483936E-10
    3.895556797741E-04   -2.023445022617E-03    1.159641715095E-02    0.000000000000E+00    8.300911799826E-03    9.739239268502E-04    5.700712843445E-05    2.623605039554E-06   -1.067088577406E-07    4.025023892069E-09
   -1.752944339057E-05    1.136114227194E-04   -1.313006151938E-03   -8.300911799826E-03    0.000000000000E+00   -6.461376353869E-03   -7.751486154729E-04   -4.596759071356E-05    2.132844342239E-06   -8.721269385074E-08
   -7.079214163202E-07    5.124409003009E-06   -7.548831230745E-05   -9.739239268502E-04    6.461376353869E-03    0.000000000000E+00   -5.288608915617E-03   -6.441578183069E-04    3.857532962648E-05   -1.801725998872E-06
   -2.668099389951E-08    2.062691097244E-07   -3.439883737432E-06   -5.700712843445E-05    7.751486154729E-04    5.288608915617E-03    0.000000000000E+00   -4.475942660747E-03    5.512076375810E-04   -3.326029915411E-05
   -9.585217075696E-10    7.738587430845E-09   -1.390977664081E-07   -2.623605039556E-06    4.596759071356E-05    6.441578183069E-04    4.475942660747E-03    0.000000000000E+00    3.879668935069E-03   -4.817807385322E-04
    3.324476616036E-11   -2.767265478804E-10    5.228318465797E-09    1.067088577430E-07   -2.132844342240E-06   -3.857532962647E-05   -5.512076375810E-04   -3.879668935069E-03    0.000000000000E+00    3.423540692625E-03
   -1.122440726402E-12    9.556578689630E-12   -1.870526460775E-10   -4.025023893145E-09    8.721269385320E-08    1.801725998873E-06    3.326029915411E-05    4.817807385322E-04   -3.423540692625E-03    0.000000000000E+00
   2.3771845128611000     
    0.000000000000E+00    7.818553087543E-02   -7.659098519504E-03   -4.539325754082E-04    2.208280033018E-05    9.629637363451E-07    3.916345941425E-08    1.517595637561E-09   -5.675821678331E-11    2.066008320470E-12
   -7.818553087543E-02    0.000000000000E+00    1.850804525836E-02    2.168540551131E-03   -1.319022665431E-04   -6.427865585045E-06   -2.792599791364E-07   -1.130203305610E-08    4.358345748368E-10   -1.622738367758E-11
    7.659098519504E-03   -1.850804525836E-02    0.000000000000E+00   -1.134095457653E-02    1.408765847214E-03    8.767103480152E-05    4.314040365908E-06    1.882112396493E-07   -7.629233485310E-09    2.942788778783E-10
    4.539325754082E-04   -2.168540551131E-03    1.134095457653E-02    0.000000000000E+00    8.121514108460E-03    1.044976250157E-03    6.619357113739E-05    3.288961105875E-06   -1.443000296013E-07    5.868938114901E-09
   -2.208280033018E-05    1.319022665431E-04   -1.408765847214E-03   -8.121514108460E-03    0.000000000000E+00   -6.322731405718E-03   -8.316972379378E-04   -5.336887779343E-05    2.673119160508E-06   -1.178951758075E-07
   -9.629637363502E-07    6.427865585039E-06   -8.767103480153E-05   -1.044976250157E-03    6.322731405718E-03    0.000000000000E+00   -5.175524170312E-03   -6.911477337244E-04    4.478329661907E-05   -2.257805282339E-06
   -3.916345941640E-08    2.792599791332E-07   -4.314040365900E-06   -6.619357113739E-05    8.316972379378E-04    5.175524170312E-03    0.000000000000E+00   -4.380423268809E-03    5.914152200088E-04   -3.861121783306E-05
   -1.517595638089E-09    1.130203305632E-08   -1.882112396451E-07   -3.288961105873E-06    5.336887779343E-05    6.911477337244E-04    4.380423268809E-03    0.000000000000E+00    3.796975527133E-03   -5.169228315744E-04
    5.675821673877E-11   -4.358345741495E-10    7.629233485911E-09    1.443000296030E-07   -2.673119160503E-06   -4.478329661907E-05   -5.914152200088E-04   -3.796975527133E-03    0.000000000000E+00    3.350628616035E-03
   -2.066006701401E-12    1.622738189420E-11   -2.942788812329E-10   -5.868938113157E-09    1.178951758050E-07    2.257805282341E-06    3.861121783306E-05    5.169228315744E-04   -3.350628616035E-03    0.000000000000E+00
   2.4321464780811675     
    0.000000000000E+00    7.579760413595E-02   -8.193841671897E-03   -5.254566114526E-04    2.757726702000E-05    1.295786305435E-06    5.674768839318E-08    2.366954840397E-09   -9.525931531229E-11    3.730474149980E-12
   -7.579760413595E-02    0.000000000000E+00    1.796750937450E-02    2.313293412960E-03   -1.521315668722E-04   -7.993497030959E-06   -3.740512489483E-07   -1.629662376439E-08    6.762955845547E-10   -2.709175133844E-11
    8.193841671897E-03   -1.796750937450E-02    0.000000000000E+00   -1.105873424490E-02    1.504876268777E-03    1.011701864468E-04    5.364763199979E-06    2.519980395557E-07   -1.099321822218E-08    4.562240650856E-10
    5.254566114526E-04   -2.313293412960E-03    1.105873424490E-02    0.000000000000E+00    7.923371780159E-03    1.116317964822E-03    7.637186401296E-05    4.088444559337E-06   -1.930963759730E-07    8.450713896198E-09
   -2.757726702000E-05    1.521315668722E-04   -1.504876268777E-03   -7.923371780159E-03    0.000000000000E+00   -6.169613578758E-03   -8.884838416001E-04   -6.156870227710E-05    3.322176633724E-06   -1.577109470874E-07
   -1.295786305428E-06    7.993497030960E-06   -1.011701864468E-04   -1.116317964822E-03    6.169613578758E-03    0.000000000000E+00   -5.050640252858E-03   -7.383383606733E-04    5.166073441510E-05   -2.805646423123E-06
   -5.674768838723E-08    3.740512489460E-07   -5.364763199988E-06   -7.637186401296E-05    8.884838416001E-04    5.050640252858E-03    0.000000000000E+00   -4.274940117451E-03    6.317959411936E-04   -4.453899995864E-05
   -2.366954841585E-09    1.629662376482E-08   -2.519980395571E-07   -4.088444559338E-06    6.156870227710E-05    7.383383606733E-04    4.274940117451E-03    0.000000000000E+00    3.705657691080E-03   -5.522170010115E-04
    9.525931583909E-11   -6.762955831782E-10    1.099321822118E-08    1.930963759716E-07   -3.322176633730E-06   -5.166073441510E-05   -6.317959411936E-04   -3.705657691080E-03    0.000000000000E+00    3.270113088370E-03
   -3.730475983039E-12    2.709175367968E-11   -4.562240644314E-10   -8.450713895832E-09    1.577109470881E-07    2.805646423122E-06    4.453899995863E-05    5.522170010115E-04   -3.270113088370E-03    0.000000000000E+00
   2.4877365800466076     
    0.000000000000E+00    7.318912310250E-02   -8.727396301047E-03   -6.043699099535E-04    3.414963155650E-05    1.725485946769E-06    8.120606462191E-08    3.638459671359E-09   -1.572541732714E-10    6.612084298066E-12
   -7.318912310250E-02    0.000000000000E+00    1.737882874180E-02    2.456616661432E-03   -1.743466083011E-04   -9.857675833783E-06   -4.958513969231E-07   -2.320940908743E-08    1.034435684579E-09   -4.449430639426E-11
    8.727396301047E-03   -1.737882874180E-02    0.000000000000E+00   -1.075260274964E-02    1.600736338002E-03    1.160288625638E-04    6.617117117481E-06    3.339870688278E-07   -1.564865771361E-08    6.973211863565E-10
    6.043699099535E-04   -2.456616661432E-03    1.075260274964E-02    0.000000000000E+00    7.708536108701E-03    1.187510436992E-03    8.757484128548E-05    5.041070519572E-06   -2.557869058047E-07    1.202135035983E-08
   -3.414963155650E-05    1.743466083011E-04   -1.600736338002E-03   -7.708536108701E-03    0.000000000000E+00   -6.003623521982E-03   -9.451614414142E-04   -7.059356210030E-05    4.095421201620E-06   -2.088487118193E-07
   -1.725485946775E-06    9.857675833784E-06   -1.160288625638E-04   -1.187510436992E-03    6.003623521982E-03    0.000000000000E+00   -4.915268875695E-03   -7.854422261543E-04    5.922987396136E-05   -3.458233526635E-06
   -8.120606462618E-08    4.958513969269E-07   -6.617117117477E-06   -8.757484128548E-05    9.451614414142E-04    4.915268875695E-03    0.000000000000E+00   -4.160604118970E-03    6.721042400602E-04   -5.106280589642E-05
   -3.638459668780E-09    2.320940908793E-08   -3.339870688299E-07   -5.041070519570E-06    7.059356210029E-05    7.854422261543E-04    4.160604118970E-03    0.000000000000E+00    3.606678757419E-03   -5.874488522964E-04
    1.572541733358E-10   -1.034435683880E-09    1.564865771390E-08    2.557869058036E-07   -4.095421201614E-06   -5.922987396136E-05   -6.721042400602E-04   -3.606678757419E-03    0.000000000000E+00    3.182844423669E-03
   -6.612084449561E-12    4.449430629058E-11   -6.973211859484E-10   -1.202135035954E-08    2.088487118193E-07    3.458233526636E-06    5.106280589641E-05    5.874488522964E-04   -3.182844423669E-03    0.000000000000E+00
   2.5439548187574199     
    0.000000000000E+00    7.037796451853E-02   -9.256168262605E-03   -6.908479535511E-04    4.194506212700E-05    2.274546831769E-06    1.148103309110E-07    5.515005485246E-09   -2.554747987297E-10    1.151106557357E-11
   -7.037796451853E-02    0.000000000000E+00    1.674646759656E-02    2.597411347565E-03   -1.985735157063E-04   -1.205857999991E-05   -6.507511081365E-07   -3.266097049694E-08    1.560356180925E-09   -7.192504433590E-11
    9.256168262605E-03   -1.674646759656E-02    0.000000000000E+00   -1.042540820578E-02    1.695744229183E-03    1.322788199279E-04    8.097684378741E-06    4.383214460388E-07   -2.201481576588E-08    1.051303611026E-09
    6.908479535511E-04   -2.597411347565E-03    1.042540820578E-02    0.000000000000E+00    7.479057112920E-03    1.258115074913E-03    9.982696511352E-05    6.167011814252E-06   -3.355279821177E-07    1.690115874532E-08
   -4.194506212700E-05    1.985735157063E-04   -1.695744229183E-03   -7.479057112920E-03    0.000000000000E+00   -5.826360195462E-03   -1.001383258097E-03   -8.046326164951E-05    5.009195409220E-06   -2.738770517698E-07
   -2.274546831769E-06    1.205857999991E-05   -1.322788199279E-04   -1.258115074913E-03    5.826360195462E-03    0.000000000000E+00   -4.770720098187E-03   -8.321720999672E-04    6.750735330653E-05   -4.229341058133E-06
   -1.148103309091E-07    6.507511081386E-07   -8.097684378738E-06   -9.982696511352E-05    1.001383258097E-03    4.770720098187E-03    0.000000000000E+00   -4.038524658914E-03    7.120947988069E-04   -5.819698590177E-05
   -5.515005485769E-09    3.266097049685E-08   -4.383214460353E-07   -6.167011814254E-06    8.046326164952E-05    8.321720999672E-04    4.038524658914E-03    0.000000000000E+00    3.501000665099E-03   -6.224042231448E-04
    2.554747954099E-10   -1.560356182353E-09    2.201481576556E-08    3.355279821196E-07   -5.009195409220E-06   -6.750735330653E-05   -7.120947988069E-04   -3.501000665099E-03    0.000000000000E+00    3.089671668262E-03
   -1.151106560923E-11    7.192504305703E-11   -1.051303610945E-09   -1.690115874696E-08    2.738770517692E-07    4.229341058133E-06    5.819698590177E-05    6.224042231448E-04   -3.089671668262E-03    0.000000000000E+00
   2.6008011942136040     
    0.000000000000E+00    6.738239132618E-02   -9.776571162809E-03   -7.849925081580E-04    5.111562907665E-05    2.969131898555E-06    1.604348901168E-07    8.246609911294E-09   -4.086696230911E-10    1.969469591377E-11
   -6.738239132618E-02    0.000000000000E+00    1.607493004052E-02    2.734580232273E-03   -2.248152504375E-04   -1.463570513641E-05   -8.457871047794E-07   -4.543179789982E-08    2.322157875394E-09   -1.144946389832E-10
    9.776571162809E-03   -1.607493004052E-02    0.000000000000E+00   -1.007996782480E-02    1.789304970156E-03    1.499394201415E-04    9.834321434633E-06    5.698114442061E-07   -3.062037059473E-08    1.564093168991E-09
    7.849925081580E-04   -2.734580232273E-03    1.007996782480E-02    0.000000000000E+00    7.236960090451E-03    1.327698907557E-03    1.131435561349E-04    7.487419157337E-06   -4.359837763155E-07    2.349388111292E-08
   -5.111562907665E-05    2.248152504375E-04   -1.789304970156E-03   -7.236960090451E-03    0.000000000000E+00   -5.639402547445E-03   -1.056807137692E-03   -9.119030039308E-05    6.080635385173E-06   -3.557772941361E-07
   -2.969131898558E-06    1.463570513640E-05   -1.499394201415E-04   -1.327698907557E-03    5.639402547445E-03    0.000000000000E+00   -4.618287301237E-03   -8.782446588483E-04    7.650370856256E-05   -5.133412462377E-06
   -1.604348901156E-07    8.457871047752E-07   -9.834321434635E-06   -1.131435561349E-04    1.056807137692E-03    4.618287301237E-03    0.000000000000E+00   -3.909796866297E-03    7.515256740750E-04   -6.595064329524E-05
   -8.246609911426E-09    4.543179789927E-08   -5.698114442066E-07   -7.487419157336E-06    9.119030039308E-05    8.782446588484E-04    3.909796866297E-03    0.000000000000E+00    3.389572920495E-03   -6.568719179683E-04
    4.086696256831E-10   -2.322157873887E-09    3.062037059443E-08    4.359837763168E-07   -6.080635385174E-06   -7.650370856256E-05   -7.515256740750E-04   -3.389572920495E-03    0.000000000000E+00    2.991432853715E-03
   -1.969469441857E-11    1.144946401543E-10   -1.564093169258E-09   -2.349388111150E-08    3.557772941369E-07    5.133412462378E-06    6.595064329524E-05    6.568719179683E-04   -2.991432853715E-03    0.000000000000E+00
   2.6582757064151608     
    0.000000000000E+00    6.422094273444E-02   -1.028507055255E-02   -8.868257041782E-04    6.181850145121E-05    3.839334908782E-06    2.216712429444E-07    1.217025826607E-08   -6.440137292714E-10    3.313497754269E-11
   -6.422094273444E-02    0.000000000000E+00    1.536872320324E-02    2.867041261046E-03   -2.530499668700E-04   -1.762928485986E-05   -1.088992329426E-06   -6.249109202677E-08    3.411107861716E-09   -1.795701667141E-10
    1.028507055255E-02   -1.536872320324E-02    0.000000000000E+00   -9.719039555140E-03    1.880837587059E-03    1.690167746434E-04    1.185586521610E-05    7.339812990876E-07   -4.212397557691E-08    2.297356308586E-09
    8.868257041782E-04   -2.867041261046E-03    9.719039555140E-03    0.000000000000E+00    6.984225126506E-03    1.395839813628E-03    1.275301749410E-04    9.024204086575E-06   -5.613622152878E-07    3.230235690528E-08
   -6.181850145121E-05    2.530499668700E-04   -1.880837587059E-03   -6.984225126506E-03    0.000000000000E+00   -5.444293504384E-03   -1.111099689351E-03   -1.027793826414E-04    7.327496487696E-06   -4.579727497792E-07
   -3.839334908779E-06    1.762928485987E-05   -1.690167746434E-04   -1.395839813628E-03    5.444293504385E-03    0.000000000000E+00   -4.459234060221E-03   -9.233839150536E-04    8.622296627686E-05   -6.185413786496E-06
   -2.216712429442E-07    1.088992329424E-06   -1.185586521610E-05   -1.275301749410E-04    1.111099689351E-03    4.459234060221E-03    0.000000000000E+00   -3.775490492851E-03    7.901612258436E-04   -7.432728493306E-05
   -1.217025826680E-08    6.249109202769E-08   -7.339812990882E-07   -9.024204086576E-06    1.027793826414E-04    9.233839150536E-04    3.775490492852E-03    0.000000000000E+00    3.273322952360E-03   -6.906462651460E-04
    6.440137274411E-10   -3.411107861710E-09    4.212397557871E-08    5.613622152855E-07   -7.327496487697E-06   -8.622296627685E-05   -7.901612258436E-04   -3.273322952360E-03    0.000000000000E+00    2.888946482375E-03
   -3.313497824105E-11    1.795701661383E-10   -2.297356307381E-09   -3.230235690509E-08    4.579727497802E-07    6.185413786493E-06    7.432728493306E-05    6.906462651460E-04   -2.888946482375E-03    0.000000000000E+00
   2.7163783553620893     
    0.000000000000E+00    6.091234209301E-02   -1.077822588587E-02   -9.962854371342E-04    7.421383972289E-05    4.919378987314E-06    3.029522888300E-07    1.773398045393E-08   -1.000297058290E-09    5.484856922206E-11
   -6.091234209301E-02    0.000000000000E+00    1.463232547875E-02    2.993740605609E-03   -2.832297793375E-04   -2.107962720789E-05   -1.389428505033E-06   -8.502752677992E-08    4.947848188667E-09   -2.776092284361E-10
    1.077822588587E-02   -1.463232547875E-02    0.000000000000E+00   -9.345297758229E-03    1.969781681835E-03    1.895031101240E-04    1.419179284287E-05    9.371076878595E-07   -5.733665924626E-08    3.332814831392E-09
    9.962854371342E-04   -2.993740605609E-03    9.345297758229E-03    0.000000000000E+00    6.722769540663E-03    1.462131319732E-03    1.429821678298E-04    1.079978767395E-05   -7.164447920997E-07    4.394560447830E-08
   -7.421383972288E-05    2.832297793375E-04   -1.969781681835E-03   -6.722769540663E-03    0.000000000000E+00   -5.242526262619E-03   -1.163940077141E-03   -1.152270589621E-04    8.767951557716E-06   -5.843530110113E-07
   -4.919378987315E-06    2.107962720789E-05   -1.895031101240E-04   -1.462131319732E-03    5.242526262618E-03    0.000000000000E+00   -4.294782907355E-03   -9.673243561468E-04    9.666234590552E-05   -7.400664360459E-06
   -3.029522888301E-07    1.389428505036E-06   -1.419179284286E-05   -1.429821678298E-04    1.163940077141E-03    4.294782907355E-03    0.000000000000E+00   -3.636640394112E-03    8.277747986591E-04   -8.332456644303E-05
   -1.773398045283E-08    8.502752677850E-08   -9.371076878609E-07   -1.079978767395E-05    1.152270589621E-04    9.673243561468E-04    3.636640394112E-03    0.000000000000E+00    3.153147856691E-03   -7.235294574700E-04
    1.000297057915E-09   -4.947848189869E-09    5.733665924623E-08    7.164447921006E-07   -8.767951557717E-06   -9.666234590552E-05   -8.277747986591E-04   -3.153147856691E-03    0.000000000000E+00    2.783004240275E-03
   -5.484856837715E-11    2.776092281841E-10   -3.332814831650E-09   -4.394560447837E-08    5.843530110113E-07    7.400664360459E-06    8.332456644303E-05    7.235294574700E-04   -2.783004240275E-03    0.000000000000E+00
   2.7751091410543904     
    0.000000000000E+00    5.747541883780E-02   -1.125272967409E-02   -1.113222213905E-03    8.846241774742E-05    6.247747608877E-06    4.096845622343E-07    2.552558321272E-08   -1.532073381887E-09    8.937487379307E-11
   -5.747541883780E-02    0.000000000000E+00    1.387015936860E-02    3.113665097151E-03   -3.152799797036E-04   -2.502637809777E-05   -1.757197217254E-06   -1.144813231026E-07    7.089730954826E-09   -4.232376919589E-10
    1.125272967409E-02   -1.387015936860E-02    0.000000000000E+00   -8.961312804803E-03    2.055603355347E-03    2.113763665441E-04    1.687184025253E-05    1.186247702817E-06   -7.724578068504E-08    4.777390858862E-09
    1.113222213905E-03   -3.113665097151E-03    8.961312804803E-03    0.000000000000E+00    6.454433192508E-03    1.526186904455E-03    1.594843853643E-04    1.283681914970E-05   -9.066086356929E-07    5.917710765843E-08
   -8.846241774743E-05    3.152799797036E-04   -2.055603355347E-03   -6.454433192508E-03    0.000000000000E+00   -5.035532820726E-03   -1.215023416068E-03   -1.285215058486E-04    1.042036513494E-05   -7.392920211873E-07
   -6.247747608872E-06    2.502637809777E-05   -2.113763665441E-04   -1.526186904455E-03    5.035532820726E-03    0.000000000000E+00   -4.126105934306E-03   -1.009813754948E-03    1.078120778526E-04   -8.794647371491E-06
   -4.096845622366E-07    1.757197217254E-06   -1.687184025253E-05   -1.594843853643E-04    1.215023416068E-03    4.126105934306E-03    0.000000000000E+00   -3.494238570842E-03    8.641511200848E-04   -9.293413683982E-05
   -2.552558321262E-08    1.144813231024E-07   -1.186247702817E-06   -1.283681914969E-05    1.285215058486E-04    1.009813754948E-03    3.494238570842E-03    0.000000000000E+00    3.029907495614E-03   -7.553336452091E-04
    1.532073382379E-09   -7.089730955264E-09    7.724578068363E-08    9.066086356901E-07   -1.042036513494E-05   -1.078120778526E-04   -8.641511200848E-04   -3.029907495614E-03    0.000000000000E+00    2.674364905794E-03
   -8.937487706739E-11    4.232376919011E-10   -4.777390860125E-09   -5.917710765929E-08    7.392920211875E-07    8.794647371492E-06    9.293413683981E-05    7.553336452091E-04   -2.674364905794E-03    0.000000000000E+00
   2.8344680634920634     
    0.000000000000E+00    5.392904059020E-02   -1.170544336963E-02   -1.237397533539E-03    1.047230175792E-04    7.867234718179E-06    5.483857886846E-07    3.630637720041E-08   -2.314970726759E-09    1.434364676331E-10
   -5.392904059020E-02    0.000000000000E+00    1.308656840130E-02    3.225853895381E-03   -3.490987348835E-04   -2.950772605626E-05   -2.203425949213E-06   -1.525767984847E-07    1.003933192234E-08   -6.366175400041E-10
    1.170544336963E-02   -1.308656840130E-02    0.000000000000E+00   -8.569534410717E-03    2.137800412580E-03    2.346000335080E-04    1.992558661342E-05    1.489254262899E-06   -1.030401471912E-07    6.769253374539E-09
    1.237397533539E-03   -3.225853895381E-03    8.569534410717E-03    0.000000000000E+00    6.180966517107E-03    1.587643763092E-03    1.770110773553E-04    1.515786959835E-05   -1.137839325147E-06    7.890402065464E-08
   -1.047230175792E-04    3.490987348835E-04   -2.137800412580E-03   -6.180966517107E-03    0.000000000000E+00   -4.824674653091E-03   -1.264063736888E-03   -1.426424463599E-04    1.230304778856E-05   -9.276586989158E-07
   -7.867234718185E-06    2.950772605626E-05   -2.346000335080E-04   -1.587643763092E-03    4.824674653091E-03    0.000000000000E+00   -3.954317153558E-03   -1.050615620325E-03    1.196553392320E-04   -1.038280381376E-05
   -5.483857886833E-07    2.203425949213E-06   -1.992558661342E-05   -1.770110773553E-04    1.264063736888E-03    3.954317153558E-03    0.000000000000E+00   -3.349227701955E-03    8.990883915005E-04   -1.031415843648E-04
   -3.630637720295E-08    1.525767984858E-07   -1.489254262897E-06   -1.515786959835E-05    1.426424463599E-04    1.050615620325E-03    3.349227701955E-03    0.000000000000E+00    2.904418890695E-03   -7.858827600497E-04
    2.314970729146E-09   -1.003933192371E-08    1.030401471930E-07    1.137839325149E-06   -1.230304778856E-05   -1.196553392320E-04   -8.990883915005E-04   -2.904418890695E-03    0.000000000000E+00    2.563749401466E-03
   -1.434364645539E-10    6.366175399252E-10   -6.769253373020E-09   -7.890402065552E-08    9.276586989148E-07    1.038280381376E-05    1.031415843648E-04    7.858827600497E-04   -2.563749401466E-03    0.000000000000E+00
   2.8944551226751085     
    0.000000000000E+00    5.029205153042E-02   -1.213342961204E-02   -1.368483852931E-03    1.231496502657E-04    9.824902032755E-06    7.268244708318E-07    5.105011739756E-08   -3.452381096434E-09    2.268363252025E-10
   -5.029205153042E-02    0.000000000000E+00    1.228579756921E-02    3.329409256817E-03   -3.845572820908E-04   -3.455956523272E-05   -2.740225986946E-06   -2.013543766065E-07    1.405415824406E-08   -9.451552406752E-10
    1.213342961204E-02   -1.228579756921E-02    0.000000000000E+00   -8.172278481203E-03    2.215906809234E-03    2.591232243589E-04    2.338201254782E-05    1.854777105164E-06   -1.361357979836E-07    9.484816957254E-09
    1.368483852931E-03   -3.329409256817E-03    8.172278481203E-03    0.000000000000E+00    5.904021124335E-03    1.646166004633E-03    1.955259632132E-04    1.778510670780E-05   -1.416733082553E-06    1.042069258382E-07
   -1.231496502657E-04    3.845572820908E-04   -2.215906809234E-03   -5.904021124335E-03    0.000000000000E+00   -4.611235395241E-03   -1.310796497731E-03   -1.575612106832E-04    1.443399537563E-05   -1.154819022824E-06
   -9.824902032758E-06    3.455956523271E-05   -2.591232243589E-04   -1.646166004633E-03    4.611235395241E-03    0.000000000000E+00   -3.780466512737E-03   -1.089511270916E-03    1.321683064042E-04   -1.218031386390E-05
   -7.268244708372E-07    2.740225986947E-06   -2.338201254782E-05   -1.955259632132E-04    1.310796497731E-03    3.780466512737E-03    0.000000000000E+00   -3.202496079416E-03    9.324000559818E-04   -1.139264826752E-04
   -5.105011739635E-08    2.013543766051E-07   -1.854777105165E-06   -1.778510670780E-05    1.575612106832E-04    1.089511270916E-03    3.202496079416E-03    0.000000000000E+00    2.777451833030E-03   -8.150140566829E-04
    3.452381095524E-09   -1.405415824225E-08    1.361357979827E-07    1.416733082552E-06   -1.443399537563E-05   -1.321683064042E-04   -9.324000559818E-04   -2.777451833030E-03    0.000000000000E+00    2.451836920452E-03
   -2.268363269265E-10    9.451552404446E-10   -9.484816958264E-09   -1.042069258378E-07    1.154819022823E-06    1.218031386390E-05    1.139264826752E-04    8.150140566829E-04   -2.451836920452E-03    0.000000000000E+00
   2.9550703186035263     
    0.000000000000E+00    4.658321339318E-02   -1.253398055903E-02   -1.506066148386E-03    1.438886636351E-04    1.217193355617E-05    9.541575858612E-07    7.098721690335E-08   -5.083755066286E-09    3.536569535021E-10
   -4.658321339319E-02    0.000000000000E+00    1.147197672736E-02    3.423506283960E-03   -4.215006275522E-04   -4.021463606056E-05   -3.380619769588E-06   -2.632008820990E-07    1.945751736606E-08   -1.385600450474E-09
    1.253398055903E-02   -1.147197672736E-02    0.000000000000E+00   -7.771717197998E-03    2.289496320080E-03    2.848809814864E-04    2.726904106595E-05    2.292247777883E-06   -1.782018585159E-07    1.314671886009E-08
    1.506066148386E-03   -3.423506283960E-03    7.771717197998E-03    0.000000000000E+00    5.625142769361E-03    1.701447268365E-03    2.149824722374E-04    2.073995718568E-05   -1.750487190909E-06    1.363597067022E-07
   -1.438886636351E-04    4.215006275522E-04   -2.289496320080E-03   -5.625142769361E-03    0.000000000000E+00   -4.396415390652E-03   -1.354980633168E-03   -1.732409320889E-04    1.683061853992E-05   -1.426628653725E-06
   -1.217193355616E-05    4.021463606056E-05   -2.848809814864E-04   -1.701447268365E-03    4.396415390652E-03    0.000000000000E+00   -3.605535438624E-03   -1.126301524188E-03    1.453203204229E-04   -1.420187013424E-05
   -9.541575858565E-07    3.380619769591E-06   -2.726904106595E-05   -2.149824722374E-04    1.354980633168E-03    3.605535438624E-03    0.000000000000E+00   -3.054873840571E-03    9.639162369513E-04   -1.252625340224E-04
   -7.098721690446E-08    2.632008821021E-07   -2.292247777884E-06   -2.073995718568E-05    1.732409320889E-04    1.126301524188E-03    3.054873840571E-03    0.000000000000E+00    2.649725619488E-03   -8.425793665693E-04
    5.083755065309E-09   -1.945751736773E-08    1.782018585146E-07    1.750487190911E-06   -1.683061853992E-05   -1.453203204229E-04   -9.639162369513E-04   -2.649725619488E-03    0.000000000000E+00    2.339262047717E-03
   -3.536569529455E-10    1.385600451294E-09   -1.314671885904E-08   -1.363597067030E-07    1.426628653725E-06    1.420187013424E-05    1.252625340224E-04    8.425793665693E-04   -2.339262047717E-03    0.000000000000E+00
   3.0163136512773159     
    0.000000000000E+00    4.282114584162E-02   -1.290464210831E-02   -1.649645045728E-03    1.670758041469E-04    1.496337987349E-05    1.241061929887E-06    9.765410277113E-08   -7.394727959775E-09    5.438372918095E-10
   -4.282114584162E-02    0.000000000000E+00    1.064910642411E-02    3.507401554619E-03   -4.597487423173E-04   -4.650166467373E-05   -4.138436088981E-06   -3.408768139972E-07    2.665045605239E-08   -2.006582404847E-09
    1.290464210831E-02   -1.064910642411E-02    0.000000000000E+00   -7.369872062035E-03    2.358185428376E-03    3.117948009845E-04    3.161307070546E-05    2.811847409654E-06   -2.311857795201E-07    1.803277286288E-08
    1.649645045728E-03   -3.507401554619E-03    7.369872062035E-03    0.000000000000E+00    5.345766484593E-03    1.753212761547E-03    2.353241445025E-04    2.404276386819E-05   -2.146877744093E-06    1.768490337380E-07
   -1.670758041469E-04    4.597487423173E-04   -2.358185428376E-03   -5.345766484593E-03    0.000000000000E+00   -4.181327934854E-03   -1.396400142525E-03   -1.896368706429E-04    1.950946807959E-05   -1.749415378324E-06
   -1.496337987350E-05    4.650166467372E-05   -3.117948009845E-04   -1.753212761547E-03    4.181327934854E-03    0.000000000000E+00   -3.430433776080E-03   -1.160808002677E-03    1.590741589331E-04   -1.646144752789E-05
   -1.241061929888E-06    4.138436088980E-06   -3.161307070546E-05   -2.353241445025E-04    1.396400142525E-03    3.430433776080E-03    0.000000000000E+00   -2.907130383825E-03    9.934848492485E-04   -1.371178038316E-04
   -9.765410277142E-08    3.408768139943E-07   -2.811847409651E-06   -2.404276386819E-05    1.896368706429E-04    1.160808002677E-03    2.907130383825E-03    0.000000000000E+00    2.521906816112E-03   -8.684460654169E-04
    7.394727961235E-09   -2.665045605227E-08    2.311857795200E-07    2.146877744092E-06   -1.950946807959E-05   -1.590741589331E-04   -9.934848492485E-04   -2.521906816112E-03    0.000000000000E+00    2.226612788344E-03
   -5.438372919135E-10    2.006582405210E-09   -1.803277286309E-08   -1.768490337361E-07    1.749415378325E-06    1.646144752790E-05    1.371178038316E-04    8.684460654169E-04   -2.226612788344E-03    0.000000000000E+00
   3.0781851206964777     
    0.000000000000E+00    3.902426351686E-02   -1.324323389051E-02   -1.798641454641E-03    1.928333037696E-04    1.825778783737E-05    1.599854221407E-06    1.329473558023E-07   -1.062929273994E-08    8.252141893606E-10
   -3.902426351686E-02    0.000000000000E+00    9.821045680723E-03    3.580440547540E-03   -4.990982368833E-04   -5.344452328061E-05   -5.028172500820E-06   -4.375392005208E-07    3.612461569826E-08   -2.871625917371E-09
    1.324323389051E-02   -9.821045680723E-03    0.000000000000E+00   -6.968609593536E-03    2.421635452430E-03    3.397733602006E-04    3.643851065022E-05    3.424456438838E-06   -2.973372053319E-07    2.448586304026E-08
    1.798641454641E-03   -3.580440547540E-03    6.968609593535E-03    0.000000000000E+00    5.067213654467E-03    1.801220731920E-03    2.564851796258E-04    2.771244472444E-05   -2.614224139660E-06    2.273929057360E-07
   -1.928333037696E-04    4.990982368833E-04   -2.421635452430E-03   -5.067213654467E-03    0.000000000000E+00   -3.966997045483E-03   -1.434865229069E-03   -2.066968543606E-04    2.248596195331E-05   -2.129950907879E-06
   -1.825778783737E-05    5.344452328061E-05   -3.397733602006E-04   -1.801220731920E-03    3.966997045483E-03    0.000000000000E+00   -3.255997981125E-03   -1.192874067263E-03    1.733864058445E-04   -1.897207452548E-05
   -1.599854221405E-06    5.028172500816E-06   -3.643851065022E-05   -2.564851796258E-04    1.434865229069E-03    3.255997981125E-03    0.000000000000E+00   -2.759972848164E-03    1.020972391234E-03   -1.494550391851E-04
   -1.329473558013E-07    4.375392005210E-07   -3.424456438841E-06   -2.771244472445E-05    2.066968543606E-04    1.192874067263E-03    2.759972848164E-03    0.000000000000E+00    2.394607944920E-03   -8.924977619483E-04
    1.062929273962E-08   -3.612461569848E-08    2.973372053327E-07    2.614224139660E-06   -2.248596195332E-05   -1.733864058445E-04   -1.020972391234E-03   -2.394607944920E-03    0.000000000000E+00    2.114429411554E-03
   -8.252141900544E-10    2.871625918147E-09   -2.448586304070E-08   -2.273929057370E-07    2.129950907878E-06    1.897207452548E-05    1.494550391851E-04    8.924977619483E-04   -2.114429411554E-03    0.000000000000E+00
   3.1406847268610121     
    0.000000000000E+00    3.521070772706E-02   -1.354786498010E-02   -1.952402608522E-03    2.212670644287E-04    2.211671467178E-05    2.044594810196E-06    1.791820306316E-07   -1.510421172592E-08    1.236125159895E-09
   -3.521070772706E-02    0.000000000000E+00    8.991501298161E-03    3.642063797070E-03   -5.393244849370E-04   -6.106143405599E-05   -6.064825380397E-06   -5.567585987358E-07    4.847577950650E-08   -4.062679486522E-09
    1.354786498010E-02   -8.991501298161E-03    0.000000000000E+00   -6.569639389240E-03    2.479553939427E-03    3.687134278778E-04    4.176732758108E-05    4.141585944462E-06   -3.792296601715E-07    3.292470282466E-08
    1.952402608522E-03   -3.642063797070E-03    6.569639389240E-03    0.000000000000E+00    4.790690812272E-03    1.845263399181E-03    2.783911179495E-04    3.176616091981E-05   -3.161340061971E-06    2.899576529480E-07
   -2.212670644287E-04    5.393244849370E-04   -2.479553939427E-03   -4.790690812272E-03    0.000000000000E+00   -3.754356584703E-03   -1.470213009912E-03   -2.243618253178E-04    2.577411964910E-05   -2.575411830622E-06
   -2.211671467178E-05    6.106143405599E-05   -3.687134278778E-04   -1.845263399181E-03    3.754356584703E-03    0.000000000000E+00   -3.082990425549E-03   -1.222365394249E-03    1.882079082967E-04   -2.174561069579E-05
   -2.044594810198E-06    6.064825380399E-06   -4.176732758108E-05   -2.783911179495E-04    1.470213009912E-03    3.082990425549E-03    0.000000000000E+00   -2.614045535556E-03    1.046264432363E-03   -1.622320621757E-04
   -1.791820306307E-07    5.567585987376E-07   -4.141585944459E-06   -3.176616091981E-05    2.243618253178E-04    1.222365394249E-03    2.614045535556E-03    0.000000000000E+00    2.268386989148E-03   -9.146347206548E-04
    1.510421172513E-08   -4.847577950765E-08    3.792296601698E-07    3.161340061973E-06   -2.577411964909E-05   -1.882079082967E-04   -1.046264432363E-03   -2.268386989148E-03    0.000000000000E+00    2.003204017550E-03
   -1.236125158439E-09    4.062679485890E-09   -3.292470282373E-08   -2.899576529468E-07    2.575411830623E-06    2.174561069579E-05    1.622320621757E-04    9.146347206548E-04   -2.003204017550E-03    0.000000000000E+00
   3.2038124697709183     
    0.000000000000E+00    3.139827147205E-02   -1.381694533213E-02   -2.110209380206E-03    2.524640118548E-04    2.660412920545E-05    2.591169759925E-06    2.391532889219E-07   -2.122582192856E-08    1.828677239093E-09
   -3.139827147205E-02    0.000000000000E+00    8.164018338138E-03    3.691811726280E-03   -5.801841559418E-04   -6.936423873722E-05   -7.263689188036E-06   -7.025288197226E-07    6.441781711376E-08   -5.684175226836E-09
    1.381694533213E-02   -8.164018338138E-03    0.000000000000E+00   -6.174514241624E-03    2.531695368336E-03    3.985009336571E-04    4.761861370717E-05    4.975290701828E-06   -4.797792155498E-07    4.385534360664E-08
    2.110209380206E-03   -3.691811726280E-03    6.174514241624E-03    0.000000000000E+00    4.517289941142E-03    1.885167378027E-03    3.009596365465E-04    3.621900084371E-05   -3.797471058783E-06    3.667727867610E-07
   -2.524640118548E-04    5.801841559418E-04   -2.531695368336E-03   -4.517289941142E-03    0.000000000000E+00   -3.544250562875E-03   -1.502307823127E-03   -2.425664765692E-04    2.938630942613E-05   -3.093329804106E-06
   -2.660412920545E-05    6.936423873721E-05   -3.985009336571E-04   -1.885167378027E-03    3.544250562875E-03    0.000000000000E+00   -2.912099672118E-03   -1.249170218512E-03    2.034843090568E-04   -2.479253504056E-05
   -2.591169759926E-06    7.263689188039E-06   -4.761861370717E-05   -3.009596365465E-04    1.502307823127E-03    2.912099672118E-03    0.000000000000E+00   -2.469930156641E-03    1.069265815392E-03   -1.754022279044E-04
   -2.391532889216E-07    7.025288197229E-07   -4.975290701828E-06   -3.621900084371E-05    2.425664765692E-04    1.249170218512E-03    2.469930156641E-03    0.000000000000E+00    2.143747613067E-03   -9.347740353418E-04
    2.122582193064E-08   -6.441781710911E-08    4.797792155521E-07    3.797471058782E-06   -2.938630942613E-05   -2.034843090568E-04   -1.069265815392E-03   -2.143747613067E-03    0.000000000000E+00    1.893380735507E-03
   -1.828677240298E-09    5.684175225910E-09   -4.385534360644E-08   -3.667727867612E-07    3.093329804106E-06    2.479253504056E-05    1.754022279044E-04    9.347740353418E-04   -1.893380735507E-03    0.000000000000E+00
   3.2675683494261971     
    0.000000000000E+00    2.760431728191E-02   -1.404919299455E-02   -2.271284713685E-03    2.864896868452E-04    3.178570658084E-05    3.257346159377E-06    3.162002005727E-07   -2.950933101265E-08    2.672789993152E-09
   -2.760431728192E-02    0.000000000000E+00    7.341971521683E-03    3.729328124714E-03   -6.214181063146E-04   -7.835775482448E-05   -8.640127612757E-06   -8.792680267641E-07    8.479665656999E-08   -7.867620558654E-09
    1.404919299455E-02   -7.341971521683E-03    0.000000000000E+00   -5.784632038724E-03    2.577861212581E-03    4.290121714112E-04    5.400818478572E-05    5.938064560224E-06   -6.022592906006E-07    5.788326950089E-08
    2.271284713685E-03   -3.729328124714E-03    5.784632038724E-03    0.000000000000E+00    4.247990070058E-03    1.920793631841E-03    3.241014409146E-04    4.108368652590E-05   -4.532219162564E-06    4.603430746410E-07
   -2.864896868452E-04    6.214181063146E-04   -2.577861212581E-03   -4.247990070058E-03    0.000000000000E+00   -3.337434458210E-03   -1.531041163758E-03   -2.612399645344E-04    3.333301355758E-05   -3.691531354728E-06
   -3.178570658085E-05    7.835775482448E-05   -4.290121714112E-04   -1.920793631841E-03    3.337434458210E-03    0.000000000000E+00   -2.743941584448E-03   -1.273199269191E-03    2.191566415185E-04   -2.812174945846E-05
   -3.257346159378E-06    8.640127612753E-06   -5.400818478572E-05   -3.241014409146E-04    1.531041163758E-03    2.743941584448E-03    0.000000000000E+00   -2.328146784164E-03    1.089900595993E-03   -1.889149360905E-04
   -3.162002005754E-07    8.792680267641E-07   -5.938064560227E-06   -4.108368652590E-05    2.612399645344E-04    1.273199269191E-03    2.328146784164E-03    0.000000000000E+00    2.021139996005E-03   -9.528495734254E-04
    2.950933101021E-08   -8.479665657159E-08    6.022592906005E-07    4.532219162564E-06   -3.333301355759E-05   -2.191566415185E-04   -1.089900595993E-03   -2.021139996004E-03    0.000000000000E+00    1.785356463988E-03
   -2.672789992237E-09    7.867620558364E-09   -5.788326950095E-08   -4.603430746411E-07    3.691531354726E-06    2.812174945846E-05    1.889149360905E-04    9.528495734254E-04   -1.785356463988E-03    0.000000000000E+00
   3.3319523658268473     
    0.000000000000E+00    2.384568811003E-02   -1.424363723667E-02   -2.434802998805E-03    3.233861384834E-04    3.772802693829E-05    4.062795980716E-06    4.142703528721E-07   -4.060065088259E-08    3.861131289233E-09
   -2.384568811003E-02    0.000000000000E+00    6.528557301943E-03    3.754362254635E-03   -6.627545720526E-04   -8.803923785697E-05   -1.020932051135E-05   -1.091810046356E-06    1.106038699073E-07   -1.077671063334E-08
    1.424363723667E-02   -6.528557301943E-03    0.000000000000E+00   -5.401239167597E-03    2.617899420574E-03    4.601151101879E-04    6.094821632765E-05    7.042719289526E-06   -7.503107893370E-07    7.572588436209E-08
    2.434802998805E-03   -3.754362254635E-03    5.401239167597E-03    0.000000000000E+00    3.983659962308E-03    1.952037001124E-03    3.477212326179E-04    4.637030834277E-05   -5.375455397838E-06    5.734572532137E-07
   -3.233861384834E-04    6.627545720526E-04   -2.617899420574E-03   -3.983659962308E-03    0.000000000000E+00   -3.134577393860E-03   -1.556331284201E-03   -2.803066810125E-04    3.762261625153E-05   -4.378067954247E-06
   -3.772802693829E-05    8.803923785698E-05   -4.601151101879E-04   -1.952037001124E-03    3.134577393860E-03    0.000000000000E+00   -2.579061141130E-03   -1.294385427624E-03    2.351619740360E-04   -3.174040122661E-05
   -4.062795980711E-06    1.020932051135E-05   -6.094821632765E-05   -3.477212326179E-04    1.556331284201E-03    2.579061141130E-03    0.000000000000E+00   -2.189155403706E-03    1.108111745223E-03   -2.027161848619E-04
   -4.142703528706E-07    1.091810046358E-06   -7.042719289524E-06   -4.637030834277E-05    2.803066810125E-04    1.294385427624E-03    2.189155403706E-03    0.000000000000E+00    1.900962184708E-03   -9.688117132514E-04
    4.060065088456E-08   -1.106038699081E-07    7.503107893376E-07    5.375455397842E-06   -3.762261625153E-05   -2.351619740360E-04   -1.108111745223E-03   -1.900962184708E-03    0.000000000000E+00    1.679482069098E-03
   -3.861131290826E-09    1.077671063476E-08   -7.572588436233E-08   -5.734572532156E-07    4.378067954250E-06    3.174040122661E-05    2.027161848619E-04    9.688117132514E-04   -1.679482069098E-03    0.000000000000E+00
   3.3969645189728701     
    0.000000000000E+00    2.013861231078E-02   -1.439961769446E-02   -2.599900178290E-03    3.631701723234E-04    4.449769118042E-05    5.029084111130E-06    5.379835864917E-07   -5.530069838202E-08    5.515044094093E-09
   -2.013861231078E-02    0.000000000000E+00    5.726786572354E-03    3.766769586894E-03   -7.039125961960E-04   -9.839796578687E-05   -1.198599130543E-05   -1.345384841969E-06    1.429893615251E-07   -1.461290661277E-08
    1.439961769446E-02   -5.726786572354E-03    0.000000000000E+00   -5.025435182945E-03    2.651703375388E-03    4.916707848788E-04    6.844692478288E-05    8.302248365782E-06   -9.279467805249E-07    9.822513032672E-08
    2.599900178290E-03   -3.766769586894E-03    5.025435182945E-03    0.000000000000E+00    3.725061714709E-03    1.978825353380E-03    3.717187323420E-04    5.208609295485E-05   -6.337221274373E-06    7.091928024350E-07
   -3.631701723234E-04    7.039125961960E-04   -2.651703375388E-03   -3.725061714709E-03    0.000000000000E+00   -2.936265027221E-03   -1.578122496543E-03   -2.996870684953E-04    4.226121819937E-05   -5.161137266584E-06
   -4.449769118041E-05    9.839796578687E-05   -4.916707848788E-04   -1.978825353380E-03    2.936265027221E-03    0.000000000000E+00   -2.417934834012E-03   -1.312683138891E-03    2.514340900011E-04   -3.565372780903E-05
   -5.029084111128E-06    1.198599130543E-05   -6.844692478288E-05   -3.717187323420E-04    1.578122496543E-03    2.417934834012E-03    0.000000000000E+00   -2.053357959248E-03    1.123860641811E-03   -2.167491550694E-04
   -5.379835864887E-07    1.345384841965E-06   -8.302248365779E-06   -5.208609295485E-05    2.996870684953E-04    1.312683138891E-03    2.053357959248E-03    0.000000000000E+00    1.783561874894E-03   -9.826268980777E-04
    5.530069837994E-08   -1.429893615246E-07    9.279467805230E-07    6.337221274370E-06   -4.226121819937E-05   -2.514340900011E-04   -1.123860641811E-03   -1.783561874894E-03    0.000000000000E+00    1.576063961603E-03
   -5.515044091819E-09    1.461290661088E-08   -9.822513032696E-08   -7.091928024320E-07    5.161137266581E-06    3.565372780903E-05    2.167491550694E-04    9.826268980777E-04   -1.576063961603E-03    0.000000000000E+00
   3.4626048088642656     
    0.000000000000E+00    1.649860429686E-02   -1.451677979046E-02   -2.765684390316E-03    4.058320025385E-04    5.216037123841E-05    6.179617282147E-06    6.926930987779E-07   -7.459204721335E-08    7.791578842792E-09
   -1.649860429686E-02    0.000000000000E+00    4.939477868856E-03    3.766511187153E-03   -7.446056231930E-04   -1.094149595668E-04   -1.398412077125E-05   -1.645587498041E-06    1.832726639675E-07   -1.962142469014E-08
    1.451677979046E-02   -4.939477868855E-03    0.000000000000E+00   -4.658178493707E-03    2.679210399185E-03    5.235347405336E-04    7.650829988186E-05    9.729677764994E-06   -1.139551078747E-06    1.263599721030E-07
    2.765684390316E-03   -3.766511187153E-03    4.658178493707E-03    0.000000000000E+00    3.472855089482E-03    2.001118403463E-03    3.959897387845E-04    5.823520881704E-05   -7.427620765552E-06    8.709163031829E-07
   -4.058320025385E-04    7.446056231930E-04   -2.679210399185E-03   -3.472855089482E-03    0.000000000000E+00   -2.743003012847E-03   -1.596384216136E-03   -3.192984631005E-04    4.725248116459E-05   -6.048996754696E-06
   -5.216037123842E-05    1.094149595668E-04   -5.235347405336E-04   -2.001118403463E-03    2.743003012847E-03    0.000000000000E+00   -2.260973537043E-03   -1.328067609681E-03    2.679041905308E-04   -3.986492681201E-05
   -6.179617282154E-06    1.398412077125E-05   -7.650829988186E-05   -3.959897387845E-04    1.596384216136E-03    2.260973537043E-03    0.000000000000E+00   -1.921100797543E-03    1.137126382257E-03   -2.309548138071E-04
   -6.926930987794E-07    1.645587498041E-06   -9.729677764993E-06   -5.823520881703E-05    3.192984631005E-04    1.328067609681E-03    1.921100797543E-03    0.000000000000E+00    1.669238538778E-03   -9.942770311543E-04
    7.459204721494E-08   -1.832726639668E-07    1.139551078748E-06    7.427620765553E-06   -4.725248116459E-05   -2.679041905308E-04   -1.137126382257E-03   -1.669238538778E-03    0.000000000000E+00    1.475365979361E-03
   -7.791578844608E-09    1.962142469044E-08   -1.263599721014E-07   -8.709163031848E-07    6.048996754700E-06    3.986492681202E-05    2.309548138071E-04    9.942770311543E-04   -1.475365979361E-03    0.000000000000E+00
   3.5288732355010328     
    0.000000000000E+00    1.294036322603E-02   -1.459506660584E-02   -2.931246914597E-03    4.513343404511E-04    6.077981356581E-05    7.539551194530E-06    8.845418776173E-07   -9.966765940082E-08    1.089170646659E-08
   -1.294036322603E-02    0.000000000000E+00    4.169251168758E-03    3.753651791879E-03   -7.845451852851E-04   -1.210628491818E-04   -1.621665347412E-05   -1.998335238399E-06    2.329522612330E-07   -2.609752489594E-08
    1.459506660584E-02   -4.169251168759E-03    0.000000000000E+00   -4.300292870839E-03    2.700399866976E-03    5.555585034368E-04    8.513189248394E-05    1.133790600223E-05   -1.389870115885E-06    1.612584128462E-07
    2.931246914597E-03   -3.753651791879E-03    4.300292870839E-03    0.000000000000E+00    3.227602427197E-03    2.018906253089E-03    4.204272037825E-04    6.481861237982E-05   -8.656704425425E-06    1.062278936067E-06
   -4.513343404511E-04    7.845451852851E-04   -2.700399866976E-03   -3.227602427197E-03    0.000000000000E+00   -2.555220917217E-03   -1.611109785339E-03   -3.390559496065E-04    5.259750509870E-05   -7.049870983132E-06
   -6.077981356581E-05    1.210628491818E-04   -5.555585034368E-04   -2.018906253089E-03    2.555220917217E-03    0.000000000000E+00   -2.108525744690E-03   -1.340533824952E-03    2.845016068863E-04   -4.437505317685E-05
   -7.539551194527E-06    1.621665347413E-05   -8.513189248394E-05   -4.204272037825E-04    1.611109785339E-03    2.108525744690E-03    0.000000000000E+00   -1.792677425054E-03    1.147904936591E-03   -2.452725261160E-04
   -8.845418776171E-07    1.998335238400E-06   -1.133790600223E-05   -6.481861237983E-05    3.390559496065E-04    1.340533824952E-03    1.792677425054E-03    0.000000000000E+00    1.558245823375E-03   -1.003758736320E-03
    9.966765940215E-08   -2.329522612344E-07    1.389870115886E-06    8.656704425425E-06   -5.259750509870E-05   -2.845016068863E-04   -1.147904936591E-03   -1.558245823375E-03    0.000000000000E+00    1.377611508799E-03
   -1.089170646675E-08    2.609752489644E-08   -1.612584128496E-07   -1.062278936067E-06    7.049870983131E-06    4.437505317685E-05    2.452725261160E-04    1.003758736320E-03   -1.377611508799E-03    0.000000000000E+00
   3.5957697988831727     
    0.000000000000E+00    9.477672247449E-03   -1.463470752645E-02   -3.095673214406E-03    4.996119453470E-04    7.041681778958E-05    9.135654574507E-06    1.120512461692E-06   -1.319613641160E-07    1.506979049017E-08
   -9.477672247449E-03    0.000000000000E+00    3.418522273199E-03    3.728356632223E-03   -8.234446082458E-04   -1.333058916083E-04   -1.869520397827E-05   -2.409812483711E-06    2.937124087603E-07   -3.439298480719E-08
    1.463470752645E-02   -3.418522273199E-03    0.000000000000E+00   -3.952474572243E-03    2.715290995191E-03    5.875910549781E-04    9.431266149209E-05    1.313953612903E-05   -1.683997694585E-06    2.042087142937E-07
    3.095673214406E-03   -3.728356632223E-03    3.952474572243E-03    0.000000000000E+00    2.989773994378E-03    2.032207698029E-03    4.449223058605E-04    7.183393738710E-05   -1.003434760756E-05    1.287206813118E-06
   -4.996119453470E-04    8.234446082458E-04   -2.715290995191E-03   -2.989773994378E-03    0.000000000000E+00   -2.373276471270E-03   -1.622315116151E-03   -3.588732143917E-04    5.829473964886E-05   -8.171854175634E-06
   -7.041681778958E-05    1.333058916083E-04   -5.875910549781E-04   -2.032207698029E-03    2.373276471270E-03    0.000000000000E+00   -1.960881086453E-03   -1.350095415558E-03    3.011545107500E-04   -4.918294513491E-05
   -9.135654574507E-06    1.869520397827E-05   -9.431266149209E-05   -4.449223058606E-04    1.622315116151E-03    1.960881086453E-03    0.000000000000E+00   -1.668331498449E-03    1.156208177306E-03   -2.596406646518E-04
   -1.120512461695E-06    2.409812483712E-06   -1.313953612903E-05   -7.183393738711E-05    3.588732143917E-04    1.350095415558E-03    1.668331498449E-03    0.000000000000E+00    1.450794151142E-03   -1.011082508118E-03
    1.319613641140E-07   -2.937124087597E-07    1.683997694583E-06    1.003434760756E-05   -5.829473964885E-05   -3.011545107500E-04   -1.156208177306E-03   -1.450794151142E-03    0.000000000000E+00    1.282985784748E-03
   -1.506979049055E-08    3.439298480721E-08   -2.042087142920E-07   -1.287206813119E-06    8.171854175633E-06    4.918294513491E-05    2.596406646518E-04    1.011082508118E-03   -1.282985784748E-03    0.000000000000E+00
   3.6632944990106839     
    0.000000000000E+00    6.123301338277E-03   -1.463620393485E-02   -3.258053850458E-03    5.505716466409E-04    8.112821271150E-05    1.099612981034E-05    1.408467908596E-06   -1.731796007948E-07    2.064435087933E-08
   -6.123301338277E-03    0.000000000000E+00    2.689497932991E-03    3.690887083822E-03   -8.610226619898E-04   -1.461001421320E-04   -2.142976994759E-05   -2.886404234274E-06    3.674268932129E-07   -4.492259548701E-08
    1.463620393485E-02   -2.689497932991E-03    0.000000000000E+00   -3.615299923313E-03    2.723940367362E-03    6.194802849797E-04    1.040408816428E-04    1.514670248490E-05   -2.027352303722E-06    2.566694491642E-07
    3.258053850458E-03   -3.690887083822E-03    3.615299923313E-03    0.000000000000E+00    2.759753642910E-03    2.041068349417E-03    4.693655052732E-04    7.927542847547E-05   -1.157012482392E-05    1.549885910536E-06
   -5.505716466409E-04    8.610226619898E-04   -2.723940367362E-03   -2.759753642910E-03    0.000000000000E+00   -2.197460062364E-03   -1.630037188689E-03   -3.786633829037E-04    6.433993101297E-05   -9.422809667385E-06
   -8.112821271150E-05    1.461001421320E-04   -6.194802849797E-04   -2.041068349417E-03    2.197460062364E-03    0.000000000000E+00   -1.818274036076E-03   -1.356783407569E-03    3.177906112910E-04   -5.428517972286E-05
   -1.099612981035E-05    2.142976994760E-05   -1.040408816428E-04   -4.693655052732E-04    1.630037188689E-03    1.818274036075E-03    0.000000000000E+00   -1.548259979070E-03    1.162062807792E-03   -2.739972078375E-04
   -1.408467908595E-06    2.886404234274E-06   -1.514670248490E-05   -7.927542847547E-05    3.786633829037E-04    1.356783407569E-03    1.548259979070E-03    0.000000000000E+00    1.347053462480E-03   -1.016271774485E-03
    1.731796007958E-07   -3.674268932123E-07    2.027352303723E-06    1.157012482392E-05   -6.433993101297E-05   -3.177906112910E-04   -1.162062807792E-03   -1.347053462481E-03    0.000000000000E+00    1.191638315303E-03
   -2.064435087903E-08    4.492259548715E-08   -2.566694491644E-07   -1.549885910535E-06    9.422809667385E-06    5.428517972286E-05    2.739972078375E-04    1.016271774485E-03   -1.191638315303E-03    0.000000000000E+00
   3.7314473358835683     
    0.000000000000E+00    2.888916731296E-03   -1.460031230626E-02   -3.417495066662E-03    6.040928369757E-04    9.296585308449E-05    1.315039127987E-05    1.757181977505E-06   -2.253338657337E-07    2.801013358889E-08
   -2.888916731296E-03    0.000000000000E+00    1.984171810489E-03    3.641595237460E-03   -8.970070860505E-04   -1.593937769492E-04   -2.442845948512E-05   -3.434618518721E-06    4.561592448976E-07   -5.817050583226E-08
    1.460031230626E-02   -1.984171810489E-03    0.000000000000E+00   -3.289233195853E-03    2.726439256895E-03    6.510744041475E-04    1.143021129765E-04    1.737089524526E-05   -2.425646883194E-06    3.202780266553E-07
    3.417495066662E-03   -3.641595237460E-03    3.289233195853E-03    0.000000000000E+00    2.537844667532E-03    2.045558613459E-03    4.936475656488E-04    8.713391948386E-05   -1.327318244403E-05    1.854741509020E-06
   -6.040928369757E-04    8.970070860505E-04   -2.726439256895E-03   -2.537844667532E-03    0.000000000000E+00   -2.027999376623E-03   -1.634332440681E-03   -3.983398298771E-04    7.072610441925E-05   -1.081026799877E-05
   -9.296585308449E-05    1.593937769492E-04   -6.510744041475E-04   -2.045558613459E-03    2.027999376623E-03    0.000000000000E+00   -1.680887742185E-03   -1.360644882501E-03    3.343378291837E-04   -5.967605806712E-05
   -1.315039127987E-05    2.442845948511E-05   -1.143021129765E-04   -4.936475656488E-04    1.634332440681E-03    1.680887742186E-03    0.000000000000E+00   -1.432616389606E-03    1.165509215222E-03   -2.882803180694E-04
   -1.757181977502E-06    3.434618518719E-06   -1.737089524526E-05   -8.713391948386E-05    3.983398298771E-04    1.360644882501E-03    1.432616389606E-03    0.000000000000E+00    1.247156046280E-03   -1.019361893769E-03
    2.253338657324E-07   -4.561592448975E-07    2.425646883194E-06    1.327318244403E-05   -7.072610441925E-05   -3.343378291837E-04   -1.165509215222E-03   -1.247156046280E-03    0.000000000000E+00    1.103685384130E-03
   -2.801013358888E-08    5.817050583225E-08   -3.202780266557E-07   -1.854741509019E-06    1.081026799877E-05    5.967605806712E-05    2.882803180694E-04    1.019361893769E-03   -1.103685384130E-03    0.000000000000E+00
   3.8002283095018243     
    0.000000000000E+00   -2.150000437870E-04   -1.452802505524E-02   -3.573128851226E-03    6.600284208768E-04    1.059756596707E-04    1.562880356535E-05    2.176356605324E-06   -2.907731749976E-07    3.765144793261E-08
    2.150000437862E-04    0.000000000000E+00    1.304321459067E-03    3.580917504124E-03   -9.311379233134E-04   -1.731275604331E-04   -2.769723966646E-05   -4.060998976040E-06    5.621589544419E-07   -7.469620850630E-08
    1.452802505524E-02   -1.304321459067E-03    0.000000000000E+00   -2.974634659073E-03    2.722910803030E-03    6.822232971081E-04    1.250772312982E-04    1.982278578927E-05   -2.884851058038E-06    3.968573157944E-07
    3.573128851226E-03   -3.580917504124E-03    2.974634659073E-03    0.000000000000E+00    2.324275766546E-03    2.045771570752E-03    5.176605288886E-04    9.539685582674E-05   -1.515211191821E-05    2.206412153799E-06
   -6.600284208768E-04    9.311379233134E-04   -2.722910803030E-03   -2.324275766546E-03    0.000000000000E+00   -1.865064115845E-03   -1.635275080660E-03   -4.178169517952E-04    7.744358171058E-05   -1.234132540730E-05
   -1.059756596707E-04    1.731275604331E-04   -6.822232971081E-04   -2.045771570752E-03    1.865064115845E-03    0.000000000000E+00   -1.548857917953E-03   -1.361741575532E-03    3.507249389114E-04   -6.534762000074E-05
   -1.562880356535E-05    2.769723966646E-05   -1.250772312982E-04   -5.176605288886E-04    1.635275080660E-03    1.548857917953E-03    0.000000000000E+00   -1.321514119464E-03    1.166600271057E-03   -3.024288925521E-04
   -2.176356605326E-06    4.060998976042E-06   -1.982278578927E-05   -9.539685582674E-05    4.178169517952E-04    1.361741575532E-03    1.321514119464E-03    0.000000000000E+00    1.151199412191E-03   -1.020399106348E-03
    2.907731749976E-07   -5.621589544433E-07    2.884851058038E-06    1.515211191821E-05   -7.744358171058E-05   -3.507249389114E-04   -1.166600271057E-03   -1.151199412191E-03    0.000000000000E+00    1.019212589261E-03
   -3.765144793202E-08    7.469620850769E-08   -3.968573157936E-07   -2.206412153799E-06    1.234132540730E-05    6.534762000074E-05    3.024288925521E-04    1.020399106348E-03   -1.019212589261E-03    0.000000000000E+00
   3.8696374198654526     
    0.000000000000E+00   -3.179220623713E-03   -1.442054951538E-02   -3.724122300087E-03    7.182061929614E-04    1.201967242268E-04    1.846238301470E-05    2.676624981112E-06   -3.722157802705E-07    5.015669480351E-08
    3.179220623714E-03    0.000000000000E+00    6.515064753681E-04    3.509367383851E-03   -9.631706023935E-04   -1.872354468890E-04   -3.123971281998E-05   -4.772029011709E-06    6.878533339625E-07   -9.513994600912E-08
    1.442054951539E-02   -6.515064753680E-04    0.000000000000E+00   -2.671768689404E-03    2.713507091686E-03    7.127798002874E-04    1.363425178818E-04    2.251205593244E-05   -3.411146051257E-06    4.884200130016E-07
    3.724122300087E-03   -3.509367383851E-03    2.671768689404E-03    0.000000000000E+00    2.119207022678E-03    2.041820793239E-03    5.412986320270E-04    1.040483595113E-04   -1.721482572071E-05    2.609718276832E-06
   -7.182061929614E-04    9.631706023935E-04   -2.713507091686E-03   -2.119207022678E-03    0.000000000000E+00   -1.708770723301E-03   -1.632955354836E-03   -4.370108927341E-04    8.448003287564E-05   -1.402254446193E-05
   -1.201967242268E-04    1.872354468890E-04   -7.127798002874E-04   -2.041820793239E-03    1.708770723301E-03    0.000000000000E+00   -1.422276735320E-03   -1.360148436572E-03    3.668821719992E-04   -7.128968702921E-05
   -1.846238301470E-05    3.123971281999E-05   -1.363425178818E-04   -5.412986320270E-04    1.632955354836E-03    1.422276735320E-03    0.000000000000E+00   -1.215029732840E-03    1.165400100384E-03   -3.163830804807E-04
   -2.676624981115E-06    4.772029011709E-06   -2.251205593245E-05   -1.040483595113E-04    4.370108927341E-04    1.360148436572E-03    1.215029732840E-03    0.000000000000E+00    1.059249164533E-03   -1.019439459351E-03
    3.722157802699E-07   -6.878533339617E-07    3.411146051258E-06    1.721482572071E-05   -8.448003287564E-05   -3.668821719992E-04   -1.165400100384E-03   -1.059249164533E-03    0.000000000000E+00    9.382773828880E-04
   -5.015669480265E-08    9.513994600829E-08   -4.884200130027E-07   -2.609718276833E-06    1.402254446193E-05    7.128968702921E-05    3.163830804807E-04    1.019439459351E-03   -9.382773828880E-04    0.000000000000E+00
   3.9396746669744536     
    0.000000000000E+00   -5.995823819526E-03   -1.427928550645E-02   -3.869686153863E-03    7.784306149823E-04    1.356605008175E-04    2.168246767329E-05    3.269538948289E-06   -4.727793645001E-07    6.623398909423E-08
    5.995823819526E-03    0.000000000000E+00    2.706781826940E-05    3.427527527842E-03   -9.928787179275E-04   -2.016453041663E-04   -3.505692676719E-05   -5.574029421362E-06    8.358348248982E-07   -1.202273347850E-07
    1.427928550645E-02   -2.706781826930E-05    0.000000000000E+00   -2.380811817352E-03    2.698406188017E-03    7.426008926538E-04    1.480698061204E-04    2.544723416564E-05   -4.010872729645E-06    5.971704564805E-07
    3.869686153863E-03   -3.427527527842E-03    2.380811817352E-03    0.000000000000E+00    1.922735824206E-03    2.033838133099E-03    5.644591572640E-04    1.130693348620E-04   -1.946843822974E-05    3.069625790975E-06
   -7.784306149823E-04    9.928787179275E-04   -2.698406188017E-03   -1.922735824206E-03    0.000000000000E+00   -1.559187058293E-03   -1.627477794767E-03   -4.558402165930E-04    9.182055991776E-05   -1.585985859784E-05
   -1.356605008175E-04    2.016453041663E-04   -7.426008926538E-04   -2.033838133098E-03    1.559187058293E-03    0.000000000000E+00   -1.301196675533E-03   -1.355952176587E-03    3.827417753444E-04   -7.748993226757E-05
   -2.168246767329E-05    3.505692676719E-05   -1.480698061204E-04   -5.644591572640E-04    1.627477794767E-03    1.301196675533E-03    0.000000000000E+00   -1.113206238962E-03    1.161982839234E-03   -3.300847615396E-04
   -3.269538948286E-06    5.574029421360E-06   -2.544723416564E-05   -1.130693348620E-04    4.558402165930E-04    1.355952176587E-03    1.113206238962E-03    0.000000000000E+00    9.713418429305E-04   -1.016547721169E-03
    4.727793645013E-07   -8.358348248982E-07    4.010872729645E-06    1.946843822974E-05   -9.182055991777E-05   -3.827417753444E-04   -1.161982839234E-03   -9.713418429305E-04    0.000000000000E+00    8.609115816032E-04
   -6.623398909459E-08    1.202273347836E-07   -5.971704564791E-07   -3.069625790974E-06    1.585985859784E-05    7.748993226757E-05    3.300847615396E-04    1.016547721169E-03   -8.609115816032E-04    0.000000000000E+00
   4.0103400508288258     
    0.000000000000E+00   -8.658232430449E-03   -1.410580178399E-02   -4.009082345413E-03    8.404849363200E-04    1.523900983933E-04    2.532036040548E-05    3.967539395570E-06   -5.960087347403E-07    8.672765393823E-08
    8.658232430449E-03    0.000000000000E+00   -5.678713081951E-04    3.336041260366E-03   -1.020056462700E-03   -2.162797409546E-04   -3.914722336698E-05   -6.473051272449E-06    1.008843517502E-06   -1.507729282144E-07
    1.410580178399E-02    5.678713081950E-04    0.000000000000E+00   -2.101860675092E-03    2.677809163124E-03    7.715487867658E-04    1.602266805174E-04    2.863554137006E-05   -4.690473195659E-06    7.255035324652E-07
    4.009082345413E-03   -3.336041260366E-03    2.101860675092E-03    0.000000000000E+00    1.734902683912E-03    2.021971514168E-03    5.870432068134E-04    1.224376116580E-04   -2.191915336406E-05    3.591204963256E-06
   -8.404849363200E-04    1.020056462700E-03   -2.677809163124E-03   -1.734902683912E-03    0.000000000000E+00   -1.416336980216E-03   -1.618959469757E-03   -4.742265194122E-04    9.944781051857E-05   -1.785848203260E-05
   -1.523900983933E-04    2.162797409546E-04   -7.715487867658E-04   -2.021971514168E-03    1.416336980216E-03    0.000000000000E+00   -1.185634301689E-03   -1.349249818992E-03    3.982385195697E-04   -8.393397526885E-05
   -2.532036040548E-05    3.914722336698E-05   -1.602266805174E-04   -5.870432068134E-04    1.618959469757E-03    1.185634301689E-03    0.000000000000E+00   -1.016056294310E-03    1.156431396757E-03   -3.434779814699E-04
   -3.967539395570E-06    6.473051272451E-06   -2.863554137006E-05   -1.224376116580E-04    4.742265194122E-04    1.349249818992E-03    1.016056294310E-03    0.000000000000E+00    8.874877029858E-04   -1.011796300525E-03
    5.960087347399E-07   -1.008843517504E-06    4.690473195657E-06    2.191915336406E-05   -9.944781051857E-05   -3.982385195697E-04   -1.156431396757E-03   -8.874877029858E-04    0.000000000000E+00    7.871238230508E-04
   -8.672765393804E-08    1.507729282161E-07   -7.255035324653E-07   -3.591204963256E-06    1.785848203260E-05    8.393397526885E-05    3.434779814699E-04    1.011796300525E-03   -7.871238230508E-04    0.000000000000E+00
   4.0816335714285712     
    0.000000000000E+00   -1.116123235847E-02   -1.390181189875E-02   -4.141630506534E-03    9.041336170707E-04    1.703996922743E-04    2.940695244669E-05    4.783909237274E-06   -7.459002334637E-07    1.126354189204E-07
    1.116123235847E-02    0.000000000000E+00   -1.132403223470E-03    3.235603696475E-03   -1.044520681437E-03   -2.310570210396E-04   -4.350613004141E-05   -7.474766540862E-06    1.209744986671E-06   -1.876825445256E-07
    1.390181189875E-02    1.132403223470E-03    0.000000000000E+00   -1.834939724769E-03    2.651937151402E-03    7.994919145318E-04    1.727767245806E-04    3.208274897698E-05   -5.456426776107E-06    8.760004910565E-07
    4.141630506534E-03   -3.235603696475E-03    1.834939724769E-03    0.000000000000E+00    1.555696887932E-03    2.006382752770E-03    6.089563982287E-04    1.321281228250E-04   -2.457216101937E-05    4.179585147700E-06
   -9.041336170707E-04    1.044520681437E-03   -2.651937151402E-03   -1.555696887932E-03    0.000000000000E+00   -1.280204795143E-03   -1.607528265136E-03   -4.920949782059E-04    1.073421191030E-04   -2.002282665827E-05
   -1.703996922743E-04    2.310570210396E-04   -7.994919145318E-04   -2.006382752770E-03    1.280204795143E-03    0.000000000000E+00   -1.075573916833E-03   -1.340147273548E-03    4.133101543369E-04   -9.060549967775E-05
   -2.940695244669E-05    4.350613004141E-05   -1.727767245806E-04   -6.089563982287E-04    1.607528265136E-03    1.075573916833E-03    0.000000000000E+00   -9.235653071805E-04    1.148836237110E-03   -3.565093420117E-04
   -4.783909237275E-06    7.474766540860E-06   -3.208274897698E-05   -1.321281228250E-04    4.920949782059E-04    1.340147273548E-03    9.235653071805E-04    0.000000000000E+00    8.076734117711E-04   -1.005264183005E-03
    7.459002334629E-07   -1.209744986671E-06    5.456426776109E-06    2.457216101936E-05   -1.073421191030E-04   -4.133101543369E-04   -1.148836237110E-03   -8.076734117711E-04    0.000000000000E+00    7.169019471602E-04
   -1.126354189225E-07    1.876825445258E-07   -8.760004910580E-07   -4.179585147702E-06    2.002282665827E-05    9.060549967775E-05    3.565093420117E-04    1.005264183005E-03   -7.169019471602E-04    0.000000000000E+00
   4.1535552287736888     
    0.000000000000E+00   -1.350097275870E-02   -1.366914978778E-02   -4.266713341031E-03    9.691249893684E-04    1.896940642188E-04    3.397233386872E-05    5.732708535886E-06   -9.269219063841E-07    1.451260193869E-07
    1.350097275870E-02    0.000000000000E+00   -1.665831949493E-03    3.126952622845E-03   -1.066112520883E-03   -2.458920430137E-04   -4.812629665495E-05   -8.584358704476E-06    1.441503508782E-06   -2.319541177525E-07
    1.366914978778E-02    1.665831949493E-03    0.000000000000E+00   -1.580008742198E-03    2.621028470898E-03    8.263058008195E-04    1.856798119318E-04    3.579305167107E-05   -6.315181154885E-06    1.051421435030E-06
    4.266713341031E-03   -3.126952622845E-03    1.580008742198E-03    0.000000000000E+00    1.385061946558E-03    1.987245431131E-03    6.301094759017E-04    1.421131125648E-04   -2.743154382025E-05    4.839905915099E-06
   -9.691249893684E-04    1.066112520883E-03   -2.621028470898E-03   -1.385061946558E-03    0.000000000000E+00   -1.150739538967E-03   -1.593321204377E-03   -5.093748331290E-04    1.154816720819E-04   -2.235642713685E-05
   -1.896940642188E-04    2.458920430137E-04   -8.263058008195E-04   -1.987245431131E-03    1.150739538967E-03    0.000000000000E+00   -9.709710850455E-04   -1.328757947548E-03    4.278978081104E-04   -9.748639104971E-05
   -3.397233386872E-05    4.812629665495E-05   -1.856798119318E-04   -6.301094759017E-04    1.593321204377E-03    9.709710850455E-04    0.000000000000E+00   -8.356944246444E-04    1.139294193675E-03   -3.691283431497E-04
   -5.732708535885E-06    8.584358704477E-06   -3.579305167107E-05   -1.421131125648E-04    5.093748331290E-04    1.328757947548E-03    8.356944246444E-04    0.000000000000E+00    7.318646405965E-04   -9.970358960717E-04
    9.269219063843E-07   -1.441503508782E-06    6.315181154885E-06    2.743154382025E-05   -1.154816720819E-04   -4.278978081104E-04   -1.139294193675E-03   -7.318646405964E-04    0.000000000000E+00    6.502152862342E-04
   -1.451260193846E-07    2.319541177514E-07   -1.051421435029E-06   -4.839905915099E-06    2.235642713684E-05    9.748639104971E-05    3.691283431497E-04    9.970358960717E-04   -6.502152862342E-04    0.000000000000E+00
   4.2261050228641777     
    0.000000000000E+00   -1.567494727064E-02   -1.340974550311E-02   -4.383780834666E-03    1.035194097743E-03    2.102682793466E-04    3.904539841115E-05    6.828691960902E-06   -1.144028582950E-06    1.855568874164E-07
    1.567494727064E-02    0.000000000000E+00   -2.167667826436E-03    3.010859295425E-03   -1.084698664008E-03   -2.606973644966E-04   -5.299747944502E-05   -9.806415740631E-06    1.707150939951E-06   -2.846768885336E-07
    1.340974550311E-02    2.167667826436E-03    0.000000000000E+00   -1.336970004089E-03    2.585335833959E-03    8.518738220710E-04    1.988924352295E-04    3.976895669723E-05   -7.273079622053E-06    1.254694354436E-06
    4.383780834666E-03   -3.010859295425E-03    1.336970004089E-03    0.000000000000E+00    1.222900812902E-03    1.964742842904E-03    6.504188369312E-04    1.523623708592E-04   -3.050019562037E-05    5.577265262268E-06
   -1.035194097743E-03    1.084698664008E-03   -2.585335833959E-03   -1.222900812902E-03    0.000000000000E+00   -1.027859071589E-03   -1.576482830310E-03   -5.259998016352E-04    1.238426940247E-04   -2.486187533929E-05
   -2.102682793466E-04    2.606973644966E-04   -8.518738220710E-04   -1.964742842904E-03    1.027859071589E-03    0.000000000000E+00   -8.717559949586E-04   -1.315201406841E-03    4.419463312821E-04   -1.045568921143E-04
   -3.904539841115E-05    5.299747944502E-05   -1.988924352295E-04   -6.504188369312E-04    1.576482830310E-03    8.717559949586E-04    0.000000000000E+00   -7.523833847293E-04    1.127907326230E-03   -3.812876767278E-04
   -6.828691960902E-06    9.806415740629E-06   -3.976895669723E-05   -1.523623708592E-04    5.259998016352E-04    1.315201406841E-03    7.523833847293E-04    0.000000000000E+00    6.600085401355E-04   -9.872005117946E-04
    1.144028582950E-06   -1.707150939950E-06    7.273079622051E-06    3.050019562037E-05   -1.238426940247E-04   -4.419463312821E-04   -1.127907326230E-03   -6.600085401355E-04    0.000000000000E+00    5.870168507759E-04
   -1.855568874167E-07    2.846768885337E-07   -1.254694354436E-06   -5.577265262266E-06    2.486187533929E-05    1.045568921143E-04    3.812876767278E-04    9.872005117946E-04   -5.870168507759E-04    0.000000000000E+00
   4.2992829537000397     
    0.000000000000E+00   -1.768195730695E-02   -1.312560146091E-02   -4.492353309663E-03    1.102065661796E-03    2.321075057851E-04    4.465345065665E-05    8.087209349470E-06   -1.402671139621E-06    2.354916105348E-07
    1.768195730695E-02    0.000000000000E+00   -2.637620713816E-03    2.888119290853E-03   -1.100172145751E-03   -2.753842500363E-04   -5.810657268692E-05   -1.114482804312E-05    2.009751707437E-06   -3.470288012311E-07
    1.312560146091E-02    2.637620713816E-03    0.000000000000E+00   -1.105675121075E-03    2.545123669495E-03    8.760878495964E-04    2.123680674960E-04    4.401119163059E-05   -8.336285562115E-06    1.488900671160E-06
    4.492353309663E-03   -2.888119290853E-03    1.105675121075E-03    0.000000000000E+00    1.069080838002E-03    1.939066026777E-03    6.698069713586E-04    1.628434902539E-04   -3.377975301133E-05    6.396665680875E-06
   -1.102065661796E-03    1.100172145751E-03   -2.545123669495E-03   -1.069080838002E-03    0.000000000000E+00   -9.114539601003E-04   -1.557163657731E-03   -5.419084246021E-04    1.323996514479E-04   -2.754076511134E-05
   -2.321075057852E-04    2.753842500363E-04   -8.760878495964E-04   -1.939066026777E-03    9.114539601003E-04    0.000000000000E+00   -7.778366485884E-04   -1.299602096806E-03    4.554045826274E-04   -1.117957726852E-04
   -4.465345065664E-05    5.810657268692E-05   -2.123680674960E-04   -6.698069713586E-04    1.557163657731E-03    7.778366485884E-04    0.000000000000E+00   -6.735532198991E-04    1.114781829730E-03   -3.929434714151E-04
   -8.087209349473E-06    1.114482804312E-05   -4.401119163060E-05   -1.628434902539E-04    5.419084246021E-04    1.299602096806E-03    6.735532198991E-04    0.000000000000E+00    5.920360862101E-04   -9.758506948397E-04
    1.402671139620E-06   -2.009751707437E-06    8.336285562115E-06    3.377975301133E-05   -1.323996514479E-04   -4.554045826274E-04   -1.114781829730E-03   -5.920360862101E-04    0.000000000000E+00    5.272454008964E-04
   -2.354916105337E-07    3.470288012308E-07   -1.488900671161E-06   -6.396665680874E-06    2.754076511134E-05    1.117957726852E-04    3.929434714151E-04    9.758506948397E-04   -5.272454008964E-04    0.000000000000E+00
   4.3730890212812739     
    0.000000000000E+00   -1.952205747882E-02   -1.281876947291E-02   -4.592023306577E-03    1.169457088442E-03    2.551869744876E-04    5.082182196392E-05    9.524090049375E-06   -1.708799101642E-06    2.967167091140E-07
    1.952205747882E-02    0.000000000000E+00   -3.075591562461E-03    2.759543578252E-03   -1.112452756212E-03   -2.898637199966E-04   -6.343768658179E-05   -1.260269328036E-05    2.352364324503E-06   -4.202719345631E-07
    1.281876947291E-02    3.075591562461E-03    0.000000000000E+00   -8.859315397049E-04    2.500665577362E-03    8.988487765031E-04    2.260575488335E-04    4.851863152397E-05   -9.510705139043E-06    1.757257223367E-06
    4.592023306577E-03   -2.759543578252E-03    8.859315397048E-04    0.000000000000E+00    9.234384626994E-04    1.910411901634E-03    6.882028167847E-04    1.735221399636E-04   -3.727054051432E-05    7.302958776210E-06
   -1.169457088442E-03    1.112452756212E-03   -2.500665577362E-03   -9.234384626994E-04    0.000000000000E+00   -8.013911459634E-04   -1.535518707605E-03   -5.570443447392E-04    1.411254703886E-04   -3.039364794469E-05
   -2.551869744876E-04    2.898637199966E-04   -8.988487765031E-04   -1.910411901634E-03    8.013911459634E-04    0.000000000000E+00   -6.891018694145E-04   -1.282088131563E-03    4.682256595173E-04   -1.191805110817E-04
   -5.082182196392E-05    6.343768658178E-05   -2.260575488335E-04   -6.882028167847E-04    1.535518707605E-03    6.891018694145E-04    0.000000000000E+00   -5.991088055886E-04    1.100027001630E-03   -4.040554894596E-04
   -9.524090049373E-06    1.260269328035E-05   -4.851863152397E-05   -1.735221399636E-04    5.570443447392E-04    1.282088131563E-03    5.991088055887E-04    0.000000000000E+00    5.278642901928E-04   -9.630818017246E-04
    1.708799101642E-06   -2.352364324503E-06    9.510705139046E-06    3.727054051432E-05   -1.411254703886E-04   -4.682256595173E-04   -1.100027001630E-03   -5.278642901927E-04    0.000000000000E+00    4.708273976545E-04
   -2.967167091142E-07    4.202719345625E-07   -1.757257223367E-06   -7.302958776212E-06    3.039364794469E-05    1.191805110817E-04    4.040554894596E-04    9.630818017246E-04   -4.708273976545E-04    0.000000000000E+00
   4.4475232256078785     
    0.000000000000E+00   -2.119648629976E-02   -1.249132894125E-02   -4.682456386261E-03    1.237081490492E-03    2.794720811014E-04    5.757350364954E-05    1.115551294016E-05   -2.068856177270E-06    3.712574099304E-07
    2.119648629976E-02    0.000000000000E+00   -3.481662835718E-03    2.625949904311E-03   -1.121487047941E-03   -3.040475823421E-04   -6.897227033315E-05   -1.418223068272E-05    2.738000212395E-06   -5.057459587493E-07
    1.249132894125E-02    3.481662835718E-03    0.000000000000E+00   -6.775086282982E-04    2.452241925866E-03    9.200669330679E-04    2.399094937746E-04    5.328824691064E-05   -1.080190955741E-05    2.063094859371E-06
    4.682456386261E-03   -2.625949904311E-03    6.775086282982E-04    0.000000000000E+00    7.857836110723E-04    1.878981512478E-03    7.055420307769E-04    1.843623535493E-04   -4.097153037332E-05    8.300789376614E-06
   -1.237081490492E-03    1.121487047941E-03   -2.452241925866E-03   -7.857836110723E-04    0.000000000000E+00   -6.975173765119E-04   -1.511706130108E-03   -5.713565197547E-04    1.499917646334E-04   -3.342000023086E-05
   -2.794720811014E-04    3.040475823421E-04   -9.200669330679E-04   -1.878981512478E-03    6.975173765120E-04    0.000000000000E+00   -6.054241166812E-04   -1.262790157370E-03    4.803670738341E-04   -1.266874843708E-04
   -5.757350364954E-05    6.897227033315E-05   -2.399094937746E-04   -7.055420307769E-04    1.511706130108E-03    6.054241166812E-04    0.000000000000E+00   -5.289412443025E-04    1.083754272883E-03   -4.145872768382E-04
   -1.115551294016E-05    1.418223068272E-05   -5.328824691064E-05   -1.843623535493E-04    5.713565197547E-04    1.262790157370E-03    5.289412443025E-04    0.000000000000E+00    4.673982667136E-04   -9.489910358123E-04
    2.068856177272E-06   -2.738000212395E-06    1.080190955741E-05    4.097153037332E-05   -1.499917646334E-04   -4.803670738341E-04   -1.083754272883E-03   -4.673982667136E-04    0.000000000000E+00    4.176788283337E-04
   -3.712574099316E-07    5.057459587506E-07   -2.063094859370E-06   -8.300789376615E-06    3.342000023086E-05    1.266874843708E-04    4.145872768382E-04    9.489910358123E-04   -4.176788283337E-04    0.000000000000E+00
   4.5225855666798571     
    0.000000000000E+00   -2.270758295318E-02   -1.214536638911E-02   -4.763390875785E-03    1.304650643973E-03    3.049186205178E-04    6.492880295532E-05    1.299786353697E-05   -2.489768113791E-06    4.613919263769E-07
    2.270758295318E-02    0.000000000000E+00   -3.856087606335E-03    2.488154634125E-03   -1.127247969506E-03   -3.178494269174E-04   -7.468927668679E-05   -1.588470636065E-05    3.169580430925E-06   -6.048595346180E-07
    1.214536638911E-02    3.856087606335E-03    0.000000000000E+00   -4.801433889766E-04    2.400137605151E-03    9.396623923502E-04    2.538707121851E-04    5.831507279732E-05   -1.221505790622E-05    2.409833709228E-06
    4.763390875785E-03   -2.488154634125E-03    4.801433889765E-04    0.000000000000E+00    6.559037982991E-04    1.844978395088E-03    7.217671832115E-04    1.953268252350E-04   -4.488031706700E-05    9.394539855244E-06
   -1.304650643973E-03    1.127247969506E-03   -2.400137605151E-03   -6.559037982991E-04    0.000000000000E+00   -5.996624052029E-04   -1.485885922222E-03   -5.847993722763E-04    1.589690708058E-04   -3.661820223364E-05
   -3.049186205178E-04    3.178494269174E-04   -9.396623923502E-04   -1.844978395088E-03    5.996624052029E-04    0.000000000000E+00   -5.266621071903E-04   -1.241840294800E-03    4.917908754011E-04   -1.342921643284E-04
   -6.492880295532E-05    7.468927668679E-05   -2.538707121851E-04   -7.217671832115E-04    1.485885922222E-03    5.266621071903E-04    0.000000000000E+00   -4.629300853382E-04    1.066076306406E-03   -4.245062684484E-04
   -1.299786353697E-05    1.588470636065E-05   -5.831507279732E-05   -1.953268252350E-04    5.847993722763E-04    1.241840294800E-03    4.629300853383E-04    0.000000000000E+00    4.105331579995E-04   -9.336766613189E-04
    2.489768113789E-06   -3.169580430925E-06    1.221505790622E-05    4.488031706700E-05   -1.589690708058E-04   -4.917908754011E-04   -1.066076306406E-03   -4.105331579995E-04    0.000000000000E+00    3.677069047664E-04
   -4.613919263771E-07    6.048595346180E-07   -2.409833709228E-06   -9.394539855242E-06    3.661820223364E-05    1.342921643284E-04    4.245062684484E-04    9.336766613189E-04   -3.677069047664E-04    0.000000000000E+00
   4.5982760444972079     
    0.000000000000E+00   -2.405869320504E-02   -1.178295657159E-02   -4.834636662977E-03    1.371877841428E-03    3.314731476223E-04    7.290502838839E-05    1.506758047227E-05   -2.978922646658E-06    5.696638603502E-07
    2.405869320504E-02    0.000000000000E+00   -4.199277658593E-03    2.346965129594E-03   -1.129734155568E-03   -3.311855663418E-04   -8.056536447241E-05   -1.771037142970E-05    3.649891178096E-06   -7.190797075689E-07
    1.178295657159E-02    4.199277658593E-03    0.000000000000E+00   -2.935457608311E-04    2.344639942155E-03    9.575651720585E-04    2.678866384681E-04    6.359219908693E-05   -1.375482185536E-05    2.800955392132E-06
    4.834636662977E-03   -2.346965129594E-03    2.935457608310E-04    0.000000000000E+00    5.335679401496E-04    1.808607063875E-03    7.368278731254E-04    2.063772109625E-04   -4.899310676280E-05    1.058827553802E-05
   -1.371877841428E-03    1.129734155568E-03   -2.344639942155E-03   -5.335679401496E-04    0.000000000000E+00   -5.076419543501E-04   -1.458218743296E-03   -5.973328800752E-04    1.680270871491E-04   -3.998552893600E-05
   -3.314731476223E-04    3.311855663418E-04   -9.575651720585E-04   -1.808607063875E-03    5.076419543502E-04    0.000000000000E+00   -4.526632410722E-04   -1.219371162436E-03    5.024637258518E-04   -1.419693164504E-04
   -7.290502838839E-05    8.056536447241E-05   -2.678866384681E-04   -7.368278731254E-04    1.458218743296E-03    4.526632410722E-04    0.000000000000E+00   -4.009453777645E-04    1.047106165348E-03   -4.337838508136E-04
   -1.506758047227E-05    1.771037142970E-05   -6.359219908693E-05   -2.063772109625E-04    5.973328800752E-04    1.219371162436E-03    4.009453777645E-04    0.000000000000E+00    3.571559133483E-04   -9.172372783338E-04
    2.978922646659E-06   -3.649891178096E-06    1.375482185536E-05    4.899310676280E-05   -1.680270871491E-04   -5.024637258518E-04   -1.047106165348E-03   -3.571559133483E-04    0.000000000000E+00    3.208116335271E-04
   -5.696638603489E-07    7.190797075691E-07   -2.800955392132E-06   -1.058827553802E-05    3.998552893600E-05    1.419693164504E-04    4.337838508136E-04    9.172372783338E-04   -3.208116335271E-04    0.000000000000E+00
   4.6745946590599310     
    0.000000000000E+00   -2.525406662968E-02   -1.140614530971E-02   -4.896073125331E-03    1.438480594066E-03    3.590734523509E-04    8.151620928354E-05    1.738099356623E-05   -3.544141343294E-06    6.988922915890E-07
    2.525406662968E-02    0.000000000000E+00   -4.511790695804E-03    2.203172753497E-03   -1.128968908352E-03   -3.439759085427E-04   -8.657513434605E-05   -1.965841415629E-05    4.181538865138E-06   -8.499193548053E-07
    1.140614530971E-02    4.511790695804E-03    0.000000000000E+00   -1.174035284060E-04    2.286036782157E-03    9.737153381126E-04    2.819017632152E-04    6.911078215811E-05   -1.542531329596E-05    3.239972418047E-06
    4.896073125331E-03   -2.203172753497E-03    1.174035284061E-04    0.000000000000E+00    4.185298710186E-04    1.770071625992E-03    7.506807745486E-04    2.174744300343E-04   -5.330472148807E-05    1.188569195986E-05
   -1.438480594066E-03    1.128968908352E-03   -2.286036782157E-03   -4.185298710187E-04    0.000000000000E+00   -4.212604445367E-04   -1.428864830589E-03   -6.089226102036E-04    1.771349127436E-04   -4.351815259349E-05
   -3.590734523509E-04    3.439759085427E-04   -9.737153381126E-04   -1.770071625992E-03    4.212604445366E-04    0.000000000000E+00   -3.832658344050E-04   -1.195514983598E-03    5.123569259872E-04   -1.496931993167E-04
   -8.151620928354E-05    8.657513434605E-05   -2.819017632152E-04   -7.506807745486E-04    1.428864830589E-03    3.832658344050E-04    0.000000000000E+00   -3.428495589596E-04    1.026956552395E-03   -4.423953849679E-04
   -1.738099356623E-05    1.965841415629E-05   -6.911078215811E-05   -2.174744300343E-04    6.089226102036E-04    1.195514983598E-03    3.428495589596E-04    0.000000000000E+00    3.071469254345E-04   -8.997711599225E-04
    3.544141343294E-06   -4.181538865138E-06    1.542531329596E-05    5.330472148807E-05   -1.771349127436E-04   -5.123569259872E-04   -1.026956552395E-03   -3.071469254345E-04    0.000000000000E+00    2.768872595168E-04
   -6.988922915903E-07    8.499193548053E-07   -3.239972418048E-06   -1.188569195986E-05    4.351815259350E-05    1.496931993167E-04    4.423953849679E-04    8.997711599225E-04   -2.768872595168E-04    0.000000000000E+00
   4.7515414103680254     
    0.000000000000E+00   -2.629874858756E-02   -1.101693417038E-02   -4.947646319502E-03    1.504183153859E-03    3.876491390624E-04    9.077285477944E-05    1.995415631206E-05   -4.193643481573E-06    8.521792175332E-07
    2.629874858756E-02    0.000000000000E+00   -4.794317026940E-03    2.057546538468E-03   -1.124998908036E-03   -3.561447495394E-04   -9.269139301615E-05   -2.172692727505E-05    4.766905716677E-06   -9.989228512960E-07
    1.101693417038E-02    4.794317026940E-03    0.000000000000E+00    4.861319461855E-05    2.224614735239E-03    9.880630173715E-04    2.958600627244E-04    7.486007742790E-05   -1.723001614321E-05    3.730395184629E-06
    4.947646319502E-03   -2.057546538468E-03   -4.861319461850E-05    0.000000000000E+00    3.105315622489E-04    1.729574521531E-03    7.632896170242E-04    2.285789639859E-04   -5.780861780227E-05    1.329006479807E-05
   -1.504183153859E-03    1.124998908036E-03   -2.224614735239E-03   -3.105315622489E-04    0.000000000000E+00   -3.403134889036E-04   -1.397983014701E-03   -6.195397015118E-04    1.862612844221E-04   -4.721115679151E-05
   -3.876491390624E-04    3.561447495394E-04   -9.880630173715E-04   -1.729574521531E-03    3.403134889036E-04    0.000000000000E+00   -3.183011589440E-04   -1.170402776127E-03    5.214464003065E-04   -1.574377619891E-04
   -9.077285477944E-05    9.269139301615E-05   -2.958600627244E-04   -7.632896170242E-04    1.397983014701E-03    3.183011589441E-04    0.000000000000E+00   -2.884991797134E-04    1.005739120108E-03   -4.503201926322E-04
   -1.995415631206E-05    2.172692727505E-05   -7.486007742790E-05   -2.285789639859E-04    6.195397015118E-04    1.170402776127E-03    2.884991797134E-04    0.000000000000E+00    2.603815249219E-04   -8.813756513028E-04
    4.193643481573E-06   -4.766905716679E-06    1.723001614321E-05    5.780861780227E-05   -1.862612844221E-04   -5.214464003065E-04   -1.005739120108E-03   -2.603815249219E-04    0.000000000000E+00    2.358235844456E-04
   -8.521792175333E-07    9.989228512958E-07   -3.730395184630E-06   -1.329006479807E-05    4.721115679151E-05    1.574377619891E-04    4.503201926322E-04    8.813756513028E-04   -2.358235844456E-04    0.000000000000E+00
   4.8291162984214919     
    0.000000000000E+00   -2.719846775112E-02   -1.061726702877E-02   -4.989365499593E-03    1.568718808029E-03    4.171222901398E-04    1.006817535458E-04    2.280267467471E-05   -4.936001858530E-06    1.032913855689E-06
    2.719846775112E-02    0.000000000000E+00   -5.047665537295E-03    1.910827614733E-03   -1.117892695930E-03   -3.676214753004E-04   -9.888543939141E-05   -2.391289062090E-05    5.408106563631E-06   -1.167650039321E-06
    1.061726702877E-02    5.047665537295E-03    0.000000000000E+00    2.048478213306E-04    2.160657593864E-03    1.000568324803E-03    3.097054200751E-04    8.082749143364E-05   -1.917172302277E-05    4.275696833574E-06
    4.989365499593E-03   -1.910827614733E-03   -2.048478213305E-04    0.000000000000E+00    2.093060761285E-04    1.687315391254E-03    7.746251053355E-04    2.396511484785E-04   -6.249691899055E-05    1.480420301032E-05
   -1.568718808029E-03    1.117892695930E-03   -2.160657593864E-03   -2.093060761285E-04    0.000000000000E+00   -2.645901714328E-04   -1.365729835132E-03   -6.291607993411E-04    1.953748082097E-04   -5.105856129858E-05
   -4.171222901398E-04    3.676214753004E-04   -1.000568324803E-03   -1.687315391254E-03    2.645901714328E-04    0.000000000000E+00   -2.575953013106E-04   -1.144163624934E-03    5.297126420065E-04   -1.651768368963E-04
   -1.006817535458E-04    9.888543939141E-05   -3.097054200751E-04   -7.746251053355E-04    1.365729835132E-03    2.575953013106E-04    0.000000000000E+00   -2.377464747208E-04    9.835638519406E-04   -4.575415086148E-04
   -2.280267467471E-05    2.391289062090E-05   -8.082749143364E-05   -2.396511484785E-04    6.291607993410E-04    1.144163624934E-03    2.377464747208E-04    0.000000000000E+00    2.167313400855E-04   -8.621466306830E-04
    4.936001858529E-06   -5.408106563629E-06    1.917172302277E-05    6.249691899054E-05   -1.953748082097E-04   -5.297126420065E-04   -9.835638519406E-04   -2.167313400856E-04    0.000000000000E+00    1.975071656173E-04
   -1.032913855688E-06    1.167650039320E-06   -4.275696833573E-06   -1.480420301032E-05    5.105856129858E-05    1.651768368963E-04    4.575415086148E-04    8.621466306830E-04   -1.975071656174E-04    0.000000000000E+00
   4.9073193232203307     
    0.000000000000E+00   -2.795952452267E-02   -1.020901857510E-02   -5.021299148807E-03    1.631831952091E-03    4.474082087195E-04    1.112458199380E-04    2.594153604913E-05   -5.780091344173E-06    1.244773698789E-06
    2.795952452267E-02    0.000000000000E+00   -5.272749784136E-03    1.763724338837E-03   -1.107738967859E-03   -3.783411682555E-04   -1.051273684917E-04   -2.621217003800E-05    6.106947984214E-06   -1.357658867833E-06
    1.020901857510E-02    5.272749784136E-03    0.000000000000E+00    3.516536020871E-04    2.094444907214E-03    1.011201215544E-03    3.233820357429E-04    8.699865350081E-05   -2.125247824466E-05    4.879276624219E-06
    5.021299148807E-03   -1.763724338837E-03   -3.516536020872E-04    0.000000000000E+00    1.145802188921E-04    1.643490065885E-03    7.846647860255E-04    2.506514564571E-04   -6.736046062288E-05    1.643040609136E-05
   -1.631831952091E-03    1.107738967859E-03   -2.094444907214E-03   -1.145802188921E-04    0.000000000000E+00   -1.938750956149E-04   -1.332258752232E-03   -6.377679480643E-04    2.044441836283E-04   -5.505335747367E-05
   -4.474082087195E-04    3.783411682555E-04   -1.011201215544E-03   -1.643490065885E-03    1.938750956149E-04    0.000000000000E+00   -2.009708362973E-04   -1.116924034739E-03    5.371406229642E-04   -1.728843266764E-04
   -1.112458199380E-04    1.051273684917E-04   -3.233820357429E-04   -7.846647860255E-04    1.332258752232E-03    2.009708362973E-04    0.000000000000E+00   -1.904407769471E-04    9.605385118402E-04   -4.640464031816E-04
   -2.594153604913E-05    2.621217003800E-05   -8.699865350080E-05   -2.506514564571E-04    6.377679480643E-04    1.116924034739E-03    1.904407769471E-04    0.000000000000E+00    1.760655216601E-04   -8.421780300732E-04
    5.780091344172E-06   -6.106947984214E-06    2.125247824466E-05    6.736046062288E-05   -2.044441836283E-04   -5.371406229642E-04   -9.605385118402E-04   -1.760655216601E-04    0.000000000000E+00    1.618223961319E-04
   -1.244773698788E-06    1.357658867833E-06   -4.879276624220E-06   -1.643040609136E-05    5.505335747367E-05    1.728843266764E-04    4.640464031816E-04    8.421780300732E-04   -1.618223961319E-04    0.000000000000E+00
   4.9861504847645426     
    0.000000000000E+00   -2.858867930558E-02   -9.793984705552E-03   -5.043570559727E-03    1.693279892984E-03    4.784162138002E-04    1.224639841325E-04    2.938493963312E-05   -6.735030129343E-06    1.491721809553E-06
    2.858867930558E-02    0.000000000000E+00   -5.470573683963E-03    1.616908228982E-03   -1.094644726067E-03   -3.882451112498E-04   -1.113863854526E-04   -2.861953160624E-05    6.864890215222E-06   -1.570486790390E-06
    9.793984705552E-03    5.470573683963E-03    0.000000000000E+00    4.893902309320E-04    2.026250721524E-03    1.019941266268E-03    3.368348211023E-04    9.335750442279E-05   -2.347352732312E-05    5.544422052190E-06
    5.043570559727E-03   -1.616908228982E-03   -4.893902309320E-04    0.000000000000E+00    2.607695609931E-05    1.598289678123E-03    7.933928647121E-04    2.615407683838E-04   -7.238884781752E-05    1.817042568067E-05
   -1.693279892984E-03    1.094644726067E-03   -2.026250721524E-03   -2.607695609927E-05    0.000000000000E+00   -1.279502368790E-04   -1.297719454810E-03   -6.453484450086E-04    2.134384178538E-04   -5.918755304219E-05
   -4.784162138002E-04    3.882451112498E-04   -1.019941266268E-03   -1.598289678123E-03    1.279502368790E-04    0.000000000000E+00   -1.482483353377E-04   -1.088807361656E-03    5.437196719097E-04   -1.805343826492E-04
   -1.224639841325E-04    1.113863854526E-04   -3.368348211023E-04   -7.933928647121E-04    1.297719454810E-03    1.482483353377E-04    0.000000000000E+00   -1.464297902750E-04    9.367681610814E-04   -4.698256772875E-04
   -2.938493963312E-05    2.861953160623E-05   -9.335750442279E-05   -2.615407683838E-04    6.453484450086E-04    1.088807361656E-03    1.464297902750E-04    0.000000000000E+00    1.382518437931E-04   -8.215614146599E-04
    6.735030129344E-06   -6.864890215222E-06    2.347352732312E-05    7.238884781752E-05   -2.134384178538E-04   -5.437196719097E-04   -9.367681610814E-04   -1.382518437931E-04    0.000000000000E+00    1.286524751476E-04
   -1.491721809554E-06    1.570486790391E-06   -5.544422052190E-06   -1.817042568067E-05    5.918755304219E-05    1.805343826492E-04    4.698256772875E-04    8.215614146599E-04   -1.286524751476E-04    0.000000000000E+00
   5.0656097830541267     
    0.000000000000E+00   -2.909304543199E-02   -9.373874776748E-03   -5.056353139348E-03    1.752834401168E-03    5.100504819777E-04    1.343311299607E-04    3.314613194599E-05   -7.810114774604E-06    1.778000352415E-06
    2.909304543199E-02    0.000000000000E+00   -5.642217589702E-03    1.471010618157E-03   -1.078733325393E-03   -3.972811892412E-04   -1.176311254330E-04   -3.112867144537E-05    7.683012867725E-06   -1.807631356736E-06
    9.373874776748E-03    5.642217589701E-03    0.000000000000E+00    6.184208542035E-04    1.956342469229E-03    1.026777396326E-03    3.500097736742E-04    9.988640175908E-05   -2.583527421324E-05    6.274270430711E-06
    5.056353139348E-03   -1.471010618157E-03   -6.184208542035E-04    0.000000000000E+00   -5.648244199691E-05    1.551899889133E-03    8.007999818051E-04    2.722806284955E-04   -7.757052374835E-05    2.002543227150E-05
   -1.752834401168E-03    1.078733325393E-03   -1.956342469229E-03    5.648244199682E-05    0.000000000000E+00   -6.659658809732E-05   -1.262257258101E-03   -6.518946614813E-04    2.223270286288E-04   -6.345222575806E-05
   -5.100504819777E-04    3.972811892412E-04   -1.026777396326E-03   -1.551899889133E-03    6.659658809729E-05    0.000000000000E+00   -9.924770691082E-05   -1.059933319696E-03    5.494433253078E-04   -1.881015738592E-04
   -1.343311299607E-04    1.176311254330E-04   -3.500097736742E-04   -8.007999818051E-04    1.262257258101E-03    9.924770691080E-05    0.000000000000E+00   -1.055607208149E-04    9.123547390931E-04   -4.748737344407E-04
   -3.314613194599E-05    3.112867144537E-05   -9.988640175908E-05   -2.722806284955E-04    6.518946614813E-04    1.059933319696E-03    1.055607208149E-04    0.000000000000E+00    1.031576828357E-04   -8.003856181077E-04
    7.810114774603E-06   -7.683012867725E-06    2.583527421324E-05    7.757052374835E-05   -2.223270286288E-04   -5.494433253078E-04   -9.123547390931E-04   -1.031576828357E-04    0.000000000000E+00    9.788027053100E-05
   -1.778000352414E-06    1.807631356735E-06   -6.274270430709E-06   -2.002543227150E-05    6.345222575806E-05    1.881015738592E-04    4.748737344407E-04    8.003856181077E-04   -9.788027053100E-05    0.000000000000E+00
   5.1456972180890821     
    0.000000000000E+00   -2.947998722756E-02   -8.950305615082E-03   -5.059865512699E-03    1.810282996970E-03    5.422109168607E-04    1.468380787363E-04    3.723724946008E-05   -9.014749649435E-06    2.108120138205E-06
    2.947998722756E-02    0.000000000000E+00   -5.788824660842E-03    1.326620039159E-03   -1.060142454542E-03   -4.054041878339E-04   -1.238299732524E-04   -3.373226004890E-05    8.561984960558E-06   -2.070530256716E-06
    8.950305615082E-03    5.788824660843E-03    0.000000000000E+00    7.391094130745E-04    1.884980004463E-03    1.031707534990E-03    3.628543301899E-04    1.065662396568E-04   -2.833724664689E-05    7.071770373320E-06
    5.059865512699E-03   -1.326620039159E-03   -7.391094130744E-04    0.000000000000E+00   -1.333764935494E-04    1.504500225883E-03    8.068829517530E-04    2.828334846066E-04   -8.289284797473E-05    2.199598729935E-05
   -1.810282996970E-03    1.060142454542E-03   -1.884980004463E-03    1.333764935494E-04    0.000000000000E+00   -9.595617316827E-06   -1.226012588526E-03   -6.574038350698E-04    2.310802340845E-04   -6.783758486881E-05
   -5.422109168607E-04    4.054041878339E-04   -1.031707534990E-03   -1.504500225883E-03    9.595617316827E-06    0.000000000000E+00   -5.378938250518E-05   -1.030417559025E-03    5.543091545519E-04   -1.955610452213E-04
   -1.468380787363E-04    1.238299732524E-04   -3.628543301899E-04   -8.068829517530E-04    1.226012588526E-03    5.378938250518E-05    0.000000000000E+00   -6.768127709783E-05    8.873967055311E-04   -4.791884323308E-04
   -3.723724946008E-05    3.373226004890E-05   -1.065662396568E-04   -2.828334846066E-04    6.574038350698E-04    1.030417559025E-03    6.768127709781E-05    0.000000000000E+00    7.065088237590E-05   -7.787364312662E-04
    9.014749649436E-06   -8.561984960557E-06    2.833724664689E-05    8.289284797473E-05   -2.310802340845E-04   -5.543091545519E-04   -8.873967055311E-04   -7.065088237592E-05    0.000000000000E+00    6.938908102544E-05
   -2.108120138206E-06    2.070530256716E-06   -7.071770373320E-06   -2.199598729935E-05    6.783758486881E-05    1.955610452213E-04    4.791884323308E-04    7.787364312662E-04   -6.938908102541E-05    0.000000000000E+00
   5.2264127898694106     
    0.000000000000E+00   -2.975702404540E-02   -8.524797194329E-03   -5.054366513785E-03    1.865429968565E-03    5.747940295077E-04    1.599716169332E-04    4.166917022999E-05   -1.035837149248E-05    2.486846041745E-06
    2.975702404540E-02    0.000000000000E+00   -5.911587562852E-03    1.184280330785E-03   -1.039022091851E-03   -4.125759908414E-04   -1.299513773404E-04   -3.642199997560E-05    9.502039739531E-06   -2.360541114149E-06
    8.524797194329E-03    5.911587562852E-03    0.000000000000E+00    8.518182749630E-04    1.812414781182E-03    1.034738242086E-03    3.753176945693E-04    1.133765811679E-04   -3.097806988513E-05    7.939643649911E-06
    5.054366513785E-03   -1.184280330785E-03   -8.518182749630E-04    0.000000000000E+00   -2.048818130834E-04    1.456263524972E-03    8.116444713732E-04    2.931629096425E-04   -8.834218319764E-05    2.408202083327E-05
   -1.865429968565E-03    1.039022091851E-03   -1.812414781182E-03    2.048818130835E-04    0.000000000000E+00    4.326944648517E-05   -1.189120551415E-03   -6.618778376358E-04    2.396691280731E-04   -7.233303929726E-05
   -5.747940295077E-04    4.125759908414E-04   -1.034738242086E-03   -1.456263524972E-03   -4.326944648517E-05    0.000000000000E+00   -1.169535989241E-05   -1.000371312516E-03    5.583185731266E-04   -2.028886636406E-04
   -1.599716169332E-04    1.299513773404E-04   -3.753176945693E-04   -8.116444713732E-04    1.189120551415E-03    1.169535989241E-05    0.000000000000E+00   -3.264054869740E-05    8.619887405125E-04   -4.827709173871E-04
   -4.166917022999E-05    3.642199997560E-05   -1.133765811679E-04   -2.931629096425E-04    6.618778376358E-04    1.000371312516E-03    3.264054869742E-05    0.000000000000E+00    4.060051234999E-05   -7.566963415721E-04
    1.035837149248E-05   -9.502039739532E-06    3.097806988513E-05    8.834218319764E-05   -2.396691280731E-04   -5.583185731266E-04   -8.619887405125E-04   -4.060051234997E-05    0.000000000000E+00    4.306330473645E-05
   -2.486846041744E-06    2.360541114150E-06   -7.939643649911E-06   -2.408202083327E-05    7.233303929726E-05    2.028886636406E-04    4.827709173871E-04    7.566963415721E-04   -4.306330473647E-05    0.000000000000E+00
   5.3077564983951095     
    0.000000000000E+00   -2.993174254877E-02   -8.098769845502E-03   -5.040150174965E-03    1.918097140910E-03    6.076938209910E-04    1.737145673668E-04    4.645137712602E-05   -1.185037029160E-05    2.919178392907E-06
    2.993174254877E-02    0.000000000000E+00   -6.011735883745E-03    1.044489385444E-03   -1.015532464938E-03   -4.187656815020E-04   -1.359641539110E-04   -3.918869596777E-05    1.050295486148E-05   -2.678921439656E-06
    8.098769845502E-03    6.011735883745E-03    0.000000000000E+00    9.569061877479E-04    1.738889159813E-03    1.035884290201E-03    3.873511398465E-04    1.202958017054E-04   -3.375544941683E-05    8.880348044662E-06
    5.040150174965E-03   -1.044489385444E-03   -9.569061877479E-04    0.000000000000E+00   -2.712716403017E-04    1.407355474733E-03    8.150928033639E-04    3.032338042444E-04   -9.390398942615E-05    2.628281520598E-05
   -1.918097140910E-03    1.015532464938E-03   -1.738889159813E-03    2.712716403017E-04    0.000000000000E+00    9.221249751035E-05   -1.151710575742E-03   -6.653229236889E-04    2.480658403857E-04   -7.692727168055E-05
   -6.076938209910E-04    4.187656815020E-04   -1.035884290201E-03   -1.407355474733E-03   -9.221249751035E-05    0.000000000000E+00    2.720989190888E-05   -9.699011059635E-04    5.614766275753E-04   -2.100611515221E-04
   -1.737145673668E-04    1.359641539110E-04   -3.873511398465E-04   -8.150928033639E-04    1.151710575742E-03   -2.720989190888E-05    0.000000000000E+00   -2.897681588608E-07    8.362214991720E-04   -4.856254454986E-04
   -4.645137712602E-05    3.918869596777E-05   -1.202958017054E-04   -3.032338042444E-04    6.653229236889E-04    9.699011059635E-04    2.897681588608E-07    0.000000000000E+00    1.287752729219E-05   -7.343443198416E-04
    1.185037029160E-05   -1.050295486148E-05    3.375544941683E-05    9.390398942614E-05   -2.480658403857E-04   -5.614766275753E-04   -8.362214991720E-04   -1.287752729219E-05    0.000000000000E+00    1.878901864332E-05
   -2.919178392907E-06    2.678921439656E-06   -8.880348044663E-06   -2.628281520597E-05    7.692727168055E-05    2.100611515221E-04    4.856254454986E-04    7.343443198416E-04   -1.878901864334E-05    0.000000000000E+00
   5.3897283436661834     
    0.000000000000E+00   -3.001171779035E-02   -7.673542843359E-03   -5.017540784762E-03    1.968124405504E-03    6.408026546620E-04    1.880459013408E-04    5.159183446109E-05   -1.350000752356E-05    3.410330414939E-06
    3.001171779035E-02    0.000000000000E+00   -6.090524338858E-03    9.076984922538E-04   -9.898420430529E-04   -4.239495523851E-04   -1.418377770394E-04   -4.202233603955E-05    1.156403826065E-05   -3.026809083939E-06
    7.673542843359E-03    6.090524338858E-03    0.000000000000E+00    1.054726533638E-03    1.664635833450E-03    1.035168214831E-03    3.989082823768E-04    1.273012416946E-04   -3.666616277092E-05    9.896041730147E-06
    5.017540784762E-03   -9.076984922538E-04   -1.054726533638E-03    0.000000000000E+00   -3.328145739787E-04    1.357934248891E-03    8.172414400066E-04    3.130125795281E-04   -9.956292422335E-05    2.859699469796E-05
   -1.968124405504E-03    9.898420430529E-04   -1.664635833450E-03    3.328145739787E-04    0.000000000000E+00    1.374435949480E-04   -1.113906130689E-03   -6.677494631619E-04    2.562436811413E-04   -8.160831720606E-05
   -6.408026546620E-04    4.239495523851E-04   -1.035168214831E-03   -1.357934248891E-03   -1.374435949480E-04    0.000000000000E+00    6.309865620863E-05   -9.391085276255E-04    5.637917756278E-04   -2.170562070941E-04
   -1.880459013408E-04    1.418377770394E-04   -3.989082823768E-04   -8.172414400066E-04    1.113906130689E-03   -6.309865620858E-05    0.000000000000E+00    2.951703543967E-05    8.101814168504E-04   -4.877591917843E-04
   -5.159183446109E-05    4.202233603955E-05   -1.273012416946E-04   -3.130125795281E-04    6.677494631619E-04    9.391085276255E-04   -2.951703543967E-05    0.000000000000E+00   -1.264466913888E-05   -7.117556512410E-04
    1.350000752356E-05   -1.156403826065E-05    3.666616277092E-05    9.956292422335E-05   -2.562436811413E-04   -5.637917756278E-04   -8.101814168504E-04    1.264466913888E-05    0.000000000000E+00   -3.545524371358E-06
   -3.410330414938E-06    3.026809083939E-06   -9.896041730147E-06   -2.859699469796E-05    8.160831720606E-05    2.170562070941E-04    4.877591917843E-04    7.117556512410E-04    3.545524371379E-06    0.000000000000E+00
   5.4723283256826267     
    0.000000000000E+00   -3.000444220134E-02   -7.250334261988E-03   -4.986888060817E-03    2.015370012678E-03    6.740121015498E-04    2.029408864730E-04    5.709687863709E-05   -1.531633246899E-05    3.965701691850E-06
    3.000444220134E-02    0.000000000000E+00   -6.149221567804E-03    7.743122715779E-04   -9.621255947417E-04   -4.281110305068E-04   -1.475426503771E-04   -4.491218159494E-05    1.268411971992E-05   -3.405203436642E-06
    7.250334261988E-03    6.149221567804E-03    0.000000000000E+00    1.145625796506E-03    1.589877373998E-03    1.032619838640E-03    4.099453262141E-04    1.343693658671E-04   -3.970606018325E-05    1.098854950867E-05
    4.986888060817E-03   -7.743122715779E-04   -1.145625796506E-03    0.000000000000E+00   -3.897734723002E-04    1.308150228562E-03    8.181087515758E-04    3.224673188427E-04   -1.053029473490E-04    3.102252112192E-05
   -2.015370012678E-03    9.621255947417E-04   -1.589877373998E-03    3.897734723002E-04    0.000000000000E+00    1.791681397053E-04   -1.075824510396E-03   -6.691716621538E-04    2.641772685447E-04   -8.636364597246E-05
   -6.740121015498E-04    4.281110305068E-04   -1.032619838640E-03   -1.308150228562E-03   -1.791681397053E-04    0.000000000000E+00    9.613930483740E-05   -9.080900536367E-04    5.652756544780E-04   -2.238526109446E-04
   -2.029408864730E-04    1.475426503771E-04   -4.099453262141E-04   -8.181087515758E-04    1.075824510396E-03   -9.613930483749E-05    0.000000000000E+00    5.692247933242E-05    7.839505617348E-04   -4.891820520231E-04
   -5.709687863709E-05    4.491218159494E-05   -1.343693658671E-04   -3.224673188427E-04    6.691716621538E-04    9.080900536367E-04   -5.692247933242E-05    0.000000000000E+00   -3.608974385343E-05   -6.890018075370E-04
    1.531633246899E-05   -1.268411971992E-05    3.970606018325E-05    1.053029473490E-04   -2.641772685447E-04   -5.652756544780E-04   -7.839505617348E-04    3.608974385343E-05    0.000000000000E+00   -2.404947322154E-05
   -3.965701691851E-06    3.405203436642E-06   -1.098854950867E-05   -3.102252112192E-05    8.636364597246E-05    2.238526109446E-04    4.891820520231E-04    6.890018075370E-04    2.404947322154E-05    0.000000000000E+00
   5.5555564444444441     
    0.000000000000E+00   -2.991726456790E-02   -6.830261900493E-03   -4.948562523816E-03    2.059710662215E-03    7.072137572252E-04    2.183712697529E-04    6.297112517868E-05   -1.730809816591E-05    4.590848082172E-06
    2.991726456790E-02    0.000000000000E+00   -6.189099991693E-03    6.446890755079E-04   -9.325623237848E-04   -4.312405255518E-04   -1.530503583693E-04   -4.784686543898E-05    1.386154849317E-05   -3.814947812531E-06
    6.830261900493E-03    6.189099991693E-03    0.000000000000E+00    1.229942315360E-03    1.514825877395E-03    1.028275776660E-03    4.204212785289E-04    1.414759281409E-04   -4.287007444306E-05    1.215933157548E-05
    4.948562523816E-03   -6.446890755079E-04   -1.229942315360E-03    0.000000000000E+00   -4.424045398864E-04    1.258145801383E-03    8.177176246618E-04    3.315679191758E-04   -1.111074289996E-04    3.355669549759E-05
   -2.059710662215E-03    9.325623237848E-04   -1.514825877395E-03    4.424045398864E-04    0.000000000000E+00    2.175861905361E-04   -1.037576679533E-03   -6.696072756975E-04    2.718426403650E-04   -9.118024814357E-05
   -7.072137572252E-04    4.312405255518E-04   -1.028275776660E-03   -1.258145801383E-03   -2.175861905360E-04    0.000000000000E+00    1.264957466300E-04   -8.769369237164E-04    5.659428424974E-04   -2.304303189672E-04
   -2.183712697529E-04    1.530503583693E-04   -4.204212785290E-04   -8.177176246618E-04    1.037576679533E-03   -1.264957466300E-04    0.000000000000E+00    8.206536382371E-05    7.576065304819E-04   -4.899064384826E-04
   -6.297112517868E-05    4.784686543898E-05   -1.414759281409E-04   -3.315679191758E-04    6.696072756975E-04    8.769369237164E-04   -8.206536382371E-05    0.000000000000E+00   -5.757803474830E-05   -6.661503568784E-04
    1.730809816591E-05   -1.386154849317E-05    4.287007444306E-05    1.111074289996E-04   -2.718426403650E-04   -5.659428424974E-04   -7.576065304820E-04    5.757803474830E-05    0.000000000000E+00   -4.282902719611E-05
   -4.590848082172E-06    3.814947812532E-06   -1.215933157548E-05   -3.355669549759E-05    9.118024814357E-05    2.304303189672E-04    4.899064384826E-04    6.661503568784E-04    4.282902719613E-05    0.000000000000E+00
   5.6394126999516327     
    0.000000000000E+00   -2.975733784320E-02   -6.414345142669E-03   -4.902951098393E-03    2.101041400409E-03    7.403000176936E-04    2.343054904397E-04    6.921739245149E-05   -1.948367784298E-05    5.291448241238E-06
    2.975733784320E-02    0.000000000000E+00   -6.211426544111E-03    5.191418333956E-04   -9.013341056100E-04   -4.333352089265E-04   -1.583338939527E-04   -5.081449566284E-05    1.509419681311E-05   -4.256713253208E-06
    6.414345142669E-03    6.211426544111E-03    0.000000000000E+00    1.308005252112E-03    1.439682705396E-03    1.022178927465E-03    4.302981349047E-04    1.485961397177E-04   -4.615223948819E-05    1.340945512457E-05
    4.902951098393E-03   -5.191418333956E-04   -1.308005252112E-03    0.000000000000E+00   -4.909565687798E-04    1.208055233452E-03    8.160950941731E-04    3.402862117423E-04   -1.169592601087E-04    3.619616554889E-05
   -2.101041400409E-03    9.013341056100E-04   -1.439682705396E-03    4.909565687797E-04    0.000000000000E+00    2.528918999003E-04   -9.992671755069E-04   -6.690773155525E-04    2.792173488572E-04   -9.604472072538E-05
   -7.403000176936E-04    4.333352089265E-04   -1.022178927465E-03   -1.208055233452E-03   -2.528918999004E-04    0.000000000000E+00    1.543269739497E-04   -8.457350634698E-04    5.658106169312E-04   -2.367705415511E-04
   -2.343054904397E-04    1.583338939527E-04   -4.302981349047E-04   -8.160950941731E-04    9.992671755069E-04   -1.543269739498E-04    0.000000000000E+00    1.050802921827E-04    7.312223834804E-04   -4.899470723728E-04
   -6.921739245149E-05    5.081449566284E-05   -1.485961397177E-04   -3.402862117423E-04    6.690773155525E-04    8.457350634698E-04   -1.050802921827E-04    0.000000000000E+00   -7.722622326538E-05   -6.432649081116E-04
    1.948367784298E-05   -1.509419681311E-05    4.615223948819E-05    1.169592601087E-04   -2.792173488572E-04   -5.658106169312E-04   -7.312223834804E-04    7.722622326536E-05    0.000000000000E+00   -5.998714818840E-05
   -5.291448241240E-06    4.256713253208E-06   -1.340945512457E-05   -3.619616554889E-05    9.604472072538E-05    2.367705415511E-04    4.899470723728E-04    6.432649081116E-04    5.998714818840E-05    0.000000000000E+00
   5.7238970922041945     
    0.000000000000E+00   -2.953157498661E-02   -6.003507644537E-03   -4.850452972405E-03    2.139275338728E-03    7.731648050073E-04    2.507089176728E-04    7.583664219374E-05   -2.185098268760E-05    6.073266985927E-06
    2.953157498661E-02    0.000000000000E+00   -6.217454182232E-03    3.979393071371E-04   -8.686238430727E-04   -4.343987327458E-04   -1.633678607456E-04   -5.380276353307E-05    1.637946907337E-05   -4.730983968950E-06
    6.003507644537E-03    6.217454182232E-03    0.000000000000E+00    1.380133725893E-03    1.364638320700E-03    1.014377955786E-03    4.395410342009E-04    1.557048382845E-04   -4.954571728123E-05    1.473956910273E-05
    4.850452972404E-03   -3.979393071371E-04   -1.380133725893E-03    0.000000000000E+00   -5.356703086905E-04    1.158004609351E-03    8.132719728023E-04    3.485960617745E-04   -1.228409633251E-04    3.893693872548E-05
   -2.139275338728E-03    8.686238430727E-04   -1.364638320700E-03    5.356703086906E-04    0.000000000000E+00    2.852730533159E-04   -9.609940631483E-04   -6.676057560060E-04    2.862805391918E-04   -1.009433548911E-04
   -7.731648050073E-04    4.343987327458E-04   -1.014377955786E-03   -1.158004609351E-03   -2.852730533159E-04    0.000000000000E+00    1.797866956691E-04   -8.145650494958E-04    5.648987100107E-04   -2.428558090889E-04
   -2.507089176728E-04    1.633678607456E-04   -4.395410342009E-04   -8.132719728023E-04    9.609940631483E-04   -1.797866956691E-04    0.000000000000E+00    1.260973643560E-04    7.048666164243E-04   -4.893207750078E-04
   -7.583664219374E-05    5.380276353307E-05   -1.557048382845E-04   -3.485960617745E-04    6.676057560060E-04    8.145650494958E-04   -1.260973643560E-04    0.000000000000E+00   -9.514707132007E-05   -6.204050866531E-04
    2.185098268760E-05   -1.637946907337E-05    4.954571728123E-05    1.228409633251E-04   -2.862805391918E-04   -5.648987100107E-04   -7.048666164243E-04    9.514707132011E-05    0.000000000000E+00   -7.562332997765E-05
   -6.073266985925E-06    4.730983968950E-06   -1.473956910273E-05   -3.893693872548E-05    1.009433548911E-04    2.428558090889E-04    4.893207750078E-04    6.204050866531E-04    7.562332997765E-05    0.000000000000E+00
   5.8090096212021276     
    0.000000000000E+00   -2.924661380029E-02   -5.598580648102E-03   -4.791475757903E-03    2.174343227804E-03    8.057042433417E-04    2.675441111409E-04    8.282793815599E-05   -2.441738237053E-05    6.942116059702E-06
    2.924661380029E-02    0.000000000000E+00   -6.208414480026E-03    2.813076445399E-04   -8.346139437033E-04   -4.344408971566E-04   -1.681286489946E-04   -5.679905405222E-05    1.771431664744E-05   -5.238044748107E-06
    5.598580648102E-03    6.208414480026E-03    0.000000000000E+00    1.446636163507E-03    1.289872196875E-03    1.004926771433E-03    4.481183844285E-04    1.627766572314E-04   -5.304283287247E-05    1.614988259766E-05
    4.791475757903E-03   -2.813076445399E-04   -1.446636163507E-03    0.000000000000E+00   -5.767779791658E-04    1.108111830122E-03    8.092824817622E-04    3.564734486642E-04   -1.287348039229E-04    4.177440067455E-05
   -2.174343227804E-03    8.346139437033E-04   -1.289872196875E-03    5.767779791658E-04    0.000000000000E+00    3.149107141189E-04   -9.228489350419E-04   -6.652192406542E-04    2.930130121805E-04   -1.058622231900E-04
   -8.057042433417E-04    4.344408971566E-04   -1.004926771433E-03   -1.108111830122E-03   -3.149107141189E-04    0.000000000000E+00    2.030230547544E-04   -7.835021121477E-04    5.632290659052E-04   -2.486700243881E-04
   -2.675441111409E-04    1.681286489946E-04   -4.481183844285E-04   -8.092824817622E-04    9.228489350419E-04   -2.030230547544E-04    0.000000000000E+00    1.452419413450E-04    6.786031640322E-04   -4.880462597209E-04
   -8.282793815599E-05    5.679905405222E-05   -1.627766572314E-04   -3.564734486642E-04    6.652192406542E-04    7.835021121477E-04   -1.452419413450E-04    0.000000000000E+00   -1.114492189967E-04   -5.976265384154E-04
    2.441738237053E-05   -1.771431664744E-05    5.304283287247E-05    1.287348039229E-04   -2.930130121805E-04   -5.632290659052E-04   -6.786031640322E-04    1.114492189967E-04    0.000000000000E+00   -8.983342088400E-05
   -6.942116059702E-06    5.238044748107E-06   -1.614988259766E-05   -4.177440067455E-05    1.058622231900E-04    2.486700243881E-04    4.880462597209E-04    5.976265384154E-04    8.983342088396E-05    0.000000000000E+00
   5.8947502869454338     
    0.000000000000E+00   -2.890879036138E-02   -5.200306746964E-03   -4.726431964276E-03    2.206192907946E-03    8.378172829526E-04    2.847711015793E-04    9.018842334945E-05   -2.718962949802E-05    7.903812815672E-06
    2.890879036138E-02    0.000000000000E+00   -6.185511326423E-03    1.694321632464E-04   -7.994849220307E-04   -4.334772738990E-04   -1.725945844807E-04   -5.979055760880E-05    1.909525808177E-05   -5.777970561571E-06
    5.200306746964E-03    6.185511326423E-03    0.000000000000E+00    1.507809865364E-03    1.215552790606E-03    9.938840079310E-04    4.560019603483E-04    1.697861933965E-04   -5.663511725251E-05    1.764014719942E-05
    4.726431964276E-03   -1.694321632464E-04   -1.507809865364E-03    0.000000000000E+00   -6.145029190934E-04    1.058486661091E-03    8.041638855210E-04    3.638965271941E-04   -1.346228996824E-04    4.470333890749E-05
   -2.206192907946E-03    7.994849220307E-04   -1.215552790606E-03    6.145029190934E-04    0.000000000000E+00    3.419789672352E-04   -8.849169517053E-04   -6.619467924219E-04    2.993972718938E-04   -1.107872658632E-04
   -8.378172829526E-04    4.334772738990E-04   -9.938840079310E-04   -1.058486661091E-03   -3.419789672352E-04    0.000000000000E+00    2.241784240688E-04   -7.526161714487E-04    5.608256004530E-04   -2.541985024842E-04
   -2.847711015793E-04    1.725945844807E-04   -4.560019603483E-04   -8.041638855210E-04    8.849169517053E-04   -2.241784240688E-04    0.000000000000E+00    1.626344746109E-04    6.524914321560E-04   -4.861439261917E-04
   -9.018842334945E-05    5.979055760880E-05   -1.697861933965E-04   -3.638965271941E-04    6.619467924219E-04    7.526161714487E-04   -1.626344746109E-04    0.000000000000E+00   -1.262370378085E-04   -5.749809585739E-04
    2.718962949802E-05   -1.909525808177E-05    5.663511725251E-05    1.346228996824E-04   -2.993972718938E-04   -5.608256004530E-04   -6.524914321560E-04    1.262370378085E-04    0.000000000000E+00   -1.027094949152E-04
   -7.903812815671E-06    5.777970561571E-06   -1.764014719942E-05   -4.470333890749E-05    1.107872658632E-04    2.541985024842E-04    4.861439261917E-04    5.749809585739E-04    1.027094949152E-04    0.000000000000E+00
   5.9811190894341113     
    0.000000000000E+00   -2.852411691653E-02   -4.809344215451E-03   -4.655735769252E-03    2.234788624449E-03    8.694062520310E-04    3.023476793117E-04    9.791331240740E-05   -3.017378745659E-05    8.964136630196E-06
    2.852411691653E-02    0.000000000000E+00   -6.149914950756E-03    6.245946372637E-05   -7.634141594230E-04   -4.315287972824E-04   -1.767460490442E-04   -6.276438014271E-05    2.051840369297E-05   -6.350618219413E-06
    4.809344215451E-03    6.149914950756E-03    0.000000000000E+00    1.563940568623E-03    1.141837603075E-03    9.813125065079E-04    4.631669711174E-04    1.767081698944E-04   -6.031335638416E-05    1.920964304643E-05
    4.655735769252E-03   -6.245946372641E-05   -1.563940568623E-03    0.000000000000E+00   -6.490592836410E-04    1.009230836699E-03    7.979561331957E-04    3.708456690380E-04   -1.404873276196E-04    4.771797066320E-05
   -2.234788624449E-03    7.634141594230E-04   -1.141837603075E-03    6.490592836410E-04    0.000000000000E+00    3.666447159886E-04   -8.472769234292E-04   -6.578195287330E-04    3.054175577850E-04   -1.157043747685E-04
   -8.694062520310E-04    4.315287972824E-04   -9.813125065079E-04   -1.009230836699E-03   -3.666447159886E-04    0.000000000000E+00    2.433892528543E-04   -7.219719058399E-04    5.577139651449E-04   -2.594279976982E-04
   -3.023476793116E-04    1.767460490442E-04   -4.631669711174E-04   -7.979561331957E-04    8.472769234292E-04   -2.433892528543E-04    0.000000000000E+00    1.783903815030E-04    6.265863572134E-04   -4.836356584962E-04
   -9.791331240740E-05    6.276438014271E-05   -1.767081698944E-04   -3.708456690380E-04    6.578195287330E-04    7.219719058399E-04   -1.783903815030E-04    0.000000000000E+00   -1.396105257909E-04   -5.525161437845E-04
    3.017378745659E-05   -2.051840369297E-05    6.031335638416E-05    1.404873276195E-04   -3.054175577850E-04   -5.577139651449E-04   -6.265863572134E-04    1.396105257909E-04    0.000000000000E+00   -1.143397610684E-04
   -8.964136630198E-06    6.350618219414E-06   -1.920964304643E-05   -4.771797066320E-05    1.157043747685E-04    2.594279976982E-04    4.836356584962E-04    5.525161437845E-04    1.143397610683E-04    0.000000000000E+00
   6.0681160286681610     
    0.000000000000E+00   -2.809826963921E-02   -4.426271405480E-03   -4.579800136870E-03    2.260110282744E-03    9.003773642943E-04    3.202296999443E-04    1.059959041686E-04   -3.337516484403E-05    1.012878460985E-05
    2.809826963921E-02    0.000000000000E+00   -6.102757551126E-03   -3.950043763220E-05   -7.265747758239E-04   -4.286213265701E-04   -1.805655749500E-04   -6.570765211558E-05    2.197948508840E-05   -6.955620695309E-06
    4.426271405480E-03    6.102757551126E-03    0.000000000000E+00    1.615302334325E-03    1.068873265596E-03    9.672788061795E-04    4.695921035702E-04    1.835175958672E-04   -6.406764749185E-05    2.085716957743E-05
    4.579800136870E-03    3.950043763220E-05   -1.615302334325E-03    0.000000000000E+00   -6.806519097789E-04    9.604381946158E-04    7.907015091859E-04    3.773034883562E-04   -1.463102286445E-04    5.081197561218E-05
   -2.260110282744E-03    7.265747758239E-04   -1.068873265596E-03    6.806519097788E-04    0.000000000000E+00    3.890675853175E-04   -8.100014185930E-04   -6.528703841646E-04    3.110598638949E-04   -1.205994754438E-04
   -9.003773642943E-04    4.286213265701E-04   -9.672788061795E-04   -9.604381946158E-04   -3.890675853175E-04    0.000000000000E+00    2.607859904542E-04   -6.916288441773E-04    5.539213173916E-04   -2.643467197857E-04
   -3.202296999443E-04    1.805655749500E-04   -4.695921035702E-04   -7.907015091859E-04    8.100014185930E-04   -2.607859904542E-04    0.000000000000E+00    1.926199816288E-04    6.009384861189E-04   -4.805446285280E-04
   -1.059959041686E-04    6.570765211558E-05   -1.835175958672E-04   -3.773034883562E-04    6.528703841646E-04    6.916288441773E-04   -1.926199816288E-04    0.000000000000E+00   -1.516652527408E-04   -5.302760626739E-04
    3.337516484403E-05   -2.197948508841E-05    6.406764749185E-05    1.463102286445E-04   -3.110598638949E-04   -5.539213173916E-04   -6.009384861188E-04    1.516652527408E-04    0.000000000000E+00   -1.248085151579E-04
   -1.012878460985E-05    6.955620695308E-06   -2.085716957743E-05   -5.081197561218E-05    1.205994754438E-04    2.643467197857E-04    4.805446285280E-04    5.302760626739E-04    1.248085151579E-04    0.000000000000E+00
   6.1557411046475838     
    0.000000000000E+00   -2.763657940336E-02   -4.051591501652E-03   -4.499034233725E-03    2.282152605646E-03    9.306411519362E-04    3.383713902165E-04    1.144276082329E-04   -3.679825477937E-05    1.140332599875E-05
    2.763657940336E-02    0.000000000000E+00   -6.045129159821E-03   -1.363717380464E-04   -6.891346606816E-04   -4.247851918267E-04   -1.840379117417E-04   -6.860763320831E-05    2.347388810894E-05   -7.592383678374E-06
    4.051591501652E-03    6.045129159821E-03    0.000000000000E+00    1.662157395877E-03    9.967957010977E-04    9.518526456073E-04    4.752595378740E-04    1.901899185903E-04   -6.788746014952E-05    2.258104022295E-05
    4.499034233725E-03    1.363717380464E-04   -1.662157395877E-03    0.000000000000E+00   -7.094762056923E-04    9.121948560697E-04    7.824442948010E-04    3.832548496529E-04   -1.520739073805E-04    5.397853188702E-05
   -2.282152605646E-03    6.891346606816E-04   -9.967957010977E-04    7.094762056924E-04    0.000000000000E+00    4.093998600288E-04   -7.731569051570E-04   -6.471338416997E-04    3.163119441648E-04   -1.254586054422E-04
   -9.306411519362E-04    4.247851918267E-04   -9.518526456073E-04   -9.121948560697E-04   -4.093998600289E-04    0.000000000000E+00    2.764930462209E-04   -6.616414835338E-04    5.494760978736E-04   -2.689443386558E-04
   -3.383713902165E-04    1.840379117417E-04   -4.752595378740E-04   -7.824442948010E-04    7.731569051570E-04   -2.764930462208E-04    0.000000000000E+00    2.054284670171E-04    5.755940775221E-04   -4.768951055452E-04
   -1.144276082329E-04    6.860763320831E-05   -1.901899185903E-04   -3.832548496529E-04    6.471338416997E-04    6.616414835338E-04   -2.054284670171E-04    0.000000000000E+00   -1.624923366345E-04   -5.083009445119E-04
    3.679825477936E-05   -2.347388810894E-05    6.788746014952E-05    1.520739073805E-04   -3.163119441648E-04   -5.494760978736E-04   -5.755940775222E-04    1.624923366345E-04    0.000000000000E+00   -1.341961205288E-04
   -1.140332599875E-05    7.592383678375E-06   -2.258104022295E-05   -5.397853188702E-05    1.254586054422E-04    2.689443386558E-04    4.768951055452E-04    5.083009445119E-04    1.341961205289E-04    0.000000000000E+00
   6.2439943173723780     
    0.000000000000E+00   -2.714402926479E-02   -3.685737255301E-03   -4.413841165506E-03    2.300924249543E-03    9.601128457913E-04    3.567256601508E-04    1.231979888284E-04   -4.044668151281E-05    1.279315661636E-05
    2.714402926479E-02    0.000000000000E+00   -5.978074646824E-03   -2.281104727321E-04   -6.512556246790E-04   -4.200547269396E-04   -1.871500679184E-04   -7.145181281688E-05    2.499668936199E-05   -8.260084751451E-06
    3.685737255301E-03    5.978074646824E-03    0.000000000000E+00    1.704756206040E-03    9.257303120542E-04    9.351064770820E-04    4.801549402077E-04    1.967011691791E-04   -7.176170270542E-05    2.437908172305E-05
    4.413841165506E-03    2.281104727321E-04   -1.704756206040E-03    0.000000000000E+00   -7.357181524293E-04    8.645794306699E-04    7.732304425827E-04    3.886868610948E-04   -1.577609279040E-04    5.721035576292E-05
   -2.300924249543E-03    6.512556246789E-04   -9.257303120542E-04    7.357181524293E-04    0.000000000000E+00    4.277864964978E-04   -7.368039132980E-04   -6.406456741455E-04    3.211633060589E-04   -1.302679893030E-04
   -9.601128457913E-04    4.200547269396E-04   -9.351064770820E-04   -8.645794306699E-04   -4.277864964978E-04    0.000000000000E+00    2.906288039999E-04   -6.320594250783E-04    5.444078163759E-04   -2.732119792984E-04
   -3.567256601508E-04    1.871500679184E-04   -4.801549402077E-04   -7.732304425827E-04    7.368039132980E-04   -2.906288039999E-04    0.000000000000E+00    2.169159162426E-04    5.505952187605E-04   -4.727122730096E-04
   -1.231979888284E-04    7.145181281689E-05   -1.967011691791E-04   -3.886868610948E-04    6.406456741455E-04    6.320594250783E-04   -2.169159162427E-04    0.000000000000E+00   -1.721784569082E-04   -4.866273817857E-04
    4.044668151281E-05   -2.499668936199E-05    7.176170270542E-05    1.577609279040E-04   -3.211633060589E-04   -5.444078163759E-04   -5.505952187605E-04    1.721784569082E-04    0.000000000000E+00   -1.425790201774E-04
   -1.279315661636E-05    8.260084751450E-06   -2.437908172305E-05   -5.721035576292E-05    1.302679893030E-04    2.732119792984E-04    4.727122730096E-04    4.866273817857E-04    1.425790201773E-04    0.000000000000E+00
   6.3328756668425443     
    0.000000000000E+00   -2.662525511436E-02   -3.329075830430E-03   -4.324616008480E-03    2.316446870477E-03    9.887126896075E-04    3.752444116128E-04    1.322948221443E-04   -4.432315358064E-05    1.430345326081E-05
    2.662525511436E-02    0.000000000000E+00   -5.902591190507E-03   -3.147020441525E-04   -6.130926928575E-04   -4.144677992763E-04   -1.898913279971E-04   -7.422800452271E-05    2.654269529376E-05   -8.957674930969E-06
    3.329075830430E-03    5.902591190507E-03    0.000000000000E+00    1.743337502392E-03    8.557922184790E-04    9.171149967735E-04    4.842674319445E-04    2.030280993146E-04   -7.567879239935E-05    2.624863761990E-05
    4.324616008480E-03    3.147020441526E-04   -1.743337502392E-03    0.000000000000E+00   -7.595543424837E-04    8.176632524449E-04    7.631072648303E-04    3.935888531525E-04   -1.633542038554E-04    6.049974396974E-05
   -2.316446870477E-03    6.130926928575E-04   -8.557922184790E-04    7.595543424837E-04    0.000000000000E+00    4.443651693658E-04   -7.009972211202E-04   -6.334426967896E-04    3.256051926327E-04   -1.350141090919E-04
   -9.887126896075E-04    4.144677992763E-04   -9.171149967735E-04   -8.176632524449E-04   -4.443651693658E-04    0.000000000000E+00    3.033056687849E-04   -6.029275281037E-04    5.387468468785E-04   -2.771422071338E-04
   -3.752444116128E-04    1.898913279971E-04   -4.842674319445E-04   -7.631072648303E-04    7.009972211202E-04   -3.033056687849E-04    0.000000000000E+00    2.271773370942E-04    5.259799579084E-04   -4.680220533453E-04
   -1.322948221443E-04    7.422800452271E-05   -2.030280993146E-04   -3.935888531525E-04    6.334426967896E-04    6.029275281037E-04   -2.271773370942E-04    0.000000000000E+00   -1.808058930157E-04   -4.652884457258E-04
    4.432315358063E-05   -2.654269529376E-05    7.567879239934E-05    1.633542038554E-04   -3.256051926327E-04   -5.387468468785E-04   -5.259799579084E-04    1.808058930157E-04    0.000000000000E+00   -1.500297719808E-04
   -1.430345326081E-05    8.957674930970E-06   -2.624863761989E-05   -6.049974396975E-05    1.350141090919E-04    2.771422071338E-04    4.680220533453E-04    4.652884457258E-04    1.500297719808E-04    0.000000000000E+00
   6.4223851530580838     
    0.000000000000E+00   -2.608455102563E-02   -2.981913516198E-03   -4.231744127308E-03    2.328754172866E-03    1.016366201390E-03    3.938788456328E-04    1.417041684337E-04   -4.842942498440E-05    1.593912907857E-05
    2.608455102563E-02    0.000000000000E+00   -5.819626637827E-03   -3.961587904214E-04   -5.747935122834E-04   -4.080653390968E-04   -1.922532469034E-04   -7.692443426169E-05    2.810648358717E-05   -9.683882719042E-06
    2.981913516198E-03    5.819626637827E-03    0.000000000000E+00    1.778128511827E-03    7.870865158498E-04    8.979546910553E-04    4.875895384507E-04    2.091483093937E-04   -7.962672909337E-05    2.818657622496E-05
    4.231744127308E-03    3.961587904214E-04   -1.778128511826E-03    0.000000000000E+00   -7.811520999775E-04    7.715106329899E-04    7.521231371063E-04    3.979523448120E-04   -1.688370832145E-04    6.383861859736E-05
   -2.328754172866E-03    5.747935122834E-04   -7.870865158498E-04    7.811520999775E-04    0.000000000000E+00    4.592663720470E-04   -6.657860552245E-04   -6.255625320642E-04    3.296305546492E-04   -1.396837706141E-04
   -1.016366201390E-03    4.080653390968E-04   -8.979546910553E-04   -7.715106329898E-04   -4.592663720470E-04    0.000000000000E+00    3.146301534761E-04   -5.742860767162E-04    5.325242326271E-04   -2.807290050460E-04
   -3.938788456328E-04    1.922532469034E-04   -4.875895384507E-04   -7.521231371063E-04    6.657860552245E-04   -3.146301534761E-04    0.000000000000E+00    2.363027414930E-04    5.017824468231E-04   -4.628509413108E-04
   -1.417041684337E-04    7.692443426169E-05   -2.091483093937E-04   -3.979523448120E-04    6.255625320642E-04    5.742860767162E-04   -2.363027414930E-04    0.000000000000E+00   -1.884525902995E-04   -4.443138115517E-04
    4.842942498441E-05   -2.810648358717E-05    7.962672909337E-05    1.688370832145E-04   -3.296305546492E-04   -5.325242326271E-04   -5.017824468231E-04    1.884525902995E-04    0.000000000000E+00   -1.566171071366E-04
   -1.593912907857E-05    9.683882719042E-06   -2.818657622496E-05   -6.383861859736E-05    1.396837706141E-04    2.807290050460E-04    4.628509413108E-04    4.443138115517E-04    1.566171071366E-04    0.000000000000E+00
   6.5125227760189945     
    0.000000000000E+00   -2.552587672928E-02   -2.644500426526E-03   -4.135599760368E-03    2.337890937680E-03    1.043004373921E-03    4.125797607368E-04    1.514104554098E-04   -5.276626366573E-05    1.770478991369E-05
    2.552587672928E-02    0.000000000000E+00   -5.730078263575E-03   -4.725175282638E-04   -5.364978873922E-04   -4.008908769053E-04   -1.942296231348E-04   -7.952982095322E-05    2.968244594973E-05   -1.043722038849E-05
    2.644500426526E-03    5.730078263575E-03    0.000000000000E+00    1.809345160008E-03    7.197085710994E-04    8.777034026811E-04    4.901171178973E-04    2.150403662451E-04   -8.359317115891E-05    3.018930259738E-05
    4.135599760368E-03    4.725175282638E-04   -1.809345160008E-03    0.000000000000E+00   -8.006696257626E-04    7.261791366726E-04    7.403272179386E-04    4.017709976747E-04   -1.741934266297E-04    6.721857368888E-05
   -2.337890937680E-03    5.364978873922E-04   -7.197085710994E-04    8.006696257625E-04    0.000000000000E+00    4.726135413718E-04   -6.312143074817E-04   -6.170433870422E-04    3.332340131834E-04   -1.442641645458E-04
   -1.043004373921E-03    4.008908769053E-04   -8.777034026811E-04   -7.261791366726E-04   -4.726135413718E-04    0.000000000000E+00    3.247029881715E-04   -5.461709591000E-04    5.257715017767E-04   -2.839677425212E-04
   -4.125797607368E-04    1.942296231348E-04   -4.901171178973E-04   -7.403272179386E-04    6.312143074817E-04   -3.247029881715E-04    0.000000000000E+00    2.443772407513E-04    4.780330945537E-04   -4.572258463791E-04
   -1.514104554098E-04    7.952982095322E-05   -2.150403662451E-04   -4.017709976747E-04    6.170433870422E-04    5.461709591000E-04   -2.443772407513E-04    0.000000000000E+00   -1.951922438432E-04   -4.237298925603E-04
    5.276626366573E-05   -2.968244594973E-05    8.359317115891E-05    1.741934266297E-04   -3.332340131834E-04   -5.257715017767E-04   -4.780330945537E-04    1.951922438433E-04    0.000000000000E+00   -1.624060051505E-04
   -1.770478991370E-05    1.043722038849E-05   -3.018930259738E-05   -6.721857368888E-05    1.442641645458E-04    2.839677425212E-04    4.572258463791E-04    4.237298925603E-04    1.624060051505E-04    0.000000000000E+00
   6.6032885357252775     
    0.000000000000E+00   -2.495286852282E-02   -2.317034955832E-03   -4.036544851627E-03    2.343912056425E-03    1.068563827412E-03    4.312978450606E-04    1.613965740827E-04   -5.733342858259E-05    1.960469262961E-05
    2.495286852282E-02    0.000000000000E+00   -5.634792295133E-03   -5.438371887983E-04   -4.983374145118E-04   -3.929900900106E-04   -1.958164527059E-04   -8.203344953485E-05    3.126483205641E-05   -1.121599257716E-05
    2.317034955832E-03    5.634792295133E-03    0.000000000000E+00    1.837192401736E-03    6.537443272597E-04    8.564399152134E-04    4.918492729105E-04    2.206839109856E-04   -8.756551341672E-05    3.225277473374E-05
    4.036544851627E-03    5.438371887983E-04   -1.837192401736E-03    0.000000000000E+00   -8.182562105889E-04    6.817198642849E-04    7.277691846445E-04    4.050405600511E-04   -1.794076797336E-04    7.063092348230E-05
   -2.343912056425E-03    4.983374145118E-04   -6.537443272598E-04    8.182562105889E-04    0.000000000000E+00    4.845232251717E-04   -5.973207601821E-04   -6.079238439818E-04    3.364118142487E-04   -1.487429227132E-04
   -1.068563827412E-03    3.929900900106E-04   -8.564399152134E-04   -6.817198642849E-04   -4.845232251717E-04    0.000000000000E+00    3.336192605122E-04   -5.186138542037E-04    5.185204938857E-04   -2.868551381077E-04
   -4.312978450606E-04    1.958164527059E-04   -4.918492729105E-04   -7.277691846445E-04    5.973207601821E-04   -3.336192605122E-04    0.000000000000E+00    2.514811652240E-04    4.547587273320E-04   -4.511739444800E-04
   -1.613965740827E-04    8.203344953485E-05   -2.206839109856E-04   -4.050405600511E-04    6.079238439818E-04    5.186138542037E-04   -2.514811652240E-04    0.000000000000E+00   -2.010944026936E-04   -4.035599801193E-04
    5.733342858259E-05   -3.126483205641E-05    8.756551341672E-05    1.794076797336E-04   -3.364118142487E-04   -5.185204938857E-04   -4.547587273320E-04    2.010944026936E-04    0.000000000000E+00   -1.674577859906E-04
   -1.960469262961E-05    1.121599257716E-05   -3.225277473374E-05   -7.063092348230E-05    1.487429227132E-04    2.868551381077E-04    4.511739444800E-04    4.035599801193E-04    1.674577859907E-04    0.000000000000E+00
   6.6946824321769327     
    0.000000000000E+00   -2.436885081264E-02   -1.999668207523E-03   -3.934928118966E-03    2.346881563357E-03    1.092986904550E-03    4.499839533339E-04    1.716439824731E-04   -6.212965397153E-05    2.164270513032E-05
    2.436885081264E-02    0.000000000000E+00   -5.534563619076E-03   -6.101964480463E-04   -4.604352347725E-04   -3.844103669723E-04   -1.970118658087E-04   -8.442523539433E-05    3.284779363935E-05   -1.201830678379E-05
    1.999668207523E-03    5.534563619076E-03    0.000000000000E+00    1.861864499843E-03    5.892706452797E-04    8.342435609799E-04    4.927882455790E-04    2.260597551553E-04   -9.153096546638E-05    3.437252327607E-05
    3.934928118966E-03    6.101964480463E-04   -1.861864499843E-03    0.000000000000E+00   -8.340524449238E-04    6.381777547284E-04    7.144989867784E-04    4.077588012324E-04   -1.844649383005E-04    7.406675126294E-05
   -2.346881563357E-03    4.604352347725E-04   -5.892706452797E-04    8.340524449238E-04    0.000000000000E+00    4.951052563789E-04   -5.641393233574E-04   -5.982426646927E-04    3.391617757597E-04   -1.531081687626E-04
   -1.092986904550E-03    3.844103669723E-04   -8.342435609799E-04   -6.381777547284E-04   -4.951052563789E-04    0.000000000000E+00    3.414685659172E-04   -4.916424272817E-04    5.108031977277E-04   -2.893892155347E-04
   -4.499839533339E-04    1.970118658087E-04   -4.927882455790E-04   -7.144989867784E-04    5.641393233573E-04   -3.414685659172E-04    0.000000000000E+00    2.576901945248E-04    4.319827555562E-04   -4.447225393764E-04
   -1.716439824731E-04    8.442523539433E-05   -2.260597551553E-04   -4.077588012324E-04    5.982426646927E-04    4.916424272817E-04   -2.576901945248E-04    0.000000000000E+00   -2.062245842618E-04   -3.838243894439E-04
    6.212965397153E-05   -3.284779363935E-05    9.153096546638E-05    1.844649383005E-04   -3.391617757597E-04   -5.108031977277E-04   -4.319827555562E-04    2.062245842618E-04    0.000000000000E+00   -1.718302119806E-04
   -2.164270513032E-05    1.201830678379E-05   -3.437252327607E-05   -7.406675126295E-05    1.531081687626E-04    2.893892155347E-04    4.447225393764E-04    3.838243894439E-04    1.718302119806E-04    0.000000000000E+00
   6.7867044653739610     
    0.000000000000E+00   -2.377685029593E-02   -1.692508093230E-03   -3.831084328379E-03    2.346871693502E-03    1.116221725346E-03    4.685893743534E-04    1.821328193951E-04   -6.715264244433E-05    2.382226927285E-05
    2.377685029593E-02    0.000000000000E+00   -5.430136184586E-03   -6.716914985619E-04   -4.229058669939E-04   -3.752003880617E-04   -1.978160482223E-04   -8.669578060290E-05    3.442542867312E-05   -1.284208587366E-05
    1.692508093229E-03    5.430136184586E-03    0.000000000000E+00    1.883545423324E-03    5.263556429101E-04    8.111938484487E-04    4.929392988147E-04    2.311499663816E-04   -9.547663062939E-05    3.654367501912E-05
    3.831084328379E-03    6.716914985619E-04   -1.883545423324E-03    0.000000000000E+00   -8.481904906469E-04    5.955918870944E-04    7.005666160732E-04    4.099254382447E-04   -1.893510071337E-04    7.751695900202E-05
   -2.346871693502E-03    4.229058669939E-04   -5.263556429101E-04    8.481904906469E-04    0.000000000000E+00    5.044629633686E-04   -5.316992746578E-04   -5.880386083835E-04    3.414832285259E-04   -1.573485637782E-04
   -1.116221725346E-03    3.752003880617E-04   -8.111938484487E-04   -5.955918870944E-04   -5.044629633686E-04    0.000000000000E+00    3.483351826421E-04   -4.652805282786E-04    5.026516003307E-04   -2.915692547995E-04
   -4.685893743534E-04    1.978160482223E-04   -4.929392988147E-04   -7.005666160732E-04    5.316992746578E-04   -3.483351826421E-04    0.000000000000E+00    2.630755064882E-04    4.097253435343E-04   -4.378989336907E-04
   -1.821328193951E-04    8.669578060290E-05   -2.311499663816E-04   -4.099254382447E-04    5.880386083835E-04    4.652805282786E-04   -2.630755064882E-04    0.000000000000E+00   -2.106444037466E-04   -3.645406080053E-04
    6.715264244433E-05   -3.442542867312E-05    9.547663062939E-05    1.893510071337E-04   -3.414832285259E-04   -5.026516003307E-04   -4.097253435343E-04    2.106444037466E-04    0.000000000000E+00   -1.755776022624E-04
   -2.382226927284E-05    1.284208587367E-05   -3.654367501912E-05   -7.751695900202E-05    1.573485637782E-04    2.915692547995E-04    4.378989336907E-04    3.645406080053E-04    1.755776022624E-04    0.000000000000E+00
   6.8793546353163615     
    0.000000000000E+00   -2.317961085938E-02   -1.395623241868E-03   -3.725333757667E-03    2.343961961360E-03    1.138222196678E-03    4.870660829645E-04    1.928420248507E-04   -7.239906586020E-05    2.614636658993E-05
    2.317961085938E-02    0.000000000000E+00   -5.322203701061E-03   -7.284338981328E-04   -3.858551293262E-04   -3.654097272383E-04   -1.982311493643E-04   -8.883642138973E-05    3.599182484779E-05   -1.368508222855E-05
    1.395623241868E-03    5.322203701061E-03    0.000000000000E+00    1.902409249565E-03    4.650590484370E-04    7.873701121553E-04    4.923105849192E-04    2.359379424415E-04   -9.938958420478E-05    3.876097962198E-05
    3.725333757667E-03    7.284338981328E-04   -1.902409249565E-03    0.000000000000E+00   -8.607943667743E-04    5.539957886291E-04    6.860218935424E-04    4.115420555224E-04   -1.940524520081E-04    8.097231698356E-05
   -2.343961961360E-03    3.858551293262E-04   -4.650590484370E-04    8.607943667742E-04    0.000000000000E+00    5.126933921558E-04   -5.000255037125E-04   -5.773502632520E-04    3.433769517444E-04   -1.614533464203E-04
   -1.138222196678E-03    3.654097272383E-04   -7.873701121553E-04   -5.539957886291E-04   -5.126933921557E-04    0.000000000000E+00    3.542982571928E-04   -4.395483935284E-04    4.940975473513E-04   -2.933957386751E-04
   -4.870660829645E-04    1.982311493643E-04   -4.923105849192E-04   -6.860218935424E-04    5.000255037125E-04   -3.542982571928E-04    0.000000000000E+00    2.677039352390E-04    3.880035819035E-04   -4.307303096430E-04
   -1.928420248507E-04    8.883642138973E-05   -2.359379424415E-04   -4.115420555224E-04    5.773502632520E-04    4.395483935284E-04   -2.677039352390E-04    0.000000000000E+00   -2.144117117146E-04   -3.457234461666E-04
    7.239906586020E-05   -3.599182484779E-05    9.938958420477E-05    1.940524520081E-04   -3.433769517444E-04   -4.940975473513E-04   -3.880035819035E-04    2.144117117147E-04    0.000000000000E+00   -1.787509544705E-04
   -2.614636658993E-05    1.368508222855E-05   -3.876097962198E-05   -8.097231698356E-05    1.614533464203E-04    2.933957386751E-04    4.307303096430E-04    3.457234461666E-04    1.787509544705E-04    0.000000000000E+00
   6.9726329420041324     
    0.000000000000E+00   -2.257960877714E-02   -1.109046734429E-03   -3.617981836593E-03    2.338238267094E-03    1.158947979781E-03    5.053669748410E-04    2.037494653718E-04   -7.786457362106E-05    2.861748706327E-05
    2.257960877714E-02    0.000000000000E+00   -5.211410560652E-03   -7.805484995145E-04   -3.493801436191E-04   -3.550884786558E-04   -1.982611792205E-04   -9.083926689513E-05    3.754110185422E-05   -1.454489331647E-05
    1.109046734429E-03    5.211410560652E-03    0.000000000000E+00    1.918620554467E-03    4.054325687935E-04    7.628511863138E-04    4.909130031464E-04    2.404084736129E-04   -1.032569502971E-04    4.101883916918E-05
    3.617981836593E-03    7.805484995145E-04   -1.918620554467E-03    0.000000000000E+00   -8.719802402712E-04    5.134177473107E-04    6.709142739263E-04    4.126120186252E-04   -1.985566446354E-04    8.442351297297E-05
   -2.338238267094E-03    3.493801436192E-04   -4.054325687935E-04    8.719802402712E-04    0.000000000000E+00    5.198875344927E-04   -4.691387595712E-04   -5.662158918919E-04    3.448451038807E-04   -1.654123675691E-04
   -1.158947979781E-03    3.550884786558E-04   -7.628511863138E-04   -5.134177473108E-04   -5.198875344927E-04    0.000000000000E+00    3.594319958800E-04   -4.144628495305E-04    4.851726148169E-04   -2.948702953755E-04
   -5.053669748410E-04    1.982611792205E-04   -4.909130031464E-04   -6.709142739263E-04    4.691387595712E-04   -3.594319958800E-04    0.000000000000E+00    2.716381351719E-04    3.668316615350E-04   -4.232436194759E-04
   -2.037494653718E-04    9.083926689513E-05   -2.404084736129E-04   -4.126120186252E-04    5.662158918919E-04    4.144628495305E-04   -2.716381351719E-04    0.000000000000E+00   -2.175807370139E-04   -3.273851890211E-04
    7.786457362106E-05   -3.754110185422E-05    1.032569502971E-04    1.985566446354E-04   -3.448451038807E-04   -4.851726148169E-04   -3.668316615350E-04    2.175807370139E-04    0.000000000000E+00   -1.813980713833E-04
   -2.861748706327E-05    1.454489331647E-05   -4.101883916918E-05   -8.442351297297E-05    1.654123675691E-04    2.948702953755E-04    4.232436194759E-04    3.273851890210E-04    1.813980713833E-04    0.000000000000E+00
   7.0665393854372773     
    0.000000000000E+00   -2.197906819180E-02   -8.327796374709E-04   -3.509318946193E-03    2.329792037844E-03    1.178364420851E-03    5.234460837670E-04    2.148320632393E-04   -8.354380823110E-05    3.123760127018E-05
    2.197906819180E-02    0.000000000000E+00   -5.098352997967E-03   -8.281714822426E-04   -3.135694113728E-04   -3.442869090196E-04   -1.979118962358E-04   -9.269722942063E-05    3.906745211377E-05   -1.541897848574E-05
    8.327796374709E-04    5.098352997967E-03    0.000000000000E+00    1.932334800023E-03    3.475202665915E-04    7.377151022249E-04    4.887600482231E-04    2.445477935639E-04   -1.070659766747E-04    4.331134028674E-05
    3.509318946193E-03    8.281714822426E-04   -1.932334800023E-03    0.000000000000E+00   -8.818567242201E-04    4.738811255227E-04    6.552926672736E-04    4.131403832045E-04   -2.028518008182E-04    8.786120059621E-05
   -2.329792037844E-03    3.135694113728E-04   -3.475202665915E-04    8.818567242201E-04    0.000000000000E+00    5.261305618723E-04   -4.390558989615E-04   -5.546732903604E-04    3.458911498717E-04   -1.692161195969E-04
   -1.178364420851E-03    3.442869090196E-04   -7.377151022249E-04   -4.738811255226E-04   -5.261305618723E-04    0.000000000000E+00    3.638058612718E-04   -3.900375170682E-04    4.759079920943E-04   -2.959956381381E-04
   -5.234460837670E-04    1.979118962358E-04   -4.887600482231E-04   -6.552926672736E-04    4.390558989615E-04   -3.638058612718E-04    0.000000000000E+00    2.749367492939E-04    3.462210475667E-04   -4.154654854745E-04
   -2.148320632393E-04    9.269722942062E-05   -2.445477935639E-04   -4.131403832045E-04    5.546732903604E-04    3.900375170682E-04   -2.749367492939E-04    0.000000000000E+00   -2.202022337985E-04   -3.095357481993E-04
    8.354380823110E-05   -3.906745211377E-05    1.070659766747E-04    2.028518008182E-04   -3.458911498717E-04   -4.759079920943E-04   -3.462210475667E-04    2.202022337985E-04    0.000000000000E+00   -1.835636912703E-04
   -3.123760127018E-05    1.541897848574E-05   -4.331134028674E-05   -8.786120059621E-05    1.692161195969E-04    2.959956381381E-04    4.154654854745E-04    3.095357481993E-04    1.835636912703E-04    0.000000000000E+00
   7.1610739656157936     
    0.000000000000E+00   -2.137997830007E-02   -5.667940402059E-04   -3.399620322897E-03    2.318719415215E-03    1.196442458532E-03    5.412587872180E-04    2.260659318121E-04   -8.943042957965E-05    3.400813703919E-05
    2.137997830007E-02    0.000000000000E+00   -4.983580862543E-03   -8.714485971578E-04   -2.785029241839E-04   -3.330551300188E-04   -1.971906870082E-04   -9.440404661318E-05    4.056517991258E-05   -1.630467699359E-05
    5.667940402059E-04    4.983580862543E-03    0.000000000000E+00    1.943698869786E-03    2.913589077863E-04    7.120388022162E-04    4.858676512588E-04    2.483436199507E-04   -1.108041079109E-04    4.563228897435E-05
    3.399620322897E-03    8.714485971578E-04   -1.943698869786E-03    0.000000000000E+00   -8.905252415200E-04    4.354046581706E-04    6.392052747921E-04    4.131338007194E-04   -2.069270127572E-04    9.127604717955E-05
   -2.318719415215E-03    2.785029241839E-04   -2.913589077863E-04    8.905252415200E-04    0.000000000000E+00    5.315020930826E-04   -4.097901262768E-04   -5.427596595283E-04    3.465197859064E-04   -1.728557609524E-04
   -1.196442458532E-03    3.330551300188E-04   -7.120388022162E-04   -4.354046581706E-04   -5.315020930826E-04    0.000000000000E+00    3.674847887684E-04   -3.662830100564E-04    4.663343752681E-04   -2.967755027105E-04
   -5.412587872180E-04    1.971906870082E-04   -4.858676512588E-04   -6.392052747921E-04    4.097901262768E-04   -3.674847887684E-04    0.000000000000E+00    2.776545908064E-04    3.261806497313E-04   -4.074221090005E-04
   -2.260659318120E-04    9.440404661318E-05   -2.483436199507E-04   -4.131338007194E-04    5.427596595283E-04    3.662830100564E-04   -2.776545908064E-04    0.000000000000E+00   -2.223236377620E-04   -2.921828109480E-04
    8.943042957964E-05   -4.056517991258E-05    1.108041079109E-04    2.069270127572E-04   -3.465197859064E-04   -4.663343752681E-04   -3.261806497313E-04    2.223236377620E-04    0.000000000000E+00   -1.852896251259E-04
   -3.400813703919E-05    1.630467699359E-05   -4.563228897435E-05   -9.127604717955E-05    1.728557609524E-04    2.967755027105E-04    4.074221090005E-04    2.921828109480E-04    1.852896251259E-04    0.000000000000E+00
   7.2562366825396820     
    0.000000000000E+00   -2.078410773495E-02   -3.110362903896E-04   -3.289146128175E-03    2.305120470721E-03    1.213158486456E-03    5.587619838133E-04    2.374265072383E-04   -9.551714329435E-05    3.692995868071E-05
    2.078410773495E-02    0.000000000000E+00   -4.867598907533E-03   -9.105333671031E-04   -2.442523703286E-04   -3.214428074805E-04   -1.961064417175E-04   -9.595429519892E-05    4.202873775471E-05   -1.719922645123E-05
    3.110362903896E-04    4.867598907533E-03    0.000000000000E+00    1.952851369160E-03    2.369783630568E-04    6.858978863764E-04    4.822540143300E-04    2.517851822853E-04   -1.144590542040E-04    4.797524654443E-05
    3.289146128175E-03    9.105333671031E-04   -1.952851369160E-03    0.000000000000E+00   -8.980802988905E-04    3.980027685310E-04    6.226994440104E-04    4.126004203742E-04   -2.107722736280E-04    9.465877930501E-05
   -2.305120470721E-03    2.442523703286E-04   -2.369783630568E-04    8.980802988905E-04    0.000000000000E+00    5.360764177685E-04   -3.813512416684E-04   -5.305114907978E-04    3.467368613714E-04   -1.763231348348E-04
   -1.213158486456E-03    3.214428074805E-04   -6.858978863764E-04   -3.980027685310E-04   -5.360764177685E-04    0.000000000000E+00    3.705293788933E-04   -3.432071381886E-04    4.564818719599E-04   -2.972145825519E-04
   -5.587619838133E-04    1.961064417175E-04   -4.822540143300E-04   -6.226994440104E-04    3.813512416684E-04   -3.705293788933E-04    0.000000000000E+00    2.798428104183E-04    3.067169943760E-04   -3.991391890878E-04
   -2.374265072383E-04    9.595429519893E-05   -2.517851822853E-04   -4.126004203742E-04    5.305114907978E-04    3.432071381886E-04   -2.798428104183E-04    0.000000000000E+00   -2.239892133900E-04   -2.753319898277E-04
    9.551714329435E-05   -4.202873775471E-05    1.144590542040E-04    2.107722736280E-04   -3.467368613714E-04   -4.564818719599E-04   -3.067169943760E-04    2.239892133900E-04    0.000000000000E+00   -1.866148878765E-04
   -3.692995868070E-05    1.719922645123E-05   -4.797524654442E-05   -9.465877930501E-05    1.763231348348E-04    2.972145825519E-04    3.991391890878E-04    2.753319898277E-04    1.866148878765E-04    0.000000000000E+00
   7.3520275362089436     
    0.000000000000E+00   -2.019302136244E-02   -6.542956711853E-05   -3.178141570700E-03    2.289098477554E-03    1.228494206020E-03    5.759142622800E-04    2.488886859630E-04   -1.017957380432E-04    4.000335158752E-05
    2.019302136244E-02    0.000000000000E+00   -4.750868879171E-03   -9.455855705481E-04   -2.108813429168E-04   -3.094988875520E-04   -1.946694243474E-04   -9.734339752301E-05    4.345276073729E-05   -1.809978219104E-05
    6.542956711853E-05    4.750868879171E-03    0.000000000000E+00    1.959923159002E-03    1.844019542498E-04    6.593663713234E-04    4.779394405772E-04    2.548632407817E-04   -1.180188579960E-04    5.033356784697E-05
    3.178141570701E-03    9.455855705481E-04   -1.959923159002E-03    0.000000000000E+00   -9.046098588163E-04    3.616858561592E-04    6.058215358844E-04    4.115497899903E-04   -2.143784972232E-04    9.800022758040E-05
   -2.289098477554E-03    2.108813429168E-04   -1.844019542498E-04    9.046098588163E-04    0.000000000000E+00    5.399227686982E-04   -3.537458736552E-04   -5.179644627098E-04    3.465493000902E-04   -1.796107838465E-04
   -1.228494206020E-03    3.094988875520E-04   -6.593663713234E-04   -3.616858561592E-04   -5.399227686982E-04    0.000000000000E+00    3.729961165986E-04   -3.208150996003E-04    4.463799155561E-04   -2.973184633234E-04
   -5.759142622800E-04    1.946694243474E-04   -4.779394405772E-04   -6.058215358844E-04    3.537458736553E-04   -3.729961165986E-04    0.000000000000E+00    2.815490797701E-04    2.878343894132E-04   -3.906418493208E-04
   -2.488886859630E-04    9.734339752301E-05   -2.548632407817E-04   -4.115497899903E-04    5.179644627098E-04    3.208150996003E-04   -2.815490797701E-04    0.000000000000E+00   -2.252402118416E-04   -2.589869670129E-04
    1.017957380432E-04   -4.345276073729E-05    1.180188579960E-04    2.143784972232E-04   -3.465493000902E-04   -4.463799155561E-04   -2.878343894131E-04    2.252402118416E-04    0.000000000000E+00   -1.875758370977E-04
   -4.000335158753E-05    1.809978219104E-05   -5.033356784697E-05   -9.800022758040E-05    1.796107838465E-04    2.973184633234E-04    3.906418493208E-04    2.589869670129E-04    1.875758370978E-04    0.000000000000E+00
   7.4484465266235764     
    0.000000000000E+00   -1.960809476938E-02    1.701234518480E-04   -3.066837152030E-03    2.270759218926E-03    1.242436446034E-03    5.926760447685E-04    2.604269577366E-04   -1.082571266499E-04    4.322800996974E-05
    1.960809476938E-02    0.000000000000E+00   -4.633811246408E-03   -9.767697301974E-04   -1.784456175884E-04   -2.972713573007E-04   -1.928911416572E-04   -9.856762061958E-05    4.483209780121E-05   -1.900343669708E-05
   -1.701234518480E-04    4.633811246408E-03    0.000000000000E+00    1.965037714827E-03    1.336468362861E-04    6.325164786247E-04    4.729461609747E-04    2.575700936722E-04   -1.214719557259E-04    5.270044005615E-05
    3.066837152030E-03    9.767697301973E-04   -1.965037714827E-03    0.000000000000E+00   -9.101956425836E-04    3.264605938506E-04    5.886168092273E-04    4.099927550323E-04   -2.177375307000E-04    1.012913688373E-04
   -2.270759218926E-03    1.784456175884E-04   -1.336468362861E-04    9.101956425837E-04    0.000000000000E+00    5.431055580958E-04   -3.269777146975E-04   -5.051533507170E-04    3.459650203297E-04   -1.827119593949E-04
   -1.242436446034E-03    2.972713573007E-04   -6.325164786247E-04   -3.264605938506E-04   -5.431055580958E-04    0.000000000000E+00    3.749375700692E-04   -2.991096737926E-04    4.360571900227E-04   -2.970935563950E-04
   -5.926760447685E-04    1.928911416572E-04   -4.729461609747E-04   -5.886168092273E-04    3.269777146976E-04   -3.749375700692E-04    0.000000000000E+00    2.828177624971E-04    2.695350883026E-04   -3.819545735453E-04
   -2.604269577366E-04    9.856762061958E-05   -2.575700936722E-04   -4.099927550323E-04    5.051533507170E-04    2.991096737927E-04   -2.828177624971E-04    0.000000000000E+00   -2.261150202740E-04   -2.431496371739E-04
    1.082571266499E-04   -4.483209780121E-05    1.214719557258E-04    2.177375307000E-04   -3.459650203297E-04   -4.360571900227E-04   -2.695350883026E-04    2.261150202741E-04    0.000000000000E+00   -1.882063053471E-04
   -4.322800996974E-05    1.900343669708E-05   -5.270044005614E-05   -1.012913688373E-04    1.827119593949E-04    2.970935563950E-04    3.819545735453E-04    2.431496371739E-04    1.882063053471E-04    0.000000000000E+00
   7.5454936537835806     
    0.000000000000E+00   -1.903052925920E-02    3.957383098799E-04   -2.955448963899E-03    2.250210346010E-03    1.254976969358E-03    6.090097156402E-04    2.720155390702E-04   -1.148913935419E-04    4.660302930353E-05
    1.903052925920E-02    0.000000000000E+00   -4.516807261132E-03   -1.004253783756E-03   -1.469934443699E-04   -2.848070278327E-04   -1.907842107177E-04   -9.962406874066E-05    4.616184026983E-05   -1.990723929177E-05
   -3.957383098799E-04    4.516807261132E-03    0.000000000000E+00    1.968311569088E-03    8.472435296614E-05    6.054184404163E-04    4.672981591356E-04    2.598995753234E-04   -1.248072358122E-04    5.506892252091E-05
    2.955448963899E-03    1.004253783756E-03   -1.968311569087E-03    0.000000000000E+00   -9.149134688774E-04    2.923302073344E-04    5.711293178545E-04    4.079413575206E-04   -2.208421621436E-04    1.045233665349E-04
   -2.250210346010E-03    1.469934443699E-04   -8.472435296614E-05    9.149134688773E-04    0.000000000000E+00    5.456846310397E-04   -3.010477459182E-04   -4.921119477411E-04    3.449928548647E-04   -1.856206269965E-04
   -1.254976969358E-03    2.848070278327E-04   -6.054184404163E-04   -2.923302073344E-04   -5.456846310397E-04    0.000000000000E+00    3.764025977504E-04   -2.780914068043E-04    4.255415637912E-04   -2.965470323428E-04
   -6.090097156402E-04    1.907842107177E-04   -4.672981591356E-04   -5.711293178545E-04    3.010477459182E-04   -3.764025977504E-04    0.000000000000E+00    2.836900891569E-04    2.518194480100E-04   -3.731011494635E-04
   -2.720155390702E-04    9.962406874066E-05   -2.598995753234E-04   -4.079413575206E-04    4.921119477412E-04    2.780914068043E-04   -2.836900891569E-04    0.000000000000E+00   -2.266493133733E-04   -2.278202453601E-04
    1.148913935419E-04   -4.616184026983E-05    1.248072358122E-04    2.208421621436E-04   -3.449928548647E-04   -4.255415637912E-04   -2.518194480100E-04    2.266493133733E-04    0.000000000000E+00   -1.885377338414E-04
   -4.660302930353E-05    1.990723929177E-05   -5.506892252091E-05   -1.045233665349E-04    1.856206269965E-04    2.965470323428E-04    3.731011494635E-04    2.278202453601E-04    1.885377338414E-04    0.000000000000E+00
   7.6431689176889588     
    0.000000000000E+00   -1.846136552087E-02    6.115465483879E-04   -2.844179067181E-03    2.227560780374E-03    1.266112259583E-03    6.248797290214E-04    2.836285022561E-04   -1.216878459198E-04    5.012690243575E-05
    1.846136552087E-02    0.000000000000E+00   -4.400200881299E-03   -1.028207823379E-03   -1.165658789076E-04   -2.721513470866E-04   -1.883622275893E-04   -1.005106696807E-04    4.743734719416E-05   -2.080821561149E-05
   -6.115465483879E-04    4.400200881299E-03    0.000000000000E+00    1.969854668410E-03    3.764040480080E-05    5.781403300733E-04    4.610209956642E-04    2.618470445684E-04   -1.280140916452E-04    5.743198673717E-05
    2.844179067181E-03    1.028207823379E-03   -1.969854668410E-03    0.000000000000E+00   -9.188335567842E-04    2.592947535377E-04    5.534018226655E-04    4.054087350006E-04   -2.236861223817E-04    1.076876085440E-04
   -2.227560780374E-03    1.165658789076E-04   -3.764040480078E-05    9.188335567843E-04    0.000000000000E+00    5.477154988802E-04   -2.759544588523E-04   -4.788729964056E-04    3.436424712904E-04   -1.883314671761E-04
   -1.266112259583E-03    2.721513470866E-04   -5.781403300733E-04   -2.592947535378E-04   -5.477154988801E-04    0.000000000000E+00    3.774365430170E-04   -2.577587928795E-04    4.148600331192E-04   -2.956867546271E-04
   -6.248797290214E-04    1.883622275893E-04   -4.610209956642E-04   -5.534018226655E-04    2.759544588523E-04   -3.774365430170E-04    0.000000000000E+00    2.842043239183E-04    2.346860833803E-04   -3.641046201794E-04
   -2.836285022561E-04    1.005106696807E-04   -2.618470445684E-04   -4.054087350006E-04    4.788729964056E-04    2.577587928795E-04   -2.842043239184E-04    0.000000000000E+00   -2.268761986185E-04   -2.129975214817E-04
    1.216878459198E-04   -4.743734719416E-05    1.280140916452E-04    2.236861223817E-04   -3.436424712904E-04   -4.148600331192E-04   -2.346860833803E-04    2.268761986184E-04    0.000000000000E+00   -1.885993011076E-04
   -5.012690243575E-05    2.080821561149E-05   -5.743198673717E-05   -1.076876085440E-04    1.883314671761E-04    2.956867546271E-04    3.641046201794E-04    2.129975214817E-04    1.885993011076E-04    0.000000000000E+00
   7.7414723183397083     
    0.000000000000E+00   -1.790149796539E-02    8.176939591397E-04   -2.733215872612E-03    2.202920162563E-03    1.275843302477E-03    6.402527045763E-04    2.952399044463E-04   -1.286350709821E-04    5.379752082919E-05
    1.790149796539E-02    0.000000000000E+00   -4.284301072884E-03   -1.048803041409E-03   -8.719710585305E-05   -2.593482303898E-04   -1.856396361643E-04   -1.012261555015E-04    4.865426782165E-05   -2.170338700676E-05
   -8.176939591397E-04    4.284301072884E-03    0.000000000000E+00    1.969770865129E-03   -7.604226704318E-06    5.507479046448E-04    4.541416320000E-04    2.634093649585E-04   -1.310824704883E-04    5.978255685068E-05
    2.733215872612E-03    1.048803041409E-03   -1.969770865129E-03    0.000000000000E+00   -9.220208850340E-04    2.273513732280E-04    5.354757131724E-04    4.024090203682E-04   -2.262640824044E-04    1.107757430028E-04
   -2.202920162563E-03    8.719710585305E-05    7.604226704300E-06    9.220208850340E-04    0.000000000000E+00    5.492495982674E-04   -2.516940616342E-04   -4.654681300349E-04    3.419242933613E-04   -1.908398729566E-04
   -1.275843302477E-03    2.593482303898E-04   -5.507479046448E-04   -2.273513732280E-04   -5.492495982674E-04    0.000000000000E+00    3.780814413896E-04   -2.381084452828E-04    4.040386731487E-04   -2.945212141331E-04
   -6.402527045763E-04    1.856396361643E-04   -4.541416320000E-04   -5.354757131724E-04    2.516940616342E-04   -3.780814413896E-04    0.000000000000E+00    2.843959378522E-04    2.181320132439E-04   -3.549872425517E-04
   -2.952399044463E-04    1.012261555015E-04   -2.634093649586E-04   -4.024090203682E-04    4.654681300349E-04    2.381084452828E-04   -2.843959378522E-04    0.000000000000E+00   -2.268263651261E-04   -1.986788081376E-04
    1.286350709821E-04   -4.865426782165E-05    1.310824704883E-04    2.262640824044E-04   -3.419242933612E-04   -4.040386731487E-04   -2.181320132439E-04    2.268263651261E-04    0.000000000000E+00   -1.884180533882E-04
   -5.379752082918E-05    2.170338700676E-05   -5.978255685068E-05   -1.107757430028E-04    1.908398729566E-04    2.945212141331E-04    3.549872425517E-04    1.986788081376E-04    1.884180533882E-04    0.000000000000E+00
   7.8404038557358300     
    0.000000000000E+00   -1.735168630565E-02    1.014338567487E-03   -2.622734633691E-03    2.176398344138E-03    1.284175345110E-03    6.550974966574E-04    3.068239068265E-04   -1.357209936080E-04    5.761217821928E-05
    1.735168630565E-02    0.000000000000E+00   -4.169383567199E-03   -1.066210640491E-03   -5.891482008357E-05   -2.464399268458E-04   -1.826316020803E-04   -1.017700382351E-04    4.980856049451E-05   -2.258978913188E-05
   -1.014338567487E-03    4.169383567199E-03    0.000000000000E+00    1.968158163171E-03   -5.101350576289E-05    5.233044804855E-04    4.466882572100E-04    2.645848757377E-04   -1.340029161914E-04    6.211354903925E-05
    2.622734633691E-03    1.066210640491E-03   -1.968158163171E-03    0.000000000000E+00   -9.245354468169E-04    1.964945575249E-04    5.173909462847E-04    3.989572429457E-04   -2.285716450278E-04    1.137797106815E-04
   -2.176398344138E-03    5.891482008356E-05    5.101350576289E-05    9.245354468169E-04    0.000000000000E+00    5.503344965921E-04   -2.282606894601E-04   -4.519278259589E-04    3.398494233037E-04   -1.931419429761E-04
   -1.284175345110E-03    2.464399268458E-04   -5.233044804855E-04   -1.964945575250E-04   -5.503344965921E-04    0.000000000000E+00    3.783761958274E-04   -2.191352676062E-04    3.931025984474E-04   -2.930594644500E-04
   -6.550974966574E-04    1.826316020803E-04   -4.466882572100E-04   -5.173909462847E-04    2.282606894601E-04   -3.783761958274E-04    0.000000000000E+00    2.842977610063E-04    2.021528053172E-04   -3.457704532842E-04
   -3.068239068265E-04    1.017700382351E-04   -2.645848757377E-04   -3.989572429457E-04    4.519278259588E-04    2.191352676062E-04   -2.842977610063E-04    0.000000000000E+00   -2.265282174463E-04   -1.848601864326E-04
    1.357209936080E-04   -4.980856049452E-05    1.340029161914E-04    2.285716450278E-04   -3.398494233037E-04   -3.931025984474E-04   -2.021528053172E-04    2.265282174464E-04    0.000000000000E+00   -1.880190240610E-04
   -5.761217821929E-05    2.258978913188E-05   -6.211354903925E-05   -1.137797106815E-04    1.931419429761E-04    2.930594644500E-04    3.457704532842E-04    1.848601864326E-04    1.880190240610E-04    0.000000000000E+00
   7.9399635298773239     
    0.000000000000E+00   -1.681256843552E-02    1.201649220863E-03   -2.512897895496E-03    2.148104924272E-03    1.291117659072E-03    6.693852560505E-04    3.183548943198E-04   -1.429329399851E-04    6.156757976867E-05
    1.681256843552E-02    0.000000000000E+00   -4.055693146270E-03   -1.080600991267E-03   -3.174057543172E-05   -2.334668972466E-04   -1.793538878907E-04   -1.021425811179E-04    5.089650875813E-05   -2.346449022915E-05
   -1.201649220863E-03    4.055693146270E-03    0.000000000000E+00    1.965109176724E-03   -9.259583435780E-05    4.958708144289E-04    4.386901156788E-04    2.653733562819E-04   -1.367666078807E-04    6.441791102477E-05
    2.512897895496E-03    1.080600991267E-03   -1.965109176724E-03    0.000000000000E+00   -9.264325921340E-04    1.667163791997E-04    4.991859911659E-04    3.950692313805E-04   -2.306053331830E-04    1.166917755000E-04
   -2.148104924272E-03    3.174057543173E-05    9.259583435780E-05    9.264325921340E-04    0.000000000000E+00    5.510141373681E-04   -2.056465943043E-04   -4.382813655194E-04    3.374295660634E-04   -1.952344720265E-04
   -1.291117659072E-03    2.334668972466E-04   -4.958708144289E-04   -1.667163791997E-04   -5.510141373680E-04    0.000000000000E+00    3.783567723114E-04   -2.008326110122E-04    3.820759298249E-04   -2.913110588034E-04
   -6.693852560505E-04    1.793538878907E-04   -4.386901156788E-04   -4.991859911659E-04    2.056465943043E-04   -3.783567723114E-04    0.000000000000E+00    2.839401458677E-04    1.867427106148E-04   -3.364748407102E-04
   -3.183548943198E-04    1.021425811179E-04   -2.653733562819E-04   -3.950692313805E-04    4.382813655194E-04    2.008326110122E-04   -2.839401458677E-04    0.000000000000E+00   -2.260080158667E-04   -1.715365935697E-04
    1.429329399851E-04   -5.089650875813E-05    1.367666078807E-04    2.306053331830E-04   -3.374295660634E-04   -3.820759298249E-04   -1.867427106148E-04    2.260080158667E-04    0.000000000000E+00   -1.874253563826E-04
   -6.156757976867E-05    2.346449022915E-05   -6.441791102477E-05   -1.166917755000E-04    1.952344720265E-04    2.913110588034E-04    3.364748407102E-04    1.715365935697E-04    1.874253563826E-04    0.000000000000E+00
   8.0401513407641900     
    0.000000000000E+00   -1.628467100703E-02    1.379803967702E-03   -2.403856027992E-03    2.118148829693E-03    1.296683289265E-03    6.830894683999E-04    3.298075851336E-04   -1.502577010327E-04    6.565985360488E-05
    1.628467100703E-02    0.000000000000E+00   -3.943445471728E-03   -1.092142775459E-03   -5.690174072490E-06   -2.204677234125E-04   -1.758227347325E-04   -1.023447660475E-04    5.191473403985E-05   -2.432460836399E-05
   -1.379803967702E-03    3.943445471728E-03    0.000000000000E+00    1.960711386285E-03   -1.323637070381E-04    4.685050146710E-04    4.301773396496E-04    2.657759828722E-04   -1.393653925083E-04    6.668865998350E-05
    2.403856027992E-03    1.092142775459E-03   -1.960711386285E-03    0.000000000000E+00   -9.277632819015E-04    1.380067328150E-04    4.808977892231E-04    3.907615188582E-04   -2.323625733994E-04    1.195045515695E-04
   -2.118148829693E-03    5.690174072485E-06    1.323637070381E-04    9.277632819015E-04    0.000000000000E+00    5.513290395542E-04   -1.838423361047E-04   -4.245568049023E-04    3.346769553765E-04   -1.971149379653E-04
   -1.296683289265E-03    2.204677234125E-04   -4.685050146710E-04   -1.380067328149E-04   -5.513290395542E-04    0.000000000000E+00    3.780563673803E-04   -1.831924301924E-04    3.709817695035E-04   -2.892859884230E-04
   -6.830894683999E-04    1.758227347325E-04   -4.301773396496E-04   -4.808977892231E-04    1.838423361047E-04   -3.780563673803E-04    0.000000000000E+00    2.833511117507E-04    1.718947954406E-04   -3.271201234018E-04
   -3.298075851336E-04    1.023447660475E-04   -2.657759828722E-04   -3.907615188582E-04    4.245568049023E-04    1.831924301924E-04   -2.833511117506E-04    0.000000000000E+00   -2.252900028737E-04   -1.587019375300E-04
    1.502577010327E-04   -5.191473403985E-05    1.393653925083E-04    2.323625733994E-04   -3.346769553765E-04   -3.709817695035E-04   -1.718947954406E-04    2.252900028737E-04    0.000000000000E+00   -1.866584159629E-04
   -6.565985360487E-05    2.432460836399E-05   -6.668865998350E-05   -1.195045515695E-04    1.971149379653E-04    2.892859884230E-04    3.271201234018E-04    1.587019375300E-04    1.866584159630E-04    0.000000000000E+00
   8.1409672883964284     
    0.000000000000E+00   -1.576842073342E-02    1.548988933369E-03   -2.295747707095E-03    2.086637932019E-03    1.300888807302E-03    6.961859845337E-04    3.411571386713E-04   -1.576816001306E-04    6.988456730302E-05
    1.576842073342E-02    0.000000000000E+00   -3.832829275727E-03   -1.101002332384E-03    1.922597571890E-05   -2.074790281951E-04   -1.720547467914E-04   -1.023782575604E-04    5.286020550389E-05   -2.516732799696E-05
   -1.548988933369E-03    3.832829275727E-03    0.000000000000E+00    1.955047558331E-03   -1.703334220737E-04    4.412624571780E-04    4.211807840665E-04    2.657952798135E-04   -1.417918129904E-04    6.891891983761E-05
    2.295747707095E-03    1.101002332384E-03   -1.955047558331E-03    0.000000000000E+00   -9.285744093986E-04    1.103535430327E-04    4.625617191635E-04    3.860512506379E-04   -2.338416763281E-04    1.222110280939E-04
   -2.086637932019E-03   -1.922597571889E-05    1.703334220737E-04    9.285744093987E-04    0.000000000000E+00    5.513165273803E-04   -1.628369545519E-04   -4.107809516404E-04    3.316042821742E-04   -1.987814864227E-04
   -1.300888807302E-03    2.074790281951E-04   -4.412624571780E-04   -1.103535430328E-04   -5.513165273803E-04    0.000000000000E+00    3.775055904271E-04   -1.662054259639E-04    3.598421816546E-04   -2.869946229172E-04
   -6.961859845337E-04    1.720547467914E-04   -4.211807840665E-04   -4.625617191635E-04    1.628369545519E-04   -3.775055904271E-04    0.000000000000E+00    2.825564967449E-04    1.576010632849E-04   -3.177251336625E-04
   -3.411571386713E-04    1.023782575604E-04   -2.657952798135E-04   -3.860512506379E-04    4.107809516404E-04    1.662054259639E-04   -2.825564967449E-04    0.000000000000E+00   -2.243965334330E-04   -1.463492036967E-04
    1.576816001306E-04   -5.286020550389E-05    1.417918129904E-04    2.338416763281E-04   -3.316042821742E-04   -3.598421816546E-04   -1.576010632849E-04    2.243965334330E-04    0.000000000000E+00   -1.857379047858E-04
   -6.988456730303E-05    2.516732799696E-05   -6.891891983761E-05   -1.222110280939E-04    1.987814864227E-04    2.869946229172E-04    3.177251336625E-04    1.463492036967E-04    1.857379047857E-04    0.000000000000E+00
   8.2424113727740398     
    0.000000000000E+00   -1.526415338916E-02    1.709396914956E-03   -2.188700481904E-03    2.053678709654E-03    1.303754055223E-03    7.086530286805E-04    3.523792518046E-04   -1.651905590937E-04    7.423674609092E-05
    1.526415338916E-02    0.000000000000E+00   -3.724008053745E-03   -1.107342972699E-03    4.300246434132E-05   -1.945354258473E-04   -1.680667840932E-04   -1.022453643540E-04    5.373024667597E-05   -2.598991525689E-05
   -1.709396914956E-03    3.724008053745E-03    0.000000000000E+00    1.948195943717E-03   -2.065247501433E-04    4.141957326265E-04    4.117318685772E-04    2.654350643696E-04   -1.440391301618E-04    7.110195633195E-05
    2.188700481904E-03    1.107342972699E-03   -1.948195943717E-03    0.000000000000E+00   -9.289090234186E-04    8.374298450725E-05    4.442115768249E-04    3.809560948401E-04   -2.350418131570E-04    1.248045906708E-04
   -2.053678709654E-03   -4.300246434132E-05    2.065247501433E-04    9.289090234186E-04    0.000000000000E+00    5.510109081477E-04   -1.426181437406E-04   -3.969793513458E-04    3.282246254760E-04   -2.002329124452E-04
   -1.303754055223E-03    1.945354258473E-04   -4.141957326265E-04   -8.374298450724E-05   -5.510109081478E-04    0.000000000000E+00    3.767326143199E-04   -1.498611873248E-04    3.486781806849E-04   -2.844476526245E-04
   -7.086530286805E-04    1.680667840932E-04   -4.117318685772E-04   -4.442115768249E-04    1.426181437406E-04   -3.767326143199E-04    0.000000000000E+00    2.815800884391E-04    1.438525746856E-04   -3.083078072633E-04
   -3.523792518046E-04    1.022453643540E-04   -2.654350643696E-04   -3.809560948401E-04    3.969793513458E-04    1.498611873248E-04   -2.815800884392E-04    0.000000000000E+00   -2.233481900064E-04   -1.344705588110E-04
    1.651905590937E-04   -5.373024667597E-05    1.440391301618E-04    2.350418131570E-04   -3.282246254760E-04   -3.486781806849E-04   -1.438525746856E-04    2.233481900064E-04    0.000000000000E+00   -1.846819636942E-04
   -7.423674609092E-05    2.598991525689E-05   -7.110195633195E-05   -1.248045906708E-04    2.002329124452E-04    2.844476526245E-04    3.083078072633E-04    1.344705588110E-04    1.846819636942E-04    0.000000000000E+00
   8.3444835938970225     
    0.000000000000E+00   -1.477212356469E-02    1.861226472079E-03   -2.082831271101E-03    2.019375941435E-03    1.305301897063E-03    7.204712004038E-04    3.634502529271E-04   -1.727701674944E-04    7.871089564908E-05
    1.477212356469E-02    0.000000000000E+00   -3.617122105767E-03   -1.111324487064E-03    6.563852479058E-05   -1.816694794947E-04   -1.638758587467E-04   -1.019489983136E-04    5.452253943277E-05   -2.678973234492E-05
   -1.861226472079E-03    3.617122105767E-03    0.000000000000E+00    1.940230645973E-03   -2.409606625092E-04    3.873545961452E-04    4.018624228022E-04    2.647003872844E-04   -1.461013404055E-04    7.323121101872E-05
    2.082831271101E-03    1.111324487064E-03   -1.940230645974E-03    0.000000000000E+00   -9.288066205053E-04    5.815966877414E-05    4.258795582345E-04    3.754941560096E-04   -2.359629897626E-04    1.272790404682E-04
   -2.019375941435E-03   -6.563852479058E-05    2.409606625092E-04    9.288066205052E-04    0.000000000000E+00    5.504436815997E-04   -1.231724066402E-04   -3.831762787402E-04    3.245513860124E-04   -2.014686405069E-04
   -1.305301897063E-03    1.816694794947E-04   -3.873545961452E-04   -5.815966877416E-05   -5.504436815997E-04    0.000000000000E+00    3.757633415275E-04   -1.341483196333E-04    3.375097237992E-04   -2.816560333054E-04
   -7.204712004038E-04    1.638758587467E-04   -4.018624228022E-04   -4.258795582345E-04    1.231724066402E-04   -3.757633415276E-04    0.000000000000E+00    2.804437625467E-04    1.306395566600E-04   -2.988851771453E-04
   -3.634502529271E-04    1.019489983136E-04   -2.647003872844E-04   -3.754941560096E-04    3.831762787402E-04    1.341483196333E-04   -2.804437625467E-04    0.000000000000E+00   -2.221639014176E-04   -1.230574466389E-04
    1.727701674944E-04   -5.452253943277E-05    1.461013404055E-04    2.359629897626E-04   -3.245513860124E-04   -3.375097237992E-04   -1.306395566600E-04    2.221639014176E-04    0.000000000000E+00   -1.835072764586E-04
   -7.871089564908E-05    2.678973234492E-05   -7.323121101872E-05   -1.272790404682E-04    2.014686405069E-04    2.816560333054E-04    2.988851771453E-04    1.230574466389E-04    1.835072764586E-04    0.000000000000E+00
   8.4471839517653784     
    0.000000000000E+00   -1.429251290147E-02    2.004680902863E-03   -1.978246899081E-03    1.983832438420E-03    1.305557967942E-03    7.316234599394E-04    3.743471861943E-04   -1.804057505801E-04    8.330102692472E-05
    1.429251290147E-02    0.000000000000E+00   -3.512290272716E-03   -1.113102667975E-03    8.713766243868E-05   -1.689116808084E-04   -1.594990390048E-04   -1.014926320148E-04    5.523512515343E-05   -2.756425060772E-05
   -2.004680902863E-03    3.512290272715E-03    0.000000000000E+00    1.931221864756E-03   -2.736670424499E-04    3.607859392676E-04    3.916045388817E-04    2.635974687512E-04   -1.479731877258E-04    7.530033292774E-05
    1.978246899081E-03    1.113102667975E-03   -1.931221864756E-03    0.000000000000E+00   -9.283033806806E-04    3.358683149801E-05    4.075962533312E-04    3.696838922063E-04   -2.366060177942E-04    1.296286101910E-04
   -1.983832438420E-03   -8.713766243869E-05    2.736670424499E-04    9.283033806806E-04    0.000000000000E+00    5.496437183381E-04   -1.044852065623E-04   -3.693947363930E-04    3.205982226756E-04   -2.024887022795E-04
   -1.305557967942E-03    1.689116808084E-04   -3.607859392676E-04   -3.358683149800E-05   -5.496437183380E-04    0.000000000000E+00    3.746215501749E-04   -1.190545689039E-04    3.263557096101E-04   -2.786309331541E-04
   -7.316234599394E-04    1.594990390048E-04   -3.916045388817E-04   -4.075962533312E-04    1.044852065623E-04   -3.746215501749E-04    0.000000000000E+00    2.791676072865E-04    1.179515080348E-04   -2.894733721085E-04
   -3.743471861943E-04    1.014926320148E-04   -2.635974687512E-04   -3.696838922063E-04    3.693947363930E-04    1.190545689039E-04   -2.791676072866E-04    0.000000000000E+00   -2.208610511060E-04   -1.121006795613E-04
    1.804057505801E-04   -5.523512515343E-05    1.479731877258E-04    2.366060177942E-04   -3.205982226756E-04   -3.263557096101E-04   -1.179515080348E-04    2.208610511060E-04    0.000000000000E+00   -1.822291655430E-04
   -8.330102692472E-05    2.756425060772E-05   -7.530033292774E-05   -1.296286101910E-04    2.024887022795E-04    2.786309331541E-04    2.894733721085E-04    1.121006795613E-04    1.822291655430E-04    0.000000000000E+00
   8.5505124463791038     
    0.000000000000E+00   -1.382543788747E-02    2.139967366953E-03   -1.875044616832E-03    1.947148808740E-03    1.304550427622E-03    7.420951029053E-04    3.850478889890E-04   -1.880824371326E-04    8.800068369052E-05
    1.382543788747E-02    0.000000000000E+00   -3.409611656243E-03   -1.112828918644E-03    1.075072976577E-04   -1.562904431199E-04   -1.549533595844E-04   -1.008802549809E-04    5.586640334380E-05   -2.831106239184E-05
   -2.139967366953E-03    3.409611656243E-03    0.000000000000E+00    1.921236146499E-03   -3.046724139177E-04    3.345337743679E-04    3.809904302878E-04    2.621336308470E-04   -1.496501709993E-04    7.730320818729E-05
    1.875044616832E-03    1.112828918644E-03   -1.921236146499E-03    0.000000000000E+00   -9.274324011861E-04    1.000650586286E-05    3.893906462349E-04    3.635440356129E-04   -2.369724835494E-04    1.318479773811E-04
   -1.947148808740E-03   -1.075072976577E-04    3.046724139177E-04    9.274324011861E-04    0.000000000000E+00    5.486374340448E-04   -8.654110834145E-05   -3.556564589684E-04    3.163789920102E-04   -2.032937128384E-04
   -1.304550427622E-03    1.562904431199E-04   -3.345337743679E-04   -1.000650586285E-05   -5.486374340447E-04    0.000000000000E+00    3.733290354472E-04   -1.045669379799E-04    3.152339814268E-04   -2.753836823485E-04
   -7.420951029053E-04    1.549533595844E-04   -3.809904302878E-04   -3.893906462349E-04    8.654110834146E-05   -3.733290354472E-04    0.000000000000E+00    2.777700433233E-04    1.057772979618E-04   -2.800876195017E-04
   -3.850478889890E-04    1.008802549809E-04   -2.621336308470E-04   -3.635440356129E-04    3.556564589684E-04    1.045669379799E-04   -2.777700433233E-04    0.000000000000E+00   -2.194555811227E-04   -1.015905243256E-04
    1.880824371326E-04   -5.586640334380E-05    1.496501709993E-04    2.369724835494E-04   -3.163789920102E-04   -3.152339814268E-04   -1.057772979618E-04    2.194555811227E-04    0.000000000000E+00   -1.808616838020E-04
   -8.800068369052E-05    2.831106239184E-05   -7.730320818729E-05   -1.318479773811E-04    2.032937128384E-04    2.753836823485E-04    2.800876195017E-04    1.015905243256E-04    1.808616838021E-04    0.000000000000E+00
   8.6544690777382058     
    0.000000000000E+00   -1.337095694852E-02    2.267296061987E-03   -1.773312621264E-03    1.909423255140E-03    1.302309718396E-03    7.518737239528E-04    3.955310615788E-04   -1.957852262693E-04    9.280297226846E-05
    1.337095694852E-02    0.000000000000E+00   -3.309167234406E-03   -1.110649920650E-03    1.267584157661E-04   -1.438321087939E-04   -1.502557389803E-04   -1.001163292510E-04    5.641512788410E-05   -2.902789159891E-05
   -2.267296061987E-03    3.309167234406E-03    0.000000000000E+00    1.910336603574E-03   -3.340076773762E-04    3.086392334851E-04    3.700522978871E-04    2.603172270458E-04   -1.511285464435E-04    7.923398732686E-05
    1.773312621264E-03    1.110649920650E-03   -1.910336603574E-03    0.000000000000E+00   -9.262239124945E-04   -1.260031354002E-05    3.712901225211E-04    3.570935169140E-04   -2.370647148306E-04    1.339322749756E-04
   -1.909423255140E-03   -1.267584157661E-04    3.340076773762E-04    9.262239124945E-04    0.000000000000E+00    5.474489522207E-04   -6.932391145238E-05   -3.419819229627E-04    3.119076908349E-04   -2.038848454412E-04
   -1.302309718396E-03    1.438321087939E-04   -3.086392334851E-04    1.260031354001E-05   -5.474489522207E-04    0.000000000000E+00    3.719057421192E-04   -9.067179592247E-05    3.041613350658E-04   -2.719257251885E-04
   -7.518737239528E-04    1.502557389803E-04   -3.700522978871E-04   -3.712901225211E-04    6.932391145239E-05   -3.719057421192E-04    0.000000000000E+00    2.762679364010E-04    9.410525857077E-05   -2.707422517390E-04
   -3.955310615788E-04    1.001163292510E-04   -2.603172270458E-04   -3.570935169140E-04    3.419819229627E-04    9.067179592247E-05   -2.762679364010E-04    0.000000000000E+00   -2.179620899628E-04   -9.151678259417E-05
    1.957852262693E-04   -5.641512788410E-05    1.511285464435E-04    2.370647148306E-04   -3.119076908349E-04   -3.041613350658E-04   -9.410525857077E-05    2.179620899628E-04    0.000000000000E+00   -1.794177009387E-04
   -9.280297226846E-05    2.902789159891E-05   -7.923398732686E-05   -1.339322749756E-04    2.038848454412E-04    2.719257251885E-04    2.707422517390E-04    9.151678259416E-05    1.794177009387E-04    0.000000000000E+00
   8.7590538458426774     
    0.000000000000E+00   -1.292907713259E-02    2.386879532353E-03   -1.673130550369E-03    1.870751400212E-03    1.298868329392E-03    7.609491717041E-04    4.057763299382E-04   -2.034990533914E-04    9.770059349739E-05
    1.292907713259E-02    0.000000000000E+00   -3.211021450384E-03   -1.106707377741E-03    1.449052333777E-04   -1.315609670254E-04   -1.454229031263E-04   -9.920574453266E-05    5.688040109801E-05   -2.971260296047E-05
   -2.386879532353E-03    3.211021450384E-03    0.000000000000E+00    1.898583144198E-03   -3.617058642461E-04    2.831405773342E-04    3.588222028031E-04    2.581575694018E-04   -1.524053256457E-04    8.108711026920E-05
    1.673130550369E-03    1.106707377741E-03   -1.898583144198E-03    0.000000000000E+00   -9.247054946618E-04   -3.425352101761E-05    3.533204814864E-04    3.503513933100E-04   -2.368857461808E-04    1.358770993363E-04
   -1.870751400212E-03   -1.449052333777E-04    3.617058642460E-04    9.247054946618E-04    0.000000000000E+00    5.461002641578E-04   -5.281677269421E-05   -3.283903607151E-04    3.071984019815E-04   -2.042638052166E-04
   -1.298868329392E-03    1.315609670254E-04   -2.831405773342E-04    3.425352101761E-05   -5.461002641579E-04    0.000000000000E+00    3.703698931086E-04   -7.735497931165E-05    2.931535303778E-04   -2.682685748756E-04
   -7.609491717041E-04    1.454229031263E-04   -3.588222028031E-04   -3.533204814864E-04    5.281677269420E-05   -3.703698931086E-04    0.000000000000E+00    2.746767058960E-04    8.292327090259E-05   -2.614507160370E-04
   -4.057763299382E-04    9.920574453266E-05   -2.581575694018E-04   -3.503513933100E-04    3.283903607151E-04    7.735497931165E-05   -2.746767058960E-04    0.000000000000E+00   -2.163939265209E-04   -8.186886574241E-05
    2.034990533914E-04   -5.688040109801E-05    1.524053256457E-04    2.368857461808E-04   -3.071984019815E-04   -2.931535303778E-04   -8.292327090259E-05    2.163939265209E-04    0.000000000000E+00   -1.779089862505E-04
   -9.770059349739E-05    2.971260296047E-05   -8.108711026920E-05   -1.358770993363E-04    2.042638052166E-04    2.682685748756E-04    2.614507160370E-04    8.186886574241E-05    1.779089862504E-04    0.000000000000E+00
   8.8642667506925203     
    0.000000000000E+00   -1.249976039672E-02    2.498932112295E-03   -1.574569947247E-03    1.831226135205E-03    1.294260567436E-03    7.693134957785E-04    4.157643018379E-04   -2.112088550147E-04    1.026858767579E-04
    1.249976039672E-02    0.000000000000E+00   -3.115223772271E-03   -1.101137831278E-03    1.619648830881E-04   -1.194992802006E-04   -1.404713151231E-04   -9.815377321083E-05    5.726166579704E-05   -3.036321001563E-05
   -2.498932112295E-03    3.115223772271E-03    0.000000000000E+00    1.886032717368E-03   -3.878019116531E-04    2.580732126710E-04    3.473319459200E-04    2.556648538557E-04   -1.534782693571E-04    8.285732892632E-05
    1.574569947247E-03    1.101137831278E-03   -1.886032717368E-03    0.000000000000E+00   -9.229022965818E-04   -5.497376508505E-05    3.355059523279E-04    3.433367800562E-04   -2.364392827498E-04    1.376785158500E-04
   -1.831226135205E-03   -1.619648830881E-04    3.878019116531E-04    9.229022965819E-04    0.000000000000E+00    5.446113881438E-04   -3.700231795909E-05   -3.148997779273E-04    3.022652431043E-04   -2.044328019733E-04
   -1.294260567436E-03    1.194992802006E-04   -2.580732126710E-04    5.497376508505E-05   -5.446113881438E-04    0.000000000000E+00    3.687381155401E-04   -6.460188514765E-05    2.822253058996E-04   -2.644237708921E-04
   -7.693134957785E-04    1.404713151231E-04   -3.473319459200E-04   -3.355059523278E-04    3.700231795909E-05   -3.687381155401E-04    0.000000000000E+00    2.730104301693E-04    7.221884401759E-05   -2.522255869082E-04
   -4.157643018379E-04    9.815377321083E-05   -2.556648538557E-04   -3.433367800562E-04    3.148997779273E-04    6.460188514765E-05   -2.730104301694E-04    0.000000000000E+00   -2.147632806340E-04   -7.263586386987E-05
    2.112088550147E-04   -5.726166579704E-05    1.534782693571E-04    2.364392827498E-04   -3.022652431043E-04   -2.822253058996E-04   -7.221884401759E-05    2.147632806340E-04    0.000000000000E+00   -1.763462880124E-04
   -1.026858767579E-04    3.036321001563E-05   -8.285732892632E-05   -1.376785158500E-04    2.044328019733E-04    2.644237708921E-04    2.522255869082E-04    7.263586386986E-05    1.763462880125E-04    0.000000000000E+00
   8.9701077922877364     
    0.000000000000E+00   -1.208292863686E-02    2.603669166916E-03   -1.477694771908E-03    1.790937505948E-03    1.288522333608E-03    7.769608821574E-04    4.254766123520E-04   -2.188996295046E-04    1.077508141628E-04
    1.208292863686E-02    0.000000000000E+00   -3.021809938425E-03   -1.094072459416E-03    1.779570881151E-04   -1.076673277327E-04   -1.354171141224E-04   -9.696602630828E-05    5.755869551364E-05   -3.097788165211E-05
   -2.603669166916E-03    3.021809938425E-03    0.000000000000E+00    1.872739417081E-03   -4.123324128577E-04    2.334697313015E-04    3.356129579196E-04    2.528500845928E-04   -1.543458768387E-04    8.453972681852E-05
    1.477694771908E-03    1.094072459416E-03   -1.872739417081E-03    0.000000000000E+00   -9.208371871093E-04   -7.478230752612E-05    3.178692199649E-04    3.360687867965E-04   -2.357296627979E-04    1.393330616683E-04
   -1.790937505948E-03   -1.779570881151E-04    4.123324128577E-04    9.208371871093E-04    0.000000000000E+00    5.430004909997E-04   -2.186275447795E-05   -3.015269774898E-04    2.971223190635E-04   -2.043945220506E-04
   -1.288522333608E-03    1.076673277327E-04   -2.334697313015E-04    7.478230752612E-05   -5.430004909997E-04    0.000000000000E+00    3.670255429558E-04   -5.239756217861E-05    2.713903981704E-04   -2.604028392557E-04
   -7.769608821574E-04    1.354171141224E-04   -3.356129579196E-04   -3.178692199649E-04    2.186275447795E-05   -3.670255429558E-04    0.000000000000E+00    2.712819355823E-04    6.197919158666E-05   -2.430785822989E-04
   -4.254766123520E-04    9.696602630828E-05   -2.528500845928E-04   -3.360687867965E-04    3.015269774898E-04    5.239756217861E-05   -2.712819355823E-04    0.000000000000E+00   -2.130812617278E-04   -6.380661195008E-05
    2.188996295046E-04   -5.755869551364E-05    1.543458768387E-04    2.357296627979E-04   -2.971223190635E-04   -2.713903981704E-04   -6.197919158666E-05    2.130812617279E-04    0.000000000000E+00   -1.747394036814E-04
   -1.077508141628E-04    3.097788165211E-05   -8.453972681851E-05   -1.393330616683E-04    2.043945220506E-04    2.604028392557E-04    2.430785822989E-04    6.380661195009E-05    1.747394036814E-04    0.000000000000E+00
   9.0765769706283255     
    0.000000000000E+00   -1.167846927589E-02    2.701306759803E-03   -1.382561806248E-03    1.749972605558E-03    1.281690910077E-03    7.838875870834E-04    4.348959665143E-04   -2.265564984276E-04    1.128870976698E-04
    1.167846927589E-02    0.000000000000E+00   -2.930803448579E-03   -1.085637017558E-03    1.929038843618E-04   -9.608344672312E-05   -1.302760573175E-04   -9.564840936390E-05    5.777158313046E-05   -3.155494752477E-05
   -2.701306759803E-03    2.930803448579E-03    0.000000000000E+00    1.858754750023E-03   -4.353354291353E-04    2.093599429960E-04    3.236961931582E-04    2.497249974548E-04   -1.550073719936E-04    8.612973668063E-05
    1.382561806248E-03    1.085637017558E-03   -1.858754750023E-03    0.000000000000E+00   -9.185309762281E-04   -9.370091600504E-05    3.004314480899E-04    3.285664564734E-04   -2.347618196792E-04    1.408377467352E-04
   -1.749972605558E-03   -1.929038843618E-04    4.353354291353E-04    9.185309762281E-04    0.000000000000E+00    5.412840438888E-04   -7.379962375520E-06   -2.882875829793E-04    2.917836769865E-04   -2.041521000013E-04
   -1.281690910077E-03    9.608344672311E-05   -2.093599429960E-04    9.370091600504E-05   -5.412840438888E-04    0.000000000000E+00    3.652459353011E-04   -4.072678820851E-05    2.606615617239E-04   -2.562172551899E-04
   -7.838875870834E-04    1.302760573175E-04   -3.236961931582E-04   -3.004314480899E-04    7.379962375528E-06   -3.652459353011E-04    0.000000000000E+00    2.695028948521E-04    5.219129826351E-05   -2.340205807760E-04
   -4.348959665143E-04    9.564840936390E-05   -2.497249974548E-04   -3.285664564734E-04    2.882875829793E-04    4.072678820850E-05   -2.695028948521E-04    0.000000000000E+00   -2.113579822089E-04   -5.536974801078E-05
    2.265564984276E-04   -5.777158313046E-05    1.550073719936E-04    2.347618196792E-04   -2.917836769865E-04   -2.606615617239E-04   -5.219129826351E-05    2.113579822089E-04    0.000000000000E+00   -1.730972524654E-04
   -1.128870976698E-04    3.155494752477E-05   -8.612973668063E-05   -1.408377467352E-04    2.041521000013E-04    2.562172551899E-04    2.340205807760E-04    5.536974801077E-05    1.730972524654E-04    0.000000000000E+00
   9.1836742857142859     
    0.000000000000E+00   -1.128623911977E-02    2.792060891329E-03   -1.289221160887E-03    1.708415513040E-03    1.273804753900E-03    7.900918583932E-04    4.440061691491E-04   -2.341647614176E-04    1.180861546498E-04
    1.128623911977E-02    0.000000000000E+00   -2.842216565149E-03   -1.075951700948E-03    2.068293146751E-04   -8.476409453477E-05   -1.250634729867E-04   -9.420708041093E-05    5.790072813398E-05   -3.209290199913E-05
   -2.792060891329E-03    2.842216565149E-03    0.000000000000E+00    1.844127661201E-03   -4.568502470446E-04    1.857709382656E-04    3.116120370644E-04    2.463019838438E-04   -1.554626853564E-04    8.762315470563E-05
    1.289221160887E-03    1.075951700948E-03   -1.844127661201E-03    0.000000000000E+00   -9.160025199780E-04   -1.117517350162E-04    2.832123154382E-04    3.208487100640E-04   -2.335412428808E-04    1.421900518621E-04
   -1.708415513040E-03   -2.068293146751E-04    4.568502470446E-04    9.160025199779E-04    0.000000000000E+00    5.394769149170E-04    6.464404757024E-06   -2.751960700640E-04    2.862632653467E-04   -2.037090895761E-04
   -1.273804753900E-03    8.476409453477E-05   -1.857709382656E-04    1.117517350162E-04   -5.394769149170E-04    0.000000000000E+00    3.634117604674E-04   -2.957415098141E-05    2.500505944777E-04   -2.518784089150E-04
   -7.900918583932E-04    1.250634729867E-04   -3.116120370644E-04   -2.832123154382E-04   -6.464404757032E-06   -3.634117604673E-04    0.000000000000E+00    2.676839002845E-04    4.284198682888E-05   -2.250616426696E-04
   -4.440061691491E-04    9.420708041093E-05   -2.463019838438E-04   -3.208487100640E-04    2.751960700640E-04    2.957415098142E-05   -2.676839002845E-04    0.000000000000E+00   -2.096026235202E-04   -4.731377070858E-05
    2.341647614176E-04   -5.790072813398E-05    1.554626853564E-04    2.335412428808E-04   -2.862632653467E-04   -2.500505944777E-04   -4.284198682888E-05    2.096026235202E-04    0.000000000000E+00   -1.714279349284E-04
   -1.180861546498E-04    3.209290199913E-05   -8.762315470563E-05   -1.421900518621E-04    2.037090895761E-04    2.518784089150E-04    2.250616426696E-04    4.731377070859E-05    1.714279349284E-04    0.000000000000E+00
   9.2913997375456177     
    0.000000000000E+00   -1.090606961275E-02    2.876147493203E-03   -1.197716580184E-03    1.666347212736E-03    1.264903300961E-03    7.955738609949E-04    4.527921561469E-04   -2.417099539826E-04    1.233391876557E-04
    1.090606961275E-02    0.000000000000E+00   -2.756051827447E-03   -1.065131219635E-03    2.197592009020E-04   -7.372389507730E-05   -1.197942125741E-04   -9.264840736519E-05    5.794682251767E-05   -3.259040714639E-05
   -2.876147493203E-03    2.756051827447E-03    0.000000000000E+00    1.828904887346E-03   -4.769172452385E-04    1.627271269562E-04    2.993902125791E-04    2.425940137730E-04   -1.557124337287E-04    8.901615324078E-05
    1.197716580184E-03    1.065131219635E-03   -1.828904887346E-03    0.000000000000E+00   -9.132689734641E-04   -1.289572131169E-04    2.662300406493E-04    3.129342919457E-04   -2.320739390167E-04    1.433879257920E-04
   -1.666347212736E-03   -2.197592009020E-04    4.769172452386E-04    9.132689734641E-04    0.000000000000E+00    5.375925373007E-04    1.968885213043E-05   -2.622657926527E-04    2.805748947475E-04   -2.030694350521E-04
   -1.264903300961E-03    7.372389507730E-05   -1.627271269562E-04    1.289572131169E-04   -5.375925373007E-04    0.000000000000E+00    3.615343175090E-04   -1.892410802138E-05    2.395683607099E-04   -2.473975733249E-04
   -7.955738609949E-04    1.197942125741E-04   -2.993902125791E-04   -2.662300406493E-04   -1.968885213044E-05   -3.615343175090E-04    0.000000000000E+00    2.658345612972E-04    3.391797078437E-05   -2.162110301585E-04
   -4.527921561469E-04    9.264840736519E-05   -2.425940137730E-04   -3.129342919457E-04    2.622657926527E-04    1.892410802138E-05   -2.658345612972E-04    0.000000000000E+00   -2.078235167997E-04   -3.962708612990E-05
    2.417099539826E-04   -5.794682251767E-05    1.557124337287E-04    2.320739390167E-04   -2.805748947475E-04   -2.395683607099E-04   -3.391797078439E-05    2.078235167997E-04    0.000000000000E+00   -1.697388019102E-04
   -1.233391876557E-04    3.259040714639E-05   -8.901615324078E-05   -1.433879257920E-04    2.030694350521E-04    2.473975733249E-04    2.162110301585E-04    3.962708612990E-05    1.697388019102E-04    0.000000000000E+00
   9.3997533261223225     
    0.000000000000E+00   -1.053776941362E-02    2.953781550861E-03   -1.108085964891E-03    1.623845583048E-03    1.255026778414E-03    8.003355863706E-04    4.612400084293E-04   -2.491778948327E-04    1.286372098294E-04
    1.053776941362E-02    0.000000000000E+00   -2.672302738076E-03   -1.053284685019E-03    2.317208511029E-04   -6.297571863920E-05   -1.144826179801E-04   -9.097892924534E-05    5.791083586594E-05   -3.304629422226E-05
   -2.953781550861E-03    2.672302738076E-03    0.000000000000E+00    1.813130863787E-03   -4.955776456279E-04    1.402503254409E-04    2.870597061478E-04    2.386145614242E-04   -1.557578959283E-04    9.030528956712E-05
    1.108085964891E-03    1.053284685019E-03   -1.813130863787E-03    0.000000000000E+00   -9.103458318677E-04   -1.453399786344E-04    2.495014288571E-04    3.048417233368E-04   -2.303663923080E-04    1.444297789833E-04
   -1.623845583048E-03   -2.317208511029E-04    4.955776456279E-04    9.103458318678E-04    0.000000000000E+00    5.356429650634E-04    3.231195087789E-05   -2.495090211615E-04    2.747322036797E-04   -2.022374419729E-04
   -1.255026778414E-03    6.297571863920E-05   -1.402503254409E-04    1.453399786344E-04   -5.356429650634E-04    0.000000000000E+00    3.596237933319E-04   -8.761059713898E-06    2.292248217151E-04   -2.427858752323E-04
   -8.003355863706E-04    1.144826179801E-04   -2.870597061478E-04   -2.495014288571E-04   -3.231195087789E-05   -3.596237933319E-04    0.000000000000E+00    2.639635592190E-04    2.540591405120E-05   -2.074772326280E-04
   -4.612400084293E-04    9.097892924534E-05   -2.386145614242E-04   -3.048417233368E-04    2.495090211615E-04    8.761059713898E-06   -2.639635592190E-04    0.000000000000E+00   -2.060281944981E-04   -3.229805833583E-05
    2.491778948327E-04   -5.791083586594E-05    1.557578959283E-04    2.303663923080E-04   -2.747322036797E-04   -2.292248217151E-04   -2.540591405119E-05    2.060281944981E-04    0.000000000000E+00   -1.680365025010E-04
   -1.286372098294E-04    3.304629422226E-05   -9.030528956712E-05   -1.444297789833E-04    2.022374419729E-04    2.427858752323E-04    2.074772326280E-04    3.229805833583E-05    1.680365025010E-04    0.000000000000E+00
   9.5087350514443987     
    0.000000000000E+00   -1.018112866620E-02    3.025177088978E-03   -1.020361659616E-03    1.580985354546E-03    1.244216027193E-03    8.043807689544E-04    4.693369691021E-04   -2.565547366845E-04    1.339710845874E-04
    1.018112866620E-02    0.000000000000E+00   -2.590955051066E-03   -1.040515726767E-03    2.427428544480E-04   -5.253073981568E-05   -1.091424860506E-04   -8.920531677054E-05    5.779399937045E-05   -3.345956431498E-05
   -3.025177088978E-03    2.590955051066E-03    0.000000000000E+00    1.796848015044E-03   -5.128733899337E-04    1.183598123858E-04    2.746486908186E-04    2.343775302576E-04   -1.556009868085E-04    9.148751333289E-05
    1.020361659616E-03    1.040515726767E-03   -1.796848015044E-03    0.000000000000E+00   -9.072471453639E-04   -1.609227784043E-04    2.330419034075E-04    2.965892555069E-04   -2.284255253584E-04    1.453144767684E-04
   -1.580985354546E-03   -2.427428544480E-04    5.128733899337E-04    9.072471453639E-04    0.000000000000E+00    5.336390172705E-04    4.435228134565E-05   -2.369369734338E-04    2.687486255180E-04   -2.012177485742E-04
   -1.244216027193E-03    5.253073981568E-05   -1.183598123858E-04    1.609227784043E-04   -5.336390172706E-04    0.000000000000E+00    3.576893686529E-04    9.306005105677E-07    2.190290626481E-04   -2.380542682438E-04
   -8.043807689544E-04    1.091424860506E-04   -2.746486908186E-04   -2.330419034075E-04   -4.435228134563E-05   -3.576893686529E-04    0.000000000000E+00    2.620787315475E-04    1.729247495247E-05   -1.988679899455E-04
   -4.693369691021E-04    8.920531677054E-05   -2.343775302576E-04   -2.965892555069E-04    2.369369734338E-04   -9.306005105757E-07   -2.620787315475E-04    0.000000000000E+00   -2.042234603617E-04   -2.531504842239E-05
    2.565547366845E-04   -5.779399937045E-05    1.556009868085E-04    2.284255253584E-04   -2.687486255180E-04   -2.190290626481E-04   -1.729247495247E-05    2.042234603617E-04    0.000000000000E+00   -1.663270439032E-04
   -1.339710845874E-04    3.345956431498E-05   -9.148751333289E-05   -1.453144767684E-04    2.012177485742E-04    2.380542682438E-04    1.988679899455E-04    2.531504842239E-05    1.663270439032E-04    0.000000000000E+00
   9.6183449135118479     
    0.000000000000E+00   -9.835921738721E-03    3.090546706011E-03   -9.345708470633E-04    1.537838110383E-03    1.232512333968E-03    8.077147935854E-04    4.770714488909E-04   -2.638270097657E-04    1.393315626302E-04
    9.835921738721E-03    0.000000000000E+00   -2.511987592369E-03   -1.026922518957E-03    2.528548489257E-04   -4.239851379020E-05   -1.037870434007E-04   -8.733433601206E-05    5.759778930138E-05   -3.382938776040E-05
   -3.090546706011E-03    2.511987592369E-03    0.000000000000E+00    1.780096805211E-03   -5.288469595491E-04    9.707241217116E-05    2.621844633133E-04    2.298971806594E-04   -1.552442285050E-04    9.256017082475E-05
    9.345708470633E-04    1.026922518957E-03   -1.780096805211E-03    0.000000000000E+00   -9.039856181005E-04   -1.757283925057E-04    2.168655496553E-04    2.881948289619E-04   -2.262586599896E-04    1.460413301373E-04
   -1.537838110383E-03   -2.528548489257E-04    5.288469595491E-04    9.039856181005E-04    0.000000000000E+00    5.315903603342E-04    5.582836587037E-05   -2.245598524114E-04    2.626373594583E-04   -2.000152971897E-04
   -1.232512333968E-03    4.239851379020E-05   -9.707241217116E-05    1.757283925057E-04   -5.315903603342E-04    0.000000000000E+00    3.557392867698E-04    1.016643124379E-05    2.089893237268E-04   -2.332135086194E-04
   -8.077147935854E-04    1.037870434007E-04   -2.621844633133E-04   -2.168655496553E-04   -5.582836587039E-05   -3.557392867698E-04    0.000000000000E+00    2.601871317347E-04    9.564352085146E-06   -1.903903187899E-04
   -4.770714488909E-04    8.733433601206E-05   -2.298971806594E-04   -2.881948289619E-04    2.245598524114E-04   -1.016643124379E-05   -2.601871317347E-04    0.000000000000E+00   -2.024154423479E-04   -1.866645394701E-05
    2.638270097657E-04   -5.759778930138E-05    1.552442285050E-04    2.262586599896E-04   -2.626373594583E-04   -2.089893237268E-04   -9.564352085146E-06    2.024154423479E-04    0.000000000000E+00   -1.646158387455E-04
   -1.393315626302E-04    3.382938776040E-05   -9.256017082475E-05   -1.460413301373E-04    2.000152971897E-04    2.332135086194E-04    1.903903187899E-04    1.866645394700E-05    1.646158387455E-04    0.000000000000E+00
   9.7285829123246703     
    0.000000000000E+00   -9.501909855464E-03    3.150101201000E-03   -8.507359099251E-04    1.494472298491E-03    1.219957274006E-03    8.103446020839E-04    4.844330266559E-04   -2.709816623505E-04    1.447093188020E-04
    9.501909855464E-03    0.000000000000E+00   -2.435373071406E-03   -1.012597846474E-03    2.620873098182E-04   -3.258705316046E-05   -9.842892582688E-05   -8.537281384622E-05    5.732391000954E-05   -3.415510260889E-05
   -3.150101201000E-03    2.435373071406E-03    0.000000000000E+00    1.762915810189E-03   -5.435412140221E-04    7.640258072305E-05    2.496933881730E-04    2.251880595598E-04   -1.546907198631E-04    9.352100697473E-05
    8.507359099251E-04    1.012597846474E-03   -1.762915810189E-03    0.000000000000E+00   -9.005727123570E-04   -1.897795602795E-04    2.009851594183E-04    2.796760360976E-04   -2.238734785777E-04    1.466100851032E-04
   -1.494472298491E-03   -2.620873098182E-04    5.435412140221E-04    9.005727123570E-04    0.000000000000E+00    5.295055911977E-04    6.675860974846E-05   -2.123868844426E-04    2.564113442638E-04   -1.986353061564E-04
   -1.219957274006E-03    3.258705316047E-05   -7.640258072307E-05    1.897795602794E-04   -5.295055911977E-04    0.000000000000E+00    3.537809211949E-04    1.896189435071E-05    1.991130321689E-04   -2.282741335204E-04
   -8.103446020839E-04    9.842892582688E-05   -2.496933881730E-04   -2.009851594183E-04   -6.675860974845E-05   -3.537809211949E-04    0.000000000000E+00    2.582950870395E-04    2.208325233202E-06   -1.820505396757E-04
   -4.844330266559E-04    8.537281384622E-05   -2.251880595598E-04   -2.796760360976E-04    2.123868844426E-04   -1.896189435070E-05   -2.582950870395E-04    0.000000000000E+00   -2.006096432868E-04   -1.234074417207E-05
    2.709816623505E-04   -5.732391000954E-05    1.546907198631E-04    2.238734785777E-04   -2.564113442637E-04   -1.991130321689E-04   -2.208325233210E-06    2.006096432868E-04    0.000000000000E+00   -1.629077501360E-04
   -1.447093188020E-04    3.415510260889E-05   -9.352100697473E-05   -1.466100851032E-04    1.986353061564E-04    2.282741335204E-04    1.820505396757E-04    1.234074417208E-05    1.629077501360E-04    0.000000000000E+00
   9.8394490478828640     
    0.000000000000E+00   -9.178843981078E-03    3.204049484862E-03   -7.688746990934E-04    1.450953236291E-03    1.206592561597E-03    8.122786006195E-04    4.914124471695E-04   -2.780060998503E-04    1.500949897238E-04
    9.178843981078E-03    0.000000000000E+00   -2.361079015315E-03   -9.976292493217E-04    2.704713747475E-04   -2.310289805072E-05   -9.308015945734E-05   -8.332760441651E-05    5.697427637677E-05   -3.443621220035E-05
   -3.204049484862E-03    2.361079015315E-03    0.000000000000E+00    1.745341903505E-03   -5.569992762133E-04    5.636248249643E-05    2.372008450526E-04    2.202649312515E-04   -1.539441042405E-04    9.436816537029E-05
    7.688746990934E-04    9.976292493217E-04   -1.745341903505E-03    0.000000000000E+00   -8.970188027780E-04   -2.030989314085E-04    1.854122705624E-04    2.710500855706E-04   -2.212779857500E-04    1.470209109346E-04
   -1.450953236291E-03   -2.704713747475E-04    5.569992762133E-04    8.970188027780E-04    0.000000000000E+00    5.273923451281E-04    7.716125782356E-05   -2.004263551201E-04    2.500832338909E-04   -1.970832422701E-04
   -1.206592561597E-03    2.310289805072E-05   -5.636248249642E-05    2.030989314086E-04   -5.273923451281E-04    0.000000000000E+00    3.518208561784E-04    2.733231682650E-05    1.894068329094E-04   -2.232464411103E-04
   -8.122786006195E-04    9.308015945734E-05   -2.372008450526E-04   -1.854122705624E-04   -7.716125782356E-05   -3.518208561784E-04    0.000000000000E+00    2.564082634786E-04   -4.788711528455E-06   -1.738543033722E-04
   -4.914124471695E-04    8.332760441651E-05   -2.202649312515E-04   -2.710500855706E-04    2.004263551201E-04   -2.733231682651E-05   -2.564082634786E-04    0.000000000000E+00   -1.988109955325E-04   -6.326489242871E-06
    2.780060998503E-04   -5.697427637678E-05    1.539441042405E-04    2.212779857500E-04   -2.500832338909E-04   -1.894068329094E-04    4.788711528463E-06    1.988109955325E-04    0.000000000000E+00   -1.612071387799E-04
   -1.500949897238E-04    3.443621220035E-05   -9.436816537029E-05   -1.470209109346E-04    1.970832422701E-04    2.232464411103E-04    1.738543033722E-04    6.326489242871E-06    1.612071387799E-04    0.000000000000E+00
   9.9509433201864308     
    0.000000000000E+00   -8.866466467309E-03    3.252598043837E-03   -6.890009207502E-04    1.407343161790E-03    1.192459914541E-03    8.135265621381E-04    4.980016088456E-04   -2.848882164423E-04    1.554792079671E-04
    8.866466467309E-03    0.000000000000E+00   -2.289068292798E-03   -9.820990780216E-04    2.780386428924E-04   -1.395120264176E-05   -8.775215188216E-05   -8.120555935365E-05    5.655099643097E-05   -3.467238183043E-05
   -3.252598043837E-03    2.289068292798E-03    0.000000000000E+00    1.727410211233E-03   -5.692643595469E-04    3.696209476806E-05    2.247311909071E-04    2.151427125243E-04   -1.530085358620E-04    9.510018556092E-05
    6.890009207502E-04    9.820990780216E-04   -1.727410211233E-03    0.000000000000E+00   -8.933332158726E-04   -2.157089904545E-04    1.701572189987E-04    2.623337732618E-04   -2.184804710827E-04    1.472743866155E-04
   -1.407343161790E-03   -2.780386428924E-04    5.692643595468E-04    8.933332158726E-04    0.000000000000E+00    5.252573420048E-04    8.705433870526E-05   -1.886856518383E-04    2.436653772922E-04   -1.953647937963E-04
   -1.192459914541E-03    1.395120264176E-05   -3.696209476806E-05    2.157089904545E-04   -5.252573420049E-04    0.000000000000E+00    3.498649303099E-04    3.529284648472E-05    1.798766235140E-04   -2.181404737154E-04
   -8.135265621381E-04    8.775215188216E-05   -2.247311909071E-04   -1.701572189987E-04   -8.705433870526E-05   -3.498649303099E-04    0.000000000000E+00    2.545317064474E-04   -1.143971365305E-05   -1.658066201415E-04
   -4.980016088456E-04    8.120555935365E-05   -2.151427125243E-04   -2.623337732618E-04    1.886856518383E-04   -3.529284648471E-05   -2.545317064474E-04    0.000000000000E+00   -1.970238985066E-04   -6.123907170615E-07
    2.848882164423E-04   -5.655099643097E-05    1.530085358620E-04    2.184804710827E-04   -2.436653772922E-04   -1.798766235140E-04    1.143971365306E-05    1.970238985067E-04    0.000000000000E+00   -1.595178976006E-04
   -1.554792079672E-04    3.467238183043E-05   -9.510018556092E-05   -1.472743866155E-04    1.953647937963E-04    2.181404737154E-04    1.658066201415E-04    6.123907170615E-07    1.595178976006E-04    0.000000000000E+00
   10.063065729235369     
    0.000000000000E+00   -8.564513859216E-03    3.295951120294E-03   -6.111242997406E-04    1.363701238665E-03    1.177600920612E-03    8.140995339750E-04    5.041935539097E-04   -2.916164288294E-04    1.608526391361E-04
    8.564513859216E-03    0.000000000000E+00   -2.219300079822E-03   -9.660847179721E-04    2.848210470003E-04   -5.135799312935E-06   -8.245567906333E-05   -7.901349739010E-05    5.605635329388E-05   -3.486343470481E-05
   -3.295951120294E-03    2.219300079822E-03    0.000000000000E+00    1.709154390190E-03   -5.803797052739E-04    1.820927869143E-05    2.123077171126E-04    2.098364074929E-04   -1.518886450760E-04    9.571599904694E-05
    6.111242997406E-04    9.660847179721E-04   -1.709154390190E-03    0.000000000000E+00   -8.895244221146E-04   -2.276320375486E-04    1.552291740069E-04    2.535434514010E-04   -2.154894719660E-04    1.473714868448E-04
   -1.363701238665E-03   -2.848210470003E-04    5.803797052739E-04    8.895244221146E-04    0.000000000000E+00    5.231065117291E-04    9.645564137722E-05   -1.771712972825E-04    2.371697982272E-04   -1.934858441598E-04
   -1.177600920612E-03    5.135799312935E-06   -1.820927869143E-05    2.276320375486E-04   -5.231065117290E-04    0.000000000000E+00    3.479183248405E-04    4.285842813284E-05    1.705275838189E-04   -2.129660017293E-04
   -8.140995339751E-04    8.245567906333E-05   -2.123077171126E-04   -1.552291740069E-04   -9.645564137721E-05   -3.479183248404E-04    0.000000000000E+00    2.526699085412E-04   -1.775746394427E-05   -1.579118856844E-04
   -5.041935539097E-04    7.901349739010E-05   -2.098364074929E-04   -2.535434514010E-04    1.771712972825E-04   -4.285842813284E-05   -2.526699085412E-04    0.000000000000E+00   -1.952522736699E-04    4.812698076806E-06
    2.916164288294E-04   -5.605635329388E-05    1.518886450760E-04    2.154894719660E-04   -2.371697982272E-04   -1.705275838189E-04    1.775746394426E-05    1.952522736699E-04    0.000000000000E+00   -1.578434978512E-04
   -1.608526391361E-04    3.486343470481E-05   -9.571599904694E-05   -1.473714868448E-04    1.934858441598E-04    2.129660017293E-04    1.579118856844E-04   -4.812698076813E-06    1.578434978512E-04    0.000000000000E+00
   10.175816275029678     
    0.000000000000E+00   -8.272717664533E-03    3.334309986782E-03   -5.352510041516E-04    1.320083646092E-03    1.162056925258E-03    8.140097389920E-04    5.099824447696E-04   -2.981796987032E-04    1.662060124159E-04
    8.272717664533E-03    0.000000000000E+00   -2.151730106913E-03   -9.496586218007E-04    2.908506604092E-04    3.340706616574E-06   -7.720088736558E-05   -7.675817973883E-05    5.549278803908E-05   -3.500934713223E-05
   -3.334309986782E-03    2.151730106913E-03    0.000000000000E+00    1.690606459448E-03   -5.903883936560E-04    1.099013804149E-07    1.999526296459E-04    2.043610495475E-04   -1.505895028987E-04    9.621492238436E-05
    5.352510041516E-04    9.496586218007E-04   -1.690606459448E-03    0.000000000000E+00   -8.856000061187E-04   -2.388901072592E-04    1.406361978476E-04    2.446950078930E-04   -2.123137383291E-04    1.473135661523E-04
   -1.320083646092E-03   -2.908506604092E-04    5.903883936560E-04    8.856000061186E-04    0.000000000000E+00    5.209450005917E-04    1.053826597037E-04   -1.658889960216E-04    2.306081809680E-04   -1.914524464827E-04
   -1.162056925258E-03   -3.340706616576E-06   -1.099013804149E-07    2.388901072592E-04   -5.209450005918E-04    0.000000000000E+00    3.459855814235E-04    5.004376155999E-05    1.613642134815E-04   -2.077325115076E-04
   -8.140097389920E-04    7.720088736558E-05   -1.999526296459E-04   -1.406361978476E-04   -1.053826597037E-04   -3.459855814235E-04    0.000000000000E+00    2.508268320298E-04   -2.375453956016E-05   -1.501739122057E-04
   -5.099824447696E-04    7.675817973883E-05   -2.043610495475E-04   -2.446950078930E-04    1.658889960216E-04   -5.004376156000E-05   -2.508268320298E-04    0.000000000000E+00   -1.934995887029E-04    9.959745035270E-06
    2.981796987032E-04   -5.549278803908E-05    1.505895028987E-04    2.123137383291E-04   -2.306081809680E-04   -1.613642134815E-04    2.375453956017E-05    1.934995887029E-04    0.000000000000E+00   -1.561870133769E-04
   -1.662060124159E-04    3.500934713223E-05   -9.621492238436E-05   -1.473135661523E-04    1.914524464827E-04    2.077325115076E-04    1.501739122057E-04   -9.959745035262E-06    1.561870133769E-04    0.000000000000E+00
   10.289194957569361     
    0.000000000000E+00   -7.990806720294E-03    3.367873160354E-03   -4.613837756871E-04    1.276543598749E-03    1.145868916413E-03    8.132704838275E-04    5.153635456808E-04   -3.045675593084E-04    1.715301551269E-04
    7.990806720294E-03    0.000000000000E+00   -2.086311506853E-03   -9.328885539143E-04    2.961595948163E-04    1.147687323425E-05   -7.199728774330E-05   -7.444628386479E-05    5.486288185640E-05   -3.511024315404E-05
   -3.367873160354E-03    2.086311506853E-03    0.000000000000E+00    1.671797063923E-03   -5.993332984549E-04   -1.733208923117E-05    1.876870190688E-04    1.987316420483E-04   -1.491165848769E-04    9.659664945448E-05
    4.613837756871E-04    9.328885539143E-04   -1.671797063923E-03    0.000000000000E+00   -8.815668444531E-04   -2.495049603955E-04    1.263852817301E-04    2.358038415053E-04   -2.089621973969E-04    1.471023430008E-04
   -1.276543598749E-03   -2.961595948163E-04    5.993332984549E-04    8.815668444531E-04    0.000000000000E+00    5.187772872516E-04    1.138525786846E-04   -1.548436679724E-04    2.239918547368E-04   -1.892707988459E-04
   -1.145868916413E-03   -1.147687323424E-05    1.733208923117E-05    2.495049603955E-04   -5.187772872516E-04    0.000000000000E+00    3.440706831789E-04    5.686328566473E-05    1.523903617056E-04   -2.024491931926E-04
   -8.132704838275E-04    7.199728774330E-05   -1.876870190688E-04   -1.263852817301E-04   -1.138525786846E-04   -3.440706831789E-04    0.000000000000E+00    2.490059704578E-04   -2.944329644800E-05   -1.425959544874E-04
   -5.153635456808E-04    7.444628386479E-05   -1.987316420483E-04   -2.358038415054E-04    1.548436679724E-04   -5.686328566473E-05   -2.490059704578E-04    0.000000000000E+00   -1.917689067700E-04    1.483952459144E-05
    3.045675593084E-04   -5.486288185640E-05    1.491165848769E-04    2.089621973969E-04   -2.239918547368E-04   -1.523903617056E-04    2.944329644800E-05    1.917689067700E-04    0.000000000000E+00   -1.545511614918E-04
   -1.715301551269E-04    3.511024315404E-05   -9.659664945448E-05   -1.471023430008E-04    1.892707988459E-04    2.024491931926E-04    1.425959544874E-04   -1.483952459144E-05    1.545511614918E-04    0.000000000000E+00
   10.403201776854416     
    0.000000000000E+00   -7.718508091105E-03    3.396835961967E-03   -3.895222488912E-04    1.233131430635E-03    1.129077428295E-03    8.118960641237E-04    5.203331941730E-04   -3.107701329287E-04    1.768160218733E-04
    7.718508091105E-03    0.000000000000E+00   -2.022995139149E-03   -9.158376966357E-04    3.007798537986E-04    1.927233690657E-05   -6.685376150550E-05   -7.208438211707E-05    5.416933916119E-05   -3.516638860162E-05
   -3.396835961967E-03    2.022995139149E-03    0.000000000000E+00    1.652755414597E-03   -6.072569516066E-04   -3.411455249789E-05    1.755308488935E-04    1.929631054911E-04   -1.474757347997E-04    9.686124140940E-05
    3.895222488912E-04    9.158376966357E-04   -1.652755414597E-03    0.000000000000E+00   -8.774311210150E-04   -2.594980312092E-04    1.124823995538E-04    2.268848453082E-04   -2.054439203036E-04    1.467398825045E-04
   -1.233131430635E-03   -3.007798537986E-04    6.072569516066E-04    8.774311210151E-04    0.000000000000E+00    5.166072104084E-04    1.218822374471E-04   -1.440394913983E-04    2.173317829670E-04   -1.869472205183E-04
   -1.129077428295E-03   -1.927233690657E-05    3.411455249789E-05    2.594980312092E-04   -5.166072104084E-04    0.000000000000E+00    3.421770823853E-04    6.333114932449E-05    1.436092626854E-04   -1.971249318893E-04
   -8.118960641237E-04    6.685376150550E-05   -1.755308488935E-04   -1.124823995538E-04   -1.218822374471E-04   -3.421770823853E-04    0.000000000000E+00    2.472103755396E-04   -3.483584602937E-05   -1.351807396105E-04
   -5.203331941730E-04    7.208438211707E-05   -1.929631054912E-04   -2.268848453082E-04    1.440394913983E-04   -6.333114932449E-05   -2.472103755396E-04    0.000000000000E+00   -1.900629124559E-04    1.946259846922E-05
    3.107701329287E-04   -5.416933916119E-05    1.474757347997E-04    2.054439203036E-04   -2.173317829670E-04   -1.436092626854E-04    3.483584602937E-05    1.900629124559E-04    0.000000000000E+00   -1.529383275902E-04
   -1.768160218733E-04    3.516638860162E-05   -9.686124140940E-05   -1.467398825045E-04    1.869472205183E-04    1.971249318893E-04    1.351807396105E-04   -1.946259846922E-05    1.529383275902E-04    0.000000000000E+00
   10.517836732884843     
    0.000000000000E+00   -7.455548761789E-03    3.421390620824E-03   -3.196630893072E-04    1.189894635191E-03    1.111722444240E-03    8.099016736103E-04    5.248887740656E-04   -3.167781492904E-04    1.820547252777E-04
    7.455548761789E-03    0.000000000000E+00   -1.961730226966E-03   -8.985648750321E-04    3.047432422499E-04    2.672774625897E-05   -6.177856208620E-05   -6.967892004152E-05    5.341497044275E-05   -3.517818465740E-05
   -3.421390620824E-03    1.961730226966E-03    0.000000000000E+00    1.633509474525E-03   -6.142014941860E-04   -5.023707185882E-05    1.635029392448E-04    1.870702249558E-04   -1.456731280272E-04    9.700911557812E-05
    3.196630893072E-04    8.985648750321E-04   -1.633509474525E-03    0.000000000000E+00   -8.731984610307E-04   -2.688904192146E-04    9.893254682229E-05    2.179523881948E-04   -2.017680890530E-04    1.462285789158E-04
   -1.189894635191E-03   -3.047432422499E-04    6.142014941860E-04    8.731984610307E-04    0.000000000000E+00    5.144380597881E-04    1.294881186412E-04   -1.334799373555E-04    2.106385522403E-04   -1.844881289121E-04
   -1.111722444240E-03   -2.672774625897E-05    5.023707185882E-05    2.688904192146E-04   -5.144380597881E-04    0.000000000000E+00    3.403077653534E-04    6.946119927669E-05    1.350235658134E-04   -1.917682992044E-04
   -8.099016736103E-04    6.177856208620E-05   -1.635029392448E-04   -9.893254682229E-05   -1.294881186412E-04   -3.403077653534E-04    0.000000000000E+00    2.454427071385E-04   -3.994404344454E-05   -1.279304932611E-04
   -5.248887740656E-04    6.967892004152E-05   -1.870702249558E-04   -2.179523881948E-04    1.334799373555E-04   -6.946119927669E-05   -2.454427071385E-04    0.000000000000E+00   -1.883839521438E-04    2.383930464844E-05
    3.167781492904E-04   -5.341497044275E-05    1.456731280272E-04    2.017680890530E-04   -2.106385522403E-04   -1.350235658134E-04    3.994404344454E-05    1.883839521438E-04    0.000000000000E+00   -1.513505988748E-04
   -1.820547252777E-04    3.517818465740E-05   -9.700911557812E-05   -1.462285789158E-04    1.844881289121E-04    1.917682992044E-04    1.279304932611E-04   -2.383930464844E-05    1.513505988748E-04    0.000000000000E+00
   10.633099825660643     
    0.000000000000E+00   -7.201656103448E-03    3.441725771867E-03   -2.518003182199E-04    1.146877970740E-03    1.093843321313E-03    8.073033130758E-04    5.290286800740E-04   -3.225829555337E-04    1.872375612520E-04
    7.201656103448E-03    0.000000000000E+00   -1.902464535936E-03   -8.811246558441E-04    3.080812354070E-04    3.384467659959E-05   -5.677932770740E-05   -6.723619964901E-05    5.260267638994E-05   -3.514616109302E-05
   -3.441725771867E-03    1.902464535936E-03    0.000000000000E+00    1.614085845165E-03   -6.202085420067E-04   -6.570083622833E-05    1.516209687865E-04    1.810676047852E-04   -1.437152355277E-04    9.704103256733E-05
    2.518003182199E-04    8.811246558441E-04   -1.614085845165E-03    0.000000000000E+00   -8.688739109995E-04   -2.777028371667E-04    8.573979716541E-05    2.090203049141E-04   -1.979439659015E-04    1.455711372153E-04
   -1.146877970740E-03   -3.080812354070E-04    6.202085420067E-04    8.688739109995E-04    0.000000000000E+00    5.122725828103E-04    1.366863145668E-04   -1.231678135739E-04    2.039223661707E-04   -1.819000178447E-04
   -1.093843321313E-03   -3.384467659959E-05    6.570083622832E-05    2.777028371667E-04   -5.122725828103E-04    0.000000000000E+00    3.384652661753E-04    7.526695458058E-05    1.266353715274E-04   -1.863875481673E-04
   -8.073033130758E-04    5.677932770740E-05   -1.516209687865E-04   -8.573979716541E-05   -1.366863145668E-04   -3.384652661754E-04    0.000000000000E+00    2.437052499446E-04   -4.477946771859E-05   -1.208469696253E-04
   -5.290286800740E-04    6.723619964901E-05   -1.810676047852E-04   -2.090203049141E-04    1.231678135739E-04   -7.526695458058E-05   -2.437052499446E-04    0.000000000000E+00   -1.867340518588E-04    2.797974143159E-05
    3.225829555337E-04   -5.260267638994E-05    1.437152355277E-04    1.979439659015E-04   -2.039223661707E-04   -1.266353715274E-04    4.477946771858E-05    1.867340518587E-04    0.000000000000E+00   -1.497897822956E-04
   -1.872375612520E-04    3.514616109302E-05   -9.704103256732E-05   -1.455711372153E-04    1.819000178447E-04    1.863875481673E-04    1.208469696253E-04   -2.797974143159E-05    1.497897822956E-04    0.000000000000E+00
   10.748991055181813     
    0.000000000000E+00   -6.956559177305E-03    3.458026524888E-03   -1.859254452291E-04    1.104123515915E-03    1.075478711954E-03    8.041177036720E-04    5.327522848961E-04   -3.281765275390E-04    1.923560358808E-04
    6.956559177305E-03    0.000000000000E+00   -1.845144883514E-03   -8.635675666025E-04    3.108249047792E-04    4.062556503791E-05   -5.186308900016E-05   -6.476236205591E-05    5.173543181445E-05   -3.507096912004E-05
   -3.458026524888E-03    1.845144883514E-03    0.000000000000E+00    1.594509914024E-03   -6.253191419395E-04   -8.050855312485E-05    1.399014703633E-04    1.749696232810E-04   -1.416087878024E-04    9.695808257918E-05
    1.859254452291E-04    8.635675666024E-04   -1.594509914024E-03    0.000000000000E+00   -8.644620461578E-04   -2.859556056810E-04    7.290734257481E-05    2.001018834333E-04   -1.939808629923E-04    1.447705546301E-04
   -1.104123515915E-03   -3.108249047792E-04    6.253191419395E-04    8.644620461578E-04    0.000000000000E+00    5.101130589197E-04    1.434925204303E-04   -1.131052989492E-04    1.971930384450E-04   -1.791894364755E-04
   -1.075478711954E-03   -4.062556503791E-05    8.050855312485E-05    2.859556056810E-04   -5.101130589198E-04    0.000000000000E+00    3.366517197661E-04    8.076159823984E-05    1.184462613541E-04   -1.809906081625E-04
   -8.041177036720E-04    5.186308900016E-05   -1.399014703633E-04   -7.290734257481E-05   -1.434925204302E-04   -3.366517197661E-04    0.000000000000E+00    2.419999544726E-04   -4.935341355365E-05   -1.139314774335E-04
   -5.327522848961E-04    6.476236205591E-05   -1.749696232810E-04   -2.001018834333E-04    1.131052989492E-04   -8.076159823984E-05   -2.419999544726E-04    0.000000000000E+00   -1.851149507649E-04    3.189375979012E-05
    3.281765275390E-04   -5.173543181445E-05    1.416087878024E-04    1.939808629923E-04   -1.971930384450E-04   -1.184462613541E-04    4.935341355366E-05    1.851149507650E-04    0.000000000000E+00   -1.482574328538E-04
   -1.923560358808E-04    3.507096912004E-05   -9.695808257918E-05   -1.447705546301E-04    1.791894364755E-04    1.809906081625E-04    1.139314774335E-04   -3.189375979013E-05    1.482574328538E-04    0.000000000000E+00
   10.865510421448358     
    0.000000000000E+00   -6.719989715939E-03    3.470474458615E-03   -1.220276111250E-04    1.061670732645E-03    1.056666493127E-03    8.003622013310E-04    5.360599029115E-04   -3.335514773927E-04    1.974018900437E-04
    6.719989715939E-03    0.000000000000E+00   -1.789717541503E-03   -8.459402959719E-04    3.130048466092E-04    4.707364493650E-05   -4.703627956468E-05   -6.226337224895E-05    5.081627016707E-05   -3.495337394198E-05
   -3.470474458616E-03    1.789717541503E-03    0.000000000000E+00    1.574805958446E-03   -6.295737235898E-04   -9.466435872349E-05    1.283598323975E-04    1.687903909145E-04   -1.393607392149E-04    9.676167052813E-05
    1.220276111250E-04    8.459402959719E-04   -1.574805958446E-03    0.000000000000E+00   -8.599670549814E-04   -2.936686461136E-04    6.043753464983E-05    1.912098549605E-04   -1.898881132278E-04    1.438301016875E-04
   -1.061670732645E-03   -3.130048466093E-04    6.295737235898E-04    8.599670549815E-04    0.000000000000E+00    5.079613616190E-04    1.499220280483E-04   -1.032939780317E-04    1.904599876423E-04   -1.763629691338E-04
   -1.056666493127E-03   -4.707364493649E-05    9.466435872347E-05    2.936686461136E-04   -5.079613616189E-04    0.000000000000E+00    3.348689072887E-04    8.595796990228E-05    1.104573277622E-04   -1.755850813150E-04
   -8.003622013310E-04    4.703627956468E-05   -1.283598323975E-04   -6.043753464983E-05   -1.499220280483E-04   -3.348689072887E-04    0.000000000000E+00    2.403284727649E-04   -5.367688431872E-05   -1.071849057698E-04
   -5.360599029115E-04    6.226337224895E-05   -1.687903909145E-04   -1.912098549605E-04    1.032939780317E-04   -8.595796990228E-05   -2.403284727648E-04    0.000000000000E+00   -1.835281306164E-04    3.559095691336E-05
    3.335514773927E-04   -5.081627016707E-05    1.393607392149E-04    1.898881132278E-04   -1.904599876423E-04   -1.104573277622E-04    5.367688431870E-05    1.835281306164E-04    0.000000000000E+00   -1.467548786450E-04
   -1.974018900437E-04    3.495337394198E-05   -9.676167052813E-05   -1.438301016875E-04    1.763629691338E-04    1.755850813150E-04    1.071849057698E-04   -3.559095691336E-05    1.467548786450E-04    0.000000000000E+00
   10.982657924460273     
    0.000000000000E+00   -6.491682296731E-03    3.479247172140E-03   -6.009387707003E-05    1.019556583636E-03    1.037443716968E-03    7.960547144196E-04    5.389527486824E-04   -3.387010542546E-04    2.023671192589E-04
    6.491682296731E-03    0.000000000000E+00   -1.736128318257E-03   -8.282858029045E-04    3.146510824326E-04    5.319286667355E-05   -4.230475492190E-05   -5.974500820058E-05    4.984826949783E-05   -3.479424726423E-05
   -3.479247172140E-03    1.736128318257E-03    0.000000000000E+00    1.554997027268E-03   -6.330119868496E-04   -1.081737010084E-04    1.170103155718E-04    1.625437156604E-04   -1.369782338735E-04    9.645350010110E-05
    6.009387707006E-05    8.282858029045E-04   -1.554997027268E-03    0.000000000000E+00   -8.553927049774E-04   -3.008614388291E-04    4.833193991174E-05    1.823563915098E-04   -1.856750438914E-04    1.427533030077E-04
   -1.019556583636E-03   -3.146510824326E-04    6.330119868496E-04    8.553927049773E-04    0.000000000000E+00    5.058189543734E-04    1.559897008246E-04   -9.373488307341E-05    1.837322364699E-04   -1.734272167146E-04
   -1.037443716968E-03   -5.319286667356E-05    1.081737010084E-04    3.008614388291E-04   -5.058189543734E-04    0.000000000000E+00    3.331182611574E-04    9.086854761073E-05    1.026692084888E-04   -1.701782418926E-04
   -7.960547144196E-04    4.230475492190E-05   -1.170103155718E-04   -4.833193991174E-05   -1.559897008246E-04   -3.331182611574E-04    0.000000000000E+00    2.386921675088E-04   -5.776057834634E-05   -1.006077526796E-04
   -5.389527486824E-04    5.974500820058E-05   -1.625437156604E-04   -1.823563915098E-04    9.373488307340E-05   -9.086854761073E-05   -2.386921675088E-04    0.000000000000E+00   -1.819748270563E-04    3.908066563480E-05
    3.387010542546E-04   -4.984826949783E-05    1.369782338735E-04    1.856750438914E-04   -1.837322364699E-04   -1.026692084888E-04    5.776057834636E-05    1.819748270562E-04    0.000000000000E+00   -1.452832331522E-04
   -2.023671192589E-04    3.479424726423E-05   -9.645350010110E-05   -1.427533030077E-04    1.734272167146E-04    1.701782418926E-04    1.006077526796E-04   -3.908066563480E-05    1.452832331523E-04    0.000000000000E+00
   11.100433564217560     
    0.000000000000E+00   -6.271375418284E-03    3.484518487029E-03   -1.092846500453E-07    9.778155808818E-04    1.017846550487E-03    7.912136241339E-04    5.414328986595E-04   -3.436191474856E-04    2.072439956555E-04
    6.271375418284E-03    0.000000000000E+00   -1.684323010790E-03   -8.106435545023E-04    3.157930208497E-04    5.898784291879E-05   -3.767380394648E-05   -5.721284831590E-05    4.883453800690E-05   -3.459455947821E-05
   -3.484518487029E-03    1.684323010790E-03    0.000000000000E+00    1.535105125291E-03   -6.356728940897E-04   -1.210432628433E-04    1.058660587618E-04    1.562430667835E-04   -1.344685713197E-04    9.603555732308E-05
    1.092846500158E-07    8.106435545023E-04   -1.535105125291E-03    0.000000000000E+00   -8.507424615289E-04   -3.075530363145E-04    3.659137419049E-05    1.735530984538E-04   -1.813509498718E-04    1.415439181333E-04
   -9.778155808818E-04   -3.157930208497E-04    6.356728940897E-04    8.507424615289E-04    0.000000000000E+00    5.036869696921E-04    1.617099808009E-04   -8.442852374545E-05    1.770184086855E-04   -1.703887784078E-04
   -1.017846550487E-03   -5.898784291879E-05    1.210432628433E-04    3.075530363145E-04   -5.036869696921E-04    0.000000000000E+00    3.314009196797E-04    9.550544992695E-05    9.508211308801E-05   -1.647770347238E-04
   -7.912136241339E-04    3.767380394649E-05   -1.058660587617E-04   -3.659137419049E-05   -1.617099808009E-04   -3.314009196798E-04    0.000000000000E+00    2.370921528092E-04   -6.161488895467E-05   -9.420014855860E-05
   -5.414328986595E-04    5.721284831590E-05   -1.562430667835E-04   -1.735530984538E-04    8.442852374545E-05   -9.550544992695E-05   -2.370921528092E-04    0.000000000000E+00   -1.804560616439E-04    4.237195342643E-05
    3.436191474856E-04   -4.883453800690E-05    1.344685713197E-04    1.813509498718E-04   -1.770184086855E-04   -9.508211308802E-05    6.161488895465E-05    1.804560616439E-04    0.000000000000E+00   -1.438434212377E-04
   -2.072439956555E-04    3.459455947821E-05   -9.603555732307E-05   -1.415439181333E-04    1.703887784078E-04    1.647770347238E-04    9.420014855860E-05   -4.237195342643E-05    1.438434212376E-04    0.000000000000E+00
   11.218837340720221     
    0.000000000000E+00   -6.058811768173E-03    3.486458203667E-03    5.794293820127E-05    9.364798861378E-04    9.979102354263E-04    7.858577083141E-04    5.435032482748E-04   -3.483002834948E-04    2.120250851502E-04
    6.058811768173E-03    0.000000000000E+00   -1.634247537589E-03   -7.930496699397E-04    3.164593901695E-04    6.446378053977E-05   -3.314816816894E-05   -5.467226302635E-05    4.777820108216E-05   -3.435537190010E-05
   -3.486458203667E-03    1.634247537589E-03    0.000000000000E+00    1.515151177190E-03   -6.375945983326E-04   -1.332808592342E-04    9.493909934374E-05    1.499015455436E-04   -1.318391739777E-04    9.551009330233E-05
   -5.794293820130E-05    7.930496699397E-04   -1.515151177190E-03    0.000000000000E+00   -8.460194903728E-04   -3.137620417878E-04    2.521595058557E-05    1.648110141876E-04   -1.769250695685E-04    1.402059222094E-04
   -9.364798861378E-04   -3.164593901695E-04    6.375945983326E-04    8.460194903728E-04    0.000000000000E+00    5.015662234394E-04    1.670968767568E-04   -7.537492411153E-05    1.703267300979E-04   -1.672542349123E-04
   -9.979102354264E-04   -6.446378053977E-05    1.332808592343E-04    3.137620417878E-04   -5.015662234394E-04    0.000000000000E+00    3.297177416090E-04    9.988042671622E-05    8.769585376536E-05   -1.593880763659E-04
   -7.858577083141E-04    3.314816816894E-05   -9.493909934374E-05   -2.521595058557E-05   -1.670968767568E-04   -3.297177416090E-04    0.000000000000E+00    2.355293083010E-04   -6.524989735266E-05   -8.796188220553E-05
   -5.435032482748E-04    5.467226302635E-05   -1.499015455436E-04   -1.648110141876E-04    7.537492411153E-05   -9.988042671622E-05   -2.355293083010E-04    0.000000000000E+00   -1.789726557185E-04    4.547361697588E-05
    3.483002834948E-04   -4.777820108216E-05    1.318391739777E-04    1.769250695685E-04   -1.703267300979E-04   -8.769585376536E-05    6.524989735265E-05    1.789726557185E-04    0.000000000000E+00   -1.424361926804E-04
   -2.120250851502E-04    3.435537190010E-05   -9.551009330233E-05   -1.402059222094E-04    1.672542349123E-04    1.593880763659E-04    8.796188220552E-05   -4.547361697588E-05    1.424361926805E-04    0.000000000000E+00
   11.337869253968254     
    0.000000000000E+00   -5.853738804551E-03    3.485232129130E-03    1.140812721320E-04    8.955793813099E-04    9.776690459518E-04    7.800060677864E-04    5.451674697993E-04   -3.527396221652E-04    2.167032644386E-04
    5.853738804551E-03    0.000000000000E+00   -1.585848205035E-03   -7.755371144181E-04    3.166782002654E-04    6.962642432569E-05   -2.873205833823E-05   -5.212840649081E-05    4.668238859059E-05   -3.407782889477E-05
   -3.485232129130E-03    1.585848205035E-03    0.000000000000E+00    1.495155115253E-03   -6.388144182868E-04   -1.448953530359E-04    8.424039039876E-05    1.435318569592E-04   -1.290975552150E-04    9.487960658292E-05
   -1.140812721320E-04    7.755371144181E-04   -1.495155115253E-03    0.000000000000E+00   -8.412267228944E-04   -3.195066125695E-04    1.420511756068E-05    1.561406084200E-04   -1.724065613630E-04    1.387434867562E-04
   -8.955793813099E-04   -3.166782002654E-04    6.388144182868E-04    8.412267228943E-04    0.000000000000E+00    4.994572641197E-04    1.721639675770E-04   -6.657365337301E-05    1.636650290558E-04   -1.640301323049E-04
   -9.776690459518E-04   -6.962642432569E-05    1.448953530359E-04    3.195066125694E-04   -4.994572641197E-04    0.000000000000E+00    3.280693420427E-04    1.040048599993E-04    8.050987210308E-05   -1.540176562670E-04
   -7.800060677864E-04    2.873205833823E-05   -8.424039039877E-05   -1.420511756067E-05   -1.721639675771E-04   -3.280693420427E-04    0.000000000000E+00    2.340043067943E-04   -6.867537246274E-05   -8.189242403326E-05
   -5.451674697993E-04    5.212840649081E-05   -1.435318569592E-04   -1.561406084200E-04    6.657365337301E-05   -1.040048599993E-04   -2.340043067943E-04    0.000000000000E+00   -1.775252527695E-04    4.839418160462E-05
    3.527396221652E-04   -4.668238859059E-05    1.290975552150E-04    1.724065613630E-04   -1.636650290558E-04   -8.050987210308E-05    6.867537246276E-05    1.775252527695E-04    0.000000000000E+00   -1.410621409045E-04
   -2.167032644385E-04    3.407782889477E-05   -9.487960658292E-05   -1.387434867562E-04    1.640301323049E-04    1.540176562670E-04    8.189242403326E-05   -4.839418160462E-05    1.410621409045E-04    0.000000000000E+00
   11.457529303961659     
    0.000000000000E+00   -5.655908789432E-03    3.481001774982E-03    1.683256836637E-04    8.551417843261E-04    9.571562663330E-04    7.736780579327E-04    5.464299674533E-04   -3.569329481968E-04    2.212717337151E-04
    5.655908789432E-03    0.000000000000E+00   -1.539071742844E-03   -7.581358225942E-04    3.164766833992E-04    7.448199093497E-05   -2.442917723797E-05   -4.958621192142E-05    4.555022365453E-05   -3.376315019690E-05
   -3.481001774982E-03    1.539071742844E-03    0.000000000000E+00    1.475135795580E-03   -6.393687623564E-04   -1.558965497991E-04    7.377983038300E-05    1.371462882136E-04   -1.262512895739E-04    9.414682516064E-05
   -1.683256836637E-04    7.581358225942E-04   -1.475135795580E-03    0.000000000000E+00   -8.363668243936E-04   -3.248044337815E-04    3.557708855947E-06    1.475517870883E-04   -1.678044830007E-04    1.371609607414E-04
   -8.551417843261E-04   -3.164766833992E-04    6.393687623563E-04    8.363668243936E-04    0.000000000000E+00    4.973603662511E-04    1.769243889007E-04   -5.802386301349E-05    1.570407408388E-04   -1.607229676454E-04
   -9.571562663330E-04   -7.448199093497E-05    1.558965497991E-04    3.248044337815E-04   -4.973603662511E-04    0.000000000000E+00    3.264560940301E-04    1.078897549823E-04    7.352326948373E-05   -1.486717405664E-04
   -7.736780579327E-04    2.442917723798E-05   -7.377983038300E-05   -3.557708855954E-06   -1.769243889007E-04   -3.264560940300E-04    0.000000000000E+00    2.325176199005E-04   -7.190076478134E-05   -7.599095149708E-05
   -5.464299674533E-04    4.958621192142E-05   -1.371462882136E-04   -1.475517870883E-04    5.802386301349E-05   -1.078897549823E-04   -2.325176199005E-04    0.000000000000E+00   -1.761143261030E-04    5.114189700193E-05
    3.569329481968E-04   -4.555022365453E-05    1.262512895739E-04    1.678044830007E-04   -1.570407408388E-04   -7.352326948373E-05    7.190076478134E-05    1.761143261030E-04    0.000000000000E+00   -1.397217114104E-04
   -2.212717337151E-04    3.376315019690E-05   -9.414682516064E-05   -1.371609607415E-04    1.607229676454E-04    1.486717405664E-04    7.599095149708E-05   -5.114189700194E-05    1.397217114104E-04    0.000000000000E+00
   11.577817490700435     
    0.000000000000E+00   -5.465079622588E-03    3.473924697698E-03    2.206976477594E-04    8.151926802010E-04    9.364041485478E-04    7.668932201175E-04    5.472958357350E-04   -3.608766652689E-04    2.257240318325E-04
    5.465079622588E-03    0.000000000000E+00   -1.493865691888E-03   -7.408729427636E-04    3.158812938327E-04    7.903712846364E-05   -2.024273338885E-05   -4.705038435953E-05    4.438481078420E-05   -3.341262293858E-05
   -3.473924697698E-03    1.493865691888E-03    0.000000000000E+00    1.455111227156E-03   -6.392931626823E-04   -1.662951379978E-04    6.356627804630E-05    1.307566837294E-04   -1.233079824592E-04    9.331468814788E-05
   -2.206976477594E-04    7.408729427636E-04   -1.455111227156E-03    0.000000000000E+00   -8.314423321247E-04   -3.296727526893E-04   -6.728031427389E-06    1.390538897795E-04   -1.631277695256E-04    1.354628514683E-04
   -8.151926802010E-04   -3.158812938327E-04    6.392931626823E-04    8.314423321247E-04    0.000000000000E+00    4.952756189988E-04    1.813908553908E-04   -4.972430910337E-05    1.504609079846E-04   -1.573391741403E-04
   -9.364041485478E-04   -7.903712846364E-05    1.662951379978E-04    3.296727526893E-04   -4.952756189988E-04    0.000000000000E+00    3.248781865094E-04    1.115457531151E-04    6.673482816532E-05   -1.433559736830E-04
   -7.668932201175E-04    2.024273338885E-05   -6.356627804630E-05    6.728031427389E-06   -1.813908553908E-04   -3.248781865094E-04    0.000000000000E+00    2.310695584601E-04   -7.493521459361E-05   -7.025636829040E-05
   -5.472958357350E-04    4.705038435953E-05   -1.307566837294E-04   -1.390538897795E-04    4.972430910337E-05   -1.115457531151E-04   -2.310695584601E-04    0.000000000000E+00   -1.747402090849E-04    5.372474286202E-05
    3.608766652689E-04   -4.438481078420E-05    1.233079824592E-04    1.631277695256E-04   -1.504609079846E-04   -6.673482816533E-05    7.493521459361E-05    1.747402090849E-04    0.000000000000E+00   -1.384152257751E-04
   -2.257240318325E-04    3.341262293858E-05   -9.331468814788E-05   -1.354628514683E-04    1.573391741403E-04    1.433559736830E-04    7.025636829040E-05   -5.372474286201E-05    1.384152257751E-04    0.000000000000E+00
   11.698733814184584     
    0.000000000000E+00   -5.281014551877E-03    3.464154069384E-03    2.712198859321E-04    7.757556558318E-04    9.154439070857E-04    7.596712210174E-04    5.477708130900E-04   -3.645677821440E-04    2.300540443611E-04
    5.281014551877E-03    0.000000000000E+00   -1.450178307698E-03   -7.237729241694E-04    3.149176497081E-04    8.329885057184E-05   -1.617546745150E-05   -4.452539967262E-05    4.318922652672E-05   -3.302759424352E-05
   -3.464154069384E-03    1.450178307698E-03    0.000000000000E+00    1.435098413189E-03   -6.386221855643E-04   -1.761025793716E-04    5.360759124841E-05    1.243744312345E-04   -1.202752435439E-04    9.238632749901E-05
   -2.712198859321E-04    7.237729241694E-04   -1.435098413189E-03    0.000000000000E+00   -8.264555788132E-04   -3.341283431238E-04   -1.665439594726E-05    1.306556997946E-04   -1.583852161569E-04    1.336538062419E-04
   -7.757556558318E-04   -3.149176497081E-04    6.386221855643E-04    8.264555788132E-04    0.000000000000E+00    4.932028940461E-04    1.855756433945E-04   -4.167339009867E-05    1.439321878065E-04   -1.538851090201E-04
   -9.154439070857E-04   -8.329885057184E-05    1.761025793716E-04    3.341283431238E-04   -4.932028940460E-04    0.000000000000E+00    3.233356101485E-04    1.149831215034E-04    6.014304157337E-05   -1.380756844578E-04
   -7.596712210174E-04    1.617546745150E-05   -5.360759124841E-05    1.665439594726E-05   -1.855756433945E-04   -3.233356101485E-04    0.000000000000E+00    2.296602674017E-04   -7.778754527885E-05   -6.468732933805E-05
   -5.477708130900E-04    4.452539967262E-05   -1.243744312345E-04   -1.306556997946E-04    4.167339009867E-05   -1.149831215034E-04   -2.296602674017E-04    0.000000000000E+00   -1.734030948883E-04    5.615042460980E-05
    3.645677821440E-04   -4.318922652672E-05    1.202752435439E-04    1.583852161569E-04   -1.439321878065E-04   -6.014304157336E-05    7.778754527885E-05    1.734030948883E-04    0.000000000000E+00   -1.371428839614E-04
   -2.300540443611E-04    3.302759424352E-05   -9.238632749901E-05   -1.336538062419E-04    1.538851090201E-04    1.380756844578E-04    6.468732933805E-05   -5.615042460980E-05    1.371428839614E-04    0.000000000000E+00
   11.820278274414106     
    0.000000000000E+00   -5.103482626617E-03    3.451838839077E-03    3.199163286547E-04    7.368523569188E-04    8.943056953999E-04    7.520317922227E-04    5.478612388679E-04   -3.680039014101E-04    2.342560137185E-04
    5.103482626617E-03    0.000000000000E+00   -1.407958788626E-03   -7.068577134845E-04    3.136105281733E-04    8.727449423509E-05   -1.222967004008E-05   -4.201550114185E-05    4.196650957665E-05   -3.260946362214E-05
   -3.451838839077E-03    1.407958788626E-03    0.000000000000E+00    1.415113477889E-03   -6.373894417314E-04   -1.853310409989E-04    4.391065202008E-05    1.180104448428E-04   -1.171606599046E-04    9.136504960364E-05
   -3.199163286547E-04    7.068577134845E-04   -1.415113477889E-03    0.000000000000E+00   -8.214087695920E-04   -3.381875242740E-04   -2.622418378514E-05    1.223654473712E-04   -1.535854599660E-04    1.317385940183E-04
   -7.368523569188E-04   -3.136105281733E-04    6.373894417314E-04    8.214087695920E-04    0.000000000000E+00    4.911418987131E-04    1.894906052759E-04   -3.386917117812E-05    1.374608561936E-04   -1.503670411071E-04
   -8.943056953999E-04   -8.727449423509E-05    1.853310409989E-04    3.381875242740E-04   -4.911418987131E-04    0.000000000000E+00    3.218281935543E-04    1.182117619334E-04    5.374613605383E-05   -1.328358902611E-04
   -7.520317922227E-04    1.222967004008E-05   -4.391065202008E-05    2.622418378515E-05   -1.894906052759E-04   -3.218281935543E-04    0.000000000000E+00    2.282897520286E-04   -8.046626947687E-05   -5.928226004606E-05
   -5.478612388679E-04    4.201550114185E-05   -1.180104448428E-04   -1.223654473712E-04    3.386917117812E-05   -1.182117619334E-04   -2.282897520286E-04    0.000000000000E+00   -1.721030568885E-04    5.842637803606E-05
    3.680039014101E-04   -4.196650957665E-05    1.171606599046E-04    1.535854599660E-04   -1.374608561936E-04   -5.374613605384E-05    8.046626947687E-05    1.721030568884E-04    0.000000000000E+00   -1.359047809318E-04
   -2.342560137185E-04    3.260946362214E-05   -9.136504960364E-05   -1.317385940183E-04    1.503670411071E-04    1.328358902611E-04    5.928226004606E-05   -5.842637803606E-05    1.359047809318E-04    0.000000000000E+00
   11.942450871388997     
    0.000000000000E+00   -4.932258764539E-03    3.437123654622E-03    3.668119914775E-04    6.985025769077E-04    8.730185971586E-04    7.439946748132E-04    5.475740091324E-04   -3.711832046766E-04    2.383245458945E-04
    4.932258764539E-03    0.000000000000E+00   -1.367157338536E-03   -6.901468978078E-04    3.119838454289E-04    9.097167122417E-05   -8.407203695922E-06   -3.952469877304E-05    4.071965221750E-05   -3.215967569752E-05
   -3.437123654622E-03    1.367157338536E-03    0.000000000000E+00    1.395171669640E-03   -6.356275602926E-04   -1.939933137168E-04    3.448140028187E-05    1.116751534751E-04   -1.139717714087E-04    9.025431703957E-05
   -3.668119914775E-04    6.901468978078E-04   -1.395171669640E-03    0.000000000000E+00   -8.163039897867E-04   -3.418661583260E-04   -3.544066222046E-05    1.141908176997E-04   -1.487369640495E-04    1.297220876015E-04
   -6.985025769077E-04   -3.119838454289E-04    6.356275602927E-04    8.163039897866E-04    0.000000000000E+00    4.890921900690E-04    1.931471720481E-04   -2.630941262540E-05    1.310528141515E-04   -1.467911398520E-04
   -8.730185971586E-04   -9.097167122417E-05    1.939933137168E-04    3.418661583260E-04   -4.890921900690E-04    0.000000000000E+00    3.203556159019E-04    1.212412130594E-04    4.754209483045E-05   -1.276413029170E-04
   -7.439946748132E-04    8.407203695923E-06   -3.448140028187E-05    3.544066222045E-05   -1.931471720481E-04   -3.203556159019E-04    0.000000000000E+00    2.269578890334E-04   -8.297959102277E-05   -5.403937679545E-05
   -5.475740091324E-04    3.952469877304E-05   -1.116751534751E-04   -1.141908176997E-04    2.630941262541E-05   -1.212412130594E-04   -2.269578890334E-04    0.000000000000E+00   -1.708400586144E-04    6.055977121600E-05
    3.711832046766E-04   -4.071965221750E-05    1.139717714087E-04    1.487369640495E-04   -1.310528141515E-04   -4.754209483044E-05    8.297959102276E-05    1.708400586145E-04    0.000000000000E+00   -1.347009157662E-04
   -2.383245458945E-04    3.215967569752E-05   -9.025431703957E-05   -1.297220876015E-04    1.467911398520E-04    1.276413029170E-04    5.403937679546E-05   -6.055977121600E-05    1.347009157663E-04    0.000000000000E+00
   12.065251605109264     
    0.000000000000E+00   -4.767123880390E-03    3.420148871928E-03    4.119328873269E-04    6.607243337945E-04    8.516106184498E-04    7.355795668400E-04    5.469165332162E-04   -3.741044368263E-04    2.422546159789E-04
    4.767123880390E-03    0.000000000000E+00   -1.327725258685E-03   -6.736578576388E-04    3.100606479730E-04    9.439822510032E-05   -4.709523753462E-06   -3.705676913554E-05    3.945159231216E-05   -3.167971307582E-05
   -3.420148871928E-03    1.327725258685E-03    0.000000000000E+00    1.375287401613E-03   -6.333681795844E-04   -2.021027389097E-04    2.532486691222E-05    1.053784910832E-04   -1.107160473583E-04    8.905773047413E-05
   -4.119328873270E-04    6.736578576388E-04   -1.375287401613E-03    0.000000000000E+00   -8.111432311921E-04   -3.451796563433E-04   -4.430753264701E-05    1.061389589519E-04   -1.438480026745E-04    1.276092462170E-04
   -6.607243337944E-04   -3.100606479730E-04    6.333681795844E-04    8.111432311921E-04    0.000000000000E+00    4.870531988022E-04    1.965563611010E-04   -1.899159534110E-05    1.247135943988E-04   -1.431634650915E-04
   -8.516106184498E-04   -9.439822510032E-05    2.021027389097E-04    3.451796563433E-04   -4.870531988022E-04    0.000000000000E+00    3.189174250744E-04    1.240806559805E-04    4.152867991311E-05   -1.224963348222E-04
   -7.355795668400E-04    4.709523753462E-06   -2.532486691222E-05    4.430753264701E-05   -1.965563611010E-04   -3.189174250744E-04    0.000000000000E+00    2.256644407956E-04   -8.533540926299E-05   -4.895670590446E-05
   -5.469165332162E-04    3.705676913554E-05   -1.053784910832E-04   -1.061389589519E-04    1.899159534108E-05   -1.240806559805E-04   -2.256644407956E-04    0.000000000000E+00   -1.696139656622E-04    6.255750817993E-05
    3.741044368263E-04   -3.945159231216E-05    1.107160473583E-04    1.438480026745E-04   -1.247135943988E-04   -4.152867991311E-05    8.533540926299E-05    1.696139656622E-04    0.000000000000E+00   -1.335312019818E-04
   -2.422546159789E-04    3.167971307582E-05   -8.905773047413E-05   -1.276092462170E-04    1.431634650915E-04    1.224963348222E-04    4.895670590446E-05   -6.255750817993E-05    1.335312019818E-04    0.000000000000E+00
   12.188680475574902     
    0.000000000000E+00   -4.607865013351E-03    3.401050607667E-03    4.553059602087E-04    6.235339389801E-04    8.301086814005E-04    7.268060734033E-04    5.458966907039E-04   -3.767668890806E-04    2.460415722725E-04
    4.607865013351E-03    0.000000000000E+00   -1.289615042528E-03   -6.574059206945E-04    3.078631109829E-04    9.756219216318E-05   -1.137698597706E-06   -3.461525587033E-05    3.816520589938E-05   -3.117108939972E-05
   -3.401050607667E-03    1.289615042528E-03    0.000000000000E+00    1.355474309221E-03   -6.306419480097E-04   -2.096731412444E-04    1.644520681970E-05    9.912988882424E-05   -1.074008644562E-04    8.777901077555E-05
   -4.553059602086E-04    6.574059206946E-04   -1.355474309221E-03    0.000000000000E+00   -8.059284267107E-04   -3.481429890109E-04   -5.282889947679E-05    9.821649058780E-05   -1.389266474369E-04    1.254050984784E-04
   -6.235339389801E-04   -3.078631109829E-04    6.306419480097E-04    8.059284267106E-04    0.000000000000E+00    4.850242577880E-04    1.997287872137E-04   -1.191294408418E-05    1.184483681181E-04   -1.394899575199E-04
   -8.301086814005E-04   -9.756219216318E-05    2.096731412444E-04    3.481429890109E-04   -4.850242577880E-04    0.000000000000E+00    3.175130587194E-04    1.267389222187E-04    3.570345225670E-05   -1.174051052627E-04
   -7.268060734033E-04    1.137698597705E-06   -1.644520681970E-05    5.282889947678E-05   -1.997287872137E-04   -3.175130587193E-04    0.000000000000E+00    2.244090714722E-04   -8.754132515156E-05   -4.403210123220E-05
   -5.458966907039E-04    3.461525587033E-05   -9.912988882424E-05   -9.821649058781E-05    1.191294408419E-05   -1.267389222187E-04   -2.244090714722E-04    0.000000000000E+00   -1.684245587375E-04    6.442623393742E-05
    3.767668890806E-04   -3.816520589938E-05    1.074008644562E-04    1.389266474369E-04   -1.184483681181E-04   -3.570345225669E-05    8.754132515156E-05    1.684245587375E-04    0.000000000000E+00   -1.323954784319E-04
   -2.460415722725E-04    3.117108939972E-05   -8.777901077555E-05   -1.254050984784E-04    1.394899575198E-04    1.174051052627E-04    4.403210123220E-05   -6.442623393742E-05    1.323954784319E-04    0.000000000000E+00
   12.312737482785911     
    0.000000000000E+00   -4.454275060291E-03    3.379960484922E-03    4.969588928411E-04    5.869461157884E-04    8.085386400961E-04    7.176936652367E-04    5.445227889724E-04   -3.791703790637E-04    2.496811368058E-04
    4.454275060291E-03    0.000000000000E+00   -1.252780286304E-03   -6.414044520084E-04    3.054125155210E-04    1.004717532781E-04    2.307564719080E-06   -3.220347350539E-05    3.686330150453E-05   -3.063534300212E-05
   -3.379960484922E-03    1.252780286304E-03    0.000000000000E+00    1.335745149166E-03   -6.274784744476E-04   -2.167187413854E-04    7.845743398080E-06    9.293827398939E-05   -1.040334879496E-04    8.642198189299E-05
   -4.969588928412E-04    6.414044520084E-04   -1.335745149166E-03    0.000000000000E+00   -8.006613929909E-04   -3.507706668150E-04   -6.100922676596E-05    9.042951841355E-05   -1.339807569119E-04    1.231147264708E-04
   -5.869461157884E-04   -3.054125155210E-04    6.274784744476E-04    8.006613929909E-04    0.000000000000E+00    4.830045775662E-04    2.026746557732E-04   -5.070457584707E-06    1.122619556007E-04   -1.357764311554E-04
   -8.085386400961E-04   -1.004717532781E-04    2.167187413854E-04    3.507706668150E-04   -4.830045775662E-04    0.000000000000E+00    3.161418324332E-04    1.292244906600E-04    3.006379602183E-05   -1.123714492496E-04
   -7.176936652367E-04   -2.307564719080E-06   -7.845743398080E-06    6.100922676598E-05   -2.026746557732E-04   -3.161418324332E-04    0.000000000000E+00    2.231913413242E-04   -8.960464009687E-05   -3.926326433922E-05
   -5.445227889724E-04    3.220347350539E-05   -9.293827398939E-05   -9.042951841355E-05    5.070457584711E-06   -1.292244906599E-04   -2.231913413243E-04    0.000000000000E+00   -1.672715315440E-04    6.617233458332E-05
    3.791703790637E-04   -3.686330150453E-05    1.040334879496E-04    1.339807569119E-04   -1.122619556007E-04   -3.006379602183E-05    8.960464009687E-05    1.672715315440E-04    0.000000000000E+00   -1.312935094738E-04
   -2.496811368058E-04    3.063534300212E-05   -8.642198189299E-05   -1.231147264709E-04    1.357764311554E-04    1.123714492496E-04    3.926326433921E-05   -6.617233458332E-05    1.312935094737E-04    0.000000000000E+00
   12.437422626742293     
    0.000000000000E+00   -4.306153197376E-03    3.357006002254E-03    5.369201734969E-04    5.509740176650E-04    7.869252647448E-04    7.082616314504E-04    5.428035222646E-04   -3.813152335323E-04    2.531694083156E-04
    4.306153197376E-03    0.000000000000E+00   -1.217175923681E-03   -6.256650525241E-04    3.027292785826E-04    1.031352109726E-04    5.625905520893E-06   -2.982450742961E-05    3.554861325306E-05   -3.007403017699E-05
   -3.357006002254E-03    1.217175923681E-03    0.000000000000E+00    1.316112004815E-03   -6.239063868135E-04   -2.232541169164E-04   -4.710060279692E-07    8.681206289335E-05   -1.006210513135E-04    8.499055341258E-05
   -5.369201734969E-04    6.256650525241E-04   -1.316112004815E-03    0.000000000000E+00   -7.953439455783E-04   -3.530767816979E-04   -6.885332210251E-05    8.278363948440E-05   -1.290179634444E-04    1.207432493187E-04
   -5.509740176650E-04   -3.027292785826E-04    6.239063868135E-04    7.953439455783E-04    0.000000000000E+00    4.809933197970E-04    2.054037923404E-04    1.539077912040E-06    1.061588310220E-04   -1.320285644909E-04
   -7.869252647448E-04   -1.031352109726E-04    2.232541169165E-04    3.530767816979E-04   -4.809933197969E-04    0.000000000000E+00    3.148029875756E-04    1.315455074775E-04    2.460693210085E-05   -1.073989228161E-04
   -7.082616314504E-04   -5.625905520893E-06    4.710060279692E-07    6.885332210250E-05   -2.054037923404E-04   -3.148029875756E-04    0.000000000000E+00    2.220107397184E-04   -9.153237017992E-05   -3.464775732376E-05
   -5.428035222646E-04    2.982450742961E-05   -8.681206289335E-05   -8.278363948440E-05   -1.539077912040E-06   -1.315455074775E-04   -2.220107397184E-04    0.000000000000E+00   -1.661545149738E-04    6.780194809343E-05
    3.813152335323E-04   -3.554861325306E-05    1.006210513135E-04    1.290179634444E-04   -1.061588310220E-04   -2.460693210084E-05    9.153237017992E-05    1.661545149737E-04    0.000000000000E+00   -1.302250034425E-04
   -2.531694083156E-04    3.007403017699E-05   -8.499055341258E-05   -1.207432493187E-04    1.320285644909E-04    1.073989228161E-04    3.464775732376E-05   -6.780194809343E-05    1.302250034425E-04    0.000000000000E+00
   12.562735907444049     
    0.000000000000E+00   -4.163304514377E-03    3.332310253710E-03    5.752188957139E-04    5.156293498633E-04    7.652922665253E-04    6.985290454524E-04    5.407479310581E-04   -3.832022663208E-04    2.565028595973E-04
    4.163304514377E-03    0.000000000000E+00   -1.182758091699E-03   -6.101976303726E-04    2.998329339286E-04    1.055609447272E-04    8.817283607018E-06   -2.748121955144E-05    3.422379668729E-05   -2.948871944070E-05
   -3.332310253710E-03    1.182758091699E-03    0.000000000000E+00    1.296586163225E-03   -6.199532816794E-04   -2.292941185742E-04   -8.503282983649E-06    8.075916474386E-05   -9.717054074348E-05    8.348870442753E-05
   -5.752188957139E-04    6.101976303726E-04   -1.296586163225E-03    0.000000000000E+00   -7.899778260891E-04   -3.550749845486E-04   -7.636629402750E-05    7.528395954478E-05   -1.240456655951E-04    1.182958085246E-04
   -5.156293498634E-04   -2.998329339286E-04    6.199532816794E-04    7.899778260891E-04    0.000000000000E+00    4.789895633595E-04    2.079256347643E-04    7.919059871966E-06    1.001431344044E-04   -1.282518947450E-04
   -7.652922665253E-04   -1.055609447272E-04    2.292941185742E-04    3.550749845486E-04   -4.789895633595E-04    0.000000000000E+00    3.134956735899E-04    1.337097828313E-04    1.932994096157E-05   -1.024908128106E-04
   -6.985290454524E-04   -8.817283607017E-06    8.503282983649E-06    7.636629402751E-05   -2.079256347643E-04   -3.134956735899E-04    0.000000000000E+00    2.208666753969E-04   -9.333124506379E-05   -3.018302167292E-05
   -5.407479310581E-04    2.748121955144E-05   -8.075916474385E-05   -7.528395954478E-05   -7.919059871966E-06   -1.337097828313E-04   -2.208666753969E-04    0.000000000000E+00   -1.650730719147E-04    6.932096461340E-05
    3.832022663208E-04   -3.422379668729E-05    9.717054074348E-05    1.240456655951E-04   -1.001431344044E-04   -1.932994096158E-05    9.333124506380E-05    1.650730719147E-04    0.000000000000E+00   -1.291896103106E-04
   -2.565028595973E-04    2.948871944070E-05   -8.348870442752E-05   -1.182958085246E-04    1.282518947450E-04    1.024908128106E-04    3.018302167293E-05   -6.932096461340E-05    1.291896103106E-04    0.000000000000E+00
   12.688677324891179     
    0.000000000000E+00   -4.025540144088E-03    3.305992102773E-03    6.118847473030E-04    4.809224174471E-04    7.436622997406E-04    6.885147273971E-04    5.383653629800E-04   -3.848327581770E-04    2.596783363377E-04
    4.025540144088E-03    0.000000000000E+00   -1.149484230017E-03   -5.950105489115E-04    2.967421514194E-04    1.077573850853E-04    1.188196127204E-05   -2.517625123056E-05    3.289142384261E-05   -2.888098560291E-05
   -3.305992102773E-03    1.149484230017E-03    0.000000000000E+00    1.277178213698E-03   -6.156457525326E-04   -2.348538222494E-04   -1.625005458243E-05    7.478698145092E-05   -9.368877896021E-05    8.192046737849E-05
   -6.118847473029E-04    5.950105489115E-04   -1.277178213698E-03    0.000000000000E+00   -7.845647535529E-04   -3.567785068912E-04   -8.355352939841E-05    6.793510321384E-05   -1.190710187789E-04    1.157775531244E-04
   -4.809224174471E-04   -2.967421514194E-04    6.156457525326E-04    7.845647535529E-04    0.000000000000E+00    4.769923403274E-04    2.102492512275E-04    1.407305283442E-05    9.421867936967E-05   -1.244518113263E-04
   -7.436622997407E-04   -1.077573850853E-04    2.348538222494E-04    3.567785068912E-04   -4.769923403275E-04    0.000000000000E+00    3.122189724897E-04    1.357248038787E-04    1.422977757816E-05   -9.765014415482E-05
   -6.885147273971E-04   -1.188196127204E-05    1.625005458243E-05    8.355352939840E-05   -2.102492512275E-04   -3.122189724897E-04    0.000000000000E+00    2.197584940216E-04   -9.500771784770E-05   -2.586639165400E-05
   -5.383653629800E-04    2.517625123056E-05   -7.478698145092E-05   -6.793510321384E-05   -1.407305283441E-05   -1.357248038787E-04   -2.197584940216E-04    0.000000000000E+00   -1.640267107269E-04    7.073503441443E-05
    3.848327581770E-04   -3.289142384261E-05    9.368877896021E-05    1.190710187789E-04   -9.421867936966E-05   -1.422977757815E-05    9.500771784770E-05    1.640267107269E-04    0.000000000000E+00   -1.281869324670E-04
   -2.596783363377E-04    2.888098560291E-05   -8.192046737849E-05   -1.157775531244E-04    1.244518113263E-04    9.765014415482E-05    2.586639165399E-05   -7.073503441443E-05    1.281869324670E-04    0.000000000000E+00
   12.815246879083672     
    0.000000000000E+00   -3.892677242283E-03    3.278166258458E-03    6.469479633047E-04    4.468621852621E-04    7.220569707656E-04    6.782372105044E-04    5.356654345102E-04   -3.862084353546E-04    2.626930540875E-04
    3.892677242283E-03    0.000000000000E+00   -1.117313113714E-03   -5.801107499000E-04    2.934747509262E-04    1.097329864761E-04    1.482048410760E-05   -2.291202747955E-05    3.155397922082E-05   -2.825240423350E-05
   -3.278166258458E-03    1.117313113714E-03    0.000000000000E+00    1.257898096872E-03   -6.110094045294E-04   -2.399484776954E-04   -2.371097729241E-05    6.890241036701E-05   -9.018241090359E-05    8.028991255512E-05
   -6.469479633047E-04    5.801107499000E-04   -1.257898096872E-03    0.000000000000E+00   -7.791064490774E-04   -3.582001746539E-04   -9.042066858402E-05    6.074122614349E-05   -1.141009275222E-04    1.131936255590E-04
   -4.468621852621E-04   -2.934747509263E-04    6.110094045294E-04    7.791064490774E-04    0.000000000000E+00    4.750006577734E-04    2.123833541367E-04    2.000477100738E-05    8.838896191062E-05   -1.206335502182E-04
   -7.220569707656E-04   -1.097329864761E-04    2.399484776954E-04    3.582001746539E-04   -4.750006577734E-04    0.000000000000E+00    3.109719149247E-04    1.375977453687E-04    9.303286573203E-06   -9.287968773734E-05
   -6.782372105044E-04   -1.482048410759E-05    2.371097729241E-05    9.042066858402E-05   -2.123833541367E-04   -3.109719149248E-04    0.000000000000E+00    2.186854898826E-04   -9.656797325109E-05   -2.169510770582E-05
   -5.356654345102E-04    2.291202747955E-05   -6.890241036701E-05   -6.074122614349E-05   -2.000477100739E-05   -1.375977453687E-04   -2.186854898825E-04    0.000000000000E+00   -1.630148942114E-04    7.204957463052E-05
    3.862084353546E-04   -3.155397922082E-05    9.018241090359E-05    1.141009275222E-04   -8.838896191063E-05   -9.303286573203E-06    9.656797325108E-05    1.630148942114E-04    0.000000000000E+00   -1.272165320533E-04
   -2.626930540875E-04    2.825240423350E-05   -8.028991255512E-05   -1.131936255590E-04    1.206335502182E-04    9.287968773734E-05    2.169510770583E-05   -7.204957463052E-05    1.272165320533E-04    0.000000000000E+00
   12.942444570021546     
    0.000000000000E+00   -3.764538714701E-03    3.248943127722E-03    6.804391785674E-04    4.134563794990E-04    7.004968665851E-04    6.677147160040E-04    5.326579946150E-04   -3.873314466215E-04    2.655445925469E-04
    3.764538714701E-03    0.000000000000E+00   -1.086204758229E-03   -5.655038288210E-04    2.900476997871E-04    1.114961932566E-04    1.763365793115E-05   -2.069076367234E-05    3.021385722293E-05   -2.760454677622E-05
   -3.248943127722E-03    1.086204758229E-03    0.000000000000E+00    1.238755032524E-03   -6.060688289503E-04   -2.445934415011E-04   -3.088635192143E-05    6.311185259325E-05   -8.665789246963E-05    7.860113374118E-05
   -6.804391785674E-04    5.655038288210E-04   -1.238755032524E-03    0.000000000000E+00   -7.736045855083E-04   -3.593523958486E-04   -9.697357017260E-05    5.370603291830E-05   -1.091420409731E-04    1.105491489303E-04
   -4.134563794990E-04   -2.900476997871E-04    6.060688289503E-04    7.736045855083E-04    0.000000000000E+00    4.730134744032E-04    2.143362981837E-04    2.571805479573E-05    8.265717253529E-05   -1.168021902980E-04
   -7.004968665851E-04   -1.114961932566E-04    2.445934415011E-04    3.593523958486E-04   -4.730134744032E-04    0.000000000000E+00    3.097534681905E-04    1.393354704191E-04    4.547220931267E-06   -8.818197046190E-05
   -6.677147160040E-04   -1.763365793115E-05    3.088635192143E-05    9.697357017259E-05   -2.143362981837E-04   -3.097534681905E-04    0.000000000000E+00    2.176468995952E-04   -9.801792951889E-05   -1.766633199088E-05
   -5.326579946150E-04    2.069076367234E-05   -6.311185259325E-05   -5.370603291829E-05   -2.571805479573E-05   -1.393354704191E-04   -2.176468995952E-04    0.000000000000E+00   -1.620370366098E-04    7.326977181299E-05
    3.873314466215E-04   -3.021385722293E-05    8.665789246963E-05    1.091420409731E-04   -8.265717253529E-05   -4.547220931270E-06    9.801792951889E-05    1.620370366098E-04    0.000000000000E+00   -1.262779299115E-04
   -2.655445925469E-04    2.760454677622E-05   -7.860113374118E-05   -1.105491489303E-04    1.168021902980E-04    8.818197046190E-05    1.766633199088E-05   -7.326977181299E-05    1.262779299115E-04    0.000000000000E+00
   13.070270397704789     
    0.000000000000E+00   -3.640953265361E-03    3.218428986362E-03    7.123894206943E-04    3.807115311394E-04    6.790015639381E-04    6.569651245046E-04    5.293530892925E-04   -3.882043415754E-04    2.682308907835E-04
    3.640953265361E-03    0.000000000000E+00   -1.056120483289E-03   -5.511941619708E-04    2.864771375359E-04    1.130554198425E-04    2.032253187478E-05   -1.851447010577E-05    2.887335904092E-05   -2.693897556461E-05
   -3.218428986362E-03    1.056120483289E-03    0.000000000000E+00    1.219757607379E-03   -6.008476357954E-04   -2.488041379012E-04   -3.777708995011E-05    5.742121794631E-05   -8.312147877865E-05    7.685823394589E-05
   -7.123894206943E-04    5.511941619709E-04   -1.219757607379E-03    0.000000000000E+00   -7.680608310813E-04   -3.602471823079E-04   -1.032182916990E-04    4.683278889948E-05   -1.042007468783E-04    1.078492141082E-04
   -3.807115311394E-04   -2.864771375359E-04    6.008476357954E-04    7.680608310814E-04    0.000000000000E+00    4.710297319748E-04    2.161160988596E-04    3.121685730309E-05    7.702620475975E-05   -1.129626488844E-04
   -6.790015639381E-04   -1.130554198425E-04    2.488041379012E-04    3.602471823079E-04   -4.710297319748E-04    0.000000000000E+00    3.085625577382E-04    1.409445441983E-04   -4.174584528124E-08   -8.355928300940E-05
   -6.569651245046E-04   -2.032253187478E-05    3.777708995011E-05    1.032182916990E-04   -2.161160988596E-04   -3.085625577382E-04    0.000000000000E+00    2.166419171726E-04   -9.936324880858E-05   -1.377715943582E-05
   -5.293530892925E-04    1.851447010577E-05   -5.742121794631E-05   -4.683278889949E-05   -3.121685730309E-05   -1.409445441983E-04   -2.166419171726E-04    0.000000000000E+00   -1.610925148053E-04    7.440059030198E-05
    3.882043415754E-04   -2.887335904092E-05    8.312147877865E-05    1.042007468783E-04   -7.702620475976E-05    4.174584527106E-08    9.936324880856E-05    1.610925148052E-04    0.000000000000E+00   -1.253706143681E-04
   -2.682308907835E-04    2.693897556461E-05   -7.685823394589E-05   -1.078492141082E-04    1.129626488844E-04    8.355928300940E-05    1.377715943582E-05   -7.440059030198E-05    1.253706143680E-04    0.000000000000E+00
   13.198724362133406     
    0.000000000000E+00   -3.521755387067E-03    3.186726126929E-03    7.428300981223E-04    3.486330189970E-04    6.575896401219E-04    6.460059495289E-04    5.257609268834E-04   -3.888300482702E-04    2.707502411532E-04
    3.521755387067E-03    0.000000000000E+00   -1.027022952423E-03   -5.371850220731E-04    2.827783999911E-04    1.144190318834E-04    2.288838163554E-05   -1.638495704951E-05    2.753469009122E-05   -2.625723913687E-05
   -3.186726126929E-03    1.027022952423E-03    0.000000000000E+00    1.200913848855E-03   -5.953684840782E-04   -2.525960211908E-04   -4.438467968444E-05    5.183593138398E-05   -7.957921376564E-05    7.506531174189E-05
   -7.428300981222E-04    5.371850220731E-04   -1.200913848855E-03    0.000000000000E+00   -7.624768854434E-04   -3.608961695398E-04   -1.091610708832E-04    4.012433256520E-05   -9.928316651945E-05    1.050988674267E-04
   -3.486330189970E-04   -2.827783999911E-04    5.953684840782E-04    7.624768854434E-04    0.000000000000E+00    4.690483822753E-04    2.177304500123E-04    3.650523154374E-05    7.149866376346E-05   -1.091196778628E-04
   -6.575896401219E-04   -1.144190318834E-04    2.525960211908E-04    3.608961695398E-04   -4.690483822752E-04    0.000000000000E+00    3.073980860567E-04    1.424312471969E-04   -4.467008328895E-06   -7.901368768474E-05
   -6.460059495289E-04   -2.288838163554E-05    4.438467968443E-05    1.091610708832E-04   -2.177304500123E-04   -3.073980860567E-04    0.000000000000E+00    2.156697075470E-04   -1.006093474470E-04   -1.002462806768E-05
   -5.257609268834E-04    1.638495704951E-05   -5.183593138398E-05   -4.012433256520E-05   -3.650523154374E-05   -1.424312471969E-04   -2.156697075470E-04    0.000000000000E+00   -1.601806785530E-04    7.544678058135E-05
    3.888300482702E-04   -2.753469009122E-05    7.957921376564E-05    9.928316651945E-05   -7.149866376346E-05    4.467008328908E-06    1.006093474471E-04    1.601806785530E-04    0.000000000000E+00   -1.244940493177E-04
   -2.707502411532E-04    2.625723913687E-05   -7.506531174189E-05   -1.050988674267E-04    1.091196778628E-04    7.901368768474E-05    1.002462806768E-05   -7.544678058136E-05    1.244940493177E-04    0.000000000000E+00
   13.327806463307390     
    0.000000000000E+00   -3.406785007234E-03    3.153932670538E-03    7.717928329713E-04    3.172251777656E-04    6.362787125745E-04    6.348543232932E-04    5.218918467483E-04   -3.892118496870E-04    2.731012803886E-04
    3.406785007234E-03    0.000000000000E+00   -9.988760346352E-04   -5.234786277404E-04    2.789660177818E-04    1.155953162910E-04    2.533268686236E-05   -1.430384320341E-05    2.619995935365E-05   -2.556086844589E-05
   -3.153932670538E-03    9.988760346352E-04    0.000000000000E+00    1.182231122274E-03   -5.896530516813E-04   -2.559845133822E-04   -5.071113968323E-05    4.636094677922E-05   -7.603692372544E-05    7.322644926446E-05
   -7.717928329714E-04    5.234786277404E-04   -1.182231122274E-03    0.000000000000E+00   -7.568544081434E-04   -3.613105985927E-04   -1.148082908687E-04    3.358309606769E-05   -9.439515403929E-05    1.023031003076E-04
   -3.172251777656E-04   -2.789660177818E-04    5.896530516813E-04    7.568544081434E-04    0.000000000000E+00    4.670683507025E-04    2.191867184298E-04    4.158730814709E-05    6.607687991124E-05   -1.052778623500E-04
   -6.362787125745E-04   -1.155953162910E-04    2.559845133822E-04    3.613105985927E-04   -4.670683507025E-04    0.000000000000E+00    3.062589121941E-04    1.438015739465E-04   -8.732011881492E-06   -7.454702932678E-05
   -6.348543232932E-04   -2.533268686236E-05    5.071113968323E-05    1.148082908687E-04   -2.191867184298E-04   -3.062589121941E-04    0.000000000000E+00    2.147293939865E-04   -1.017613963957E-04   -6.405733177538E-06
   -5.218918467483E-04    1.430384320341E-05   -4.636094677922E-05   -3.358309606769E-05   -4.158730814709E-05   -1.438015739464E-04   -2.147293939864E-04    0.000000000000E+00   -1.593008424960E-04    7.641288077942E-05
    3.892118496870E-04   -2.619995935365E-05    7.603692372544E-05    9.439515403929E-05   -6.607687991124E-05    8.732011881489E-06    1.017613963957E-04    1.593008424960E-04    0.000000000000E+00   -1.236476692408E-04
   -2.731012803886E-04    2.556086844589E-05   -7.322644926446E-05   -1.023031003076E-04    1.052778623500E-04    7.454702932677E-05    6.405733177535E-06   -7.641288077941E-05    1.236476692408E-04    0.000000000000E+00
   13.457516701226751     
    0.000000000000E+00   -3.295887547530E-03    3.120142803048E-03    7.993094879371E-04    2.864913236431E-04    6.150854478213E-04    6.235269741782E-04    5.177562875083E-04   -3.893533616706E-04    2.752829822481E-04
    3.295887547530E-03    0.000000000000E+00   -9.716448763885E-04   -5.100762627232E-04    2.750537494872E-04    1.165924691488E-04    2.765711693526E-05   -1.227256072382E-05    2.487117752151E-05   -2.485137271404E-05
   -3.120142803048E-03    9.716448763885E-04    0.000000000000E+00    1.163716242523E-03   -5.837220822849E-04   -2.589849785313E-04   -5.675898849486E-05    4.100075464844E-05   -7.250020913509E-05    7.134569988904E-05
   -7.993094879371E-04    5.100762627232E-04   -1.163716242523E-03    0.000000000000E+00   -7.511950747815E-04   -3.615013438332E-04   -1.201664671066E-04    2.721111667550E-05   -8.954229273177E-05    9.946683818777E-05
   -2.864913236431E-04   -2.750537494872E-04    5.837220822848E-04    7.511950747815E-04    0.000000000000E+00    4.650885740038E-04    2.204919659709E-04    4.646728647962E-05    6.076291674302E-05   -1.014416177224E-04
   -6.150854478213E-04   -1.165924691488E-04    2.589849785313E-04    3.615013438332E-04   -4.650885740039E-04    0.000000000000E+00    3.051438769868E-04    1.450612492952E-04   -1.284024420823E-05   -7.016094270539E-05
   -6.235269741782E-04   -2.765711693526E-05    5.675898849486E-05    1.201664671066E-04   -2.204919659709E-04   -3.051438769868E-04    0.000000000000E+00    2.138200756296E-04   -1.028243335835E-04   -2.917435345367E-06
   -5.177562875083E-04    1.227256072382E-05   -4.100075464844E-05   -2.721111667550E-05   -4.646728647961E-05   -1.450612492952E-04   -2.138200756296E-04    0.000000000000E+00   -1.584522990325E-04    7.730322650354E-05
    3.893533616706E-04   -2.487117752151E-05    7.250020913509E-05    8.954229273177E-05   -6.076291674302E-05    1.284024420823E-05    1.028243335835E-04    1.584522990325E-04    0.000000000000E+00   -1.228308890385E-04
   -2.752829822481E-04    2.485137271404E-05   -7.134569988904E-05   -9.946683818777E-05    1.014416177224E-04    7.016094270539E-05    2.917435345367E-06   -7.730322650355E-05    1.228308890385E-04    0.000000000000E+00
   13.587855075891481     
    0.000000000000E+00   -3.188913760482E-03    3.085446803248E-03    8.254120997969E-04    2.564338176511E-04    5.940255873173E-04    6.120402119391E-04    5.133647576657E-04   -3.892585101754E-04    2.772946481977E-04
    3.188913760482E-03    0.000000000000E+00   -9.452958608197E-04   -4.969783519904E-04    2.710545990457E-04    1.174185773363E-04    2.986351344962E-05   -1.029236232020E-05    2.355025642108E-05   -2.413023593220E-05
   -3.085446803248E-03    9.452958608198E-04    0.000000000000E+00    1.145375476913E-03   -5.775953957826E-04   -2.616126832098E-04   -6.253120723054E-05    3.575939444971E-05   -6.897443920541E-05    6.942707716591E-05
   -8.254120997970E-04    4.969783519904E-04   -1.145375476913E-03    0.000000000000E+00   -7.455005680167E-04   -3.614789179037E-04   -1.252422251703E-04    2.101005301556E-05   -8.472989416231E-05    9.659493081285E-05
   -2.564338176511E-04   -2.710545990457E-04    5.775953957825E-04    7.455005680167E-04    0.000000000000E+00    4.631079999280E-04    2.216529579852E-04    5.114942052315E-05    5.555858173410E-05   -9.761518826723E-05
   -5.940255873173E-04   -1.174185773363E-04    2.616126832098E-04    3.614789179037E-04   -4.631079999280E-04    0.000000000000E+00    3.040518047391E-04    1.462157360358E-04   -1.679522377884E-05   -6.585686162690E-05
   -6.120402119391E-04   -2.986351344962E-05    6.253120723054E-05    1.252422251703E-04   -2.216529579852E-04   -3.040518047391E-04    0.000000000000E+00    2.129408293739E-04   -1.038028704202E-04    4.433295600038E-07
   -5.133647576657E-04    1.029236232020E-05   -3.575939444971E-05   -2.101005301556E-05   -5.114942052315E-05   -1.462157360358E-04   -2.129408293739E-04    0.000000000000E+00   -1.576343202508E-04    7.812195659169E-05
    3.892585101754E-04   -2.355025642108E-05    6.897443920541E-05    8.472989416231E-05   -5.555858173410E-05    1.679522377884E-05    1.038028704202E-04    1.576343202508E-04    0.000000000000E+00   -1.220431059910E-04
   -2.772946481977E-04    2.413023593220E-05   -6.942707716591E-05   -9.659493081285E-05    9.761518826723E-05    6.585686162690E-05   -4.433295600038E-07   -7.812195659169E-05    1.220431059910E-04    0.000000000000E+00
   13.718821587301589     
    0.000000000000E+00   -3.085719634822E-03    3.049931151571E-03    8.501328518001E-04    2.270541109033E-04    5.731139676198E-04    6.004099128520E-04    5.087278072330E-04   -3.889315089123E-04    2.791358978611E-04
    3.085719634823E-03    0.000000000000E+00   -9.197966028043E-04   -4.841845466987E-04    2.669808403155E-04    1.180816048994E-04    3.195387484524E-05   -8.364327797370E-06    2.223900851049E-05   -2.339891352577E-05
   -3.049931151571E-03    9.197966028043E-04    0.000000000000E+00    1.127214588042E-03   -5.712919143651E-04   -2.638827664021E-04   -6.803120602658E-05    3.064046632869E-05   -6.546474699644E-05    6.747454427263E-05
   -8.501328518002E-04    4.841845466987E-04   -1.127214588042E-03    0.000000000000E+00   -7.397725930067E-04   -3.612534858087E-04   -1.300422838005E-04    1.498119951676E-05   -7.996299729059E-05    9.369214290654E-05
   -2.270541109034E-04   -2.669808403155E-04    5.712919143651E-04    7.397725930067E-04    0.000000000000E+00    4.611256013118E-04    2.226761772421E-04    5.563800818201E-05    5.046543588579E-05   -9.380264586602E-05
   -5.731139676198E-04   -1.180816048994E-04    2.638827664021E-04    3.612534858087E-04   -4.611256013118E-04    0.000000000000E+00    3.029815137764E-04    1.472702460468E-04   -2.060049064477E-05   -6.163602725766E-05
   -6.004099128520E-04   -3.195387484524E-05    6.803120602658E-05    1.300422838005E-04   -2.226761772421E-04   -3.029815137764E-04    0.000000000000E+00    2.120907173993E-04   -1.047015005998E-04    3.679642115944E-06
   -5.087278072330E-04    8.364327797369E-06   -3.064046632869E-05   -1.498119951676E-05   -5.563800818202E-05   -1.472702460468E-04   -2.120907173993E-04    0.000000000000E+00   -1.568461634756E-04    7.887302039796E-05
    3.889315089123E-04   -2.223900851049E-05    6.546474699644E-05    7.996299729059E-05   -5.046543588578E-05    2.060049064476E-05    1.047015005998E-04    1.568461634756E-04    0.000000000000E+00   -1.212837041596E-04
   -2.791358978611E-04    2.339891352577E-05   -6.747454427264E-05   -9.369214290654E-05    9.380264586602E-05    6.163602725767E-05   -3.679642115944E-06   -7.887302039795E-05    1.212837041596E-04    0.000000000000E+00
   13.850416235457063     
    0.000000000000E+00   -2.986166211579E-03    3.013678550489E-03    8.735040033239E-04    1.983528077671E-04    5.523645498998E-04    5.886515102244E-04    5.038560016222E-04   -3.883768370019E-04    2.808066583280E-04
    2.986166211579E-03    0.000000000000E+00   -8.951158951017E-04   -4.716937877084E-04    2.628440347890E-04    1.185893772766E-04    3.393033981402E-05   -6.489371635702E-06    2.093914718149E-05   -2.265882950135E-05
   -3.013678550489E-03    8.951158951016E-04    0.000000000000E+00    1.109238826434E-03   -5.648296717198E-04   -2.658102039507E-04   -7.326278741594E-05    2.564714549173E-05   -6.197602647166E-05    6.549200453214E-05
   -8.735040033239E-04    4.716937877084E-04   -1.109238826434E-03    0.000000000000E+00   -7.340128603961E-04   -3.608348673194E-04   -1.345734336964E-04    9.125503399009E-06   -7.524636948179E-05    9.076314595905E-05
   -1.983528077671E-04   -2.628440347890E-04    5.648296717198E-04    7.340128603961E-04    0.000000000000E+00    4.591403700095E-04    2.235678305170E-04    5.993737813738E-05    4.548480479514E-05   -9.000788981955E-05
   -5.523645498998E-04   -1.185893772766E-04    2.658102039507E-04    3.608348673194E-04   -4.591403700095E-04    0.000000000000E+00    3.019318143739E-04    1.482297468311E-04   -2.425959591500E-05   -5.749949734589E-05
   -5.886515102244E-04   -3.393033981402E-05    7.326278741594E-05    1.345734336964E-04   -2.235678305170E-04   -3.019318143739E-04    0.000000000000E+00    2.112687866051E-04   -1.055245059597E-04    6.794590364941E-06
   -5.038560016222E-04    6.489371635702E-06   -2.564714549173E-05   -9.125503399012E-06   -5.993737813738E-05   -1.482297468311E-04   -2.112687866051E-04    0.000000000000E+00   -1.560870715355E-04    7.956018312162E-05
    3.883768370019E-04   -2.093914718149E-05    6.197602647166E-05    7.524636948179E-05   -4.548480479515E-05    2.425959591500E-05    1.055245059597E-04    1.560870715354E-04    0.000000000000E+00   -1.205520551003E-04
   -2.808066583280E-04    2.265882950135E-05   -6.549200453214E-05   -9.076314595905E-05    9.000788981955E-05    5.749949734589E-05   -6.794590364938E-06   -7.956018312163E-05    1.205520551004E-04    0.000000000000E+00
   13.982639020357915     
    0.000000000000E+00   -2.890119394181E-03    2.976767937087E-03    8.955578134356E-04    1.703297314895E-04    5.317904524533E-04    5.767799881843E-04    4.987598976225E-04   -3.875992171731E-04    2.823071529850E-04
    2.890119394181E-03    0.000000000000E+00   -8.712236486057E-04   -4.595043628169E-04    2.586550490169E-04    1.189495665489E-04    3.579517106340E-05   -4.668250842797E-06    1.965228752171E-05   -2.191137394666E-05
   -2.976767937087E-03    8.712236486057E-04    0.000000000000E+00    1.091452915866E-03   -5.582258204018E-04   -2.674097742771E-04   -7.823010983516E-05    2.078219771102E-05   -5.851293088499E-05    6.348329282369E-05
   -8.955578134356E-04    4.595043628169E-04   -1.091452915866E-03    0.000000000000E+00   -7.282230633645E-04   -3.602325372422E-04   -1.388425162738E-04    3.443582272878E-06   -7.058450859755E-05    8.781251087606E-05
   -1.703297314895E-04   -2.586550490170E-04    5.582258204018E-04    7.282230633644E-04    0.000000000000E+00    4.571513067753E-04    2.243338536646E-04    6.405187680421E-05    4.061779005282E-05   -8.623464734954E-05
   -5.317904524533E-04   -1.189495665489E-04    2.674097742771E-04    3.602325372423E-04   -4.571513067753E-04    0.000000000000E+00    3.009015040471E-04    1.490989670930E-04   -2.777609148490E-05   -5.344815560544E-05
   -5.767799881843E-04   -3.579517106340E-05    7.823010983516E-05    1.388425162738E-04   -2.243338536646E-04   -3.009015040472E-04    0.000000000000E+00    2.104740662471E-04   -1.062759616810E-04    9.791261133928E-06
   -4.987598976225E-04    4.668250842797E-06   -2.078219771102E-05   -3.443582272878E-06   -6.405187680421E-05   -1.490989670930E-04   -2.104740662471E-04    0.000000000000E+00   -1.553562716755E-04    8.018703064939E-05
    3.875992171731E-04   -1.965228752171E-05    5.851293088499E-05    7.058450859755E-05   -4.061779005282E-05    2.777609148490E-05    1.062759616810E-04    1.553562716755E-04    0.000000000000E+00   -1.198475175654E-04
   -2.823071529850E-04    2.191137394666E-05   -6.348329282369E-05   -8.781251087606E-05    8.623464734955E-05    5.344815560544E-05   -9.791261133931E-06   -8.018703064939E-05    1.198475175654E-04    0.000000000000E+00
   14.115489942004132     
    0.000000000000E+00   -2.797449929486E-03    2.939274694393E-03    9.163265653878E-04    1.429839427583E-04    5.114039640873E-04    5.648098698197E-04    4.934500188191E-04   -3.866035945988E-04    2.836378909365E-04
    2.797449929486E-03    0.000000000000E+00   -8.480909271306E-04   -4.476139944137E-04    2.544240884384E-04    1.191696860882E-04    3.755074377379E-05   -2.901570854749E-06    1.837994644747E-05   -2.115790039047E-05
   -2.939274694393E-03    8.480909271307E-04    0.000000000000E+00    1.073861144387E-03   -5.514966786336E-04   -2.686960445523E-04   -8.293766086446E-05    1.604799118744E-05   -5.507987025736E-05    6.145216694855E-05
   -9.163265653878E-04    4.476139944137E-04   -1.073861144387E-03    0.000000000000E+00   -7.224049227481E-04   -3.594556507647E-04   -1.428564150600E-04   -2.064263850908E-06   -6.598164324011E-05    8.484470024646E-05
   -1.429839427583E-04   -2.544240884384E-04    5.514966786337E-04    7.224049227481E-04    0.000000000000E+00    4.551574525443E-04    2.249799321686E-04    6.798586333372E-05    3.586527710590E-05   -8.248647299932E-05
   -5.114039640873E-04   -1.191696860881E-04    2.686960445523E-04    3.594556507647E-04   -4.551574525443E-04    0.000000000000E+00    2.998893885987E-04    1.498824121131E-04   -3.115352509254E-05   -4.948271878552E-05
   -5.648098698197E-04   -3.755074377379E-05    8.293766086446E-05    1.428564150600E-04   -2.249799321686E-04   -2.998893885986E-04    0.000000000000E+00    2.097055820237E-04   -1.069597478628E-04    1.267273500937E-05
   -4.934500188191E-04    2.901570854749E-06   -1.604799118744E-05    2.064263850908E-06   -6.798586333372E-05   -1.498824121131E-04   -2.097055820238E-04    0.000000000000E+00   -1.546529853173E-04    8.075697868291E-05
    3.866035945988E-04   -1.837994644746E-05    5.507987025736E-05    6.598164324011E-05   -3.586527710590E-05    3.115352509254E-05    1.069597478628E-04    1.546529853173E-04    0.000000000000E+00   -1.191694446451E-04
   -2.836378909365E-04    2.115790039047E-05   -6.145216694855E-05   -8.484470024646E-05    8.248647299932E-05    4.948271878551E-05   -1.267273500938E-05   -8.075697868291E-05    1.191694446451E-04    0.000000000000E+00
   14.248969000395729     
    0.000000000000E+00   -2.708033275693E-03    2.901270747460E-03    9.358425365629E-04    1.163137811162E-04    4.912165681866E-04    5.527552107178E-04    4.879368330872E-04   -3.853951156255E-04    2.847996552124E-04
    2.708033275693E-03    0.000000000000E+00   -8.256899206417E-04   -4.360199013076E-04    2.501607217118E-04    1.192570817568E-04    3.919953235921E-05   -1.189792573008E-06    1.712354363195E-05   -2.039972364006E-05
   -2.901270747460E-03    8.256899206417E-04    0.000000000000E+00    1.056467390824E-03   -5.446577546334E-04   -2.696833488084E-04   -8.739022653715E-05    1.144651114655E-05   -5.168101075020E-05    5.940230006954E-05
   -9.358425365629E-04    4.360199013076E-04   -1.056467390824E-03    0.000000000000E+00   -7.165601907294E-04   -3.585130537235E-04   -1.466220412906E-04   -7.398037542534E-06   -6.144173496529E-05    8.186406175963E-05
   -1.163137811163E-04   -2.501607217118E-04    5.446577546334E-04    7.165601907293E-04    0.000000000000E+00    4.531578940170E-04    2.255115122048E-04    7.174370118747E-05    3.122794487469E-05   -7.876674921734E-05
   -4.912165681866E-04   -1.192570817568E-04    2.696833488084E-04    3.585130537235E-04   -4.531578940170E-04    0.000000000000E+00    2.988942872344E-04    1.505843732686E-04   -3.439543345898E-05   -4.560374476525E-05
   -5.527552107178E-04   -3.919953235921E-05    8.739022653715E-05    1.466220412906E-04   -2.255115122048E-04   -2.988942872344E-04    0.000000000000E+00    2.089623603112E-04   -1.075795574658E-04    1.544208027076E-05
   -4.879368330872E-04    1.189792573008E-06   -1.144651114655E-05    7.398037542541E-06   -7.174370118747E-05   -1.505843732686E-04   -2.089623603112E-04    0.000000000000E+00   -1.539764316885E-04    8.127327956867E-05
    3.853951156255E-04   -1.712354363195E-05    5.168101075020E-05    6.144173496529E-05   -3.122794487469E-05    3.439543345897E-05    1.075795574658E-04    1.539764316885E-04    0.000000000000E+00   -1.185171869199E-04
   -2.847996552124E-04    2.039972364006E-05   -5.940230006954E-05   -8.186406175963E-05    7.876674921734E-05    4.560374476525E-05   -1.544208027076E-05   -8.127327956866E-05    1.185171869199E-04    0.000000000000E+00
   14.383076195532690     
    0.000000000000E+00   -2.621749340496E-03    2.862824505464E-03    9.541378886061E-04    9.031694207508E-05    4.712389839287E-04    5.406296014237E-04    4.822307342017E-04   -3.839791075184E-04    2.857934902727E-04
    2.621749340496E-03    0.000000000000E+00   -8.039938443595E-04   -4.247188298638E-04    2.458738930171E-04    1.192189182276E-04    4.074409467524E-05    4.667589313735E-07    1.588440355673E-05   -1.963811829158E-05
   -2.862824505465E-03    8.039938443595E-04    0.000000000000E+00    1.039275068403E-03   -5.377237416247E-04   -2.703857545241E-04   -9.159285475733E-05    6.979378365237E-06   -4.832027667349E-05    5.733727466012E-05
   -9.541378886061E-04    4.247188298638E-04   -1.039275068403E-03    0.000000000000E+00   -7.106906017239E-04   -3.574132735776E-04   -1.501463114062E-04   -1.255802451712E-05   -5.696848332447E-05    7.887482325915E-05
   -9.031694207512E-05   -2.458738930171E-04    5.377237416247E-04    7.106906017240E-04    0.000000000000E+00    4.511517375212E-04    2.259337996767E-04    7.532974470250E-05    2.670627808763E-05   -7.507868864894E-05
   -4.712389839287E-04   -1.192189182276E-04    2.703857545241E-04    3.574132735776E-04   -4.511517375212E-04    0.000000000000E+00    2.979150176599E-04    1.512089296524E-04   -3.750533222936E-05   -4.181164238059E-05
   -5.406296014237E-04   -4.074409467524E-05    9.159285475734E-05    1.501463114062E-04   -2.259337996767E-04   -2.979150176599E-04    0.000000000000E+00    2.082434185750E-04   -1.081388986432E-04    1.810234464211E-05
   -4.822307342017E-04   -4.667589313727E-07   -6.979378365238E-06    1.255802451712E-05   -7.532974470250E-05   -1.512089296524E-04   -2.082434185750E-04    0.000000000000E+00   -1.533258211580E-04    8.173902490182E-05
    3.839791075184E-04   -1.588440355673E-05    4.832027667349E-05    5.696848332447E-05   -2.670627808764E-05    3.750533222936E-05    1.081388986432E-04    1.533258211580E-04    0.000000000000E+00   -1.178900877298E-04
   -2.857934902727E-04    1.963811829158E-05   -5.733727466012E-05   -7.887482325915E-05    7.507868864894E-05    4.181164238059E-05   -1.810234464211E-05   -8.173902490182E-05    1.178900877298E-04    0.000000000000E+00
   14.517811527415031     
    0.000000000000E+00   -2.538482430076E-03    2.824001048462E-03    9.712446823618E-04    6.499049673556E-05    4.514811832983E-04    5.284461616356E-04    4.763420216842E-04   -3.823610584761E-04    2.866206901400E-04
    2.538482430076E-03    0.000000000000E+00   -7.829769534450E-04   -4.137071231789E-04    2.415719535107E-04    1.190621760123E-04    4.218706176273E-05    2.067888244156E-06    1.466375657714E-05   -1.887431692489E-05
   -2.824001048462E-03    7.829769534450E-04    0.000000000000E+00    1.022287195409E-03   -5.307085592036E-04   -2.708170526438E-04   -9.555083032573E-05    2.647862783557E-06   -4.500135084233E-05    5.526057608615E-05
   -9.712446823618E-04    4.137071231789E-04   -1.022287195409E-03    0.000000000000E+00   -7.047979029863E-04   -3.561645393330E-04   -1.534361389909E-04   -1.754478098669E-05   -5.256532831765E-05    7.588108707961E-05
   -6.499049673552E-05   -2.415719535107E-04    5.307085592036E-04    7.047979029863E-04    0.000000000000E+00    4.491381299239E-04    2.262517767870E-04    7.874833477163E-05    2.230057533839E-05   -7.142533490913E-05
   -4.514811832983E-04   -1.190621760123E-04    2.708170526438E-04    3.561645393330E-04   -4.491381299239E-04    0.000000000000E+00    2.969504104482E-04    1.517599610322E-04   -4.048671207799E-05   -3.810667839467E-05
   -5.284461616356E-04   -4.218706176273E-05    9.555083032573E-05    1.534361389909E-04   -2.262517767870E-04   -2.969504104482E-04    0.000000000000E+00    2.075477755529E-04   -1.086411049640E-04    2.065655147193E-05
   -4.763420216842E-04   -2.067888244157E-06   -2.647862783555E-06    1.754478098668E-05   -7.874833477163E-05   -1.517599610322E-04   -2.075477755529E-04    0.000000000000E+00   -1.527003629237E-04    8.215715393169E-05
    3.823610584761E-04   -1.466375657714E-05    4.500135084233E-05    5.256532831765E-05   -2.230057533839E-05    4.048671207799E-05    1.086411049640E-04    1.527003629237E-04    0.000000000000E+00   -1.172874892098E-04
   -2.866206901400E-04    1.887431692489E-05   -5.526057608615E-05   -7.588108707961E-05    7.142533490914E-05    3.810667839466E-05   -2.065655147193E-05   -8.215715393169E-05    1.172874892098E-04    0.000000000000E+00
   14.653174996042736     
    0.000000000000E+00   -2.458121111997E-03    2.784862218725E-03    9.871948472577E-04    4.033093000604E-05    4.319524166685E-04    5.162175392707E-04    4.702808832094E-04   -3.805465983841E-04    2.872827860918E-04
    2.458121111997E-03    0.000000000000E+00   -7.626145111912E-04   -4.029807702321E-04    2.372626854563E-04    1.187936460412E-04    4.353112642716E-05    3.613522574520E-06    1.346274066638E-05   -1.810950875381E-05
   -2.784862218725E-03    7.626145111913E-04    0.000000000000E+00    1.005506416835E-03   -5.236253779704E-04   -2.709907420679E-04   -9.926964737997E-05   -1.547100823036E-06   -4.172767658572E-05    5.317558725468E-05
   -9.871948472577E-04    4.029807702321E-04   -1.005506416835E-03    0.000000000000E+00   -6.988838562463E-04   -3.547747911626E-04   -1.564984229304E-04   -2.235911892335E-05   -4.823545445021E-05    7.288682545163E-05
   -4.033093000604E-05   -2.372626854562E-04    5.236253779704E-04    6.988838562463E-04    0.000000000000E+00    4.471162631426E-04    2.264702124238E-04    8.200379232518E-05    1.801095836135E-05   -6.780956429397E-05
   -4.319524166685E-04   -1.187936460412E-04    2.709907420679E-04    3.547747911626E-04   -4.471162631426E-04    0.000000000000E+00    2.959993133846E-04    1.522411567815E-04   -4.334303347451E-05   -3.448898519687E-05
   -5.162175392707E-04   -4.353112642716E-05    9.926964737997E-05    1.564984229304E-04   -2.264702124238E-04   -2.959993133846E-04    0.000000000000E+00    2.068744542962E-04   -1.090893426193E-04    2.310769497879E-05
   -4.702808832094E-04   -3.613522574519E-06    1.547100823039E-06    2.235911892335E-05   -8.200379232518E-05   -1.522411567815E-04   -2.068744542962E-04    0.000000000000E+00   -1.520992669547E-04    8.253045952765E-05
    3.805465983841E-04   -1.346274066638E-05    4.172767658572E-05    4.823545445021E-05   -1.801095836135E-05    4.334303347451E-05    1.090893426193E-04    1.520992669546E-04    0.000000000000E+00   -1.167087336396E-04
   -2.872827860918E-04    1.810950875381E-05   -5.317558725468E-05   -7.288682545163E-05    6.780956429397E-05    3.448898519687E-05   -2.310769497879E-05   -8.253045952764E-05    1.167087336395E-04    0.000000000000E+00
   14.789166601415822     
    0.000000000000E+00   -2.380558055208E-03    2.745466682699E-03    1.002020134697E-03    1.633418597349E-05    4.126612426171E-04    5.039559126974E-04    4.640573789294E-04   -3.785414801581E-04    2.877815340041E-04
    2.380558055208E-03    0.000000000000E+00   -7.428827416229E-04   -3.925354455957E-04    2.329533233735E-04    1.184199237921E-04    4.477903167936E-05    5.103704419891E-06    1.228240354067E-05   -1.734483859210E-05
   -2.745466682699E-03    7.428827416229E-04    0.000000000000E+00    9.889350063216E-04   -5.164866369995E-04   -2.709200126014E-04   -1.027549812277E-04   -5.604896180526E-06   -3.850246085051E-05    5.108558409246E-05
   -1.002020134697E-03    3.925354455957E-04   -9.889350063216E-04    0.000000000000E+00   -6.929502247993E-04   -3.532516843222E-04   -1.593400337796E-04   -2.700209027042E-05   -4.398179585371E-05    6.989587676387E-05
   -1.633418597353E-05   -2.329533233735E-04    5.164866369995E-04    6.929502247993E-04    0.000000000000E+00    4.450853685267E-04    2.265936685706E-04    8.510041068721E-05    1.383738193459E-05   -6.423408817351E-05
   -4.126612426171E-04   -1.184199237921E-04    2.709200126014E-04    3.532516843223E-04   -4.450853685267E-04    0.000000000000E+00    2.950605891966E-04    1.526560222625E-04   -4.607772090774E-05   -3.095856883443E-05
   -5.039559126974E-04   -4.477903167936E-05    1.027549812277E-04    1.593400337796E-04   -2.265936685706E-04   -2.950605891966E-04    0.000000000000E+00    2.062224812151E-04   -1.094866161271E-04    2.545873533252E-05
   -4.640573789294E-04   -5.103704419891E-06    5.604896180523E-06    2.700209027042E-05   -8.510041068721E-05   -1.526560222625E-04   -2.062224812151E-04    0.000000000000E+00   -1.515217437361E-04    8.286159327984E-05
    3.785414801581E-04   -1.228240354067E-05    3.850246085052E-05    4.398179585372E-05   -1.383738193459E-05    4.607772090774E-05    1.094866161271E-04    1.515217437361E-04    0.000000000000E+00   -1.161531635528E-04
   -2.877815340041E-04    1.734483859210E-05   -5.108558409246E-05   -6.989587676387E-05    6.423408817351E-05    3.095856883442E-05   -2.545873533252E-05   -8.286159327984E-05    1.161531635529E-04    0.000000000000E+00
   14.925786343534273     
    0.000000000000E+00   -2.305689903744E-03    2.705870031813E-03    1.015752093180E-03   -7.004297926343E-06    3.936155532728E-04    4.916729924823E-04    4.576814266140E-04   -3.763515617440E-04    2.881189018149E-04
    2.305689903744E-03    0.000000000000E+00   -7.237588005866E-04   -3.823665526357E-04    2.286505781580E-04    1.179474060049E-04    4.593356063377E-05    6.538584760309E-06    1.112370475167E-05   -1.658140594353E-05
   -2.705870031813E-03    7.237588005866E-04    0.000000000000E+00    9.725748888178E-04   -5.093040692626E-04   -2.706177335185E-04   -1.060126632062E-04   -9.525209701380E-06   -3.532867752746E-05    4.899373148179E-05
   -1.015752093181E-03    3.823665526356E-04   -9.725748888178E-04    0.000000000000E+00   -6.869987745941E-04   -3.516025981918E-04   -1.619678034230E-04   -3.147497261470E-05   -3.980704127083E-05    6.691194215090E-05
    7.004297926406E-06   -2.286505781580E-04    5.093040692626E-04    6.869987745941E-04    0.000000000000E+00    4.430447198047E-04    2.266265097801E-04    8.804245007035E-05    9.779642827036E-06   -6.070145530552E-05
   -3.936155532728E-04   -1.179474060049E-04    2.706177335185E-04    3.516025981917E-04   -4.430447198047E-04    0.000000000000E+00    2.941331186565E-04    1.530078871558E-04   -4.869415862718E-05   -2.751531634184E-05
   -4.916729924823E-04   -4.593356063377E-05    1.060126632062E-04    1.619678034230E-04   -2.266265097800E-04   -2.941331186565E-04    0.000000000000E+00    2.055908885393E-04   -1.098357752579E-04    2.771259484795E-05
   -4.576814266140E-04   -6.538584760309E-06    9.525209701379E-06    3.147497261470E-05   -8.804245007035E-05   -1.530078871558E-04   -2.055908885393E-04    0.000000000000E+00   -1.509670061873E-04    8.315307140011E-05
    3.763515617440E-04   -1.112370475167E-05    3.532867752746E-05    3.980704127083E-05   -9.779642827036E-06    4.869415862718E-05    1.098357752579E-04    1.509670061874E-04    0.000000000000E+00   -1.156201233487E-04
   -2.881189018149E-04    1.658140594353E-05   -4.899373148179E-05   -6.691194215090E-05    6.070145530551E-05    2.751531634184E-05   -2.771259484795E-05   -8.315307140011E-05    1.156201233487E-04    0.000000000000E+00
   15.063034222398104     
    0.000000000000E+00   -2.233417203695E-03    2.666124952572E-03    1.028422084439E-03   -2.968957823929E-05    3.748225898186E-04    4.793800199287E-04    4.511627864123E-04   -3.739827883918E-04    2.882970571294E-04
    2.233417203695E-03    0.000000000000E+00   -7.052207789663E-04   -3.724692755976E-04    2.243606666489E-04    1.173822912818E-04    4.699752861887E-05    7.918417228152E-06    9.987517489683E-06   -1.582026408122E-05
   -2.666124952572E-03    7.052207789663E-04    0.000000000000E+00    9.564277021219E-04   -5.020887420010E-04   -2.700964511577E-04   -1.090486604940E-04   -1.330801663334E-05   -3.220907037477E-05    4.690307933990E-05
   -1.028422084439E-03    3.724692755976E-04   -9.564277021219E-04    0.000000000000E+00   -6.810313027462E-04   -3.498346555869E-04   -1.643885205714E-04   -3.577925771374E-05   -3.571363813423E-05    6.393858202145E-05
    2.968957823927E-05   -2.243606666489E-04    5.020887420010E-04    6.810313027463E-04    0.000000000000E+00    4.409936534860E-04    2.265729191842E-04    9.083413591241E-05    5.837386856672E-06   -5.721405357555E-05
   -3.748225898186E-04   -1.173822912818E-04    2.700964511577E-04    3.498346555869E-04   -4.409936534860E-04    0.000000000000E+00    2.932158149077E-04    1.532999180130E-04   -5.119568902725E-05   -2.415900176707E-05
   -4.793800199287E-04   -4.699752861887E-05    1.090486604940E-04    1.643885205714E-04   -2.265729191842E-04   -2.932158149078E-04    0.000000000000E+00    2.049787240929E-04   -1.101395247366E-04    2.987215603607E-05
   -4.511627864123E-04   -7.918417228152E-06    1.330801663334E-05    3.577925771374E-05   -9.083413591241E-05   -1.532999180130E-04   -2.049787240929E-04    0.000000000000E+00   -1.504342764181E-04    8.340728243986E-05
    3.739827883918E-04   -9.987517489683E-06    3.220907037477E-05    3.571363813423E-05   -5.837386856672E-06    5.119568902725E-05    1.101395247366E-04    1.504342764181E-04    0.000000000000E+00   -1.151089641258E-04
   -2.882970571294E-04    1.582026408122E-05   -4.690307933990E-05   -6.393858202145E-05    5.721405357556E-05    2.415900176707E-05   -2.987215603607E-05   -8.340728243986E-05    1.151089641258E-04    0.000000000000E+00
   15.200910238007296     
    0.000000000000E+00   -2.163644059500E-03    2.626281041379E-03    1.040061100186E-03   -5.172709549836E-05    3.562890048586E-04    4.670877878751E-04    4.445110551114E-04   -3.714411776388E-04    2.883183541348E-04
    2.163644059500E-03    0.000000000000E+00   -6.872475403921E-04   -3.628385665538E-04    2.200893115883E-04    1.167305663970E-04    4.797376782706E-05    9.243548142911E-06    8.874632730454E-06   -1.506242041733E-05
   -2.626281041379E-03    6.872475403921E-04    0.000000000000E+00    9.404946575028E-04   -4.948510220990E-04   -2.693683523434E-04   -1.118690386497E-04   -1.695355770708E-05   -2.914616129464E-05    4.481656157738E-05
   -1.040061100186E-03    3.628385665537E-04   -9.404946575028E-04    0.000000000000E+00   -6.750495282920E-04   -3.479546901341E-04   -1.666089020959E-04   -3.991662763995E-05   -3.170380336312E-05    6.097921613214E-05
    5.172709549835E-05   -2.200893115883E-04    4.948510220990E-04    6.750495282919E-04    0.000000000000E+00    4.389315018214E-04    2.264368808836E-04    9.347964152438E-05    2.010123935427E-06   -5.377411598973E-05
   -3.562890048586E-04   -1.167305663970E-04    2.693683523434E-04    3.479546901341E-04   -4.389315018214E-04    0.000000000000E+00    2.923075816573E-04    1.535351088256E-04   -5.358560079044E-05   -2.088929739502E-05
   -4.670877878751E-04   -4.797376782706E-05    1.118690386497E-04    1.666089020959E-04   -2.264368808836E-04   -2.923075816573E-04    0.000000000000E+00    2.043850238734E-04   -1.104004191138E-04    3.194025277830E-05
   -4.445110551114E-04   -9.243548142912E-06    1.695355770708E-05    3.991662763995E-05   -9.347964152438E-05   -1.535351088256E-04   -2.043850238734E-04    0.000000000000E+00   -1.499227669839E-04    8.362648468006E-05
    3.714411776388E-04   -8.874632730454E-06    2.914616129464E-05    3.170380336312E-05   -2.010123935427E-06    5.358560079044E-05    1.104004191138E-04    1.499227669839E-04    0.000000000000E+00   -1.146190304571E-04
   -2.883183541348E-04    1.506242041733E-05   -4.481656157738E-05   -6.097921613214E-05    5.377411598973E-05    2.088929739503E-05   -3.194025277829E-05   -8.362648468006E-05    1.146190304571E-04    0.000000000000E+00
   15.339414390361872     
    0.000000000000E+00   -2.096278360556E-03    2.586385357727E-03    1.050699996230E-03   -7.312277007444E-05    3.380208271768E-04    4.548066187455E-04    4.377356445857E-04   -3.687328007869E-04    2.881853220068E-04
    2.096278360556E-03    0.000000000000E+00   -6.698189030986E-04   -3.534692581539E-04    2.158418016856E-04    1.159980246213E-04    4.886512919365E-05    1.051441554369E-05    7.785758910162E-06   -1.430883478442E-05
   -2.586385357727E-03    6.698189030986E-04    0.000000000000E+00    9.247768139959E-04   -4.876006960516E-04   -2.684453034068E-04   -1.144799634514E-04   -2.046233568732E-05   -2.614224910362E-05    4.273699087056E-05
   -1.050699996230E-03    3.534692581539E-04   -9.247768139959E-04    0.000000000000E+00   -6.690552660468E-04   -3.459693197925E-04   -1.686356162347E-04   -4.388895732289E-05   -2.777952136189E-05    5.803711796284E-05
    7.312277007445E-05   -2.158418016856E-04    4.876006960516E-04    6.690552660468E-04    0.000000000000E+00    4.368577041245E-04    2.262222303201E-04    9.598310442029E-05   -1.702773979200E-06   -5.038371859168E-05
   -3.380208271768E-04   -1.159980246213E-04    2.684453034068E-04    3.459693197925E-04   -4.368577041245E-04    0.000000000000E+00    2.914073856367E-04    1.537163160277E-04   -5.586713943395E-05   -1.770577358748E-05
   -4.548066187455E-04   -4.886512919365E-05    1.144799634514E-04    1.686356162347E-04   -2.262222303201E-04   -2.914073856368E-04    0.000000000000E+00    2.038088606475E-04   -1.106208877310E-04    3.391967693392E-05
   -4.377356445857E-04   -1.051441554369E-05    2.046233568732E-05    4.388895732290E-05   -9.598310442029E-05   -1.537163160277E-04   -2.038088606475E-04    0.000000000000E+00   -1.494317146951E-04    8.381282462932E-05
    3.687328007869E-04   -7.785758910162E-06    2.614224910362E-05    2.777952136189E-05    1.702773979200E-06    5.586713943394E-05    1.106208877310E-04    1.494317146951E-04    0.000000000000E+00   -1.141496847698E-04
   -2.881853220068E-04    1.430883478442E-05   -4.273699087056E-05   -5.803711796284E-05    5.038371859168E-05    1.770577358748E-05   -3.391967693393E-05   -8.381282462933E-05    1.141496847698E-04    0.000000000000E+00
   15.478546679461811     
    0.000000000000E+00   -2.031231354843E-03    2.546482126677E-03    1.060369249937E-03   -9.388286525586E-05    3.200235373571E-04    4.425463934240E-04    4.308457809022E-04   -3.658637699596E-04    2.879006518397E-04
    2.031231354843E-03    0.000000000000E+00   -6.529154264765E-04   -3.443560257062E-04    2.116229816988E-04    1.151902488852E-04    4.967446574097E-05    1.173153824206E-05    6.721526953146E-06   -1.356042049474E-05
   -2.546482126677E-03    6.529154264765E-04    0.000000000000E+00    9.092748762507E-04   -4.803469122522E-04   -2.673388059167E-04   -1.168876603073E-04   -2.383508947198E-05   -2.319942014802E-05    4.066705939867E-05
   -1.060369249937E-03    3.443560257062E-04   -9.092748762507E-04    0.000000000000E+00   -6.630502758706E-04   -3.438848984707E-04   -1.704752479654E-04   -4.769828760089E-05   -2.394255729282E-05    5.511541668161E-05
    9.388286525586E-05   -2.116229816988E-04    4.803469122522E-04    6.630502758707E-04    0.000000000000E+00    4.347717136570E-04    2.259326263414E-04    9.834860513061E-05   -5.302055884076E-06   -4.704478802998E-05
   -3.200235373571E-04   -1.151902488852E-04    2.673388059167E-04    3.438848984707E-04   -4.347717136570E-04    0.000000000000E+00    2.905141981169E-04    1.538462422137E-04   -5.804349308845E-05   -1.460791117497E-05
   -4.425463934240E-04   -4.967446574097E-05    1.168876603073E-04    1.704752479654E-04   -2.259326263415E-04   -2.905141981169E-04    0.000000000000E+00    2.032493052209E-04   -1.108032248021E-04    3.581316800282E-05
   -4.308457809021E-04   -1.173153824206E-05    2.383508947198E-05    4.769828760088E-05   -9.834860513061E-05   -1.538462422137E-04   -2.032493052209E-04    0.000000000000E+00   -1.489603537427E-04    8.396833087590E-05
    3.658637699596E-04   -6.721526953145E-06    2.319942014802E-05    2.394255729282E-05    5.302055884076E-06    5.804349308846E-05    1.108032248021E-04    1.489603537426E-04    0.000000000000E+00   -1.137002880238E-04
   -2.879006518397E-04    1.356042049474E-05   -4.066705939867E-05   -5.511541668161E-05    4.704478802998E-05    1.460791117497E-05   -3.581316800281E-05   -8.396833087590E-05    1.137002880238E-04    0.000000000000E+00
   15.618307105307132     
    0.000000000000E+00   -1.968417639708E-03    2.506612975998E-03    1.069099018374E-03   -1.140139979649E-04    3.023020736274E-04    4.303165498824E-04    4.238504925175E-04   -3.628402229588E-04    2.874671847926E-04
    1.968417639708E-03    0.000000000000E+00   -6.365184474736E-04   -3.354934397743E-04    2.074372856784E-04    1.143126180898E-04    5.040462843215E-05    1.289551139456E-05    5.682492095741E-06   -1.281804393944E-05
   -2.506612975998E-03    6.365184474736E-04    0.000000000000E+00    8.939892905088E-04   -4.730982343200E-04   -2.660600069315E-04   -1.190984021435E-04   -2.707278256472E-05   -2.031955216660E-05    3.860933671174E-05
   -1.069099018374E-03    3.354934397743E-04   -8.939892905088E-04    0.000000000000E+00   -6.570363148846E-04   -3.417075435471E-04   -1.721343015821E-04   -5.134681723748E-05   -2.019446125152E-05    5.221709517323E-05
    1.140139979649E-04   -2.074372856784E-04    4.730982343200E-04    6.570363148846E-04    0.000000000000E+00    4.326730318622E-04    2.255715716885E-04    1.005801701245E-04   -8.788586991112E-06   -4.375910340787E-05
   -3.023020736273E-04   -1.143126180898E-04    2.660600069315E-04    3.417075435470E-04   -4.326730318621E-04    0.000000000000E+00    2.896270179616E-04    1.539274515539E-04   -6.011779437328E-05   -1.159510564364E-05
   -4.303165498824E-04   -5.040462843215E-05    1.190984021435E-04    1.721343015821E-04   -2.255715716885E-04   -2.896270179616E-04    0.000000000000E+00    2.027054421931E-04   -1.109496010672E-04    3.762341394797E-05
   -4.238504925175E-04   -1.289551139456E-05    2.707278256473E-05    5.134681723748E-05   -1.005801701245E-04   -1.539274515538E-04   -2.027054421931E-04    0.000000000000E+00   -1.485079267563E-04    8.409492317587E-05
    3.628402229588E-04   -5.682492095741E-06    2.031955216660E-05    2.019446125152E-05    8.788586991112E-06    6.011779437328E-05    1.109496010672E-04    1.485079267563E-04    0.000000000000E+00   -1.132702077476E-04
   -2.874671847926E-04    1.281804393944E-05   -3.860933671174E-05   -5.221709517323E-05    4.375910340787E-05    1.159510564364E-05   -3.762341394798E-05   -8.409492317587E-05    1.132702077476E-04    0.000000000000E+00
   15.758695667897815     
    0.000000000000E+00   -1.907755055300E-03    2.466817046418E-03    1.076919128622E-03   -1.335231173951E-04    2.848608529740E-04    4.181260894475E-04    4.167586021101E-04   -3.596683093315E-04    2.868879000190E-04
    1.907755055300E-03    0.000000000000E+00   -6.206100579781E-04   -3.268759942226E-04    2.032887593064E-04    1.133703086820E-04    5.105845974423E-05    1.400700079222E-05    4.669136510443E-06   -1.208252468793E-05
   -2.466817046418E-03    6.206100579782E-04    0.000000000000E+00    8.789202692190E-04   -4.658626677972E-04   -2.646196979941E-04   -1.211184920400E-04   -3.017658854123E-05   -1.750432008144E-05    3.656626880356E-05
   -1.076919128622E-03    3.268759942226E-04   -8.789202692191E-04    0.000000000000E+00   -6.510151415127E-04   -3.394431450816E-04   -1.736191952045E-04   -5.483689092564E-05   -1.653657479556E-05    4.934498948594E-05
    1.335231173951E-04   -2.032887593064E-04    4.658626677972E-04    6.510151415127E-04    0.000000000000E+00    4.305612117226E-04    2.251424214384E-04    1.026817694297E-04   -1.216334139361E-05   -4.052829963206E-05
   -2.848608529740E-04   -1.133703086820E-04    2.646196979941E-04    3.394431450816E-04   -4.305612117226E-04    0.000000000000E+00    2.887448745582E-04    1.539623771832E-04   -6.209311881884E-05   -8.666672981284E-06
   -4.181260894475E-04   -5.105845974422E-05    1.211184920400E-04    1.736191952045E-04   -2.251424214384E-04   -2.887448745582E-04    0.000000000000E+00    2.021763721950E-04   -1.110620699916E-04    3.935304973881E-05
   -4.167586021101E-04   -1.400700079222E-05    3.017658854123E-05    5.483689092564E-05   -1.026817694297E-04   -1.539623771832E-04   -2.021763721950E-04    0.000000000000E+00   -1.480736866283E-04    8.419441775028E-05
    3.596683093315E-04   -4.669136510442E-06    1.750432008144E-05    1.653657479556E-05    1.216334139362E-05    6.209311881884E-05    1.110620699916E-04    1.480736866283E-04    0.000000000000E+00   -1.128588196125E-04
   -2.868879000190E-04    1.208252468793E-05   -3.656626880356E-05   -4.934498948594E-05    4.052829963206E-05    8.666672981278E-06   -3.935304973881E-05   -8.419441775028E-05    1.128588196125E-04    0.000000000000E+00
   15.899712367233878     
    0.000000000000E+00   -1.849164507508E-03    2.427130998157E-03    1.083859008024E-03   -1.524174541091E-04    2.677038066578E-04    4.059835907630E-04    4.095787226200E-04   -3.563541784164E-04    2.861659030848E-04
    1.849164507508E-03    0.000000000000E+00   -6.051730372643E-04   -3.184981147395E-04    1.991810735016E-04    1.123682925184E-04    5.163878542870E-05    1.506673604833E-05    3.681872694491E-06   -1.135463611219E-05
   -2.427130998157E-03    6.051730372643E-04    0.000000000000E+00    8.640677584333E-04   -4.586476653580E-04   -2.630283052134E-04   -1.229542416928E-04   -3.314787393457E-05   -1.475520363771E-05    3.454017845695E-05
   -1.083859008024E-03    3.184981147395E-04   -8.640677584333E-04    0.000000000000E+00   -6.449884808930E-04   -3.370973604945E-04   -1.749362489260E-04   -5.817098398961E-05   -1.297003963495E-05    4.650178973239E-05
    1.524174541091E-04   -1.991810735016E-04    4.586476653580E-04    6.449884808930E-04    0.000000000000E+00    4.284358374832E-04    2.246483822335E-04    1.046573101639E-04   -1.542739257978E-05   -3.735387216084E-05
   -2.677038066578E-04   -1.123682925184E-04    2.630283052134E-04    3.370973604945E-04   -4.284358374832E-04    0.000000000000E+00    2.878668160780E-04    1.539533225984E-04   -6.397248062216E-05   -5.821856905284E-06
   -4.059835907630E-04   -5.163878542870E-05    1.229542416928E-04    1.749362489260E-04   -2.246483822335E-04   -2.878668160780E-04    0.000000000000E+00    2.016612041919E-04   -1.111425696696E-04    4.100465400862E-05
   -4.095787226200E-04   -1.506673604833E-05    3.314787393457E-05    5.817098398961E-05   -1.046573101639E-04   -1.539533225984E-04   -2.016612041919E-04    0.000000000000E+00   -1.476568907839E-04    8.426852923312E-05
    3.563541784164E-04   -3.681872694492E-06    1.475520363771E-05    1.297003963495E-05    1.542739257977E-05    6.397248062216E-05    1.111425696696E-04    1.476568907839E-04    0.000000000000E+00   -1.124655029117E-04
   -2.861659030848E-04    1.135463611219E-05   -3.454017845695E-05   -4.650178973239E-05    3.735387216084E-05    5.821856905290E-06   -4.100465400862E-05   -8.426852923312E-05    1.124655029117E-04    0.000000000000E+00
   16.041357203315304     
    0.000000000000E+00   -1.792570018466E-03    2.387589332178E-03    1.089947805688E-03   -1.707045676012E-04    2.508343670319E-04    3.938972012054E-04    4.023192440020E-04   -3.529039643550E-04    2.853044140617E-04
    1.792570018466E-03    0.000000000000E+00   -5.901909272076E-04   -3.103542194170E-04    1.951175632357E-04    1.113113487581E-04    5.214841417393E-05    1.607550808070E-05    2.721044647924E-06   -1.063510494855E-05
   -2.387589332178E-03    5.901909272076E-04    0.000000000000E+00    8.494315839621E-04   -4.514601993976E-04   -2.612959133209E-04   -1.246119683494E-04   -3.598819085290E-05   -1.207349023710E-05    3.253326341068E-05
   -1.089947805688E-03    3.103542194170E-04   -8.494315839621E-04    0.000000000000E+00   -6.389581160809E-04   -3.346756565927E-04   -1.760916967987E-04   -6.135169977112E-05   -9.495799917416E-06    4.369003803591E-05
    1.707045676011E-04   -1.951175632357E-04    4.514601993976E-04    6.389581160809E-04    0.000000000000E+00    4.262965838411E-04    2.240925418983E-04    1.065106456963E-04   -1.858191232925E-05   -3.423717761353E-05
   -2.508343670319E-04   -1.113113487581E-04    2.612959133209E-04    3.346756565927E-04   -4.262965838411E-04    0.000000000000E+00    2.869919486684E-04    1.539024830650E-04   -6.575883901940E-05   -3.059830364735E-06
   -3.938972012054E-04   -5.214841417392E-05    1.246119683494E-04    1.760916967987E-04   -2.240925418983E-04   -2.869919486684E-04    0.000000000000E+00    2.011590822818E-04   -1.111929386933E-04    4.258075328800E-05
   -4.023192440020E-04   -1.607550808070E-05    3.598819085290E-05    6.135169977112E-05   -1.065106456963E-04   -1.539024830650E-04   -2.011590822818E-04    0.000000000000E+00   -1.472568203986E-04    8.431888288354E-05
    3.529039643550E-04   -2.721044647923E-06    1.207349023710E-05    9.495799917416E-06    1.858191232925E-05    6.575883901939E-05    1.111929386933E-04    1.472568203986E-04    0.000000000000E+00   -1.120896549109E-04
   -2.853044140617E-04    1.063510494855E-05   -3.253326341068E-05   -4.369003803591E-05    3.423717761353E-05    3.059830364735E-06   -4.258075328800E-05   -8.431888288354E-05    1.120896549109E-04    0.000000000000E+00
   16.183630176142110     
    0.000000000000E+00   -1.737898344249E-03    2.348224094401E-03    1.095214142265E-03   -1.883922026669E-04    2.342555497806E-04    3.818746749786E-04    3.949883413322E-04   -3.493237791321E-04    2.843067567990E-04
    1.737898344249E-03    0.000000000000E+00   -5.756478298081E-04   -3.024386707775E-04    1.911012147487E-04    1.102040493400E-04    5.259012302113E-05    1.703415867323E-05    1.786933490272E-06   -9.924613300929E-06
   -2.348224094401E-03    5.756478298081E-04    0.000000000000E+00    8.350112422919E-04   -4.443066994810E-04   -2.594322251358E-04   -1.260979581013E-04   -3.869925120186E-05   -9.460287967554E-06    3.054760003483E-05
   -1.095214142265E-03    3.024386707775E-04   -8.350112422919E-04    0.000000000000E+00   -6.329257270694E-04   -3.321832555139E-04   -1.770916522448E-04   -6.438174254743E-05   -6.114617790519E-06    4.091213354532E-05
    1.883922026669E-04   -1.911012147487E-04    4.443066994810E-04    6.329257270694E-04    0.000000000000E+00    4.241431127801E-04    2.234778360273E-04    1.082455538551E-04   -2.162815331964E-05   -3.117944307307E-05
   -2.342555497806E-04   -1.102040493400E-04    2.594322251358E-04    3.321832555139E-04   -4.241431127801E-04    0.000000000000E+00    2.861193703090E-04    1.538119251611E-04   -6.745508384499E-05   -3.797079768444E-07
   -3.818746749786E-04   -5.259012302113E-05    1.260979581013E-04    1.770916522448E-04   -2.234778360273E-04   -2.861193703090E-04    0.000000000000E+00    2.006691413484E-04   -1.112149030697E-04    4.408381174307E-05
   -3.949883413322E-04   -1.703415867323E-05    3.869925120186E-05    6.438174254742E-05   -1.082455538551E-04   -1.538119251611E-04   -2.006691413484E-04    0.000000000000E+00   -1.468727492389E-04    8.434700594915E-05
    3.493237791321E-04   -1.786933490272E-06    9.460287967553E-06    6.114617790519E-06    2.162815331964E-05    6.745508384499E-05    1.112149030697E-04    1.468727492389E-04    0.000000000000E+00   -1.117306681471E-04
   -2.843067567990E-04    9.924613300929E-06   -3.054760003483E-05   -4.091213354532E-05    3.117944307307E-05    3.797079768444E-07   -4.408381174307E-05   -8.434700594916E-05    1.117306681471E-04    0.000000000000E+00
   16.326531285714285     
    0.000000000000E+00   -1.685079076544E-03    2.309065254905E-03    1.099686269255E-03   -2.054883575738E-04    2.179699303824E-04    3.699233611505E-04    3.875939617363E-04   -3.456196987332E-04    2.831763478505E-04
    1.685079076543E-03    0.000000000000E+00   -5.615285129153E-04   -2.947458436200E-04    1.871347084684E-04    1.090507745364E-04    5.296665947369E-05    1.794357916831E-05    8.797582590372E-07   -9.223798229156E-06
   -2.309065254905E-03    5.615285129153E-04    0.000000000000E+00    8.208060822433E-04   -4.371931381800E-04   -2.574465945522E-04   -1.274184686179E-04   -4.128292195618E-05   -6.916527848356E-06    2.858514182217E-05
   -1.099686269255E-03    2.947458436200E-04   -8.208060822433E-04    0.000000000000E+00   -6.268930089278E-04   -3.296251868313E-04   -1.779421262253E-04   -6.726391834685E-05   -2.827074585118E-06    3.817033050335E-05
    2.054883575738E-04   -1.871347084684E-04    4.371931381800E-04    6.268930089279E-04    0.000000000000E+00    4.219751507991E-04    2.228070842032E-04    1.098657501927E-04   -2.456745027142E-05   -2.818176602368E-05
   -2.179699303824E-04   -1.090507745364E-04    2.574465945521E-04    3.296251868313E-04   -4.219751507991E-04    0.000000000000E+00    2.852482221133E-04    1.536836125378E-04   -6.906404474406E-05    2.219454077962E-06
   -3.699233611506E-04   -5.296665947369E-05    1.274184686179E-04    1.779421262253E-04   -2.228070842032E-04   -2.852482221133E-04    0.000000000000E+00    2.001905418363E-04   -1.112100948415E-04    4.551623737236E-05
   -3.875939617363E-04   -1.794357916831E-05    4.128292195618E-05    6.726391834685E-05   -1.098657501927E-04   -1.536836125378E-04   -2.001905418363E-04    0.000000000000E+00   -1.465039678727E-04    8.435434151613E-05
    3.456196987332E-04   -8.797582590364E-07    6.916527848356E-06    2.827074585120E-06    2.456745027141E-05    6.906404474406E-05    1.112100948415E-04    1.465039678727E-04    0.000000000000E+00   -1.113879477680E-04
   -2.831763478505E-04    9.223798229156E-06   -2.858514182217E-05   -3.817033050335E-05    2.818176602369E-05   -2.219454077962E-06   -4.551623737236E-05   -8.435434151612E-05    1.113879477680E-04    0.000000000000E+00
   16.470060532031834     
    0.000000000000E+00   -1.634044598369E-03    2.270140889132E-03    1.103392118070E-03   -2.220012982128E-04    2.019796463573E-04    3.580502038938E-04    3.801438166575E-04   -3.417977509532E-04    2.819166851073E-04
    1.634044598369E-03    0.000000000000E+00   -5.478184248489E-04   -2.872701565574E-04    1.832204449072E-04    1.078557203384E-04    5.328073947772E-05    1.880470694062E-05   -3.220485445329E-10   -8.533252038815E-06
   -2.270140889132E-03    5.478184248489E-04    0.000000000000E+00    8.068153738977E-04   -4.301250742303E-04   -2.553480400722E-04   -1.285797224003E-04   -4.374121539402E-05   -4.442968912596E-06    2.664771947563E-05
   -1.103392118070E-03    2.872701565573E-04   -8.068153738977E-04    0.000000000000E+00   -6.208617119805E-04   -3.270063099620E-04   -1.786490316088E-04   -7.000112888240E-05    3.664243139935E-07    3.546673832091E-05
    2.220012982127E-04   -1.832204449072E-04    4.301250742303E-04    6.208617119805E-04    0.000000000000E+00    4.197925158146E-04    2.220830066213E-04    1.113748920948E-04   -2.740121658402E-05   -2.524511665386E-05
   -2.019796463573E-04   -1.078557203384E-04    2.553480400722E-04    3.270063099620E-04   -4.197925158146E-04    0.000000000000E+00    2.843777068375E-04    1.535194186855E-04   -7.058849437263E-05    4.738655256974E-06
   -3.580502038938E-04   -5.328073947772E-05    1.285797224003E-04    1.786490316088E-04   -2.220830066213E-04   -2.843777068375E-04    0.000000000000E+00    1.997224826665E-04   -1.111800619655E-04    4.688038421912E-05
   -3.801438166575E-04   -1.880470694062E-05    4.374121539402E-05    7.000112888240E-05   -1.113748920948E-04   -1.535194186855E-04   -1.997224826665E-04    0.000000000000E+00   -1.461497931003E-04    8.434225638777E-05
    3.417977509531E-04    3.220485437775E-10    4.442968912598E-06   -3.664243139950E-07    2.740121658402E-05    7.058849437263E-05    1.111800619655E-04    1.461497931003E-04    0.000000000000E+00   -1.110609187424E-04
   -2.819166851073E-04    8.533252038815E-06   -2.664771947563E-05   -3.546673832091E-05    2.524511665386E-05   -4.738655256977E-06   -4.688038421912E-05   -8.434225638777E-05    1.110609187425E-04    0.000000000000E+00
   16.614217915094756     
    0.000000000000E+00   -1.584729685713E-03    2.231476822966E-03    1.106359009236E-03   -2.379393909147E-04    1.862864929099E-04    3.462617900746E-04    3.726453969713E-04   -3.378639128263E-04    2.805313389952E-04
    1.584729685713E-03    0.000000000000E+00   -5.345034721386E-04   -2.800060093702E-04    1.793605250468E-04    1.066228821996E-04    5.353503245859E-05    1.961851454866E-05   -8.532022401274E-07   -7.853524946710E-06
   -2.231476822966E-03    5.345034721386E-04    0.000000000000E+00    7.930380613718E-04   -4.231075736441E-04   -2.531451991047E-04   -1.295878687054E-04   -4.607626189983E-05   -2.040213181801E-06    2.473704652800E-05
   -1.106359009236E-03    2.800060093702E-04   -7.930380613718E-04    0.000000000000E+00   -6.148334502083E-04   -3.243312472812E-04   -1.792181436083E-04   -7.259634200985E-05    3.465631564450E-06    3.280332883857E-05
    2.379393909148E-04   -1.793605250468E-04    4.231075736441E-04    6.148334502084E-04    0.000000000000E+00    4.175949919449E-04    2.213081811544E-04    1.127765532151E-04   -3.013092505296E-05   -2.237034889728E-05
   -1.862864929099E-04   -1.066228821996E-04    2.531451991047E-04    3.243312472812E-04   -4.175949919450E-04    0.000000000000E+00    2.835070075927E-04    1.533210997854E-04   -7.203113144155E-05    7.178937028589E-06
   -3.462617900746E-04   -5.353503245859E-05    1.295878687054E-04    1.792181436083E-04   -2.213081811544E-04   -2.835070075927E-04    0.000000000000E+00    1.992641464501E-04   -1.111262504638E-04    4.817854044501E-05
   -3.726453969713E-04   -1.961851454866E-05    4.607626189983E-05    7.259634200985E-05   -1.127765532151E-04   -1.533210997854E-04   -1.992641464501E-04    0.000000000000E+00   -1.458095293367E-04    8.431202892317E-05
    3.378639128263E-04    8.532022401274E-07    2.040213181803E-06   -3.465631564450E-06    3.013092505296E-05    7.203113144154E-05    1.111262504638E-04    1.458095293366E-04    0.000000000000E+00   -1.107489976309E-04
   -2.805313389952E-04    7.853524946710E-06   -2.473704652800E-05   -3.280332883857E-05    2.237034889728E-05   -7.178937028589E-06   -4.817854044502E-05   -8.431202892317E-05    1.107489976309E-04    0.000000000000E+00
   16.759003434903050     
    0.000000000000E+00   -1.537071689359E-03    2.193097123988E-03    1.108613895381E-03   -2.533112186577E-04    1.708918734122E-04    3.345643255025E-04    3.651059559316E-04   -3.338240960179E-04    2.790239414049E-04
    1.537071689359E-03    0.000000000000E+00   -5.215701782218E-04   -2.729478662515E-04    1.755568012980E-04    1.053560769611E-04    5.373216777517E-05    2.038601084825E-05   -1.678831210911E-06   -7.185124333809E-06
   -2.193097123988E-03    5.215701782218E-04    0.000000000000E+00    7.794730141589E-04   -4.161453220389E-04   -2.508463774167E-04   -1.304489970530E-04   -4.829031096105E-05    2.912943711054E-07    2.285471734173E-05
   -1.108613895381E-03    2.729478662515E-04   -7.794730141589E-04    0.000000000000E+00   -6.088098741589E-04   -3.216044570018E-04   -1.796551301323E-04   -7.505259973728E-05    6.470459952492E-06    3.018193343497E-05
    2.533112186577E-04   -1.755568012980E-04    4.161453220389E-04    6.088098741588E-04    0.000000000000E+00    4.153824429930E-04    2.204850932042E-04    1.140742448951E-04   -3.275811387421E-05   -1.955819822027E-05
   -1.708918734122E-04   -1.053560769611E-04    2.508463774167E-04    3.216044570018E-04   -4.153824429930E-04    0.000000000000E+00    2.826353631520E-04    1.530903295750E-04   -7.339459568650E-05    9.541386504026E-06
   -3.345643255025E-04   -5.373216777517E-05    1.304489970530E-04    1.796551301324E-04   -2.204850932043E-04   -2.826353631520E-04    0.000000000000E+00    1.988147506903E-04   -1.110500293881E-04    4.941293876428E-05
   -3.651059559316E-04   -2.038601084825E-05    4.829031096105E-05    7.505259973728E-05   -1.140742448951E-04   -1.530903295750E-04   -1.988147506903E-04    0.000000000000E+00   -1.454825046429E-04    8.426486747737E-05
    3.338240960179E-04    1.678831210912E-06   -2.912943711069E-07   -6.470459952493E-06    3.275811387421E-05    7.339459568651E-05    1.110500293880E-04    1.454825046429E-04    0.000000000000E+00   -1.104516187442E-04
   -2.790239414049E-04    7.185124333809E-06   -2.285471734173E-05   -3.018193343497E-05    1.955819822026E-05   -9.541386504023E-06   -4.941293876427E-05   -8.426486747737E-05    1.104516187442E-04    0.000000000000E+00
   16.904417091456711     
    0.000000000000E+00   -1.491010367439E-03    2.155024078882E-03    1.110183287061E-03   -2.681255307712E-04    1.557968343229E-04    3.229636531234E-04    3.575325117301E-04   -3.296841399852E-04    2.773981762263E-04
    1.491010367439E-03    0.000000000000E+00   -5.090056127202E-04   -2.660902487161E-04    1.718108849287E-04    1.040589422618E-04    5.387472897412E-05    2.110823531454E-05   -2.477208413376E-06   -6.528516112608E-06
   -2.155024078882E-03    5.090056127202E-04    0.000000000000E+00    7.661189779904E-04   -4.092426214909E-04   -2.484595427796E-04   -1.311691215096E-04   -5.038571617629E-05    2.551256971307E-06    2.100220997092E-05
   -1.110183287061E-03    2.660902487161E-04   -7.661189779905E-04    0.000000000000E+00   -6.027926262138E-04   -3.188302224880E-04   -1.799655412435E-04   -7.737300466111E-05    9.380972729890E-06    2.760424647265E-05
    2.681255307712E-04   -1.718108849287E-04    4.092426214909E-04    6.027926262138E-04    0.000000000000E+00    4.131547837259E-04    2.196161299991E-04    1.152714100789E-04   -3.528437811382E-05   -1.680928721915E-05
   -1.557968343229E-04   -1.040589422618E-04    2.484595427796E-04    3.188302224880E-04   -4.131547837259E-04    0.000000000000E+00    2.817620500321E-04    1.528286970587E-04   -7.468146423271E-05    1.182713024958E-05
   -3.229636531234E-04   -5.387472897412E-05    1.311691215096E-04    1.799655412435E-04   -2.196161299991E-04   -2.817620500321E-04    0.000000000000E+00    1.983735359393E-04   -1.109526901115E-04    5.058575392697E-05
   -3.575325117301E-04   -2.110823531454E-05    5.038571617629E-05    7.737300466111E-05   -1.152714100789E-04   -1.528286970587E-04   -1.983735359393E-04    0.000000000000E+00   -1.451680623498E-04    8.420191047586E-05
    3.296841399852E-04    2.477208413376E-06   -2.551256971307E-06   -9.380972729892E-06    3.528437811382E-05    7.468146423271E-05    1.109526901115E-04    1.451680623498E-04    0.000000000000E+00   -1.101682280045E-04
   -2.773981762263E-04    6.528516112609E-06   -2.100220997092E-05   -2.760424647265E-05    1.680928721915E-05   -1.182713024958E-05   -5.058575392698E-05   -8.420191047586E-05    1.101682280045E-04    0.000000000000E+00
   17.050458884755752     
    0.000000000000E+00   -1.446487761107E-03    2.117278222640E-03    1.111093210054E-03   -2.823912083562E-04    1.410020924763E-04    3.114652681630E-04    3.499318494149E-04   -3.254498054344E-04    2.756577703219E-04
    1.446487761107E-03    0.000000000000E+00   -4.967973460339E-04   -2.594277363912E-04    1.681241571454E-04    1.027349383737E-04    5.396524959077E-05    2.178625320645E-05   -3.248380699149E-06   -5.884125986230E-06
   -2.117278222640E-03    4.967973460340E-04    0.000000000000E+00    7.529745548509E-04   -4.024033978977E-04   -2.459923244725E-04   -1.317541686052E-04   -5.236492216967E-05    4.739517939063E-06    1.918088889481E-05
   -1.111093210054E-03    2.594277363912E-04   -7.529745548509E-04    0.000000000000E+00   -5.967833160405E-04   -3.160126489058E-04   -1.801548026308E-04   -7.956070868131E-05    1.219737494405E-05    2.507182851867E-05
    2.823912083562E-04   -1.681241571454E-04    4.024033978977E-04    5.967833160405E-04    0.000000000000E+00    4.109119634626E-04    2.187035794081E-04    1.163714197628E-04   -3.771136263096E-05   -1.412413062557E-05
   -1.410020924763E-04   -1.027349383737E-04    2.459923244725E-04    3.160126489058E-04   -4.109119634626E-04    0.000000000000E+00    2.808863724734E-04    1.525377071571E-04   -7.589424971284E-05    1.403732913234E-05
   -3.114652681630E-04   -5.396524959077E-05    1.317541686052E-04    1.801548026308E-04   -2.187035794081E-04   -2.808863724734E-04    0.000000000000E+00    1.979397593360E-04   -1.108354476952E-04    5.169910149852E-05
   -3.499318494149E-04   -2.178625320645E-05    5.236492216967E-05    7.956070868131E-05   -1.163714197628E-04   -1.525377071571E-04   -1.979397593360E-04    0.000000000000E+00   -1.448655567007E-04    8.412422803716E-05
    3.254498054344E-04    3.248380699149E-06   -4.739517939063E-06   -1.219737494404E-05    3.771136263096E-05    7.589424971284E-05    1.108354476952E-04    1.448655567007E-04    0.000000000000E+00   -1.098982798614E-04
   -2.756577703219E-04    5.884125986230E-06   -1.918088889481E-05   -2.507182851867E-05    1.412413062557E-05   -1.403732913234E-05   -5.169910149851E-05   -8.412422803717E-05    1.098982798614E-04    0.000000000000E+00
   17.197128814800156     
    0.000000000000E+00   -1.403448090548E-03    2.079878389102E-03    1.111369176837E-03   -2.961172369238E-04    1.265080588067E-04    3.000743321617E-04    3.423105230326E-04   -3.211267684020E-04    2.738064850090E-04
    1.403448090548E-03    0.000000000000E+00   -4.849334154510E-04   -2.529549706545E-04    1.644977814318E-04    1.013873511956E-04    5.400620980454E-05    2.242115120197E-05   -3.992439340024E-06   -5.252340693939E-06
   -2.079878389102E-03    4.849334154510E-04    0.000000000000E+00    7.400381955823E-04   -3.956312126596E-04   -2.434520156269E-04   -1.322099672796E-04   -5.423045256748E-05    6.856052903894E-06    1.739200782952E-05
   -1.111369176837E-03    2.529549706545E-04   -7.400381955823E-04    0.000000000000E+00   -5.907835049684E-04   -3.131556630163E-04   -1.802282109896E-04   -8.161890287756E-05    1.492000517968E-05    2.258610962357E-05
    2.961172369238E-04   -1.644977814318E-04    3.956312126596E-04    5.907835049684E-04    0.000000000000E+00    4.086539550668E-04    2.177496305357E-04    1.173775705577E-04   -4.004075568175E-05   -1.150314011284E-05
   -1.265080588067E-04   -1.013873511956E-04    2.434520156269E-04    3.131556630163E-04   -4.086539550667E-04    0.000000000000E+00    2.800076555487E-04    1.522187823377E-04   -7.703539907488E-05    1.617317362341E-05
   -3.000743321617E-04   -5.400620980454E-05    1.322099672796E-04    1.802282109896E-04   -2.177496305357E-04   -2.800076555487E-04    0.000000000000E+00    1.975126899908E-04   -1.106994427804E-04    5.275503709000E-05
   -3.423105230326E-04   -2.242115120197E-05    5.423045256748E-05    8.161890287756E-05   -1.173775705577E-04   -1.522187823377E-04   -1.975126899908E-04    0.000000000000E+00   -1.445743495200E-04    8.403282385311E-05
    3.211267684020E-04    3.992439340024E-06   -6.856052903894E-06   -1.492000517968E-05    4.004075568175E-05    7.703539907488E-05    1.106994427804E-04    1.445743495200E-04    0.000000000000E+00   -1.096412348352E-04
   -2.738064850090E-04    5.252340693939E-06   -1.739200782952E-05   -2.258610962357E-05    1.150314011284E-05   -1.617317362341E-05   -5.275503709001E-05   -8.403282385311E-05    1.096412348352E-04    0.000000000000E+00
   17.344426881589943     
    0.000000000000E+00   -1.361837729604E-03    2.042841878707E-03    1.111036239453E-03   -3.093127247945E-04    1.123148372428E-04    2.887956743695E-04    3.346748520292E-04   -3.167206121943E-04    2.718481070546E-04
    1.361837729604E-03    0.000000000000E+00   -4.734023450916E-04   -2.466666782651E-04    1.609327256515E-04    1.000193010554E-04    5.400003663613E-05    2.301403508804E-05   -4.709518155259E-06   -4.633508712771E-06
   -2.042841878707E-03    4.734023450916E-04    0.000000000000E+00    7.273082655440E-04   -3.889293026716E-04   -2.408455905755E-04   -1.325422476529E-04   -5.598490297424E-05    8.900964611911E-06    1.563671133686E-05
   -1.111036239453E-03    2.466666782651E-04   -7.273082655440E-04    0.000000000000E+00   -5.847947470770E-04   -3.102630350255E-04   -1.801909410329E-04   -8.355081399829E-05    1.754933082583E-05    2.014839091632E-05
    3.093127247945E-04   -1.609327256515E-04    3.889293026716E-04    5.847947470771E-04    0.000000000000E+00    4.063807825678E-04    2.167563894469E-04    1.182930903042E-04   -4.227428709027E-05   -8.946626712614E-06
   -1.123148372428E-04   -1.000193010554E-04    2.408455905755E-04    3.102630350255E-04   -4.063807825679E-04    0.000000000000E+00    2.791252644924E-04    1.518732746454E-04   -7.810729801978E-05    1.823588232852E-05
   -2.887956743695E-04   -5.400003663613E-05    1.325422476529E-04    1.801909410329E-04   -2.167563894469E-04   -2.791252644924E-04    0.000000000000E+00    1.970916225145E-04   -1.105457507553E-04    5.375555960186E-05
   -3.346748520292E-04   -2.301403508804E-05    5.598490297423E-05    8.355081399829E-05   -1.182930903042E-04   -1.518732746454E-04   -1.970916225144E-04    0.000000000000E+00   -1.442938197682E-04    8.392864226983E-05
    3.167206121943E-04    4.709518155260E-06   -8.900964611911E-06   -1.754933082584E-05    4.227428709026E-05    7.810729801977E-05    1.105457507553E-04    1.442938197681E-04    0.000000000000E+00   -1.093965663551E-04
   -2.718481070546E-04    4.633508712771E-06   -1.563671133686E-05   -2.014839091632E-05    8.946626712614E-06   -1.823588232852E-05   -5.375555960186E-05   -8.392864226982E-05    1.093965663551E-04    0.000000000000E+00
   17.492353085125092     
    0.000000000000E+00   -1.321605063530E-03    2.006184437273E-03    1.110118918273E-03   -3.219868526384E-04    9.842226024549E-05    2.776338125125E-04    3.270309276241E-04   -3.122368239710E-04    2.697864412672E-04
    1.321605063530E-03    0.000000000000E+00   -4.621930833803E-04   -2.405576609553E-04    1.574297672530E-04    9.863374280024E-05    5.394909944096E-05    2.356602477857E-05   -5.399790067930E-06   -4.027941895115E-06
   -2.006184437273E-03    4.621930833803E-04    0.000000000000E+00    7.147829948777E-04   -3.823005746905E-04   -2.381796999607E-04   -1.327566281714E-04   -5.763092745141E-05    1.087447391878E-05    1.391603870452E-05
   -1.110118918273E-03    2.405576609553E-04   -7.147829948777E-04    0.000000000000E+00   -5.788185422664E-04   -3.073383658122E-04   -1.800480353657E-04   -8.535969179449E-05    2.008593815022E-05    1.775984922431E-05
    3.219868526383E-04   -1.574297672530E-04    3.823005746905E-04    5.788185422664E-04    0.000000000000E+00    4.040924886860E-04    2.157258709161E-04    1.191211316852E-04   -4.441372000592E-05   -6.454806840311E-06
   -9.842226024549E-05   -9.863374280024E-05    2.381796999607E-04    3.073383658122E-04   -4.040924886860E-04    0.000000000000E+00    2.782385834246E-04    1.515024612597E-04   -7.911226716170E-05    2.022669611638E-05
   -2.776338125125E-04   -5.394909944096E-05    1.327566281714E-04    1.800480353657E-04   -2.157258709162E-04   -2.782385834246E-04    0.000000000000E+00    1.966758626607E-04   -1.103753794580E-04    5.470260870027E-05
   -3.270309276241E-04   -2.356602477857E-05    5.763092745141E-05    8.535969179449E-05   -1.191211316852E-04   -1.515024612598E-04   -1.966758626607E-04    0.000000000000E+00   -1.440233535408E-04    8.381256722902E-05
    3.122368239710E-04    5.399790067929E-06   -1.087447391878E-05   -2.008593815022E-05    4.441372000592E-05    7.911226716170E-05    1.103753794580E-04    1.440233535407E-04    0.000000000000E+00   -1.091637536484E-04
   -2.697864412672E-04    4.027941895114E-06   -1.391603870452E-05   -1.775984922431E-05    6.454806840311E-06   -2.022669611638E-05   -5.470260870027E-05   -8.381256722903E-05    1.091637536484E-04    0.000000000000E+00
   17.640907425405622     
    0.000000000000E+00   -1.282700504389E-03    1.969920478920E-03    1.108641299640E-03   -3.341489186388E-04    8.482987230100E-05    2.665929464699E-04    3.193846061919E-04   -3.076807859671E-04    2.676253015618E-04
    1.282700504389E-03    0.000000000000E+00   -4.512950507360E-04   -2.346228277942E-04    1.539895194974E-04    9.723347779141E-05    5.385571241628E-05    2.407825340314E-05   -6.063465934012E-06   -3.435915901456E-06
   -1.969920478920E-03    4.512950507360E-04    0.000000000000E+00    7.024605815700E-04   -3.757476595705E-04   -2.354606967299E-04   -1.328586203266E-04   -5.917123499450E-05    1.277691623292E-05    1.223092503042E-05
   -1.108641299640E-03    2.346228277942E-04   -7.024605815700E-04    0.000000000000E+00   -5.728564085555E-04   -3.043851208655E-04   -1.798044184966E-04   -8.704880986028E-05    2.253052978024E-05    1.542153786328E-05
    3.341489186388E-04   -1.539895194974E-04    3.757476595705E-04    5.728564085555E-04    0.000000000000E+00    4.017891843187E-04    2.146600225053E-04    1.198647826708E-04   -4.646085205669E-05   -4.027803245308E-06
   -8.482987230100E-05   -9.723347779141E-05    2.354606967299E-04    3.043851208655E-04   -4.017891843187E-04    0.000000000000E+00    2.773470496103E-04    1.511075622076E-04   -8.005256984699E-05    2.214687878916E-05
   -2.665929464699E-04   -5.385571241628E-05    1.328586203266E-04    1.798044184966E-04   -2.146600225053E-04   -2.773470496103E-04    0.000000000000E+00    1.962647511020E-04   -1.101892822243E-04    5.559807046152E-05
   -3.193846061919E-04   -2.407825340314E-05    5.917123499450E-05    8.704880986027E-05   -1.198647826708E-04   -1.511075622076E-04   -1.962647511021E-04    0.000000000000E+00   -1.437623606874E-04    8.368543199522E-05
    3.076807859671E-04    6.063465934013E-06   -1.277691623292E-05   -2.253052978024E-05    4.646085205669E-05    8.005256984699E-05    1.101892822243E-04    1.437623606874E-04    0.000000000000E+00   -1.089422934783E-04
   -2.676253015618E-04    3.435915901456E-06   -1.223092503042E-05   -1.542153786328E-05    4.027803245309E-06   -2.214687878916E-05   -5.559807046152E-05   -8.368543199522E-05    1.089422934783E-04    0.000000000000E+00
   17.790089902431514     
    0.000000000000E+00   -1.245076284050E-03    1.934062945279E-03    1.106626885851E-03   -3.458082431897E-04    7.153698959656E-05    2.556769924934E-04    3.117415234113E-04   -3.030577763771E-04    2.653685055112E-04
    1.245076284050E-03    0.000000000000E+00   -4.406980279317E-04   -2.288571626264E-04    1.506124252958E-04    9.582114860557E-05    5.372212745982E-05    2.455186084980E-05   -6.700790143980E-06   -2.857672505317E-06
   -1.934062945279E-03    4.406980279317E-04    0.000000000000E+00    6.903390684706E-04   -3.692728768008E-04   -2.326946173438E-04   -1.328536091896E-04   -6.060857235110E-05    1.460873007806E-05    1.058220684170E-05
   -1.106626885851E-03    2.288571626264E-04   -6.903390684706E-04    0.000000000000E+00   -5.669097784773E-04   -3.014065948511E-04   -1.794648758741E-04   -8.862144741474E-05    2.488391141874E-05    1.313439354032E-05
    3.458082431897E-04   -1.506124252958E-04    3.692728768008E-04    5.669097784773E-04    0.000000000000E+00    3.994709767537E-04    2.135607003220E-04    1.205270523626E-04   -4.841750308408E-05   -1.665653476435E-06
   -7.153698959656E-05   -9.582114860557E-05    2.326946173438E-04    3.014065948511E-04   -3.994709767537E-04    0.000000000000E+00    2.764501055070E-04    1.506897248573E-04   -8.093040294303E-05    2.399770847438E-05
   -2.556769924934E-04   -5.372212745982E-05    1.328536091896E-04    1.794648758741E-04   -2.135607003220E-04   -2.764501055070E-04    0.000000000000E+00    1.958576307567E-04   -1.099883478438E-04    5.644377112050E-05
   -3.117415234113E-04   -2.455186084980E-05    6.060857235110E-05    8.862144741475E-05   -1.205270523626E-04   -1.506897248573E-04   -1.958576307566E-04    0.000000000000E+00   -1.435102519248E-04    8.354801254559E-05
    3.030577763771E-04    6.700790143979E-06   -1.460873007806E-05   -2.488391141874E-05    4.841750308408E-05    8.093040294303E-05    1.099883478437E-04    1.435102519248E-04    0.000000000000E+00   -1.087316837455E-04
   -2.653685055112E-04    2.857672505317E-06   -1.058220684170E-05   -1.313439354032E-05    1.665653476433E-06   -2.399770847438E-05   -5.644377112050E-05   -8.354801254559E-05    1.087316837455E-04    0.000000000000E+00
   17.939900516202790     
    0.000000000000E+00   -1.208686498706E-03    1.898623563072E-03    1.104098721632E-03   -3.569742306552E-04    5.854267410061E-05    2.448895723797E-04    3.041070861566E-04   -2.983729604734E-04    2.630198656490E-04
    1.208686498706E-03    0.000000000000E+00   -4.303922218656E-04   -2.232557614051E-04    1.472987854708E-04    9.439925290012E-05    5.355053819123E-05    2.498799380934E-05   -7.312039926733E-06   -2.293419864758E-06
   -1.898623563072E-03    4.303922218656E-04    0.000000000000E+00    6.784164687661E-04   -3.628782966636E-04   -2.298872128483E-04   -1.327468619963E-04   -6.194572287450E-05    1.637045461781E-05    8.970622908724E-06
   -1.104098721632E-03    2.232557614051E-04   -6.784164687662E-04    0.000000000000E+00   -5.609800891986E-04   -2.984059520853E-04   -1.790340718703E-04   -9.008089281416E-05    2.714699067605E-05    1.089923675597E-05
    3.569742306552E-04   -1.472987854708E-04    3.628782966636E-04    5.609800891986E-04    0.000000000000E+00    3.971380306048E-04    2.124296971810E-04    1.211108839745E-04   -5.028551803286E-05    6.316900031992E-07
   -5.854267410061E-05   -9.439925290012E-05    2.298872128483E-04    2.984059520853E-04   -3.971380306047E-04    0.000000000000E+00    2.755472403270E-04    1.502500442424E-04   -8.174790641883E-05    2.578047957130E-05
   -2.448895723797E-04   -5.355053819123E-05    1.327468619963E-04    1.790340718703E-04   -2.124296971810E-04   -2.755472403270E-04    0.000000000000E+00    1.954538754984E-04   -1.097734154227E-04    5.724148404297E-05
   -3.041070861566E-04   -2.498799380934E-05    6.194572287450E-05    9.008089281416E-05   -1.211108839745E-04   -1.502500442424E-04   -1.954538754984E-04    0.000000000000E+00   -1.432664591453E-04    8.340103868566E-05
    2.983729604734E-04    7.312039926734E-06   -1.637045461781E-05   -2.714699067605E-05    5.028551803286E-05    8.174790641882E-05    1.097734154227E-04    1.432664591453E-04    0.000000000000E+00   -1.085314382167E-04
   -2.630198656490E-04    2.293419864758E-06   -8.970622908721E-06   -1.089923675597E-05   -6.316900032007E-07   -2.578047957130E-05   -5.724148404297E-05   -8.340103868566E-05    1.085314382167E-04    0.000000000000E+00
   18.090339266719429     
    0.000000000000E+00   -1.173486981158E-03    1.863612817941E-03    1.101079328125E-03   -3.676563225317E-04    4.584576610716E-05    2.342340336486E-04    2.964864804226E-04   -2.936313894297E-04    2.605831837996E-04
    1.173486981158E-03    0.000000000000E+00   -4.203682086227E-04   -2.178138195347E-04    1.440487620895E-04    9.297014406059E-05    5.334307666043E-05    2.538780162676E-05   -7.897522197577E-06   -1.743334239547E-06
   -1.863612817941E-03    4.203682086227E-04    0.000000000000E+00    6.666907176426E-04   -3.565657336286E-04   -2.270439458180E-04   -1.325435184620E-04   -6.318549509154E-05    1.806272119852E-05    7.396818563611E-06
   -1.101079328125E-03    2.178138195347E-04   -6.666907176426E-04    0.000000000000E+00   -5.550687388671E-04   -2.953862145554E-04   -1.785165414852E-04   -9.143043280776E-05    2.932076780718E-05    8.716776878294E-06
    3.676563225317E-04   -1.440487620895E-04    3.565657336286E-04    5.550687388671E-04    0.000000000000E+00    3.947905379291E-04    2.112687347590E-04    1.216191495368E-04   -5.206675986432E-05    2.864354060602E-06
   -4.584576610716E-05   -9.297014406059E-05    2.270439458180E-04    2.953862145554E-04   -3.947905379291E-04    0.000000000000E+00    2.746379709074E-04    1.497895588699E-04   -8.250716032154E-05    2.749649780328E-05
   -2.342340336486E-04   -5.334307666043E-05    1.325435184620E-04    1.785165414851E-04   -2.112687347590E-04   -2.746379709074E-04    0.000000000000E+00    1.950528774260E-04   -1.095452721607E-04    5.799292782613E-05
   -2.964864804226E-04   -2.538780162676E-05    6.318549509154E-05    9.143043280776E-05   -1.216191495368E-04   -1.497895588699E-04   -1.950528774260E-04    0.000000000000E+00   -1.430304263564E-04    8.324519283972E-05
    2.936313894297E-04    7.897522197577E-06   -1.806272119852E-05   -2.932076780718E-05    5.206675986432E-05    8.250716032154E-05    1.095452721607E-04    1.430304263564E-04    0.000000000000E+00   -1.083410797160E-04
   -2.605831837996E-04    1.743334239547E-06   -7.396818563611E-06   -8.716776878294E-06   -2.864354060600E-06   -2.749649780329E-05   -5.799292782612E-05   -8.324519283972E-05    1.083410797160E-04    0.000000000000E+00
   18.241406153981448     
    0.000000000000E+00   -1.139435230684E-03    1.829040013263E-03    1.097590695999E-03   -3.778639831462E-04    3.344489953652E-05    2.237134610797E-04    2.888846753419E-04   -2.888379976477E-04    2.580622450095E-04
    1.139435230684E-03    0.000000000000E+00   -4.106169147358E-04   -2.125266333227E-04    1.408623884099E-04    9.153603570055E-05    5.310181243065E-05    2.575243356482E-05   -8.457571193558E-06   -1.207561306178E-06
   -1.829040013263E-03    4.106169147359E-04    0.000000000000E+00    6.551596748152E-04   -3.503367589761E-04   -2.241699972406E-04   -1.322485869824E-04   -6.433071470526E-05    1.968624674494E-05    5.861349125355E-06
   -1.097590695999E-03    2.125266333227E-04   -6.551596748152E-04    0.000000000000E+00   -5.491770809694E-04   -2.923502642915E-04   -1.779166894639E-04   -9.267334606773E-05    3.140632880114E-05    6.587616068181E-06
    3.778639831462E-04   -1.408623884099E-04    3.503367589761E-04    5.491770809694E-04    0.000000000000E+00    3.924287126334E-04    2.100794649247E-04    1.220546494158E-04   -5.376310528565E-05    5.032540663369E-06
   -3.344489953652E-05   -9.153603570054E-05    2.241699972406E-04    2.923502642915E-04   -3.924287126334E-04    0.000000000000E+00    2.737218378493E-04    1.493092524186E-04   -8.321018497627E-05    2.914707721224E-05
   -2.237134610797E-04   -5.310181243065E-05    1.322485869824E-04    1.779166894639E-04   -2.100794649247E-04   -2.737218378494E-04    0.000000000000E+00    1.946540442018E-04   -1.093046551657E-04    5.869976670316E-05
   -2.888846753419E-04   -2.575243356482E-05    6.433071470526E-05    9.267334606773E-05   -1.220546494157E-04   -1.493092524186E-04   -1.946540442018E-04    0.000000000000E+00   -1.428016079211E-04    8.308111186356E-05
    2.888379976477E-04    8.457571193558E-06   -1.968624674494E-05   -3.140632880114E-05    5.376310528565E-05    8.321018497628E-05    1.093046551657E-04    1.428016079211E-04    0.000000000000E+00   -1.081601390554E-04
   -2.580622450095E-04    1.207561306178E-06   -5.861349125355E-06   -6.587616068183E-06   -5.032540663368E-06   -2.914707721224E-05   -5.869976670316E-05   -8.308111186356E-05    1.081601390554E-04    0.000000000000E+00
   18.393101177988832     
    0.000000000000E+00   -1.106490346896E-03    1.794913329124E-03    1.093654281309E-03   -3.876066875642E-04    2.133851536231E-05    2.133306872320E-04    2.813064270634E-04   -2.839976004633E-04    2.554608119713E-04
    1.106490346896E-03    0.000000000000E+00   -4.011296011607E-04   -2.073896017753E-04    1.377395788247E-04    9.009900651082E-05    5.282875208947E-05    2.608303636477E-05   -8.992546243691E-06   -6.862174535577E-07
   -1.794913329124E-03    4.011296011607E-04    0.000000000000E+00    6.438211302591E-04   -3.441927145559E-04   -2.212702745536E-04   -1.318669420308E-04   -6.538421740934E-05    2.124182749689E-05    4.364683307820E-06
   -1.093654281309E-03    2.073896017753E-04   -6.438211302591E-04    0.000000000000E+00   -5.433064228966E-04   -2.893008475752E-04   -1.772387907626E-04   -9.381289772786E-05    3.340483896830E-05    4.512253121640E-06
    3.876066875642E-04   -1.377395788247E-04    3.441927145559E-04    5.433064228965E-04    0.000000000000E+00    3.900527890582E-04    2.088634727967E-04    1.224201129469E-04   -5.537644122280E-05    7.136522978656E-06
   -2.133851536229E-05   -9.009900651082E-05    2.212702745536E-04    2.893008475752E-04   -3.900527890583E-04    0.000000000000E+00    2.727984054307E-04    1.488100568983E-04   -8.385894205722E-05    3.073353772503E-05
   -2.133306872320E-04   -5.282875208947E-05    1.318669420308E-04    1.772387907626E-04   -2.088634727967E-04   -2.727984054307E-04    0.000000000000E+00    1.942567993592E-04   -1.090522543065E-04    5.936361155537E-05
   -2.813064270634E-04   -2.608303636477E-05    6.538421740934E-05    9.381289772786E-05   -1.224201129469E-04   -1.488100568983E-04   -1.942567993592E-04    0.000000000000E+00   -1.425794687144E-04    8.290938943934E-05
    2.839976004633E-04    8.992546243691E-06   -2.124182749689E-05   -3.340483896830E-05    5.537644122280E-05    8.385894205721E-05    1.090522543065E-04    1.425794687143E-04    0.000000000000E+00   -1.079881549103E-04
   -2.554608119713E-04    6.862174535577E-07   -4.364683307820E-06   -4.512253121640E-06   -7.136522978656E-06   -3.073353772503E-05   -5.936361155538E-05   -8.290938943935E-05    1.079881549103E-04    0.000000000000E+00
   18.545424338741594     
    0.000000000000E+00   -1.074613042266E-03    1.761240011304E-03    1.089291100099E-03   -3.968939685684E-04    9.524841430974E-06    2.030882844636E-04    2.737562729799E-04   -2.791148872025E-04    2.527826174855E-04
    1.074613042266E-03    0.000000000000E+00   -3.918979048799E-04   -2.023982511862E-04    1.346801500282E-04    8.866101160608E-05    5.252584275284E-05    2.638075424256E-05   -9.502830978572E-06   -1.793902649327E-07
   -1.761240011304E-03    3.918979048799E-04    0.000000000000E+00    6.326728939563E-04   -3.381347598449E-04   -2.183494371166E-04   -1.314033318474E-04   -6.634884786614E-05    2.273033631519E-05    2.907204664398E-06
   -1.089291100099E-03    2.023982511862E-04   -6.326728939563E-04    0.000000000000E+00   -5.374580928676E-04   -2.862406060936E-04   -1.764870051742E-04   -9.485234217371E-05    3.531754131992E-05    2.491084662630E-06
    3.968939685684E-04   -1.346801500282E-04    3.381347598449E-04    5.374580928677E-04    0.000000000000E+00    3.876630681717E-04    2.076222986369E-04    1.227182090649E-04   -5.690866715193E-05    9.176644847618E-06
   -9.524841430997E-06   -8.866101160607E-05    2.183494371166E-04    2.862406060936E-04   -3.876630681717E-04    0.000000000000E+00    2.718672937735E-04    1.482928687492E-04   -8.445534266581E-05    3.225720688317E-05
   -2.030882844636E-04   -5.252584275284E-05    1.314033318474E-04    1.764870051742E-04   -2.076222986369E-04   -2.718672937735E-04    0.000000000000E+00    1.938606049137E-04   -1.087887241937E-04    5.998602596812E-05
   -2.737562729799E-04   -2.638075424256E-05    6.634884786614E-05    9.485234217371E-05   -1.227182090649E-04   -1.482928687492E-04   -1.938606049137E-04    0.000000000000E+00   -1.423635003181E-04    8.273058514620E-05
    2.791148872025E-04    9.502830978571E-06   -2.273033631519E-05   -3.531754131992E-05    5.690866715193E-05    8.445534266582E-05    1.087887241937E-04    1.423635003181E-04    0.000000000000E+00   -1.078246856938E-04
   -2.527826174855E-04    1.793902649331E-07   -2.907204664398E-06   -2.491084662630E-06   -9.176644847622E-06   -3.225720688317E-05   -5.998602596812E-05   -8.273058514619E-05    1.078246856938E-04    0.000000000000E+00
   18.698375636239721     
    0.000000000000E+00   -1.043765420653E-03    1.728026152595E-03    1.084521525360E-03   -4.057352861036E-04   -1.998027348570E-06    1.929886126883E-04    2.662385560929E-04   -2.741944295787E-04    2.500313637420E-04
    1.043765420653E-03    0.000000000000E+00   -3.829137041008E-04   -1.975481867681E-04    1.316838050896E-04    8.722387351855E-05    5.219496388866E-05    2.664672199024E-05   -9.988828421111E-06    3.128585443154E-07
   -1.728026152595E-03    3.829137041008E-04    0.000000000000E+00    6.217126234186E-04   -3.321638131381E-04   -2.154118676024E-04   -1.308623560995E-04   -6.722744128075E-05    2.415270969449E-05    1.489219122164E-06
   -1.084521525360E-03    1.975481867681E-04   -6.217126234185E-04    0.000000000000E+00   -5.316332939673E-04   -2.831720230937E-04   -1.756653481835E-04   -9.579490132313E-05    3.714574071912E-05    5.244146645448E-07
    4.057352861036E-04   -1.316838050896E-04    3.321638131381E-04    5.316332939673E-04    0.000000000000E+00    3.852598131578E-04    2.063573991344E-04    1.229515253820E-04   -5.836167967926E-05    1.115330999559E-05
    1.998027348570E-06   -8.722387351855E-05    2.154118676024E-04    2.831720230937E-04   -3.852598131578E-04    0.000000000000E+00    2.709281071020E-04    1.477585225463E-04   -8.500123310864E-05    3.371940899071E-05
   -1.929886126883E-04   -5.219496388866E-05    1.308623560995E-04    1.756653481834E-04   -2.063573991343E-04   -2.709281071020E-04    0.000000000000E+00    1.934649114379E-04   -1.085146661414E-04    6.056851635749E-05
   -2.662385560929E-04   -2.664672199024E-05    6.722744128076E-05    9.579490132314E-05   -1.229515253820E-04   -1.477585225463E-04   -1.934649114380E-04    0.000000000000E+00   -1.421531854732E-04    8.254521184602E-05
    2.741944295787E-04    9.988828421111E-06   -2.415270969449E-05   -3.714574071912E-05    5.836167967926E-05    8.500123310863E-05    1.085146661414E-04    1.421531854732E-04    0.000000000000E+00   -1.076692836890E-04
   -2.500313637420E-04   -3.128585443162E-07   -1.489219122163E-06   -5.244146645448E-07   -1.115330999559E-05   -3.371940899071E-05   -6.056851635748E-05   -8.254521184602E-05    1.076692836889E-04    0.000000000000E+00
   18.851955070483228     
    0.000000000000E+00   -1.013911088398E-03    1.695277037727E-03    1.079365500465E-03   -4.141401454128E-04   -1.323219014202E-05    1.830337888211E-04    2.587574078130E-04   -2.692406697279E-04    2.472107130996E-04
    1.013911088398E-03    0.000000000000E+00   -3.741692318331E-04   -1.928351452751E-04    1.287501682515E-04    8.578930162707E-05    5.183793592918E-05    2.688206811298E-05   -1.045096201794E-05    7.904936256752E-07
   -1.695277037727E-03    3.741692318331E-04    0.000000000000E+00    6.109380173151E-04   -3.262806397016E-04   -2.124617193200E-04   -1.302484868205E-04   -6.802283039533E-05    2.550994961581E-05    1.109540663404E-07
   -1.079365500465E-03    1.928351452751E-04   -6.109380173151E-04    0.000000000000E+00   -5.258332568983E-04   -2.800974886432E-04   -1.747777237951E-04   -9.664377817330E-05    3.889080843305E-05   -1.387547604837E-06
    4.141401454128E-04   -1.287501682515E-04    3.262806397016E-04    5.258332568983E-04    0.000000000000E+00    3.828433569581E-04    2.050701937715E-04    1.231225919234E-04   -5.973738257274E-05    1.306698584130E-05
    1.323219014202E-05   -8.578930162707E-05    2.124617193200E-04    2.800974886432E-04   -3.828433569581E-04    0.000000000000E+00    2.699805087971E-04    1.472078243306E-04   -8.549841228708E-05    3.512147235624E-05
   -1.830337888211E-04   -5.183793592918E-05    1.302484868205E-04    1.747777237951E-04   -2.050701937715E-04   -2.699805087971E-04    0.000000000000E+00    1.930692108810E-04   -1.082306523462E-04    6.111254469320E-05
   -2.587574078130E-04   -2.688206811298E-05    6.802283039533E-05    9.664377817330E-05   -1.231225919234E-04   -1.472078243306E-04   -1.930692108810E-04    0.000000000000E+00   -1.419480357508E-04    8.235375345092E-05
    2.692406697279E-04    1.045096201794E-05   -2.550994961581E-05   -3.889080843305E-05    5.973738257274E-05    8.549841228708E-05    1.082306523462E-04    1.419480357508E-04    0.000000000000E+00   -1.075215223064E-04
   -2.472107130996E-04   -7.904936256752E-07   -1.109540663425E-07    1.387547604835E-06   -1.306698584130E-05   -3.512147235624E-05   -6.111254469320E-05   -8.235375345092E-05    1.075215223064E-04    0.000000000000E+00
   19.006162641472102     
    0.000000000000E+00   -9.850150350966E-04    1.662997090494E-03    1.073842464403E-03   -4.221180439417E-04   -2.417990470052E-05    1.732257097085E-04    2.513167594568E-04   -2.642579226133E-04    2.443242850392E-04
    9.850150350965E-04    0.000000000000E+00   -3.656570162273E-04   -1.882549762007E-04    1.258787834122E-04    8.435889162504E-05    5.145651742992E-05    2.708791123091E-05   -1.088967267852E-05    1.253504141572E-06
   -1.662997090494E-03    3.656570162273E-04    0.000000000000E+00    6.003467527093E-04   -3.204858364329E-04   -2.095029105996E-04   -1.295660599480E-04   -6.873783550889E-05    2.680311544464E-05   -1.227436754060E-06
   -1.073842464403E-03    1.882549762007E-04   -6.003467527093E-04    0.000000000000E+00   -5.200591847073E-04   -2.770192817433E-04   -1.738279144918E-04   -9.740214638397E-05    4.055417286936E-05   -3.244681637725E-06
    4.221180439417E-04   -1.258787834122E-04    3.204858364329E-04    5.200591847073E-04    0.000000000000E+00    3.804140621465E-04    2.037620516573E-04    1.232338738551E-04   -6.103767941330E-05    1.491819734297E-05
    2.417990470052E-05   -8.435889162504E-05    2.095029105996E-04    2.770192817433E-04   -3.804140621465E-04    0.000000000000E+00    2.690241940030E-04    1.466415431069E-04   -8.594862711965E-05    3.646472420977E-05
   -1.732257097085E-04   -5.145651742992E-05    1.295660599480E-04    1.738279144918E-04   -2.037620516573E-04   -2.690241940030E-04    0.000000000000E+00    1.926730175902E-04   -1.079372204161E-04    6.161952554703E-05
   -2.513167594568E-04   -2.708791123091E-05    6.873783550889E-05    9.740214638398E-05   -1.232338738551E-04   -1.466415431069E-04   -1.926730175901E-04    0.000000000000E+00   -1.417475781107E-04    8.215666137554E-05
    2.642579226133E-04    1.088967267852E-05   -2.680311544464E-05   -4.055417286936E-05    6.103767941330E-05    8.594862711965E-05    1.079372204161E-04    1.417475781107E-04    0.000000000000E+00   -1.073809864053E-04
   -2.443242850392E-04   -1.253504141572E-06    1.227436754062E-06    3.244681637727E-06   -1.491819734297E-05   -3.646472420977E-05   -6.161952554703E-05   -8.215666137555E-05    1.073809864054E-04    0.000000000000E+00
   19.160998349206352     
    0.000000000000E+00   -9.570435086918E-04    1.631189797463E-03    1.067971255673E-03   -4.296784028881E-04   -3.484354216549E-05    1.635660811761E-04    2.439203577808E-04   -2.592503811419E-04    2.413756548456E-04
    9.570435086918E-04    0.000000000000E+00   -3.573698131205E-04   -1.838036187095E-04    1.230691099970E-04    8.293412364249E-05    5.105240156003E-05    2.726535609190E-05   -1.130541553344E-05    1.701901682985E-06
   -1.631189797463E-03    3.573698131205E-04    0.000000000000E+00    5.899364057867E-04   -3.147798089648E-04   -2.065391152974E-04   -1.288192649277E-04   -6.937525339491E-05    2.803331503327E-05   -2.525867673877E-06
   -1.067971255673E-03    1.838036187095E-04   -5.899364057867E-04    0.000000000000E+00   -5.143121818779E-04   -2.739395457670E-04   -1.728195677604E-04   -9.807313799283E-05    4.213730909854E-05   -5.046948817650E-06
    4.296784028881E-04   -1.230691099970E-04    3.147798089648E-04    5.143121818779E-04    0.000000000000E+00    3.779722686763E-04    2.024342732228E-04    1.232877615169E-04   -6.226446472451E-05    1.670751983534E-05
    3.484354216549E-05   -8.293412364249E-05    2.065391152974E-04    2.739395457670E-04   -3.779722686763E-04    0.000000000000E+00    2.680588534976E-04    1.460603985917E-04   -8.635356596052E-05    3.775048448656E-05
   -1.635660811761E-04   -5.105240156003E-05    1.288192649277E-04    1.728195677604E-04   -2.024342732228E-04   -2.680588534976E-04    0.000000000000E+00    1.922758431440E-04   -1.076348651599E-04    6.209082166711E-05
   -2.439203577808E-04   -2.726535609191E-05    6.937525339491E-05    9.807313799282E-05   -1.232877615169E-04   -1.460603985917E-04   -1.922758431440E-04    0.000000000000E+00   -1.415513369092E-04    8.195434892338E-05
    2.592503811419E-04    1.130541553344E-05   -2.803331503327E-05   -4.213730909854E-05    6.226446472451E-05    8.635356596052E-05    1.076348651599E-04    1.415513369092E-04    0.000000000000E+00   -1.072472590912E-04
   -2.413756548456E-04   -1.701901682985E-06    2.525867673875E-06    5.046948817651E-06   -1.670751983534E-05   -3.775048448656E-05   -6.209082166712E-05   -8.195434892338E-05    1.072472590912E-04    0.000000000000E+00
   19.316462193685968     
    0.000000000000E+00   -9.299640925542E-04    1.599857984802E-03    1.061770287992E-03   -4.368306655207E-04   -4.522563874541E-05    1.540563922029E-04    2.365717505610E-04   -2.542221059461E-04    2.383683453222E-04
    9.299640925542E-04    0.000000000000E+00   -3.493006932971E-04   -1.794771421662E-04    1.203205509511E-04    8.151637854909E-05    5.062722347939E-05    2.741549620011E-05   -1.169866068166E-05    2.135720541488E-06
   -1.599857984802E-03    3.493006932971E-04    0.000000000000E+00    5.797046064984E-04   -3.091628434214E-04   -2.035738026246E-04   -1.280121628026E-04   -6.993786323535E-05    2.920170595223E-05   -3.784321452708E-06
   -1.061770287992E-03    1.794771421662E-04   -5.797046064984E-04    0.000000000000E+00   -5.085933786767E-04   -2.708603422504E-04   -1.717562237188E-04   -9.865985484815E-05    4.364174235510E-05   -6.794393656164E-06
    4.368306655207E-04   -1.203205509511E-04    3.091628434214E-04    5.085933786767E-04    0.000000000000E+00    3.755183819913E-04    2.010881284797E-04    1.232865903726E-04   -6.341963241651E-05    1.843558200087E-05
    4.522563874541E-05   -8.151637854909E-05    2.035738026246E-04    2.708603422504E-04   -3.755183819913E-04    0.000000000000E+00    2.670842354493E-04    1.454650888395E-04   -8.671487335240E-05    3.898007203267E-05
   -1.540563922029E-04   -5.062722347939E-05    1.280121628026E-04    1.717562237188E-04   -2.010881284798E-04   -2.670842354493E-04    0.000000000000E+00    1.918772399386E-04   -1.073240587487E-04    6.252775489620E-05
   -2.365717505610E-04   -2.741549620011E-05    6.993786323534E-05    9.865985484816E-05   -1.232865903726E-04   -1.454650888395E-04   -1.918772399386E-04    0.000000000000E+00   -1.413588651832E-04    8.174720623574E-05
    2.542221059461E-04    1.169866068166E-05   -2.920170595223E-05   -4.364174235511E-05    6.341963241651E-05    8.671487335239E-05    1.073240587487E-04    1.413588651832E-04    0.000000000000E+00   -1.071199446194E-04
   -2.383683453222E-04   -2.135720541488E-06    3.784321452708E-06    6.794393656162E-06   -1.843558200087E-05   -3.898007203267E-05   -6.252775489620E-05   -8.174720623575E-05    1.071199446194E-04    0.000000000000E+00
   19.472554174910961     
    0.000000000000E+00   -9.037455379509E-04    1.569003655897E-03    1.055257393304E-03   -4.435841918266E-04   -5.532882975528E-05    1.446979556883E-04    2.292743090141E-04   -2.491770345996E-04    2.353058277684E-04
    9.037455379509E-04    0.000000000000E+00   -3.414429406393E-04   -1.752717078389E-04    1.176324403152E-04    8.010693178002E-05    5.018255464387E-05    2.753940863480E-05   -1.206988921809E-05    2.555015133068E-06
   -1.569003655897E-03    3.414429406393E-04    0.000000000000E+00    5.696489053729E-04   -3.036350609762E-04   -2.006102164288E-04   -1.271486702326E-04   -7.042841256896E-05    3.030948476990E-05   -5.002842458775E-06
   -1.055257393304E-03    1.752717078389E-04   -5.696489053729E-04    0.000000000000E+00   -5.029038165864E-04   -2.677836086497E-04   -1.706412928195E-04   -9.916535173755E-05    4.506903490533E-05   -8.487135162989E-06
    4.435841918265E-04   -1.176324403152E-04    3.036350609762E-04    5.029038165864E-04    0.000000000000E+00    3.730527897591E-04    1.997248260237E-04    1.232326245744E-04   -6.450506347934E-05    2.010305667252E-05
    5.532882975529E-05   -8.010693178001E-05    2.006102164289E-04    2.677836086497E-04   -3.730527897591E-04    0.000000000000E+00    2.661000879338E-04    1.448562690569E-04   -8.703413883962E-05    4.015479594855E-05
   -1.446979556883E-04   -5.018255464387E-05    1.271486702326E-04    1.706412928194E-04   -1.997248260237E-04   -2.661000879338E-04    0.000000000000E+00    1.914767611186E-04   -1.070052361322E-04    6.293159843519E-05
   -2.292743090141E-04   -2.753940863480E-05    7.042841256896E-05    9.916535173754E-05   -1.232326245744E-04   -1.448562690569E-04   -1.914767611186E-04    0.000000000000E+00   -1.411697159275E-04    8.153558997781E-05
    2.491770345997E-04    1.206988921809E-05   -3.030948476990E-05   -4.506903490533E-05    6.450506347934E-05    8.703413883963E-05    1.070052361322E-04    1.411697159275E-04    0.000000000000E+00   -1.069986471761E-04
   -2.353058277684E-04   -2.555015133068E-06    5.002842458776E-06    8.487135162989E-06   -2.010305667252E-05   -4.015479594854E-05   -6.293159843519E-05   -8.153558997781E-05    1.069986471761E-04    0.000000000000E+00
   19.629274292881323     
    0.000000000000E+00   -8.783577992613E-04    1.538628184652E-03    1.048449939205E-03   -4.499483216816E-04   -6.515588147610E-05    1.354918937956E-04    2.220312198309E-04   -2.441189751190E-04    2.321915156657E-04
    8.783577992614E-04    0.000000000000E+00   -3.337901054407E-04   -1.711835944788E-04    1.150040630524E-04    7.870696536997E-05    4.971990799813E-05    2.763815549700E-05   -1.241959327628E-05    2.959859809928E-06
   -1.538628184652E-03    3.337901054407E-04    0.000000000000E+00    5.597668750704E-04   -2.981964673381E-04   -1.976514038365E-04   -1.262325719647E-04   -7.084962026065E-05    3.135788651434E-05   -6.181535825588E-06
   -1.048449939205E-03    1.711835944788E-04   -5.597668750704E-04    0.000000000000E+00   -4.972445292933E-04   -2.647111944453E-04   -1.694780745609E-04   -9.959264318112E-05    4.642078691464E-05   -1.012536639256E-05
    4.499483216816E-04   -1.150040630524E-04    2.981964673381E-04    4.972445292933E-04    0.000000000000E+00    3.705759186216E-04    1.983455383337E-04    1.231280702748E-04   -6.552263091887E-05    2.171066178371E-05
    6.515588147609E-05   -7.870696536997E-05    1.976514038365E-04    2.647111944453E-04   -3.705759186216E-04    0.000000000000E+00    2.651061985174E-04    1.442345699380E-04   -8.731290693418E-05    4.127595928917E-05
   -1.354918937956E-04   -4.971990799813E-05    1.262325719647E-04    1.694780745609E-04   -1.983455383337E-04   -2.651061985174E-04    0.000000000000E+00    1.910739884673E-04   -1.066788085332E-04    6.330358433339E-05
   -2.220312198309E-04   -2.763815549700E-05    7.084962026065E-05    9.959264318113E-05   -1.231280702748E-04   -1.442345699380E-04   -1.910739884673E-04    0.000000000000E+00   -1.409834621655E-04    8.131983347840E-05
    2.441189751190E-04    1.241959327628E-05   -3.135788651434E-05   -4.642078691464E-05    6.552263091886E-05    8.731290693417E-05    1.066788085331E-04    1.409834621655E-04    0.000000000000E+00   -1.068829857263E-04
   -2.321915156657E-04   -2.959859809928E-06    6.181535825587E-06    1.012536639256E-05   -2.171066178371E-05   -4.127595928917E-05   -6.330358433339E-05   -8.131983347839E-05    1.068829857263E-04    0.000000000000E+00
   19.786622547597066     
    0.000000000000E+00   -8.537719677730E-04    1.508732323640E-03    1.041364807295E-03   -4.559323531101E-04   -7.470967422613E-05    1.264391507744E-04    2.148454924627E-04   -2.390516076298E-04    2.290287623586E-04
    8.537719677730E-04    0.000000000000E+00   -3.263359790458E-04   -1.672091909194E-04    1.124346578233E-04    7.731757057484E-05    4.924073778705E-05    2.771278218011E-05   -1.274827415415E-05    3.350347503399E-06
   -1.508732323640E-03    3.263359790458E-04    0.000000000000E+00    5.500560917866E-04   -2.928469531899E-04   -1.947002186557E-04   -1.252675193191E-04   -7.120417137592E-05    3.234817929755E-05   -7.320563671266E-06
   -1.041364807295E-03    1.672091909194E-04   -5.500560917866E-04    0.000000000000E+00   -4.916165245106E-04   -2.616448573988E-04   -1.682697556168E-04   -9.994469869150E-05    4.769863056750E-05   -1.170934994638E-05
    4.559323531101E-04   -1.124346578233E-04    2.928469531899E-04    4.916165245106E-04    0.000000000000E+00    3.680882201687E-04    1.969513985087E-04    1.229750740006E-04   -6.647419625155E-05    2.325915637448E-05
    7.470967422612E-05   -7.731757057484E-05    1.947002186557E-04    2.616448573988E-04   -3.680882201687E-04    0.000000000000E+00    2.641023849486E-04    1.436005959663E-04   -8.755267647188E-05    4.234485674359E-05
   -1.264391507744E-04   -4.924073778705E-05    1.252675193191E-04    1.682697556168E-04   -1.969513985087E-04   -2.641023849486E-04    0.000000000000E+00    1.906685261920E-04   -1.063451627416E-04    6.364490337865E-05
   -2.148454924627E-04   -2.771278218011E-05    7.120417137592E-05    9.994469869150E-05   -1.229750740006E-04   -1.436005959663E-04   -1.906685261921E-04    0.000000000000E+00   -1.407996926255E-04    8.110024654770E-05
    2.390516076298E-04    1.274827415415E-05   -3.234817929755E-05   -4.769863056750E-05    6.647419625155E-05    8.755267647188E-05    1.063451627416E-04    1.407996926255E-04    0.000000000000E+00   -1.067725908755E-04
   -2.290287623586E-04   -3.350347503399E-06    7.320563671266E-06    1.170934994638E-05   -2.325915637447E-05   -4.234485674359E-05   -6.364490337865E-05   -8.110024654770E-05    1.067725908755E-04    0.000000000000E+00
   19.944598939058171     
    0.000000000000E+00   -8.299601690898E-04    1.479316136928E-03    1.034018310825E-03   -4.615454809397E-04   -8.399316157047E-05    1.175405199809E-04    2.077199749028E-04   -2.339784910832E-04    2.258208616274E-04
    8.299601690898E-04    0.000000000000E+00   -3.190745374710E-04   -1.633449750468E-04    1.099234123827E-04    7.593974639386E-05    4.874643703881E-05    2.776431425312E-05   -1.305643956864E-05    3.726587797199E-06
   -1.479316136928E-03    3.190745374709E-04    0.000000000000E+00    5.405140657487E-04   -2.875862731274E-04   -1.917593135567E-04   -1.242570224705E-04   -7.149470843719E-05    3.328165668768E-05   -8.420139842191E-06
   -1.034018310825E-03    1.633449750468E-04   -5.405140657486E-04    0.000000000000E+00   -4.860207214405E-04   -2.585862416238E-04   -1.670193984380E-04   -1.002244326512E-04    4.890422094227E-05   -1.323941139344E-05
    4.615454809397E-04   -1.099234123827E-04    2.875862731274E-04    4.860207214405E-04    0.000000000000E+00    3.655901240473E-04    1.955434834679E-04    1.227757138408E-04   -6.736160188028E-05    2.474933408057E-05
    8.399316157049E-05   -7.593974639385E-05    1.917593135567E-04    2.585862416238E-04   -3.655901240473E-04    0.000000000000E+00    2.630884625048E-04    1.429549139787E-04   -8.775489473083E-05    4.336276928669E-05
   -1.175405199809E-04   -4.874643703881E-05    1.242570224705E-04    1.670193984380E-04   -1.955434834679E-04   -2.630884625049E-04    0.000000000000E+00    1.902599780503E-04   -1.060046533269E-04    6.395670112033E-05
   -2.077199749028E-04   -2.776431425313E-05    7.149470843719E-05    1.002244326512E-04   -1.227757138408E-04   -1.429549139787E-04   -1.902599780503E-04    0.000000000000E+00   -1.406179952086E-04    8.087710999650E-05
    2.339784910832E-04    1.305643956864E-05   -3.328165668768E-05   -4.890422094227E-05    6.736160188028E-05    8.775489473083E-05    1.060046533269E-04    1.406179952086E-04    0.000000000000E+00   -1.066670924828E-04
   -2.258208616274E-04   -3.726587797199E-06    8.420139842189E-06    1.323941139344E-05   -2.474933408057E-05   -4.336276928669E-05   -6.395670112033E-05   -8.087710999650E-05    1.066670924828E-04    0.000000000000E+00
   20.103203467264656     
    0.000000000000E+00   -8.068956221837E-04    1.450379226605E-03    1.026426348722E-03   -4.667968853119E-04   -9.300941868047E-05    1.087966190463E-04    2.006573400908E-04   -2.289030540660E-04    2.225710402854E-04
    8.068956221837E-04    0.000000000000E+00   -3.120000126986E-04   -1.595875461094E-04    1.074694861801E-04    7.457441358094E-05    4.823834442366E-05    2.779376014510E-05   -1.334460449658E-05    4.088707187558E-06
   -1.450379226605E-03    3.120000126986E-04    0.000000000000E+00    5.311383703786E-04   -2.824141058491E-04   -1.888311748631E-04   -1.232044675670E-04   -7.172383777822E-05    3.415963930387E-05   -9.480530212405E-06
   -1.026426348722E-03    1.595875461094E-04   -5.311383703786E-04    0.000000000000E+00   -4.804580582726E-04   -2.555369243390E-04   -1.657299661273E-04   -1.004347153932E-04    5.003923966872E-05   -1.471594035172E-05
    4.667968853119E-04   -1.074694861801E-04    2.824141058491E-04    4.804580582726E-04    0.000000000000E+00    3.630821150182E-04    1.941228473330E-04    1.225320173763E-04   -6.818667918441E-05    2.618202607328E-05
    9.300941868047E-05   -7.457441358094E-05    1.888311748631E-04    2.555369243390E-04   -3.630821150181E-04    0.000000000000E+00    2.620642982734E-04    1.422980773230E-04   -8.792097076098E-05    4.433097022728E-05
   -1.087966190463E-04   -4.823834442366E-05    1.232044675670E-04    1.657299661273E-04   -1.941228473330E-04   -2.620642982734E-04    0.000000000000E+00    1.898479858792E-04   -1.056576203690E-04    6.424008786846E-05
   -2.006573400908E-04   -2.779376014510E-05    7.172383777822E-05    1.004347153932E-04   -1.225320173763E-04   -1.422980773230E-04   -1.898479858792E-04    0.000000000000E+00   -1.404379849096E-04    8.065068892446E-05
    2.289030540660E-04    1.334460449658E-05   -3.415963930387E-05   -5.003923966872E-05    6.818667918441E-05    8.792097076098E-05    1.056576203690E-04    1.404379849096E-04    0.000000000000E+00   -1.065661404379E-04
   -2.225710402854E-04   -4.088707187558E-06    9.480530212407E-06    1.471594035172E-05   -2.618202607328E-05   -4.433097022728E-05   -6.424008786847E-05   -8.065068892446E-05    1.065661404379E-04    0.000000000000E+00
   20.262436132216504     
    0.000000000000E+00   -7.845525005881E-04    1.421920588664E-03    1.018604265429E-03   -4.716956336903E-04   -1.017615800282E-04    1.002079293561E-04    1.936601090886E-04   -2.238286059630E-04    2.192824613255E-04
    7.845525005881E-04    0.000000000000E+00   -3.051068055684E-04   -1.559335900733E-04    1.050719981926E-04    7.322240906770E-05    4.771773956759E-05    2.780210682449E-05   -1.361328770044E-05    4.436846676431E-06
   -1.421920588664E-03    3.051068055684E-04    0.000000000000E+00    5.219265227362E-04   -2.773300118210E-04   -1.859181037606E-04   -1.221131033044E-04   -7.189411770757E-05    3.498346532661E-05   -1.050204618117E-05
   -1.018604265429E-03    1.559335900733E-04   -5.219265227362E-04    0.000000000000E+00   -4.749293872674E-04   -2.524983765269E-04   -1.644043021084E-04   -1.005783582962E-04    5.110538303979E-05   -1.613938212386E-05
    4.716956336903E-04   -1.050719981926E-04    2.773300118210E-04    4.749293872674E-04    0.000000000000E+00    3.605646549612E-04    1.926904917968E-04    1.222459461713E-04   -6.895123723851E-05    2.755809239138E-05
    1.017615800282E-04   -7.322240906770E-05    1.859181037606E-04    2.524983765269E-04   -3.605646549612E-04    0.000000000000E+00    2.610297565478E-04    1.416306052193E-04   -8.805226464164E-05    4.525071720734E-05
   -1.002079293561E-04   -4.771773956759E-05    1.221131033044E-04    1.644043021084E-04   -1.926904917968E-04   -2.610297565478E-04    0.000000000000E+00    1.894321912073E-04   -1.053043750532E-04    6.449613120079E-05
   -1.936601090886E-04   -2.780210682449E-05    7.189411770757E-05    1.005783582962E-04   -1.222459461713E-04   -1.416306052193E-04   -1.894321912073E-04    0.000000000000E+00   -1.402592761013E-04    8.042122239151E-05
    2.238286059630E-04    1.361328770044E-05   -3.498346532661E-05   -5.110538303979E-05    6.895123723851E-05    8.805226464164E-05    1.053043750532E-04    1.402592761013E-04    0.000000000000E+00   -1.064693840322E-04
   -2.192824613255E-04   -4.436846676430E-06    1.050204618117E-05    1.613938212386E-05   -2.755809239138E-05   -4.525071720734E-05   -6.449613120079E-05   -8.042122239151E-05    1.064693840322E-04    0.000000000000E+00
   20.422296933913735     
    0.000000000000E+00   -7.629059552641E-04    1.393938763842E-03    1.010566948576E-03   -4.762507338853E-04   -1.102528669689E-04    9.177478323779E-05    1.867306445831E-04   -2.187583320039E-04    2.159582189454E-04
    7.629059552641E-04    0.000000000000E+00   -2.983895265137E-04   -1.523798984770E-04    1.027300420558E-04    7.188449590189E-05    4.718584774066E-05    2.779032127857E-05   -1.386301184503E-05    4.771161560377E-06
   -1.393938763842E-03    2.983895265137E-04    0.000000000000E+00    5.128760633294E-04   -2.723334725199E-04   -1.830222402541E-04   -1.209860523809E-04   -7.200806179806E-05    3.575449026744E-05   -1.148504376830E-05
   -1.010566948576E-03    1.523798984770E-04   -5.128760633294E-04    0.000000000000E+00   -4.694355405395E-04   -2.494719925431E-04   -1.630451461710E-04   -1.006581201295E-04    5.210436295140E-05   -1.751023704403E-05
    4.762507338853E-04   -1.027300420558E-04    2.723334725199E-04    4.694355405395E-04    0.000000000000E+00    3.580382292497E-04    1.912473868121E-04    1.219194070543E-04   -6.965706726944E-05    2.887842275202E-05
    1.102528669689E-04   -7.188449590189E-05    1.830222402541E-04    2.494719925431E-04   -3.580382292497E-04    0.000000000000E+00    2.599847312946E-04    1.409529977492E-04   -8.815009595527E-05    4.612325559720E-05
   -9.177478323778E-05   -4.718584774066E-05    1.209860523809E-04    1.630451461710E-04   -1.912473868121E-04   -2.599847312946E-04    0.000000000000E+00    1.890122582165E-04   -1.049452107539E-04    6.472586241896E-05
   -1.867306445831E-04   -2.779032127857E-05    7.200806179806E-05    1.006581201295E-04   -1.219194070543E-04   -1.409529977492E-04   -1.890122582165E-04    0.000000000000E+00   -1.400814991729E-04    8.018893181653E-05
    2.187583320039E-04    1.386301184503E-05   -3.575449026744E-05   -5.210436295140E-05    6.965706726944E-05    8.815009595526E-05    1.049452107539E-04    1.400814991729E-04    0.000000000000E+00   -1.063764843922E-04
   -2.159582189454E-04   -4.771161560377E-06    1.148504376830E-05    1.751023704403E-05   -2.887842275202E-05   -4.612325559720E-05   -6.472586241896E-05   -8.018893181653E-05    1.063764843923E-04    0.000000000000E+00
   20.582785872356329     
    0.000000000000E+00   -7.419320972596E-04    1.366431912290E-03    1.002328870734E-03   -4.804711537890E-04   -1.184865969513E-04    8.349736106888E-05    1.798711498003E-04   -2.136952912880E-04    2.126013351924E-04
    7.419320972596E-04    0.000000000000E+00   -2.918430055244E-04   -1.489233744066E-04    1.004426944801E-04    7.056136955079E-05    4.664384255887E-05    2.775935086913E-05   -1.409430294619E-05    5.091820801754E-06
   -1.366431912290E-03    2.918430055244E-04    0.000000000000E+00    5.039845892285E-04   -2.674239107403E-04   -1.801455775615E-04   -1.198263178779E-04   -7.206813937925E-05    3.647408509882E-05   -1.242992168167E-05
   -1.002328870734E-03    1.489233744066E-04   -5.039845892286E-04    0.000000000000E+00   -4.639773588362E-04   -2.464591051873E-04   -1.616551432256E-04   -1.006767094913E-04    5.303790562225E-05   -1.882905846276E-05
    4.804711537890E-04   -1.004426944801E-04    2.674239107403E-04    4.639773588361E-04    0.000000000000E+00    3.555033683451E-04    1.897944815289E-04    1.215542584359E-04   -7.030594440746E-05    3.014393578778E-05
    1.184865969513E-04   -7.056136955079E-05    1.801455775615E-04    2.464591051873E-04   -3.555033683451E-04    0.000000000000E+00    2.589291627296E-04    1.402657444551E-04   -8.821574892973E-05    4.694982004147E-05
   -8.349736106890E-05   -4.664384255887E-05    1.198263178779E-04    1.616551432256E-04   -1.897944815289E-04   -2.589291627296E-04    0.000000000000E+00    1.885878863018E-04   -1.045804097744E-04    6.493028065823E-05
   -1.798711498003E-04   -2.775935086913E-05    7.206813937925E-05    1.006767094913E-04   -1.215542584359E-04   -1.402657444551E-04   -1.885878863018E-04    0.000000000000E+00   -1.399043098386E-04    7.995402615283E-05
    2.136952912880E-04    1.409430294619E-05   -3.647408509882E-05   -5.303790562225E-05    7.030594440747E-05    8.821574892973E-05    1.045804097744E-04    1.399043098386E-04    0.000000000000E+00   -1.062871212185E-04
   -2.126013351924E-04   -5.091820801754E-06    1.242992168167E-05    1.882905846276E-05   -3.014393578778E-05   -4.694982004148E-05   -6.493028065822E-05   -7.995402615283E-05    1.062871212185E-04    0.000000000000E+00
   20.743902947544303     
    0.000000000000E+00   -7.216078656515E-04    1.339397662882E-03    9.939039435358E-04   -4.843657167055E-04   -1.264661158986E-04    7.537573469203E-05    1.730836948141E-04   -2.086424305034E-04    2.092147650416E-04
    7.216078656515E-04    0.000000000000E+00   -2.854622048419E-04   -1.455609964531E-04    9.820900134117E-05    6.925365139145E-05    4.609284102445E-05    2.771011897882E-05   -1.430768688079E-05    5.399004560887E-06
   -1.339397662882E-03    2.854622048419E-04    0.000000000000E+00    4.952496280389E-04   -2.626006438523E-04   -1.772899407634E-04   -1.186367689359E-04   -7.207676352922E-05    3.714362666337E-05   -1.333711458269E-05
   -9.939039435358E-04    1.455609964531E-04   -4.952496280388E-04    0.000000000000E+00   -4.585555780168E-04   -2.434609418933E-04   -1.602368205683E-04   -1.006367688705E-04    5.390773917238E-05   -2.009644387299E-05
    4.843657167055E-04   -9.820900134118E-05    2.626006438523E-04    4.585555780168E-04    0.000000000000E+00    3.529605607434E-04    1.883326702586E-04    1.211522923886E-04   -7.089961522388E-05    3.135556967990E-05
    1.264661158986E-04   -6.925365139145E-05    1.772899407634E-04    2.434609418933E-04   -3.529605607434E-04    0.000000000000E+00    2.578629745444E-04    1.395692998453E-04   -8.825045961175E-05    4.773162545094E-05
   -7.537573469202E-05   -4.609284102445E-05    1.186367689359E-04    1.602368205683E-04   -1.883326702586E-04   -2.578629745445E-04    0.000000000000E+00    1.881587650087E-04   -1.042102258595E-04    6.511034378209E-05
   -1.730836948141E-04   -2.771011897882E-05    7.207676352921E-05    1.006367688705E-04   -1.211522923885E-04   -1.395692998453E-04   -1.881587650088E-04    0.000000000000E+00   -1.397273563776E-04    7.971668928072E-05
    2.086424305034E-04    1.430768688079E-05   -3.714362666337E-05   -5.390773917238E-05    7.089961522388E-05    8.825045961174E-05    1.042102258595E-04    1.397273563776E-04    0.000000000000E+00   -1.062009686263E-04
   -2.092147650416E-04   -5.399004560888E-06    1.333711458268E-05    2.009644387299E-05   -3.135556967990E-05   -4.773162545094E-05   -6.511034378209E-05   -7.971668928073E-05    1.062009686263E-04    0.000000000000E+00
   20.905648159477639     
    0.000000000000E+00   -7.019110486590E-04    1.312833248532E-03    9.853056088065E-04   -4.879431511135E-04   -1.341948247201E-04    6.740985480958E-05    1.663702103797E-04   -2.036025796457E-04    2.058013922473E-04
    7.019110486590E-04    0.000000000000E+00   -2.792422567378E-04   -1.422898357201E-04    9.602799117644E-05    6.796189792282E-05    4.553390814912E-05    2.764352664032E-05   -1.450368963346E-05    5.692904030462E-06
   -1.312833248532E-03    2.792422567378E-04    0.000000000000E+00    4.866687116312E-04   -2.578629198501E-04   -1.744570093174E-04   -1.174201521996E-04   -7.203629488089E-05    3.776449785860E-05   -1.420709231488E-05
   -9.853056088065E-04    1.422898357201E-04   -4.866687116313E-04    0.000000000000E+00   -4.531708913936E-04   -2.404786528939E-04   -1.587926035440E-04   -1.005408813485E-04    5.471559499328E-05   -2.131303440009E-05
    4.879431511135E-04   -9.602799117644E-05    2.578629198501E-04    4.531708913936E-04    0.000000000000E+00    3.504102978452E-04    1.868628124827E-04    1.207152457723E-04   -7.143980244661E-05    3.251428320107E-05
    1.341948247201E-04   -6.796189792282E-05    1.744570093174E-04    2.404786528939E-04   -3.504102978452E-04    0.000000000000E+00    2.567861059987E-04    1.388640980925E-04   -8.825542429459E-05    4.846987062219E-05
   -6.740985480958E-05   -4.553390814912E-05    1.174201521996E-04    1.587926035440E-04   -1.868628124827E-04   -2.567861059988E-04    0.000000000000E+00    1.877245971366E-04   -1.038348951507E-04    6.526697482613E-05
   -1.663702103797E-04   -2.764352664032E-05    7.203629488089E-05    1.005408813485E-04   -1.207152457723E-04   -1.388640980925E-04   -1.877245971366E-04    0.000000000000E+00   -1.395502964572E-04    7.947708826086E-05
    2.036025796457E-04    1.450368963346E-05   -3.776449785860E-05   -5.471559499328E-05    7.143980244661E-05    8.825542429459E-05    1.038348951507E-04    1.395502964572E-04    0.000000000000E+00   -1.061177075609E-04
   -2.058013922473E-04   -5.692904030462E-06    1.420709231488E-05    2.131303440008E-05   -3.251428320107E-05   -4.846987062219E-05   -6.526697482613E-05   -7.947708826086E-05    1.061177075609E-04    0.000000000000E+00
   21.068021508156360     
    0.000000000000E+00   -6.828203275429E-04    1.286735687417E-03    9.765469760794E-04   -4.912121744838E-04   -1.416762284354E-04    5.959952390094E-05    1.597324727937E-04   -1.985784423671E-04    2.023640221147E-04
    6.828203275430E-04    0.000000000000E+00   -2.731785219800E-04   -1.391070819738E-04    9.389869344134E-05    6.668661284924E-05    4.496806348487E-05    2.756045545793E-05   -1.468283840672E-05    5.973721832121E-06
   -1.286735687417E-03    2.731785219800E-04    0.000000000000E+00    4.782394861183E-04   -2.532099689073E-04   -1.716483480992E-04   -1.161791086373E-04   -7.194904899086E-05    3.833809017074E-05   -1.504036064015E-05
   -9.765469760794E-04    1.391070819738E-04   -4.782394861183E-04    0.000000000000E+00   -4.478240475679E-04   -2.375133542883E-04   -1.573248394473E-04   -1.003915824532E-04    5.546321246270E-05   -2.247951643085E-05
    4.912121744837E-04   -9.389869344134E-05    2.532099689073E-04    4.478240475680E-04    0.000000000000E+00    3.478531472203E-04    1.853857646738E-04    1.202448178817E-04   -7.192821375241E-05    3.362105938720E-05
    1.416762284354E-04   -6.668661284924E-05    1.716483480992E-04    2.375133542883E-04   -3.478531472203E-04    0.000000000000E+00    2.556985651731E-04    1.381505765277E-04   -8.823181283802E-05    4.916574494261E-05
   -5.959952390094E-05   -4.496806348487E-05    1.161791086373E-04    1.573248394473E-04   -1.853857646738E-04   -2.556985651731E-04    0.000000000000E+00    1.872851373113E-04   -1.034546536213E-04    6.540107209042E-05
   -1.597324727937E-04   -2.756045545793E-05    7.194904899085E-05    1.003915824532E-04   -1.202448178817E-04   -1.381505765277E-04   -1.872851373113E-04    0.000000000000E+00   -1.393728253340E-04    7.923538640443E-05
    1.985784423671E-04    1.468283840672E-05   -3.833809017074E-05   -5.546321246269E-05    7.192821375241E-05    8.823181283802E-05    1.034546536213E-04    1.393728253340E-04    0.000000000000E+00   -1.060370467378E-04
   -2.023640221147E-04   -5.973721832121E-06    1.504036064015E-05    2.247951643085E-05   -3.362105938719E-05   -4.916574494261E-05   -6.540107209042E-05   -7.923538640443E-05    1.060370467378E-04    0.000000000000E+00
   21.231022993580439     
    0.000000000000E+00   -6.643150823714E-04    1.261101495281E-03    9.676405619215E-04   -4.941813107975E-04   -1.489138201586E-04    5.194446899112E-05    1.531721480950E-04   -1.935726206830E-04    1.989053932212E-04
    6.643150823714E-04    0.000000000000E+00   -2.672664470070E-04   -1.360099829087E-04    9.182011085080E-05    6.542823273688E-05    4.439627170347E-05    2.746176062415E-05   -1.484565649100E-05    6.241668470179E-06
   -1.261101495281E-03    2.672664470070E-04    0.000000000000E+00    4.699594913501E-04   -2.486409159581E-04   -1.688653643510E-04   -1.149161471294E-04   -7.181727734918E-05    3.886578978015E-05   -1.583745166923E-05
   -9.676405619215E-04    1.360099829087E-04   -4.699594913501E-04    0.000000000000E+00   -4.425156519516E-04   -2.345660489183E-04   -1.558357560824E-04   -1.001913336431E-04    5.615232018405E-05   -2.359660865766E-05
    4.941813107975E-04   -9.182011085080E-05    2.486409159581E-04    4.425156519516E-04    0.000000000000E+00    3.452896010503E-04    1.839023195153E-04    1.197426382058E-04   -7.236652106737E-05    3.467689113974E-05
    1.489138201586E-04   -6.542823273688E-05    1.688653643510E-04    2.345660489183E-04   -3.452896010503E-04    0.000000000000E+00    2.546003197543E-04    1.374291317057E-04   -8.818074529021E-05    4.982041325868E-05
   -5.194446899113E-05   -4.439627170347E-05    1.149161471294E-04    1.558357560824E-04   -1.839023195152E-04   -2.546003197544E-04    0.000000000000E+00    1.868401137310E-04   -1.030697054649E-04    6.551349225965E-05
   -1.531721480950E-04   -2.746176062415E-05    7.181727734918E-05    1.001913336431E-04   -1.197426382058E-04   -1.374291317057E-04   -1.868401137310E-04    0.000000000000E+00   -1.391946189413E-04    7.899172018820E-05
    1.935726206830E-04    1.484565649100E-05   -3.886578978015E-05   -5.615232018406E-05    7.236652106738E-05    8.818074529021E-05    1.030697054649E-04    1.391946189413E-04    0.000000000000E+00   -1.059586803636E-04
   -1.989053932212E-04   -6.241668470179E-06    1.583745166923E-05    2.359660865766E-05   -3.467689113974E-05   -4.982041325868E-05   -6.551349225965E-05   -7.899172018820E-05    1.059586803636E-04    0.000000000000E+00
   21.394652615749902     
    0.000000000000E+00   -6.463755257436E-04    1.235927033102E-03    9.585985712242E-04   -4.968590701144E-04   -1.559111895381E-04    4.444427871491E-05    1.466907558566E-04   -1.885875934638E-04    1.954281639436E-04
    6.463755257436E-04    0.000000000000E+00   -2.615016957940E-04   -1.329959014685E-04    8.979125351763E-05    6.418714826364E-05    4.381945486689E-05    2.734827752868E-05   -1.499266672864E-05    6.496964198752E-06
   -1.235927033102E-03    2.615016957939E-04    0.000000000000E+00    4.618263891918E-04   -2.441548811869E-04   -1.661093647154E-04   -1.136336768889E-04   -7.164318460040E-05    3.934898632491E-05   -1.659892844712E-05
   -9.585985712242E-04    1.329959014685E-04   -4.618263891918E-04    0.000000000000E+00   -4.372463703499E-04   -2.316377126923E-04   -1.543275088693E-04   -9.994254811756E-05    5.678464940276E-05   -2.466506906383E-05
    4.968590701144E-04   -8.979125351763E-05    2.441548811869E-04    4.372463703499E-04    0.000000000000E+00    3.427202290789E-04    1.824132702742E-04    1.192103016363E-04   -7.275637995377E-05    3.568279146725E-05
    1.559111895381E-04   -6.418714826364E-05    1.661093647154E-04    2.316377126923E-04   -3.427202290788E-04    0.000000000000E+00    2.534914074521E-04    1.367001664060E-04   -8.810331802444E-05    5.043503038398E-05
   -4.444427871490E-05   -4.381945486689E-05    1.136336768889E-04    1.543275088693E-04   -1.824132702742E-04   -2.534914074521E-04    0.000000000000E+00    1.863893076375E-04   -1.026802575486E-04    6.560506989350E-05
   -1.466907558566E-04   -2.734827752868E-05    7.164318460040E-05    9.994254811756E-05   -1.192103016363E-04   -1.367001664060E-04   -1.863893076375E-04    0.000000000000E+00   -1.390153918549E-04    7.874622486821E-05
    1.885875934638E-04    1.499266672864E-05   -3.934898632491E-05   -5.678464940276E-05    7.275637995377E-05    8.810331802444E-05    1.026802575486E-04    1.390153918549E-04    0.000000000000E+00   -1.058823312801E-04
   -1.954281639436E-04   -6.496964198752E-06    1.659892844712E-05    2.466506906383E-05   -3.568279146725E-05   -5.043503038398E-05   -6.560506989350E-05   -7.874622486821E-05    1.058823312801E-04    0.000000000000E+00
   21.558910374664730     
    0.000000000000E+00   -6.289825150566E-04    1.211208220370E-03    9.494326360524E-04   -4.992537636613E-04   -1.626719042727E-04    3.709847811759E-05    1.402897151594E-04   -1.836257427535E-04    1.919349255747E-04
    6.289825150566E-04    0.000000000000E+00   -2.558800092842E-04   -1.300622554536E-04    8.781111089986E-05    6.296368961365E-05    4.323848298461E-05    2.722081483987E-05   -1.512438643144E-05    6.739835476203E-06
   -1.211208220370E-03    2.558800092842E-04    0.000000000000E+00    4.538377429872E-04   -2.397508916291E-04   -1.633815114280E-04   -1.123339808665E-04   -7.142890965248E-05    3.978905908764E-05   -1.732537534127E-05
   -9.494326360524E-04    1.300622554536E-04   -4.538377429872E-04    0.000000000000E+00   -4.320167286497E-04   -2.287292142135E-04   -1.528021386780E-04   -9.964756405339E-05    5.736191515327E-05   -2.568568180625E-05
    4.992537636613E-04   -8.781111089986E-05    2.397508916291E-04    4.320167286497E-04    0.000000000000E+00    3.401455243809E-04    1.809193485869E-04    1.186493353869E-04   -7.309940850348E-05    3.663977882948E-05
    1.626719042727E-04   -6.296368961365E-05    1.633815114280E-04    2.287292142135E-04   -3.401455243810E-04    0.000000000000E+00    2.523718241091E-04    1.359640443389E-04   -8.800057956170E-05    5.101072555826E-05
   -3.709847811758E-05   -4.323848298461E-05    1.123339808665E-04    1.528021386780E-04   -1.809193485869E-04   -2.523718241091E-04    0.000000000000E+00    1.859324727355E-04   -1.022864866311E-04    6.567659985931E-05
   -1.402897151594E-04   -2.722081483987E-05    7.142890965248E-05    9.964756405339E-05   -1.186493353869E-04   -1.359640443389E-04   -1.859324727355E-04    0.000000000000E+00   -1.388348384592E-04    7.849901042010E-05
    1.836257427535E-04    1.512438643144E-05   -3.978905908764E-05   -5.736191515327E-05    7.309940850348E-05    8.800057956170E-05    1.022864866311E-04    1.388348384592E-04    0.000000000000E+00   -1.058077070888E-04
   -1.919349255747E-04   -6.739835476203E-06    1.732537534127E-05    2.568568180625E-05   -3.663977882948E-05   -5.101072555826E-05   -6.567659985931E-05   -7.849901042009E-05    1.058077070888E-04    0.000000000000E+00
   21.723796270324936     
    0.000000000000E+00   -6.121176942603E-04    1.186940896398E-03    9.401541169668E-04   -5.013737003800E-04   -1.691996310623E-04    2.990645696004E-05    1.339703026278E-04   -1.786893287561E-04    1.884281868746E-04
    6.121176942602E-04    0.000000000000E+00   -2.503973452433E-04   -1.272065784790E-04    8.587868765050E-05    6.175814884577E-05    4.265418720522E-05    2.708016184780E-05   -1.524133137552E-05    6.970517182587E-06
   -1.186940896398E-03    2.503973452433E-04    0.000000000000E+00    4.459912611995E-04   -2.354279883176E-04   -1.606828831868E-04   -1.110192509801E-04   -7.117654505398E-05    4.018738729612E-05   -1.801740362375E-05
   -9.401541169668E-04    1.272065784790E-04   -4.459912611994E-04    0.000000000000E+00   -4.268273339684E-04   -2.258414087417E-04   -1.512616234203E-04   -9.930867353925E-05    5.788583187931E-05   -2.665926564142E-05
    5.013737003800E-04   -8.587868765050E-05    2.354279883176E-04    4.268273339684E-04    0.000000000000E+00    3.375660720206E-04    1.794212955667E-04    1.180612380988E-04   -7.339720935880E-05    3.754888917427E-05
    1.691996310623E-04   -6.175814884577E-05    1.606828831868E-04    2.258414087417E-04   -3.375660720206E-04    0.000000000000E+00    2.512416469061E-04    1.352211425828E-04   -8.787355982548E-05    5.154861905197E-05
   -2.990645696004E-05   -4.265418720523E-05    1.110192509801E-04    1.512616234203E-04   -1.794212955667E-04   -2.512416469061E-04    0.000000000000E+00    1.854694247532E-04   -1.018885780719E-04    6.572885926268E-05
   -1.339703026278E-04   -2.708016184780E-05    7.117654505398E-05    9.930867353925E-05   -1.180612380988E-04   -1.352211425828E-04   -1.854694247532E-04    0.000000000000E+00   -1.386526987121E-04    7.825019042982E-05
    1.786893287561E-04    1.524133137552E-05   -4.018738729612E-05   -5.788583187931E-05    7.339720935880E-05    8.787355982548E-05    1.018885780719E-04    1.386526987121E-04    0.000000000000E+00   -1.057345492581E-04
   -1.884281868746E-04   -6.970517182587E-06    1.801740362374E-05    2.665926564142E-05   -3.754888917426E-05   -5.154861905197E-05   -6.572885926268E-05   -7.825019042983E-05    1.057345492581E-04    0.000000000000E+00
   21.889310302730507     
    0.000000000000E+00   -5.957633026566E-04    1.163120515943E-03    9.307738251809E-04   -5.032269884684E-04   -1.754980074664E-04    2.286755106441E-05    1.277337028959E-04   -1.737805192849E-04    1.849103893460E-04
    5.957633026566E-04    0.000000000000E+00   -2.450497312696E-04   -1.244264562114E-04    8.399297321011E-05    6.057076384443E-05    4.206734959743E-05    2.692708112804E-05   -1.534401046569E-05    7.189248893754E-06
   -1.163120515943E-03    2.450497312696E-04    0.000000000000E+00    4.382845625824E-04   -2.311851308223E-04   -1.580144272335E-04   -1.096915592738E-04   -7.088811690215E-05    4.054533559132E-05   -1.867564134257E-05
   -9.307738251809E-04    1.244264562114E-04   -4.382845625824E-04    0.000000000000E+00   -4.216786590677E-04   -2.229750508812E-04   -1.497078319973E-04   -9.892809363523E-05    5.835809330564E-05   -2.758665994292E-05
    5.032269884684E-04   -8.399297321011E-05    2.311851308223E-04    4.216786590677E-04    0.000000000000E+00    3.349823812548E-04    1.779197935278E-04    1.174474433390E-04   -7.365134663983E-05    3.841116008168E-05
    1.754980074664E-04   -6.057076384444E-05    1.580144272335E-04    2.229750508812E-04   -3.349823812548E-04    0.000000000000E+00    2.501009113024E-04    1.344718013071E-04   -8.772324315564E-05    5.204980501085E-05
   -2.286755106441E-05   -4.206734959743E-05    1.096915592738E-04    1.497078319974E-04   -1.779197935278E-04   -2.501009113024E-04    0.000000000000E+00    1.849999519886E-04   -1.014866891099E-04    6.576258766753E-05
   -1.277337028959E-04   -2.692708112804E-05    7.088811690216E-05    9.892809363524E-05   -1.174474433390E-04   -1.344718013071E-04   -1.849999519886E-04    0.000000000000E+00   -1.384686924491E-04    7.799985499240E-05
    1.737805192849E-04    1.534401046569E-05   -4.054533559132E-05   -5.835809330564E-05    7.365134663983E-05    8.772324315565E-05    1.014866891099E-04    1.384686924491E-04    0.000000000000E+00   -1.056625840564E-04
   -1.849103893460E-04   -7.189248893753E-06    1.867564134257E-05    2.758665994292E-05   -3.841116008168E-05   -5.204980501086E-05   -6.576258766753E-05   -7.799985499240E-05    1.056625840564E-04    0.000000000000E+00
   22.055452471881463     
    0.000000000000E+00   -5.799022718273E-04    1.139742416581E-03    9.213022468105E-04   -5.048216810435E-04   -1.815707317053E-04    1.598098916395E-05    1.215809776393E-04   -1.689013712706E-04    1.813838955741E-04
    5.799022718273E-04    0.000000000000E+00   -2.398333659464E-04   -1.217195704885E-04    8.215296844868E-05    5.940173539921E-05    4.147871329156E-05    2.676231409096E-05   -1.543292863679E-05    7.396276407528E-06
   -1.139742416581E-03    2.398333659464E-04    0.000000000000E+00    4.307153556316E-04   -2.270212771102E-04   -1.553770056538E-04   -1.083528849496E-04   -7.056559949083E-05    4.086426148565E-05   -1.930073711336E-05
   -9.213022468105E-04    1.217195704885E-04   -4.307153556316E-04    0.000000000000E+00   -4.165712067436E-04   -2.201308651039E-04   -1.481425634783E-04   -9.850798828007E-05    5.878038391820E-05   -2.846873056354E-05
    5.048216810435E-04   -8.215296844868E-05    2.270212771102E-04    4.165712067436E-04    0.000000000000E+00    3.323950116144E-04    1.764155195440E-04    1.168093493208E-04   -7.386336258182E-05    3.922763958589E-05
    1.815707317052E-04   -5.940173539921E-05    1.553770056538E-04    2.201308651039E-04   -3.323950116144E-04    0.000000000000E+00    2.489497037874E-04    1.337163635258E-04   -8.755059068718E-05    5.251536408834E-05
   -1.598098916396E-05   -4.147871329156E-05    1.083528849496E-04    1.481425634783E-04   -1.764155195440E-04   -2.489497037874E-04    0.000000000000E+00    1.845238831676E-04   -1.010809783923E-04    6.577850398891E-05
   -1.215809776393E-04   -2.676231409096E-05    7.056559949083E-05    9.850798828007E-05   -1.168093493208E-04   -1.337163635258E-04   -1.845238831676E-04    0.000000000000E+00   -1.382825694189E-04    7.774809284164E-05
    1.689013712706E-04    1.543292863679E-05   -4.086426148565E-05   -5.878038391820E-05    7.386336258183E-05    8.755059068718E-05    1.010809783923E-04    1.382825694189E-04    0.000000000000E+00   -1.055915599519E-04
   -1.813838955741E-04   -7.396276407528E-06    1.930073711336E-05    2.846873056354E-05   -3.922763958589E-05   -5.251536408834E-05   -6.577850398891E-05   -7.774809284164E-05    1.055915599519E-04    0.000000000000E+00
   22.222222777777777     
    0.000000000000E+00   -5.645181348953E-04    1.116801707126E-03    9.117494351015E-04   -5.061656936971E-04   -1.874215077030E-04    9.245929204476E-06    1.155130889562E-04   -1.640538445099E-04    1.778509959181E-04
    5.645181348953E-04    0.000000000000E+00   -2.347445566269E-04   -1.190836721571E-04    8.035767425099E-05    5.825122214514E-05    4.088897911382E-05    2.658657805567E-05   -1.550858436092E-05    7.591849824564E-06
   -1.116801707126E-03    2.347445566269E-04    0.000000000000E+00    4.232813437284E-04   -2.229353467797E-04   -1.527713788416E-04   -1.070051043275E-04   -7.021090710242E-05    4.114550842297E-05   -1.989335477491E-05
   -9.117494351015E-04    1.190836721571E-04   -4.232813437284E-04    0.000000000000E+00   -4.115054220493E-04   -2.173095112588E-04   -1.465675295519E-04   -9.805045652225E-05    5.915436961755E-05   -2.930636260781E-05
    5.061656936971E-04   -8.035767425099E-05    2.229353467797E-04    4.115054220492E-04    0.000000000000E+00    3.298045034163E-04    1.749091177372E-04    1.161483044245E-04   -7.403476777443E-05    3.999937864109E-05
    1.874215077030E-04   -5.825122214514E-05    1.527713788416E-04    2.173095112588E-04   -3.298045034163E-04    0.000000000000E+00    2.477881106107E-04    1.329551546239E-04   -8.735652968638E-05    5.294635622087E-05
   -9.245929204476E-06   -4.088897911382E-05    1.070051043275E-04    1.465675295519E-04   -1.749091177372E-04   -2.477881106107E-04    0.000000000000E+00    1.840410501078E-04   -1.006715910977E-04    6.577729879419E-05
   -1.155130889562E-04   -2.658657805566E-05    7.021090710242E-05    9.805045652225E-05   -1.161483044245E-04   -1.329551546239E-04   -1.840410501078E-04    0.000000000000E+00   -1.380940818466E-04    7.749498044506E-05
    1.640538445100E-04    1.550858436092E-05   -4.114550842297E-05   -5.915436961755E-05    7.403476777443E-05    8.735652968638E-05    1.006715910977E-04    1.380940818467E-04    0.000000000000E+00   -1.055212271198E-04
   -1.778509959181E-04   -7.591849824564E-06    1.989335477491E-05    2.930636260781E-05   -3.999937864109E-05   -5.294635622087E-05   -6.577729879419E-05   -7.749498044506E-05    1.055212271199E-04    0.000000000000E+00
   22.389621220419471     
    0.000000000000E+00   -5.495950129629E-04    1.094293307009E-03    9.021250358894E-04   -5.072668133937E-04   -1.930540479752E-04    2.661458933541E-06    1.095309011714E-04   -1.592398028062E-04    1.743139082102E-04
    5.495950129629E-04    0.000000000000E+00   -2.297797232441E-04   -1.165165825465E-04    7.860609511670E-05    5.711934420846E-05    4.029880761357E-05    2.640056677028E-05   -1.557146936973E-05    7.776223041570E-06
   -1.094293307009E-03    2.297797232442E-04    0.000000000000E+00    4.159802400833E-04   -2.189262306062E-04   -1.501982138045E-04   -1.056499956212E-04   -6.982589510063E-05    4.139040476131E-05   -2.045417179277E-05
   -9.021250358894E-04    1.165165825465E-04   -4.159802400833E-04    0.000000000000E+00   -4.064817052635E-04   -2.145115918656E-04   -1.449843595510E-04   -9.755753429207E-05    5.948169683914E-05   -3.010045852366E-05
    5.072668133936E-04   -7.860609511670E-05    2.189262306062E-04    4.064817052635E-04    0.000000000000E+00    3.272113861559E-04    1.734012038063E-04    1.154656102382E-04   -7.416704194762E-05    4.072743016867E-05
    1.930540479752E-04   -5.711934420846E-05    1.501982138045E-04    2.145115918656E-04   -3.272113861559E-04    0.000000000000E+00    2.466162236486E-04    1.321884856684E-04   -8.714195591250E-05    5.334382129792E-05
   -2.661458933541E-06   -4.029880761357E-05    1.056499956212E-04    1.449843595510E-04   -1.734012038063E-04   -2.466162236487E-04    0.000000000000E+00    1.835512919672E-04   -1.002586615204E-04    6.575963626329E-05
   -1.095309011714E-04   -2.640056677028E-05    6.982589510063E-05    9.755753429208E-05   -1.154656102382E-04   -1.321884856684E-04   -1.835512919672E-04    0.000000000000E+00   -1.379029875229E-04    7.724058405135E-05
    1.592398028062E-04    1.557146936973E-05   -4.139040476131E-05   -5.948169683914E-05    7.416704194762E-05    8.714195591250E-05    1.002586615204E-04    1.379029875229E-04    0.000000000000E+00   -1.054513397247E-04
   -1.743139082102E-04   -7.776223041570E-06    2.045417179277E-05    3.010045852366E-05   -4.072743016866E-05   -5.334382129792E-05   -6.575963626328E-05   -7.724058405134E-05    1.054513397247E-04    0.000000000000E+00
   22.557647799806531     
    0.000000000000E+00   -5.351176410006E-04    1.072212065565E-03    8.924383891031E-04   -5.081327626924E-04   -1.984721132566E-04   -3.773427192793E-06    1.036351676961E-04   -1.544610059370E-04    1.707747720606E-04
    5.351176410006E-04    0.000000000000E+00   -2.249354377107E-04   -1.140162107588E-04    7.689725117384E-05    5.600619181930E-05    3.970882425238E-05    2.620495301607E-05   -1.562206975813E-05    7.949654150601E-06
   -1.072212065565E-03    2.249354377107E-04    0.000000000000E+00    4.088098445219E-04   -2.149928266991E-04   -1.476581069993E-04   -1.042892525930E-04   -6.941236676323E-05    4.160026652554E-05   -2.098388011645E-05
   -8.924383891031E-04    1.140162107588E-04   -4.088098445219E-04    0.000000000000E+00   -4.015004846059E-04   -2.117376846423E-04   -1.433946193604E-04   -9.703120470817E-05    5.976399716891E-05   -3.085193974549E-05
    5.081327626924E-04   -7.689725117384E-05    2.149928266991E-04    4.015004846058E-04    0.000000000000E+00    3.246162351083E-04    1.718923898183E-04    1.147625357946E-04   -7.426164166289E-05    4.141285253061E-05
    1.984721132566E-04   -5.600619181930E-05    1.476581069993E-04    2.117376846423E-04   -3.246162351083E-04    0.000000000000E+00    2.454341828430E-04    1.314166721361E-04   -8.690774456065E-05    5.370878514466E-05
    3.773427192788E-06   -3.970882425238E-05    1.042892525930E-04    1.433946193603E-04   -1.718923898183E-04   -2.454341828430E-04    0.000000000000E+00    1.830544868325E-04   -9.984232726382E-05    6.572616264968E-05
   -1.036351676961E-04   -2.620495301607E-05    6.941236676323E-05    9.703120470817E-05   -1.147625357946E-04   -1.314166721361E-04   -1.830544868325E-04    0.000000000000E+00   -1.377090734128E-04    7.698497049744E-05
    1.544610059370E-04    1.562206975813E-05   -4.160026652554E-05   -5.976399716891E-05    7.426164166289E-05    8.690774456064E-05    9.984232726382E-05    1.377090734128E-04    0.000000000000E+00   -1.053816737081E-04
   -1.707747720606E-04   -7.949654150601E-06    2.098388011645E-05    3.085193974549E-05   -4.141285253061E-05   -5.370878514466E-05   -6.572616264968E-05   -7.698497049745E-05    1.053816737081E-04    0.000000000000E+00
   22.726302515938972     
    0.000000000000E+00   -5.210712614478E-04    1.050552605537E-03    8.826983792625E-04   -5.087710859248E-04   -2.036794362398E-04   -1.005977789008E-05    9.782656342486E-05   -1.497191294373E-04    1.672356596227E-04
    5.210712614478E-04    0.000000000000E+00   -2.202083443066E-04   -1.115805183125E-04    7.523016172631E-05    5.491181718398E-05    3.911961428011E-05    2.600038467147E-05   -1.566086286897E-05    8.112403098665E-06
   -1.050552605537E-03    2.202083443066E-04    0.000000000000E+00    4.017679152677E-04   -2.111339884203E-04   -1.451515591309E-04   -1.029244695977E-04   -6.897206229306E-05    4.177638878418E-05   -2.148317969866E-05
   -8.826983792625E-04    1.115805183125E-04   -4.017679152677E-04    0.000000000000E+00   -3.965620954154E-04   -2.089882936618E-04   -1.417997859902E-04   -9.647338181267E-05    6.000287532276E-05   -3.156173771616E-05
    5.087710859248E-04   -7.523016172631E-05    2.111339884203E-04    3.965620954154E-04    0.000000000000E+00    3.220195746987E-04    1.703832448726E-04    1.140402966660E-04   -7.431998679868E-05    4.205669968749E-05
    2.036794362398E-04   -5.491181718398E-05    1.451515591309E-04    2.089882936618E-04   -3.220195746987E-04    0.000000000000E+00    2.442421041629E-04    1.306400045069E-04   -8.665473459207E-05    5.404224934619E-05
    1.005977789009E-05   -3.911961428011E-05    1.029244695977E-04    1.417997859902E-04   -1.703832448726E-04   -2.442421041629E-04    0.000000000000E+00    1.825504988600E-04   -9.942270760021E-05    6.567749475556E-05
   -9.782656342486E-05   -2.600038467147E-05    6.897206229306E-05    9.647338181268E-05   -1.140402966660E-04   -1.306400045069E-04   -1.825504988600E-04    0.000000000000E+00   -1.375121165532E-04    7.672819116045E-05
    1.497191294372E-04    1.566086286896E-05   -4.177638878418E-05   -6.000287532276E-05    7.431998679867E-05    8.665473459207E-05    9.942270760021E-05    1.375121165532E-04    0.000000000000E+00   -1.053119974072E-04
   -1.672356596227E-04   -8.112403098665E-06    2.148317969866E-05    3.156173771616E-05   -4.205669968749E-05   -5.404224934619E-05   -6.567749475555E-05   -7.672819116044E-05    1.053119974072E-04    0.000000000000E+00
   22.895585368816779     
    0.000000000000E+00   -5.074416450551E-04    1.029309424486E-03    8.729135204748E-04   -5.091892005377E-04   -2.086797520442E-04   -1.619870196264E-05    9.210567576886E-05   -1.450157594346E-04    1.636985718607E-04
    5.074416450551E-04    0.000000000000E+00   -2.155951921587E-04   -1.092075330667E-04    7.360385504333E-05    5.383624169205E-05    3.853172712519E-05    2.578748687369E-05   -1.568831813492E-05    8.264731913792E-06
   -1.029309424486E-03    2.155951921587E-04    0.000000000000E+00    3.948522316127E-04   -2.073485537770E-04   -1.426789940103E-04   -1.015571529691E-04   -6.850666440157E-05    4.192004767435E-05   -2.195277887099E-05
   -8.729135204748E-04    1.092075330667E-04   -3.948522316127E-04    0.000000000000E+00   -3.916668381715E-04   -2.062638752594E-04   -1.402012627452E-04   -9.588591873806E-05    6.019991251589E-05   -3.223079473077E-05
    5.091892005377E-04   -7.360385504333E-05    2.073485537770E-04    3.916668381715E-04    0.000000000000E+00    3.194219222365E-04    1.688743141836E-04    1.133000659590E-04   -7.434346634517E-05    4.266002352915E-05
    2.086797520442E-04   -5.383624169205E-05    1.426789940103E-04    2.062638752594E-04   -3.194219222365E-04    0.000000000000E+00    2.430401114771E-04    1.298587622979E-04   -8.638373700159E-05    5.434519566563E-05
    1.619870196263E-05   -3.853172712519E-05    1.015571529691E-04    1.402012627452E-04   -1.688743141836E-04   -2.430401114770E-04    0.000000000000E+00    1.820392014341E-04   -9.899991392489E-05    6.561422627153E-05
   -9.210567576886E-05   -2.578748687369E-05    6.850666440157E-05    9.588591873806E-05   -1.133000659590E-04   -1.298587622979E-04   -1.820392014341E-04    0.000000000000E+00   -1.373119010833E-04    7.647028986194E-05
    1.450157594347E-04    1.568831813492E-05   -4.192004767435E-05   -6.019991251589E-05    7.434346634517E-05    8.638373700159E-05    9.899991392487E-05    1.373119010833E-04    0.000000000000E+00   -1.052420843287E-04
   -1.636985718607E-04   -8.264731913792E-06    2.195277887099E-05    3.223079473077E-05   -4.266002352915E-05   -5.434519566563E-05   -6.561422627153E-05   -7.647028986194E-05    1.052420843287E-04    0.000000000000E+00
   23.065496358439962     
    0.000000000000E+00   -4.942151202277E-04    1.008477015058E-03    8.630920644553E-04   -5.093944681255E-04   -2.134768433547E-04   -2.219139558818E-05    8.647298860523E-05   -1.403523828459E-04    1.601654319268E-04
    4.942151202277E-04    0.000000000000E+00   -2.110928770513E-04   -1.068953676179E-04    7.201738060528E-05    5.277946464970E-05    3.794568184285E-05    2.556686494352E-05   -1.570489846352E-05    8.406905305650E-06
   -1.008477015058E-03    2.110928770513E-04    0.000000000000E+00    3.880606750644E-04   -2.036353832270E-04   -1.402407822464E-04   -1.001887355751E-04   -6.801780611627E-05    4.203250399113E-05   -2.239339578896E-05
   -8.630920644553E-04    1.068953676179E-04   -3.880606750644E-04    0.000000000000E+00   -3.868150571858E-04   -2.035648731273E-04   -1.386003996961E-04   -9.527061934148E-05    6.035667220554E-05   -3.286006638964E-05
    5.093944681255E-04   -7.201738060528E-05    2.036353832270E-04    3.868150571859E-04    0.000000000000E+00    3.168238503662E-04    1.673661463397E-04    1.125429900116E-04   -7.433344723676E-05    4.322387824448E-05
    2.134768433547E-04   -5.277946464970E-05    1.402407822464E-04    2.035648731273E-04   -3.168238503662E-04    0.000000000000E+00    2.418283838966E-04    1.290732348292E-04   -8.609554693086E-05    5.461859292727E-05
    2.219139558819E-05   -3.794568184285E-05    1.001887355751E-04    1.386003996961E-04   -1.673661463397E-04   -2.418283838966E-04    0.000000000000E+00    1.815205126978E-04   -9.857406554826E-05    6.553693714833E-05
   -8.647298860523E-05   -2.556686494352E-05    6.801780611627E-05    9.527061934148E-05   -1.125429900116E-04   -1.290732348292E-04   -1.815205126978E-04    0.000000000000E+00   -1.371082449206E-04    7.621131490607E-05
    1.403523828459E-04    1.570489846352E-05   -4.203250399113E-05   -6.035667220554E-05    7.433344723676E-05    8.609554693086E-05    9.857406554827E-05    1.371082449206E-04    0.000000000000E+00   -1.051717332915E-04
   -1.601654319268E-04   -8.406905305650E-06    2.239339578896E-05    3.286006638964E-05   -4.322387824448E-05   -5.461859292726E-05   -6.553693714833E-05   -7.621131490607E-05    1.051717332915E-04    0.000000000000E+00
   23.236035484808511     
    0.000000000000E+00   -4.813784612118E-04    9.880496861466E-04    8.532418296576E-04   -5.093940636984E-04   -2.180744521446E-04   -2.803908420357E-05    8.092892004101E-05   -1.357304108900E-04    1.566380985803E-04
    4.813784612118E-04    0.000000000000E+00   -2.066983539080E-04   -1.046421800402E-04    7.046978998812E-05    5.174145344733E-05    3.736196104059E-05    2.533909994291E-05   -1.571105683088E-05    8.539188129132E-06
   -9.880496861466E-04    2.066983539080E-04    0.000000000000E+00    3.813910844084E-04   -1.999932994976E-04   -1.378372112494E-04   -9.882055917205E-05   -6.750705836615E-05    4.211499376344E-05   -2.280575141319E-05
   -8.532418296576E-04    1.046421800402E-04   -3.813910844083E-04    0.000000000000E+00   -3.820070023562E-04   -2.008916616549E-04   -1.369984638857E-04   -9.462921950278E-05    6.047468669592E-05   -3.345051173527E-05
    5.093940636984E-04   -7.046978998811E-05    1.999932994976E-04    3.820070023562E-04    0.000000000000E+00    3.142258755533E-04    1.658592474593E-04    1.117701638344E-04   -7.429125874546E-05    4.374930923344E-05
    2.180744521446E-04   -5.174145344733E-05    1.378372112494E-04    2.008916616549E-04   -3.142258755533E-04    0.000000000000E+00    2.406070720063E-04    1.282836866731E-04   -8.579092508976E-05    5.486338515857E-05
    2.803908420357E-05   -3.736196104059E-05    9.882055917205E-05    1.369984638856E-04   -1.658592474593E-04   -2.406070720063E-04    0.000000000000E+00    1.809943337486E-04   -9.814526411934E-05    6.544617983128E-05
   -8.092892004100E-05   -2.533909994291E-05    6.750705836615E-05    9.462921950279E-05   -1.117701638344E-04   -1.282836866731E-04   -1.809943337486E-04    0.000000000000E+00   -1.369009539321E-04    7.595130004295E-05
    1.357304108900E-04    1.571105683088E-05   -4.211499376344E-05   -6.047468669592E-05    7.429125874545E-05    8.579092508976E-05    9.814526411934E-05    1.369009539321E-04    0.000000000000E+00   -1.051007339805E-04
   -1.566380985803E-04   -8.539188129132E-06    2.280575141319E-05    3.345051173527E-05   -4.374930923344E-05   -5.486338515858E-05   -6.544617983129E-05   -7.595130004295E-05    1.051007339805E-04    0.000000000000E+00
   23.407202747922440     
    0.000000000000E+00   -4.689189165325E-04    9.680216741715E-04    8.433703000852E-04   -5.091950386045E-04   -2.224763184334E-04   -3.374304516124E-05    7.547380968232E-05   -1.311511716845E-04    1.531183612821E-04
    4.689189165325E-04    0.000000000000E+00   -2.024086751689E-04   -1.024461904567E-04    6.896014772435E-05    5.072215134561E-05    3.678101577633E-05    2.510475129876E-05   -1.570723749156E-05    8.661845868454E-06
   -9.680216741715E-04    2.024086751689E-04    0.000000000000E+00    3.748413285479E-04   -1.964211210666E-04   -1.354685061958E-04   -9.745388735335E-05   -6.697593690457E-05    4.216873133549E-05   -2.319057061755E-05
   -8.433703000852E-04    1.024461904567E-04   -3.748413285479E-04    0.000000000000E+00   -3.772428981270E-04   -1.982445763891E-04   -1.353966570659E-04   -9.396339715584E-05    6.055546194342E-05   -3.400309510276E-05
    5.091950386045E-04   -6.896014772434E-05    1.964211210666E-04    3.772428981270E-04    0.000000000000E+00    3.116285111241E-04    1.643541041094E-04    1.109826442542E-04   -7.421819978525E-05    4.423735654723E-05
    2.224763184334E-04   -5.072215134561E-05    1.354685061958E-04    1.982445763891E-04   -3.116285111241E-04    0.000000000000E+00    2.393763368676E-04    1.274903745982E-04   -8.547060763216E-05    5.508049713828E-05
    3.374304516123E-05   -3.678101577633E-05    9.745388735335E-05    1.353966570659E-04   -1.643541041094E-04   -2.393763368676E-04    0.000000000000E+00    1.804605770884E-04   -9.771360621264E-05    6.534248677711E-05
   -7.547380968232E-05   -2.510475129876E-05    6.697593690456E-05    9.396339715584E-05   -1.109826442542E-04   -1.274903745982E-04   -1.804605770884E-04    0.000000000000E+00   -1.366898428511E-04    7.569027393228E-05
    1.311511716845E-04    1.570723749156E-05   -4.216873133549E-05   -6.055546194342E-05    7.421819978525E-05    8.547060763216E-05    9.771360621263E-05    1.366898428511E-04    0.000000000000E+00   -1.050288825768E-04
   -1.531183612821E-04   -8.661845868454E-06    2.319057061755E-05    3.400309510276E-05   -4.423735654723E-05   -5.508049713828E-05   -6.534248677710E-05   -7.569027393228E-05    1.050288825768E-04    0.000000000000E+00
   23.578998147781736     
    0.000000000000E+00   -4.568242183145E-04    9.483872145447E-04    8.334846912160E-04   -5.088043624539E-04   -2.266862067993E-04   -3.930462359887E-05    7.010790955850E-05   -1.266159047769E-04    1.496079363070E-04
    4.568242183145E-04    0.000000000000E+00   -1.982210133168E-04   -1.003056908316E-04    6.748753854587E-05    4.972148319236E-05    3.620326926746E-05    2.486435874171E-05   -1.569387678663E-05    8.775144877569E-06
   -9.483872145447E-04    1.982210133168E-04    0.000000000000E+00    3.684093535298E-04   -1.929176849142E-04   -1.331348453537E-04   -9.608991535900E-05   -6.642590746499E-05    4.219491143567E-05   -2.354858269350E-05
   -8.334846912160E-04    1.003056908316E-04   -3.684093535298E-04    0.000000000000E+00   -3.725229905136E-04   -1.956239357202E-04   -1.337961289219E-04   -9.327477984650E-05    6.060048097855E-05   -3.451878716624E-05
    5.088043624539E-04   -6.748753854587E-05    1.929176849142E-04    3.725229905136E-04    0.000000000000E+00    3.090323051424E-04    1.628512002601E-04    1.101814600078E-04   -7.411554455259E-05    4.468905739553E-05
    2.266862067993E-04   -4.972148319236E-05    1.331348453537E-04    1.956239357201E-04   -3.090323051424E-04    0.000000000000E+00    2.381363793141E-04    1.266935607105E-04   -8.513531407540E-05    5.527083887202E-05
    3.930462359887E-05   -3.620326926746E-05    9.608991535900E-05    1.337961289219E-04   -1.628512002601E-04   -2.381363793141E-04    0.000000000000E+00    1.799191891053E-04   -9.727919354434E-05    6.522637672455E-05
   -7.010790955851E-05   -2.486435874171E-05    6.642590746499E-05    9.327477984649E-05   -1.101814600078E-04   -1.266935607105E-04   -1.799191891054E-04    0.000000000000E+00   -1.364747524642E-04    7.542826807150E-05
    1.266159047769E-04    1.569387678663E-05   -4.219491143567E-05   -6.060048097855E-05    7.411554455259E-05    8.513531407540E-05    9.727919354435E-05    1.364747524642E-04    0.000000000000E+00   -1.049559949065E-04
   -1.496079363070E-04   -8.775144877569E-06    2.354858269350E-05    3.451878716624E-05   -4.468905739553E-05   -5.527083887202E-05   -6.522637672456E-05   -7.542826807150E-05    1.049559949065E-04    0.000000000000E+00
   23.751421684386408     
    0.000000000000E+00   -4.450824894981E-04    9.291403923070E-04    8.235918047190E-04   -5.082288084554E-04   -2.307078271294E-04   -4.472517927986E-05    6.483141937578E-05   -1.221257836802E-04    1.461084800825E-04
    4.450824894981E-04    0.000000000000E+00   -1.941325870823E-04   -9.821901139517E-05    6.605105078030E-05    4.873934688057E-05    3.562911166918E-05    2.461843848513E-05   -1.567140017106E-05    8.879350120859E-06
   -9.291403923070E-04    1.941325870823E-04    0.000000000000E+00    3.620930581010E-04   -1.894817941547E-04   -1.308363338411E-04   -9.472975472193E-05   -6.585837497437E-05    4.219470089047E-05   -2.388051505260E-05
   -8.235918047190E-04    9.821901139516E-05   -3.620930581009E-04    0.000000000000E+00   -3.678474258967E-04   -1.930299907178E-04   -1.321979505723E-04   -9.256492810164E-05    6.061119192622E-05   -3.499855597609E-05
    5.082288084554E-04   -6.605105078030E-05    1.894817941547E-04    3.678474258967E-04    0.000000000000E+00    3.064377404116E-04    1.613509757863E-04    1.093675893697E-04   -7.398452827863E-05    4.510543595670E-05
    2.307078271293E-04   -4.873934688057E-05    1.308363338411E-04    1.930299907178E-04   -3.064377404116E-04    0.000000000000E+00    2.368873633506E-04    1.258934805626E-04   -8.478573003369E-05    5.543529456198E-05
    4.472517927986E-05   -3.562911166918E-05    9.472975472193E-05    1.321979505723E-04   -1.613509757863E-04   -2.368873633506E-04    0.000000000000E+00    1.793700926073E-04   -9.684210897943E-05    6.509834170434E-05
   -6.483141937578E-05   -2.461843848513E-05    6.585837497437E-05    9.256492810164E-05   -1.093675893697E-04   -1.258934805626E-04   -1.793700926073E-04    0.000000000000E+00   -1.362555064488E-04    7.516529873008E-05
    1.221257836802E-04    1.567140017106E-05   -4.219470089047E-05   -6.061119192622E-05    7.398452827863E-05    8.478573003369E-05    9.684210897942E-05    1.362555064488E-04    0.000000000000E+00   -1.048818737144E-04
   -1.461084800825E-04   -8.879350120859E-06    2.388051505260E-05    3.499855597609E-05   -4.510543595670E-05   -5.543529456198E-05   -6.509834170434E-05   -7.516529873008E-05    1.048818737144E-04    0.000000000000E+00
   23.924473357736446     
    0.000000000000E+00   -4.336823392990E-04    9.102753935019E-04    8.136982685437E-04   -5.074751248300E-04   -2.345449485009E-04   -5.000615950991E-05    5.964444085259E-05   -1.176818874233E-04    1.426215713147E-04
    4.336823392990E-04    0.000000000000E+00   -1.901407633010E-04   -9.618456607146E-05    6.464980282459E-05    4.777563044904E-05    3.505891099145E-05    2.436748990666E-05   -1.564022618605E-05    8.974727521343E-06
   -9.102753935019E-04    1.901407633010E-04    0.000000000000E+00    3.558904809597E-04   -1.861123017298E-04   -1.285730523936E-04   -9.337446345207E-05   -6.527470185678E-05    4.216924938298E-05   -2.418709948378E-05
   -8.136982685437E-04    9.618456607146E-05   -3.558904809597E-04    0.000000000000E+00   -3.632164354128E-04   -1.904630051865E-04   -1.306031599860E-04   -9.183536276117E-05    6.058902420708E-05   -3.544337638729E-05
    5.074751248300E-04   -6.464980282459E-05    1.861123017298E-04    3.632164354128E-04    0.000000000000E+00    3.038453843982E-04    1.598538907034E-04    1.085419964307E-04   -7.382636902759E-05    4.548751632302E-05
    2.345449485009E-04   -4.777563044904E-05    1.285730523936E-04    1.904630051865E-04   -3.038453843982E-04    0.000000000000E+00    2.356295309539E-04    1.250903924444E-04   -8.442253529301E-05    5.557473959028E-05
    5.000615950991E-05   -3.505891099145E-05    9.337446345207E-05    1.306031599860E-04   -1.598538907034E-04   -2.356295309539E-04    0.000000000000E+00    1.788132733432E-04   -9.640245400674E-05    6.495886862488E-05
   -5.964444085259E-05   -2.436748990666E-05    6.527470185678E-05    9.183536276117E-05   -1.085419964307E-04   -1.250903924444E-04   -1.788132733432E-04    0.000000000000E+00   -1.360319766548E-04    7.490139550470E-05
    1.176818874233E-04    1.564022618605E-05   -4.216924938298E-05   -6.058902420708E-05    7.382636902759E-05    8.442253529301E-05    9.640245400673E-05    1.360319766548E-04    0.000000000000E+00   -1.048063582899E-04
   -1.426215713147E-04   -8.974727521343E-06    2.418709948379E-05    3.544337638729E-05   -4.548751632302E-05   -5.557473959028E-05   -6.495886862488E-05   -7.490139550471E-05    1.048063582899E-04    0.000000000000E+00
   24.098153167831864     
    0.000000000000E+00   -4.226126964951E-04    8.917861906466E-04    8.038102312500E-04   -5.065497994982E-04   -2.382012374273E-04   -5.514899161471E-05    5.454704824013E-05   -1.132852456966E-04    1.391487385553E-04
    4.226126964951E-04    0.000000000000E+00   -1.862429117253E-04   -9.420078651226E-05    6.328290849963E-05    4.683019266181E-05    3.449300106837E-05    2.411198735654E-05   -1.560076062273E-05    9.061539798821E-06
   -8.917861906466E-04    1.862429117253E-04    0.000000000000E+00    3.497995471233E-04   -1.828080009629E-04   -1.263449993033E-04   -9.202501139731E-05   -6.467618507373E-05    4.211967327543E-05   -2.446906064629E-05
   -8.038102312501E-04    9.420078651226E-05   -3.497995471233E-04    0.000000000000E+00   -3.586300854359E-04   -1.879231504043E-04   -1.290127048961E-04   -9.108752972706E-05    6.053536471681E-05   -3.585421337074E-05
    5.065497994982E-04   -6.328290849963E-05    1.828080009629E-04    3.586300854359E-04    0.000000000000E+00    3.012556832037E-04    1.583603385352E-04    1.077055835819E-04   -7.364223803576E-05    4.583630245417E-05
    2.382012374273E-04   -4.683019266181E-05    1.263449993033E-04    1.879231504043E-04   -3.012556832037E-04    0.000000000000E+00    2.343630434925E-04    1.242845105400E-04   -8.404636693039E-05    5.569001739126E-05
    5.514899161472E-05   -3.449300106837E-05    9.202501139731E-05    1.290127048961E-04   -1.583603385352E-04   -2.343630434925E-04    0.000000000000E+00    1.782486604768E-04   -9.596029810600E-05    6.480841121955E-05
   -5.454704824013E-05   -2.411198735654E-05    6.467618507373E-05    9.108752972706E-05   -1.077055835819E-04   -1.242845105400E-04   -1.782486604768E-04    0.000000000000E+00   -1.358039929341E-04    7.463656292910E-05
    1.132852456966E-04    1.560076062273E-05   -4.211967327542E-05   -6.053536471681E-05    7.364223803576E-05    8.404636693040E-05    9.596029810600E-05    1.358039929341E-04    0.000000000000E+00   -1.047292558868E-04
   -1.391487385553E-04   -9.061539798820E-06    2.446906064629E-05    3.585421337074E-05   -4.583630245417E-05   -5.569001739125E-05   -6.480841121956E-05   -7.463656292909E-05    1.047292558869E-04    0.000000000000E+00
   24.272461114672645     
    0.000000000000E+00   -4.118629541037E-04    8.736668978509E-04    7.939337060412E-04   -5.054593109881E-04   -2.416804265299E-04   -6.015519232830E-05    4.953921882366E-05   -1.089367951534E-04    1.356914328514E-04
    4.118629541037E-04    0.000000000000E+00   -1.824365531580E-04   -9.226618854195E-05    6.194951490739E-05    4.590288687362E-05    3.393169680836E-05    2.385238973820E-05   -1.555340246145E-05    9.140050148406E-06
   -8.736668978509E-04    1.824365531580E-04    0.000000000000E+00    3.438183384938E-04   -1.795677457524E-04   -1.241521593274E-04   -9.068232282388E-05   -6.406408255350E-05    4.204707183048E-05   -2.472712600141E-05
   -7.939337060412E-04    9.226618854195E-05   -3.438183384938E-04    0.000000000000E+00   -3.540885454366E-04   -1.854106209034E-04   -1.274275080620E-04   -9.032283962389E-05    6.045158211480E-05   -3.623203682933E-05
    5.054593109881E-04   -6.194951490739E-05    1.795677457524E-04    3.540885454366E-04    0.000000000000E+00    2.986691808549E-04    1.568707400080E-04    1.068592442134E-04   -7.343329174785E-05    4.615279783126E-05
    2.416804265298E-04   -4.590288687362E-05    1.241521593274E-04    1.854106209034E-04   -2.986691808550E-04    0.000000000000E+00    2.330881502514E-04    1.234760770462E-04   -8.365786018409E-05    5.578196445716E-05
    6.015519232829E-05   -3.393169680836E-05    9.068232282388E-05    1.274275080620E-04   -1.568707400080E-04   -2.330881502514E-04    0.000000000000E+00    1.776762538121E-04   -9.551573361332E-05    6.464742145356E-05
   -4.953921882367E-05   -2.385238973820E-05    6.406408255350E-05    9.032283962389E-05   -1.068592442134E-04   -1.234760770462E-04   -1.776762538121E-04    0.000000000000E+00   -1.355714392755E-04    7.437082230826E-05
    1.089367951534E-04    1.555340246145E-05   -4.204707183048E-05   -6.045158211480E-05    7.343329174785E-05    8.365786018408E-05    9.551573361332E-05    1.355714392755E-04    0.000000000000E+00   -1.046504149335E-04
   -1.356914328514E-04   -9.140050148407E-06    2.472712600141E-05    3.623203682933E-05   -4.615279783126E-05   -5.578196445716E-05   -6.464742145357E-05   -7.437082230826E-05    1.046504149335E-04    0.000000000000E+00
   24.447397198258809     
    0.000000000000E+00   -4.014228262831E-04    8.559115015650E-04    7.840743081193E-04   -5.042099243861E-04   -2.449861733829E-04   -6.502627351184E-05    4.462089512212E-05   -1.046374195346E-04    1.322510524963E-04
    4.014228262831E-04    0.000000000000E+00   -1.787192349201E-04   -9.037931535852E-05    6.064877254775E-05    4.499354435163E-05    3.337528391978E-05    2.358913350761E-05   -1.549853884775E-05    9.210518619362E-06
   -8.559115015650E-04    1.787192349201E-04    0.000000000000E+00    3.379448755672E-04   -1.763903561694E-04   -1.219944537036E-04   -8.934724671866E-05   -6.343959350682E-05    4.195251325067E-05   -2.496201577347E-05
   -7.840743081194E-04    9.037931535852E-05   -3.379448755672E-04    0.000000000000E+00   -3.495918724103E-04   -1.829255434623E-04   -1.258484179876E-04   -8.954263739501E-05    6.033900620046E-05   -3.657780701369E-05
    5.042099243862E-04   -6.064877254775E-05    1.763903561694E-04    3.495918724103E-04    0.000000000000E+00    2.960863406279E-04    1.553854678798E-04    1.060038215097E-04   -7.320064608314E-05    4.643798797025E-05
    2.449861733829E-04   -4.499354435163E-05    1.219944537036E-04    1.829255434623E-04   -2.960863406279E-04    0.000000000000E+00    2.318050505708E-04    1.226653040311E-04   -8.325761639075E-05    5.585139020960E-05
    6.502627351185E-05   -3.337528391978E-05    8.934724671866E-05    1.258484179876E-04   -1.553854678798E-04   -2.318050505708E-04    0.000000000000E+00    1.770960197337E-04   -9.506883162468E-05    6.447632509921E-05
   -4.462089512212E-05   -2.358913350761E-05    6.343959350682E-05    8.954263739501E-05   -1.060038215097E-04   -1.226653040311E-04   -1.770960197337E-04    0.000000000000E+00   -1.353341752230E-04    7.410417823423E-05
    1.046374195346E-04    1.549853884775E-05   -4.195251325067E-05   -6.033900620046E-05    7.320064608314E-05    8.325761639075E-05    9.506883162468E-05    1.353341752230E-04    0.000000000000E+00   -1.045696651618E-04
   -1.322510524963E-04   -9.210518619362E-06    2.496201577347E-05    3.657780701369E-05   -4.643798797025E-05   -5.585139020960E-05   -6.447632509920E-05   -7.410417823423E-05    1.045696651618E-04    0.000000000000E+00
   24.622961418590336     
    0.000000000000E+00   -3.912824238526E-04    8.385140640753E-04    7.742374546473E-04   -5.028078361304E-04   -2.481221578687E-04   -6.976380528195E-05    3.979194491408E-05   -1.003879245633E-04    1.288289271374E-04
    3.912824238526E-04    0.000000000000E+00   -1.750886136666E-04   -8.853877461466E-05    5.937985695642E-05    4.410198841400E-05    3.282402810194E-05    2.332263839099E-05   -1.543654852446E-05    9.273204147398E-06
   -8.385140640753E-04    1.750886136666E-04    0.000000000000E+00    3.321772716949E-04   -1.732746876851E-04   -1.198717808220E-04   -8.802058234608E-05   -6.280387418475E-05    4.183704404914E-05   -2.517444841557E-05
   -7.742374546473E-04    8.853877461466E-05   -3.321772716949E-04    0.000000000000E+00   -3.451401651770E-04   -1.804680444578E-04   -1.242762474566E-04   -8.874822579604E-05    6.019894201071E-05   -3.689248276814E-05
    5.028078361304E-04   -5.937985695642E-05    1.732746876851E-04    3.451401651770E-04    0.000000000000E+00    2.935076719168E-04    1.539049015276E-04    1.051401394838E-04   -7.294539527932E-05    4.669285172094E-05
    2.481221578687E-04   -4.410198841400E-05    1.198717808220E-04    1.804680444578E-04   -2.935076719168E-04    0.000000000000E+00    2.305139918285E-04    1.218524156301E-04   -8.284622714904E-05    5.589909177193E-05
    6.976380528194E-05   -3.282402810194E-05    8.802058234607E-05    1.242762474566E-04   -1.539049015276E-04   -2.305139918285E-04    0.000000000000E+00    1.765079655836E-04   -9.461967427515E-05    6.429554043452E-05
   -3.979194491408E-05   -2.332263839099E-05    6.280387418475E-05    8.874822579604E-05   -1.051401394838E-04   -1.218524156301E-04   -1.765079655836E-04    0.000000000000E+00   -1.350920923361E-04    7.383664333549E-05
    1.003879245633E-04    1.543654852446E-05   -4.183704404915E-05   -6.019894201071E-05    7.294539527932E-05    8.284622714905E-05    9.461967427515E-05    1.350920923361E-04    0.000000000000E+00   -1.044868607787E-04
   -1.288289271374E-04   -9.273204147398E-06    2.517444841557E-05    3.689248276814E-05   -4.669285172094E-05   -5.589909177193E-05   -6.429554043452E-05   -7.383664333549E-05    1.044868607787E-04    0.000000000000E+00
   24.799153775667239     
    0.000000000000E+00   -3.814321660556E-04    8.214685674434E-04    7.644282107235E-04   -5.012590501164E-04   -2.510919946716E-04   -7.436935654344E-05    3.505220123972E-05   -9.618906424929E-05    1.254263342426E-04
    3.814321660556E-04    0.000000000000E+00   -1.715423809133E-04   -8.674320405044E-05    5.814195086131E-05    4.322802482791E-05    3.227816923850E-05    2.305330332907E-05   -1.536779877757E-05    9.328362246323E-06
   -8.214685674434E-04    1.715423809133E-04    0.000000000000E+00    3.265136026977E-04   -1.702195748223E-04   -1.177839870115E-04   -8.670306216725E-05   -6.215802634582E-05    4.170168049229E-05   -2.536513415203E-05
   -7.644282107235E-04    8.674320405045E-05   -3.265136026977E-04    0.000000000000E+00   -3.407334343701E-04   -1.780381950944E-04   -1.227117441780E-04   -8.794084722161E-05    6.003265711348E-05   -3.717701214574E-05
    5.012590501163E-04   -5.814195086131E-05    1.702195748224E-04    3.407334343701E-04    0.000000000000E+00    2.909336209992E-04    1.524293810239E-04    1.042689779356E-04   -7.266859612407E-05    4.691835022133E-05
    2.510919946716E-04   -4.322802482791E-05    1.177839870115E-04    1.780381950944E-04   -2.909336209992E-04    0.000000000000E+00    2.292151843937E-04    1.210376122043E-04   -8.242425466170E-05    5.592584152776E-05
    7.436935654344E-05   -3.227816923850E-05    8.670306216726E-05    1.227117441780E-04   -1.524293810238E-04   -2.292151843937E-04    0.000000000000E+00    1.759120750904E-04   -9.416832742845E-05    6.410546322472E-05
   -3.505220123971E-05   -2.305330332907E-05    6.215802634582E-05    8.794084722161E-05   -1.042689779356E-04   -1.210376122043E-04   -1.759120750904E-04    0.000000000000E+00   -1.348450652300E-04    7.356821747751E-05
    9.618906424929E-05    1.536779877757E-05   -4.170168049229E-05   -6.003265711348E-05    7.266859612407E-05    8.242425466170E-05    9.416832742845E-05    1.348450652300E-04    0.000000000000E+00   -1.044018430328E-04
   -1.254263342426E-04   -9.328362246324E-06    2.536513415203E-05    3.717701214574E-05   -4.691835022133E-05   -5.592584152776E-05   -6.410546322473E-05   -7.356821747751E-05    1.044018430328E-04    0.000000000000E+00
   24.975974269489512     
    0.000000000000E+00   -3.718628396208E-04    8.047690793340E-04    7.546514556028E-04   -4.995694988197E-04   -2.538993151200E-04   -7.884454825825E-05    3.040142860454E-05   -9.204151960929E-05    1.220444855278E-04
    3.718628396208E-04    0.000000000000E+00   -1.680783298525E-04   -8.499130146108E-05    5.693426179964E-05    4.237145348965E-05    3.173792908221E-05    2.278151127749E-05   -1.529264830508E-05    9.376246688048E-06
   -8.047690793340E-04    1.680783298525E-04    0.000000000000E+00    3.209520328109E-04   -1.672238879144E-04   -1.157309002070E-04   -8.539537321000E-05   -6.150311049185E-05    4.154741643925E-05   -2.553477949474E-05
   -7.546514556028E-04    8.499130146108E-05   -3.209520328109E-04    0.000000000000E+00   -3.363717295429E-04   -1.756360670969E-04   -1.211556228485E-04   -8.712170334849E-05    5.984139337853E-05   -3.743233922290E-05
    4.995694988197E-04   -5.693426179964E-05    1.672238879144E-04    3.363717295429E-04    0.000000000000E+00    2.883646758619E-04    1.509592522990E-04    1.033910982190E-04   -7.237128364015E-05    4.711543626957E-05
    2.538993151200E-04   -4.237145348965E-05    1.157309002070E-04    1.756360670969E-04   -2.883646758619E-04    0.000000000000E+00    2.279088825043E-04    1.202211051656E-04   -8.199225174112E-05    5.593239938559E-05
    7.884454825824E-05   -3.173792908221E-05    8.539537320999E-05    1.211556228485E-04   -1.509592522990E-04   -2.279088825043E-04    0.000000000000E+00    1.753083695737E-04   -9.371486723597E-05    6.390648217403E-05
   -3.040142860454E-05   -2.278151127749E-05    6.150311049185E-05    8.712170334849E-05   -1.033910982190E-04   -1.202211051656E-04   -1.753083695737E-04    0.000000000000E+00   -1.345929978773E-04    7.329890808269E-05
    9.204151960928E-05    1.529264830508E-05   -4.154741643925E-05   -5.984139337854E-05    7.237128364015E-05    8.199225174111E-05    9.371486723597E-05    1.345929978774E-04    0.000000000000E+00   -1.043144755743E-04
   -1.220444855278E-04   -9.376246688048E-06    2.553477949474E-05    3.743233922290E-05   -4.711543626957E-05   -5.593239938559E-05   -6.390648217403E-05   -7.329890808268E-05    1.043144755743E-04    0.000000000000E+00
   25.153422900057162     
    0.000000000000E+00   -3.625655458288E-04    7.884096711079E-04    7.449118032771E-04   -4.977449770912E-04   -2.565477199314E-04   -8.319102115798E-05    2.583934495143E-05   -8.794591329374E-05    1.186845361171E-04
    3.625655458288E-04    0.000000000000E+00   -1.646943145994E-04   -8.328180572486E-05    5.575601265462E-05    4.153206381329E-05    3.120350865704E-05    2.250762731467E-05   -1.521144564395E-05    9.417108202936E-06
   -7.884096711079E-04    1.646943145994E-04    0.000000000000E+00    3.154907453952E-04   -1.642865036815E-04   -1.137123156627E-04   -8.409814921985E-05   -6.084014043309E-05    4.137521892250E-05   -2.568408359142E-05
   -7.449118032771E-04    8.328180572486E-05   -3.154907453952E-04    0.000000000000E+00   -3.320550711237E-04   -1.732617046721E-04   -1.196085507589E-04   -8.629194632869E-05    5.962636046836E-05   -3.765939887800E-05
    4.977449770912E-04   -5.575601265462E-05    1.642865036815E-04    3.320550711237E-04    0.000000000000E+00    2.858013094361E-04    1.494948437240E-04    1.025072308588E-04   -7.205446326833E-05    4.728504852491E-05
    2.565477199315E-04   -4.153206381329E-05    1.137123156627E-04    1.732617046721E-04   -2.858013094361E-04    0.000000000000E+00    2.265953407839E-04    1.194030989890E-04   -8.155075223891E-05    5.591950669471E-05
    8.319102115799E-05   -3.120350865704E-05    8.409814921985E-05    1.196085507589E-04   -1.494948437240E-04   -2.265953407839E-04    0.000000000000E+00    1.746968756302E-04   -9.325936673489E-05    6.369897180345E-05
   -2.583934495143E-05   -2.250762731467E-05    6.084014043309E-05    8.629194632869E-05   -1.025072308588E-04   -1.194030989890E-04   -1.746968756302E-04    0.000000000000E+00   -1.343357996024E-04    7.302872013282E-05
    8.794591329374E-05    1.521144564395E-05   -4.137521892250E-05   -5.962636046836E-05    7.205446326833E-05    8.155075223892E-05    9.325936673489E-05    1.343357996024E-04    0.000000000000E+00   -1.042246263367E-04
   -1.186845361171E-04   -9.417108202936E-06    2.568408359142E-05    3.765939887800E-05   -4.728504852491E-05   -5.591950669472E-05   -6.369897180344E-05   -7.302872013283E-05    1.042246263367E-04    0.000000000000E+00
   25.331499667370178     
    0.000000000000E+00   -3.535316774888E-04    7.723843987359E-04    7.352135838969E-04   -4.957911210114E-04   -2.590407619131E-04   -8.741042259087E-05    2.136563163067E-05   -8.390281679586E-05    1.153475892276E-04
    3.535316774888E-04    0.000000000000E+00   -1.613882363712E-04   -8.161348990262E-05    5.460643867235E-05    4.070963390648E-05    3.067508802222E-05    2.223199828872E-05   -1.512452862206E-05    9.451193866100E-06
   -7.723843987359E-04    1.613882363712E-04    0.000000000000E+00    3.101279209452E-04   -1.614062962091E-04   -1.117279927178E-04   -8.281196943460E-05   -6.017008207401E-05    4.118602650671E-05   -2.581373641979E-05
   -7.352135838969E-04    8.161348990262E-05   -3.101279209451E-04    0.000000000000E+00   -3.277834278933E-04   -1.709151155470E-04   -1.180711437345E-04   -8.545267622227E-05    5.938873332439E-05   -3.785911418903E-05
    4.957911210114E-04   -5.460643867235E-05    1.614062962091E-04    3.277834278933E-04    0.000000000000E+00    2.832439588639E-04    1.480364575802E-04    1.016180712388E-04   -7.171910794915E-05    4.742810884982E-05
    2.590407619131E-04   -4.070963390648E-05    1.117279927178E-04    1.709151155470E-04   -2.832439588638E-04    0.000000000000E+00    2.252747969757E-04    1.185837840385E-04   -8.110026737513E-05    5.588788376750E-05
    8.741042259087E-05   -3.067508802222E-05    8.281196943460E-05    1.180711437345E-04   -1.480364575802E-04   -2.252747969757E-04    0.000000000000E+00    1.740776113782E-04   -9.280189015360E-05    6.348328957388E-05
   -2.136563163067E-05   -2.223199828872E-05    6.017008207401E-05    8.545267622227E-05   -1.016180712388E-04   -1.185837840384E-04   -1.740776113782E-04    0.000000000000E+00   -1.340733742396E-04    7.275765170940E-05
    8.390281679586E-05    1.512452862206E-05   -4.118602650671E-05   -5.938873332440E-05    7.171910794916E-05    8.110026737512E-05    9.280189015361E-05    1.340733742396E-04    0.000000000000E+00   -1.041321590057E-04
   -1.153475892276E-04   -9.451193866100E-06    2.581373641979E-05    3.785911418903E-05   -4.742810884982E-05   -5.588788376750E-05   -6.348328957389E-05   -7.275765170940E-05    1.041321590057E-04    0.000000000000E+00
   25.510204571428574     
    0.000000000000E+00   -3.447529261207E-04    7.566873498327E-04    7.255608930638E-04   -4.937134402469E-04   -2.613819666083E-04   -9.150441931940E-05    1.697992591221E-05   -7.991274614488E-05    1.120346934327E-04
    3.447529261207E-04    0.000000000000E+00   -1.581580595162E-04   -7.998516810630E-05    5.348479211074E-05    3.990393435224E-05    3.015282899929E-05    2.195495445174E-05   -1.503222516688E-05    9.478747413035E-06
   -7.566873498327E-04    1.581580595162E-04    0.000000000000E+00    3.048617703271E-04   -1.585821525534E-04   -1.097776653682E-04   -8.153736592101E-05   -5.949385783144E-05    4.098075145623E-05   -2.592441957787E-05
   -7.255608930638E-04    7.998516810630E-05   -3.048617703271E-04    0.000000000000E+00   -3.235567514378E-04   -1.685962867809E-04   -1.165439760290E-04   -8.460494717498E-05    5.912965542640E-05   -3.803239772609E-05
    4.937134402468E-04   -5.348479211074E-05    1.585821525534E-04    3.235567514378E-04    0.000000000000E+00    2.806930536459E-04    1.465843826293E-04    1.007242872275E-04   -7.136616271320E-05    4.754552461811E-05
    2.613819666083E-04   -3.990393435225E-05    1.097776653682E-04    1.685962867809E-04   -2.806930536459E-04    0.000000000000E+00    2.239474938153E-04    1.177633463027E-04   -8.064129167216E-05    5.583823347742E-05
    9.150441931940E-05   -3.015282899929E-05    8.153736592102E-05    1.165439760290E-04   -1.465843826293E-04   -2.239474938153E-04    0.000000000000E+00    1.734506033361E-04   -9.234250049365E-05    6.325978060568E-05
   -1.697992591221E-05   -2.195495445174E-05    5.949385783144E-05    8.460494717499E-05   -1.007242872275E-04   -1.177633463027E-04   -1.734506033362E-04    0.000000000000E+00   -1.338056331729E-04    7.248569995316E-05
    7.991274614488E-05    1.503222516688E-05   -4.098075145623E-05   -5.912965542640E-05    7.136616271320E-05    8.064129167215E-05    9.234250049365E-05    1.338056331729E-04    0.000000000000E+00   -1.040369431654E-04
   -1.120346934327E-04   -9.478747413034E-06    2.592441957787E-05    3.803239772609E-05   -4.754552461811E-05   -5.583823347742E-05   -6.325978060568E-05   -7.248569995315E-05    1.040369431654E-04    0.000000000000E+00
   25.689537612232336     
    0.000000000000E+00   -3.362212943399E-04    7.413127023364E-04    7.159576553920E-04   -4.915173633014E-04   -2.635748629340E-04   -9.547471757305E-05    1.268180841249E-05   -7.597615409382E-05    1.087468375900E-04
    3.362212943399E-04    0.000000000000E+00   -1.550018330821E-04   -7.839570506237E-05    5.239034840673E-05    3.911473291888E-05    2.963687852286E-05    2.167681154059E-05   -1.493485444187E-05    9.500009792832E-06
   -7.413127023364E-04    1.550018330821E-04    0.000000000000E+00    2.996905790743E-04   -1.558129934630E-04   -1.078610557701E-04   -8.027483279176E-05   -5.881235235890E-05    4.076028284870E-05   -2.601680775550E-05
   -7.159576553920E-04    7.839570506237E-05   -2.996905790743E-04    0.000000000000E+00   -3.193750231459E-04   -1.663052061969E-04   -1.150275934434E-04   -8.374977567623E-05    5.885024350092E-05   -3.818015387042E-05
    4.915173633014E-04   -5.239034840673E-05    1.558129934630E-04    3.193750231459E-04    0.000000000000E+00    2.781490553570E-04    1.451389117348E-04    9.982652967845E-05   -7.099655113212E-05    4.763819230138E-05
    2.635748629339E-04   -3.911473291888E-05    1.078610557701E-04    1.663052061969E-04   -2.781490553570E-04    0.000000000000E+00    2.226137104480E-04    1.169419812418E-04   -8.017431123786E-05    5.577124636701E-05
    9.547471757304E-05   -2.963687852286E-05    8.027483279176E-05    1.150275934434E-04   -1.451389117348E-04   -2.226137104480E-04    0.000000000000E+00    1.728159107736E-04   -9.188127033976E-05    6.302878422699E-05
   -1.268180841249E-05   -2.167681154059E-05    5.881235235890E-05    8.374977567622E-05   -9.982652967845E-05   -1.169419812418E-04   -1.728159107736E-04    0.000000000000E+00   -1.335325141183E-04    7.221286947669E-05
    7.597615409383E-05    1.493485444187E-05   -4.076028284870E-05   -5.885024350092E-05    7.099655113212E-05    8.017431123785E-05    9.188127033976E-05    1.335325141183E-04    0.000000000000E+00   -1.039388687885E-04
   -1.087468375900E-04   -9.500009792833E-06    2.601680775550E-05    3.818015387042E-05   -4.763819230138E-05   -5.577124636702E-05   -6.302878422699E-05   -7.221286947670E-05    1.039388687885E-04    0.000000000000E+00
   25.869498789781474     
    0.000000000000E+00   -3.279290312370E-04    7.262546075168E-04    7.064075065431E-04   -4.892081387336E-04   -2.656229109564E-04   -9.932301273306E-05    8.470837742741E-06   -7.209345359372E-05    1.054849661429E-04
    3.279290312370E-04    0.000000000000E+00   -1.519176348216E-04   -7.684398980404E-05    5.132239216049E-05    3.834178693053E-05    2.912736408537E-05    2.139786763880E-05   -1.483272446934E-05    9.515217331073E-06
   -7.262546075168E-04    1.519176348216E-04    0.000000000000E+00    2.946126066794E-04   -1.530977289812E-04   -1.059778509078E-04   -7.902481262929E-05   -5.812640349077E-05    4.052547983852E-05   -2.609156354623E-05
   -7.064075065431E-04    7.684398980405E-05   -2.946126066794E-04    0.000000000000E+00   -3.152381509660E-04   -1.640418182678E-04   -1.135224895139E-04   -8.288812586562E-05    5.855157726011E-05   -3.830327113131E-05
    4.892081387336E-04   -5.132239216049E-05    1.530977289812E-04    3.152381509660E-04    0.000000000000E+00    2.756123684475E-04    1.437003039362E-04    9.892541159555E-05   -7.061116219021E-05    4.770698824031E-05
    2.656229109564E-04   -3.834178693053E-05    1.059778509078E-04    1.640418182677E-04   -2.756123684475E-04    0.000000000000E+00    2.212736913279E-04    1.161198635205E-04   -7.969978702658E-05    5.568759004297E-05
    9.932301273306E-05   -2.912736408537E-05    7.902481262929E-05    1.135224895139E-04   -1.437003039362E-04   -2.212736913279E-04    0.000000000000E+00    1.721735707516E-04   -9.141825839202E-05    6.279062096986E-05
   -8.470837742731E-06   -2.139786763880E-05    5.812640349077E-05    8.288812586562E-05   -9.892541159556E-05   -1.161198635205E-04   -1.721735707516E-04    0.000000000000E+00   -1.332539388857E-04    7.193915427611E-05
    7.209345359371E-05    1.483272446934E-05   -4.052547983852E-05   -5.855157726011E-05    7.061116219021E-05    7.969978702658E-05    9.141825839202E-05    1.332539388857E-04    0.000000000000E+00   -1.038378136481E-04
   -1.054849661429E-04   -9.515217331073E-06    2.609156354623E-05    3.830327113131E-05   -4.770698824031E-05   -5.568759004296E-05   -6.279062096986E-05   -7.193915427612E-05    1.038378136481E-04    0.000000000000E+00
   26.050088104075975     
    0.000000000000E+00   -3.198686766785E-04    7.115073177756E-04    6.969139284591E-04   -4.867909375056E-04   -2.675295732624E-04   -1.030510373590E-04    4.346519040803E-06   -6.826499746681E-05    1.022499659691E-04
    3.198686766785E-04    0.000000000000E+00   -1.489036240739E-04   -7.532895971779E-05    5.028023130179E-05    3.758485277950E-05    2.862440018120E-05    2.111840734992E-05   -1.472613471113E-05    9.524603281307E-06
   -7.115073177756E-04    1.489036240739E-04    0.000000000000E+00    2.896261889150E-04   -1.504353050433E-04   -1.041277305649E-04   -7.778771467885E-05   -5.743681391364E-05    4.027717883608E-05   -2.614934171688E-05
   -6.969139284591E-04    7.532895971778E-05   -2.896261889150E-04    0.000000000000E+00   -3.111460765109E-04   -1.618060716859E-04   -1.120291333382E-04   -8.202092703517E-05    5.823471026322E-05   -3.840262865331E-05
    4.867909375056E-04   -5.028023130179E-05    1.504353050433E-04    3.111460765109E-04    0.000000000000E+00    2.730834316988E-04    1.422688243805E-04    9.802153124559E-05   -7.021086469342E-05    4.775277752983E-05
    2.675295732624E-04   -3.758485277950E-05    1.041277305649E-04    1.618060716859E-04   -2.730834316988E-04    0.000000000000E+00    2.199277190235E-04    1.152971787111E-04   -7.921817325546E-05    5.558792070834E-05
    1.030510373590E-04   -2.862440018120E-05    7.778771467885E-05    1.120291333382E-04   -1.422688243805E-04   -2.199277190235E-04    0.000000000000E+00    1.715236548002E-04   -9.095353426083E-05    6.254560710301E-05
   -4.346519040813E-06   -2.111840734992E-05    5.743681391364E-05    8.202092703517E-05   -9.802153124558E-05   -1.152971787111E-04   -1.715236548002E-04    0.000000000000E+00   -1.329698572824E-04    7.166455707480E-05
    6.826499746682E-05    1.472613471113E-05   -4.027717883608E-05   -5.823471026322E-05    7.021086469342E-05    7.921817325546E-05    9.095353426083E-05    1.329698572824E-04    0.000000000000E+00   -1.037336773939E-04
   -1.022499659691E-04   -9.524603281307E-06    2.614934171688E-05    3.840262865331E-05   -4.775277752983E-05   -5.558792070834E-05   -6.254560710301E-05   -7.166455707479E-05    1.037336773939E-04    0.000000000000E+00
   26.231305555115863     
    0.000000000000E+00   -3.120329939187E-04    6.970650596079E-04    6.874801197861E-04   -4.842707439669E-04   -2.692982345620E-04   -1.066605047699E-04    3.083430534634E-07   -6.449110506838E-05    9.904268397979E-05
    3.120329939187E-04    0.000000000000E+00   -1.459579814343E-04   -7.384957210382E-05    4.926318168566E-05    3.684367733555E-05    2.812808311608E-05    2.083869825574E-05   -1.461537343465E-05    9.528395817227E-06
   -6.970650596079E-04    1.459579814343E-04    0.000000000000E+00    2.847296276893E-04   -1.478246544406E-04   -1.023103410982E-04   -7.656389940331E-05   -5.674434092563E-05    4.001618602233E-05   -2.619078352608E-05
   -6.874801197861E-04    7.384957210382E-05   -2.847296276893E-04    0.000000000000E+00   -3.070986607382E-04   -1.595978700862E-04   -1.105479426757E-04   -8.114905698140E-05    5.790065841311E-05   -3.847908772068E-05
    4.842707439669E-04   -4.926318168566E-05    1.478246544405E-04    3.070986607382E-04    0.000000000000E+00    2.705626184637E-04    1.408447015898E-04    9.711544847073E-05   -6.979649233205E-05    4.777640361771E-05
    2.692982345620E-04   -3.684367733555E-05    1.023103410982E-04    1.595978700862E-04   -2.705626184637E-04    0.000000000000E+00    2.185760338363E-04    1.144740888319E-04   -7.872989818300E-05    5.547287097397E-05
    1.066605047699E-04   -2.812808311608E-05    7.656389940330E-05    1.105479426757E-04   -1.408447015898E-04   -2.185760338363E-04    0.000000000000E+00    1.708662061272E-04   -9.048715147930E-05    6.229403953970E-05
   -3.083430534682E-07   -2.083869825574E-05    5.674434092563E-05    8.114905698140E-05   -9.711544847074E-05   -1.144740888319E-04   -1.708662061272E-04    0.000000000000E+00   -1.326801984192E-04    7.138906833038E-05
    6.449110506837E-05    1.461537343465E-05   -4.001618602233E-05   -5.790065841311E-05    6.979649233205E-05    7.872989818301E-05    9.048715147930E-05    1.326801984192E-04    0.000000000000E+00   -1.036263437161E-04
   -9.904268397979E-05   -9.528395817227E-06    2.619078352608E-05    3.847908772068E-05   -4.777640361771E-05   -5.547287097397E-05   -6.229403953970E-05   -7.138906833037E-05    1.036263437161E-04    0.000000000000E+00
   26.413151142901107     
    0.000000000000E+00   -3.044150264452E-04    6.829221886197E-04    6.781091617949E-04   -4.816524845271E-04   -2.709322927718E-04   -1.101531711280E-04   -3.644255150944E-06   -6.077203522595E-05    9.586390945141E-05
    3.044150264452E-04    0.000000000000E+00   -1.430789743246E-04   -7.240483425290E-05    4.827058461591E-05    3.611800947470E-05    2.763849877433E-05    2.055899601851E-05   -1.450072096307E-05    9.526820066078E-06
   -6.829221886197E-04    1.430789743246E-04    0.000000000000E+00    2.799213177230E-04   -1.452647544773E-04   -1.005253296328E-04   -7.535370059406E-05   -5.604971078532E-05    3.974328643444E-05   -2.621652235887E-05
   -6.781091617949E-04    7.240483425290E-05   -2.799213177230E-04    0.000000000000E+00   -3.030958175251E-04   -1.574171312760E-04   -1.090793183960E-04   -8.027336374511E-05    5.755041372829E-05   -3.853350031874E-05
    4.816524845271E-04   -4.827058461591E-05    1.452647544773E-04    3.030958175252E-04    0.000000000000E+00    2.680503517566E-04    1.394281776698E-04    9.620771364808E-05   -6.936886184240E-05    4.777869976130E-05
    2.709322927718E-04   -3.611800947470E-05    1.005253296328E-04    1.574171312760E-04   -2.680503517566E-04    0.000000000000E+00    2.172189259129E-04    1.136507724043E-04   -7.823538728763E-05    5.534306445749E-05
    1.101531711280E-04   -2.763849877433E-05    7.535370059406E-05    1.090793183960E-04   -1.394281776698E-04   -2.172189259129E-04    0.000000000000E+00    1.702013114948E-04   -9.001917888280E-05    6.203621414141E-05
    3.644255150944E-06   -2.055899601851E-05    5.604971078532E-05    8.027336374511E-05   -9.620771364807E-05   -1.136507724043E-04   -1.702013114948E-04    0.000000000000E+00   -1.323849264753E-04    7.111269074096E-05
    6.077203522595E-05    1.450072096307E-05   -3.974328643444E-05   -5.755041372829E-05    6.936886184240E-05    7.823538728763E-05    9.001917888280E-05    1.323849264753E-04    0.000000000000E+00   -1.035157237033E-04
   -9.586390945141E-05   -9.526820066078E-06    2.621652235887E-05    3.853350031874E-05   -4.777869976130E-05   -5.534306445749E-05   -6.203621414141E-05   -7.111269074097E-05    1.035157237033E-04    0.000000000000E+00
   26.595624867431738     
    0.000000000000E+00   -2.970080291511E-04    6.690730561957E-04    6.688038817416E-04   -4.789409127263E-04   -2.724350740614E-04   -1.135307757801E-04   -7.511854861070E-06   -5.710801449087E-05    9.271439280856E-05
    2.970080291511E-04    0.000000000000E+00   -1.402648943969E-04   -7.099377391928E-05    4.730179070546E-05    3.540759096021E-05    2.715571708790E-05    2.027954064187E-05   -1.438244693006E-05    9.520096033091E-06
   -6.690730561957E-04    1.402648943969E-04    0.000000000000E+00    2.751996314841E-04   -1.427545755274E-04   -9.877231631314E-05   -7.415740896623E-05   -5.535360791427E-05    3.945923617107E-05   -2.622717786254E-05
   -6.688038817415E-04    7.099377391928E-05   -2.751996314841E-04    0.000000000000E+00   -2.991373938431E-04   -1.552637354353E-04   -1.076236161025E-04   -7.939464808480E-05    5.718493233565E-05   -3.856670034193E-05
    4.789409127263E-04   -4.730179070546E-05    1.427545755274E-04    2.991373938431E-04    0.000000000000E+00    2.655469996096E-04    1.380194634343E-04    9.529884277466E-05   -6.892875733256E-05    4.776047818541E-05
    2.724350740614E-04   -3.540759096021E-05    9.877231631314E-05    1.552637354353E-04   -2.655469996096E-04    0.000000000000E+00    2.158566509537E-04    1.128273882976E-04   -7.773504306536E-05    5.519910299287E-05
    1.135307757801E-04   -2.715571708790E-05    7.415740896622E-05    1.076236161025E-04   -1.380194634343E-04   -2.158566509537E-04    0.000000000000E+00    1.695290354714E-04   -8.954967232762E-05    6.177240986088E-05
    7.511854861075E-06   -2.027954064187E-05    5.535360791427E-05    7.939464808479E-05   -9.529884277467E-05   -1.128273882976E-04   -1.695290354714E-04    0.000000000000E+00   -1.320839897865E-04    7.083541726117E-05
    5.710801449087E-05    1.438244693006E-05   -3.945923617107E-05   -5.718493233566E-05    6.892875733256E-05    7.773504306536E-05    8.954967232761E-05    1.320839897865E-04    0.000000000000E+00   -1.034017162928E-04
   -9.271439280856E-05   -9.520096033091E-06    2.622717786254E-05    3.856670034192E-05   -4.776047818541E-05   -5.519910299287E-05   -6.177240986088E-05   -7.083541726117E-05    1.034017162928E-04    0.000000000000E+00
   26.778726728707731     
    0.000000000000E+00   -2.898055090567E-04    6.555121262108E-04    6.595669802394E-04   -4.761407082383E-04   -2.738099031732E-04   -1.167950894144E-04   -1.129508186153E-05   -5.349921602397E-05    8.959483178262E-05
    2.898055090567E-04    0.000000000000E+00   -1.375141066674E-04   -6.961546186738E-05    4.635617311398E-05    3.471216531114E-05    2.667979811009E-05    2.000056048871E-05   -1.426081282919E-05    9.508440175223E-06
   -6.555121262108E-04    1.375141066674E-04    0.000000000000E+00    2.705630152696E-04   -1.402931249570E-04   -9.705092067439E-05   -7.297528945008E-05   -5.465668620319E-05    3.916476953171E-05   -2.622336031595E-05
   -6.595669802394E-04    6.961546186738E-05   -2.705630152695E-04    0.000000000000E+00   -2.952232721048E-04   -1.531375707690E-04   -1.061811729429E-04   -7.851368053744E-05    5.680514528748E-05   -3.857951025365E-05
    4.761407082383E-04   -4.635617311398E-05    1.402931249570E-04    2.952232721048E-04    0.000000000000E+00    2.630529638580E-04    1.366187773202E-04    9.438934007666E-05   -6.847694453766E-05    4.772253905662E-05
    2.738099031732E-04   -3.471216531114E-05    9.705092067439E-05    1.531375707690E-04   -2.630529638580E-04    0.000000000000E+00    2.144895016920E-04    1.120041069364E-04   -7.722926320265E-05    5.504157813205E-05
    1.167950894144E-04   -2.667979811009E-05    7.297528945008E-05    1.061811729429E-04   -1.366187773202E-04   -2.144895016920E-04    0.000000000000E+00    1.688494765362E-04   -8.907869926991E-05    6.150290317246E-05
    1.129508186153E-05   -2.000056048871E-05    5.465668620319E-05    7.851368053744E-05   -9.438934007667E-05   -1.120041069364E-04   -1.688494765362E-04    0.000000000000E+00   -1.317773646009E-04    7.055725040052E-05
    5.349921602397E-05    1.426081282919E-05   -3.916476953171E-05   -5.680514528748E-05    6.847694453766E-05    7.722926320265E-05    8.907869926991E-05    1.317773646009E-04    0.000000000000E+00   -1.032842424667E-04
   -8.959483178262E-05   -9.508440175223E-06    2.622336031595E-05    3.857951025365E-05   -4.772253905663E-05   -5.504157813205E-05   -6.150290317247E-05   -7.055725040051E-05    1.032842424667E-04    0.000000000000E+00
   26.962456726729105     
    0.000000000000E+00   -2.828011653184E-04    6.422338584723E-04    6.504009106799E-04   -4.732563737407E-04   -2.750600260251E-04   -1.199478590618E-04   -1.499456991541E-05   -4.994578623711E-05    8.650588937143E-05
    2.828011653184E-04    0.000000000000E+00   -1.348249944248E-04   -6.826898571086E-05    4.543311313828E-05    3.403146962981E-05    2.621078706558E-05    1.972226893796E-05   -1.413606954900E-05    9.492063520933E-06
   -6.422338584723E-04    1.348249944248E-04    0.000000000000E+00    2.660098869963E-04   -1.378794011050E-04   -9.536073669738E-05   -7.180756643347E-05   -5.395955930152E-05    3.886059198397E-05   -2.620566529557E-05
   -6.504009106799E-04    6.826898571086E-05   -2.660098869963E-04    0.000000000000E+00   -2.913532624928E-04   -1.510384866867E-04   -1.047522818675E-04   -7.763118549242E-05    5.641194762556E-05   -3.857273302983E-05
    4.732563737407E-04   -4.543311313828E-05    1.378794011050E-04    2.913532624928E-04    0.000000000000E+00    2.605685849269E-04    1.352263043541E-04    9.347967513649E-05   -6.801415639284E-05    4.766566046720E-05
    2.750600260251E-04   -3.403146962981E-05    9.536073669738E-05    1.510384866867E-04   -2.605685849269E-04    0.000000000000E+00    2.131177303365E-04    1.111810768709E-04   -7.671842182272E-05    5.487105923585E-05
    1.199478590618E-04   -2.621078706558E-05    7.180756643348E-05    1.047522818675E-04   -1.352263043541E-04   -2.131177303365E-04    0.000000000000E+00    1.681627059710E-04   -8.860631236968E-05    6.122795321349E-05
    1.499456991541E-05   -1.972226893796E-05    5.395955930152E-05    7.763118549242E-05   -9.347967513649E-05   -1.111810768709E-04   -1.681627059710E-04    0.000000000000E+00   -1.314650073735E-04    7.027818154194E-05
    4.994578623711E-05    1.413606954900E-05   -3.886059198397E-05   -5.641194762556E-05    6.801415639285E-05    7.671842182272E-05    8.860631236968E-05    1.314650073735E-04    0.000000000000E+00   -1.031632079383E-04
   -8.650588937143E-05   -9.492063520933E-06    2.620566529557E-05    3.857273302983E-05   -4.766566046720E-05   -5.487105923585E-05   -6.122795321348E-05   -7.027818154195E-05    1.031632079383E-04    0.000000000000E+00
   27.146814861495841     
    0.000000000000E+00   -2.759889312523E-04    6.292328270541E-04    6.413080098130E-04   -4.702923378157E-04   -2.761886834384E-04   -1.229908589744E-04   -1.861099500722E-05   -4.644782211984E-05    8.344817888849E-05
    2.759889312523E-04    0.000000000000E+00   -1.321960095768E-04   -6.695347312765E-05    4.453201379354E-05    3.336524364217E-05    2.574872054709E-05    1.944486852127E-05   -1.400846003590E-05    9.471173342243E-06
   -6.292328270541E-04    1.321960095768E-04    0.000000000000E+00    2.615387348673E-04   -1.355124384290E-04   -9.370135982494E-05   -7.065444147818E-05   -5.326281229090E-05    3.854738763896E-05   -2.617467833332E-05
   -6.413080098130E-04    6.695347312765E-05   -2.615387348673E-04    0.000000000000E+00   -2.875272087293E-04   -1.489663410162E-04   -1.033372193370E-04   -7.674785888752E-05    5.600620971914E-05   -3.854715925353E-05
    4.702923378157E-04   -4.453201379354E-05    1.355124384290E-04    2.875272087292E-04    0.000000000000E+00    2.580942341906E-04    1.338422366586E-04    9.257030642629E-05   -6.754110793182E-05    4.759060791671E-05
    2.761886834384E-04   -3.336524364217E-05    9.370135982494E-05    1.489663410162E-04   -2.580942341906E-04    0.000000000000E+00    2.117416232147E-04    1.103584573788E-04   -7.620288845959E-05    5.468810552988E-05
    1.229908589744E-04   -2.574872054709E-05    7.065444147818E-05    1.033372193370E-04   -1.338422366585E-04   -2.117416232148E-04    0.000000000000E+00    1.674688266097E-04   -8.813257521967E-05    6.094781687522E-05
    1.861099500722E-05   -1.944486852127E-05    5.326281229090E-05    7.674785888751E-05   -9.257030642629E-05   -1.103584573787E-04   -1.674688266097E-04    0.000000000000E+00   -1.311469006653E-04    6.999821117467E-05
    4.644782211984E-05    1.400846003590E-05   -3.854738763896E-05   -5.600620971914E-05    6.754110793182E-05    7.620288845959E-05    8.813257521967E-05    1.311469006653E-04    0.000000000000E+00   -1.030385390772E-04
   -8.344817888849E-05   -9.471173342242E-06    2.617467833331E-05    3.854715925353E-05   -4.759060791671E-05   -5.468810552988E-05   -6.094781687523E-05   -6.999821117467E-05    1.030385390772E-04    0.000000000000E+00
   27.331801133007964     
    0.000000000000E+00   -2.693629337677E-04    6.165036464773E-04    6.322904228207E-04   -4.672528894381E-04   -2.771990613264E-04   -1.259258550095E-04   -2.214505020258E-05   -4.300538881200E-05    8.042227592727E-05
    2.693629337677E-04    0.000000000000E+00   -1.296256372173E-04   -6.566807491584E-05    4.365229055889E-05    3.271322464236E-05    2.529362358417E-05    1.916854895917E-05   -1.387821779663E-05    9.445971955567E-06
   -6.165036464773E-04    1.296256372173E-04    0.000000000000E+00    2.571480523554E-04   -1.331912782861E-04   -9.207237149849E-05   -6.951608448478E-05   -5.256699593458E-05    3.822581496692E-05   -2.613097150924E-05
   -6.322904228207E-04    6.566807491584E-05   -2.571480523554E-04    0.000000000000E+00   -2.837449199106E-04   -1.469209705615E-04   -1.019362294473E-04   -7.586435853511E-05    5.558877054287E-05   -3.850356197463E-05
    4.672528894381E-04   -4.365229055889E-05    1.331912782861E-04    2.837449199106E-04    0.000000000000E+00    2.556302536416E-04    1.324667476109E-04    9.166166709399E-05   -6.705848737431E-05    4.749812801224E-05
    2.771990613264E-04   -3.271322464236E-05    9.207237149849E-05    1.469209705615E-04   -2.556302536416E-04    0.000000000000E+00    2.103614517425E-04    1.095363974438E-04   -7.568301640306E-05    5.449325873101E-05
    1.259258550095E-04   -2.529362358417E-05    6.951608448478E-05    1.019362294473E-04   -1.324667476109E-04   -2.103614517425E-04    0.000000000000E+00    1.667679343987E-04   -8.765754583245E-05    6.066273962028E-05
    2.214505020258E-05   -1.916854895917E-05    5.256699593458E-05    7.586435853511E-05   -9.166166709399E-05   -1.095363974439E-04   -1.667679343987E-04    0.000000000000E+00   -1.308230233124E-04    6.971733603024E-05
    4.300538881201E-05    1.387821779663E-05   -3.822581496693E-05   -5.558877054287E-05    6.705848737431E-05    7.568301640306E-05    8.765754583245E-05    1.308230233124E-04    0.000000000000E+00   -1.029101596788E-04
   -8.042227592727E-05   -9.445971955567E-06    2.613097150924E-05    3.850356197463E-05   -4.749812801224E-05   -5.449325873101E-05   -6.066273962028E-05   -6.971733603024E-05    1.029101596788E-04    0.000000000000E+00
   27.517415541265443     
    0.000000000000E+00   -2.629175005761E-04    6.040410076268E-04    6.233501460617E-04   -4.641422091753E-04   -2.780943117181E-04   -1.287546184726E-04   -2.559745437663E-05   -3.961851427818E-05    7.742871504574E-05
    2.629175005761E-04    0.000000000000E+00   -1.271124090942E-04   -6.441197094502E-05    4.279337507360E-05    3.207515037033E-05    2.484551183366E-05    1.889348863077E-05   -1.374556775661E-05    9.416657158240E-06
   -6.040410076268E-04    1.271124090942E-04    0.000000000000E+00    2.528363661936E-04   -1.309149818523E-04   -9.047334762774E-05   -6.839263976237E-05   -5.187263072467E-05    3.789650916182E-05   -2.607510463210E-05
   -6.233501460617E-04    6.441197094502E-05   -2.528363661936E-04    0.000000000000E+00   -2.800062009168E-04   -1.449022049468E-04   -1.005495325554E-04   -7.498130981069E-05    5.516044111920E-05   -3.844269849042E-05
    4.641422091753E-04   -4.279337507360E-05    1.309149818523E-04    2.800062009168E-04    0.000000000000E+00    2.531769816788E-04    1.311000032642E-04    9.075417185519E-05   -6.656696050650E-05    4.738895100147E-05
    2.780943117181E-04   -3.207515037033E-05    9.047334762774E-05    1.449022049468E-04   -2.531769816788E-04    0.000000000000E+00    2.089774925857E-04    1.087150445915E-04   -7.515914801565E-05    5.428704642587E-05
    1.287546184726E-04   -2.484551183366E-05    6.839263976237E-05    1.005495325554E-04   -1.311000032643E-04   -2.089774925857E-04    0.000000000000E+00    1.660601338108E-04   -8.718128341207E-05    6.037295962200E-05
    2.559745437663E-05   -1.889348863077E-05    5.187263072467E-05    7.498130981069E-05   -9.075417185519E-05   -1.087150445915E-04   -1.660601338108E-04    0.000000000000E+00   -1.304933621310E-04    6.943555429613E-05
    3.961851427817E-05    1.374556775661E-05   -3.789650916182E-05   -5.516044111920E-05    6.656696050650E-05    7.515914801565E-05    8.718128341207E-05    1.304933621310E-04    0.000000000000E+00   -1.027779999351E-04
   -7.742871504575E-05   -9.416657158240E-06    2.607510463210E-05    3.844269849042E-05   -4.738895100147E-05   -5.428704642588E-05   -6.037295962200E-05   -6.943555429612E-05    1.027779999351E-04    0.000000000000E+00
   27.703658086268305     
    0.000000000000E+00   -2.566471364928E-04    5.918396405547E-04    6.144889907118E-04   -4.609643351536E-04   -2.788775259291E-04   -1.314789066704E-04   -2.896893829722E-05   -3.628719923637E-05    7.446799668131E-05
    2.566471364928E-04    0.000000000000E+00   -1.246548853648E-04   -6.318436125974E-05    4.195471038246E-05    3.145075667702E-05    2.440439041225E-05    1.861985381922E-05   -1.361072561401E-05    9.383421630191E-06
   -5.918396405547E-04    1.246548853648E-04    0.000000000000E+00    2.486022037407E-04   -1.286826155272E-04   -8.890385138768E-05   -6.728422236247E-05   -5.118020460083E-05    3.756008027493E-05   -2.600762353141E-05
   -6.144889907118E-04    6.318436125974E-05   -2.486022037407E-04    0.000000000000E+00   -2.763108186126E-04   -1.429098523368E-04   -9.917731804673E-05   -7.409930148424E-05    5.472200152548E-05   -3.836530779496E-05
    4.609643351536E-04   -4.195471038246E-05    1.286826155272E-04    2.763108186126E-04    0.000000000000E+00    2.507347233542E-04    1.297421499054E-04    8.984821047269E-05   -6.606716670020E-05    4.726378781184E-05
    2.788775259291E-04   -3.145075667702E-05    8.890385138768E-05    1.429098523368E-04   -2.507347233542E-04    0.000000000000E+00    2.075900039934E-04    1.078945350074E-04   -7.463160950695E-05    5.406997883061E-05
    1.314789066704E-04   -2.440439041225E-05    6.728422236247E-05    9.917731804673E-05   -1.297421499054E-04   -2.075900039934E-04    0.000000000000E+00    1.653455199929E-04   -8.670384091278E-05    6.007870383371E-05
    2.896893829722E-05   -1.861985381922E-05    5.118020460083E-05    7.409930148424E-05   -8.984821047268E-05   -1.078945350074E-04   -1.653455199929E-04    0.000000000000E+00   -1.301578987122E-04    6.915286008865E-05
    3.628719923638E-05    1.361072561401E-05   -3.756008027493E-05   -5.472200152548E-05    6.606716670020E-05    7.463160950694E-05    8.670384091278E-05    1.301578987122E-04    0.000000000000E+00   -1.026419865616E-04
   -7.446799668130E-05   -9.383421630191E-06    2.600762353141E-05    3.836530779496E-05   -4.726378781184E-05   -5.406997883061E-05   -6.007870383371E-05   -6.915286008865E-05    1.026419865616E-04    0.000000000000E+00
   27.890528768016530     
    0.000000000000E+00   -2.505465625771E-04    5.798944245516E-04    6.057087081402E-04   -4.577232648051E-04   -2.795518086736E-04   -1.341005145935E-04   -3.226027970399E-05   -3.301139370962E-05    7.154057150174E-05
    2.505465625771E-04    0.000000000000E+00   -1.222517012165E-04   -6.198448776190E-05    4.113576359649E-05    3.083978590822E-05    2.397025966343E-05    1.834780260769E-05   -1.347390039032E-05    9.346454567152E-06
   -5.798944245516E-04    1.222517012165E-04    0.000000000000E+00    2.444441852463E-04   -1.264932932708E-04   -8.736345847785E-05   -6.619093466248E-05   -5.049018397876E-05    3.721712039031E-05   -2.592906461846E-05
   -6.057087081402E-04    6.198448776190E-05   -2.444441852464E-04    0.000000000000E+00   -2.726586019672E-04   -1.409437441046E-04   -9.781977048467E-05   -7.321890246118E-05    5.427421173271E-05   -3.827211747691E-05
    4.577232648051E-04   -4.113576359649E-05    1.264932932708E-04    2.726586019672E-04    0.000000000000E+00    2.483038381370E-04    1.283933523982E-04    8.894416992512E-05   -6.555973296518E-05    4.712333908319E-05
    2.795518086736E-04   -3.083978590822E-05    8.736345847785E-05    1.409437441046E-04   -2.483038381370E-04    0.000000000000E+00    2.061992962134E-04    1.070750240524E-04   -7.410072857383E-05    5.384256001279E-05
    1.341005145935E-04   -2.397025966343E-05    6.619093466248E-05    9.781977048467E-05   -1.283933523982E-04   -2.061992962134E-04    0.000000000000E+00    1.646242332923E-04   -8.622528869150E-05    5.978020177832E-05
    3.226027970399E-05   -1.834780260769E-05    5.049018397876E-05    7.321890246119E-05   -8.894416992512E-05   -1.070750240524E-04   -1.646242332923E-04    0.000000000000E+00   -1.298166511662E-04    6.886926170515E-05
    3.301139370962E-05    1.347390039032E-05   -3.721712039031E-05   -5.427421173271E-05    6.555973296518E-05    7.410072857383E-05    8.622528869150E-05    1.298166511662E-04    0.000000000000E+00   -1.025020749204E-04
   -7.154057150174E-05   -9.346454567152E-06    2.592906461846E-05    3.827211747691E-05   -4.712333908319E-05   -5.384256001279E-05   -5.978020177832E-05   -6.886926170515E-05    1.025020749204E-04    0.000000000000E+00
   28.078027586510135     
    0.000000000000E+00   -2.446106371539E-04    5.682002187257E-04    5.970108080459E-04   -4.544227984688E-04   -2.801201595163E-04   -1.366211901566E-04   -3.547224393308E-05   -2.979103821787E-05    6.864686861994E-05
    2.446106371539E-04    0.000000000000E+00   -1.199014896551E-04   -6.081159744458E-05    4.033600510665E-05    3.024197456300E-05    2.354310745946E-05    1.807747974249E-05   -1.333529078529E-05    9.305939000119E-06
   -5.682002187257E-04    1.199014896551E-04    0.000000000000E+00    2.403608766612E-04   -1.243461094270E-04   -8.585171959179E-05   -6.511284360257E-05   -4.980299888488E-05    3.686819323709E-05   -2.583994730246E-05
   -5.970108080459E-04    6.081159744458E-05   -2.403608766612E-04    0.000000000000E+00   -2.690492841431E-04   -1.390036654285E-04   -9.647703083204E-05   -7.234063771515E-05    5.381779543688E-05   -3.816383219983E-05
    4.544227984688E-04   -4.033600510665E-05    1.243461094270E-04    2.690492841431E-04    0.000000000000E+00    2.458845995631E-04    1.270537334403E-04    8.804240029821E-05   -6.504525250292E-05    4.696828058282E-05
    2.801201595163E-04   -3.024197456300E-05    8.585171959179E-05    1.390036654286E-04   -2.458845995631E-04    0.000000000000E+00    2.048056173562E-04    1.062566370678E-04   -7.356680665556E-05    5.360527031486E-05
    1.366211901566E-04   -2.354310745946E-05    6.511284360257E-05    9.647703083204E-05   -1.270537334402E-04   -2.048056173561E-04    0.000000000000E+00    1.638963700214E-04   -8.574567600040E-05    5.947766371904E-05
    3.547224393308E-05   -1.807747974249E-05    4.980299888488E-05    7.234063771514E-05   -8.804240029821E-05   -1.062566370678E-04   -1.638963700214E-04    0.000000000000E+00   -1.294696052337E-04    6.858475173892E-05
    2.979103821786E-05    1.333529078529E-05   -3.686819323709E-05   -5.381779543688E-05    6.504525250292E-05    7.356680665557E-05    8.574567600039E-05    1.294696052337E-04    0.000000000000E+00   -1.023581956511E-04
   -6.864686861995E-05   -9.305939000118E-06    2.583994730246E-05    3.816383219983E-05   -4.696828058282E-05   -5.360527031486E-05   -5.947766371904E-05   -6.858475173891E-05    1.023581956511E-04    0.000000000000E+00
   28.266154541749110     
    0.000000000000E+00   -2.388344062540E-04    5.567519969255E-04    5.883967110664E-04   -4.510666643317E-04   -2.805855644529E-04   -1.390426984565E-04   -3.860562789376E-05   -2.662603414680E-05    6.578727575095E-05
    2.388344062540E-04    0.000000000000E+00   -1.176029398801E-04   -5.966496965772E-05    3.955492440020E-05    2.965706359375E-05    2.312291621658E-05    1.780902139378E-05   -1.319508834603E-05    9.262053873695E-06
   -5.567519969255E-04    1.176029398801E-04    0.000000000000E+00    2.363509045059E-04   -1.222401913963E-04   -8.436819155202E-05   -6.405000096404E-05   -4.911905648612E-05    3.651384313296E-05   -2.574077981792E-05
   -5.883967110664E-04    5.966496965772E-05   -2.363509045059E-04    0.000000000000E+00   -2.654826272347E-04   -1.370894109097E-04   -9.514922887289E-05   -7.146500904667E-05    5.335345364670E-05   -3.804114254009E-05
    4.510666643317E-04   -3.955492440020E-05    1.222401913963E-04    2.654826272347E-04    0.000000000000E+00    2.434773053303E-04    1.257234217395E-04    8.714324261668E-05   -6.452430240670E-05    4.679927473496E-05
    2.805855644529E-04   -2.965706359375E-05    8.436819155202E-05    1.370894109097E-04   -2.434773053303E-04    0.000000000000E+00    2.034092425352E-04    1.054395081275E-04   -7.303014133274E-05    5.335858065087E-05
    1.390426984565E-04   -2.312291621658E-05    6.405000096404E-05    9.514922887289E-05   -1.257234217396E-04   -2.034092425352E-04    0.000000000000E+00    1.631620522357E-04   -8.526506135495E-05    5.917129834144E-05
    3.860562789375E-05   -1.780902139378E-05    4.911905648612E-05    7.146500904667E-05   -8.714324261667E-05   -1.054395081275E-04   -1.631620522357E-04    0.000000000000E+00   -1.291167683181E-04    6.829933075535E-05
    2.662603414681E-05    1.319508834603E-05   -3.651384313296E-05   -5.335345364670E-05    6.452430240670E-05    7.303014133274E-05    8.526506135495E-05    1.291167683182E-04    0.000000000000E+00   -1.022102966600E-04
   -6.578727575094E-05   -9.262053873695E-06    2.574077981792E-05    3.804114254009E-05   -4.679927473496E-05   -5.335858065087E-05   -5.917129834144E-05   -6.829933075536E-05    1.022102966600E-04    0.000000000000E+00
   28.454909633733457     
    0.000000000000E+00   -2.332130771721E-04    5.455448008159E-04    5.798677018307E-04   -4.476584759475E-04   -2.809509625503E-04   -1.413667974716E-04   -4.166124265512E-05   -2.351625616033E-05    6.296214790256E-05
    2.332130771721E-04    0.000000000000E+00   -1.153547747753E-04   -5.854390520522E-05    3.879202402407E-05    2.908479514889E-05    2.270966109171E-05    1.754255399567E-05   -1.305347657532E-05    9.214973298713E-06
   -5.455448008159E-04    1.153547747753E-04    0.000000000000E+00    2.324129143710E-04   -1.201746807615E-04   -8.291242738018E-05   -6.300243788310E-05   -4.843873764713E-05    3.615459241409E-05   -2.563205709470E-05
   -5.798677018307E-04    5.854390520522E-05   -2.324129143710E-04    0.000000000000E+00   -2.619583783766E-04   -1.352007655644E-04   -9.383647309868E-05   -7.059248906809E-05    5.288186054019E-05   -3.790472173462E-05
    4.476584759475E-04   -3.879202402407E-05    1.201746807615E-04    2.619583783766E-04    0.000000000000E+00    2.410822380297E-04    1.244025352065E-04    8.624701969256E-05   -6.399743800052E-05    4.661696659889E-05
    2.809509625503E-04   -2.908479514889E-05    8.291242738018E-05    1.352007655644E-04   -2.410822380297E-04    0.000000000000E+00    2.020104417426E-04    1.046237662867E-04   -7.249101876943E-05    5.310294776747E-05
    1.413667974716E-04   -2.270966109171E-05    6.300243788310E-05    9.383647309868E-05   -1.244025352065E-04   -2.020104417426E-04    0.000000000000E+00    1.624214025413E-04   -8.478350174225E-05    5.886130680199E-05
    4.166124265512E-05   -1.754255399567E-05    4.843873764713E-05    7.059248906809E-05   -8.624701969256E-05   -1.046237662867E-04   -1.624214025413E-04    0.000000000000E+00   -1.287581500411E-04    6.801299892412E-05
    2.351625616033E-05    1.305347657532E-05   -3.615459241409E-05   -5.288186054019E-05    6.399743800053E-05    7.249101876942E-05    8.478350174225E-05    1.287581500411E-04    0.000000000000E+00   -1.020583280490E-04
   -6.296214790256E-05   -9.214973298713E-06    2.563205709470E-05    3.790472173462E-05   -4.661696659889E-05   -5.310294776747E-05   -5.886130680200E-05   -6.801299892411E-05    1.020583280490E-04    0.000000000000E+00
   28.644292862463175     
    0.000000000000E+00   -2.277420243750E-04    5.345737688044E-04    5.714249660459E-04   -4.442017611671E-04   -2.812192664058E-04   -1.435952522494E-04   -4.463992296794E-05   -2.046154601273E-05    6.017180335475E-05
    2.277420243750E-04    0.000000000000E+00   -1.131557625431E-04   -5.744773162528E-05    3.804682282099E-05    2.852491505742E-05    2.230331192058E-05    1.727819561885E-05   -1.291063179668E-05    9.164867041094E-06
   -5.345737688044E-04    1.131557625432E-04    0.000000000000E+00    2.285455956417E-04   -1.181487448135E-04   -8.148398382272E-05   -6.197017033603E-05   -4.776240076641E-05    3.579094385594E-05   -2.551426211672E-05
   -5.714249660459E-04    5.744773162528E-05   -2.285455956417E-04    0.000000000000E+00   -2.584762978981E-04   -1.333375178005E-04   -9.253885886507E-05   -6.972352674519E-05    5.240366703965E-05   -3.775522774723E-05
    4.442017611671E-04   -3.804682282099E-05    1.181487448135E-04    2.584762978981E-04    0.000000000000E+00    2.386996902892E-04    1.230911922642E-04    8.535404302972E-05   -6.346519737005E-05    4.642198668662E-05
    2.812192664058E-04   -2.852491505742E-05    8.148398382272E-05    1.333375178005E-04   -2.386996902892E-04    0.000000000000E+00    2.006095004721E-04    1.038095447577E-04   -7.194971927287E-05    5.283881787865E-05
    1.435952522494E-04   -2.230331192058E-05    6.197017033603E-05    9.253885886507E-05   -1.230911922643E-04   -2.006095004721E-04    0.000000000000E+00    1.616745605926E-04   -8.430105994876E-05    5.854788720291E-05
    4.463992296794E-05   -1.727819561885E-05    4.776240076641E-05    6.972352674520E-05   -8.535404302973E-05   -1.038095447577E-04   -1.616745605926E-04    0.000000000000E+00   -1.283937752951E-04    6.772576185870E-05
    2.046154601273E-05    1.291063179668E-05   -3.579094385594E-05   -5.240366703965E-05    6.346519737005E-05    7.194971927287E-05    8.430105994876E-05    1.283937752952E-04    0.000000000000E+00   -1.019022524457E-04
   -6.017180335475E-05   -9.164867041093E-06    2.551426211672E-05    3.775522774723E-05   -4.642198668662E-05   -5.283881787865E-05   -5.854788720291E-05   -6.772576185870E-05    1.019022524457E-04    0.000000000000E+00
   28.834304227938269     
    0.000000000000E+00   -2.224167695457E-04    5.238341026158E-04    5.630695577085E-04   -4.406999312270E-04   -2.813933369738E-04   -1.457298160896E-04   -4.754251345587E-05   -1.746172262795E-05    5.741653087003E-05
    2.224167695457E-04    0.000000000000E+00   -1.110047001023E-04   -5.637579503789E-05    3.731885138398E-05    2.797717042115E-05    2.190383193750E-05    1.701605516326E-05   -1.276672251432E-05    9.111899956930E-06
   -5.238341026158E-04    1.110047001023E-04    0.000000000000E+00    2.247476508557E-04   -1.161615624600E-04   -8.008241399099E-05   -6.095319518039E-05   -4.709037933399E-05    3.542337880627E-05   -2.538786429986E-05
   -5.630695577085E-04    5.637579503789E-05   -2.247476508557E-04    0.000000000000E+00   -2.550361264602E-04   -1.314994450822E-04   -9.125646080712E-05   -6.885854292679E-05    5.191949770253E-05   -3.759330074752E-05
    4.406999312270E-04   -3.731885138398E-05    1.161615624600E-04    2.550361264602E-04    0.000000000000E+00    2.363299346408E-04    1.217894988453E-04    8.446460573471E-05   -6.292809696945E-05    4.621494779483E-05
    2.813933369738E-04   -2.797717042115E-05    8.008241399098E-05    1.314994450822E-04   -2.363299346408E-04    0.000000000000E+00    1.992066944084E-04    1.029969699687E-04   -7.140651125388E-05    5.256662286469E-05
    1.457298160896E-04   -2.190383193750E-05    6.095319518040E-05    9.125646080711E-05   -1.217894988453E-04   -1.992066944084E-04    0.000000000000E+00    1.609216627379E-04   -8.381779575310E-05    5.823122971702E-05
    4.754251345587E-05   -1.701605516326E-05    4.709037933399E-05    6.885854292679E-05   -8.446460573471E-05   -1.029969699687E-04   -1.609216627379E-04    0.000000000000E+00   -1.280236681529E-04    6.743762363671E-05
    1.746172262794E-05    1.276672251432E-05   -3.542337880627E-05   -5.191949770253E-05    6.292809696945E-05    7.140651125388E-05    8.381779575311E-05    1.280236681529E-04    0.000000000000E+00   -1.017420322958E-04
   -5.741653087002E-05   -9.111899956930E-06    2.538786429986E-05    3.759330074752E-05   -4.621494779483E-05   -5.256662286469E-05   -5.823122971702E-05   -6.743762363672E-05    1.017420322958E-04    0.000000000000E+00
   29.024943730158729     
    0.000000000000E+00   -2.172329571091E-04    5.133210214192E-04    5.548023508334E-04   -4.371562353475E-04   -2.814759465233E-04   -1.477722026455E-04   -5.036984811666E-05   -1.451659704996E-05    5.469660042813E-05
    2.172329571091E-04    0.000000000000E+00   -1.089003909216E-04   -5.532744923530E-05    3.660764583961E-05    2.744130610889E-05    2.151117575033E-05    1.675623104100E-05   -1.262190841884E-05    9.056231177045E-06
   -5.133210214192E-04    1.089003909216E-04    0.000000000000E+00    2.210177531898E-04   -1.142123044351E-04   -7.870725656400E-05   -5.995148394876E-05   -4.642297797420E-05    3.505235427438E-05   -2.525331713618E-05
   -5.548023508334E-04    5.532744923530E-05   -2.210177531898E-04    0.000000000000E+00   -2.516375382149E-04   -1.296862931481E-04   -8.998932143606E-05   -6.799792340659E-05    5.142994594566E-05   -3.741955943353E-05
    4.371562353475E-04   -3.660764583961E-05    1.142123044351E-04    2.516375382149E-04    0.000000000000E+00    2.339731799721E-04    1.204975293539E-04    8.357897190085E-05   -6.238662494577E-05    4.599644028797E-05
    2.814759465233E-04   -2.744130610889E-05    7.870725656400E-05    1.296862931481E-04   -2.339731799721E-04    0.000000000000E+00    1.978022524864E-04    1.021861454786E-04   -7.086164218132E-05    5.228677452106E-05
    1.477722026455E-04   -2.151117575033E-05    5.995148394876E-05    8.998932143606E-05   -1.204975293539E-04   -1.978022524865E-04    0.000000000000E+00    1.601628121527E-04   -8.333375291215E-05    5.791150924947E-05
    5.036984811666E-05   -1.675623104100E-05    4.642297797420E-05    6.799792340659E-05   -8.357897190085E-05   -1.021861454786E-04   -1.601628121527E-04    0.000000000000E+00   -1.276478281460E-04    6.714857644809E-05
    1.451659704996E-05    1.262190841884E-05   -3.505235427438E-05   -5.142994594567E-05    6.238662494577E-05    7.086164218132E-05    8.333375291214E-05    1.276478281459E-04    0.000000000000E+00   -1.015776110856E-04
   -5.469660042813E-05   -9.056231177045E-06    2.525331713618E-05    3.741955943353E-05   -4.599644028797E-05   -5.228677452106E-05   -5.791150924947E-05   -6.714857644809E-05    1.015776110856E-04    0.000000000000E+00
   29.216211369124569     
    0.000000000000E+00   -2.121864135221E-04    5.030299176915E-04    5.466242212249E-04   -4.335739165076E-04   -2.814698972880E-04   -1.497241720389E-04   -5.312281125784E-05   -1.162592999076E-05    5.201223394772E-05
    2.121864135221E-04    0.000000000000E+00   -1.068417148288E-04   -5.430208888613E-05    3.591276725955E-05    2.691707734660E-05    2.112529792723E-05    1.649881709922E-05   -1.247634445074E-05    8.998016875603E-06
   -5.030299176915E-04    1.068417148288E-04    0.000000000000E+00    2.173546864147E-04   -1.123001983444E-04   -7.735807436228E-05   -5.896500805112E-05   -4.576048950860E-05    3.467831454345E-05   -2.511106606372E-05
   -5.466242212249E-04    5.430208888613E-05   -2.173546864147E-04    0.000000000000E+00   -2.482802973210E-04   -1.278978466500E-04   -8.873749259956E-05   -6.714204574887E-05    5.093559201251E-05   -3.723461314272E-05
    4.335739165076E-04   -3.591276725955E-05    1.123001983444E-04    2.482802973210E-04    0.000000000000E+00    2.316297144913E-04    1.192153900176E-04    8.269741351970E-05   -6.184126492665E-05    4.576704798571E-05
    2.814698972880E-04   -2.691707734660E-05    7.735807436228E-05    1.278978466500E-04   -2.316297144913E-04    0.000000000000E+00    1.963964764811E-04    1.013772045807E-04   -7.031536923061E-05    5.199968435750E-05
    1.497241720389E-04   -2.112529792723E-05    5.896500805112E-05    8.873749259956E-05   -1.192153900176E-04   -1.963964764810E-04    0.000000000000E+00    1.593981751949E-04   -8.284900154127E-05    5.758891023959E-05
    5.312281125785E-05   -1.649881709922E-05    4.576048950860E-05    6.714204574887E-05   -8.269741351970E-05   -1.013772045807E-04   -1.593981751949E-04    0.000000000000E+00   -1.272663068577E-04    6.685863440136E-05
    1.162592999076E-05    1.247634445074E-05   -3.467831454345E-05   -5.093559201251E-05    6.184126492665E-05    7.031536923061E-05    8.284900154127E-05    1.272663068577E-04    0.000000000000E+00   -1.014089740901E-04
   -5.201223394772E-05   -8.998016875603E-06    2.511106606372E-05    3.723461314272E-05   -4.576704798571E-05   -5.199968435750E-05   -5.758891023959E-05   -6.685863440135E-05    1.014089740900E-04    0.000000000000E+00
   29.408107144835775     
    0.000000000000E+00   -2.072730786870E-04    4.929562044631E-04    5.385358777742E-04   -4.299560623213E-04   -2.813779049104E-04   -1.515874451331E-04   -5.580227592947E-05   -8.789475550885E-06    4.936363595580E-05
    2.072730786870E-04    0.000000000000E+00   -1.048275572571E-04   -5.329911544578E-05    3.523378198375E-05    2.640423772687E-05    2.074614537288E-05    1.624389750135E-05   -1.233017717554E-05    8.937407610503E-06
   -4.929562044631E-04    1.048275572571E-04    0.000000000000E+00    2.137572065292E-04   -1.104244644201E-04   -7.603441764650E-05   -5.799371607950E-05   -4.510318000532E-05    3.430168073131E-05   -2.496154086707E-05
   -5.385358777742E-04    5.329911544578E-05   -2.137572065292E-04    0.000000000000E+00   -2.449641049663E-04   -1.261338607200E-04   -8.750099652026E-05   -6.629125477195E-05    5.043698642686E-05   -3.703905007846E-05
    4.299560623212E-04   -3.523378198375E-05    1.104244644201E-04    2.449641049663E-04    0.000000000000E+00    2.292997653988E-04    1.179431571281E-04    8.182017520646E-05   -6.129247356923E-05    4.552733283749E-05
    2.813779049104E-04   -2.640423772687E-05    7.603441764650E-05    1.261338607200E-04   -2.292997653988E-04    0.000000000000E+00    1.949896230481E-04    1.005702586373E-04   -6.976792966032E-05    5.170574462066E-05
    1.515874451331E-04   -2.074614537288E-05    5.799371607950E-05    8.750099652026E-05   -1.179431571281E-04   -1.949896230481E-04    0.000000000000E+00    1.586278861551E-04   -8.236359637999E-05    5.726360263694E-05
    5.580227592946E-05   -1.624389750135E-05    4.510318000533E-05    6.629125477196E-05   -8.182017520646E-05   -1.005702586373E-04   -1.586278861551E-04    0.000000000000E+00   -1.268791321513E-04    6.656780022575E-05
    8.789475550885E-06    1.233017717554E-05   -3.430168073131E-05   -5.043698642686E-05    6.129247356924E-05    6.976792966031E-05    8.236359637999E-05    1.268791321513E-04    0.000000000000E+00   -1.012360882486E-04
   -4.936363595581E-05   -8.937407610503E-06    2.496154086707E-05    3.703905007846E-05   -4.552733283749E-05   -5.170574462066E-05   -5.726360263694E-05   -6.656780022575E-05    1.012360882486E-04    0.000000000000E+00
   29.600631057292354     
    0.000000000000E+00   -2.024890275475E-04    4.830953789701E-04    5.305379391293E-04   -4.263056693726E-04   -2.812026465190E-04   -1.533637381031E-04   -5.840912817307E-05   -6.006964559414E-06    4.675098228089E-05
    2.024890275475E-04    0.000000000000E+00   -1.028568374219E-04   -5.231795043465E-05    3.457026943020E-05    2.590254447260E-05    2.037366107607E-05    1.599154936486E-05   -1.218354657306E-05    8.874549494980E-06
   -4.830953789701E-04    1.028568374219E-04    0.000000000000E+00    2.102240990822E-04   -1.085843421527E-04   -7.473584027670E-05   -5.703754473320E-05   -4.445129632689E-05    3.392285588479E-05   -2.480515900109E-05
   -5.305379391293E-04    5.231795043464E-05   -2.102240990822E-04    0.000000000000E+00   -2.416886639754E-04   -1.243940903140E-04   -8.627984337507E-05   -6.544587415652E-05    4.993465777360E-05   -3.683344240927E-05
    4.263056693726E-04   -3.457026943020E-05    1.085843421527E-04    2.416886639754E-04    0.000000000000E+00    2.269835578964E-04    1.166809033660E-04    8.094748978056E-05   -6.074069071612E-05    4.527784164424E-05
    2.812026465189E-04   -2.590254447260E-05    7.473584027670E-05    1.243940903140E-04   -2.269835578964E-04    0.000000000000E+00    1.935819531985E-04    9.976541898300E-05   -6.921955374185E-05    5.140533671817E-05
    1.533637381031E-04   -2.037366107607E-05    5.703754473320E-05    8.627984337508E-05   -1.166809033660E-04   -1.935819531985E-04    0.000000000000E+00    1.578520873751E-04   -8.187759453912E-05    5.693575242300E-05
    5.840912817307E-05   -1.599154936486E-05    4.445129632689E-05    6.544587415652E-05   -8.094748978056E-05   -9.976541898300E-05   -1.578520873751E-04    0.000000000000E+00   -1.264863403036E-04    6.627607953675E-05
    6.006964559419E-06    1.218354657306E-05   -3.392285588479E-05   -4.993465777360E-05    6.074069071611E-05    6.921955374185E-05    8.187759453912E-05    1.264863403036E-04    0.000000000000E+00   -1.010589278260E-04
   -4.675098228088E-05   -8.874549494980E-06    2.480515900109E-05    3.683344240927E-05   -4.527784164424E-05   -5.140533671818E-05   -5.693575242299E-05   -6.627607953674E-05    1.010589278260E-04    0.000000000000E+00
   29.793783106494306     
    0.000000000000E+00   -1.978304500873E-04    4.734429851857E-04    5.226308947754E-04   -4.226256063138E-04   -2.809467300677E-04   -1.550547390077E-04   -6.094424960180E-05   -3.278117415502E-06    4.417442938415E-05
    1.978304500873E-04    0.000000000000E+00   -1.009284900463E-04   -5.135802640889E-05    3.392181688749E-05    2.541175546709E-05    2.000778239897E-05    1.574184166673E-05   -1.203658522207E-05    8.809583527581E-06
   -4.734429851857E-04    1.009284900463E-04    0.000000000000E+00    2.067541439652E-04   -1.067790737541E-04   -7.346189060157E-05   -5.609641357985E-05   -4.380506282866E-05    3.354222258168E-05   -2.464232364968E-05
   -5.226308947754E-04    5.135802640889E-05   -2.067541439652E-04    0.000000000000E+00   -2.384536396772E-04   -1.226782727047E-04   -8.507402163759E-05   -6.460620058034E-05    4.942910869309E-05   -3.661834319308E-05
    4.226256063138E-04   -3.392181688749E-05    1.067790737541E-04    2.384536396772E-04    0.000000000000E+00    2.246812783235E-04    1.154286815609E-04    8.007956915438E-05   -6.018633366558E-05    4.501910202288E-05
    2.809467300677E-04   -2.541175546708E-05    7.346189060156E-05    1.226782727047E-04   -2.246812783235E-04    0.000000000000E+00    1.921737004870E-04    9.896278295076E-05   -6.867045684872E-05    5.109882618039E-05
    1.550547390077E-04   -2.000778239897E-05    5.609641357985E-05    8.507402163759E-05   -1.154286815609E-04   -1.921737004870E-04    0.000000000000E+00    1.570709030531E-04   -8.139104399514E-05    5.660551507717E-05
    6.094424960181E-05   -1.574184166673E-05    4.380506282866E-05    6.460620058034E-05   -8.007956915439E-05   -9.896278295075E-05   -1.570709030531E-04    0.000000000000E+00   -1.260879548626E-04    6.598347153856E-05
    3.278117415502E-06    1.203658522207E-05   -3.354222258168E-05   -4.942910869309E-05    6.018633366558E-05    6.867045684873E-05    8.139104399514E-05    1.260879548626E-04    0.000000000000E+00   -1.008774574523E-04
   -4.417442938415E-05   -8.809583527581E-06    2.464232364967E-05    3.661834319308E-05   -4.501910202288E-05   -5.109882618039E-05   -5.660551507717E-05   -6.598347153856E-05    1.008774574523E-04    0.000000000000E+00
   29.987563292441632     
    0.000000000000E+00   -1.932936951025E-04    4.639947316229E-04    5.148152463389E-04   -4.189187376040E-04   -2.806127901895E-04   -1.566621784078E-04   -6.340856805306E-05   -6.026083541901E-07    4.163408940609E-05
    1.932936951025E-04    0.000000000000E+00   -9.904151860732E-05   -5.041881247188E-05    3.328803452816E-05    2.493163907551E-05    1.964844785362E-05    1.549483997556E-05   -1.188942158094E-05    8.742647844665E-06
   -4.639947316229E-04    9.904151860732E-05    0.000000000000E+00    2.033462236809E-04   -1.050079548458E-04   -7.221214175554E-05   -5.517024504873E-05   -4.316469504706E-05    3.316015234311E-05   -2.447343015655E-05
   -5.148152463389E-04    5.041881247188E-05   -2.033462236809E-04    0.000000000000E+00   -2.352587831130E-04   -1.209861834922E-04   -8.388353120788E-05   -6.377252534547E-05    4.892083050278E-05   -3.639429631561E-05
    4.189187376040E-04   -3.328803452817E-05    1.050079548458E-04    2.352587831130E-04    0.000000000000E+00    2.223931884627E-04    1.141865756570E-04    7.921663421564E-05   -5.962981657028E-05    4.475163546492E-05
    2.806127901895E-04   -2.493163907551E-05    7.221214175555E-05    1.209861834922E-04   -2.223931884627E-04    0.000000000000E+00    1.907651678250E-04    9.816247665647E-05   -6.812086450632E-05    5.078657894417E-05
    1.566621784078E-04   -1.964844785362E-05    5.517024504873E-05    8.388353120788E-05   -1.141865756570E-04   -1.907651678251E-04    0.000000000000E+00    1.562845179986E-04   -8.090401834843E-05    5.627305599989E-05
    6.340856805305E-05   -1.549483997557E-05    4.316469504706E-05    6.377252534546E-05   -7.921663421563E-05   -9.816247665649E-05   -1.562845179986E-04    0.000000000000E+00   -1.256840497005E-04    6.568999692685E-05
    6.026083541946E-07    1.188942158094E-05   -3.316015234311E-05   -4.892083050278E-05    5.962981657028E-05    6.812086450630E-05    8.090401834843E-05    1.256840497005E-04    0.000000000000E+00   -1.006916824046E-04
   -4.163408940609E-05   -8.742647844666E-06    2.447343015655E-05    3.639429631561E-05   -4.475163546492E-05   -5.078657894417E-05   -5.627305599989E-05   -6.568999692685E-05    1.006916824046E-04    0.000000000000E+00
   30.181971615134323     
    0.000000000000E+00   -1.888751847194E-04    4.547462928662E-04    5.070912818373E-04   -4.151877207575E-04   -2.802033273774E-04   -1.581877095474E-04   -6.580297070092E-05    2.019872313453E-06    3.913007431783E-05
    1.888751847194E-04    0.000000000000E+00   -9.719490371607E-05   -4.949976989565E-05    3.266852950568E-05    2.446195805897E-05    1.929558668966E-05    1.525059940829E-05   -1.174217501814E-05    8.673874105233E-06
   -4.547462928662E-04    9.719490371607E-05    0.000000000000E+00    1.999991411116E-04   -1.032702491234E-04   -7.098614221511E-05   -5.425893338593E-05   -4.253037908867E-05    3.277699127938E-05   -2.429885566513E-05
   -5.070912818373E-04    4.949976989564E-05   -1.999991411116E-04    0.000000000000E+00   -2.321037260997E-04   -1.193175441647E-04   -8.270833022280E-05   -6.294510062945E-05    4.841028039826E-05   -3.616182036588E-05
    4.151877207575E-04   -3.266852950568E-05    1.032702491234E-04    2.321037260997E-04    0.000000000000E+00    2.201194351696E-04    1.129546164423E-04    7.835886636233E-05   -5.907151944037E-05    4.447593619659E-05
    2.802033273774E-04   -2.446195805897E-05    7.098614221511E-05    1.193175441647E-04   -2.201194351696E-04    0.000000000000E+00    1.893565660461E-04    9.736458404565E-05   -6.757097149446E-05    5.046893504647E-05
    1.581877095474E-04   -1.929558668966E-05    5.425893338593E-05    8.270833022280E-05   -1.129546164423E-04   -1.893565660461E-04    0.000000000000E+00    1.554930465725E-04   -8.041655926373E-05    5.593851721373E-05
    6.580297070092E-05   -1.525059940829E-05    4.253037908867E-05    6.294510062945E-05   -7.835886636234E-05   -9.736458404564E-05   -1.554930465725E-04    0.000000000000E+00   -1.252746444648E-04    6.539565185454E-05
   -2.019872313457E-06    1.174217501814E-05   -3.277699127938E-05   -4.841028039827E-05    5.907151944037E-05    6.757097149447E-05    8.041655926373E-05    1.252746444648E-04    0.000000000000E+00   -1.005015655201E-04
   -3.913007431783E-05   -8.673874105234E-06    2.429885566513E-05    3.616182036588E-05   -4.447593619659E-05   -5.046893504647E-05   -5.593851721373E-05   -6.539565185454E-05    1.005015655201E-04    0.000000000000E+00
   30.377008074572398     
    0.000000000000E+00   -1.845714947500E-04    4.456935159410E-04    4.994593199154E-04   -4.114352220910E-04   -2.797208762244E-04   -1.596330326056E-04   -6.812839338622E-05    4.589681450547E-06    3.666245156862E-05
    1.845714947500E-04    0.000000000000E+00   -9.538769674864E-05   -4.860039713001E-05    3.206293234968E-05    2.400248655335E-05    1.894913039371E-05    1.500917259640E-05   -1.159496136770E-05    8.603391370944E-06
   -4.456935159409E-04    9.538769674864E-05    0.000000000000E+00    1.967118086257E-04   -1.015652768423E-04   -6.978346814637E-05   -5.336237869068E-05   -4.190229474399E-05    3.239307605368E-05   -2.411897020425E-05
   -4.994593199154E-04    4.860039713001E-05   -1.967118086257E-04    0.000000000000E+00   -2.289881955744E-04   -1.176721192212E-04   -8.154839198747E-05   -6.212417633519E-05    4.789790636660E-05   -3.592142577176E-05
    4.114352220910E-04   -3.206293234968E-05    1.015652768423E-04    2.289881955744E-04    0.000000000000E+00    2.178602490140E-04    1.117328698136E-04    7.750645890101E-05   -5.851182134259E-05    4.419249361071E-05
    2.797208762244E-04   -2.400248655335E-05    6.978346814637E-05    1.176721192212E-04   -2.178602490140E-04    0.000000000000E+00    1.879481817372E-04    9.656922082016E-05   -6.702098486642E-05    5.014623648151E-05
    1.596330326056E-04   -1.894913039371E-05    5.336237869068E-05    8.154839198747E-05   -1.117328698136E-04   -1.879481817372E-04    0.000000000000E+00    1.546966686385E-04   -7.992873626759E-05    5.560205228792E-05
    6.812839338622E-05   -1.500917259640E-05    4.190229474399E-05    6.212417633518E-05   -7.750645890101E-05   -9.656922082016E-05   -1.546966686385E-04    0.000000000000E+00   -1.248598128578E-04    6.510045569535E-05
   -4.589681450547E-06    1.159496136770E-05   -3.239307605368E-05   -4.789790636660E-05    5.851182134260E-05    6.702098486643E-05    7.992873626758E-05    1.248598128578E-04    0.000000000000E+00   -1.003071131442E-04
   -3.666245156862E-05   -8.603391370943E-06    2.411897020425E-05    3.592142577176E-05   -4.419249361071E-05   -5.014623648151E-05   -5.560205228793E-05   -6.510045569535E-05    1.003071131442E-04    0.000000000000E+00
   30.572672670755836     
    0.000000000000E+00   -1.803792740709E-04    4.368322319831E-04    4.919194943653E-04   -4.076637220937E-04   -2.791678502420E-04   -1.609997786189E-04   -7.038573620473E-05    7.107162468490E-06    3.423128724134E-05
    1.803792740709E-04    0.000000000000E+00   -9.361893306668E-05   -4.772018768774E-05    3.147087231719E-05    2.355299471941E-05    1.860900273830E-05    1.477060295599E-05   -1.144788818478E-05    8.531322654887E-06
   -4.368322319832E-04    9.361893306667E-05    0.000000000000E+00    1.934830748270E-04   -9.989233350444E-05   -6.860367618335E-05   -5.248045722268E-05   -4.128059577438E-05    3.200872016441E-05   -2.393412678996E-05
   -4.919194943654E-04    4.772018768774E-05   -1.934830748270E-04    0.000000000000E+00   -2.259118180046E-04   -1.160496278033E-04   -8.040365406616E-05   -6.130996777909E-05    4.738412536916E-05   -3.567359937536E-05
    4.076637220937E-04   -3.147087231719E-05    9.989233350444E-05    2.259118180046E-04    0.000000000000E+00    2.156157620634E-04    1.105213560521E-04    7.665957060305E-05   -5.795107069967E-05    4.390177201647E-05
    2.791678502420E-04   -2.355299471941E-05    6.860367618335E-05    1.160496278033E-04   -2.156157620634E-04    0.000000000000E+00    1.865402224975E-04    9.577646642396E-05   -6.647108474853E-05    4.981880198883E-05
    1.609997786189E-04   -1.860900273830E-05    5.248045722268E-05    8.040365406617E-05   -1.105213560521E-04   -1.865402224975E-04    0.000000000000E+00    1.538955039405E-04   -7.944059160240E-05    5.526379444057E-05
    7.038573620473E-05   -1.477060295599E-05    4.128059577439E-05    6.130996777909E-05   -7.665957060304E-05   -9.577646642395E-05   -1.538955039405E-04    0.000000000000E+00   -1.244395825549E-04    6.480440699726E-05
   -7.107162468486E-06    1.144788818478E-05   -3.200872016441E-05   -4.738412536917E-05    5.795107069967E-05    6.647108474853E-05    7.944059160240E-05    1.244395825549E-04    0.000000000000E+00   -1.001082957070E-04
   -3.423128724135E-05   -8.531322654887E-06    2.393412678996E-05    3.567359937536E-05   -4.390177201647E-05   -4.981880198883E-05   -5.526379444057E-05   -6.480440699726E-05    1.001082957070E-04    0.000000000000E+00
   30.768965403684657     
    0.000000000000E+00   -1.762953180135E-04    4.281584458335E-04    4.844719809990E-04   -4.038757180649E-04   -2.785467013571E-04   -1.622896282531E-04   -7.257594954169E-05    9.572706694621E-06    3.183660270941E-05
    1.762953180135E-04    0.000000000000E+00   -9.188771855968E-05   -4.685867191540E-05    3.089200197744E-05    2.311326460631E-05    1.827513056510E-05    1.453493219120E-05   -1.130106000504E-05    8.457788613581E-06
   -4.281584458335E-04    9.188771855968E-05    0.000000000000E+00    1.903119004542E-04   -9.825077248759E-05   -6.744635247525E-05   -5.161305340401E-05   -4.066543173406E-05    3.162422909025E-05   -2.374467199650E-05
   -4.844719809990E-04    4.685867191540E-05   -1.903119004542E-04    0.000000000000E+00   -2.228743204187E-04   -1.144498351263E-04   -7.927407205928E-05   -6.050269062299E-05    4.686934706062E-05   -3.541882082684E-05
    4.038757180649E-04   -3.089200197744E-05    9.825077248759E-05    2.228743204187E-04    0.000000000000E+00    2.133861957515E-04    1.093201335863E-04    7.581837463015E-05   -5.738961700074E-05    4.360423215438E-05
    2.785467013571E-04   -2.311326460631E-05    6.744635247525E-05    1.144498351263E-04   -2.133861957515E-04    0.000000000000E+00    1.851329768402E-04    9.498643468100E-05   -6.592146555733E-05    4.948695382650E-05
    1.622896282531E-04   -1.827513056510E-05    5.161305340401E-05    7.927407205928E-05   -1.093201335863E-04   -1.851329768402E-04    0.000000000000E+00    1.530897424503E-04   -7.895219770494E-05    5.492389018643E-05
    7.257594954170E-05   -1.453493219120E-05    4.066543173406E-05    6.050269062299E-05   -7.581837463015E-05   -9.498643468101E-05   -1.530897424503E-04    0.000000000000E+00   -1.240140395833E-04    6.450752962266E-05
   -9.572706694621E-06    1.130106000504E-05   -3.162422909025E-05   -4.686934706062E-05    5.738961700075E-05    6.592146555733E-05    7.895219770494E-05    1.240140395834E-04    0.000000000000E+00   -9.990513096487E-05
   -3.183660270941E-05   -8.457788613581E-06    2.374467199650E-05    3.541882082683E-05   -4.360423215438E-05   -4.948695382651E-05   -5.492389018643E-05   -6.450752962266E-05    9.990513096487E-05    0.000000000000E+00
   30.965886273358830     
    0.000000000000E+00   -1.723164884469E-04    4.196681476174E-04    4.771167800133E-04   -4.000735258555E-04   -2.778597604017E-04   -1.635041914136E-04   -7.469994579693E-05    1.198668947127E-05    2.947842046230E-05
    1.723164884469E-04    0.000000000000E+00   -9.019314209817E-05   -4.601537435576E-05    3.032597213006E-05    2.268307442622E-05    1.794743352289E-05    1.430219332169E-05   -1.115457341649E-05    8.382903957683E-06
   -4.196681476174E-04    9.019314209817E-05    0.000000000000E+00    1.871971823756E-04   -9.663992205342E-05   -6.631106420064E-05   -5.076002913990E-05   -4.005692750272E-05    3.123988600648E-05   -2.355093563632E-05
   -4.771167800133E-04    4.601537435576E-05   -1.871971823756E-04    0.000000000000E+00   -2.198753299001E-04   -1.128724614172E-04   -7.815956683987E-05   -5.970252720682E-05    4.635395096821E-05   -3.515754641755E-05
    4.000735258555E-04   -3.032597213006E-05    9.663992205343E-05    2.198753299001E-04    0.000000000000E+00    2.111716722281E-04    1.081292149811E-04    7.498300993696E-05   -5.682777956802E-05    4.330030982930E-05
    2.778597604017E-04   -2.268307442622E-05    6.631106420064E-05    1.128724614172E-04   -2.111716722281E-04    0.000000000000E+00    1.837266523082E-04    9.419920227508E-05   -6.537229455452E-05    4.915099098985E-05
    1.635041914136E-04   -1.794743352289E-05    5.076002913990E-05    7.815956683987E-05   -1.081292149811E-04   -1.837266523082E-04    0.000000000000E+00    1.522795115382E-04   -7.846359859502E-05    5.458246525912E-05
    7.469994579693E-05   -1.430219332169E-05    4.005692750272E-05    5.970252720682E-05   -7.498300993695E-05   -9.419920227508E-05   -1.522795115382E-04    0.000000000000E+00   -1.235832213705E-04    6.420982545735E-05
   -1.198668947128E-05    1.115457341649E-05   -3.123988600648E-05   -4.635395096821E-05    5.682777956802E-05    6.537229455452E-05    7.846359859502E-05    1.235832213705E-04    0.000000000000E+00   -9.969759830327E-05
   -2.947842046229E-05   -8.382903957683E-06    2.355093563632E-05    3.515754641755E-05   -4.330030982930E-05   -4.915099098985E-05   -5.458246525912E-05   -6.420982545736E-05    9.969759830327E-05    0.000000000000E+00
   31.163435279778398     
    0.000000000000E+00   -1.684397613070E-04    4.113574381171E-04    4.698538679135E-04   -3.962594158596E-04   -2.771093443147E-04   -1.646450873809E-04   -7.675865770695E-05    1.434951192750E-05    2.715673452153E-05
    1.684397613070E-04    0.000000000000E+00   -8.853433327052E-05   -4.518984164177E-05    2.977244826485E-05    2.226220926342E-05    1.762583143202E-05    1.407241585673E-05   -1.100852070229E-05    8.306780005356E-06
   -4.113574381171E-04    8.853433327052E-05    0.000000000000E+00    1.841378716677E-04   -9.505914094007E-05   -6.519739277048E-05   -4.992124569433E-05   -3.945519833949E-05    3.085596228413E-05   -2.335323808206E-05
   -4.698538679135E-04    4.518984164177E-05   -1.841378716677E-04    0.000000000000E+00   -2.169145095079E-04   -1.113172439858E-04   -7.706006131979E-05   -5.890965062853E-05    4.583830294077E-05   -3.489022046139E-05
    3.962594158596E-04   -2.977244826485E-05    9.505914094006E-05    2.169145095079E-04    0.000000000000E+00    2.089723422918E-04    1.069486242592E-04    7.415361497891E-05   -5.626586955561E-05    4.299043089509E-05
    2.771093443147E-04   -2.226220926342E-05    6.519739277048E-05    1.113172439858E-04   -2.089723422918E-04    0.000000000000E+00    1.823214853023E-04    9.341485752480E-05   -6.482374049441E-05    4.881120793358E-05
    1.646450873809E-04   -1.762583143202E-05    4.992124569433E-05    7.706006131980E-05   -1.069486242592E-04   -1.823214853023E-04    0.000000000000E+00    1.514649664161E-04   -7.797484997897E-05    5.423964823489E-05
    7.675865770694E-05   -1.407241585673E-05    3.945519833949E-05    5.890965062853E-05   -7.415361497892E-05   -9.341485752480E-05   -1.514649664161E-04    0.000000000000E+00   -1.231471899880E-04    6.391130695576E-05
   -1.434951192750E-05    1.100852070229E-05   -3.085596228413E-05   -4.583830294077E-05    5.626586955561E-05    6.482374049442E-05    7.797484997897E-05    1.231471899880E-04    0.000000000000E+00   -9.948569777491E-05
   -2.715673452154E-05   -8.306780005357E-06    2.335323808206E-05    3.489022046139E-05   -4.299043089509E-05   -4.881120793358E-05   -5.423964823489E-05   -6.391130695577E-05    9.948569777491E-05    0.000000000000E+00
   31.361612422943317     
    0.000000000000E+00   -1.646622271013E-04    4.032225385561E-04    4.626832143995E-04   -3.924356280582E-04   -2.762977674528E-04   -1.657139530825E-04   -7.875304420223E-05    1.666160496799E-05    2.487150776541E-05
    1.646622271013E-04    0.000000000000E+00   -8.691046624679E-05   -4.438164429496E-05    2.923111166799E-05    2.185046200205E-05    1.731024511516E-05    1.384562646441E-05   -1.086299030824E-05    8.229524966116E-06
   -4.032225385561E-04    8.691046624679E-05    0.000000000000E+00    1.811329829638E-04   -9.350782278963E-05   -6.410493685565E-05   -4.909656612056E-05   -3.886035178136E-05    3.047271881652E-05   -2.315189107453E-05
   -4.626832143995E-04    4.438164429496E-05   -1.811329829638E-04    0.000000000000E+00   -2.139915701643E-04   -1.097839428339E-04   -7.597548415147E-05   -5.812422745703E-05    4.532275705682E-05   -3.461727648781E-05
    3.924356280582E-04   -2.923111166799E-05    9.350782278963E-05    2.139915701643E-04    0.000000000000E+00    2.067883966853E-04    1.057784020581E-04    7.333033095735E-05   -5.570419219686E-05    4.267501274162E-05
    2.762977674528E-04   -2.185046200205E-05    6.410493685564E-05    1.097839428339E-04   -2.067883966853E-04    0.000000000000E+00    1.809177504568E-04    9.263350453631E-05   -6.427597617095E-05    4.846789630199E-05
    1.657139530825E-04   -1.731024511516E-05    4.909656612056E-05    7.597548415147E-05   -1.057784020581E-04   -1.809177504568E-04    0.000000000000E+00    1.506462974597E-04   -7.748602243519E-05    5.389557248507E-05
    7.875304420222E-05   -1.384562646441E-05    3.886035178135E-05    5.812422745703E-05   -7.333033095735E-05   -9.263350453632E-05   -1.506462974597E-04    0.000000000000E+00   -1.227060376555E-04    6.361199953238E-05
   -1.666160496799E-05    1.086299030824E-05   -3.047271881652E-05   -4.532275705682E-05    5.570419219686E-05    6.427597617094E-05    7.748602243520E-05    1.227060376555E-04    0.000000000000E+00   -9.926945418225E-05
   -2.487150776540E-05   -8.229524966116E-06    2.315189107453E-05    3.461727648781E-05   -4.267501274162E-05   -4.846789630199E-05   -5.389557248507E-05   -6.361199953238E-05    9.926945418225E-05    0.000000000000E+00
   31.560417702853631     
    0.000000000000E+00   -1.609810258727E-04    3.952596359673E-04    4.556046012803E-04   -3.886042041972E-04   -2.754272044271E-04   -1.667123383049E-04   -8.068401284268E-05    1.892337264887E-05    2.262271291667E-05
    1.609810258727E-04    0.000000000000E+00   -8.532068787234E-05   -4.359034150762E-05    2.870163856783E-05    2.144762018425E-05    1.700058780074E-05    1.362184312650E-05   -1.071806270656E-05    8.151240917049E-06
   -3.952596359673E-04    8.532068787233E-05    0.000000000000E+00    1.781814485827E-04   -9.198532692637E-05   -6.303327173598E-05   -4.828582946579E-05   -3.827247041503E-05    3.009039398192E-05   -2.294718899633E-05
   -4.556046012803E-04    4.359034150762E-05   -1.781814485827E-04    0.000000000000E+00   -2.111061026446E-04   -1.082722639701E-04   -7.490572515220E-05   -5.734638924469E-05    4.480763629475E-05   -3.433912351359E-05
    3.886042041972E-04   -2.870163856783E-05    9.198532692637E-05    2.111061026446E-04    0.000000000000E+00    2.046199064382E-04    1.046185343054E-04    7.251326048675E-05   -5.514302021445E-05    4.235444607617E-05
    2.754272044271E-04   -2.144762018425E-05    6.303327173598E-05    1.082722639701E-04   -2.046199064383E-04    0.000000000000E+00    1.795156226872E-04    9.185520216019E-05   -6.372914301793E-05    4.812132203689E-05
    1.667123383049E-04   -1.700058780074E-05    4.828582946579E-05    7.490572515221E-05   -1.046185343054E-04   -1.795156226872E-04    0.000000000000E+00    1.498236166255E-04   -7.699715128155E-05    5.355034702245E-05
    8.068401284269E-05   -1.362184312650E-05    3.827247041503E-05    5.734638924469E-05   -7.251326048674E-05   -9.185520216018E-05   -1.498236166255E-04    0.000000000000E+00   -1.222597952488E-04    6.331190111689E-05
   -1.892337264887E-05    1.071806270656E-05   -3.009039398192E-05   -4.480763629475E-05    5.514302021445E-05    6.372914301794E-05    7.699715128155E-05    1.222597952488E-04    0.000000000000E+00   -9.904884384197E-05
   -2.262271291667E-05   -8.151240917049E-06    2.294718899633E-05    3.433912351359E-05   -4.235444607617E-05   -4.812132203689E-05   -5.355034702245E-05   -6.331190111689E-05    9.904884384198E-05    0.000000000000E+00
   31.759851119509296     
    0.000000000000E+00   -1.573934273989E-04    3.874650902708E-04    4.486178743973E-04   -3.847672182975E-04   -2.744998754127E-04   -1.676418461103E-04   -8.255252315184E-05    2.113526701797E-05    2.041027888249E-05
    1.573934273989E-04    0.000000000000E+00   -8.376421348967E-05   -4.281552778864E-05    2.818372777898E-05    2.105348388748E-05    1.669677729329E-05    1.340108365257E-05   -1.057381642503E-05    8.072028094483E-06
   -3.874650902708E-04    8.376421348967E-05    0.000000000000E+00    1.752823153428E-04   -9.049107156576E-05   -6.198200487600E-05   -4.748888712866E-05   -3.769163679450E-05    2.970922110381E-05   -2.273942122734E-05
   -4.486178743974E-04    4.281552778864E-05   -1.752823153428E-04    0.000000000000E+00   -2.082578059796E-04   -1.067819640161E-04   -7.385069710210E-05   -5.657627284677E-05    4.429326011735E-05   -3.405616533706E-05
    3.847672182975E-04   -2.818372777898E-05    9.049107156576E-05    2.082578059796E-04    0.000000000000E+00    2.024670398886E-04    1.034690495810E-04    7.170252471560E-05   -5.458263102824E-05    4.202912038141E-05
    2.744998754127E-04   -2.105348388748E-05    6.198200487600E-05    1.067819640161E-04   -2.024670398885E-04    0.000000000000E+00    1.781153646557E-04    9.108004724728E-05   -6.318339987557E-05    4.777175720544E-05
    1.676418461103E-04   -1.669677729329E-05    4.748888712866E-05    7.385069710210E-05   -1.034690495811E-04   -1.781153646558E-04    0.000000000000E+00    1.489971121347E-04   -7.650830508220E-05    5.320409672782E-05
    8.255252315183E-05   -1.340108365257E-05    3.769163679450E-05    5.657627284677E-05   -7.170252471560E-05   -9.108004724728E-05   -1.489971121347E-04    0.000000000000E+00   -1.218085574007E-04    6.301103764983E-05
   -2.113526701797E-05    1.057381642503E-05   -2.970922110381E-05   -4.429326011734E-05    5.458263102825E-05    6.318339987557E-05    7.650830508220E-05    1.218085574007E-04    0.000000000000E+00   -9.882389516756E-05
   -2.041027888249E-05   -8.072028094483E-06    2.273942122734E-05    3.405616533706E-05   -4.202912038140E-05   -4.777175720544E-05   -5.320409672782E-05   -6.301103764983E-05    9.882389516756E-05    0.000000000000E+00
   31.959912672910345     
    0.000000000000E+00   -1.538967652098E-04    3.798352766174E-04    4.417227587060E-04   -3.809266053242E-04   -2.735179059388E-04   -1.685040254536E-04   -8.435950689436E-05    2.329772975305E-05    1.823413310753E-05
    1.538967652098E-04    0.000000000000E+00   -8.224025321844E-05   -4.205679684663E-05    2.767707928080E-05    2.066785217595E-05    1.639872707420E-05    1.318335961286E-05   -1.043032375192E-05    7.991981757693E-06
   -3.798352766174E-04    8.224025321844E-05    0.000000000000E+00    1.724345947479E-04   -8.902446262921E-05   -6.095073400074E-05   -4.670557615725E-05   -3.711791555651E-05    2.932941594495E-05   -2.252886308701E-05
   -4.417227587060E-04    4.205679684663E-05   -1.724345947479E-04    0.000000000000E+00   -2.054463144458E-04   -1.053127710737E-04   -7.281028960224E-05   -5.581399083917E-05    4.377992436279E-05   -3.376878625648E-05
    3.809266053242E-04   -2.767707928080E-05    8.902446262921E-05    2.054463144457E-04    0.000000000000E+00    2.003298977048E-04    1.023299452160E-04    7.089822035839E-05   -5.402327903160E-05    4.169940489063E-05
    2.735179059388E-04   -2.066785217595E-05    6.095073400075E-05    1.053127710737E-04   -2.003298977048E-04    0.000000000000E+00    1.767171834821E-04    9.030811104109E-05   -6.263888597315E-05    4.741945598862E-05
    1.685040254536E-04   -1.639872707420E-05    4.670557615725E-05    7.281028960224E-05   -1.023299452160E-04   -1.767171834821E-04    0.000000000000E+00    1.481669297311E-04   -7.601953305289E-05    5.285693164913E-05
    8.435950689436E-05   -1.318335961286E-05    3.711791555651E-05    5.581399083917E-05   -7.089822035839E-05   -9.030811104110E-05   -1.481669297311E-04    0.000000000000E+00   -1.213523861384E-04    6.270942032753E-05
   -2.329772975305E-05    1.043032375192E-05   -2.932941594495E-05   -4.377992436279E-05    5.402327903160E-05    6.263888597315E-05    7.601953305290E-05    1.213523861384E-04    0.000000000000E+00   -9.859461095153E-05
   -1.823413310753E-05   -7.991981757693E-06    2.252886308701E-05    3.376878625648E-05   -4.169940489063E-05   -4.741945598862E-05   -5.285693164914E-05   -6.270942032753E-05    9.859461095153E-05    0.000000000000E+00
   32.160602363056761     
    0.000000000000E+00   -1.504884734574E-04    3.723666842433E-04    4.349189813730E-04   -3.770842743482E-04   -2.724834180318E-04   -1.693004405483E-04   -8.610591940384E-05    2.541122949906E-05    1.609417471487E-05
    1.504884734574E-04    0.000000000000E+00   -8.074805806434E-05   -4.131376405603E-05    2.718140757577E-05    2.029053184796E-05    1.610635236540E-05    1.296868064474E-05   -1.028765380440E-05    7.911194365817E-06
   -3.723666842433E-04    8.074805806434E-05    0.000000000000E+00    1.696373586160E-04   -8.758493915775E-05   -5.993907441322E-05   -4.593573738327E-05   -3.655136602264E-05    2.895118559761E-05   -2.231578211008E-05
   -4.349189813730E-04    4.131376405603E-05   -1.696373586161E-04    0.000000000000E+00   -2.026713097000E-04   -1.038644363386E-04   -7.178439985907E-05   -5.505965184020E-05    4.326791525989E-05   -3.347736087664E-05
    3.770842743482E-04   -2.718140757577E-05    8.758493915775E-05    2.026713097000E-04    0.000000000000E+00    1.982086203268E-04    1.012012357574E-04    7.010044837136E-05   -5.346521443506E-05    4.136566153917E-05
    2.724834180318E-04   -2.029053184796E-05    5.993907441322E-05    1.038644363386E-04   -1.982086203268E-04    0.000000000000E+00    1.753213243361E-04    8.953948096954E-05   -6.209574559070E-05    4.706467089680E-05
    1.693004405483E-04   -1.610635236540E-05    4.593573738327E-05    7.178439985907E-05   -1.012012357574E-04   -1.753213243361E-04    0.000000000000E+00    1.473332506378E-04   -7.553089976062E-05    5.250896752086E-05
    8.610591940384E-05   -1.296868064474E-05    3.655136602264E-05    5.505965184020E-05   -7.010044837136E-05   -8.953948096954E-05   -1.473332506378E-04    0.000000000000E+00   -1.208913745491E-04    6.240707398304E-05
   -2.541122949907E-05    1.028765380440E-05   -2.895118559761E-05   -4.326791525989E-05    5.346521443506E-05    6.209574559071E-05    7.553089976061E-05    1.208913745491E-04    0.000000000000E+00   -9.836102004391E-05
   -1.609417471487E-05   -7.911194365817E-06    2.231578211008E-05    3.347736087664E-05   -4.136566153916E-05   -4.706467089680E-05   -5.250896752086E-05   -6.240707398304E-05    9.836102004391E-05    0.000000000000E+00
   32.361920189948556     
    0.000000000000E+00   -1.471660398292E-04    3.650558043535E-04    4.282061394151E-04   -3.732419838800E-04   -2.713984263984E-04   -1.700325901826E-04   -8.779267890479E-05    2.747621690811E-05    1.399030752044E-05
    1.471660398292E-04    0.000000000000E+00   -7.928686690432E-05   -4.058604032062E-05    2.669642608167E-05    1.992132752852E-05    1.581956361990E-05    1.275705001355E-05   -1.014586937499E-05    7.829753257129E-06
   -3.650558043535E-04    7.928686690431E-05    0.000000000000E+00    1.668896305590E-04   -8.617192138360E-05   -5.894662826062E-05   -4.517919581177E-05   -3.599202904964E-05    2.857471925676E-05   -2.210043131474E-05
   -4.282061394151E-04    4.058604032062E-05   -1.668896305590E-04    0.000000000000E+00   -1.999323940359E-04   -1.024366757622E-04   -7.077289853180E-05   -5.431333855838E-05    4.275749445655E-05   -3.318224341062E-05
    3.732419838800E-04   -2.669642608167E-05    8.617192138360E-05    1.999323940359E-04    0.000000000000E+00    1.961032654948E-04    1.000828978002E-04    6.930928174258E-05   -5.290866241358E-05    4.102823058973E-05
    2.713984263984E-04   -1.992132752852E-05    5.894662826062E-05    1.024366757622E-04   -1.961032654948E-04    0.000000000000E+00    1.739279626778E-04    8.877421255008E-05   -6.155409995565E-05    4.670763447566E-05
    1.700325901826E-04   -1.581956361990E-05    4.517919581177E-05    7.077289853180E-05   -1.000828978002E-04   -1.739279626778E-04    0.000000000000E+00    1.464962011719E-04   -7.504244489698E-05    5.216030219856E-05
    8.779267890479E-05   -1.275705001355E-05    3.599202904964E-05    5.431333855838E-05   -6.930928174259E-05   -8.877421255008E-05   -1.464962011719E-04    0.000000000000E+00   -1.204255726547E-04    6.210400406276E-05
   -2.747621690810E-05    1.014586937499E-05   -2.857471925676E-05   -4.275749445655E-05    5.290866241358E-05    6.155409995564E-05    7.504244489698E-05    1.204255726547E-04    0.000000000000E+00   -9.812311703561E-05
   -1.399030752043E-05   -7.829753257129E-06    2.210043131474E-05    3.318224341062E-05   -4.102823058973E-05   -4.670763447566E-05   -5.216030219856E-05   -6.210400406276E-05    9.812311703561E-05    0.000000000000E+00
   32.563866153585714     
    0.000000000000E+00   -1.439270514212E-04    3.578992515517E-04    4.215838510629E-04   -3.694014826009E-04   -2.702649530433E-04   -1.707019956909E-04   -8.942073208428E-05    2.949317268792E-05    1.192240521742E-05
    1.439270514212E-04    0.000000000000E+00   -7.785596350631E-05   -3.987325998070E-05    2.622186377584E-05    1.956005254272E-05    1.553827402338E-05    1.254846993009E-05   -1.000503073371E-05    7.747743369355E-06
   -3.578992515517E-04    7.785596350631E-05    0.000000000000E+00    1.641905045685E-04   -8.478486726003E-05   -5.797301853977E-05   -4.443578312866E-05   -3.543994264604E-05    2.820019927032E-05   -2.188305706595E-05
   -4.215838510629E-04    3.987325998070E-05   -1.641905045685E-04    0.000000000000E+00   -1.972292301793E-04   -1.010292345635E-04   -6.977566820092E-05   -5.357513316152E-05    4.224891654538E-05   -3.288378001934E-05
    3.694014826009E-04   -2.622186377584E-05    8.478486726003E-05    1.972292301793E-04    0.000000000000E+00    1.940139431282E-04    9.897493095657E-05    6.852480157694E-05   -5.235384682693E-05    4.068744698718E-05
    2.702649530433E-04   -1.956005254272E-05    5.797301853977E-05    1.010292345635E-04   -1.940139431282E-04    0.000000000000E+00    1.725373224986E-04    8.801238228928E-05   -6.101407847246E-05    4.634857985107E-05
    1.707019956909E-04   -1.553827402338E-05    4.443578312865E-05    6.977566820092E-05   -9.897493095657E-05   -1.725373224986E-04    0.000000000000E+00    1.456559517469E-04   -7.455422741539E-05    5.181104175772E-05
    8.942073208428E-05   -1.254846993009E-05    3.543994264604E-05    5.357513316152E-05   -6.852480157694E-05   -8.801238228928E-05   -1.456559517469E-04    0.000000000000E+00   -1.199550685913E-04    6.180023284735E-05
   -2.949317268792E-05    1.000503073371E-05   -2.820019927032E-05   -4.224891654538E-05    5.235384682693E-05    6.101407847246E-05    7.455422741539E-05    1.199550685913E-04    0.000000000000E+00   -9.788092832561E-05
   -1.192240521742E-05   -7.747743369355E-06    2.188305706595E-05    3.288378001934E-05   -4.068744698718E-05   -4.634857985107E-05   -5.181104175772E-05   -6.180023284735E-05    9.788092832561E-05    0.000000000000E+00
   32.766440253968256     
    0.000000000000E+00   -1.407691722184E-04    3.508937131637E-04    4.150516983921E-04   -3.655644554742E-04   -2.690849821110E-04   -1.713101657820E-04   -9.099102761615E-05    3.146258793315E-05    9.890325882098E-06
    1.407691722184E-04    0.000000000000E+00   -7.645465253821E-05   -3.917506897216E-05    2.575745813206E-05    1.920652450872E-05    1.526239668841E-05    1.234293969307E-05   -9.865194322220E-06    7.665246265668E-06
   -3.508937131637E-04    7.645465253822E-05    0.000000000000E+00    1.615390965256E-04   -8.342324926150E-05   -5.701787551459E-05   -4.370532924036E-05   -3.489513644301E-05    2.782779730173E-05   -2.166389624328E-05
   -4.150516983921E-04    3.917506897216E-05   -1.615390965256E-04    0.000000000000E+00   -1.945614852713E-04   -9.964186153642E-05   -6.879258851766E-05   -5.284510790593E-05    4.174242275008E-05   -3.258230427662E-05
    3.655644554742E-04   -2.575745813206E-05    8.342324926151E-05    1.945614852713E-04    0.000000000000E+00    1.919407614230E-04    9.787733366152E-05    6.774708310430E-05   -5.180098126468E-05    4.034363420491E-05
    2.690849821110E-04   -1.920652450872E-05    5.701787551459E-05    9.964186153643E-05   -1.919407614230E-04    0.000000000000E+00    1.711496289443E-04    8.725406658323E-05   -6.047580647726E-05    4.598773281972E-05
    1.713101657820E-04   -1.526239668841E-05    4.370532924036E-05    6.879258851766E-05   -9.787733366152E-05   -1.711496289443E-04    0.000000000000E+00    1.448126771443E-04   -7.406630786783E-05    5.146129020492E-05
    9.099102761616E-05   -1.234293969307E-05    3.489513644301E-05    5.284510790593E-05   -6.774708310430E-05   -8.725406658323E-05   -1.448126771443E-04    0.000000000000E+00   -1.194799560132E-04    6.149578493904E-05
   -3.146258793316E-05    9.865194322220E-06   -2.782779730173E-05   -4.174242275008E-05    5.180098126468E-05    6.047580647726E-05    7.406630786784E-05    1.194799560132E-04    0.000000000000E+00   -9.763448558939E-05
   -9.890325882106E-06   -7.665246265668E-06    2.166389624328E-05    3.258230427662E-05   -4.034363420491E-05   -4.598773281972E-05   -5.146129020493E-05   -6.149578493904E-05    9.763448558938E-05    0.000000000000E+00
   32.969642491096160     
    0.000000000000E+00   -1.376901263094E-04    3.440359121815E-04    4.086091852373E-04   -3.617324830771E-04   -2.678604248418E-04   -1.718585687144E-04   -9.250449494942E-05    3.338494819001E-05    7.893923862347E-06
    1.376901263094E-04    0.000000000000E+00   -7.508224207213E-05   -3.849111610490E-05    2.530294987291E-05    1.886056206837E-05    1.499184259755E-05    1.214045434568E-05   -9.726411811845E-06    7.582339423095E-06
   -3.440359121815E-04    7.508224207213E-05    0.000000000000E+00    1.589345086329E-04   -8.208653721529E-05   -5.608082664960E-05   -4.298765605482E-05   -3.435762767774E-05    2.745767155304E-05   -2.144317417019E-05
   -4.086091852373E-04    3.849111610490E-05   -1.589345086329E-04    0.000000000000E+00   -1.919287893372E-04   -9.827428990542E-05   -6.782352516295E-05   -5.212331822358E-05    4.123823629171E-05   -3.227813382303E-05
    3.617324830771E-04   -2.530294987291E-05    8.208653721529E-05    1.919287893372E-04    0.000000000000E+00    1.898837864326E-04    9.679008499865E-05    6.697618520808E-05   -5.125026238238E-05    3.999709967021E-05
    2.678604248418E-04   -1.886056206837E-05    5.608082664960E-05    9.827428990540E-05   -1.898837864326E-04    0.000000000000E+00    1.697650725487E-04    8.649932580748E-05   -5.993939604712E-05    4.562530594424E-05
    1.718585687144E-04   -1.499184259755E-05    4.298765605482E-05    6.782352516294E-05   -9.679008499864E-05   -1.697650725487E-04    0.000000000000E+00    1.439665265360E-04   -7.357873511957E-05    5.111114178473E-05
    9.250449494941E-05   -1.214045434568E-05    3.435762767774E-05    5.212331822358E-05   -6.697618520808E-05   -8.649932580748E-05   -1.439665265360E-04    0.000000000000E+00   -1.190003096649E-04    6.119067643296E-05
   -3.338494819001E-05    9.726411811844E-06   -2.745767155304E-05   -4.123823629171E-05    5.125026238238E-05    5.993939604712E-05    7.357873511957E-05    1.190003096649E-04    0.000000000000E+00   -9.738380606519E-05
   -7.893923862343E-06   -7.582339423095E-06    2.144317417019E-05    3.227813382303E-05   -3.999709967021E-05   -4.562530594424E-05   -5.111114178473E-05   -6.119067643297E-05    9.738380606521E-05    0.000000000000E+00
   33.173472864969440     
    0.000000000000E+00   -1.346877085478E-04    3.373226393018E-04    4.022557797447E-04   -3.579070807906E-04   -2.665931506231E-04   -1.723486556192E-04   -9.396206136360E-05    3.526074567346E-05    5.933041156806E-06
    1.346877085478E-04    0.000000000000E+00   -7.373805831792E-05   -3.782106020894E-05    2.485808720333E-05    1.852198772398E-05    1.472652265700E-05    1.194100618999E-05   -9.588731197678E-06    7.499096997231E-06
   -3.373226393018E-04    7.373805831793E-05    0.000000000000E+00    1.563758605097E-04   -8.077421300283E-05   -5.516150555686E-05   -4.228258360997E-05   -3.382742559151E-05    2.708996991058E-05   -2.122110680505E-05
   -4.022557797447E-04    3.782106020894E-05   -1.563758605097E-04    0.000000000000E+00   -1.893307721669E-04   -9.692625430113E-05   -6.686834011668E-05   -5.140980965621E-05    4.073656724029E-05   -3.197157373540E-05
    3.579070807906E-04   -2.485808720333E-05    8.077421300283E-05    1.893307721669E-04    0.000000000000E+00    1.878430772871E-04    9.571316057864E-05    6.621215990636E-05   -5.070187620977E-05    3.964813910666E-05
    2.665931506231E-04   -1.852198772398E-05    5.516150555686E-05    9.692625430113E-05   -1.878430772871E-04    0.000000000000E+00    1.683838395614E-04    8.574821781163E-05   -5.940495399578E-05    4.526150384607E-05
    1.723486556192E-04   -1.472652265700E-05    4.228258360997E-05    6.686834011668E-05   -9.571316057864E-05   -1.683838395614E-04    0.000000000000E+00    1.431176483688E-04   -7.309155735234E-05    5.076068749933E-05
    9.396206136360E-05   -1.194100618999E-05    3.382742559151E-05    5.140980965622E-05   -6.621215990636E-05   -8.574821781163E-05   -1.431176483688E-04    0.000000000000E+00   -1.185162053296E-04    6.088492374335E-05
   -3.526074567346E-05    9.588731197678E-06   -2.708996991058E-05   -4.073656724029E-05    5.070187620976E-05    5.940495399577E-05    7.309155735233E-05    1.185162053296E-04    0.000000000000E+00   -9.712890844571E-05
   -5.933041156815E-06   -7.499096997231E-06    2.122110680505E-05    3.197157373540E-05   -3.964813910666E-05   -4.526150384607E-05   -5.076068749934E-05   -6.088492374334E-05    9.712890844569E-05    0.000000000000E+00
   33.377931375588091     
    0.000000000000E+00   -1.317597897113E-04    3.307507712589E-04    3.959909408554E-04   -3.540897238770E-04   -2.652850072520E-04   -1.727818761622E-04   -9.536466381558E-05    3.709048804854E-05    4.007501025951E-06
    1.317597897113E-04    0.000000000000E+00   -7.242145458619E-05   -3.716457451997E-05    2.442262845076E-05    1.819062968038E-05    1.446634910229E-05    1.174458586956E-05   -9.452197602113E-06    7.415590389610E-06
   -3.307507712589E-04    7.242145458619E-05    0.000000000000E+00    1.538623088671E-04   -7.948578000665E-05   -5.425955792382E-05   -4.158993431565E-05   -3.330453459992E-05    2.672483227727E-05   -2.099790238662E-05
   -3.959909408554E-04    3.716457451997E-05   -1.538623088671E-04    0.000000000000E+00   -1.867670876822E-04   -9.559750223077E-05   -6.592689882790E-05   -5.070462287559E-05    4.023761613574E-05   -3.166291908663E-05
    3.540897238770E-04   -2.442262845076E-05    7.948578000664E-05    1.867670876822E-04    0.000000000000E+00    1.858187105072E-04    9.464654378285E-05    6.545505927476E-05   -5.015600290604E-05    3.929703988816E-05
    2.652850072520E-04   -1.819062968038E-05    5.425955792382E-05    9.559750223077E-05   -1.858187105072E-04    0.000000000000E+00    1.670061339052E-04    8.500080794854E-05   -5.887258799881E-05    4.489652737671E-05
    1.727818761622E-04   -1.446634910229E-05    4.158993431565E-05    6.592689882790E-05   -9.464654378284E-05   -1.670061339052E-04    0.000000000000E+00    1.422662093480E-04   -7.260483069781E-05    5.041002036923E-05
    9.536466381557E-05   -1.174458586956E-05    3.330453459992E-05    5.070462287559E-05   -6.545505927476E-05   -8.500080794854E-05   -1.422662093480E-04    0.000000000000E+00   -1.180277359610E-04    6.057855092448E-05
   -3.709048804854E-05    9.452197602113E-06   -2.672483227727E-05   -4.023761613574E-05    5.015600290604E-05    5.887258799882E-05    7.260483069781E-05    1.180277359611E-04    0.000000000000E+00   -9.686982643834E-05
   -4.007501025942E-06   -7.415590389610E-06    2.099790238662E-05    3.166291908663E-05   -3.929703988816E-05   -4.489652737671E-05   -5.041002036922E-05   -6.057855092448E-05    9.686982643836E-05    0.000000000000E+00
   33.583018022952118     
    0.000000000000E+00   -1.289043074049E-04    3.243172526539E-04    3.898140995431E-04   -3.502818293650E-04   -2.639378048804E-04   -1.731596655521E-04   -9.671323889174E-05    3.887469075150E-05    2.117113826886E-06
    1.289043074049E-04    0.000000000000E+00   -7.113180257234E-05   -3.652134231504E-05    2.399633942436E-05    1.786632023722E-05    1.421123454529E-05    1.155118179021E-05   -9.316852882306E-06    7.331887942154E-06
   -3.243172526539E-04    7.113180257234E-05    0.000000000000E+00    1.513930301547E-04   -7.822075467783E-05   -5.337463663065E-05   -4.090953006711E-05   -3.278895253613E-05    2.636238939676E-05   -2.077376053558E-05
   -3.898140995431E-04    3.652134231504E-05   -1.513930301547E-04    0.000000000000E+00   -1.842373939547E-04   -9.428778485956E-05   -6.499906499841E-05   -5.000779053373E-05    3.974157193541E-05   -3.135245344957E-05
    3.502818293650E-04   -2.399633942436E-05    7.822075467783E-05    1.842373939547E-04    0.000000000000E+00    1.838107604658E-04    9.359021697109E-05    6.470493044165E-05   -4.961281363384E-05    3.894407890489E-05
    2.639378048804E-04   -1.786632023722E-05    5.337463663065E-05    9.428778485956E-05   -1.838107604658E-04    0.000000000000E+00    1.656321596383E-04    8.425716123848E-05   -5.834240208696E-05    4.453057075074E-05
    1.731596655521E-04   -1.421123454529E-05    4.090953006711E-05    6.499906499841E-05   -9.359021697110E-05   -1.656321596383E-04    0.000000000000E+00    1.414123794765E-04   -7.211861255147E-05    5.005923156956E-05
    9.671323889174E-05   -1.155118179021E-05    3.278895253613E-05    5.000779053373E-05   -6.470493044165E-05   -8.425716123848E-05   -1.414123794765E-04    0.000000000000E+00   -1.175349992194E-04    6.027158410106E-05
   -3.887469075150E-05    9.316852882305E-06   -2.636238939676E-05   -3.974157193541E-05    4.961281363384E-05    5.834240208695E-05    7.211861255147E-05    1.175349992194E-04    0.000000000000E+00   -9.660659850222E-05
   -2.117113826886E-06   -7.331887942154E-06    2.077376053558E-05    3.135245344957E-05   -3.894407890489E-05   -4.453057075074E-05   -5.005923156956E-05   -6.027158410107E-05    9.660659850222E-05    0.000000000000E+00
   33.788732807061514     
    0.000000000000E+00   -1.261192477242E-04    3.180190535720E-04    3.837246090570E-04   -3.464847075034E-04   -2.625532737776E-04   -1.734834105324E-04   -9.800869652703E-05    4.061385702483E-05    2.616920655416E-07
    1.261192477242E-04    0.000000000000E+00   -6.986847206554E-05   -3.589104676422E-05    2.357898725727E-05    1.754889186855E-05    1.396108943188E-05    1.136077841855E-05   -9.182734429895E-06    7.248054040820E-06
   -3.180190535720E-04    6.986847206554E-05    0.000000000000E+00    1.489671785746E-04   -7.697864612689E-05   -5.250638958272E-05   -4.024118453333E-05   -3.228066555323E-05    2.600275929993E-05   -2.054886962899E-05
   -3.837246090570E-04    3.589104676422E-05   -1.489671785746E-04    0.000000000000E+00   -1.817413032544E-04   -9.299683374365E-05   -6.408468692781E-05   -4.931932854321E-05    3.924860609905E-05   -3.104044463743E-05
    3.464847075034E-04   -2.357898725727E-05    7.697864612689E-05    1.817413032544E-04    0.000000000000E+00    1.818192499496E-04    9.254413900788E-05    6.396180244751E-05   -4.907246207484E-05    3.858951670199E-05
    2.625532737776E-04   -1.754889186855E-05    5.250638958272E-05    9.299683374365E-05   -1.818192499496E-04    0.000000000000E+00    1.642620764324E-04    8.351732236298E-05   -5.781448493655E-05    4.416381392565E-05
    1.734834105324E-04   -1.396108943188E-05    4.024118453333E-05    6.408468692781E-05   -9.254413900788E-05   -1.642620764324E-04    0.000000000000E+00    1.405562940233E-04   -7.163294455327E-05    4.970840044470E-05
    9.800869652703E-05   -1.136077841855E-05    3.228066555323E-05    4.931932854321E-05   -6.396180244751E-05   -8.351732236298E-05   -1.405562940233E-04    0.000000000000E+00   -1.170380658706E-04    5.996403732634E-05
   -4.061385702483E-05    9.182734429896E-06   -2.600275929993E-05   -3.924860609905E-05    4.907246207484E-05    5.781448493655E-05    7.163294455328E-05    1.170380658706E-04    0.000000000000E+00   -9.633924188350E-05
   -2.616920655459E-07   -7.248054040820E-06    2.054886962899E-05    3.104044463743E-05   -3.858951670199E-05   -4.416381392565E-05   -4.970840044469E-05   -5.996403732634E-05    9.633924188350E-05    0.000000000000E+00
   33.995075727916287     
    0.000000000000E+00   -1.234026774528E-04    3.118532563799E-04    3.777218566291E-04   -3.426996690246E-04   -2.611331540491E-04   -1.737545198230E-04   -9.925197355689E-05    4.230851788795E-05   -1.558979091695E-06
    1.234026774528E-04    0.000000000000E+00   -6.863087238840E-05   -3.527339142860E-05    2.317035275211E-05    1.723818535481E-05    1.371582770574E-05    1.117336034442E-05   -9.049878115580E-06    7.164151251744E-06
   -3.118532563799E-04    6.863087238839E-05    0.000000000000E+00    1.465839737274E-04   -7.575899834549E-05   -5.165448533711E-05   -3.958472027508E-05   -3.177966012977E-05    2.564605590881E-05   -2.032341300659E-05
   -3.777218566290E-04    3.527339142860E-05   -1.465839737274E-04    0.000000000000E+00   -1.792784876548E-04   -9.172441004179E-05   -6.318362711927E-05   -4.863925577824E-05    3.875888634593E-05   -3.072715451041E-05
    3.426996690246E-04   -2.317035275211E-05    7.575899834548E-05    1.792784876548E-04    0.000000000000E+00    1.798442542752E-04    9.150829273720E-05    6.322571455349E-05   -4.853510318927E-05    3.823361054202E-05
    2.611331540491E-04   -1.723818535481E-05    5.165448533712E-05    9.172441004179E-05   -1.798442542752E-04    0.000000000000E+00    1.628960925393E-04    8.278135753495E-05   -5.728893473598E-05    4.379643907291E-05
    1.737545198230E-04   -1.371582770574E-05    3.958472027508E-05    6.318362711927E-05   -9.150829273720E-05   -1.628960925393E-04    0.000000000000E+00    1.396981324830E-04   -7.114788797038E-05    4.935761552817E-05
    9.925197355689E-05   -1.117336034442E-05    3.177966012977E-05    4.863925577824E-05   -6.322571455349E-05   -8.278135753495E-05   -1.396981324830E-04    0.000000000000E+00   -1.165370452291E-04    5.965594189330E-05
   -4.230851788794E-05    9.049878115580E-06   -2.564605590881E-05   -3.875888634593E-05    4.853510318927E-05    5.728893473598E-05    7.114788797037E-05    1.165370452291E-04    0.000000000000E+00   -9.606780631133E-05
    1.558979091703E-06   -7.164151251744E-06    2.032341300659E-05    3.072715451041E-05   -3.823361054202E-05   -4.379643907291E-05   -4.935761552817E-05   -5.965594189330E-05    9.606780631133E-05    0.000000000000E+00
   34.202046785516416     
    0.000000000000E+00   -1.207527019897E-04    3.058169521852E-04    3.718051371073E-04   -3.389279028188E-04   -2.596790909910E-04   -1.739743407493E-04   -1.004439697308E-04    4.395918389363E-05   -3.345105782557E-06
    1.207527019897E-04    0.000000000000E+00   -6.741840299486E-05   -3.466807566978E-05    2.277021550013E-05    1.693404016444E-05    1.347536037443E-05    1.098890784284E-05   -8.918315124844E-06    7.080237994219E-06
   -3.058169521852E-04    6.741840299486E-05    0.000000000000E+00    1.442425974482E-04   -7.456134024415E-05   -5.081858307409E-05   -3.893994927397E-05   -3.128590986393E-05    2.529237972918E-05   -2.009756218271E-05
   -3.718051371073E-04    3.466807566978E-05   -1.442425974482E-04    0.000000000000E+00   -1.768485556732E-04   -9.047024703798E-05   -6.229572818922E-05   -4.796757191849E-05    3.827256144778E-05   -3.041282809380E-05
    3.389279028188E-04   -2.277021550013E-05    7.456134024415E-05    1.768485556732E-04    0.000000000000E+00    1.778857794374E-04    9.048262953266E-05    6.249668355326E-05   -4.800087188434E-05    3.787659963612E-05
    2.596790909910E-04   -1.693404016444E-05    5.081858307409E-05    9.047024703797E-05   -1.778857794374E-04    0.000000000000E+00    1.615343555142E-04    8.204930535823E-05   -5.676583025437E-05    4.342861162154E-05
    1.739743407493E-04   -1.347536037443E-05    3.893994927396E-05    6.229572818922E-05   -9.048262953265E-05   -1.615343555142E-04    0.000000000000E+00    1.388380255202E-04   -7.066348204545E-05    4.900694998870E-05
    1.004439697308E-04   -1.098890784284E-05    3.128590986394E-05    4.796757191849E-05   -6.249668355325E-05   -8.204930535824E-05   -1.388380255202E-04    0.000000000000E+00   -1.160320079829E-04    5.934731180529E-05
   -4.395918389363E-05    8.918315124845E-06   -2.529237972918E-05   -3.827256144778E-05    4.800087188434E-05    5.676583025437E-05    7.066348204545E-05    1.160320079829E-04    0.000000000000E+00   -9.579231069888E-05
    3.345105782553E-06   -7.080237994219E-06    2.009756218271E-05    3.041282809380E-05   -3.787659963612E-05   -4.342861162154E-05   -4.900694998871E-05   -5.934731180529E-05    9.579231069885E-05    0.000000000000E+00
   34.409645979861942     
    0.000000000000E+00   -1.181674984311E-04    2.999073296760E-04    3.659737674606E-04   -3.351705864337E-04   -2.581927279604E-04   -1.741442324059E-04   -1.015856035094E-04    4.556638689770E-05   -5.096916354478E-06
    1.181674984311E-04    0.000000000000E+00   -6.623049598878E-05   -3.407481572267E-05    2.237836659034E-05    1.663630282308E-05    1.323960133110E-05    1.080740104928E-05   -8.788074989338E-06    6.996370747078E-06
   -2.999073296760E-04    6.623049598878E-05    0.000000000000E+00    1.419422838713E-04   -7.338522910569E-05   -4.999835898307E-05   -3.830669054551E-05   -3.079938782567E-05    2.494182671531E-05   -1.987148326019E-05
   -3.659737674606E-04    3.407481572267E-05   -1.419422838713E-04    0.000000000000E+00   -1.744511610448E-04   -8.923410089391E-05   -6.142084340475E-05   -4.730427777257E-05    3.778977543307E-05   -3.009770372756E-05
    3.351705864337E-04   -2.237836659034E-05    7.338522910569E-05    1.744511610448E-04    0.000000000000E+00    1.759438696752E-04    8.946711838661E-05    6.177473305825E-05   -4.746990242871E-05    3.751871868043E-05
    2.581927279603E-04   -1.663630282308E-05    4.999835898306E-05    8.923410089391E-05   -1.759438696752E-04    0.000000000000E+00    1.601770485076E-04    8.132122023714E-05   -5.624525663154E-05    4.306049734857E-05
    1.741442324059E-04   -1.323960133110E-05    3.830669054551E-05    6.142084340475E-05   -8.946711838661E-05   -1.601770485076E-04    0.000000000000E+00    1.379761369256E-04   -7.017978074427E-05    4.865648346540E-05
    1.015856035094E-04   -1.080740104928E-05    3.079938782567E-05    4.730427777257E-05   -6.177473305825E-05   -8.132122023714E-05   -1.379761369256E-04    0.000000000000E+00   -1.155230542237E-04    5.903817426088E-05
   -4.556638689770E-05    8.788074989337E-06   -2.494182671530E-05   -3.778977543307E-05    4.746990242871E-05    5.624525663154E-05    7.017978074428E-05    1.155230542237E-04    0.000000000000E+00   -9.551279903152E-05
    5.096916354482E-06   -6.996370747078E-06    1.987148326019E-05    3.009770372756E-05   -3.751871868043E-05   -4.306049734857E-05   -4.865648346539E-05   -5.903817426088E-05    9.551279903154E-05    0.000000000000E+00
   34.617873310952824     
    0.000000000000E+00   -1.156453020641E-04    2.941216445399E-04    3.602270518788E-04   -3.314288525267E-04   -2.566756772884E-04   -1.742655423009E-04   -1.026777940603E-04    4.713066640956E-05   -6.814651078970E-06
    1.156453020641E-04    0.000000000000E+00   -6.506660156613E-05   -3.349333743046E-05    2.199460420493E-05    1.634482412058E-05    1.300846556553E-05    1.062881878421E-05   -8.659184771748E-06    6.912603444146E-06
   -2.941216445399E-04    6.506660156613E-05    0.000000000000E+00    1.396822895622E-04   -7.223023609330E-05   -4.919349765202E-05   -3.768476473704E-05   -3.032006304174E-05    2.459448585830E-05   -1.964533516173E-05
   -3.602270518788E-04    3.349333743046E-05   -1.396822895622E-04    0.000000000000E+00   -1.720859675381E-04   -8.801573429840E-05   -6.055882714773E-05   -4.664936925260E-05    3.731066355124E-05   -2.978201018298E-05
    3.314288525267E-04   -2.199460420493E-05    7.223023609331E-05    1.720859675381E-04    0.000000000000E+00    1.740185728829E-04    8.846173023450E-05    6.105988437835E-05   -4.694232261236E-05    3.716019385249E-05
    2.566756772884E-04   -1.634482412058E-05    4.919349765202E-05    8.801573429840E-05   -1.740185728829E-04    0.000000000000E+00    1.588243592426E-04    8.059715845390E-05   -5.572729725827E-05    4.269225712467E-05
    1.742655423009E-04   -1.300846556553E-05    3.768476473704E-05    6.055882714773E-05   -8.846173023451E-05   -1.588243592426E-04    0.000000000000E+00    1.371126371500E-04   -6.969684091806E-05    4.830629513870E-05
    1.026777940603E-04   -1.062881878421E-05    3.032006304174E-05    4.664936925260E-05   -6.105988437835E-05   -8.059715845390E-05   -1.371126371501E-04    0.000000000000E+00   -1.150102914506E-04    5.872855980600E-05
   -4.713066640957E-05    8.659184771748E-06   -2.459448585831E-05   -3.731066355124E-05    4.694232261236E-05    5.572729725827E-05    6.969684091806E-05    1.150102914506E-04    0.000000000000E+00   -9.522932226854E-05
    6.814651078966E-06   -6.912603444146E-06    1.964533516173E-05    2.978201018298E-05   -3.716019385249E-05   -4.269225712467E-05   -4.830629513870E-05   -5.872855980600E-05    9.522932226854E-05    0.000000000000E+00
   34.826728778789082     
    0.000000000000E+00   -1.131843824167E-04    2.884571612147E-04    3.545642106818E-04   -3.277037187768E-04   -2.551294589720E-04   -1.743395566217E-04   -1.037214225542E-04    4.865254005066E-05   -8.498539821525E-06
    1.131843824167E-04    0.000000000000E+00   -6.392616010175E-05   -3.292336225503E-05    2.161872508273E-05    1.605945357664E-05    1.278186547698E-05    1.045313602723E-05   -8.531667270146E-06    6.828986147044E-06
   -2.884571612147E-04    6.392616010176E-05    0.000000000000E+00    1.374618348924E-04   -7.109591762554E-05   -4.840367478205E-05   -3.707398293642E-05   -2.984789294359E-05    2.425043387747E-05   -1.941926574160E-05
   -3.545642106818E-04    3.292336225503E-05   -1.374618348924E-04    0.000000000000E+00   -1.697525781550E-04   -8.681488326782E-05   -5.970951518213E-05   -4.600282457452E-05    3.683534350504E-05   -2.946596037293E-05
    3.277037187768E-04   -2.161872508273E-05    7.109591762554E-05    1.697525781550E-04    0.000000000000E+00    1.721098698022E-04    8.746640558036E-05    6.035213741261E-05   -4.641824128594E-05    3.680123417948E-05
    2.551294589720E-04   -1.605945357664E-05    4.840367478205E-05    8.681488326783E-05   -1.721098698022E-04    0.000000000000E+00    1.574764157752E-04    7.987714918514E-05   -5.521201669511E-05    4.232403572601E-05
    1.743395566217E-04   -1.278186547698E-05    3.707398293642E-05    5.970951518214E-05   -8.746640558036E-05   -1.574764157752E-04    0.000000000000E+00    1.362476481435E-04   -6.921469755308E-05    4.795644913499E-05
    1.037214225542E-04   -1.045313602723E-05    2.984789294359E-05    4.600282457452E-05   -6.035213741261E-05   -7.987714918514E-05   -1.362476481435E-04    0.000000000000E+00   -1.144937885650E-04    5.841848172144E-05
   -4.865254005066E-05    8.531667270146E-06   -2.425043387748E-05   -3.683534350504E-05    4.641824128595E-05    5.521201669511E-05    6.921469755308E-05    1.144937885650E-04    0.000000000000E+00   -9.494190048572E-05
    8.498539821525E-06   -6.828986147044E-06    1.941926574160E-05    2.946596037293E-05   -3.680123417948E-05   -4.232403572601E-05   -4.795644913498E-05   -5.841848172144E-05    9.494190048571E-05    0.000000000000E+00
   35.036212383370710     
    0.000000000000E+00   -1.107830879873E-04    2.829112719953E-04    3.489845345001E-04   -3.239962391098E-04   -2.535556299839E-04   -1.743676035581E-04   -1.047174118890E-04    5.013256389628E-05   -1.014884717527E-05
    1.107830879873E-04    0.000000000000E+00   -6.280865961958E-05   -3.236463592393E-05    2.125054190312E-05    1.578005090608E-05    1.255971883114E-05    1.028032961335E-05   -8.405545163814E-06    6.745568085399E-06
   -2.829112719953E-04    6.280865961958E-05    0.000000000000E+00    1.352802264074E-04   -6.998187479389E-05   -4.762859338552E-05   -3.647417082292E-05   -2.938284028607E-05    2.390974738849E-05   -1.919342065082E-05
   -3.489845345001E-04    3.236463592393E-05   -1.352802264074E-04    0.000000000000E+00   -1.674506842602E-04   -8.563132708136E-05   -5.887276682398E-05   -4.536463232886E-05    3.636393509994E-05   -2.914976546730E-05
    3.239962391098E-04   -2.125054190311E-05    6.998187479389E-05    1.674506842602E-04    0.000000000000E+00    1.702178231268E-04    8.648112283118E-05    5.965151149457E-05   -4.589777547168E-05    3.644205049842E-05
    2.535556299839E-04   -1.578005090608E-05    4.762859338552E-05    8.563132708136E-05   -1.702178231268E-04    0.000000000000E+00    1.561334213628E-04    7.916125550762E-05   -5.469949698241E-05    4.195598592815E-05
    1.743676035581E-04   -1.255971883114E-05    3.647417082292E-05    5.887276682398E-05   -8.648112283118E-05   -1.561334213627E-04    0.000000000000E+00    1.353813590826E-04   -6.873341580980E-05    4.760702548647E-05
    1.047174118890E-04   -1.028032961335E-05    2.938284028607E-05    4.536463232886E-05   -5.965151149457E-05   -7.916125550763E-05   -1.353813590826E-04    0.000000000000E+00   -1.139736725562E-04    5.810797943852E-05
   -5.013256389628E-05    8.405545163814E-06   -2.390974738849E-05   -3.636393509994E-05    4.589777547168E-05    5.469949698241E-05    6.873341580980E-05    1.139736725562E-04    0.000000000000E+00   -9.465060268716E-05
    1.014884717527E-05   -6.745568085399E-06    1.919342065082E-05    2.914976546730E-05   -3.644205049842E-05   -4.195598592815E-05   -4.760702548647E-05   -5.810797943851E-05    9.465060268718E-05    0.000000000000E+00
   35.246324124697715     
    0.000000000000E+00   -1.084397898594E-04    2.774813546212E-04    3.434872060242E-04   -3.203073283508E-04   -2.519556322393E-04   -1.743509305772E-04   -1.056666313536E-04    5.157125983984E-05   -1.176581769784E-05
    1.084397898594E-04    0.000000000000E+00   -6.171356714359E-05   -3.181689409188E-05    2.088986236649E-05    1.550647234246E-05    1.234193947742E-05    1.011037174552E-05   -8.280836352456E-06    6.662394224607E-06
   -2.774813546212E-04    6.171356714359E-05    0.000000000000E+00    1.331367117193E-04   -6.888768263456E-05   -4.686794087310E-05   -3.588514049319E-05   -2.892485380630E-05    2.357248916592E-05   -1.896793329979E-05
   -3.434872060242E-04    3.181689409188E-05   -1.331367117193E-04    0.000000000000E+00   -1.651798894662E-04   -8.446480562283E-05   -5.804841545756E-05   -4.473475898837E-05    3.589653776171E-05   -2.883361875062E-05
    3.203073283508E-04   -2.088986236649E-05    6.888768263456E-05    1.651798894662E-04    0.000000000000E+00    1.683424011249E-04    8.550581749156E-05    5.895799738200E-05   -4.538101878523E-05    3.608283347491E-05
    2.519556322393E-04   -1.550647234246E-05    4.686794087310E-05    8.446480562283E-05   -1.683424011248E-04    0.000000000000E+00    1.547954943302E-04    7.844950197486E-05   -5.418979472314E-05    4.158824020511E-05
    1.743509305772E-04   -1.234193947742E-05    3.588514049319E-05    5.804841545756E-05   -8.550581749157E-05   -1.547954943302E-04    0.000000000000E+00    1.345138885272E-04   -6.825302902724E-05    4.725808338072E-05
    1.056666313536E-04   -1.011037174552E-05    2.892485380630E-05    4.473475898837E-05   -5.895799738201E-05   -7.844950197486E-05   -1.345138885272E-04    0.000000000000E+00   -1.134500130839E-04    5.779706669553E-05
   -5.157125983985E-05    8.280836352456E-06   -2.357248916592E-05   -3.589653776171E-05    4.538101878523E-05    5.418979472313E-05    6.825302902724E-05    1.134500130839E-04    0.000000000000E+00   -9.435545138268E-05
    1.176581769784E-05   -6.662394224607E-06    1.896793329979E-05    2.883361875062E-05   -3.608283347491E-05   -4.158824020511E-05   -4.725808338072E-05   -5.779706669553E-05    9.435545138267E-05    0.000000000000E+00
   35.457064002770082     
    0.000000000000E+00   -1.061529231646E-04    2.721648827598E-04    3.380714433763E-04   -3.166379032422E-04   -2.503309134163E-04   -1.742908011003E-04   -1.065699713163E-04    5.296917217967E-05   -1.334971827314E-05
    1.061529231646E-04    0.000000000000E+00   -6.064038206204E-05   -3.127988896155E-05    2.053650535887E-05    1.523858130104E-05    1.212844475130E-05    9.943235298115E-06   -8.157557820771E-06    6.579508103607E-06
   -2.721648827598E-04    6.064038206204E-05    0.000000000000E+00    1.310305932496E-04   -6.781294539895E-05   -4.612142273665E-05   -3.530671294121E-05   -2.847388398247E-05    2.323871948921E-05   -1.874293313481E-05
   -3.380714433763E-04    3.127988896155E-05   -1.310305932496E-04    0.000000000000E+00   -1.629398484687E-04   -8.331508452034E-05   -5.723630782828E-05   -4.411317507666E-05    3.543324886820E-05   -2.851770880451E-05
    3.166379032422E-04   -2.053650535887E-05    6.781294539895E-05    1.629398484687E-04    0.000000000000E+00    1.664836166425E-04    8.454044589403E-05    5.827159536324E-05   -4.486806673886E-05    3.572377131034E-05
    2.503309134163E-04   -1.523858130104E-05    4.612142273666E-05    8.331508452034E-05   -1.664836166425E-04    0.000000000000E+00    1.534627939132E-04    7.774193155523E-05   -5.368297497698E-05    4.122093322524E-05
    1.742908011003E-04   -1.212844475130E-05    3.530671294121E-05    5.723630782827E-05   -8.454044589403E-05   -1.534627939132E-04    0.000000000000E+00    1.336453924599E-04   -6.777358730803E-05    4.690969006425E-05
    1.065699713163E-04   -9.943235298115E-06    2.847388398247E-05    4.411317507666E-05   -5.827159536324E-05   -7.774193155523E-05   -1.336453924599E-04    0.000000000000E+00   -1.129229127588E-04    5.748577207141E-05
   -5.296917217966E-05    8.157557820771E-06   -2.323871948921E-05   -3.543324886820E-05    4.486806673886E-05    5.368297497698E-05    6.777358730803E-05    1.129229127588E-04    0.000000000000E+00   -9.405649709219E-05
    1.334971827314E-05   -6.579508103607E-06    1.874293313481E-05    2.851770880451E-05   -3.572377131034E-05   -4.122093322524E-05   -4.690969006426E-05   -5.748577207142E-05    9.405649709221E-05    0.000000000000E+00
   35.668432017587833     
    0.000000000000E+00   -1.039209734544E-04    2.669593940524E-04    3.327364625974E-04   -3.129888460797E-04   -2.486828953359E-04   -1.741884690506E-04   -1.074283236336E-04    5.432685284325E-05   -1.490082705904E-05
    1.039209734544E-04    0.000000000000E+00   -5.958862122894E-05   -3.075338184530E-05    2.019029642790E-05    1.497624548134E-05    1.191915359225E-05    9.778892570083E-06   -8.035724777768E-06    6.496951207420E-06
   -2.669593940524E-04    5.958862122894E-05    0.000000000000E+00    1.289611974218E-04   -6.675728157511E-05   -4.538875359576E-05   -3.473871238471E-05   -2.802987931870E-05    2.290849360454E-05   -1.851854380699E-05
   -3.327364625974E-04    3.075338184530E-05   -1.289611974218E-04    0.000000000000E+00   -1.607302305082E-04   -8.218193814896E-05   -5.643629409259E-05   -4.349984886351E-05    3.497415954041E-05   -2.820221654068E-05
    3.129888460797E-04   -2.019029642790E-05    6.675728157511E-05    1.607302305082E-04    0.000000000000E+00    1.646414912035E-04    8.358496895575E-05    5.759230582353E-05   -4.435901071932E-05    3.536504565168E-05
    2.486828953359E-04   -1.497624548134E-05    4.538875359576E-05    8.218193814896E-05   -1.646414912035E-04    0.000000000000E+00    1.521354882933E-04    7.703859137459E-05   -5.317910299124E-05    4.085419653920E-05
    1.741884690506E-04   -1.191915359225E-05    3.473871238471E-05    5.643629409259E-05   -8.358496895575E-05   -1.521354882933E-04    0.000000000000E+00    1.327760374142E-04   -6.729514560592E-05    4.656191393042E-05
    1.074283236336E-04   -9.778892570083E-06    2.802987931870E-05    4.349984886351E-05   -5.759230582353E-05   -7.703859137459E-05   -1.327760374142E-04    0.000000000000E+00   -1.123924852588E-04    5.717412930440E-05
   -5.432685284325E-05    8.035724777768E-06   -2.290849360454E-05   -3.497415954041E-05    4.435901071932E-05    5.317910299124E-05    6.729514560592E-05    1.123924852588E-04    0.000000000000E+00   -9.375380080440E-05
    1.490082705904E-05   -6.496951207419E-06    1.851854380699E-05    2.820221654068E-05   -3.536504565168E-05   -4.085419653920E-05   -4.656191393041E-05   -5.717412930440E-05    9.375380080439E-05    0.000000000000E+00
   35.880428169150946     
    0.000000000000E+00   -1.017424497719E-04    2.618624227409E-04    3.274813932132E-04   -3.093609200929E-04   -2.470128987717E-04   -1.740451167715E-04   -1.082425324565E-04    5.564482320897E-05   -1.641940417589E-05
    1.017424497719E-04    0.000000000000E+00   -5.855778583384E-05   -3.023712646014E-05    1.985105750385E-05    1.471933010346E-05    1.171398194756E-05    9.617312076163E-06   -7.915348347782E-06    6.414761253509E-06
   -2.618624227409E-04    5.855778583384E-05    0.000000000000E+00    1.269278040068E-04   -6.572028910805E-05   -4.466963592621E-05   -3.418095225044E-05   -2.759277671632E-05    2.258185486980E-05   -1.829487812535E-05
   -3.274813932132E-04    3.023712646014E-05   -1.269278040068E-04    0.000000000000E+00   -1.585506324205E-04   -8.106510842826E-05   -5.564820298530E-05   -4.289472999735E-05    3.451934327813E-05   -2.788730698547E-05
    3.093609200929E-04   -1.985105750385E-05    6.572028910805E-05    1.585506324205E-04    0.000000000000E+00    1.628159663104E-04    8.263931116618E-05    5.692010470949E-05   -4.385392176718E-05    3.500682023214E-05
    2.470128987717E-04   -1.471933010346E-05    4.466963592621E-05    8.106510842827E-05   -1.628159663104E-04    0.000000000000E+00    1.508136724119E-04    7.633949520585E-05   -5.267822181256E-05    4.048814372545E-05
    1.740451167715E-04   -1.171398194756E-05    3.418095225044E-05    5.564820298530E-05   -8.263931116618E-05   -1.508136724119E-04    0.000000000000E+00    1.319059282772E-04   -6.681773096715E-05    4.621480495784E-05
    1.082425324564E-04   -9.617312076162E-06    2.759277671632E-05    4.289472999735E-05   -5.692010470950E-05   -7.633949520585E-05   -1.319059282772E-04    0.000000000000E+00   -1.118587937047E-04    5.686214937364E-05
   -5.564482320896E-05    7.915348347782E-06   -2.258185486980E-05   -3.451934327813E-05    4.385392176718E-05    5.267822181256E-05    6.681773096714E-05    1.118587937047E-04    0.000000000000E+00   -9.344738209825E-05
    1.641940417589E-05   -6.414761253509E-06    1.829487812535E-05    2.788730698547E-05   -3.500682023214E-05   -4.048814372545E-05   -4.621480495784E-05   -5.686214937364E-05    9.344738209826E-05    0.000000000000E+00
   36.093052457459443     
    0.000000000000E+00   -9.961593962013E-05    2.568716459566E-04    3.223054696069E-04   -3.057549609049E-04   -2.453223105999E-04   -1.738619910593E-04   -1.090135009242E-04    5.692365610083E-05   -1.790575395867E-05
    9.961593962013E-05    0.000000000000E+00   -5.754743315041E-05   -2.973090495422E-05    1.951862893893E-05    1.446771251997E-05    1.151285293966E-05    9.458465846418E-06   -7.796440912518E-06    6.332976145036E-06
   -2.568716459566E-04    5.754743315041E-05    0.000000000000E+00    1.249298003266E-04   -6.470162089571E-05   -4.396380635114E-05   -3.363326618095E-05   -2.716252327060E-05    2.225885051646E-05   -1.807204964171E-05
   -3.223054696069E-04    2.973090495422E-05   -1.249298003266E-04    0.000000000000E+00   -1.564007691276E-04   -7.996439484976E-05   -5.487189642098E-05   -4.229778601379E-05    3.406888164613E-05   -2.757314787544E-05
    3.057549609049E-04   -1.951862893893E-05    6.470162089571E-05    1.564007691276E-04    0.000000000000E+00    1.610070969883E-04    8.170344993856E-05    5.625499724524E-05   -4.335288640771E-05    3.464926608550E-05
    2.453223105999E-04   -1.446771251997E-05    4.396380635114E-05    7.996439484976E-05   -1.610070969883E-04    0.000000000000E+00    1.494975458948E-04    7.564470450785E-05   -5.218040078465E-05    4.012290273565E-05
    1.738619910593E-04   -1.151285293966E-05    3.363326618094E-05    5.487189642098E-05   -8.170344993856E-05   -1.494975458948E-04    0.000000000000E+00    1.310352632993E-04   -6.634141266989E-05    4.586843665135E-05
    1.090135009242E-04   -9.458465846418E-06    2.716252327060E-05    4.229778601379E-05   -5.625499724524E-05   -7.564470450785E-05   -1.310352632993E-04    0.000000000000E+00   -1.113219819393E-04    5.654987978478E-05
   -5.692365610084E-05    7.796440912517E-06   -2.225885051646E-05   -3.406888164613E-05    4.335288640771E-05    5.218040078466E-05    6.634141266990E-05    1.113219819393E-04    0.000000000000E+00   -9.313732883368E-05
    1.790575395867E-05   -6.332976145036E-06    1.807204964171E-05    2.757314787544E-05   -3.464926608550E-05   -4.012290273565E-05   -4.586843665135E-05   -5.654987978478E-05    9.313732883367E-05    0.000000000000E+00
   36.306304882513302     
    0.000000000000E+00   -9.754003779877E-05    2.519847006824E-04    3.172077971732E-04   -3.021716426259E-04   -2.436123779345E-04   -1.736402346248E-04   -1.097420585614E-04    5.816387362330E-05   -1.936014713661E-05
    9.754003779877E-05    0.000000000000E+00   -5.655708731553E-05   -2.923448303461E-05    1.919284199095E-05    1.422126406515E-05    1.131568441464E-05    9.302320637305E-06   -7.679009751894E-06    6.251629269568E-06
   -2.519847006824E-04    5.655708731554E-05    0.000000000000E+00    1.229664905361E-04   -6.370089122704E-05   -4.327097841668E-05   -3.309547010290E-05   -2.673904998590E-05    2.193951284632E-05   -1.785015885418E-05
   -3.172077971732E-04    2.923448303461E-05   -1.229664905361E-04    0.000000000000E+00   -1.542802389684E-04   -7.887954356268E-05   -5.410720256616E-05   -4.170895802409E-05    3.362283339542E-05   -2.725988737932E-05
    3.021716426259E-04   -1.919284199095E-05    6.370089122704E-05    1.542802389684E-04    0.000000000000E+00    1.592148135308E-04    8.077730573593E-05    5.559695220140E-05   -4.285596312728E-05    3.429253108156E-05
    2.436123779345E-04   -1.422126406515E-05    4.327097841668E-05    7.887954356268E-05   -1.592148135308E-04    0.000000000000E+00    1.481871939768E-04    7.495422877762E-05   -5.168567615890E-05    3.975857650783E-05
    1.736402346248E-04   -1.131568441464E-05    3.309547010290E-05    5.410720256616E-05   -8.077730573594E-05   -1.481871939768E-04    0.000000000000E+00    1.301641433574E-04   -6.586621603509E-05    4.552285469481E-05
    1.097420585614E-04   -9.302320637305E-06    2.673904998590E-05    4.170895802409E-05   -5.559695220139E-05   -7.495422877762E-05   -1.301641433574E-04    0.000000000000E+00   -1.107821132751E-04    5.623733184791E-05
   -5.816387362329E-05    7.679009751894E-06   -2.193951284632E-05   -3.362283339542E-05    4.285596312729E-05    5.168567615890E-05    6.586621603509E-05    1.107821132751E-04    0.000000000000E+00   -9.282366274217E-05
    1.936014713661E-05   -6.251629269568E-06    1.785015885418E-05    2.725988737932E-05   -3.429253108156E-05   -3.975857650783E-05   -4.552285469481E-05   -5.623733184791E-05    9.282366274216E-05    0.000000000000E+00
   36.520185444312538     
    0.000000000000E+00   -9.551339876104E-05    2.471993230159E-04    3.121875346459E-04   -2.986116604432E-04   -2.418843675761E-04   -1.733810157834E-04   -1.104290628806E-04    5.936602513266E-05   -2.078287993925E-05
    9.551339876104E-05    0.000000000000E+00   -5.558630734060E-05   -2.874764412010E-05    1.887353970985E-05    1.397986389164E-05    1.112239856037E-05    9.148844830859E-06   -7.563062090375E-06    6.170753232260E-06
   -2.471993230159E-04    5.558630734060E-05    0.000000000000E+00    1.210372417535E-04   -6.271774730237E-05   -4.259088641322E-05   -3.256739154971E-05   -2.632229236796E-05    2.162387411159E-05   -1.762930413847E-05
   -3.121875346459E-04    2.874764412010E-05   -1.210372417535E-04    0.000000000000E+00   -1.521887041235E-04   -7.781033258557E-05   -5.335396746778E-05   -4.112819519613E-05    3.318125869863E-05   -2.694767162949E-05
    2.986116604432E-04   -1.887353970985E-05    6.271774730237E-05    1.521887041235E-04    0.000000000000E+00    1.574391045922E-04    7.986082650581E-05    5.494595258743E-05   -4.236321614168E-05    3.393676366031E-05
    2.418843675761E-04   -1.397986389164E-05    4.259088641322E-05    7.781033258557E-05   -1.574391045922E-04    0.000000000000E+00    1.468827554490E-04    7.426810192803E-05   -5.119409672704E-05    3.939527335136E-05
    1.733810157835E-04   -1.112239856037E-05    3.256739154971E-05    5.335396746778E-05   -7.986082650581E-05   -1.468827554490E-04    0.000000000000E+00    1.292927178039E-04   -6.539218829630E-05    4.517811626192E-05
    1.104290628806E-04   -9.148844830859E-06    2.632229236796E-05    4.112819519613E-05   -5.494595258744E-05   -7.426810192803E-05   -1.292927178039E-04    0.000000000000E+00   -1.102392935160E-04    5.592453611472E-05
   -5.936602513267E-05    7.563062090374E-06   -2.162387411159E-05   -3.318125869863E-05    4.236321614167E-05    5.119409672704E-05    6.539218829631E-05    1.102392935160E-04    0.000000000000E+00   -9.250644175614E-05
    2.078287993925E-05   -6.170753232261E-06    1.762930413847E-05    2.694767162949E-05   -3.393676366031E-05   -3.939527335136E-05   -4.517811626192E-05   -5.592453611472E-05    9.250644175617E-05    0.000000000000E+00
   36.734694142857144     
    0.000000000000E+00   -9.353471887717E-05    2.425133045113E-04    3.072438404180E-04   -2.950756774979E-04   -2.401395191822E-04   -1.730854901229E-04   -1.110753693361E-04    6.053066419244E-05   -2.217425660406E-05
    9.353471887717E-05    0.000000000000E+00   -5.463466624877E-05   -2.827017885598E-05    1.856057051038E-05    1.374339477154E-05    1.093291908952E-05    8.998006502145E-06   -7.448603730398E-06    6.090378854297E-06
   -2.425133045113E-04    5.463466624877E-05    0.000000000000E+00    1.191414399742E-04   -6.175184763146E-05   -4.192327225378E-05   -3.204886111603E-05   -2.591218464719E-05    2.131196247156E-05   -1.740957880953E-05
   -3.072438404180E-04    2.827017885598E-05   -1.191414399742E-04    0.000000000000E+00   -1.501258370437E-04   -7.675654658776E-05   -5.261203999918E-05   -4.055544496693E-05    3.274421245919E-05   -2.663663995008E-05
    2.950756774979E-04   -1.856057051038E-05    6.175184763146E-05    1.501258370437E-04    0.000000000000E+00    1.556799633417E-04    7.895396298783E-05    5.430198104267E-05   -4.187470586822E-05    3.358210625154E-05
    2.401395191823E-04   -1.374339477154E-05    4.192327225379E-05    7.675654658775E-05   -1.556799633417E-04    0.000000000000E+00    1.455843735807E-04    7.358636010359E-05   -5.070571073290E-05    3.903309837820E-05
    1.730854901229E-04   -1.093291908952E-05    3.204886111603E-05    5.261203999918E-05   -7.895396298783E-05   -1.455843735807E-04    0.000000000000E+00    1.284211421656E-04   -6.491937960477E-05    4.483427880958E-05
    1.110753693361E-04   -8.998006502145E-06    2.591218464719E-05    4.055544496694E-05   -5.430198104267E-05   -7.358636010360E-05   -1.284211421656E-04    0.000000000000E+00   -1.096936356162E-04    5.561152654217E-05
   -6.053066419243E-05    7.448603730398E-06   -2.131196247156E-05   -3.274421245919E-05    4.187470586822E-05    5.070571073290E-05    6.491937960476E-05    1.096936356161E-04    0.000000000000E+00   -9.218573092849E-05
    2.217425660406E-05   -6.090378854296E-06    1.740957880953E-05    2.663663995008E-05   -3.358210625154E-05   -3.903309837821E-05   -4.483427880958E-05   -5.561152654217E-05    9.218573092848E-05    0.000000000000E+00
   36.949830978147126     
    0.000000000000E+00   -9.160272087339E-05    2.379244536101E-04    3.023758243575E-04   -2.915642759905E-04   -2.383790009823E-04   -1.727547633148E-04   -1.116818014658E-04    6.165832514625E-05   -2.353457120066E-05
    9.160272087339E-05    0.000000000000E+00   -5.370173205771E-05   -2.780187548027E-05    1.825378219861E-05    1.351173914594E-05    1.074716855829E-05    8.849771558379E-06   -7.335637721366E-06    6.010534185988E-06
   -2.379244536101E-04    5.370173205771E-05    0.000000000000E+00    1.172784493726E-04   -6.080284185511E-05   -4.126787306214E-05   -3.153970427663E-05   -2.550865418146E-05    2.100379802816E-05   -1.719106820634E-05
   -3.023758243575E-04    2.780187548027E-05   -1.172784493726E-04    0.000000000000E+00   -1.480912699714E-04   -7.571795281909E-05   -5.188125731294E-05   -3.999064346709E-05    3.231173768541E-05   -2.632692007384E-05
    2.915642759905E-04   -1.825378219861E-05    6.080284185511E-05    1.480912699714E-04    0.000000000000E+00    1.539373354181E-04    7.805664454598E-05    5.366500535597E-05   -4.139047936340E-05    3.322868858682E-05
    2.383790009823E-04   -1.351173914594E-05    4.126787306215E-05    7.571795281910E-05   -1.539373354181E-04    0.000000000000E+00    1.442921474253E-04    7.290901938492E-05   -5.022055255176E-05    3.867214466910E-05
    1.727547633148E-04   -1.074716855829E-05    3.153970427663E-05    5.188125731294E-05   -7.805664454598E-05   -1.442921474253E-04    0.000000000000E+00    1.275495350364E-04   -6.444782342591E-05    4.449138836282E-05
    1.116818014658E-04   -8.849771558379E-06    2.550865418146E-05    3.999064346709E-05   -5.366500535596E-05   -7.290901938492E-05   -1.275495350364E-04    0.000000000000E+00   -1.091452226882E-04    5.529832370426E-05
   -6.165832514625E-05    7.335637721366E-06   -2.100379802816E-05   -3.231173768541E-05    4.139047936340E-05    5.022055255176E-05    6.444782342591E-05    1.091452226882E-04    0.000000000000E+00   -9.186157117343E-05
    2.353457120066E-05   -6.010534185988E-06    1.719106820634E-05    2.632692007384E-05   -3.322868858682E-05   -3.867214466909E-05   -4.449138836282E-05   -5.529832370426E-05    9.186157117343E-05    0.000000000000E+00
   37.165595950182471     
    0.000000000000E+00   -8.971618009888E-05    2.334306669899E-04    2.975826433571E-04   -2.880780544224E-04   -2.366039957038E-04   -1.723899617533E-04   -1.122492068081E-04    6.274956645002E-05   -2.486414077322E-05
    8.971618009888E-05    0.000000000000E+00   -5.278710314978E-05   -2.734253765882E-05    1.795303293194E-05    1.328478643845E-05    1.056507350286E-05    8.704107466879E-06   -7.224167114727E-06    5.931246559488E-06
   -2.334306669899E-04    5.278710314978E-05    0.000000000000E+00    1.154476890202E-04   -5.987040848881E-05   -4.062444445057E-05   -3.103975710281E-05   -2.511163261077E-05    2.069940096623E-05   -1.697385571485E-05
   -2.975826433571E-04    2.734253765882E-05   -1.154476890202E-04    0.000000000000E+00   -1.460846908599E-04   -7.469434667749E-05   -5.116147264602E-05   -3.943373425311E-05    3.188387877398E-05   -2.601863782106E-05
    2.880780544224E-04   -1.795303293194E-05    5.987040848881E-05    1.460846908599E-04    0.000000000000E+00    1.522112175006E-04    7.716882488534E-05    5.303500609771E-05   -4.091058886805E-05    3.287664082786E-05
    2.366039957038E-04   -1.328478643845E-05    4.062444445057E-05    7.469434667749E-05   -1.522112175006E-04    0.000000000000E+00    1.430062232609E-04    7.223611759692E-05   -4.973866781680E-05    3.831251011286E-05
    1.723899617533E-04   -1.056507350286E-05    3.103975710281E-05    5.116147264602E-05   -7.716882488534E-05   -1.430062232609E-04    0.000000000000E+00    1.266780583187E-04   -6.397757294928E-05    4.414950135816E-05
    1.122492068081E-04   -8.704107466879E-06    2.511163261077E-05    3.943373425311E-05   -5.303500609772E-05   -7.223611759692E-05   -1.266780583187E-04    0.000000000000E+00   -1.085941763300E-04    5.498496571155E-05
   -6.274956645001E-05    7.224167114726E-06   -2.069940096623E-05   -3.188387877398E-05    4.091058886805E-05    4.973866781680E-05    6.397757294928E-05    1.085941763300E-04    0.000000000000E+00   -9.153403659476E-05
    2.486414077322E-05   -5.931246559487E-06    1.697385571485E-05    2.601863782106E-05   -3.287664082786E-05   -3.831251011286E-05   -4.414950135816E-05   -5.498496571155E-05    9.153403659476E-05    0.000000000000E+00
   37.381989058963200     
    0.000000000000E+00   -8.787388741492E-05    2.290298340199E-04    2.928633783129E-04   -2.846175025604E-04   -2.348155884764E-04   -1.719921392620E-04   -1.127783825005E-04    6.380491268080E-05   -2.616326069175E-05
    8.787388741492E-05    0.000000000000E+00   -5.189036141378E-05   -2.689196078865E-05    1.765817658149E-05    1.306242334162E-05    1.038655775581E-05    8.560978534277E-06   -7.114191546589E-06    5.852540056007E-06
   -2.290298340199E-04    5.189036141378E-05    0.000000000000E+00    1.136485320122E-04   -5.895420508436E-05   -3.999272984413E-05   -3.054884585292E-05   -2.472104169499E-05    2.039878141398E-05   -1.675801531077E-05
   -2.928633783129E-04    2.689196078866E-05   -1.136485320122E-04    0.000000000000E+00   -1.441057179084E-04   -7.368549202013E-05   -5.045251913346E-05   -3.888464428951E-05    3.146066475022E-05   -2.571190498288E-05
    2.846175025604E-04   -1.765817658149E-05    5.895420508436E-05    1.441057179084E-04    0.000000000000E+00    1.505015283611E-04    7.629042227185E-05    5.241194072956E-05   -4.043506799323E-05    3.252607686742E-05
    2.348155884764E-04   -1.306242334162E-05    3.999272984413E-05    7.368549202013E-05   -1.505015283611E-04    0.000000000000E+00    1.417266746854E-04    7.156765954402E-05   -4.926008069023E-05    3.795427566223E-05
    1.719921392620E-04   -1.038655775581E-05    3.054884585292E-05    5.045251913346E-05   -7.629042227185E-05   -1.417266746855E-04    0.000000000000E+00    1.258068118754E-04   -6.350865333813E-05    4.380865613987E-05
    1.127783825005E-04   -8.560978534277E-06    2.472104169499E-05    3.888464428951E-05   -5.241194072955E-05   -7.156765954402E-05   -1.258068118754E-04    0.000000000000E+00   -1.080405669633E-04    5.467146768872E-05
   -6.380491268080E-05    7.114191546590E-06   -2.039878141398E-05   -3.146066475022E-05    4.043506799323E-05    4.926008069023E-05    6.350865333813E-05    1.080405669633E-04    0.000000000000E+00   -9.120315940952E-05
    2.616326069174E-05   -5.852540056007E-06    1.675801531077E-05    2.571190498288E-05   -3.252607686742E-05   -3.795427566223E-05   -4.380865613987E-05   -5.467146768872E-05    9.120315940953E-05    0.000000000000E+00
   37.599010304489290     
    0.000000000000E+00   -8.607469014371E-05    2.247199468297E-04    2.882171808017E-04   -2.811831513429E-04   -2.330149002316E-04   -1.715623873800E-04   -1.132701629086E-04    6.482492263818E-05   -2.743225688366E-05
    8.607469014371E-05    0.000000000000E+00   -5.101112661386E-05   -2.644995946933E-05    1.736907965320E-05    1.284454510171E-05    1.021155033898E-05    8.420351603472E-06   -7.005711432374E-06    5.774438630565E-06
   -2.247199468297E-04    5.101112661386E-05    0.000000000000E+00    1.118804234499E-04   -5.805392639702E-05   -3.937249636585E-05   -3.006681113402E-05   -2.433681038481E-05    2.010195185726E-05   -1.654362074098E-05
   -2.882171808017E-04    2.644995946933E-05   -1.118804234499E-04    0.000000000000E+00   -1.421540472313E-04   -7.269119139615E-05   -4.975425262553E-05   -3.834331270823E-05    3.104212959804E-05   -2.540683411766E-05
    2.811831513429E-04   -1.736907965320E-05    5.805392639702E-05    1.421540472313E-04    0.000000000000E+00    1.488082608979E-04    7.542139007542E-05    5.179578618375E-05   -3.996396022636E-05    3.217711446898E-05
    2.330149002316E-04   -1.284454510171E-05    3.937249636585E-05    7.269119139615E-05   -1.488082608979E-04    0.000000000000E+00    1.404536438889E-04    7.090368158327E-05   -4.878483261292E-05    3.759753124328E-05
    1.715623873800E-04   -1.021155033898E-05    3.006681113401E-05    4.975425262554E-05   -7.542139007542E-05   -1.404536438889E-04    0.000000000000E+00    1.249359575197E-04   -6.304111795301E-05    4.346890662782E-05
    1.132701629085E-04   -8.420351603472E-06    2.433681038481E-05    3.834331270823E-05   -5.179578618375E-05   -7.090368158327E-05   -1.249359575197E-04    0.000000000000E+00   -1.074845193056E-04    5.435786944272E-05
   -6.482492263818E-05    7.005711432374E-06   -2.010195185726E-05   -3.104212959804E-05    3.996396022636E-05    4.878483261292E-05    6.304111795301E-05    1.074845193056E-04    0.000000000000E+00   -9.086901822297E-05
    2.743225688366E-05   -5.774438630565E-06    1.654362074098E-05    2.540683411766E-05   -3.217711446898E-05   -3.759753124328E-05   -4.346890662783E-05   -5.435786944272E-05    9.086901822296E-05    0.000000000000E+00
   37.816659686760765     
    0.000000000000E+00   -8.431745050313E-05    2.204989925904E-04    2.836431334719E-04   -2.777754304153E-04   -2.312029595996E-04   -1.711017284431E-04   -1.137253341298E-04    6.581012255374E-05   -2.867143430845E-05
    8.431745050313E-05    0.000000000000E+00   -5.014900346065E-05   -2.601634070303E-05    1.708560471381E-05    1.263104449646E-05    1.003997785557E-05    8.282190662593E-06   -6.898724055256E-06    5.696963210562E-06
   -2.204989925904E-04    5.014900346064E-05    0.000000000000E+00    1.101427661465E-04   -5.716924785049E-05   -3.876349997672E-05   -2.959348464666E-05   -2.395885863771E-05    1.980891552662E-05   -1.633073697455E-05
   -2.836431334719E-04    2.601634070303E-05   -1.101427661465E-04    0.000000000000E+00   -1.402293102526E-04   -7.171121810657E-05   -4.906651041972E-05   -3.780966335513E-05    3.062829306357E-05   -2.510352465706E-05
    2.777754304153E-04   -1.708560471381E-05    5.716924785049E-05    1.402293102526E-04    0.000000000000E+00    1.471313351545E-04    7.456164853814E-05    5.118649783470E-05   -3.949729166184E-05    3.182985612005E-05
    2.312029595996E-04   -1.263104449646E-05    3.876349997672E-05    7.171121810657E-05   -1.471313351545E-04    0.000000000000E+00    1.391872046494E-04    7.024418898694E-05   -4.831294482633E-05    3.724235082545E-05
    1.711017284431E-04   -1.003997785557E-05    2.959348464666E-05    4.906651041972E-05   -7.456164853814E-05   -1.391872046494E-04    0.000000000000E+00    1.240655984243E-04   -6.257499365010E-05    4.313028963606E-05
    1.137253341298E-04   -8.282190662593E-06    2.395885863771E-05    3.780966335513E-05   -5.118649783471E-05   -7.024418898694E-05   -1.240655984243E-04    0.000000000000E+00   -1.069261095776E-04    5.404418898468E-05
   -6.581012255375E-05    6.898724055256E-06   -1.980891552661E-05   -3.062829306357E-05    3.949729166184E-05    4.831294482633E-05    6.257499365010E-05    1.069261095776E-04    0.000000000000E+00   -9.053165187761E-05
    2.867143430844E-05   -5.696963210562E-06    1.633073697455E-05    2.510352465706E-05   -3.182985612005E-05   -3.724235082544E-05   -4.313028963606E-05   -5.404418898468E-05    9.053165187761E-05    0.000000000000E+00
   38.034937205777595     
    0.000000000000E+00   -8.260108207322E-05    2.163650518841E-04    2.791403819146E-04   -2.743948037894E-04   -2.293808243877E-04   -1.706112165833E-04   -1.141447146686E-04    6.676106909265E-05   -2.988112550875E-05
    8.260108207322E-05    0.000000000000E+00   -4.930363050710E-05   -2.559092865664E-05    1.680762567979E-05    1.242182205643E-05    9.871771656912E-06    8.146462031940E-06   -6.793227396188E-06    5.620134557476E-06
   -2.163650518841E-04    4.930363050710E-05    0.000000000000E+00    1.084350271166E-04   -5.629987816615E-05   -3.816551802599E-05   -2.912871115590E-05   -2.358711298236E-05    1.951967774716E-05   -1.611942862174E-05
   -2.791403819146E-04    2.559092865664E-05   -1.084350271167E-04    0.000000000000E+00   -1.383312076288E-04   -7.074538006621E-05   -4.838915029197E-05   -3.728363107361E-05    3.021917928303E-05   -2.480207650153E-05
    2.743948037895E-04   -1.680762567979E-05    5.629987816615E-05    1.383312076288E-04    0.000000000000E+00    1.454707369406E-04    7.371114925734E-05    5.058404851693E-05   -3.903509718505E-05    3.148440757854E-05
    2.293808243877E-04   -1.242182205643E-05    3.816551802599E-05    7.074538006621E-05   -1.454707369406E-04    0.000000000000E+00    1.379274918282E-04    6.958921527855E-05   -4.784445405926E-05    3.688881633829E-05
    1.706112165833E-04   -9.871771656912E-06    2.912871115590E-05    4.838915029197E-05   -7.371114925734E-05   -1.379274918282E-04    0.000000000000E+00    1.231958933613E-04   -6.211033269656E-05    4.279285602768E-05
    1.141447146686E-04   -8.146462031939E-06    2.358711298236E-05    3.728363107361E-05   -5.058404851693E-05   -6.958921527856E-05   -1.231958933613E-04    0.000000000000E+00   -1.063654631349E-04    5.373046674820E-05
   -6.676106909265E-05    6.793227396188E-06   -1.951967774716E-05   -3.021917928303E-05    3.903509718505E-05    4.784445405926E-05    6.211033269656E-05    1.063654631349E-04    0.000000000000E+00   -9.019114152524E-05
    2.988112550876E-05   -5.620134557477E-06    1.611942862174E-05    2.480207650153E-05   -3.148440757854E-05   -3.688881633830E-05   -4.279285602768E-05   -5.373046674820E-05    9.019114152524E-05    0.000000000000E+00
   38.253842861539816     
    0.000000000000E+00   -8.092451099234E-05    2.123161977552E-04    2.747080030268E-04   -2.710416345915E-04   -2.275494590765E-04   -1.700918347643E-04   -1.145290725676E-04    6.767828424501E-05   -3.106164010416E-05
    8.092451099234E-05    0.000000000000E+00   -4.847463020614E-05   -2.517353931016E-05    1.653501209182E-05    1.221677557061E-05    9.706860573440E-06    8.013129196191E-06   -6.689216374286E-06    5.543970471397E-06
   -2.123161977552E-04    4.847463020614E-05    0.000000000000E+00    1.067566292928E-04   -5.544550564132E-05   -3.757831601383E-05   -2.867232624238E-05   -2.322149098466E-05    1.923423476191E-05   -1.590975168593E-05
   -2.747080030268E-04    2.517353931016E-05   -1.067566292928E-04    0.000000000000E+00   -1.364593733780E-04   -6.979345485920E-05   -4.772201091766E-05   -3.676513528994E-05    2.981479826112E-05   -2.450257658006E-05
    2.710416345914E-04   -1.653501209182E-05    5.544550564133E-05    1.364593733779E-04    0.000000000000E+00    1.438263769116E-04    7.286980955865E-05    4.998838893886E-05   -3.857739408741E-05    3.114085929665E-05
    2.275494590765E-04   -1.221677557061E-05    3.757831601383E-05    6.979345485920E-05   -1.438263769116E-04    0.000000000000E+00    1.366745691742E-04    6.893876160563E-05   -4.737937615172E-05    3.653699340717E-05
    1.700918347643E-04   -9.706860573440E-06    2.867232624238E-05    4.772201091766E-05   -7.286980955865E-05   -1.366745691742E-04    0.000000000000E+00    1.223269395904E-04   -6.164715950564E-05    4.245663880497E-05
    1.145290725676E-04   -8.013129196191E-06    2.322149098466E-05    3.676513528994E-05   -4.998838893886E-05   -6.893876160563E-05   -1.223269395904E-04    0.000000000000E+00   -1.058026540749E-04    5.341672007498E-05
   -6.767828424501E-05    6.689216374287E-06   -1.923423476191E-05   -2.981479826112E-05    3.857739408742E-05    4.737937615171E-05    6.164715950564E-05    1.058026540749E-04    0.000000000000E+00   -8.984752603031E-05
    3.106164010416E-05   -5.543970471397E-06    1.590975168593E-05    2.450257658006E-05   -3.114085929665E-05   -3.653699340717E-05   -4.245663880497E-05   -5.341672007498E-05    8.984752603032E-05    0.000000000000E+00
   38.473376654047392     
    0.000000000000E+00   -7.928671064597E-05    2.083505894915E-04    2.703451313237E-04   -2.677163157731E-04   -2.257098525674E-04   -1.695445931983E-04   -1.148792043828E-04    6.856231725133E-05   -3.221331269859E-05
    7.928671064597E-05    0.000000000000E+00   -4.766165572892E-05   -2.476400421521E-05    1.626764381626E-05    1.201580993523E-05    9.545177832168E-06    7.882157819615E-06   -6.586686557290E-06    5.468488569943E-06
   -2.083505894915E-04    4.766165572893E-05    0.000000000000E+00    1.051070538060E-04   -5.460584881001E-05   -3.700167899254E-05   -2.822417753702E-05   -2.286191631719E-05    1.895258474171E-05   -1.570176174928E-05
   -2.703451313237E-04    2.476400421521E-05   -1.051070538060E-04    0.000000000000E+00   -1.346135040340E-04   -6.885525147004E-05   -4.706494967697E-05   -3.625410551795E-05    2.941516397948E-05   -2.420511209455E-05
    2.677163157731E-04   -1.626764381626E-05    5.460584881001E-05    1.346135040340E-04    0.000000000000E+00    1.421982248692E-04    7.203757510129E-05    4.939948563623E-05   -3.812420757863E-05    3.079930452454E-05
    2.257098525674E-04   -1.201580993523E-05    3.700167899254E-05    6.885525147005E-05   -1.421982248692E-04    0.000000000000E+00    1.354285553391E-04    6.829285459543E-05   -4.691774090814E-05    3.618695474837E-05
    1.695445931983E-04   -9.545177832168E-06    2.822417753702E-05    4.706494967697E-05   -7.203757510129E-05   -1.354285553390E-04    0.000000000000E+00    1.214588844964E-04   -6.118552144985E-05    4.212168364715E-05
    1.148792043828E-04   -7.882157819615E-06    2.286191631719E-05    3.625410551795E-05   -4.939948563622E-05   -6.829285459543E-05   -1.214588844964E-04    0.000000000000E+00   -1.052378009630E-04    5.310298663161E-05
   -6.856231725133E-05    6.586686557290E-06   -1.895258474171E-05   -2.941516397948E-05    3.812420757863E-05    4.691774090814E-05    6.118552144985E-05    1.052378009630E-04    0.000000000000E+00   -8.950088267114E-05
    3.221331269859E-05   -5.468488569943E-06    1.570176174928E-05    2.420511209455E-05   -3.079930452453E-05   -3.618695474837E-05   -4.212168364715E-05   -5.310298663161E-05    8.950088267113E-05    0.000000000000E+00
   38.693538583300359     
    0.000000000000E+00   -7.768667292394E-05    2.044663979707E-04    2.660508616386E-04   -2.644191698534E-04   -2.238629269340E-04   -1.689704523043E-04   -1.151958729591E-04    6.941369557522E-05   -3.333646475705E-05
    7.768667292394E-05    0.000000000000E+00   -4.686435406210E-05   -2.436215173582E-05    1.600539938824E-05    1.181882936403E-05    9.386655661811E-06    7.753511915934E-06   -6.485631379662E-06    5.393704221522E-06
   -2.044663979707E-04    4.686435406210E-05    0.000000000000E+00    1.034857598350E-04   -5.378061661508E-05   -3.643538688753E-05   -2.778410819620E-05   -2.250830723197E-05    1.867471950218E-05   -1.549550786451E-05
   -2.660508616386E-04    2.436215173582E-05   -1.034857598350E-04    0.000000000000E+00   -1.327932578985E-04   -6.793056204668E-05   -4.641781323365E-05   -3.575046172778E-05    2.902028064309E-05   -2.390976054637E-05
    2.644191698534E-04   -1.600539938825E-05    5.378061661508E-05    1.327932578985E-04    0.000000000000E+00    1.405862049933E-04    7.121437103325E-05    4.881729149642E-05   -3.767555114661E-05    3.045982549121E-05
    2.238629269340E-04   -1.181882936403E-05    3.643538688753E-05    6.793056204669E-05   -1.405862049933E-04    0.000000000000E+00    1.341895253628E-04    6.765150113711E-05   -4.645956496075E-05    3.583876207457E-05
    1.689704523043E-04   -9.386655661811E-06    2.778410819620E-05    4.641781323365E-05   -7.121437103325E-05   -1.341895253628E-04    0.000000000000E+00    1.205918381449E-04   -6.072544906935E-05    4.178802507349E-05
    1.151958729591E-04   -7.753511915934E-06    2.250830723197E-05    3.575046172778E-05   -4.881729149643E-05   -6.765150113711E-05   -1.205918381449E-04    0.000000000000E+00   -1.046709917849E-04    5.278929038154E-05
   -6.941369557522E-05    6.485631379662E-06   -1.867471950218E-05   -2.902028064309E-05    3.767555114661E-05    4.645956496075E-05    6.072544906935E-05    1.046709917849E-04    0.000000000000E+00   -8.915126387841E-05
    3.333646475705E-05   -5.393704221523E-06    1.549550786451E-05    2.390976054637E-05   -3.045982549121E-05   -3.583876207457E-05   -4.178802507349E-05   -5.278929038154E-05    8.915126387840E-05    0.000000000000E+00
   38.914328649298682     
    0.000000000000E+00   -7.612342366327E-05    2.006618483533E-04    2.618243077372E-04   -2.611505099911E-04   -2.220095924468E-04   -1.683703686705E-04   -1.154798443421E-04    7.023295388881E-05   -3.443142705130E-05
    7.612342366327E-05    0.000000000000E+00   -4.608238750446E-05   -2.396781796928E-05    1.574816276664E-05    1.162574192563E-05    9.231228503942E-06    7.627156201987E-06   -6.386043901564E-06    5.319631870326E-06
   -2.006618483533E-04    4.608238750446E-05    0.000000000000E+00    1.018922318660E-04   -5.296953181759E-05   -3.587922903443E-05   -2.735196678986E-05   -2.216058364335E-05    1.840062972716E-05   -1.529103646132E-05
   -2.618243077372E-04    2.396781796928E-05   -1.018922318660E-04    0.000000000000E+00   -1.309983150150E-04   -6.701919060261E-05   -4.578045517239E-05   -3.525412632320E-05    2.863015125090E-05   -2.361659604179E-05
    2.611505099911E-04   -1.574816276664E-05    5.296953181759E-05    1.309983150150E-04    0.000000000000E+00    1.389902584698E-04    7.040013123047E-05    4.824176355100E-05   -3.723143858562E-05    3.012250198750E-05
    2.220095924468E-04   -1.162574192563E-05    3.587922903442E-05    6.701919060260E-05   -1.389902584698E-04    0.000000000000E+00    1.329575695919E-04    6.701471548430E-05   -4.600486815257E-05    3.549247714199E-05
    1.683703686705E-04   -9.231228503942E-06    2.735196678986E-05    4.578045517239E-05   -7.040013123047E-05   -1.329575695919E-04    0.000000000000E+00    1.197259256255E-04   -6.026697994031E-05    4.145570082908E-05
    1.154798443421E-04   -7.627156201987E-06    2.216058364335E-05    3.525412632320E-05   -4.824176355100E-05   -6.701471548430E-05   -1.197259256255E-04    0.000000000000E+00   -1.041023289733E-04    5.247566203835E-05
   -7.023295388881E-05    6.386043901564E-06   -1.840062972716E-05   -2.863015125090E-05    3.723143858562E-05    4.600486815257E-05    6.026697994031E-05    1.041023289733E-04    0.000000000000E+00   -8.879873531722E-05
    3.443142705130E-05   -5.319631870325E-06    1.529103646132E-05    2.361659604179E-05   -3.012250198750E-05   -3.549247714199E-05   -4.145570082908E-05   -5.247566203835E-05    8.879873531723E-05    0.000000000000E+00
   39.135746852042388     
    0.000000000000E+00   -7.459601228408E-05    1.969351939819E-04    2.576645691791E-04   -2.579106057784E-04   -2.201507158654E-04   -1.677452677446E-04   -1.157318653176E-04    7.102061606951E-05   -3.549852541363E-05
    7.459601228408E-05    0.000000000000E+00   -4.531542055472E-05   -2.358084004655E-05    1.549581913597E-05    1.143645672682E-05    9.078831072914E-06    7.503054736699E-06   -6.287915831050E-06    5.246284311435E-06
   -1.969351939819E-04    4.531542055472E-05    0.000000000000E+00    1.003259511755E-04   -5.217231672043E-05   -3.533299528073E-05   -2.692760135430E-05   -2.181866301330E-05    1.813030203738E-05   -1.508838918836E-05
   -2.576645691791E-04    2.358084004655E-05   -1.003259511755E-04    0.000000000000E+00   -1.292283411754E-04   -6.612093564856E-05   -4.515272537020E-05   -3.476501706523E-05    2.824477266094E-05   -2.332568571691E-05
    2.579106057784E-04   -1.549581913597E-05    5.217231672044E-05    1.292283411754E-04    0.000000000000E+00    1.374103056077E-04    6.959478050728E-05    4.767285219720E-05   -3.679187681065E-05    2.978740630763E-05
    2.201507158654E-04   -1.143645672682E-05    3.533299528074E-05    6.612093564857E-05   -1.374103056077E-04    0.000000000000E+00    1.317327574735E-04    6.638250249716E-05   -4.555366342303E-05    3.514815498375E-05
    1.677452677446E-04   -9.078831072914E-06    2.692760135430E-05    4.515272537020E-05   -6.959478050728E-05   -1.317327574735E-04    0.000000000000E+00    1.188612542861E-04   -5.981014362494E-05    4.112474280535E-05
    1.157318653176E-04   -7.503054736699E-06    2.181866301330E-05    3.476501706523E-05   -4.767285219719E-05   -6.638250249715E-05   -1.188612542861E-04    0.000000000000E+00   -1.035319006900E-04    5.216212591230E-05
   -7.102061606951E-05    6.287915831050E-06   -1.813030203739E-05   -2.824477266094E-05    3.679187681065E-05    4.555366342303E-05    5.981014362494E-05    1.035319006900E-04    0.000000000000E+00   -8.844335114434E-05
    3.549852541363E-05   -5.246284311435E-06    1.508838918836E-05    2.332568571691E-05   -2.978740630763E-05   -3.514815498374E-05   -4.112474280535E-05   -5.216212591230E-05    8.844335114434E-05    0.000000000000E+00
   39.357793191531457     
    0.000000000000E+00   -7.310352073221E-05    1.932847417757E-04    2.535707671607E-04   -2.546997212438E-04   -2.182871550760E-04   -1.670960731236E-04   -1.159526872916E-04    7.177721426963E-05   -3.653809576176E-05
    7.310352073221E-05    0.000000000000E+00   -4.456313329654E-05   -2.320106296799E-05    1.524825915926E-05    1.125088679467E-05    8.929400424541E-06    7.381172464288E-06   -6.191238697652E-06    5.173673587779E-06
   -1.932847417757E-04    4.456313329654E-05    0.000000000000E+00    9.878642560102E-05   -5.138870801023E-05   -3.479648527939E-05   -2.651086579387E-05   -2.148246501166E-05    1.786372248506E-05   -1.488760556458E-05
   -2.535707671607E-04    2.320106296799E-05   -9.878642560102E-05    0.000000000000E+00   -1.274830263173E-04   -6.523560871801E-05   -4.453448150487E-05   -3.428305499844E-05    2.786414135100E-05   -2.303709403803E-05
    2.546997212438E-04   -1.524825915926E-05    5.138870801022E-05    1.274830263173E-04    0.000000000000E+00    1.358462866706E-04    6.879825387292E-05    4.711051306132E-05   -3.635687399217E-05    2.945460913932E-05
    2.182871550760E-04   -1.125088679467E-05    3.479648527939E-05    6.523560871801E-05   -1.358462866706E-04    0.000000000000E+00    1.305151767609E-04    6.575487588585E-05   -4.510596798005E-05    3.480585155091E-05
    1.670960731236E-04   -8.929400424542E-06    2.651086579387E-05    4.453448150487E-05   -6.879825387292E-05   -1.305151767609E-04    0.000000000000E+00    1.179979493805E-04   -5.935497813157E-05    4.079518709611E-05
    1.159526872916E-04   -7.381172464288E-06    2.148246501166E-05    3.428305499844E-05   -4.711051306133E-05   -6.575487588586E-05   -1.179979493805E-04    0.000000000000E+00   -1.029598122974E-04    5.184871439779E-05
   -7.177721426963E-05    6.191238697652E-06   -1.786372248506E-05   -2.786414135100E-05    3.635687399217E-05    4.510596798005E-05    5.935497813157E-05    1.029598122974E-04    0.000000000000E+00   -8.808518137609E-05
    3.653809576176E-05   -5.173673587780E-06    1.488760556458E-05    2.303709403803E-05   -2.945460913932E-05   -3.480585155091E-05   -4.079518709611E-05   -5.184871439778E-05    8.808518137610E-05    0.000000000000E+00
   39.580467667765909     
    0.000000000000E+00   -7.164505762491E-05    1.897088380707E-04    2.495420272638E-04   -2.515180972495E-04   -2.164197426065E-04   -1.664236921404E-04   -1.161430542680E-04    7.250327915176E-05   -3.755047625446E-05
    7.164505762492E-05    0.000000000000E+00   -4.382521415471E-05   -2.282833589678E-05    1.500537664120E-05    1.106894750579E-05    8.782874882449E-06    7.261474472795E-06   -6.096003328314E-06    5.101810604139E-06
   -1.897088380707E-04    4.382521415470E-05    0.000000000000E+00    9.727317389308E-05   -5.061844888195E-05   -3.426950356313E-05   -2.610161660242E-05   -2.115190927448E-05    1.760087497865E-05   -1.468872182658E-05
   -2.495420272638E-04    2.282833589678E-05   -9.727317389309E-05    0.000000000000E+00   -1.257620647944E-04   -6.436302479761E-05   -4.392558319051E-05   -3.380816056510E-05    2.748825073111E-05   -2.275088086292E-05
    2.515180972495E-04   -1.500537664120E-05    5.061844888195E-05    1.257620647944E-04    0.000000000000E+00    1.342981409856E-04    6.801048666393E-05    4.655470100595E-05   -3.592643556741E-05    2.912417675975E-05
    2.164197426065E-04   -1.106894750579E-05    3.426950356313E-05    6.436302479761E-05   -1.342981409856E-04    0.000000000000E+00    1.293049132914E-04    6.513184878386E-05   -4.466179758489E-05    3.446561987870E-05
    1.664236921404E-04   -8.782874882449E-06    2.610161660242E-05    4.392558319051E-05   -6.801048666392E-05   -1.293049132914E-04    0.000000000000E+00    1.171361354558E-04   -5.890152129159E-05    4.046706875742E-05
    1.161430542680E-04   -7.261474472795E-06    2.115190927448E-05    3.380816056511E-05   -4.655470100594E-05   -6.513184878386E-05   -1.171361354558E-04    0.000000000000E+00   -1.023861697218E-04    5.153546027125E-05
   -7.250327915177E-05    6.096003328314E-06   -1.760087497865E-05   -2.748825073111E-05    3.592643556741E-05    4.466179758490E-05    5.890152129158E-05    1.023861697218E-04    0.000000000000E+00   -8.772429723408E-05
    3.755047625446E-05   -5.101810604139E-06    1.468872182658E-05    2.275088086292E-05   -2.912417675975E-05   -3.446561987870E-05   -4.046706875742E-05   -5.153546027125E-05    8.772429723408E-05    0.000000000000E+00
   39.803770280745724     
    0.000000000000E+00   -7.021974700157E-05    1.862058397870E-04    2.455774420438E-04   -2.483659123185E-04   -2.145492490219E-04   -1.657289841677E-04   -1.163036767451E-04    7.319931899724E-05   -3.853599083368E-05
    7.021974700157E-05    0.000000000000E+00   -4.310134569660E-05   -2.246250489317E-05    1.476706396558E-05    1.089055351560E-05    8.639191911867E-06    7.143924495853E-06   -6.002198769240E-06    5.030704330432E-06
   -1.862058397870E-04    4.310134569660E-05    0.000000000000E+00    9.578569471978E-05   -4.986127348555E-05   -3.375184983134E-05   -2.569970634799E-05   -2.082691088307E-05    1.734173805994E-05   -1.449176856436E-05
   -2.455774420438E-04    2.246250489317E-05   -9.578569471978E-05    0.000000000000E+00   -1.240651159961E-04   -6.350298332001E-05   -4.332588033212E-05   -3.334024584782E-05    2.711708573757E-05   -2.246709754019E-05
    2.483659123185E-04   -1.476706396558E-05    4.986127348555E-05    1.240651159962E-04    0.000000000000E+00    1.327657654747E-04    6.723139508544E-05    4.600535836554E-05   -3.550055641852E-05    2.879616555532E-05
    2.145492490219E-04   -1.089055351560E-05    3.375184983134E-05    6.350298332001E-05   -1.327657654747E-04    0.000000000000E+00    1.281020114697E-04    6.451341554211E-05   -4.422115561959E-05    3.412750281752E-05
    1.657289841677E-04   -8.639191911867E-06    2.569970634799E-05    4.332588033212E-05   -6.723139508544E-05   -1.281020114697E-04    0.000000000000E+00    1.162759009498E-04   -5.844979461370E-05    4.014041214622E-05
    1.163036767451E-04   -7.143924495853E-06    2.082691088307E-05    3.334024584781E-05   -4.600535836554E-05   -6.451341554211E-05   -1.162759009498E-04    0.000000000000E+00   -1.018110489098E-04    5.122238284384E-05
   -7.319931899724E-05    6.002198769240E-06   -1.734173805994E-05   -2.711708573758E-05    3.550055641852E-05    4.422115561959E-05    5.844979461371E-05    1.018110489098E-04    0.000000000000E+00   -8.736074538522E-05
    3.853599083368E-05   -5.030704330432E-06    1.449176856436E-05    2.246709754019E-05   -2.879616555532E-05   -3.412750281752E-05   -4.014041214622E-05   -5.122238284384E-05    8.736074538523E-05    0.000000000000E+00
   40.027701030470915     
    0.000000000000E+00   -6.882674863907E-05    1.827741701563E-04    2.416761478527E-04   -2.452433640553E-04   -2.126764578255E-04   -1.650128243938E-04   -1.164352837394E-04    7.386586112225E-05   -3.949498170483E-05
    6.882674863907E-05    0.000000000000E+00   -4.239123298084E-05   -2.210342739789E-05    1.453322112811E-05    1.071562485709E-05    8.498292440558E-06    7.028488075441E-06   -5.909814649935E-06    4.960363589628E-06
   -1.827741701563E-04    4.239123298084E-05    0.000000000000E+00    9.432352927617E-05   -4.911693819088E-05   -3.324333848108E-05   -2.530499699136E-05   -2.050738990076E-05    1.708629193908E-05   -1.429677600071E-05
   -2.416761478527E-04    2.210342739789E-05   -9.432352927618E-05    0.000000000000E+00   -1.223918846969E-04   -6.265530686946E-05   -4.273523701965E-05   -3.287923082021E-05    2.675063447138E-05   -2.218579549465E-05
    2.452433640553E-04   -1.453322112811E-05    4.911693819088E-05    1.223918846969E-04    0.000000000000E+00    1.312490995945E-04    6.646091611738E-05    4.546243931584E-05   -3.507923737668E-05    2.847063382050E-05
    2.126764578255E-04   -1.071562485709E-05    3.324333848108E-05    6.265530686946E-05   -1.312490995945E-04    0.000000000000E+00    1.269065552617E-04    6.389958916247E-05   -4.378405578275E-05    3.379154836165E-05
    1.650128243938E-04   -8.498292440558E-06    2.530499699136E-05    4.273523701965E-05   -6.646091611738E-05   -1.269065552617E-04    0.000000000000E+00    1.154173709346E-04   -5.799983658738E-05    3.981525103758E-05
    1.164352837394E-04   -7.028488075441E-06    2.050738990076E-05    3.287923082021E-05   -4.546243931584E-05   -6.389958916247E-05   -1.154173709346E-04    0.000000000000E+00   -1.012345589512E-04    5.090951671795E-05
   -7.386586112225E-05    5.909814649935E-06   -1.708629193908E-05   -2.675063447138E-05    3.507923737667E-05    4.378405578275E-05    5.799983658738E-05    1.012345589512E-04    0.000000000000E+00   -8.699460167127E-05
    3.949498170483E-05   -4.960363589628E-06    1.429677600071E-05    2.218579549465E-05   -2.847063382050E-05   -3.379154836165E-05   -3.981525103758E-05   -5.090951671795E-05    8.699460167127E-05    0.000000000000E+00
   40.252259916941476     
    0.000000000000E+00   -6.746524018019E-05    1.794122721322E-04    2.378372634402E-04   -2.421506047804E-04   -2.108021056485E-04   -1.642760522337E-04   -1.165385802915E-04    7.450341778856E-05   -4.042778238384E-05
    6.746524018019E-05    0.000000000000E+00   -4.169458003760E-05   -2.175096020013E-05    1.430374819131E-05    1.054408185027E-05    8.360117302082E-06    6.915130019614E-06   -5.818839327246E-06    4.890795672490E-06
   -1.794122721322E-04    4.169458003760E-05    0.000000000000E+00    9.288620978007E-05   -4.838519576376E-05   -3.274378245519E-05   -2.491734897466E-05   -2.019326370790E-05    1.683451295723E-05   -1.410376988866E-05
   -2.378372634402E-04    2.175096020012E-05   -9.288620978006E-05    0.000000000000E+00   -1.207420553369E-04   -6.181980943007E-05   -4.215351198478E-05   -3.242503020592E-05    2.638887893381E-05   -2.190701947363E-05
    2.421506047804E-04   -1.430374819131E-05    4.838519576376E-05    1.207420553369E-04    0.000000000000E+00    1.297480558410E-04    6.569897480825E-05    4.492588997152E-05   -3.466247186505E-05    2.814763230209E-05
    2.108021056485E-04   -1.054408185027E-05    3.274378245519E-05    6.181980943007E-05   -1.297480558410E-04    0.000000000000E+00    1.257186016152E-04    6.329037047247E-05   -4.335050344489E-05    3.345779713167E-05
    1.642760522337E-04   -8.360117302083E-06    2.491734897466E-05    4.215351198478E-05   -6.569897480825E-05   -1.257186016152E-04    0.000000000000E+00    1.145606469350E-04   -5.755167507137E-05    3.949161196156E-05
    1.165385802915E-04   -6.915130019614E-06    2.019326370790E-05    3.242503020592E-05   -4.492588997152E-05   -6.329037047246E-05   -1.145606469350E-04    0.000000000000E+00   -1.006567895210E-04    5.059688777340E-05
   -7.450341778856E-05    5.818839327246E-06   -1.683451295723E-05   -2.638887893382E-05    3.466247186506E-05    4.335050344489E-05    5.755167507137E-05    1.006567895210E-04    0.000000000000E+00   -8.662592607230E-05
    4.042778238384E-05   -4.890795672490E-06    1.410376988866E-05    2.190701947363E-05   -2.814763230209E-05   -3.345779713167E-05   -3.949161196156E-05   -5.059688777340E-05    8.662592607230E-05    0.000000000000E+00
   40.477446940157414     
    0.000000000000E+00   -6.613442532514E-05    1.761186315154E-04    2.340599227656E-04   -2.390877767058E-04   -2.089269146604E-04   -1.635194989639E-04   -1.166142701270E-04    7.511250438268E-05   -4.133473207832E-05
    6.613442532514E-05    0.000000000000E+00   -4.101110209720E-05   -2.140496569910E-05    1.407854919333E-05    1.037584775438E-05    8.224609138303E-06    6.803815821080E-06   -5.729260965866E-06    4.822007166767E-06
   -1.761186315154E-04    4.101110209720E-05    0.000000000000E+00    9.147328667460E-05   -4.766580897557E-05   -3.225300177832E-05   -2.453662710155E-05   -1.988445128070E-05    1.658637679833E-05   -1.391277395639E-05
   -2.340599227656E-04    2.140496569910E-05   -9.147328667460E-05    0.000000000000E+00   -1.191153273068E-04   -6.099631344562E-05   -4.158056921035E-05   -3.197756078659E-05    2.603180034073E-05   -2.163081152271E-05
    2.390877767057E-04   -1.407854919333E-05    4.766580897557E-05    1.191153273068E-04    0.000000000000E+00    1.282625574401E-04    6.494550208457E-05    4.439565936546E-05   -3.425025342834E-05    2.782720965537E-05
    2.089269146604E-04   -1.037584775438E-05    3.225300177832E-05    6.099631344562E-05   -1.282625574401E-04    0.000000000000E+00    1.245382168146E-04    6.268576505856E-05   -4.292050601775E-05    3.312628946428E-05
    1.635194989639E-04   -8.224609138303E-06    2.453662710154E-05    4.158056921035E-05   -6.494550208457E-05   -1.245382168146E-04    0.000000000000E+00    1.137058400647E-04   -5.710534259261E-05    3.916952354297E-05
    1.166142701270E-04   -6.803815821080E-06    1.988445128070E-05    3.197756078659E-05   -4.439565936546E-05   -6.268576505856E-05   -1.137058400647E-04    0.000000000000E+00   -1.000778401292E-04    5.028452662159E-05
   -7.511250438268E-05    5.729260965866E-06   -1.658637679833E-05   -2.603180034072E-05    3.425025342834E-05    4.292050601774E-05    5.710534259261E-05    1.000778401292E-04    0.000000000000E+00   -8.625478810596E-05
    4.133473207832E-05   -4.822007166767E-06    1.391277395639E-05    2.163081152271E-05   -2.782720965537E-05   -3.312628946428E-05   -3.916952354297E-05   -5.028452662159E-05    8.625478810597E-05    0.000000000000E+00
   40.703262100118714     
    0.000000000000E+00   -6.483352963105E-05    1.728917668733E-04    2.303432627592E-04   -2.360549993584E-04   -2.070515805609E-04   -1.627439769857E-04   -1.166630465251E-04    7.569363188092E-05   -4.221616955658E-05
    6.483352963105E-05    0.000000000000E+00   -4.034052038683E-05   -2.106530922892E-05    1.385753044673E-05    1.021084761305E-05    8.091711604564E-06    6.694511107442E-06   -5.641067151406E-06    4.754003674126E-06
   -1.728917668733E-04    4.034052038684E-05    0.000000000000E+00    9.008431736352E-05   -4.695854488739E-05   -3.177081994948E-05   -2.416269811959E-05   -1.958087153493E-05    1.634185732940E-05   -1.372380906388E-05
   -2.303432627592E-04    2.106530922892E-05   -9.008431736353E-05    0.000000000000E+00   -1.175114005900E-04   -6.018464279990E-05   -4.101627359767E-05   -3.153673851958E-05    2.567937713031E-05   -2.135720955448E-05
    2.360549993584E-04   -1.385753044673E-05    4.695854488739E-05    1.175114005900E-04    0.000000000000E+00    1.267925229771E-04    6.420042743681E-05    4.387169498159E-05   -3.384257275263E-05    2.750941035165E-05
    2.070515805609E-04   -1.021084761305E-05    3.177081994948E-05    6.018464279990E-05   -1.267925229771E-04    0.000000000000E+00    1.233654613975E-04    6.208577618898E-05   -4.249406864556E-05    3.279706251800E-05
    1.627439769857E-04   -8.091711604564E-06    2.416269811959E-05    4.101627359767E-05   -6.420042743681E-05   -1.233654613975E-04    0.000000000000E+00    1.128530569541E-04   -5.666086979563E-05    3.884901250903E-05
    1.166630465251E-04   -6.694511107442E-06    1.958087153493E-05    3.153673851958E-05   -4.387169498159E-05   -6.208577618898E-05   -1.128530569541E-04    0.000000000000E+00   -9.949780741158E-05    4.997246270171E-05
   -7.569363188091E-05    5.641067151407E-06   -1.634185732940E-05   -2.567937713031E-05    3.384257275263E-05    4.249406864556E-05    5.666086979563E-05    9.949780741158E-05    0.000000000000E+00   -8.588125554279E-05
    4.221616955658E-05   -4.754003674126E-06    1.372380906388E-05    2.135720955448E-05   -2.750941035165E-05   -3.279706251800E-05   -3.884901250903E-05   -4.997246270171E-05    8.588125554278E-05    0.000000000000E+00
   40.929705396825405     
    0.000000000000E+00   -6.356178981955E-05    1.697302017134E-04    2.266863865698E-04   -2.330523305296E-04   -2.051767355838E-04   -1.619502473393E-04   -1.166855651959E-04    7.624728487772E-05   -4.307241564463E-05
    6.356178981955E-05    0.000000000000E+00   -3.968254823949E-05   -2.073185191764E-05    1.364059602991E-05    1.004900519548E-05    7.961367229490E-06    6.587180116501E-06   -5.554243783476E-06    4.686788987663E-06
   -1.697302017134E-04    3.968254823949E-05    0.000000000000E+00    8.871883559111E-05   -4.626315940126E-05   -3.129705422166E-05   -2.379542413789E-05   -1.928243871121E-05    1.610092328160E-05   -1.353689075398E-05
   -2.266863865698E-04    2.073185191764E-05   -8.871883559111E-05    0.000000000000E+00   -1.159299364021E-04   -5.938460368621E-05   -4.046047915057E-05   -3.110247059620E-05    2.533157938225E-05   -2.108624329546E-05
    2.330523305296E-04   -1.364059602991E-05    4.626315940126E-05    1.159299364021E-04    0.000000000000E+00    1.253378243793E-04    6.346365906837E-05    4.335393066398E-05   -3.343940956555E-05    2.719426896355E-05
    2.051767355838E-04   -1.004900519548E-05    3.129705422166E-05    5.938460368621E-05   -1.253378243793E-04    0.000000000000E+00    1.222003495954E-04    6.149038600879E-05   -4.207118283891E-05    3.247014266355E-05
    1.619502473393E-04   -7.961367229491E-06    2.379542413789E-05    4.046047915057E-05   -6.346365906837E-05   -1.222003495954E-04    0.000000000000E+00    1.120023629632E-04   -5.621826856929E-05    3.853009352956E-05
    1.166855651959E-04   -6.587180116501E-06    1.928243871120E-05    3.110247059620E-05   -4.335393066398E-05   -6.149038600879E-05   -1.120023629632E-04    0.000000000000E+00   -9.891675301468E-05    4.966070963938E-05
   -7.624728487772E-05    5.554243783476E-06   -1.610092328160E-05   -2.533157938225E-05    3.343940956554E-05    4.207118283891E-05    5.621826856929E-05    9.891675301468E-05    0.000000000000E+00   -8.550536701463E-05
    4.307241564463E-05   -4.686788987663E-06    1.353689075398E-05    2.108624329546E-05   -2.719426896355E-05   -3.247014266355E-05   -3.853009352957E-05   -4.966070963938E-05    8.550536701464E-05    0.000000000000E+00
   41.156776830277444     
    0.000000000000E+00   -6.231848507470E-05    1.666325500495E-04    2.230884819923E-04   -2.300798935955E-04   -2.033030678350E-04   -1.611391231201E-04   -1.166825299331E-04    7.677399067745E-05   -4.390382807922E-05
    6.231848507470E-05    0.000000000000E+00   -3.903693504092E-05   -2.040447325997E-05    1.342766196603E-05    9.890252626166E-06    7.833524254695E-06    6.481790703793E-06   -5.468778820305E-06    4.620367932350E-06
   -1.666325500494E-04    3.903693504092E-05    0.000000000000E+00    8.737644912032E-05   -4.557944637228E-05   -3.083154648108E-05   -2.343468376031E-05   -1.898907752600E-05    1.586354943717E-05   -1.335203767184E-05
   -2.230884819923E-04    2.040447325997E-05   -8.737644912032E-05    0.000000000000E+00   -1.143706837531E-04   -5.859604600316E-05   -3.991306707042E-05   -3.067468142308E-05    2.498838745609E-05   -2.081794807212E-05
    2.300798935955E-04   -1.342766196603E-05    4.557944637229E-05    1.143706837531E-04    0.000000000000E+00    1.238984224117E-04    6.273514794089E-05    4.284232589701E-05   -3.304075931092E-05    2.688182928271E-05
    2.033030678350E-04   -9.890252626166E-06    3.083154648109E-05    5.859604600317E-05   -1.238984224117E-04    0.000000000000E+00    1.210429801953E-04    6.089961634472E-05   -4.165186348295E-05    3.214557054822E-05
    1.611391231201E-04   -7.833524254694E-06    2.343468376031E-05    3.991306707042E-05   -6.273514794089E-05   -1.210429801953E-04    0.000000000000E+00    1.111539010844E-04   -5.577758673603E-05    3.821280236581E-05
    1.166825299331E-04   -6.481790703793E-06    1.898907752600E-05    3.067468142308E-05   -4.284232589701E-05   -6.089961634472E-05   -1.111539010844E-04    0.000000000000E+00   -9.833480781904E-05    4.934931291820E-05
   -7.677399067745E-05    5.468778820305E-06   -1.586354943717E-05   -2.498838745609E-05    3.304075931092E-05    4.165186348295E-05    5.577758673603E-05    9.833480781903E-05    0.000000000000E+00   -8.512722147858E-05
    4.390382807922E-05   -4.620367932350E-06    1.335203767184E-05    2.081794807212E-05   -2.688182928271E-05   -3.214557054822E-05   -3.821280236581E-05   -4.934931291820E-05    8.512722147857E-05    0.000000000000E+00
   41.384476400474874     
    0.000000000000E+00   -6.110289995672E-05    1.635974173645E-04    2.195486874393E-04   -2.271377345382E-04   -2.014311869835E-04   -1.603113526156E-04   -1.166545955681E-04    7.727424088911E-05   -4.471073916762E-05
    6.110289995671E-05    0.000000000000E+00   -3.840341580302E-05   -2.008304522303E-05    1.321863992990E-05    9.734519326992E-06    7.708128831420E-06    6.378308694504E-06   -5.384658106465E-06    4.554743227002E-06
   -1.635974173645E-04    3.840341580302E-05    0.000000000000E+00    8.605672819313E-05   -4.490718147091E-05   -3.037412795094E-05   -2.308034804036E-05   -1.870070609363E-05    1.562970415598E-05   -1.316926225337E-05
   -2.195486874393E-04    2.008304522304E-05   -8.605672819313E-05    0.000000000000E+00   -1.128333355348E-04   -5.781879350933E-05   -3.937390250573E-05   -3.025328330067E-05    2.464977113200E-05   -2.055234949564E-05
    2.271377345382E-04   -1.321863992990E-05    4.490718147090E-05    1.128333355348E-04    0.000000000000E+00    1.224742129171E-04    6.201481510880E-05    4.233682135403E-05   -3.264660311978E-05    2.657212292838E-05
    2.014311869835E-04   -9.734519326992E-06    3.037412795094E-05    5.781879350932E-05   -1.224742129171E-04    0.000000000000E+00    1.198933880636E-04    6.031345974478E-05   -4.123610695815E-05    3.182337284758E-05
    1.603113526156E-04   -7.708128831420E-06    2.308034804036E-05    3.937390250573E-05   -6.201481510880E-05   -1.198933880636E-04    0.000000000000E+00    1.103077569974E-04   -5.533884599929E-05    3.789715832402E-05
    1.166545955681E-04   -6.378308694504E-06    1.870070609363E-05    3.025328330067E-05   -4.233682135403E-05   -6.031345974478E-05   -1.103077569974E-04    0.000000000000E+00   -9.775205361996E-05    4.903829576712E-05
   -7.727424088911E-05    5.384658106465E-06   -1.562970415598E-05   -2.464977113200E-05    3.264660311977E-05    4.123610695815E-05    5.533884599930E-05    9.775205361997E-05    0.000000000000E+00   -8.474687664887E-05
    4.471073916762E-05   -4.554743227002E-06    1.316926225337E-05    2.055234949564E-05   -2.657212292838E-05   -3.182337284758E-05   -3.789715832402E-05   -4.903829576712E-05    8.474687664888E-05    0.000000000000E+00
   41.612804107417666     
    0.000000000000E+00   -5.991433940603E-05    1.606234419855E-04    2.160661495868E-04   -2.242258838369E-04   -1.995616818759E-04   -1.594676688299E-04   -1.166024086821E-04    7.774852405507E-05   -4.549348152663E-05
    5.991433940603E-05    0.000000000000E+00   -3.778173235535E-05   -1.976744310924E-05    1.301344404877E-05    9.581736624069E-06    7.585128293635E-06    6.276700286899E-06   -5.301867177133E-06    4.489916855946E-06
   -1.606234419855E-04    3.778173235535E-05    0.000000000000E+00    8.475925257391E-05   -4.424614576734E-05   -2.992463397711E-05   -2.273229059403E-05   -1.841724319001E-05    1.539935475548E-05   -1.298857478202E-05
   -2.160661495868E-04    1.976744310924E-05   -8.475925257391E-05    0.000000000000E+00   -1.113175893374E-04   -5.705267323273E-05   -3.884285276617E-05   -2.983818884701E-05    2.431569853889E-05   -2.028947007509E-05
    2.242258838369E-04   -1.301344404878E-05    4.424614576735E-05    1.113175893374E-04    0.000000000000E+00    1.210650916323E-04    6.130258227355E-05    4.183735760643E-05   -3.225692051646E-05    2.626517845942E-05
    1.995616818759E-04   -9.581736624069E-06    2.992463397711E-05    5.705267323273E-05   -1.210650916323E-04    0.000000000000E+00    1.187516064063E-04    5.973190832498E-05   -4.082390867056E-05    3.150357413118E-05
    1.594676688299E-04   -7.585128293635E-06    2.273229059403E-05    3.884285276617E-05   -6.130258227355E-05   -1.187516064063E-04    0.000000000000E+00    1.094640152766E-04   -5.490206773012E-05    3.758317985585E-05
    1.166024086821E-04   -6.276700286899E-06    1.841724319001E-05    2.983818884701E-05   -4.183735760642E-05   -5.973190832498E-05   -1.094640152766E-04    0.000000000000E+00   -9.716857210636E-05    4.872768149772E-05
   -7.774852405507E-05    5.301867177132E-06   -1.539935475548E-05   -2.431569853889E-05    3.225692051646E-05    4.082390867055E-05    5.490206773012E-05    9.716857210636E-05    0.000000000000E+00   -8.436439077693E-05
    4.549348152663E-05   -4.489916855946E-06    1.298857478202E-05    2.028947007509E-05   -2.626517845942E-05   -3.150357413118E-05   -3.758317985585E-05   -4.872768149771E-05    8.436439077694E-05    0.000000000000E+00
   41.841759951105836     
    0.000000000000E+00   -5.875212462823E-05    1.577092848681E-04    2.126400105595E-04   -2.213443430782E-04   -1.976951077118E-04   -1.586087780449E-04   -1.165265979720E-04    7.819731782611E-05   -4.625238185252E-05
    5.875212462823E-05    0.000000000000E+00   -3.717162848835E-05   -1.945754306100E-05    1.281198931817E-05    9.431836673250E-06    7.464470418011E-06    6.176931542538E-06   -5.220390903648E-06    4.425889815644E-06
   -1.577092848681E-04    3.717162848835E-05    0.000000000000E+00    8.348360097569E-05   -4.359612037894E-05   -2.948290065812E-05   -2.239038534481E-05   -1.813860671633E-05    1.517246644821E-05   -1.280998263353E-05
   -2.126400105595E-04    1.945754306100E-05   -8.348360097569E-05    0.000000000000E+00   -1.098231340127E-04   -5.629750893577E-05   -3.831978331180E-05   -2.942930835550E-05    2.398613435476E-05   -2.002932795367E-05
    2.213443430782E-04   -1.281198931817E-05    4.359612037894E-05    1.098231340127E-04    0.000000000000E+00    1.196709399626E-04    6.059836507930E-05    4.134387108638E-05   -3.187168677148E-05    2.596101955824E-05
    1.976951077118E-04   -9.431836673251E-06    2.948290065812E-05    5.629750893577E-05   -1.196709399626E-04    0.000000000000E+00    1.176176531191E-04    5.915494748194E-05   -4.041525930100E-05    3.118619440443E-05
    1.586087780449E-04   -7.464470418011E-06    2.239038534481E-05    3.831978331180E-05   -6.059836507929E-05   -1.176176531191E-04    0.000000000000E+00    1.086227471429E-04   -5.446726739580E-05    3.727088125369E-05
    1.165265979720E-04   -6.176931542539E-06    1.813860671633E-05    2.942930835550E-05   -4.134387108638E-05   -5.915494748194E-05   -1.086227471429E-04    0.000000000000E+00   -9.658443432972E-05    4.841748875954E-05
   -7.819731782612E-05    5.220390903648E-06   -1.517246644821E-05   -2.398613435477E-05    3.187168677148E-05    4.041525930099E-05    5.446726739580E-05    9.658443432971E-05    0.000000000000E+00   -8.397981388598E-05
    4.625238185252E-05   -4.425889815644E-06    1.280998263353E-05    2.002932795367E-05   -2.596101955824E-05   -3.118619440443E-05   -3.727088125368E-05   -4.841748875954E-05    8.397981388597E-05    0.000000000000E+00
   42.071343931539374     
    0.000000000000E+00   -5.761561557847E-05    1.548536915736E-04    2.092694948313E-04   -2.184931797262E-04   -1.958320760431E-04   -1.577354387241E-04   -1.164278402670E-04    7.862114268065E-05   -4.698780390119E-05
    5.761561557847E-05    0.000000000000E+00   -3.657288203149E-05   -1.915323860487E-05    1.261420204220E-05    9.284759583872E-06    7.346108507898E-06    6.078972126901E-06   -5.140216304642E-06    4.362664257285E-06
   -1.548536915736E-04    3.657288203149E-05    0.000000000000E+00    8.222942284167E-05   -4.295692272893E-05   -2.904878774828E-05   -2.205452227095E-05   -1.786472504203E-05    1.494901075630E-05   -1.263349663777E-05
   -2.092694948313E-04    1.915323860488E-05   -8.222942284166E-05    0.000000000000E+00   -1.083497434984E-04   -5.555316684051E-05   -3.780458625066E-05   -2.902656931470E-05    2.366105386861E-05   -1.977194735269E-05
    2.184931797262E-04   -1.261420204220E-05    4.295692272893E-05    1.083497434984E-04    0.000000000000E+00    1.182917263926E-04    5.990212124938E-05    4.085632372532E-05   -3.149089310167E-05    2.565967955947E-05
    1.958320760431E-04   -9.284759583872E-06    2.904878774827E-05    5.555316684052E-05   -1.182917263926E-04    0.000000000000E+00    1.164916295696E-04    5.858260195603E-05   -4.001017292721E-05    3.087126820893E-05
    1.577354387241E-04   -7.346108507898E-06    2.205452227095E-05    3.780458625066E-05   -5.990212124938E-05   -1.164916295696E-04    0.000000000000E+00    1.077841008743E-04   -5.403449625442E-05    3.696029797912E-05
    1.164278402670E-04   -6.078972126901E-06    1.786472504203E-05    2.902656931470E-05   -4.085632372532E-05   -5.858260195603E-05   -1.077841008743E-04    0.000000000000E+00   -9.599978038817E-05    4.810776805163E-05
   -7.862114268065E-05    5.140216304642E-06   -1.494901075630E-05   -2.366105386861E-05    3.149089310167E-05    4.001017292721E-05    5.403449625442E-05    9.599978038818E-05    0.000000000000E+00   -8.359325641625E-05
    4.698780390119E-05   -4.362664257285E-06    1.263349663777E-05    1.977194735269E-05   -2.565967955947E-05   -3.087126820893E-05   -3.696029797912E-05   -4.810776805163E-05    8.359325641627E-05    0.000000000000E+00
   42.301556048718290     
    0.000000000000E+00   -5.650416209532E-05    1.520553605021E-04    2.059537284364E-04   -2.156723316219E-04   -1.939730688698E-04   -1.568482979264E-04   -1.163067232801E-04    7.902045004024E-05   -4.770005881596E-05
    5.650416209532E-05    0.000000000000E+00   -3.598523715550E-05   -1.885440574965E-05    1.241999777488E-05    9.140438371062E-06    7.229990711573E-06    5.982787528794E-06   -5.061326764813E-06    4.300239117701E-06
   -1.520553605021E-04    3.598523715550E-05    0.000000000000E+00    8.099628753913E-05   -4.232833030543E-05   -2.862213048498E-05   -2.172457440662E-05   -1.759551342792E-05    1.472894819515E-05   -1.245911809070E-05
   -2.059537284364E-04    1.885440574965E-05   -8.099628753913E-05    0.000000000000E+00   -1.068970804867E-04   -5.481945988559E-05   -3.729712075632E-05   -2.862987580135E-05    2.334041394590E-05   -1.951733715773E-05
    2.156723316219E-04   -1.241999777488E-05    4.232833030543E-05    1.068970804867E-04    0.000000000000E+00    1.169272946566E-04    5.921375002907E-05    4.037464116038E-05   -3.111450474211E-05    2.536117145815E-05
    1.939730688698E-04   -9.140438371062E-06    2.862213048498E-05    5.481945988559E-05   -1.169272946566E-04    0.000000000000E+00    1.153735142348E-04    5.801483959883E-05   -3.960862836736E-05    3.055880491576E-05
    1.568482979264E-04   -7.229990711573E-06    2.172457440662E-05    3.729712075632E-05   -5.921375002907E-05   -1.153735142348E-04    0.000000000000E+00    1.069481127385E-04   -5.360375414484E-05    3.665143374017E-05
    1.163067232801E-04   -5.982787528794E-06    1.759551342792E-05    2.862987580135E-05   -4.037464116038E-05   -5.801483959884E-05   -1.069481127385E-04    0.000000000000E+00   -9.541465259061E-05    4.779852523619E-05
   -7.902045004024E-05    5.061326764813E-06   -1.472894819515E-05   -2.334041394590E-05    3.111450474212E-05    3.960862836736E-05    5.360375414484E-05    9.541465259061E-05    0.000000000000E+00   -8.320474529359E-05
    4.770005881596E-05   -4.300239117702E-06    1.245911809070E-05    1.951733715773E-05   -2.536117145815E-05   -3.055880491576E-05   -3.665143374017E-05   -4.779852523619E-05    8.320474529358E-05    0.000000000000E+00
   42.532396302642567     
    0.000000000000E+00   -5.541714767591E-05    1.493130624615E-04    2.026919050801E-04   -2.128817872565E-04   -1.921186095465E-04   -1.559480409837E-04   -1.161638706748E-04    7.939572387637E-05   -4.838948629064E-05
    5.541714767592E-05    0.000000000000E+00   -3.540846590200E-05   -1.856093469183E-05    1.222930131926E-05    8.998812585055E-06    7.116069718729E-06    5.888346161574E-06   -4.983707345281E-06    4.238614151380E-06
   -1.493130624615E-04    3.540846590200E-05    0.000000000000E+00    7.978382164329E-05   -4.171014996174E-05   -2.820278331861E-05   -2.140042783296E-05   -1.733089554316E-05    1.451224416352E-05   -1.228685072400E-05
   -2.026919050801E-04    1.856093469183E-05   -7.978382164329E-05    0.000000000000E+00   -1.054648753217E-04   -5.409623483658E-05   -3.679726726504E-05   -2.823914549617E-05    2.302417959654E-05   -1.926551058361E-05
    2.128817872565E-04   -1.222930131926E-05    4.171014996173E-05    1.054648753217E-04    0.000000000000E+00    1.155775565863E-04    5.853318361716E-05    3.989876892729E-05   -3.074249914201E-05    2.506551529977E-05
    1.921186095465E-04   -8.998812585055E-06    2.820278331861E-05    5.409623483658E-05   -1.155775565863E-04    0.000000000000E+00    1.142633501176E-04    5.745165866712E-05   -3.921062238146E-05    3.024882477603E-05
    1.559480409836E-04   -7.116069718729E-06    2.140042783296E-05    3.679726726504E-05   -5.853318361716E-05   -1.142633501176E-04    0.000000000000E+00    1.061148781743E-04   -5.317506833818E-05    3.634430831603E-05
    1.161638706748E-04   -5.888346161574E-06    1.733089554316E-05    2.823914549617E-05   -3.989876892729E-05   -5.745165866712E-05   -1.061148781743E-04    0.000000000000E+00   -9.482914600172E-05    4.748979044538E-05
   -7.939572387638E-05    4.983707345281E-06   -1.451224416352E-05   -2.302417959654E-05    3.074249914201E-05    3.921062238145E-05    5.317506833818E-05    9.482914600172E-05    0.000000000000E+00   -8.281435334611E-05
    4.838948629064E-05   -4.238614151380E-06    1.228685072400E-05    1.926551058361E-05   -2.506551529977E-05   -3.024882477603E-05   -3.634430831603E-05   -4.748979044538E-05    8.281435334610E-05    0.000000000000E+00
   42.763864693312229     
    0.000000000000E+00   -5.435397317820E-05    1.466255973327E-04    1.994832276450E-04   -2.101215231941E-04   -1.902692036564E-04   -1.550353397892E-04   -1.159998990235E-04    7.974744597886E-05   -4.905642704949E-05
    5.435397317820E-05    0.000000000000E+00   -3.484234665545E-05   -1.827271875143E-05    1.204203975442E-05    8.859823576571E-06    7.004299427982E-06    5.795616965553E-06   -4.907343027927E-06    4.177788622022E-06
   -1.466255973327E-04    3.484234665545E-05    0.000000000000E+00    7.859166133530E-05   -4.110219393219E-05   -2.779060482772E-05   -2.108197142515E-05   -1.707079622305E-05    1.429886369809E-05   -1.211669682468E-05
   -1.994832276450E-04    1.827271875142E-05   -7.859166133530E-05    0.000000000000E+00   -1.040528646245E-04   -5.338334249989E-05   -3.630490906730E-05   -2.785429726180E-05    2.271231520483E-05   -1.901647879243E-05
    2.101215231941E-04   -1.204203975442E-05    4.110219393220E-05    1.040528646245E-04    0.000000000000E+00    1.142424266441E-04    5.786035629251E-05    3.942865364985E-05   -3.037485334347E-05    2.477272926674E-05
    1.902692036564E-04   -8.859823576572E-06    2.779060482772E-05    5.338334249990E-05   -1.142424266441E-04    0.000000000000E+00    1.131611818412E-04    5.689305872112E-05   -3.881615211002E-05    2.994134717410E-05
    1.550353397893E-04   -7.004299427981E-06    2.108197142514E-05    3.630490906730E-05   -5.786035629251E-05   -1.131611818412E-04    0.000000000000E+00    1.052844950813E-04   -5.274846763256E-05    3.603894201220E-05
    1.159998990235E-04   -5.795616965553E-06    1.707079622305E-05    2.785429726180E-05   -3.942865364985E-05   -5.689305872112E-05   -1.052844950813E-04    0.000000000000E+00   -9.424335938540E-05    4.718159583935E-05
   -7.974744597885E-05    4.907343027927E-06   -1.429886369809E-05   -2.271231520483E-05    3.037485334347E-05    3.881615211002E-05    5.274846763257E-05    9.424335938541E-05    0.000000000000E+00   -8.242215795866E-05
    4.905642704949E-05   -4.177788622022E-06    1.211669682468E-05    1.901647879243E-05   -2.477272926674E-05   -2.994134717410E-05   -3.603894201221E-05   -4.718159583935E-05    8.242215795866E-05    0.000000000000E+00
   42.995961220727253     
    0.000000000000E+00   -5.331404766754E-05    1.439917698273E-04    1.963268753820E-04   -2.073914683881E-04   -1.884253043590E-04   -1.541108215199E-04   -1.158153909124E-04    8.007607350646E-05   -4.970120443789E-05
    5.331404766754E-05    0.000000000000E+00   -3.428665125566E-05   -1.798964768753E-05    1.185813816688E-05    8.723411555364E-06    6.894632847569E-06    5.704567879011E-06   -4.832217581355E-06    4.117760444925E-06
   -1.439917698273E-04    3.428665125566E-05    0.000000000000E+00    7.741942354566E-05   -4.050426510247E-05   -2.738544831189E-05   -2.076909036174E-05   -1.681513682141E-05    1.408876805979E-05   -1.194865467053E-05
   -1.963268753820E-04    1.798964768753E-05   -7.741942354567E-05    0.000000000000E+00   -1.026607533155E-04   -5.268061899447E-05   -3.581992053796E-05   -2.747524307406E-05    2.240477874076E-05   -1.877024660981E-05
    2.073914683881E-04   -1.185813816688E-05    4.050426510246E-05    1.026607533155E-04    0.000000000000E+00    1.129217802179E-04    5.719518438059E-05    3.896423061076E-05   -3.001153548620E-05    2.448282356573E-05
    1.884253043590E-04   -8.723411555364E-06    2.738544831189E-05    5.268061899447E-05   -1.129217802179E-04    0.000000000000E+00    1.120670140536E-04    5.633902099251E-05   -3.842520297600E-05    2.963638236452E-05
    1.541108215199E-04   -6.894632847569E-06    2.076909036174E-05    3.581992053796E-05   -5.719518438059E-05   -1.120670140536E-04    0.000000000000E+00    1.044570247158E-04   -5.232396406971E-05    3.573534443204E-05
    1.158153909124E-04   -5.704567879010E-06    1.681513682141E-05    2.747524307406E-05   -3.896423061076E-05   -5.633902099251E-05   -1.044570247158E-04    0.000000000000E+00   -9.365735969338E-05    4.687395909680E-05
   -8.007607350646E-05    4.832217581355E-06   -1.408876805978E-05   -2.240477874076E-05    3.001153548620E-05    3.842520297600E-05    5.232396406970E-05    9.365735969337E-05    0.000000000000E+00   -8.202820951535E-05
    4.970120443789E-05   -4.117760444925E-06    1.194865467053E-05    1.877024660981E-05   -2.448282356573E-05   -2.963638236452E-05   -3.573534443204E-05   -4.687395909680E-05    8.202820951536E-05    0.000000000000E+00
   43.228685884887661     
    0.000000000000E+00   -5.229680652112E-05    1.414104395495E-04    1.932220746003E-04   -2.046915819758E-04   -1.865873869686E-04   -1.531751345958E-04   -1.156109505866E-04    8.038208463482E-05   -5.032416122260E-05
    5.229680652112E-05    0.000000000000E+00   -3.374117127950E-05   -1.771162128965E-05    1.167752825830E-05    8.589521485572E-06    6.787026318151E-06    5.615168957048E-06   -4.758315915231E-06    4.058527990097E-06
   -1.414104395495E-04    3.374117127949E-05    0.000000000000E+00    7.626676499138E-05   -3.991618694078E-05   -2.698718077150E-05   -2.046167922382E-05   -1.656384468225E-05    1.388192179075E-05   -1.178272389069E-05
   -1.932220746003E-04    1.771162128965E-05   -7.626676499137E-05    0.000000000000E+00   -1.012882922966E-04   -5.198792376403E-05   -3.534219092123E-05   -2.710190437752E-05    2.210153359299E-05   -1.852682135270E-05
    2.046915819758E-04   -1.167752825830E-05    3.991618694078E-05    1.012882922966E-04    0.000000000000E+00    1.116155382614E-04    5.653760659821E-05    3.850544869236E-05   -2.965252187795E-05    2.419581275737E-05
    1.865873869686E-04   -8.589521485572E-06    2.698718077150E-05    5.198792376403E-05   -1.116155382614E-04    0.000000000000E+00    1.109808945997E-04    5.578954732818E-05   -3.803777256208E-05    2.933394775569E-05
    1.531751345958E-04   -6.787026318151E-06    2.046167922382E-05    3.534219092123E-05   -5.653760659821E-05   -1.109808945997E-04    0.000000000000E+00    1.036325684677E-04   -5.190158849851E-05    3.543353616859E-05
    1.156109505866E-04   -5.615168957048E-06    1.656384468225E-05    2.710190437752E-05   -3.850544869236E-05   -5.578954732818E-05   -1.036325684677E-04    0.000000000000E+00   -9.307125034551E-05    4.656691482898E-05
   -8.038208463482E-05    4.758315915231E-06   -1.388192179075E-05   -2.210153359299E-05    2.965252187795E-05    3.803777256208E-05    5.190158849851E-05    9.307125034550E-05    0.000000000000E+00   -8.163259073228E-05
    5.032416122260E-05   -4.058527990097E-06    1.178272389069E-05    1.852682135270E-05   -2.419581275737E-05   -2.933394775570E-05   -3.543353616859E-05   -4.656691482898E-05    8.163259073227E-05    0.000000000000E+00
   43.462038685793431     
    0.000000000000E+00   -5.130169135747E-05    1.388804669675E-04    1.901680244354E-04   -2.020217724036E-04   -1.847558711590E-04   -1.522288794026E-04   -1.153871452078E-04    8.066593023327E-05   -5.092562056314E-05
    5.130169135747E-05    0.000000000000E+00   -3.320569018808E-05   -1.743853497833E-05    1.150013920230E-05    8.458096819338E-06    6.681435050928E-06    5.527389118467E-06   -4.685621663703E-06    4.000088256591E-06
   -1.388804669675E-04    3.320569018807E-05    0.000000000000E+00    7.513331993671E-05   -3.933777189229E-05   -2.659566284339E-05   -2.015962820383E-05   -1.631684327197E-05    1.367828546560E-05   -1.161890002965E-05
   -1.901680244354E-04    1.743853497833E-05   -7.513331993672E-05    0.000000000000E+00   -9.993519694055E-05   -5.130509964418E-05   -3.487159938415E-05   -2.673419504559E-05    2.180253637363E-05   -1.828620383329E-05
    2.020217724036E-04   -1.150013920230E-05    3.933777189229E-05    9.993519694055E-05    0.000000000000E+00    1.103235786819E-04    5.588754181642E-05    3.805224434391E-05   -2.929777929837E-05    2.391170308850E-05
    1.847558711590E-04   -8.458096819337E-06    2.659566284339E-05    5.130509964418E-05   -1.103235786819E-04    0.000000000000E+00    1.099028275097E-04    5.524461947747E-05   -3.765384573077E-05    2.903405104455E-05
    1.522288794026E-04   -6.681435050928E-06    2.015962820383E-05    3.487159938415E-05   -5.588754181642E-05   -1.099028275097E-04    0.000000000000E+00    1.028111875769E-04   -5.148135343184E-05    3.513352622144E-05
    1.153871452078E-04   -5.527389118466E-06    1.631684327197E-05    2.673419504559E-05   -3.805224434391E-05   -5.524461947747E-05   -1.028111875769E-04    0.000000000000E+00   -9.248509994015E-05    4.626048182789E-05
   -8.066593023327E-05    4.685621663703E-06   -1.367828546560E-05   -2.180253637363E-05    2.929777929838E-05    3.765384573077E-05    5.148135343184E-05    9.248509994015E-05    0.000000000000E+00   -8.123535487287E-05
    5.092562056314E-05   -4.000088256591E-06    1.161890002965E-05    1.828620383330E-05   -2.391170308850E-05   -2.903405104455E-05   -3.513352622144E-05   -4.626048182789E-05    8.123535487287E-05    0.000000000000E+00
   43.696019623444577     
    0.000000000000E+00   -5.032816197385E-05    1.364007466354E-04    1.871639440385E-04   -1.993819495114E-04   -1.829311708937E-04   -1.512726523905E-04   -1.151445420079E-04    8.092806431232E-05   -5.150591053399E-05
    5.032816197385E-05    0.000000000000E+00   -3.268000078854E-05   -1.717028883248E-05    1.132590335835E-05    8.329083408965E-06    6.577815931950E-06    5.441198221715E-06   -4.614118757409E-06    3.942438079874E-06
   -1.364007466354E-04    3.268000078854E-05    0.000000000000E+00    7.401873945433E-05   -3.876884127832E-05   -2.621076141518E-05   -1.986283181513E-05   -1.607405848855E-05    1.347782040513E-05   -1.145717813735E-05
   -1.871639440385E-04    1.717028883248E-05   -7.401873945433E-05    0.000000000000E+00   -9.860119879300E-05   -5.063199815419E-05   -3.440803084040E-05   -2.637203227266E-05    2.150774481390E-05   -1.804839426218E-05
    1.993819495114E-04   -1.132590335835E-05    3.876884127832E-05    9.860119879299E-05    0.000000000000E+00    1.090457926960E-04    5.524491590966E-05    3.760455818306E-05   -2.894727637350E-05    2.363050072002E-05
    1.829311708937E-04   -8.329083408965E-06    2.621076141517E-05    5.063199815420E-05   -1.090457926960E-04    0.000000000000E+00    1.088328283355E-04    5.470422499660E-05   -3.727341051064E-05    2.873670105850E-05
    1.512726523905E-04   -6.577815931949E-06    1.986283181513E-05    3.440803084040E-05   -5.524491590966E-05   -1.088328283355E-04    0.000000000000E+00    1.019929541781E-04   -5.106327668352E-05    3.483532641397E-05
    1.151445420079E-04   -5.441198221715E-06    1.607405848855E-05    2.637203227266E-05   -3.760455818306E-05   -5.470422499660E-05   -1.019929541781E-04    0.000000000000E+00   -9.189898760884E-05    4.595468392302E-05
   -8.092806431232E-05    4.614118757409E-06   -1.347782040513E-05   -2.150774481390E-05    2.894727637350E-05    3.727341051065E-05    5.106327668352E-05    9.189898760885E-05    0.000000000000E+00   -8.083656511784E-05
    5.150591053399E-05   -3.942438079874E-06    1.145717813735E-05    1.804839426218E-05   -2.363050072002E-05   -2.873670105850E-05   -3.483532641397E-05   -4.595468392302E-05    8.083656511783E-05    0.000000000000E+00
   43.930628697841094     
    0.000000000000E+00   -4.937569508769E-05    1.339702044173E-04    1.842090697621E-04   -1.967720220117E-04   -1.811136920538E-04   -1.503070438715E-04   -1.148837063578E-04    8.116894240622E-05   -5.206536280466E-05
    4.937569508769E-05    0.000000000000E+00   -3.216390397780E-05   -1.690678695230E-05    1.115475586298E-05    8.202429226957E-06    6.476127334864E-06    5.356566946680E-06   -4.543791352744E-06    3.885574090002E-06
   -1.339702044173E-04    3.216390397780E-05    0.000000000000E+00    7.292268880561E-05   -3.820922396329E-05   -2.583234877565E-05   -1.957118833467E-05   -1.583541830794E-05    1.328048846116E-05   -1.129755263966E-05
   -1.842090697621E-04    1.690678695231E-05   -7.292268880561E-05    0.000000000000E+00   -9.728604240256E-05   -4.996847793619E-05   -3.395137499843E-05   -2.601533597405E-05    2.121711739114E-05   -1.781339201833E-05
    1.967720220117E-04   -1.115475586298E-05    3.820922396329E-05    9.728604240256E-05    0.000000000000E+00    1.077820815359E-04    5.460966019767E-05    3.716233407011E-05   -2.860098299543E-05    2.335221135940E-05
    1.811136920538E-04   -8.202429226957E-06    2.583234877565E-05    4.996847793619E-05   -1.077820815359E-04    0.000000000000E+00    1.077709209950E-04    5.416835578272E-05   -3.689645722735E-05    2.844190720461E-05
    1.503070438715E-04   -6.476127334864E-06    1.957118833467E-05    3.395137499842E-05   -5.460966019766E-05   -1.077709209950E-04    0.000000000000E+00    1.011779484012E-04   -5.064738002791E-05    3.453895059776E-05
    1.148837063578E-04   -5.356566946680E-06    1.583541830794E-05    2.601533597404E-05   -3.716233407011E-05   -5.416835578272E-05   -1.011779484012E-04    0.000000000000E+00   -9.131300041945E-05    4.564954878770E-05
   -8.116894240621E-05    4.543791352744E-06   -1.328048846116E-05   -2.121711739114E-05    2.860098299543E-05    3.689645722735E-05    5.064738002791E-05    9.131300041945E-05    0.000000000000E+00   -8.043629229703E-05
    5.206536280466E-05   -3.885574090002E-06    1.129755263966E-05    1.781339201833E-05   -2.335221135940E-05   -2.844190720461E-05   -3.453895059776E-05   -4.564954878770E-05    8.043629229704E-05    0.000000000000E+00
   44.165865908982987     
    0.000000000000E+00   -4.844377826576E-05    1.315877815064E-04    1.813026336437E-04   -1.941918741457E-04   -1.793038097521E-04   -1.493326175196E-04   -1.146051841653E-04    8.138900695856E-05   -5.260430074516E-05
    4.844377826576E-05    0.000000000000E+00   -3.165720060132E-05   -1.664793323649E-05    1.098663193302E-05    8.078082510089E-06    6.376327801540E-06    5.273465841389E-06   -4.474623133504E-06    3.829492190894E-06
   -1.315877815064E-04    3.165720060132E-05    0.000000000000E+00    7.184482925556E-05   -3.765874707840E-05   -2.546029670067E-05   -1.928459573841E-05   -1.560084989578E-05    1.308624992038E-05   -1.114001578553E-05
   -1.813026336437E-04    1.664793323650E-05   -7.184482925556E-05    0.000000000000E+00   -9.598946147294E-05   -4.931439302486E-05   -3.350151901795E-05   -2.566402378628E-05    2.093060978076E-05   -1.758119305784E-05
    1.941918741457E-04   -1.098663193302E-05    3.765874707840E-05    9.598946147294E-05    0.000000000000E+00    1.065323304481E-04    5.398169900707E-05    3.672551143949E-05   -2.825886513221E-05    2.307683657140E-05
    1.793038097521E-04   -8.078082510089E-06    2.546029670067E-05    4.931439302486E-05   -1.065323304481E-04    0.000000000000E+00    1.067171120872E-04    5.363699602881E-05   -3.652297114930E-05    2.814967450364E-05
    1.493326175196E-04   -6.376327801539E-06    1.928459573842E-05    3.350151901795E-05   -5.398169900708E-05   -1.067171120872E-04    0.000000000000E+00    1.003662345422E-04   -5.023367816442E-05    3.424440794942E-05
    1.146051841653E-04   -5.273465841389E-06    1.560084989578E-05    2.566402378628E-05   -3.672551143949E-05   -5.363699602881E-05   -1.003662345422E-04    0.000000000000E+00   -9.072721214910E-05    4.534509817943E-05
   -8.138900695856E-05    4.474623133504E-06   -1.308624992038E-05   -2.093060978076E-05    2.825886513221E-05    3.652297114930E-05    5.023367816443E-05    9.072721214910E-05    0.000000000000E+00   -8.003459645901E-05
    5.260430074516E-05   -3.829492190894E-06    1.114001578553E-05    1.758119305784E-05   -2.307683657140E-05   -2.814967450364E-05   -3.424440794942E-05   -4.534509817943E-05    8.003459645901E-05    0.000000000000E+00
   44.401731256870242     
    0.000000000000E+00   -4.753191915549E-05    1.292524603124E-04    1.784439006874E-04   -1.916414074004E-04   -1.775019088209E-04   -1.483499465110E-04   -1.143095325934E-04    8.158871267695E-05   -5.312305996884E-05
    4.753191915549E-05    0.000000000000E+00   -3.115970509967E-05   -1.639363846923E-05    1.082147136928E-05    7.955994854327E-06    6.278378269111E-06    5.191866977294E-06   -4.406598569394E-06    3.774188530755E-06
   -1.292524603124E-04    3.115970509967E-05    0.000000000000E+00    7.078484896456E-05   -3.711725174000E-05   -2.509448645287E-05   -1.900295863083E-05   -1.537028464582E-05    1.289506728230E-05   -1.098456053469E-05
   -1.784439006874E-04    1.639363846923E-05   -7.078484896456E-05    0.000000000000E+00   -9.471121988168E-05   -4.866961298404E-05   -3.305836015261E-05   -2.531801979828E-05    2.064818120508E-05   -1.735179467536E-05
    1.916414074004E-04   -1.082147136928E-05    3.711725174000E-05    9.471121988168E-05    0.000000000000E+00    1.052964537381E-04    5.336097120453E-05    3.629403865214E-05   -2.792089399800E-05    2.280438042718E-05
    1.775019088209E-04   -7.955994854328E-06    2.509448645287E-05    4.866961298404E-05   -1.052964537381E-04    0.000000000000E+00    1.056714354331E-04    5.311014312353E-05   -3.615294532596E-05    2.786001236458E-05
    1.483499465110E-04   -6.278378269111E-06    1.900295863083E-05    3.305836015261E-05   -5.336097120453E-05   -1.056714354331E-04    0.000000000000E+00    9.955790234662E-05   -4.982219785333E-05    3.395171465013E-05
    1.143095325934E-04   -5.191866977293E-06    1.537028464582E-05    2.531801979828E-05   -3.629403865214E-05   -5.311014312353E-05   -9.955790234661E-05    0.000000000000E+00   -9.014172003946E-05    4.504136484325E-05
   -8.158871267695E-05    4.406598569393E-06   -1.289506728230E-05   -2.064818120508E-05    2.792089399800E-05    3.615294532596E-05    4.982219785332E-05    9.014172003947E-05    0.000000000000E+00   -7.963155877418E-05
    5.312305996884E-05   -3.774188530754E-06    1.098456053469E-05    1.735179467536E-05   -2.280438042718E-05   -2.786001236458E-05   -3.395171465013E-05   -4.504136484325E-05    7.963155877418E-05    0.000000000000E+00
   44.638224741502881     
    0.000000000000E+00   -4.663962327592E-05    1.269632040505E-04    1.756320845562E-04   -1.891204471856E-04   -1.757082926535E-04   -1.473595311381E-04   -1.139972492135E-04    8.176846748607E-05   -5.362194006126E-05
    4.663962327592E-05    0.000000000000E+00   -3.067121382455E-05   -1.614380385480E-05    1.065920804173E-05    7.836113960324E-06    6.182236865043E-06    5.111740122833E-06   -4.339700050688E-06    3.719657321839E-06
   -1.269632040505E-04    3.067121382455E-05    0.000000000000E+00    6.974239155598E-05   -3.658455656553E-05   -2.473478546869E-05   -1.872617210321E-05   -1.514364653815E-05    1.270689664039E-05   -1.083117404810E-05
   -1.756320845562E-04    1.614380385480E-05   -6.974239155598E-05    0.000000000000E+00   -9.345101703594E-05   -4.803397623941E-05   -3.262177639451E-05   -2.497723435139E-05    2.036977986983E-05   -1.712518468575E-05
    1.891204471856E-04   -1.065920804173E-05    3.658455656553E-05    9.345101703594E-05    0.000000000000E+00    1.040742905556E-04    5.274738019409E-05    3.586784196684E-05   -2.758702481833E-05    2.253483420197E-05
    1.757082926535E-04   -7.836113960324E-06    2.473478546869E-05    4.803397623941E-05   -1.040742905556E-04    0.000000000000E+00    1.046338483883E-04    5.258775882516E-05   -3.578635056631E-05    2.757291410826E-05
    1.473595311381E-04   -6.182236865043E-06    1.872617210321E-05    3.262177639451E-05   -5.274738019409E-05   -1.046338483883E-04    0.000000000000E+00    9.875297010478E-05   -4.941293282750E-05    3.366086631680E-05
    1.139972492135E-04   -5.111740122832E-06    1.514364653815E-05    2.497723435139E-05   -3.586784196684E-05   -5.258775882516E-05   -9.875297010480E-05    0.000000000000E+00   -8.955655773419E-05    4.473835230002E-05
   -8.176846748608E-05    4.339700050688E-06   -1.270689664039E-05   -2.036977986983E-05    2.758702481833E-05    3.578635056631E-05    4.941293282750E-05    8.955655773419E-05    0.000000000000E+00   -7.922720524299E-05
    5.362194006126E-05   -3.719657321839E-06    1.083117404810E-05    1.712518468575E-05   -2.253483420197E-05   -2.757291410826E-05   -3.366086631680E-05   -4.473835230002E-05    7.922720524298E-05    0.000000000000E+00
   44.875346362880883     
    0.000000000000E+00   -4.576643334410E-05    1.247190653250E-04    1.728665016046E-04   -1.866289147415E-04   -1.739233512786E-04   -1.463619505114E-04   -1.136689023955E-04    8.192874129484E-05   -5.410129364850E-05
    4.576643334410E-05    0.000000000000E+00   -3.019156297374E-05   -1.589835114942E-05    1.049978912478E-05    7.718396911012E-06    6.087868469807E-06    5.033059827615E-06   -4.273913245856E-06    3.665894955747E-06
   -1.247190653250E-04    3.019156297374E-05    0.000000000000E+00    6.871718722378E-05   -3.606052465195E-05   -2.438109017390E-05   -1.845415146724E-05   -1.492087372329E-05    1.252170380417E-05   -1.067984997345E-05
   -1.728665016046E-04    1.589835114942E-05   -6.871718722378E-05    0.000000000000E+00   -9.220866233343E-05   -4.740737614873E-05   -3.219168071809E-05   -2.464160153846E-05    2.009537019180E-05   -1.690136180988E-05
    1.866289147415E-04   -1.049978912478E-05    3.606052465195E-05    9.220866233344E-05    0.000000000000E+00    1.028657977117E-04    5.214088654805E-05    3.544688318635E-05   -2.725723647861E-05    2.226820513210E-05
    1.739233512786E-04   -7.718396911012E-06    2.438109017390E-05    4.740737614873E-05   -1.028657977117E-04    0.000000000000E+00    1.036044242913E-04    5.206986005448E-05   -3.542319144502E-05    2.728839535252E-05
    1.463619505114E-04   -6.087868469807E-06    1.845415146724E-05    3.219168071810E-05   -5.214088654805E-05   -1.036044242913E-04    0.000000000000E+00    9.795156513774E-05   -4.900592796055E-05    3.337188964165E-05
    1.136689023955E-04   -5.033059827615E-06    1.492087372329E-05    2.464160153846E-05   -3.544688318634E-05   -5.206986005448E-05   -9.795156513773E-05    0.000000000000E+00   -8.897185812454E-05    4.443611025818E-05
   -8.192874129484E-05    4.273913245856E-06   -1.252170380417E-05   -2.009537019180E-05    2.725723647861E-05    3.542319144502E-05    4.900592796055E-05    8.897185812453E-05    0.000000000000E+00   -7.882165014939E-05
    5.410129364850E-05   -3.665894955747E-06    1.067984997345E-05    1.690136180988E-05   -2.226820513210E-05   -2.728839535251E-05   -3.337188964165E-05   -4.443611025819E-05    7.882165014939E-05    0.000000000000E+00
   45.113096121004268     
    0.000000000000E+00   -4.491187787686E-05    1.225190453699E-04    1.701463728739E-04   -1.841666067757E-04   -1.721473454539E-04   -1.453576668872E-04   -1.133249624496E-04    8.206992463973E-05   -5.456141025061E-05
    4.491187787686E-05    0.000000000000E+00   -2.972055341349E-05   -1.565718354486E-05    1.034315008610E-05    7.602792881983E-06    5.995232267374E-06    4.955796221445E-06   -4.209220167918E-06    3.612894694483E-06
   -1.225190453699E-04    2.972055341349E-05    0.000000000000E+00    6.770888273175E-05   -3.554497661437E-05   -2.403327030812E-05   -1.818679357843E-05   -1.470189049149E-05    1.233944342265E-05   -1.053057258104E-05
   -1.701463728739E-04    1.565718354486E-05   -6.770888273175E-05    0.000000000000E+00   -9.098384895640E-05   -4.678964923267E-05   -3.176795056703E-05   -2.431103047796E-05    1.982489748093E-05   -1.668030928627E-05
    1.841666067757E-04   -1.034315008610E-05    3.554497661437E-05    9.098384895640E-05    0.000000000000E+00    1.016707993347E-04    5.154138755570E-05    3.503108464115E-05   -2.693147994712E-05    2.200447904636E-05
    1.721473454539E-04   -7.602792881983E-06    2.403327030812E-05    4.678964923267E-05   -1.016707993347E-04    0.000000000000E+00    1.025831019409E-04    5.155640052442E-05   -3.506343322169E-05    2.700644392053E-05
    1.453576668872E-04   -5.995232267374E-06    1.818679357843E-05    3.176795056703E-05   -5.154138755570E-05   -1.025831019409E-04    0.000000000000E+00    9.715368805253E-05   -4.860116914819E-05    3.308477475349E-05
    1.133249624496E-04   -4.955796221445E-06    1.470189049149E-05    2.431103047796E-05   -3.503108464115E-05   -5.155640052443E-05   -9.715368805253E-05    0.000000000000E+00   -8.838763985431E-05    4.413463556383E-05
   -8.206992463973E-05    4.209220167918E-06   -1.233944342265E-05   -1.982489748093E-05    2.693147994712E-05    3.506343322168E-05    4.860116914818E-05    8.838763985431E-05    0.000000000000E+00   -7.841490723590E-05
    5.456141025062E-05   -3.612894694483E-06    1.053057258104E-05    1.668030928627E-05   -2.200447904636E-05   -2.700644392053E-05   -3.308477475349E-05   -4.413463556383E-05    7.841490723590E-05    0.000000000000E+00
   45.351474015873016     
    0.000000000000E+00   -4.407551504685E-05    1.203622151476E-04    1.674709960082E-04   -1.817333877225E-04   -1.703805951995E-04   -1.443471964837E-04   -1.129659490581E-04    8.219245223504E-05   -5.500261796257E-05
    4.407551504685E-05    0.000000000000E+00   -2.925801613686E-05   -1.542021975020E-05    1.018923647951E-05    7.489258213137E-06    5.904292622417E-06    4.879923088602E-06   -4.145605293967E-06    3.560651382440E-06
   -1.203622151476E-04    2.925801613685E-05    0.000000000000E+00    6.671718978650E-05   -3.503776651171E-05   -2.369121755525E-05   -1.792401068177E-05   -1.448663189499E-05    1.216007741757E-05   -1.038333084595E-05
   -1.674709960082E-04    1.542021975020E-05   -6.671718978650E-05    0.000000000000E+00   -8.977635184925E-05   -4.618067304820E-05   -3.135048968363E-05   -2.398544815969E-05    1.955831912773E-05   -1.646201828444E-05
    1.817333877225E-04   -1.018923647951E-05    3.503776651172E-05    8.977635184925E-05    0.000000000000E+00    1.004892065281E-04    5.094882302349E-05    3.462039520847E-05   -2.660972380905E-05    2.174365348853E-05
    1.703805951995E-04   -7.489258213137E-06    2.369121755525E-05    4.618067304820E-05   -1.004892065281E-04    0.000000000000E+00    1.015699059611E-04    5.104737501227E-05   -3.470706636207E-05    2.672706420483E-05
    1.443471964837E-04   -5.904292622417E-06    1.792401068177E-05    3.135048968363E-05   -5.094882302349E-05   -1.015699059611E-04    0.000000000000E+00    9.635942069974E-05   -4.819868062030E-05    3.279953513482E-05
    1.129659490581E-04   -4.879923088602E-06    1.448663189499E-05    2.398544815969E-05   -3.462039520847E-05   -5.104737501226E-05   -9.635942069974E-05    0.000000000000E+00   -8.780399629811E-05    4.383396005597E-05
   -8.219245223504E-05    4.145605293967E-06   -1.216007741757E-05   -1.955831912773E-05    2.660972380905E-05    3.470706636207E-05    4.819868062030E-05    8.780399629811E-05    0.000000000000E+00   -7.800705754173E-05
    5.500261796257E-05   -3.560651382440E-06    1.038333084595E-05    1.646201828444E-05   -2.174365348853E-05   -2.672706420482E-05   -3.279953513483E-05   -4.383396005597E-05    7.800705754173E-05    0.000000000000E+00
   45.590480047487141     
    0.000000000000E+00   -4.325691747536E-05    1.182476740661E-04    1.648396878225E-04   -1.793291262351E-04   -1.686234176276E-04   -1.433310529326E-04   -1.125923821951E-04    8.229676156677E-05   -5.542524910409E-05
    4.325691747536E-05    0.000000000000E+00   -2.880378956889E-05   -1.518738217546E-05    1.003799637353E-05    7.377751161144E-06    5.815015293224E-06    4.805415065923E-06   -4.083053452176E-06    3.509159825847E-06
   -1.182476740661E-04    2.880378956889E-05    0.000000000000E+00    6.574183370988E-05   -3.453875553893E-05   -2.335482865339E-05   -1.766571864485E-05   -1.427503520359E-05    1.198356860990E-05   -1.023811359384E-05
   -1.648396878225E-04    1.518738217546E-05   -6.574183370988E-05    0.000000000000E+00   -8.858595931320E-05   -4.558033228808E-05   -3.093920664072E-05   -2.366478456105E-05    1.929559378299E-05   -1.624647979301E-05
    1.793291262351E-04   -1.003799637353E-05    3.453875553892E-05    8.858595931319E-05    0.000000000000E+00    9.932094132700E-05    5.036313851623E-05    3.421476730909E-05   -2.629193837600E-05    2.148572614801E-05
    1.686234176276E-04   -7.377751161144E-06    2.335482865339E-05    4.558033228808E-05   -9.932094132699E-05    0.000000000000E+00    1.005648700332E-04    5.054278286769E-05   -3.435408386330E-05    2.645026152256E-05
    1.433310529326E-04   -5.815015293223E-06    1.766571864485E-05    3.093920664072E-05   -5.036313851623E-05   -1.005648700332E-04    0.000000000000E+00    9.556885300010E-05   -4.779849049398E-05    3.251618628760E-05
    1.125923821951E-04   -4.805415065924E-06    1.427503520359E-05    2.366478456106E-05   -3.421476730909E-05   -5.054278286769E-05   -9.556885300011E-05    0.000000000000E+00   -8.722102819993E-05    4.353411901256E-05
   -8.229676156677E-05    4.083053452177E-06   -1.198356860990E-05   -1.929559378299E-05    2.629193837600E-05    3.435408386330E-05    4.779849049398E-05    8.722102819992E-05    0.000000000000E+00   -7.759818861636E-05
    5.542524910409E-05   -3.509159825847E-06    1.023811359384E-05    1.624647979301E-05   -2.148572614801E-05   -2.645026152256E-05   -3.251618628760E-05   -4.353411901256E-05    7.759818861637E-05    0.000000000000E+00
   45.830114215846635     
    0.000000000000E+00   -4.245565353564E-05    1.161744988605E-04    1.622517123314E-04   -1.769536146893E-04   -1.668760475029E-04   -1.423096748625E-04   -1.122047194442E-04    8.238324044832E-05   -5.582959728719E-05
    4.245565353564E-05    0.000000000000E+00   -2.835769316846E-05   -1.495858318592E-05    9.889371551009E-06    7.268225811952E-06    5.727363055606E-06    4.732244422317E-06   -4.021547410881E-06    3.458412961328E-06
   -1.161744988605E-04    2.835769316846E-05    0.000000000000E+00    6.478249374968E-05   -3.404778146618E-05   -2.302398581923E-05   -1.741182338083E-05   -1.406703010466E-05    1.180987346793E-05   -1.009490403379E-05
   -1.622517123314E-04    1.495858318592E-05   -6.478249374969E-05    0.000000000000E+00   -8.741239359430E-05   -4.498847954084E-05   -3.053399012693E-05   -2.334895563392E-05    1.903666910243E-05   -1.603367553583E-05
    1.769536146893E-04   -9.889371551010E-06    3.404778146619E-05    8.741239359430E-05    0.000000000000E+00    9.816584892747E-05    4.978424321559E-05    3.381413076255E-05   -2.597807781890E-05    2.123068201903E-05
    1.668760475029E-04   -7.268225811952E-06    2.302398581923E-05    4.498847954084E-05   -9.816584892747E-05    0.000000000000E+00    9.956794947084E-05    5.004258688192E-05   -3.400445601761E-05    2.617602496102E-05
    1.423096748625E-04   -5.727363055606E-06    1.741182338083E-05    3.053399012694E-05   -4.978424321559E-05   -9.956794947084E-05    0.000000000000E+00    9.478200142412E-05   -4.740059295379E-05    3.223472270646E-05
    1.122047194442E-04   -4.732244422317E-06    1.406703010466E-05    2.334895563392E-05   -3.381413076254E-05   -5.004258688192E-05   -9.478200142412E-05    0.000000000000E+00   -8.663877088246E-05    4.323511770373E-05
   -8.238324044833E-05    4.021547410881E-06   -1.180987346793E-05   -1.903666910243E-05    2.597807781890E-05    3.400445601761E-05    4.740059295379E-05    8.663877088247E-05    0.000000000000E+00   -7.718833142059E-05
    5.582959728719E-05   -3.458412961327E-06    1.009490403379E-05    1.603367553583E-05   -2.123068201903E-05   -2.617602496102E-05   -3.223472270646E-05   -4.323511770374E-05    7.718833142059E-05    0.000000000000E+00
   46.070376520951505     
    0.000000000000E+00   -4.167131357244E-05    1.141418162898E-04    1.597063845970E-04   -1.746066859685E-04   -1.651387521831E-04   -1.412835301422E-04   -1.118034458605E-04    8.245230205480E-05   -5.621597881728E-05
    4.167131357244E-05    0.000000000000E+00   -2.791956573164E-05   -1.473374504749E-05    9.743310257273E-06    7.160640888904E-06    5.641302049858E-06    4.660385761737E-06   -3.961071434857E-06    3.408404585944E-06
   -1.141418162898E-04    2.791956573164E-05    0.000000000000E+00    6.383888992445E-05   -3.356470305849E-05   -2.269858516831E-05   -1.716224059229E-05   -1.386255303561E-05    1.163895280858E-05   -9.953687906154E-06
   -1.597063845970E-04    1.473374504749E-05   -6.383888992444E-05    0.000000000000E+00   -8.625542671993E-05   -4.440499248249E-05   -3.013474499401E-05   -2.303788821452E-05    1.878149981768E-05   -1.582359148364E-05
    1.746066859685E-04   -9.743310257273E-06    3.356470305848E-05    8.625542671993E-05    0.000000000000E+00    9.702382592604E-05    4.921207151031E-05    3.341843108121E-05   -2.566810646647E-05    2.097851243589E-05
    1.651387521831E-04   -7.160640888905E-06    2.269858516831E-05    4.440499248249E-05   -9.702382592604E-05    0.000000000000E+00    9.857914915192E-05    4.954677355517E-05   -3.365816750648E-05    2.590435272837E-05
    1.412835301422E-04   -5.641302049858E-06    1.716224059229E-05    3.013474499401E-05   -4.921207151031E-05   -9.857914915192E-05    0.000000000000E+00    9.399892859214E-05   -4.700500386487E-05    3.195515187294E-05
    1.118034458605E-04   -4.660385761737E-06    1.386255303561E-05    2.303788821452E-05   -3.341843108121E-05   -4.954677355517E-05   -9.399892859214E-05    0.000000000000E+00   -8.605730149909E-05    4.293698083631E-05
   -8.245230205480E-05    3.961071434857E-06   -1.163895280858E-05   -1.878149981768E-05    2.566810646647E-05    3.365816750648E-05    4.700500386487E-05    8.605730149908E-05    0.000000000000E+00   -7.677755391895E-05
    5.621597881728E-05   -3.408404585944E-06    9.953687906154E-06    1.582359148364E-05   -2.097851243589E-05   -2.590435272837E-05   -3.195515187294E-05   -4.293698083631E-05    7.677755391894E-05    0.000000000000E+00
   46.311266962801739     
    0.000000000000E+00   -4.090349565954E-05    1.121487643214E-04    1.572030163702E-04   -1.722881529883E-04   -1.634117721997E-04   -1.402530619042E-04   -1.113890274068E-04    8.250434610176E-05   -5.658470102331E-05
    4.090349565954E-05    0.000000000000E+00   -2.748924548640E-05   -1.451278957574E-05    9.599760583218E-06    7.054955183000E-06    5.556798502174E-06    4.589813616736E-06   -3.901609489742E-06    3.359127997936E-06
   -1.121487643214E-04    2.748924548640E-05    0.000000000000E+00    6.291073811496E-05   -3.308937711963E-05   -2.237852203456E-05   -1.691688560848E-05   -1.366153986630E-05    1.147076639928E-05   -9.814449426400E-06
   -1.572030163702E-04    1.451278957574E-05   -6.291073811496E-05    0.000000000000E+00   -8.511482095460E-05   -4.382974450339E-05   -2.974137378961E-05   -2.273150733929E-05    1.853003862475E-05   -1.561621112108E-05
    1.722881529883E-04   -9.599760583219E-06    3.308937711963E-05    8.511482095461E-05    0.000000000000E+00    9.589475475452E-05    4.864655157225E-05    3.302761001384E-05   -2.536198554156E-05    2.072920556643E-05
    1.634117721997E-04   -7.054955183000E-06    2.237852203456E-05    4.382974450339E-05   -9.589475475452E-05    0.000000000000E+00    9.759845846547E-05    4.905532254856E-05   -3.331519869818E-05    2.563523947077E-05
    1.402530619042E-04   -5.556798502174E-06    1.691688560849E-05    2.974137378961E-05   -4.864655157225E-05   -9.759845846547E-05    0.000000000000E+00    9.321968284258E-05   -4.661173279431E-05    3.167747725636E-05
    1.113890274068E-04   -4.589813616736E-06    1.366153986630E-05    2.273150733929E-05   -3.302761001384E-05   -4.905532254856E-05   -9.321968284257E-05    0.000000000000E+00   -8.547668529569E-05    4.263972791082E-05
   -8.250434610176E-05    3.901609489742E-06   -1.147076639928E-05   -1.853003862475E-05    2.536198554156E-05    3.331519869818E-05    4.661173279431E-05    8.547668529569E-05    0.000000000000E+00   -7.636591469532E-05
    5.658470102331E-05   -3.359127997936E-06    9.814449426399E-06    1.561621112108E-05   -2.072920556643E-05   -2.563523947077E-05   -3.167747725637E-05   -4.263972791082E-05    7.636591469532E-05    0.000000000000E+00
   46.552785541397355     
    0.000000000000E+00   -4.015181408830E-05    1.101945160001E-04    1.547409507806E-04   -1.699978481694E-04   -1.616953603172E-04   -1.392187240274E-04   -1.109619415309E-04    8.253978432868E-05   -5.693608304487E-05
    4.015181408830E-05    0.000000000000E+00   -2.706658252672E-05   -1.429564461862E-05    9.458674607599E-06    6.951130413515E-06    5.473820788220E-06    4.520503982656E-06   -3.843146407515E-06    3.310576895216E-06
   -1.101945160001E-04    2.706658252672E-05    0.000000000000E+00    6.199777835978E-05   -3.262167296605E-05   -2.206370022541E-05   -1.667567981772E-05   -1.346393057927E-05    1.130527646497E-05   -9.677173964660E-06
   -1.547409507806E-04    1.429564461862E-05   -6.199777835977E-05    0.000000000000E+00   -8.399036666836E-05   -4.326262339446E-05   -2.935378852872E-05   -2.242974438422E-05    1.828224209895E-05   -1.541151987843E-05
    1.699978481694E-04   -9.458674607598E-06    3.262167296605E-05    8.399036666836E-05    0.000000000000E+00    9.477854565360E-05    4.808762548767E-05    3.264161804746E-05   -2.505968174211E-05    2.048275262356E-05
    1.616953603172E-04   -6.951130413514E-06    2.206370022540E-05    4.326262339446E-05   -9.477854565360E-05    0.000000000000E+00    9.662589309230E-05    4.856822631715E-05   -3.297553769916E-05    2.536868449015E-05
    1.392187240274E-04   -5.473820788220E-06    1.667567981772E-05    2.935378852872E-05   -4.808762548767E-05   -9.662589309230E-05    0.000000000000E+00    9.244433708253E-05   -4.622080099779E-05    3.140170925951E-05
    1.109619415309E-04   -4.520503982656E-06    1.346393057927E-05    2.242974438422E-05   -3.264161804746E-05   -4.856822631715E-05   -9.244433708253E-05    0.000000000000E+00   -8.489701012225E-05    4.234338903369E-05
   -8.253978432868E-05    3.843146407515E-06   -1.130527646497E-05   -1.828224209895E-05    2.505968174211E-05    3.297553769917E-05    4.622080099780E-05    8.489701012225E-05    0.000000000000E+00   -7.595349266783E-05
    5.693608304487E-05   -3.310576895216E-06    9.677173964659E-06    1.541151987843E-05   -2.048275262356E-05   -2.536868449015E-05   -3.140170925951E-05   -4.234338903370E-05    7.595349266782E-05    0.000000000000E+00
   46.794932256738335     
    0.000000000000E+00   -3.941588486697E-05    1.082782397190E-04    1.523195062005E-04   -1.677355603178E-04   -1.599897188046E-04   -1.381809234376E-04   -1.105226267454E-04    8.255899789321E-05   -5.727042059247E-05
    3.941588486697E-05    0.000000000000E+00   -2.665141781999E-05   -1.408223309487E-05    9.320001353508E-06    6.849126334614E-06    5.392335897075E-06    4.452431701771E-06   -3.785665918078E-06    3.262743872262E-06
   -1.082782397190E-04    2.665141781999E-05    0.000000000000E+00    6.109972717548E-05   -3.216144792539E-05   -2.175401625871E-05   -1.643853967644E-05   -1.326966129388E-05    1.114244175429E-05   -9.541843547908E-06
   -1.523195062005E-04    1.408223309487E-05   -6.109972717548E-05    0.000000000000E+00   -8.288181848664E-05   -4.270349965571E-05   -2.897189062412E-05   -2.213252317206E-05    1.803806063030E-05   -1.520949762804E-05
    1.677355603178E-04   -9.320001353508E-06    3.216144792539E-05    8.288181848664E-05    0.000000000000E+00    9.367506550506E-05    4.753521489259E-05    3.226039296150E-05   -2.476115249622E-05    2.023913720142E-05
    1.599897188046E-04   -6.849126334614E-06    2.175401625871E-05    4.270349965571E-05   -9.367506550505E-05    0.000000000000E+00    9.566142334729E-05    4.808545618530E-05   -3.263915940388E-05    2.510467740588E-05
    1.381809234376E-04   -5.392335897075E-06    1.643853967644E-05    2.897189062412E-05   -4.753521489259E-05   -9.566142334730E-05    0.000000000000E+00    9.167292108800E-05   -4.583220979325E-05    3.112784582011E-05
    1.105226267454E-04   -4.452431701771E-06    1.326966129388E-05    2.213252317206E-05   -3.226039296150E-05   -4.808545618530E-05   -9.167292108800E-05    0.000000000000E+00   -8.431832510333E-05    4.204797651102E-05
   -8.255899789321E-05    3.785665918078E-06   -1.114244175429E-05   -1.803806063030E-05    2.476115249622E-05    3.263915940388E-05    4.583220979325E-05    8.431832510333E-05    0.000000000000E+00   -7.554033302794E-05
    5.727042059247E-05   -3.262743872262E-06    9.541843547907E-06    1.520949762804E-05   -2.023913720142E-05   -2.510467740588E-05   -3.112784582010E-05   -4.204797651103E-05    7.554033302793E-05    0.000000000000E+00
   47.037707108824698     
    0.000000000000E+00   -3.869533535084E-05    1.063991262134E-04    1.499380153560E-04   -1.655010791163E-04   -1.582950435777E-04   -1.371400604428E-04   -1.100715176707E-04    8.256236690367E-05   -5.758801036309E-05
    3.869533535083E-05    0.000000000000E+00   -2.624359793091E-05   -1.387248068833E-05    9.183691722635E-06    6.748904157691E-06    5.312311912458E-06    4.385572317146E-06   -3.729152065639E-06    3.215621519458E-06
   -1.063991262134E-04    2.624359793090E-05    0.000000000000E+00    6.021631116780E-05   -3.170856459096E-05   -2.144937044611E-05   -1.620538445483E-05   -1.307866993331E-05    1.098222181286E-05   -9.408440148728E-06
   -1.499380153560E-04    1.387248068833E-05   -6.021631116780E-05    0.000000000000E+00   -8.178894051875E-05   -4.215224892344E-05   -2.859558510340E-05   -2.183976986796E-05    1.779744566801E-05   -1.501012415675E-05
    1.655010791163E-04   -9.183691722634E-06    3.170856459095E-05    8.178894051875E-05    0.000000000000E+00    9.258418841541E-05    4.698924540906E-05    3.188387512369E-05   -2.446635655402E-05    1.999834301581E-05
    1.582950435777E-04   -6.748904157691E-06    2.144937044611E-05    4.215224892344E-05   -9.258418841541E-05    0.000000000000E+00    9.470502524660E-05    4.760698656511E-05   -3.230604051674E-05    2.484320851354E-05
    1.371400604428E-04   -5.312311912458E-06    1.620538445483E-05    2.859558510340E-05   -4.698924540906E-05   -9.470502524660E-05    0.000000000000E+00    9.090546992197E-05   -4.544596324796E-05    3.085588639882E-05
    1.100715176707E-04   -4.385572317147E-06    1.307866993331E-05    2.183976986797E-05   -3.188387512369E-05   -4.760698656511E-05   -9.090546992197E-05    0.000000000000E+00   -8.374068473988E-05    4.175350535949E-05
   -8.256236690367E-05    3.729152065639E-06   -1.098222181286E-05   -1.779744566801E-05    2.446635655402E-05    3.230604051674E-05    4.544596324796E-05    8.374068473988E-05    0.000000000000E+00   -7.512648643959E-05
    5.758801036308E-05   -3.215621519458E-06    9.408440148728E-06    1.501012415675E-05   -1.999834301581E-05   -2.484320851354E-05   -3.085588639882E-05   -4.175350535949E-05    7.512648643960E-05    0.000000000000E+00
   47.281110097656416     
    0.000000000000E+00   -3.798980917178E-05    1.045564026171E-04    1.475958461844E-04   -1.632942193305E-04   -1.566115485503E-04   -1.360965511643E-04   -1.096090646273E-04    8.255028696804E-05   -5.788916372486E-05
    3.798980917178E-05    0.000000000000E+00   -2.584298257159E-05   -1.366631980116E-05    9.049701035673E-06    6.650428317128E-06    5.233719296340E-06    4.319903036596E-06   -3.673589949602E-06    3.169203001337E-06
   -1.045564026171E-04    2.584298257159E-05    0.000000000000E+00    5.934728434011E-05   -3.126289973057E-05   -2.114967262697E-05   -1.597614025132E-05   -1.289089917320E-05    1.082457921714E-05   -9.276947412216E-06
   -1.475958461844E-04    1.366631980116E-05   -5.934728434011E-05    0.000000000000E+00   -8.071152982255E-05   -4.160876362641E-05   -2.822478800362E-05   -2.155141813659E-05    1.756035350574E-05   -1.481338203323E-05
    1.632942193305E-04   -9.049701035674E-06    3.126289973057E-05    8.071152982255E-05    0.000000000000E+00    9.150582209702E-05    4.644965938832E-05    3.151201546688E-05   -2.417525951219E-05    1.976035794337E-05
    1.566115485503E-04   -6.650428317128E-06    2.114967262697E-05    4.160876362641E-05   -9.150582209702E-05    0.000000000000E+00    9.375670717867E-05    4.713280758447E-05   -3.197616736768E-05    2.458427416287E-05
    1.360965511643E-04   -5.233719296341E-06    1.597614025132E-05    2.822478800362E-05   -4.644965938832E-05   -9.375670717866E-05    0.000000000000E+00    9.014204911141E-05   -4.506207992841E-05    3.058583918996E-05
    1.096090646273E-04   -4.319903036596E-06    1.289089917320E-05    2.155141813658E-05   -3.151201546687E-05   -4.713280758447E-05   -9.014204911141E-05    0.000000000000E+00   -8.316417164619E-05    4.146000380876E-05
   -8.255028696804E-05    3.673589949602E-06   -1.082457921714E-05   -1.756035350573E-05    2.417525951219E-05    3.197616736768E-05    4.506207992840E-05    8.316417164618E-05    0.000000000000E+00   -7.471202894471E-05
    5.788916372486E-05   -3.169203001337E-06    9.276947412216E-06    1.481338203324E-05   -1.976035794337E-05   -2.458427416287E-05   -3.058583918996E-05   -4.146000380876E-05    7.471202894471E-05    0.000000000000E+00
   47.525141223233526     
    0.000000000000E+00   -3.729895364162E-05    1.027492979076E-04    1.452923528651E-04   -1.611147655247E-04   -1.549394104316E-04   -1.350507765118E-04   -1.091356888312E-04    8.252313116008E-05   -5.817417512203E-05
    3.729895364162E-05    0.000000000000E+00   -2.544942623940E-05   -1.346367995620E-05    8.917982853844E-06    6.553662168313E-06    5.156527773203E-06    4.255400422515E-06   -3.618963982621E-06    3.123480724013E-06
   -1.027492979076E-04    2.544942623940E-05    0.000000000000E+00    5.849238633401E-05   -3.082432278625E-05   -2.085482830574E-05   -1.575073030555E-05   -1.270628939633E-05    1.066947432247E-05   -9.147346667974E-06
   -1.452923528651E-04    1.346367995620E-05   -5.849238633401E-05    0.000000000000E+00   -7.964936029950E-05   -4.107292508025E-05   -2.785940866133E-05   -2.126739685597E-05    1.732673636302E-05   -1.461924994669E-05
    1.611147655247E-04   -8.917982853845E-06    3.082432278625E-05    7.964936029950E-05    0.000000000000E+00    9.043984510096E-05    4.591638553715E-05    3.114475649290E-05   -2.388782072661E-05    1.952516453873E-05
    1.549394104316E-04   -6.553662168313E-06    2.085482830574E-05    4.107292508025E-05   -9.043984510095E-05    0.000000000000E+00    9.281644642946E-05    4.666289497416E-05   -3.164951727777E-05    2.432786397983E-05
    1.350507765118E-04   -5.156527773203E-06    1.575073030555E-05    2.785940866133E-05   -4.591638553714E-05   -9.281644642947E-05    0.000000000000E+00    8.938269444012E-05   -4.468056471541E-05    3.031770380028E-05
    1.091356888312E-04   -4.255400422514E-06    1.270628939633E-05    2.126739685597E-05   -3.114475649290E-05   -4.666289497416E-05   -8.938269444012E-05    0.000000000000E+00   -8.258884177326E-05    4.116748788231E-05
   -8.252313116008E-05    3.618963982621E-06   -1.066947432247E-05   -1.732673636302E-05    2.388782072661E-05    3.164951727777E-05    4.468056471542E-05    8.258884177326E-05    0.000000000000E+00   -7.429701349355E-05
    5.817417512203E-05   -3.123480724013E-06    9.147346667974E-06    1.461924994669E-05   -1.952516453873E-05   -2.432786397983E-05   -3.031770380029E-05   -4.116748788231E-05    7.429701349355E-05    0.000000000000E+00
   47.769800485555990     
    0.000000000000E+00   -3.662242548156E-05    1.009770590918E-04    1.430268995447E-04   -1.589624992951E-04   -1.532787958892E-04   -1.340031070719E-04   -1.086518040458E-04    8.248126827960E-05   -5.844333717863E-05
    3.662242548156E-05    0.000000000000E+00   -2.506278706479E-05   -1.326449242442E-05    8.788491948401E-06    6.458570048243E-06    5.080707826018E-06    4.192041512722E-06   -3.565258750431E-06    3.078447005556E-06
   -1.009770590918E-04    2.506278706479E-05    0.000000000000E+00    5.765136265976E-05   -3.039270627080E-05   -2.056474533348E-05   -1.552907967249E-05   -1.252478212001E-05    1.051686785628E-05   -9.019618933754E-06
   -1.430268995447E-04    1.326449242442E-05   -5.765136265976E-05    0.000000000000E+00   -7.860221002311E-05   -4.054461704548E-05   -2.749935831298E-05   -2.098763611193E-05    1.709654678421E-05   -1.442770603999E-05
    1.589624992951E-04   -8.788491948401E-06    3.039270627080E-05    7.860221002312E-05    0.000000000000E+00    8.938613744957E-05    4.538935372393E-05    3.078204154552E-05   -2.360399974153E-05    1.929274474186E-05
    1.532787958892E-04   -6.458570048243E-06    2.056474533348E-05    4.054461704548E-05   -8.938613744957E-05    0.000000000000E+00    9.188422016534E-05    4.619722475887E-05   -3.132606767341E-05    2.407396715568E-05
    1.340031070719E-04   -5.080707826017E-06    1.552907967249E-05    2.749935831298E-05   -4.538935372393E-05   -9.188422016533E-05    0.000000000000E+00    8.862744131194E-05   -4.430142255760E-05    3.005147972540E-05
    1.086518040458E-04   -4.192041512722E-06    1.252478212001E-05    2.098763611193E-05   -3.078204154552E-05   -4.619722475887E-05   -8.862744131195E-05    0.000000000000E+00   -8.201475112994E-05    4.087597380908E-05
   -8.248126827960E-05    3.565258750431E-06   -1.051686785628E-05   -1.709654678421E-05    2.360399974153E-05    3.132606767341E-05    4.430142255759E-05    8.201475112994E-05    0.000000000000E+00   -7.388149362376E-05
    5.844333717863E-05   -3.078447005556E-06    9.019618933754E-06    1.442770603999E-05   -1.929274474186E-05   -2.407396715568E-05   -3.005147972539E-05   -4.087597380908E-05    7.388149362376E-05    0.000000000000E+00
   48.015087884623846     
    0.000000000000E+00   -3.595989215556E-05    9.923895525282E-05    1.407988667369E-04   -1.568372069872E-04   -1.516298694143E-04   -1.329539103527E-04   -1.081578229179E-04    8.242506823469E-05   -5.869694519261E-05
    3.595989215556E-05    0.000000000000E+00   -2.468292917869E-05   -1.306869147182E-05    8.661185103000E-06    6.365117834625E-06    5.006231106609E-06    4.129804135893E-06   -3.512459262292E-06    3.034094278373E-06
   -9.923895525282E-05    2.468292917869E-05    0.000000000000E+00    5.682397022192E-05   -2.996792862027E-05   -2.027933574933E-05   -1.531111652204E-05   -1.234632096990E-05    1.036672167773E-05   -8.893745522205E-06
   -1.407988667369E-04    1.306869147182E-05   -5.682397022192E-05    0.000000000000E+00   -7.756986885323E-05   -4.002372952882E-05   -2.714455252078E-05   -2.071206891575E-05    1.686973892941E-05   -1.423872891607E-05
    1.568372069872E-04   -8.661185103000E-06    2.996792862027E-05    7.756986885322E-05    0.000000000000E+00    8.834458937191E-05    4.486849921869E-05    3.042381749395E-05   -2.332375818117E-05    1.906308129446E-05
    1.516298694143E-04   -6.365117834625E-06    2.027933574933E-05    4.002372952882E-05   -8.834458937191E-05    0.000000000000E+00    9.096001439529E-05    4.573577754162E-05   -3.100579877264E-05    2.382257433054E-05
    1.329539103527E-04   -5.006231106610E-06    1.531111652204E-05    2.714455252078E-05   -4.486849921869E-05   -9.096001439530E-05    0.000000000000E+00    8.787633337497E-05   -4.392466253696E-05    2.978716888165E-05
    1.081578229179E-04   -4.129804135893E-06    1.234632096990E-05    2.071206891575E-05   -3.042381749396E-05   -4.573577754162E-05   -8.787633337497E-05    0.000000000000E+00   -8.144196372528E-05    4.058548174144E-05
   -8.242506823469E-05    3.512459262292E-06   -1.036672167773E-05   -1.686973892941E-05    2.332375818117E-05    3.100579877263E-05    4.392466253696E-05    8.144196372527E-05    0.000000000000E+00   -7.346553060542E-05
    5.869694519261E-05   -3.034094278373E-06    8.893745522205E-06    1.423872891607E-05   -1.906308129446E-05   -2.382257433054E-05   -2.978716888165E-05   -4.058548174144E-05    7.346553060542E-05    0.000000000000E+00
   48.261003420437056     
    0.000000000000E+00   -3.531103023784E-05    9.753427332348E-05    1.386076457891E-04   -1.547386737289E-04   -1.499927873662E-04   -1.319035451492E-04   -1.076541518681E-04    8.235489756625E-05   -5.893529329683E-05
    3.531103023785E-05    0.000000000000E+00   -2.430972040849E-05   -1.287621315279E-05    8.536020329164E-06    6.273272392181E-06    4.933070033189E-06    4.068666615898E-06   -3.460550732960E-06    2.990414926660E-06
   -9.753427332348E-05    2.430972040849E-05    0.000000000000E+00    5.600997210203E-05   -2.954987148826E-05   -1.999851401195E-05   -1.509677089518E-05   -1.217085077932E-05    1.021899811750E-05   -8.769707550020E-06
   -1.386076457891E-04    1.287621315279E-05   -5.600997210203E-05    0.000000000000E+00   -7.655213146344E-05   -3.951015526834E-05   -2.679490891921E-05   -2.044062963562E-05    1.664626744446E-05   -1.405229680494E-05
    1.547386737289E-04   -8.536020329164E-06    2.954987148825E-05    7.655213146345E-05    0.000000000000E+00    8.731509341317E-05    4.435375882823E-05    3.007003228888E-05   -2.304705806073E-05    1.883615651948E-05
    1.499927873662E-04   -6.273272392181E-06    1.999851401195E-05    3.951015526834E-05   -8.731509341317E-05    0.000000000000E+00    9.004381583566E-05    4.527853457925E-05   -3.068869112635E-05    2.357367589414E-05
    1.319035451492E-04   -4.933070033189E-06    1.509677089518E-05    2.679490891921E-05   -4.435375882823E-05   -9.004381583567E-05    0.000000000000E+00    8.712941454696E-05   -4.355029406991E-05    2.952477323291E-05
    1.076541518681E-04   -4.068666615898E-06    1.217085077932E-05    2.044062963562E-05   -3.007003228888E-05   -4.527853457925E-05   -8.712941454696E-05    0.000000000000E+00   -8.087054403353E-05    4.029603218008E-05
   -8.235489756625E-05    3.460550732960E-06   -1.021899811750E-05   -1.664626744446E-05    2.304705806073E-05    3.068869112635E-05    4.355029406991E-05    8.087054403354E-05    0.000000000000E+00   -7.304918645561E-05
    5.893529329683E-05   -2.990414926661E-06    8.769707550020E-06    1.405229680494E-05   -1.883615651948E-05   -2.357367589414E-05   -2.952477323291E-05   -4.029603218008E-05    7.304918645560E-05    0.000000000000E+00
   48.507547092995651     
    0.000000000000E+00   -3.467551959287E-05    9.586230218087E-05    1.364526163691E-04   -1.526666578794E-04   -1.483676721712E-04   -1.308523373626E-04   -1.071411695882E-04    8.227110100384E-05   -5.915865902211E-05
    3.467551959287E-05    0.000000000000E+00   -2.394302391061E-05   -1.268699092622E-05    8.412954030848E-06    6.182999588972E-06    4.861196348446E-06    4.008606702096E-06   -3.409517777870E-06    2.947400673347E-06
   -9.586230218086E-05    2.394302391061E-05    0.000000000000E+00    5.520911849209E-05   -2.913840988624E-05   -1.972219061327E-05   -1.488597022421E-05   -1.199831432784E-05    1.007365755051E-05   -8.647484101942E-06
   -1.364526163691E-04    1.268699092622E-05   -5.520911849209E-05    0.000000000000E+00   -7.554877159227E-05   -3.900377687488E-05   -2.645033902165E-05   -2.017324830249E-05    1.642608333028E-05   -1.386838448778E-05
    1.526666578794E-04   -8.412954030848E-06    2.913840988624E-05    7.554877159227E-05    0.000000000000E+00    8.629751546888E-05    4.384505682253E-05    2.972062613963E-05   -2.277385570563E-05    1.861194792394E-05
    1.483676721712E-04   -6.182999588972E-06    1.972219061327E-05    3.900377687488E-05   -8.629751546887E-05    0.000000000000E+00    8.913558242649E-05    4.482546376085E-05   -3.037471693222E-05    2.332725603592E-05
    1.308523373626E-04   -4.861196348446E-06    1.488597022421E-05    2.645033902165E-05   -4.384505682253E-05   -8.913558242648E-05    0.000000000000E+00    8.638670091289E-05   -4.317831373431E-05    2.926428669864E-05
    1.071411695882E-04   -4.008606702096E-06    1.199831432784E-05    2.017324830249E-05   -2.972062613963E-05   -4.482546376085E-05   -8.638670091289E-05    0.000000000000E+00   -8.030053135932E-05    4.000763408234E-05
   -8.227110100384E-05    3.409517777870E-06   -1.007365755051E-05   -1.642608333028E-05    2.277385570563E-05    3.037471693222E-05    4.317831373431E-05    8.030053135934E-05    0.000000000000E+00   -7.263250126290E-05
    5.915865902212E-05   -2.947400673347E-06    8.647484101942E-06    1.386838448779E-05   -1.861194792394E-05   -2.332725603592E-05   -2.926428669864E-05   -4.000763408234E-05    7.263250126291E-05    0.000000000000E+00
   48.754718902299608     
    0.000000000000E+00   -3.405305514341E-05    9.422236569163E-05    1.343331947581E-04   -1.506209468621E-04   -1.467546688692E-04   -1.298006327527E-04   -1.066192737587E-04    8.217404149943E-05   -5.936733687906E-05
    3.405305514341E-05    0.000000000000E+00   -2.358271638764E-05   -1.250096521981E-05    8.291947184288E-06    6.094268616784E-06    4.790584272479E-06    3.949603936575E-06   -3.359346228026E-06    2.905043993214E-06
   -9.422236569163E-05    2.358271638764E-05    0.000000000000E+00    5.442118852430E-05   -2.873343381695E-05   -1.945028608474E-05   -1.467864918756E-05   -1.182865958920E-05    9.930663881635E-06   -8.527056466074E-06
   -1.343331947581E-04    1.250096521981E-05   -5.442118852430E-05    0.000000000000E+00   -7.455959897283E-05   -3.850449527844E-05   -2.611076638113E-05   -1.990986332412E-05    1.620914329017E-05   -1.368697038180E-05
    1.506209468621E-04   -8.291947184288E-06    2.873343381695E-05    7.455959897283E-05    0.000000000000E+00    8.529175931181E-05    4.334233633449E-05    2.937555129361E-05   -2.250411551457E-05    1.839043829371E-05
    1.467546688692E-04   -6.094268616784E-06    1.945028608474E-05    3.850449527844E-05   -8.529175931181E-05    0.000000000000E+00    8.823530941756E-05    4.437655115194E-05   -3.006385970415E-05    2.308330636257E-05
    1.298006327526E-04   -4.790584272479E-06    1.467864918756E-05    2.611076638113E-05   -4.334233633450E-05   -8.823530941756E-05    0.000000000000E+00    8.564824419457E-05   -4.280873517094E-05    2.900571366744E-05
    1.066192737587E-04   -3.949603936575E-06    1.182865958920E-05    1.990986332412E-05   -2.937555129361E-05   -4.437655115194E-05   -8.564824419457E-05    0.000000000000E+00   -7.973199830445E-05    3.972031216748E-05
   -8.217404149943E-05    3.359346228026E-06   -9.930663881634E-06   -1.620914329017E-05    2.250411551457E-05    3.006385970415E-05    4.280873517094E-05    7.973199830444E-05    0.000000000000E+00   -7.221554560372E-05
    5.936733687906E-05   -2.905043993214E-06    8.527056466074E-06    1.368697038180E-05   -1.839043829371E-05   -2.308330636257E-05   -2.900571366744E-05   -3.972031216748E-05    7.221554560372E-05    0.000000000000E+00
   49.002518848348949     
    0.000000000000E+00   -3.344333582831E-05    9.261379224184E-05    1.322487902470E-04   -1.486013073340E-04   -1.451538946727E-04   -1.287487496091E-04   -1.060888388142E-04    8.206406376191E-05   -5.956160754049E-05
    3.344333582831E-05    0.000000000000E+00   -2.322867121663E-05   -1.231807457058E-05    8.172959598832E-06    6.007047965409E-06    4.721207561719E-06    3.891637452409E-06   -3.310021452745E-06    2.863336816621E-06
   -9.261379224185E-05    2.322867121663E-05    0.000000000000E+00    5.364595161471E-05   -2.833482824437E-05   -1.918271798672E-05   -1.447474053902E-05   -1.166183299741E-05    9.789979474313E-06   -8.408404243086E-06
   -1.322487902470E-04    1.231807457058E-05   -5.364595161471E-05    0.000000000000E+00   -7.358440679553E-05   -3.801220339960E-05   -2.577610973563E-05   -1.965040968044E-05    1.599540107285E-05   -1.350803000648E-05
    1.486013073340E-04   -8.172959598833E-06    2.833482824437E-05    7.358440679553E-05    0.000000000000E+00    8.429770694811E-05    4.284553024039E-05    2.903475364906E-05   -2.223779716113E-05    1.817160632111E-05
    1.451538946727E-04   -6.007047965409E-06    1.918271798672E-05    3.801220339960E-05   -8.429770694811E-05    0.000000000000E+00    8.734296798788E-05    4.393177158799E-05   -2.975609588498E-05    2.284181315260E-05
    1.287487496091E-04   -4.721207561719E-06    1.447474053903E-05    2.577610973563E-05   -4.284553024039E-05   -8.734296798787E-05    0.000000000000E+00    8.491407236306E-05   -4.244156098375E-05    2.874905153622E-05
    1.060888388142E-04   -3.891637452409E-06    1.166183299741E-05    1.965040968044E-05   -2.903475364905E-05   -4.393177158799E-05   -8.491407236306E-05    0.000000000000E+00   -7.916499554532E-05    3.943408099447E-05
   -8.206406376191E-05    3.310021452745E-06   -9.789979474313E-06   -1.599540107285E-05    2.223779716113E-05    2.975609588497E-05    4.244156098375E-05    7.916499554531E-05    0.000000000000E+00   -7.179837049304E-05
    5.956160754049E-05   -2.863336816621E-06    8.408404243086E-06    1.350803000648E-05   -1.817160632112E-05   -2.284181315260E-05   -2.874905153622E-05   -3.943408099447E-05    7.179837049303E-05    0.000000000000E+00
   49.250946931143645     
    0.000000000000E+00   -3.284606686963E-05    9.103592129269E-05    1.301988150394E-04   -1.466074968645E-04   -1.435654508513E-04   -1.276969898421E-04   -1.055502258083E-04    8.194150281758E-05   -5.974174517251E-05
    3.284606686963E-05    0.000000000000E+00   -2.288076258341E-05   -1.213825780390E-05    8.055951329499E-06    5.921306414366E-06    4.653040240455E-06    3.834686533505E-06   -3.261528800589E-06    2.822270883538E-06
   -9.103592129269E-05    2.288076258340E-05    0.000000000000E+00    5.288317704969E-05   -2.794247807440E-05   -1.891940414831E-05   -1.427417741057E-05   -1.149778117067E-05    9.651566488736E-06   -8.291506410469E-06
   -1.301988150394E-04    1.213825780390E-05   -5.288317704969E-05    0.000000000000E+00   -7.262298494651E-05   -3.752679280401E-05   -2.544628729823E-05   -1.939482197458E-05    1.578480976729E-05   -1.333153777200E-05
    1.466074968645E-04   -8.055951329499E-06    2.794247807441E-05    7.262298494650E-05    0.000000000000E+00    8.331523389028E-05    4.235456867147E-05    2.869817755556E-05   -2.197485900315E-05    1.795542917067E-05
    1.435654508513E-04   -5.921306414365E-06    1.891940414831E-05    3.752679280401E-05   -8.331523389027E-05    0.000000000000E+00    8.645852126739E-05    4.349109643228E-05   -2.945139977688E-05    2.260276085200E-05
    1.276969898421E-04   -4.653040240455E-06    1.427417741057E-05    2.544628729823E-05   -4.235456867147E-05   -8.645852126740E-05    0.000000000000E+00    8.418420549026E-05   -4.207679035341E-05    2.849429553287E-05
    1.055502258083E-04   -3.834686533505E-06    1.149778117067E-05    1.939482197458E-05   -2.869817755556E-05   -4.349109643228E-05   -8.418420549025E-05    0.000000000000E+00   -7.859956701693E-05    3.914895221731E-05
   -8.194150281757E-05    3.261528800589E-06   -9.651566488737E-06   -1.578480976729E-05    2.197485900315E-05    2.945139977688E-05    4.207679035341E-05    7.859956701693E-05    0.000000000000E+00   -7.138102164232E-05
    5.974174517251E-05   -2.822270883538E-06    8.291506410469E-06    1.333153777200E-05   -1.795542917067E-05   -2.260276085200E-05   -2.849429553287E-05   -3.914895221731E-05    7.138102164234E-05    0.000000000000E+00
   49.500003150683732     
    0.000000000000E+00   -3.226096555886E-05    8.948811979773E-05    1.281827085728E-04   -1.446392923583E-04   -1.419894517205E-04   -1.266456661145E-04   -1.050038064717E-04    8.180670461598E-05   -5.990803468252E-05
    3.226096555886E-05    0.000000000000E+00   -2.253887440869E-05   -1.196145872735E-05    7.940885710322E-06    5.837015153742E-06    4.586058148444E-06    3.778731777978E-06   -3.213854493056E-06    2.781838440841E-06
   -8.948811979773E-05    2.253887440869E-05    0.000000000000E+00    5.213265455802E-05   -2.755627879750E-05   -1.866026955897E-05   -1.407689815940E-05   -1.133645447868E-05    9.515389585571E-06   -8.176343413219E-06
   -1.281827085728E-04    1.196145872735E-05   -5.213265455802E-05    0.000000000000E+00   -7.167514808064E-05   -3.704816773538E-05   -2.512122570856E-05   -1.914304069840E-05    1.557732641013E-05   -1.315747047302E-05
    1.446392923583E-04   -7.940885710322E-06    2.755627879749E-05    7.167514808065E-05    0.000000000000E+00    8.234424104604E-05    4.186939450894E-05    2.836577556286E-05   -2.171526485779E-05    1.774188744334E-05
    1.419894517205E-04   -5.837015153742E-06    1.866026955897E-05    3.704816773538E-05   -8.234424104604E-05    0.000000000000E+00    8.558195693478E-05    4.305450910694E-05   -2.914975320089E-05    2.236613874436E-05
    1.266456661145E-04   -4.586058148444E-06    1.407689815940E-05    2.512122570856E-05   -4.186939450894E-05   -8.558195693478E-05    0.000000000000E+00    8.345868693547E-05   -4.171443367369E-05    2.824144774132E-05
    1.050038064717E-04   -3.778731777978E-06    1.133645447868E-05    1.914304069840E-05   -2.836577556286E-05   -4.305450910694E-05   -8.345868693546E-05    0.000000000000E+00   -7.803577841219E-05    3.886494782705E-05
   -8.180670461599E-05    3.213854493056E-06   -9.515389585571E-06   -1.557732641013E-05    2.171526485779E-05    2.914975320089E-05    4.171443367369E-05    7.803577841220E-05    0.000000000000E+00   -7.096356474041E-05
    5.990803468252E-05   -2.781838440841E-06    8.176343413219E-06    1.315747047302E-05   -1.774188744334E-05   -2.236613874436E-05   -2.824144774133E-05   -3.886494782704E-05    7.096356474039E-05    0.000000000000E+00
   49.749687506969174     
    0.000000000000E+00   -3.168775007290E-05    8.796975119930E-05    1.261998928396E-04   -1.426964386106E-04   -1.404259721780E-04   -1.255950522915E-04   -1.044499187406E-04    8.165998745818E-05   -6.006073901197E-05
    3.168775007290E-05    0.000000000000E+00   -2.220288322248E-05   -1.178761712086E-05    7.827723506603E-06    5.754143672665E-06    4.520235930833E-06    3.723752839812E-06   -3.166983901133E-06    2.742030908592E-06
   -8.796975119930E-05    2.220288322248E-05    0.000000000000E+00    5.139415494477E-05   -2.717611605253E-05   -1.840523306294E-05   -1.388283697068E-05   -1.117780012825E-05    9.381410709879E-06   -8.062893157102E-06
   -1.261998928396E-04    1.178761712086E-05   -5.139415494477E-05    0.000000000000E+00   -7.074068192175E-05   -3.657621814070E-05   -2.480084273363E-05   -1.889500009468E-05    1.537290307191E-05   -1.298580055447E-05
    1.426964386106E-04   -7.827723506602E-06    2.717611605254E-05    7.074068192175E-05    0.000000000000E+00    8.138459347904E-05    4.138993344297E-05    2.803748948716E-05   -2.145897080961E-05    1.753095550963E-05
    1.404259721780E-04   -5.754143672664E-06    1.840523306294E-05    3.657621814070E-05   -8.138459347904E-05    0.000000000000E+00    8.471322401292E-05    4.262197477391E-05   -2.885112652731E-05    2.213192779814E-05
    1.255950522915E-04   -4.520235930833E-06    1.388283697068E-05    2.480084273363E-05   -4.138993344297E-05   -8.471322401292E-05    0.000000000000E+00    8.273752204816E-05   -4.135448354347E-05    2.799049907863E-05
    1.044499187406E-04   -3.723752839812E-06    1.117780012825E-05    1.889500009468E-05   -2.803748948715E-05   -4.262197477391E-05   -8.273752204817E-05    0.000000000000E+00   -7.747366016500E-05    3.858207339718E-05
   -8.165998745818E-05    3.166983901133E-06   -9.381410709879E-06   -1.537290307191E-05    2.145897080961E-05    2.885112652731E-05    4.135448354347E-05    7.747366016500E-05    0.000000000000E+00   -7.054603381397E-05
    6.006073901197E-05   -2.742030908592E-06    8.062893157102E-06    1.298580055447E-05   -1.753095550963E-05   -2.213192779815E-05   -2.799049907863E-05   -3.858207339718E-05    7.054603381398E-05    0.000000000000E+00
   50.000000000000000     
    0.000000000000E+00   -3.112615490870E-05    8.648021882260E-05    1.242498360649E-04   -1.407787225652E-04   -1.388751238388E-04   -1.245454554641E-04   -1.038889314803E-04    8.150169827903E-05   -6.020014705428E-05
    3.112615490870E-05    0.000000000000E+00   -2.187268288324E-05   -1.161668176600E-05    7.716431379383E-06    5.672665716001E-06    4.455551412939E-06    3.669731732965E-06   -3.120904092168E-06    2.702840874194E-06
   -8.648021882260E-05    2.187268288324E-05    0.000000000000E+00    5.066748717926E-05   -2.680189530735E-05   -1.815422670412E-05   -1.369193755841E-05   -1.102177230332E-05    9.249596810090E-06   -7.951137003236E-06
   -1.242498360649E-04    1.161668176600E-05   -5.066748717926E-05    0.000000000000E+00   -6.981942161302E-05   -3.611085908748E-05   -2.448507260729E-05   -1.865064601853E-05    1.517150007260E-05   -1.281650619178E-05
    1.407787225652E-04   -7.716431379384E-06    2.680189530736E-05    6.981942161302E-05    0.000000000000E+00    8.043621029816E-05    4.091613802692E-05    2.771327836865E-05   -2.120594480248E-05    1.732261597999E-05
    1.388751238388E-04   -5.672665716001E-06    1.815422670412E-05    3.611085908749E-05   -8.043621029816E-05    0.000000000000E+00    8.385232621998E-05    4.219348525106E-05   -2.855550690277E-05    2.190012035991E-05
    1.245454554641E-04   -4.455551412939E-06    1.369193755841E-05    2.448507260729E-05   -4.091613802692E-05   -8.385232621998E-05    0.000000000000E+00    8.202076928480E-05   -4.099695805259E-05    2.774145632224E-05
    1.038889314803E-04   -3.669731732965E-06    1.102177230332E-05    1.865064601853E-05   -2.771327836865E-05   -4.219348525106E-05   -8.202076928480E-05    0.000000000000E+00   -7.691329285207E-05    3.830035833236E-05
   -8.150169827904E-05    3.120904092168E-06   -9.249596810090E-06   -1.517150007260E-05    2.120594480248E-05    2.855550690277E-05    4.099695805259E-05    7.691329285206E-05    0.000000000000E+00   -7.012850924837E-05
    6.020014705428E-05   -2.702840874193E-06    7.951137003236E-06    1.281650619178E-05   -1.732261597999E-05   -2.190012035991E-05   -2.774145632224E-05   -3.830035833236E-05    7.012850924838E-05    0.000000000000E+00
