   9.9999999999999995E-007
    1.559068710917E+02    5.601224149175E-48    2.418347313699E-48    1.657937227270E-47    5.799487241091E-48    8.690246502981E-48   -2.757772405995E-48    1.054624871350E-48   -9.529529331863E-49   -4.262191241240E-49
    7.163613268795E-48    3.117691453657E+13   -1.003867402098E-47   -2.953807278482E-47   -3.286919804900E-49   -2.134273982074E-49   -1.303424223518E-47    1.499582486283E-47    2.703812076743E-48    9.375671192570E-49
    1.719426187369E-46    1.791153729854E-48    1.247076581453E+14   -3.921272098100E-47    1.256920430526E-48   -2.245455602576E-47   -1.128786677596E-48   -1.081172115179E-47    4.837624001274E-48    2.705216836209E-48
    2.363781967558E-47    4.417104124324E-48   -3.911448829976E-47    2.805922308265E+14   -2.017040878609E-47    9.131680892301E-47   -9.463379516134E-48    1.790096768706E-47   -1.047013914809E-47   -7.608348924513E-48
    3.260108352815E-47   -2.395189204555E-47   -1.806515116776E-47   -2.459375408155E-47    4.988306325802E+14    3.165599069430E-47    3.096287221643E-48    1.350862908166E-47   -9.076125740058E-48    9.182288406907E-49
    7.564917377240E-48   -6.086318597630E-48   -2.427123783880E-47    7.498398847270E-47    3.563693954978E-47    7.794228634063E+14   -4.653595970613E-48    1.134501742306E-47   -4.190168752309E-48   -1.640464278359E-48
   -1.244759464147E-47   -1.774134798052E-48    7.407514603497E-49   -1.562026262946E-47    1.019473620818E-48   -8.559280375313E-48    1.122368923305E+15    7.358968494452E-50   -2.246651171056E-48    7.772219485944E-48
   -1.022473829132E-47    9.700420430602E-49   -1.167317505638E-47    1.780148056811E-47    1.316531504958E-47    1.354934116160E-47    2.942576039258E-49    1.527668812276E+15   -6.310146122221E-48   -5.830675705922E-49
   -1.250608602458E-49    1.810815243130E-48    5.378500886373E-48   -1.344005686281E-47   -9.285995560700E-48   -7.258706225140E-48   -1.610189573708E-48   -6.764991090351E-48    1.995322530320E+15    1.935060804828E-48
   -3.067545333939E-48   -1.040091273022E-48    2.125905074271E-48   -8.716961065418E-48    2.059563902139E-48   -4.545651434706E-48    8.081180926829E-48    1.489162359336E-48    1.589107466275E-48    2.525330077436E+15
   3.1506837268610122E-004
   -5.998371543324E+00   -1.534071133137E-42   -2.312312441107E-42   -2.442728212342E-42   -9.767975809699E-44   -4.278431590239E-43    1.528568043160E-43    5.428617703598E-43   -2.598164159563E-43    4.282445063348E-43
    1.360953719974E-43    3.140678666127E+08   -5.431025043724E-42    2.948615990738E-42   -2.791529578094E-42    3.341704162856E-44   -9.420927313035E-44   -5.295323284623E-43   -5.199779317210E-43    4.920135362518E-43
   -2.425035016533E-41    3.684752860045E-43    1.256271484441E+09    1.542179171029E-42    1.555937771735E-42   -2.456337181304E-43   -1.283099768608E-42   -7.208814258938E-43    1.903034415642E-43   -4.220809556727E-43
    1.613201864096E-42    5.580142606472E-42    3.839287130971E-43    2.826610847488E+09   -4.020776188023E-43    1.717409458552E-42   -8.928250054843E-43   -2.049773391796E-43   -5.124621111646E-43    4.863345062754E-43
   -1.575151807842E-43   -1.719718486073E-42    9.780095552922E-43   -3.847606517505E-43    5.025085955753E+09   -6.232036378567E-43   -9.020619118243E-43   -6.556903058868E-43    3.055256134733E-43   -1.071746597377E-43
    2.752813977589E-44    5.700250793784E-43   -2.928561046231E-43    1.146459285205E-42   -1.023190524337E-42    7.851696809238E+09   -3.089167312514E-43    1.239854417175E-42   -5.560900372713E-43    2.373440084928E-43
    2.226702343764E-43    6.116001794147E-43   -9.837004009014E-43   -4.154300377784E-43   -5.711878616732E-43   -1.927521005137E-43    1.130644340794E+10    4.481093768078E-43    8.828358847423E-43   -1.071276581446E-42
    1.289395987932E-42   -3.490537401226E-43   -4.141084906307E-43   -7.044382879649E-44   -7.811829833866E-43    9.235813528751E-43    5.410224053369E-43    1.538932575186E+10    6.893409946862E-43    8.934559976278E-43
   -1.626529546724E-43   -4.717487957468E-43    1.086482014113E-43   -5.966066680279E-43    4.078770205028E-43   -4.453065317729E-43    1.252212318985E-42    9.121539975958E-43    2.010034384100E+10   -1.545201896395E-42
    9.662512772967E-43    3.266000932761E-43   -3.294763780391E-43    3.490494290420E-43   -2.904708919975E-43    2.619810868589E-43   -1.440453681236E-42    8.757110468492E-43   -1.493531051530E-42    2.543949767536E+10
   1.2572734907444049E-003
   -5.999888856926E+00    9.938235676318E-43    4.868890789494E-41   -4.961541209642E-42    3.513755694836E-42    2.838326868171E-42    1.603781935147E-42   -6.390504595364E-43   -3.872382287181E-43    4.287846821749E-42
   -1.557104157858E-41    1.972302308307E+07   -6.375799069038E-41   -5.516302293174E-41    3.282661667147E-42    2.729989059725E-41    9.168642712218E-42   -4.430409245001E-42    5.305613718340E-42    1.334690189572E-41
    1.507234693769E-41    3.176596163437E-41    7.889211033161E+07   -9.193446126035E-42   -2.163991556434E-42    5.689300999839E-42    1.253900610406E-42   -7.937290271352E-43    2.088291661105E-42    3.607112006953E-42
    2.714736483477E-42   -4.076415859998E-41    9.324877644238E-42    1.775072557459E+08   -3.365743390201E-42   -3.388518160914E-42    2.361541921111E-42   -1.404019392933E-42   -1.249472412099E-42   -3.046759441217E-42
    3.289712299899E-42   -1.532575949742E-42    4.974343155034E-42    6.990356422094E-43    3.155684593258E+08    3.141935165289E-42    2.799331744567E-42    2.805959858257E-42   -8.315526627690E-42   -4.299101457832E-42
    1.258192142556E-42    1.040390557279E-41   -3.224787073770E-42    2.872885414516E-43    3.965082707583E-43    4.930757210714E+08   -5.096807611414E-43   -9.378357939818E-42   -1.191882863037E-41   -4.339831981695E-42
    1.569385925094E-41    8.188951210313E-42    3.028450148556E-42   -1.848876364336E-42   -3.844552714539E-43    3.357831047764E-42    7.100290409828E+08    1.706459013148E-42   -1.899843439362E-42    1.537695577152E-42
   -1.661380949568E-42   -9.229510960842E-44    9.302935411027E-43   -1.382264088724E-42   -5.460867103529E-43   -1.072325732775E-41    7.440947965319E-42    9.664284190598E+08   -4.405494217031E-42    1.324447541617E-43
   -1.271308651379E-41    4.941474667892E-43   -1.866989801421E-42    1.943879696701E-42   -5.559906469396E-42   -5.065060600340E-42    5.269656336811E-43   -3.474811908866E-42    1.262273855303E+09    8.740877410440E-42
    6.937199411495E-42    6.167614481940E-42    1.433758462109E-42   -1.842495809177E-42   -3.346856796092E-42   -2.271708913540E-42    5.271714666142E-43    1.086844372071E-42    1.131600342824E-41    1.597565349711E+09
   2.8276153541749107E-003
   -5.999951853561E+00   -3.484478382744E-40   -2.096604997510E-39   -2.354623704031E-40    2.102956373953E-41   -5.381919593368E-41    2.319008108648E-41    2.971449220679E-41   -5.348402231980E-41    2.117345346092E-41
    2.109549601172E-40    3.899346257150E+06   -8.333019001963E-40    7.389944330113E-40   -2.044712792186E-40    4.112973135295E-41    2.127337524713E-41    4.918616937174E-41   -4.579017342322E-41   -1.946990787459E-41
   -5.146602922209E-39    1.108726951911E-40    1.559740302839E+07    5.257427072374E-41    5.230563430003E-40    1.454879850042E-40    7.991011907993E-41   -3.759849849446E-41    1.077064057530E-40    2.139945501038E-42
    7.499231245887E-41    5.273531492637E-40   -1.909089470694E-40    3.509416431379E+07   -8.231807158071E-41    3.113350948119E-40   -3.769431804536E-41   -8.101738380796E-42    7.761765791299E-41   -1.616071766589E-41
    1.689415332228E-40    8.632215003618E-41    6.726697326325E-40   -4.587900513638E-41    6.238963011335E+07    6.010817596208E-40    2.334656828291E-40    4.192837110490E-41    9.667612517123E-41    2.979525356784E-43
   -1.148679328667E-40    8.770664911320E-41    1.851379065155E-40    4.612645649758E-40    4.573413170283E-40    9.748380042707E+07    5.017428274990E-41    1.746961115635E-41    7.599964406455E-41   -1.131146894233E-41
    5.076864235020E-42    2.704969145369E-41    6.181792400043E-41   -2.514369043752E-41    2.080142557492E-40    3.425548332497E-41    1.403766752550E+08   -1.151362194115E-41    3.843533797748E-41    8.601875722116E-42
    9.123129304247E-41   -1.133912827654E-41   -6.280398181884E-41   -1.344214135705E-41    2.353053715909E-41   -4.715724999207E-41   -2.371845617653E-41    1.910682545970E+08   -3.507307784060E-41    7.694163894340E-42
   -1.505240325836E-40   -1.378627680661E-41    1.353027186875E-40    7.269354031045E-41    8.635662203762E-41    4.766542872546E-41    4.412361685857E-41   -3.270664283598E-41    2.495585384532E+08    5.538574800725E-42
    7.298494037687E-42   -3.865926750081E-41   -6.745741457643E-42   -6.916518679437E-42   -1.493202740581E-41   -3.836605026530E-42    1.848397995300E-41    1.067614100937E-41    5.244075477123E-42    3.158475268236E+08
   5.0260939629776192E-003
   -5.999905866232E+00   -4.182736200202E-39   -4.972825136598E-37    8.426899324222E-39    5.865440666800E-39   -1.017793559290E-38   -3.025463453397E-39    1.534266769141E-39   -1.313809303600E-39    2.558762245850E-39
   -9.570491399186E-39    1.234155304431E+06   -1.635225513696E-38    5.915667201027E-38   -3.985353016299E-41   -2.867005148185E-39    4.545707815923E-39   -1.688459161557E-39    6.506656260763E-41    2.323965798316E-39
   -5.149477026539E-37   -4.303566180888E-38    4.936639217423E+06    3.901561421206E-39    3.677549544472E-38    5.685677413990E-39   -3.959388815500E-40    3.461327634262E-40    4.871906694601E-40   -4.676854653406E-40
   -1.083569155805E-38    5.714253469916E-38    7.190969964000E-39    1.110744573907E+07   -6.097062563696E-39    2.025635423144E-38    6.826139329551E-40   -4.407767237464E-40   -5.129426505633E-40    2.888638063073E-40
    6.907046096587E-39   -5.564324738661E-39    3.662353928756E-38   -6.289511840693E-39    1.974657486939E+07    3.065645065901E-40   -1.124002820257E-38    6.050837503602E-40    5.078839319623E-40    4.904165731263E-40
   -1.059569076663E-38    7.595946459396E-40    6.381105164531E-39    2.259125807771E-38    6.952278999348E-40    3.085402660836E+07    3.687767106075E-40   -6.874932788273E-39    2.832222450263E-41   -3.947826875062E-41
   -3.286369167312E-39    3.450166247310E-39   -5.555480514084E-40    6.789505318148E-40   -1.112715279581E-38   -2.732054882148E-42    4.442980095600E+07   -2.397088000001E-40    2.239094729339E-39   -8.663033669864E-40
    2.558734549553E-39   -1.588135598439E-39   -4.492249756273E-41   -9.789777974578E-41    8.012610572800E-40   -6.086471263934E-39   -4.036252105506E-40    6.047389791229E+07   -4.033797780199E-40   -1.754806585199E-39
   -1.468846549317E-39    7.103331053123E-40    5.325399002384E-40   -5.052327345832E-40    7.268873790358E-40    4.557706943471E-41    2.577995901703E-39   -5.366170197629E-40    7.898631747725E+07   -2.377767068516E-40
    2.934102152912E-39    1.841635544127E-39   -4.643963442132E-40    3.494433864881E-40    5.526732975249E-40   -7.203438257967E-42   -1.037510364127E-39   -2.193587276065E-39   -2.375458331621E-40    9.996705965087E+07
   7.8527093171525293E-003
   -5.999783791692E+00    6.061321512935E-38   -2.705627164984E-34    2.314772569414E-37    5.440636625430E-38    2.960376446608E-39   -1.218285420571E-37    6.647677778187E-38   -1.113293645778E-37    5.808013353506E-38
    3.920017844357E-38    5.055788941261E+05    2.794907958472E-37    3.664510375311E-35    1.263020349238E-37   -1.015206321892E-37    1.182523201604E-37    6.739520856897E-38   -1.163468003203E-39    9.958944693236E-39
   -2.720732096955E-34    2.009225638056E-37    2.022333575847E+06   -7.062600688525E-40    1.587863066609E-35   -1.052113563001E-37    1.194542845729E-37   -1.009014671878E-38    2.953082030570E-38   -1.913811850472E-39
    2.866606375181E-37    3.678966475609E-35   -2.833875828504E-38    4.550258045383E+06    2.273319138053E-38    8.863854206843E-36   -1.253241307280E-37    3.672167118993E-38    2.819812522435E-38   -8.618580173367E-39
    1.541627716312E-37   -2.909236772017E-39    1.588592718199E-35    2.957287901489E-38    8.089352302733E+06   -1.422786209298E-37   -5.675078729303E-36    4.214084271096E-38    1.029998404809E-38    2.433946834422E-38
   -2.721581411325E-38   -3.568541653823E-38   -9.929802910812E-38    8.903140250191E-36   -1.316259855834E-37    1.263961634790E+07   -5.493797061984E-38   -3.998055823351E-36    4.619223090319E-39   -1.229707046873E-38
   -1.288785212548E-37    9.372406489266E-38    1.088102363895E-37   -1.146509578405E-37   -5.693778550819E-36   -4.765823474544E-38    1.820105018087E+07   -1.402807970003E-38    2.945494861936E-36   -2.097094083082E-39
    2.388451543010E-38    7.581803496788E-38   -1.512733304841E-39    2.596646700296E-38    3.542813204759E-38   -3.992484101548E-36   -1.218026590843E-38    2.477365380167E+07    8.902669850246E-39   -2.299123138879E-36
   -1.090135227838E-37   -9.308290599790E-39    2.459468461822E-38    2.495722930385E-38    7.871628430439E-39    4.318692641369E-39    2.932477858253E-36    8.749418921712E-39    3.235742721027E+07    1.606332127863E-40
    5.629506827689E-38    4.137615197629E-40   -8.824322450488E-40   -1.070725829409E-38    2.483733531425E-38   -1.631190287523E-38   -3.078294399562E-39   -2.295934296942E-36   -1.722671594239E-40    4.095237040669E+07
   1.1307461416699643E-002
   -5.999555841329E+00    6.011697789379E-37   -4.472409789639E-32   -2.288842707289E-35    6.487517065390E-37    3.393373599714E-36   -1.069822262614E-36    2.186155969597E-36   -2.696586245506E-36    1.490932278295E-37
    9.028021830759E-37    2.438328515617E+05   -6.988813075256E-37    6.313648432547E-33   -6.033678517272E-36    1.592745790690E-36    1.240090972318E-36    4.128314461248E-37    1.471099443973E-36    5.406753470872E-37
   -4.470825440465E-32    8.987510543212E-37    9.753494049104E+05    6.077316586983E-36    2.705393583663E-33   -1.312311207898E-36    1.079465301156E-36   -6.188874187990E-37    1.387112421562E-36    2.022674610927E-37
   -2.048062084070E-35    6.313764227989E-33    5.888724192701E-36    2.194543660492E+06   -3.689067119687E-37    1.506094018549E-33   -5.332787730317E-37    7.147720244450E-37   -3.646859893975E-37    2.729306513323E-38
    1.274711167525E-36   -7.411714689361E-36    2.703563019095E-33   -7.864323511960E-37    3.901415618305E+06   -7.878429857089E-37   -9.565955431927E-34    6.195935964435E-37   -1.572007138944E-37   -2.828156365462E-37
    2.157200297398E-36    1.938310986509E-36   -8.965243948790E-37    1.506937582317E-33   -8.369758147900E-37    6.095965278351E+06   -3.414643680703E-37   -6.618648474800E-34   -1.668073611802E-37    6.331459014070E-37
   -7.716409491834E-37    2.549952900523E-36    7.979738790262E-37   -4.485783383853E-37   -9.577583504078E-34   -2.174277583182E-37    8.778192640630E+06    1.664506676609E-37    4.871098364526E-34   -2.061933510905E-37
    2.141430513433E-36    5.135487139059E-40   -7.264088049537E-37    7.002846963790E-37    4.080370719114E-37   -6.627928931895E-34    1.542542898474E-37    1.194809770514E+07   -4.821323059253E-37   -3.729066989702E-34
   -2.690810156669E-36    1.994961964957E-36    1.402240741364E-36   -2.560625786130E-37   -1.461416051899E-37   -2.253502211060E-37    4.872381266344E-34   -4.615729031417E-37    1.560568047188E+07    1.145683573174E-38
   -1.283624178277E-37    1.859934750837E-37    2.414545543648E-37   -1.717091040018E-38   -3.150816848642E-37    6.261035514323E-37   -2.315990793510E-37   -3.725621866581E-34   -8.339180345957E-38    1.975094094086E+07
   1.5390350261618960E-002
   -5.999178889328E+00   -3.996116022754E-35   -3.340854801167E-30    1.298887385820E-35    4.666552502701E-35    7.244815288906E-36    2.156405005660E-35    1.673424213394E-35    1.266757608136E-35    2.632044142268E-36
   -3.288084614326E-35    1.316183160440E+05   -1.641082068326E-34    4.723541753510E-31   -8.549523432883E-36   -3.311552620757E-35    1.048841213761E-36    9.365585170297E-36   -1.776817852270E-35   -4.593857419859E-36
   -3.340971608652E-30   -1.368445601712E-34    5.264912617103E+05   -8.864206578412E-36    2.024518890520E-31   -1.800195589776E-35   -5.162721608982E-36    3.020776339353E-38   -5.189409311614E-36    1.447570244017E-36
   -7.229456851564E-36    4.723640392443E-31   -4.014377799846E-36    1.184612837821E+06    7.622786814308E-36    1.124672877355E-31   -4.988226523326E-35    2.249302898717E-37   -8.233732887464E-37    6.072834338124E-38
    2.949352745363E-35   -6.196308312520E-35    2.024572685275E-31    5.178199320222E-36    2.105983044376E+06   -3.434165997395E-35   -7.158729161553E-32    2.042107515509E-35   -1.975369182433E-36    4.404738781055E-36
   -1.812104494600E-35   -3.599461057347E-35   -8.058620221966E-36    1.124627804229E-31   -3.035742804020E-35    3.290601881375E+06   -2.780768638756E-35   -4.957286912586E-32    1.957815676618E-36    7.083558173916E-40
    2.664768005037E-35   -2.365578404746E-36   -5.872584978673E-36   -4.456889209043E-35   -7.159160937038E-32   -2.697735589818E-35    4.738469348818E+06    1.694643698711E-36    3.634731432510E-32   -3.657290302360E-36
    1.477218298281E-35    1.012481787024E-35    2.669233843185E-37    1.885667696765E-36    2.082932567802E-35   -4.957527881550E-32    1.274390575905E-36    6.449585446706E+06   -2.085647912070E-37   -2.778561835226E-32
    4.216958372251E-36   -1.909298218435E-35   -3.542295593918E-36   -1.450913667805E-36   -1.665329608716E-36    1.546564314048E-36    3.634916448663E-32   -1.142343518421E-36    8.423950175038E+06   -8.575352510265E-37
   -4.792279758391E-37   -1.142249892803E-35    2.064025744446E-36    3.916958338638E-37    3.821672194179E-36   -1.392184283304E-37   -4.201230528921E-36   -2.778588025286E-32   -1.308209405528E-36    1.066156353381E+07
   2.0101375851910477E-002
   -5.998600213873E+00    1.059459704649E-33   -1.403833754341E-28    1.044103725590E-33    7.818239560551E-34    2.868303931059E-34    1.743239968929E-35    4.857479987679E-35   -1.590198891884E-35    3.809992138618E-35
    1.158223981747E-33    7.715210846043E+04    4.548761043808E-33    1.985281170209E-29   -1.008961536615E-34   -5.352687688564E-34   -1.670084011530E-35    1.629528430349E-34   -9.855002067076E-35   -4.905972134113E-36
   -1.403802773405E-28    5.010908732843E-33    3.086264296411E+05    9.583969366143E-35    8.509008737072E-30    7.207285601446E-34    1.950814509861E-35    3.390576438640E-35    3.654984497818E-36   -8.689498789212E-36
    1.394627108819E-33    1.985312708975E-29    1.331635440430E-35    6.944169649421E+05   -6.077531645246E-34    4.727073593006E-30    3.108249437972E-34    1.735237046171E-36   -3.219204563255E-35   -2.350148801288E-35
    8.743768935786E-34   -1.765066411402E-34    8.509092948333E-30   -5.862901811118E-34    1.234523714364E+06    4.593147486084E-34   -3.008104362546E-30    9.910890442407E-37    5.799909502419E-36    1.135573218136E-36
    2.989358790097E-34   -2.947325885391E-34    6.838292892336E-34    4.727226243431E-30    4.390499130955E-34    1.928946677905E+06    2.941762513878E-35   -2.082510052589E-30    2.322193350655E-35   -4.954904131388E-36
    1.260599957088E-35   -1.666499626336E-35    1.428278622638E-35    2.656573611859E-34   -3.008090362686E-30    1.588781242388E-35    2.777685855568E+06    2.430315449016E-35    1.527187629334E-30   -2.942294382047E-36
    1.621027077602E-35    2.020425034749E-34    4.497415419353E-35    8.662044086159E-36    4.933150322675E-36   -2.082480303273E-30    2.638475371188E-35    3.780741247351E+06   -9.053000791249E-36   -1.167794106641E-30
   -3.699077220284E-35   -5.512469955210E-35    7.745786478125E-36   -3.419551493803E-35    1.084230114584E-35    2.026726959942E-35    1.527205578933E-30   -5.308229537303E-37    4.938112853254E+06   -1.424646623922E-36
    5.637219219176E-35    3.068806252353E-36   -1.743690138101E-35   -2.519767731506E-35   -9.076301843154E-36   -1.043293513067E-35    1.457033521871E-35   -1.167791601258E-30    9.352889342935E-36    6.249800673277E+06
   2.5440538187574194E-002
   -5.997758543481E+00    6.098661390651E-34   -3.794782384510E-27   -9.600595203251E-33    4.857702395183E-33    1.648881141615E-33   -6.581820625418E-35   -3.870604508922E-34    4.036530446787E-34    1.046440983138E-33
    5.853462577900E-35    4.816443450824E+04    1.198868273718E-33    5.366637363986E-28    1.412210297011E-33   -2.680856677881E-33   -1.408026187060E-33    1.036481052889E-33   -8.985557938565E-36   -3.367519440456E-34
   -3.794792188632E-27   -6.673420943810E-34    1.926757313078E+05    7.136908076607E-34    2.300047303342E-28   -1.685075366962E-33   -2.549367550666E-34    4.569009012134E-34   -5.046843607748E-34    1.981713962465E-35
   -6.277185716160E-33    5.366636733069E-28   -1.541556356674E-35    4.335278926404E+05    2.289968378114E-33    1.277851916877E-28   -4.339725950107E-34   -1.428374000340E-33    1.724006159753E-34   -7.291321506577E-35
    5.254324543685E-33    4.637071281784E-33    2.300031729979E-28    2.318928689320E-33    7.707209185060E+05   -2.651475254301E-34   -8.131606422783E-29   -3.733654863091E-34   -4.054045351825E-34   -1.076972530299E-35
    1.284431369233E-33   -3.037262230503E-33   -1.732322079394E-33    1.277849484180E-28   -3.807620176513E-34    1.204254808905E+06    2.879159655471E-34   -5.629439454349E-29    2.928965723434E-34   -8.804463502548E-35
   -3.922954174529E-34   -1.154317577369E-33   -2.444190118309E-34   -5.633628673912E-34   -8.131602847147E-29    3.228429355929E-34    1.734129563836E+06    5.036411147888E-34    4.128199625447E-29    4.005191653931E-34
   -1.596392642241E-34    9.538037767281E-34    4.871772139408E-34   -1.523283895014E-33   -3.740039584285E-34   -5.629456025118E-29    5.090706662559E-34    2.360345183301E+06    2.022773807572E-34   -3.156902656193E-29
    1.847527635767E-34    1.098478824434E-34   -4.731899702946E-34    1.279653878719E-34   -3.648948114867E-34    3.185589145675E-34    4.128196093603E-29    1.962241383112E-34    3.082901667299E+06    6.150894392934E-35
    1.227090269193E-33   -4.915501169911E-35   -5.093062541118E-35   -1.372396698400E-34    3.145250603861E-36   -1.714067606570E-34    3.781444391946E-34   -3.156887891890E-29    6.054309172843E-35    3.901799015829E+06
   3.1407837268610121E-002
   -5.996584610244E+00   -3.605598932754E-33   -7.242905208734E-26    1.361568529123E-33   -1.140939590686E-33    3.306835355451E-33   -6.307762930600E-33    2.634150479674E-33    7.561422867920E-33    4.842539970667E-34
   -1.731678440368E-32    3.159909610252E+04   -1.475704390058E-32    1.024302482682E-26    8.241446641056E-33    8.331467113628E-33   -4.984990547177E-33    7.402393557470E-33    4.341826666088E-33   -2.560331016603E-33
   -7.242898422485E-26   -6.935790739980E-32    1.264143741634E+05   -5.406003796237E-33    4.389879780373E-27   -1.025960001052E-32   -2.157156348281E-33   -1.707702072522E-34   -2.672824945131E-33    6.606345344423E-34
    1.732558978347E-32    1.024302685638E-26   -1.140264997594E-32    2.844398375982E+05    9.254596747945E-33    2.438811275172E-27   -4.514356341846E-33   -1.918855910164E-33   -3.611177451839E-34   -3.773914981314E-34
   -5.002133569318E-33    6.868456646694E-34    4.389877631518E-27    9.786465934192E-33    5.056754864069E+05   -4.257816031673E-33   -1.551973110970E-27    5.031749386527E-34   -9.687460415970E-34    4.400025429610E-34
    6.063779611398E-33    5.868700942110E-33   -1.183646953864E-32    2.438810070332E-27   -4.251785206808E-33    7.901213205896E+05   -5.938076948424E-34   -1.074443122863E-27   -9.936772283628E-35    5.030768670061E-35
   -5.993981134176E-33   -6.626652044861E-33   -1.868507172202E-33   -3.698714562253E-33   -1.551972279196E-27    4.031188259115E-34    1.137777340146E+06    1.820391565058E-34    7.879262951206E-28   -4.330646293132E-34
    4.504791195791E-33    4.786905847399E-33   -8.737194826636E-34   -1.745852707137E-33   -3.368575499270E-34   -1.074442704385E-27    4.480820335596E-34    1.548643545077E+06   -4.299732756151E-34   -6.025301611083E-28
    7.376999895569E-33    4.959495530373E-33   -2.669313793364E-33    7.464766715335E-35   -9.418290996522E-34    9.725166280060E-35    7.879265827194E-28   -6.444710072104E-34    2.022719935381E+06   -2.177143927131E-34
   -1.093462509091E-34   -1.740083523194E-33    8.945778807265E-34   -2.156506668332E-34    4.824080072044E-34    1.942452592080E-35   -8.151387744736E-34   -6.025302643723E-28   -5.043888482178E-34    2.560006511059E+06
   3.8003273095018247E-002
   -5.995001031573E+00   -4.192584054833E-32   -1.042983733947E-24    1.220051770126E-31    1.182364882476E-31   -5.380763857988E-32    3.520395820522E-33   -1.479622633333E-32    1.013656808789E-32   -1.820364477779E-32
   -1.609194430331E-32    2.158094713233E+04   -1.587193008300E-31    1.475003330878E-25    3.284705683905E-32   -2.565537321813E-32    6.074003516571E-33    4.483962424838E-34    1.890890240383E-33    9.723008783559E-33
   -1.042983722499E-24   -4.898143427606E-32    8.634177353207E+04    7.345010536869E-33    6.321427857634E-26    5.110794512246E-32    2.091769269374E-32    3.525420194680E-33   -4.158863911535E-33   -1.063456087339E-34
    1.377223940208E-31    1.475003123783E-25    6.286615708849E-33    1.942764841983E+05   -5.478028704292E-32    3.511904103991E-26    3.530772321480E-32    2.284498668555E-32    6.371338219906E-34    2.918927774715E-33
    8.746119329280E-32    2.879609339296E-32    6.321427612598E-26   -5.360909913639E-32    3.453850791310E+05    1.553113762339E-32   -2.234850478432E-26   -7.399661676029E-33    4.058022555918E-33   -2.619039199318E-33
   -4.025689001922E-32   -2.711065370043E-32    4.750467580144E-32    3.511905206148E-26    1.249595978653E-32    5.396675583302E+05    1.701410363057E-32   -1.547208065492E-26   -1.269253973540E-33   -3.094935548815E-33
    2.173303850600E-33    1.190988252086E-32    1.920283067277E-32    3.195763369352E-32   -2.234851455622E-26    1.190015339942E-32    7.771239217959E+05   -3.620140468475E-33    1.134619319213E-26    3.125458776658E-33
   -2.742698476216E-32    2.857178568540E-33    4.910422720029E-33    2.234141372665E-32   -3.555419571084E-33   -1.547207484628E-26   -5.784391746533E-33    1.057754169528E+06    2.575292839754E-33   -8.676488938929E-27
    1.047972111033E-32    2.444185112856E-33   -5.076889789881E-33    1.890728351803E-33    3.756534210115E-33   -3.026739229916E-33    1.134619334937E-26    3.658590547086E-33    1.381558301527E+06    1.717510799579E-33
   -2.243255429278E-32    1.545242431748E-32    1.517265400790E-33    3.932595856345E-33   -2.109727201666E-33   -3.423526714169E-33    4.066911938429E-33   -8.676490746421E-27    2.290486316891E-33    1.748536317792E+06
   4.5226845666798576E-002
   -5.992922569931E+00    7.586355554998E-33   -1.189999907964E-23    3.694516237938E-31    6.153176935349E-31   -1.521648660155E-31    9.756759203379E-33   -2.600611887907E-32    2.218930828390E-32    4.747943563707E-32
   -2.280087660274E-31    1.523595713784E+04    8.029109837955E-32    1.682912495474E-24    3.753137646101E-32   -4.142676742625E-32    7.381389177507E-33   -1.441765954535E-31   -1.751713552046E-32    4.073455111906E-32
   -1.189999853194E-23   -9.515648218825E-31    6.096180731883E+04    1.776642048971E-32    7.212482251747E-25    2.291171442895E-31   -9.897593555239E-32   -1.762569080919E-32    2.415105173670E-33   -1.058509060984E-32
   -7.849573198213E-34    1.682912319337E-24    1.041343560917E-31    1.371715576205E+05   -2.059996356987E-31    4.006938680949E-25    6.944022151641E-32   -5.463508837825E-33    1.764129627302E-32   -1.113731752238E-32
    5.182396598353E-31   -5.754234903840E-32    7.212481755230E-25   -2.492599130539E-31    2.438652080428E+05    1.044048812874E-31   -2.549868592070E-25   -1.010004082493E-31    3.593653855721E-32    1.625792356665E-33
   -5.265117810140E-32   -2.684951330385E-33    2.216956231513E-31    4.006938657485E-25    9.015320405452E-32    3.810427585857E+05    6.366479335397E-32   -1.765293582956E-25    7.329125687132E-32   -1.080656648969E-32
   -9.310981947051E-33    3.865289763876E-34   -9.752764209100E-32    4.125753417599E-32   -2.549868613830E-25    4.572955046356E-32    5.487042092494E+05    7.603020794344E-32    1.294548365474E-25   -2.134408147749E-32
   -6.737237824275E-32   -1.400705523514E-31   -8.988901845020E-33   -6.789706367973E-33   -9.023211555031E-32   -1.765293546303E-25    7.362723915916E-32    7.468495600336E+05   -2.676112657981E-32   -9.899488026275E-26
    4.449841610188E-32   -3.567208486756E-32   -1.234245564262E-33    2.129729162199E-32    3.748411839429E-32    7.525965122675E-32    1.294548149844E-25   -2.980116439379E-32    9.754788109386E+05    6.288117051263E-34
    1.864099659717E-32    2.276927535846E-32   -2.064604929577E-33   -6.097251310814E-33    5.085682758802E-33   -1.455479357783E-32   -2.503254410770E-32   -9.899485596624E-26    3.372208526495E-34    1.234591961964E+06
   5.3078554983951101E-002
   -5.990256262655E+00   -6.091162884198E-31   -1.116499738227E-22    4.838579120542E-30   -1.490103691617E-30   -5.312370825739E-31    1.239391606496E-31   -3.703051574964E-31    3.226983556840E-31    8.535768713514E-32
   -7.629206095470E-31    1.106011891345E+04   -1.849790932353E-30    1.578969196124E-23    7.431988221672E-31    4.473378134658E-31    1.767138567433E-31   -2.018089285831E-31   -2.288024097132E-31    4.596641050389E-32
   -1.116499740391E-22   -2.694914114533E-30    4.425844642241E+04   -1.291107342678E-30    6.767012370889E-24    3.351515816616E-32    1.735221831127E-31   -3.506787999667E-33   -1.654872822954E-31   -9.189354164314E-32
    3.317967196770E-30    1.578969333131E-23   -1.047566354307E-30    9.958899227068E+04    1.376246951507E-31    3.759450672756E-24    5.025393997122E-32    1.335691653532E-31    1.795007860158E-31    5.058014383808E-32
   -9.162959531081E-31    1.550534763519E-31    6.767012347603E-24    2.096786066288E-31    1.770517564582E+05   -6.742516754775E-32   -2.392377413953E-24   -9.176309782629E-32    4.787961361387E-32    3.287579580513E-32
   -2.478302271587E-31    2.141662926045E-31   -5.840613373229E-32    3.759450865298E-24   -6.840203497340E-34    2.766467389851E+05   -2.615028456743E-32   -1.656261101511E-24    1.278965025105E-32   -1.099959733009E-32
    2.335942918279E-31    3.080754329801E-31    8.026964274787E-32    6.022281394385E-32   -2.392377574922E-24    8.832786129093E-33    3.983739398513E+05   -1.031562536901E-31    1.214591696202E-24    1.238913559851E-31
   -4.340903934890E-31   -2.221793443901E-31    7.640045657859E-32    1.472727681065E-31   -8.647792828702E-32   -1.656261141551E-24   -8.605716874569E-32    5.422333590568E+05    1.470878448596E-31   -9.288055271673E-25
    3.497862793508E-31   -2.036572296228E-31   -1.916058623495E-31    1.563781475864E-31    4.966905337602E-32    1.849344825233E-32    1.214591747269E-24    1.275956064307E-31    7.082249966016E+05    5.132361439128E-32
    1.330157238619E-31   -5.971432615317E-33   -9.172206569684E-32    4.577433976003E-32    3.113912668568E-32   -1.668053944989E-32    1.079063526720E-31   -9.288055987635E-25    3.529781922791E-32    8.963488524857E+05
   6.1558401046475843E-002
   -5.986901622013E+00    2.289494466039E-30   -8.866370294489E-22   -5.021914555249E-30    1.386716882802E-30   -3.108148196682E-30    1.167694037162E-30   -2.918435228326E-31   -1.907494534100E-31    9.435343675187E-31
    9.594480793466E-31    8.221334645210E+03    8.861663945242E-30    1.253894005599E-22   -8.695131696887E-30   -1.420625781261E-30    1.010927119092E-30    2.245344478985E-30   -3.507275280829E-31    5.469313217657E-31
   -8.866369950022E-22    3.522638286997E-30    3.290329928557E+04    3.211589461033E-30    5.373830394648E-23    3.275327724089E-30    1.536020360886E-30   -3.932442893893E-32    1.448379978485E-31   -1.083830998969E-31
   -3.523223468085E-30    1.253893965042E-22    2.859153430540E-30    7.403990701950E+04   -3.070518245999E-30    2.985461741573E-23    6.448479203896E-31    1.047156749699E-30   -6.929497080392E-32    4.272033166916E-32
   -3.894509993259E-31   -7.428064532601E-30    5.373830316988E-23   -3.411283802216E-30    1.316311578470E+05    5.539727425710E-31   -1.899839704860E-23    3.145593515994E-32    4.069140081437E-32    1.874986667889E-31
   -3.644338332693E-30   -6.351212985101E-31    3.747881799707E-30    2.985461694268E-23    7.961971793874E-31    2.056770517681E+05   -1.352683638411E-31   -1.315273697272E-23    5.058262716806E-31   -1.215824875631E-31
    1.657209107134E-30    1.473258117325E-31    1.351932069535E-30    7.891943379090E-31   -1.899839678410E-23   -9.444076162927E-32    2.961775887827E+05    3.632193050221E-31    9.645338819294E-24   -3.987477829893E-31
   -1.352450610894E-31    2.511623984404E-30   -6.863103447367E-32    1.091498426281E-30    7.699063878716E-32   -1.315273662628E-23    2.491696420986E-31    4.031327688910E+05   -4.036188640670E-31   -7.375846759886E-24
   -3.455973402014E-31   -3.390400603973E-31    2.212500578864E-31   -6.682044783855E-32    1.071336090150E-31    3.385989953501E-31    9.645338687797E-24   -3.575837106647E-31    5.265425920928E+05   -9.166229274776E-32
    8.548167112531E-31    6.957866852693E-31   -7.938173592035E-32    8.307752001610E-33    1.310662157108E-31   -1.229009511759E-31   -3.445598751033E-31   -7.375846681230E-24   -9.804471448750E-32    6.664070583881E+05
   7.0666383854372766E-002
   -5.982750892033E+00    8.334517542723E-30   -6.097236568598E-21    3.481272476066E-29    1.028514935910E-29   -7.079292776763E-30    6.858838494951E-30    1.018444723109E-30    3.546785909733E-30    3.467608970601E-30
    1.805590786682E-29    6.237219383664E+03    3.935432369916E-29    8.622794589403E-22    1.747105503453E-29    7.250829941498E-30   -7.118212210053E-30   -4.348636612391E-30    8.652532313612E-30   -2.521718841147E-30
   -6.097236542596E-21    8.149377002304E-29    2.496682578723E+04   -6.552018464593E-30    3.695483266347E-22    3.766159097932E-30   -4.242802743404E-30   -1.869898708683E-31   -2.210080577493E-31    3.206924129310E-32
    4.676557401150E-29    8.622794637320E-22   -7.971441264166E-30    5.618283645984E+04   -1.256892571268E-30    2.053046282666E-22    2.365428454278E-30    4.494943314879E-31    1.679541876149E-31   -4.641939292999E-31
    1.232667962205E-29    1.592973295876E-29    3.695483233872E-22   -1.751629455308E-30    9.988525140149E+04    2.862754869858E-30   -1.306483958631E-22   -4.327030304915E-31    1.422773983502E-30    2.745403521516E-31
   -6.484156295710E-30    6.617583327526E-30    4.330503047754E-30    2.053046266470E-22    3.697214931974E-30    1.560740706122E+05    1.443846462564E-30   -9.044888948676E-23   -5.403690415706E-31   -6.424950906462E-31
    6.025958782311E-30   -7.389667026101E-30   -3.918609578216E-30    3.210622883570E-30   -1.306483955738E-22    1.941856053682E-30    2.247492940919E+05   -1.636024442131E-31    6.632918757806E-23    7.040552290048E-31
    1.408365393629E-30   -4.053422914689E-30   -3.638081865096E-31    4.865679394544E-31   -9.021257541653E-31   -9.044888943575E-23   -4.940135082113E-32    3.059109218407E+05    4.869685697494E-31   -5.072232100979E-23
    3.947987890344E-30    9.031355136060E-30   -4.183868973304E-31   -2.356150134466E-32    1.502631826411E-30   -5.451091482163E-31    6.632918853467E-23    3.929507791870E-31    3.995589538585E+05    8.171074958993E-31
    4.028648410230E-30   -2.079163269088E-30   -9.672580348161E-32   -5.272023337973E-31    2.728931997259E-31   -8.613643266214E-31    5.692213617035E-31   -5.072232149931E-23    7.110232483862E-31    5.056933901454E+05
   8.0402503407641907E-002
   -5.977689360756E+00   -2.409678218232E-29   -3.698367936563E-20   -1.594042090925E-28    2.280718947679E-29   -1.641006074455E-29    2.807610229935E-29   -1.437870520137E-29   -6.786621524657E-30   -4.170207329809E-31
   -2.234663778432E-29    4.816763876668E+03   -1.227900940575E-28    5.230282039459E-21    3.652265553700E-30    2.533992362304E-29   -1.273608128192E-29    3.687168397836E-30   -3.616826556304E-30    7.395125354085E-30
   -3.698367937491E-20   -1.055434445140E-28    1.928498857468E+04    2.755413111864E-29    2.241549505065E-21   -1.058565597387E-29   -6.155617510438E-30    3.354078993652E-30    1.984471556488E-30    2.617769156093E-30
   -9.022291396934E-29    5.230282082899E-21    8.504498705637E-30    4.339869640469E+04    1.358647478233E-29    1.245305285120E-21   -1.806305586764E-29    1.538171716067E-30   -3.474977984568E-32    8.132231590472E-32
    2.975999495722E-29    3.409901400760E-30    2.241549487858E-21    1.791122931836E-29    7.715788736670E+04   -1.248989756273E-29   -7.924670005671E-22    3.246438478104E-30   -5.641737076366E-31    2.700325687320E-30
   -2.376383998379E-29    2.552066535785E-29   -1.246442325814E-29    1.245305281917E-21   -1.294771426678E-29    1.205625614607E+05   -7.145248326022E-30   -5.486309910223E-22   -4.946881511550E-31    1.440298022419E-30
    2.823646260627E-29   -9.054012455122E-30   -6.969464513376E-30   -1.871456789697E-29   -7.924670026158E-22   -6.440114501219E-30    1.736127186868E+05    5.987733116492E-31    4.023293884944E-22   -6.281591936301E-31
   -1.116546843265E-29    5.942230671047E-31    3.163697962520E-30    1.781527911608E-30    2.773066238067E-30   -5.486309913550E-22    9.206532998933E-31    2.363083590448E+05    9.524056319055E-31   -3.076636518677E-22
   -8.564229045038E-30   -3.139491410239E-30    2.282247624122E-30    2.277655871878E-31   -1.464800567436E-30   -3.720328543280E-31    4.023293879402E-22    1.263058137815E-30    3.086494825348E+05   -4.917898135412E-31
   -3.236070073112E-30    8.925956708946E-30    3.186866689720E-30    4.281627150795E-31    2.351194943565E-30    1.793797132633E-30   -9.019699228574E-32   -3.076636513279E-22   -2.843996687751E-31    3.906360891569E+05
   9.0766759706283243E-002
   -5.971595758702E+00   -1.149500493465E-28   -2.008636929458E-19   -4.792537208999E-28    1.685231364216E-29   -2.976000506321E-29    5.066030786840E-29    2.498242148542E-29   -1.429750651113E-29    6.155511813125E-30
   -2.049392800372E-28    3.778275348278E+03   -5.470357010290E-28    2.840641584696E-20    5.743320723030E-30   -6.128397067409E-29    3.964418045759E-29    2.827404630998E-29   -3.744506621719E-29   -8.678364706222E-30
   -2.008636928968E-19   -9.257221013534E-28    1.513101618033E+04    1.167253529386E-28    1.217417819630E-20    5.228254563713E-29    7.682630417581E-31   -6.100231684825E-30    2.058500522776E-30    1.319028760823E-30
   -5.126185268711E-28    2.840641591510E-20    1.104694620096E-28    3.405225090041E+04   -4.052641680114E-29    6.763432228446E-21    4.621896935495E-29   -1.698953688029E-31    2.489876468046E-29   -3.765999263799E-31
    2.610617917981E-29   -3.455293560865E-30    1.217417818709E-20   -3.964253449960E-29    6.054197950852E+04    3.922475659709E-29   -4.304002364086E-21   -2.770102333613E-29   -1.888184545460E-29    9.630479916524E-30
   -4.014191961134E-29   -8.082340127882E-29    5.410212042477E-29    6.763432227863E-21    4.119617198760E-29    9.460020200467E+04    2.625910318883E-29   -2.979694009282E-21    2.733886484508E-29    1.002193955255E-29
    5.077020173193E-29    3.214001021103E-29    6.389564149134E-30    4.715291544049E-29   -4.304002360237E-21    2.931287906497E-29    1.362269183888E+05    9.494305840449E-30    2.185108972659E-21   -3.668724749724E-30
    2.219501130982E-29    3.815103841779E-29   -5.066111963191E-30    2.836708885448E-30   -3.122893663121E-29   -2.979694002401E-21    1.158117983091E-29    1.854221286611E+05   -5.542154243347E-30   -1.670965671498E-21
   -1.336026176908E-29   -3.456884769365E-29    2.653671628727E-30    2.337481046382E-29   -1.795083311215E-29    2.861176619684E-29    2.185108972329E-21   -6.650326476135E-30    2.421858328213E+05    1.806026660106E-30
    4.749111030418E-30   -7.055642370236E-31    1.369299762678E-30   -5.241621109210E-31    9.656565605868E-30    9.462748209955E-30   -5.168549233768E-30   -1.670965671298E-21    7.581854165581E-31    3.065180308696E+05
  0.10175915275029679     
   -5.964342715330E+00   -1.388378730959E-27   -9.890101676229E-19   -7.337182493653E-28    3.638611374826E-28    6.763629373752E-29   -6.478611416973E-29    2.873390346210E-29   -5.510471153177E-29    3.419945451330E-29
   -1.408763139443E-27    3.004865192913E+03   -5.874149784320E-27    1.398671590634E-19   -2.966934143466E-28   -7.903405422305E-29   -1.080622152258E-28   -2.892766508646E-29    2.143315196331E-30    5.512174717477E-30
   -9.890101679265E-19   -5.979657738149E-27    1.203735379975E+04    4.160860890936E-29    5.994306788521E-20    1.831522875981E-28    4.244006982606E-29   -1.776648772828E-29    6.904100152795E-30   -2.077695387536E-29
   -8.894402348147E-28    1.398671589756E-19    6.423222880637E-29    2.709150147780E+04   -1.800845353302E-28    3.330170426792E-20    1.669323963877E-28    1.509438894412E-29    1.085214624503E-30   -1.647481492217E-29
    3.794083937346E-28   -3.737761964712E-28    5.994306781710E-20   -1.718345823833E-28    4.816730822708E+04    1.722501931399E-28   -2.119199365975E-20   -1.411049010556E-28    2.086538621476E-29   -2.360859133808E-30
    1.127524953790E-28   -1.173814433351E-29    1.707172873570E-28    3.330170421673E-20    1.796513837783E-28    7.526477404759E+04    1.296398540959E-28   -1.467138020724E-20    9.499846177752E-29   -8.153068740358E-30
   -5.303262554930E-29   -1.140596318250E-28    5.017389966887E-29    1.716392915884E-28   -2.119199364921E-20    1.302594807989E-28    1.083838989393E+05    9.345044826318E-29    1.075901216619E-20   -5.516079623568E-29
    1.183388784623E-30   -1.489138019828E-29   -1.230032336615E-29    1.943915472391E-29   -1.413382881058E-28   -1.467138022398E-20    9.069855760882E-29    1.475246829023E+05   -5.585046293848E-29   -8.227479904467E-21
   -4.969951603243E-29   -2.304221565184E-30    9.026019093400E-30   -9.026854588883E-31    2.404493451874E-29    9.173536163610E-29    1.075901217877E-20   -5.541176207467E-29    1.926871259364E+05   -1.992319173552E-29
    3.398308684856E-29   -3.232131048449E-30   -2.273227366078E-29   -1.932127699065E-29   -3.132506947961E-30   -1.149332364267E-29   -5.621172013629E-29   -8.227479906578E-21   -2.085024792236E-29    2.438712280418E+05
  0.11337968253968253     
   -5.955797324205E+00   -1.160690294508E-26   -4.460827296367E-18   -2.449986398550E-26    4.864128594777E-28    1.317743570602E-28   -1.933521629185E-28    1.993124086714E-29   -2.691460496065E-28   -7.092474213867E-29
   -1.159527098397E-26    2.419328523866E+03   -5.172166368499E-26    6.308562471684E-19   -4.683439413317E-27    9.268396607884E-29    2.482107698604E-28    3.960910677392E-29    1.381693413341E-28    1.214150208184E-30
   -4.460827300268E-18   -5.177895475183E-26    9.695181487398E+03    5.318135716329E-27    2.703669638960E-19    1.955766419898E-27    1.942020748118E-28    1.942781217676E-29    1.013070192652E-28    5.589528456793E-29
   -2.524103366261E-26    6.308562475826E-19    5.520255792367E-27    2.182160309328E+04   -2.249744043966E-27    1.502038683737E-19    1.185432078779E-27    4.690555387796E-29   -1.708563260932E-29   -4.284261749990E-29
    5.844733134362E-28   -4.755012982135E-27    2.703669640784E-19   -2.270177523682E-27    3.879859334152E+04    1.192669806030E-27   -9.558427979241E-20   -8.350123324026E-28    1.573923741341E-29    7.246508015175E-30
    1.668429300787E-28    6.672369673959E-29    1.941441755407E-27    1.502038684571E-19    1.177026351582E-27    6.062615223212E+04    8.892820399519E-28   -6.617373230191E-20    6.547268698235E-28    2.807494069026E-29
   -1.576864990151E-28    3.447022048344E-28    1.895022758268E-28    1.177279882618E-27   -9.558427983225E-20    8.908002780981E-28    8.730427976507E+04    6.938544345250E-28    4.852740378682E-20   -5.249008807689E-28
   -7.633096312632E-30   -1.254196435644E-29    2.825580978333E-29    3.465909940338E-29   -8.341289685161E-28   -6.617373229423E-20    6.876946073423E-28    1.188329759404E+05   -5.355122882657E-28   -3.710919117351E-20
   -2.768976784332E-28    5.951536438149E-29    9.765236195140E-29   -2.151597771869E-29    9.537379130411E-30    6.464883619027E-28    4.852740375381E-20   -5.270199540080E-28    1.552122407580E+05   -2.436469022990E-28
   -3.753173414647E-29   -1.175105265775E-30    5.284329722391E-29   -4.840874777573E-29    1.202073877887E-29    2.731115545563E-29   -5.184152260646E-28   -3.710919112222E-20   -2.406892227096E-28    1.964420742180E+05
  0.12562834907444048     
   -5.945821789636E+00   -9.309938088413E-26   -1.859293618832E-17   -1.949177529918E-25    3.740697496935E-28   -3.747041471999E-28    4.151810233382E-28   -8.592069964410E-29    1.438206216146E-28   -1.060684788867E-28
   -9.351012512429E-26    1.969466813328E+03   -4.146580834692E-25    2.629438255146E-18   -3.566286627856E-26    1.987087860656E-29   -4.043411537962E-28   -1.681671934433E-28    3.724992443609E-29    2.338220176460E-28
   -1.859293617573E-17   -4.165904569710E-25    7.895704718648E+03    4.218435425934E-26    1.126902110838E-18    1.760872513350E-26    1.493162857319E-28   -2.392175837119E-28   -1.014374678697E-28    4.438736844921E-29
   -1.964695984548E-25    2.629438252450E-18    4.253501272154E-26    1.777276789418E+04   -1.878537996873E-26    6.260567277149E-19    1.089336860704E-26   -1.054385816070E-28    3.824703825078E-29    5.947017001858E-29
    1.038900722477E-27   -3.553491371951E-26    1.126902110142E-18   -1.883569165510E-26    3.160065633993E+04    1.109499317541E-26   -3.983997356368E-19   -7.127466964024E-27   -6.053789991180E-29   -2.307648527717E-29
   -5.337509091270E-28    1.210624023966E-28    1.768532563190E-26    6.260567279144E-19    1.111941919954E-26    4.937937005589E+04    7.301286134178E-27   -2.758152014497E-19    4.804521667098E-27    1.104019518788E-29
    5.084410266742E-28   -3.839240618656E-28    1.034295168208E-28    1.092976228189E-26   -3.983997358742E-19    7.339243107610E-27    7.110890904206E+04    4.958730233679E-27    2.022644807963E-19   -3.612633283110E-27
   -1.125196386833E-28   -2.179369829640E-28   -2.248370810598E-28   -1.106524808234E-28   -7.151425737414E-27   -2.758152014564E-19    4.972347585255E-27    9.678927329844E+04   -3.695253374530E-27   -1.546728384208E-19
    2.436179961462E-28    5.749045377281E-29   -1.255547216302E-28    2.729938646845E-29   -7.574810741513E-29    4.804432374255E-27    2.022644807611E-19   -3.684338757684E-27    1.264204628250E+05   -1.693107378580E-27
   -3.230281267891E-29    2.193654136135E-28    2.640856969289E-29    5.293118435536E-29   -3.384087501693E-29    4.079165562786E-30   -3.592661797652E-27   -1.546728384547E-19   -1.680553712003E-27    1.600024776219E+05
  0.13850515235457062     
   -5.934274188808E+00   -6.560593622458E-25   -7.214952488761E-17   -1.373712384475E-24    1.598924080436E-27   -5.288704112146E-28    3.633220212902E-29    6.391391690464E-28    1.665948895661E-28    3.936235796493E-28
   -6.571852661242E-25    1.619244994865E+03   -2.922008366289E-24    1.020348366870E-17   -2.493371543823E-25    8.339553937343E-28    6.683290408859E-28    4.050197705176E-28    1.077205312674E-27    7.731462873245E-28
   -7.214952488459E-17   -2.927167229499E-24    6.494782802001E+03    2.948072060412E-25    4.372921572932E-18    1.195479127086E-25    1.266877443916E-28   -3.871239122643E-28    3.841033980223E-29   -3.605973539751E-29
   -1.377145219676E-24    1.020348366436E-17    2.954338530062E-25    1.462067914723E+04   -1.280178182989E-25    2.429400872673E-18    7.088020490773E-26    6.899924594454E-29    8.420512713523E-29   -9.733617205207E-29
    2.517996774810E-27   -2.501661808245E-25    4.372921571063E-18   -1.280381405173E-25    2.599693403054E+04    7.435542172300E-26   -1.545982373950E-18   -4.679915803963E-26   -4.214408260745E-29   -9.966798433889E-29
   -9.225253192830E-28    9.386302206224E-28    1.196832453279E-25    2.429400872488E-18    7.439450187187E-26    4.062354745195E+04    4.809619835176E-26   -1.070295489932E-18    3.323929178181E-26    5.220855275985E-29
    5.314908657347E-29    5.885174703116E-28    9.940464938498E-29    7.088272148289E-26   -1.545982373831E-18    4.807988247489E-26    5.850051941145E+04    3.424602296989E-26    7.848833588533E-19   -2.469270559592E-26
    3.717876331709E-28    6.209068878003E-28   -3.027988253156E-28    5.907907269815E-29   -4.676280760059E-26   -1.070295489868E-18    3.421116687890E-26    7.962784990903E+04   -2.519340419167E-26   -6.002049214528E-19
    2.587901212655E-28    1.276766053758E-27    1.503856961234E-29    1.277951119438E-28    5.859709728597E-30    3.320192840684E-26    7.848833588501E-19   -2.516381224854E-26    1.040055389447E+05   -1.151713462108E-26
    3.130760846789E-28    9.724018441108E-28    2.358547730159E-29   -8.638960351142E-29   -8.098001781083E-29    2.152205772953E-29   -2.466240341779E-26   -6.002049213404E-19   -1.151388908431E-26    1.316335865185E+05
  0.15201009238007299     
   -5.921009340621E+00   -4.161153918104E-24   -2.623280530406E-16   -8.722143233838E-24   -1.243412281043E-27    1.316343607509E-27   -1.114032234151E-27   -2.472992554624E-27   -2.509022578080E-28    7.160455895422E-28
   -4.156752777199E-24    1.343316128243E+03   -1.853460425662E-23    3.709878902647E-17   -1.608107040276E-24   -9.582585844514E-28   -1.025488771149E-27    1.266069850098E-28    6.796950892483E-28   -1.022159333145E-27
   -2.623280530626E-16   -1.851613187565E-23    5.391027540971E+03    1.884316508803E-24    1.589948101172E-17    7.636439373868E-25    4.971469355439E-28    4.671158589435E-28    6.681392021370E-29    3.250767061662E-29
   -8.721024390225E-24    3.709878902506E-17    1.884971154156E-24    1.213721322885E+04   -8.282797730696E-25    8.833045005469E-18    4.507292068291E-25    5.198010945957E-28    6.112894886033E-28   -4.061720833723E-28
   -1.008317747332E-27   -1.610018791131E-24    1.589948101173E-17   -8.285343790279E-25    2.158187319188E+04    4.739124048629E-25   -5.621028642555E-18   -2.980096295090E-25    2.405215412272E-28    5.456381876515E-28
    1.735444928397E-27    5.505020932293E-28    7.634113036567E-25    8.833045005242E-18    4.738076589138E-25    3.372500743007E+04    3.078702928276E-25   -3.891481367375E-18    2.123016687018E-25   -2.253753326153E-28
   -1.010893239930E-27   -8.474501865198E-28    5.034629439103E-28    4.507732354901E-25   -5.621028642352E-18    3.081272451002E-25    4.856661594340E+04    2.169172467264E-25    2.853753002401E-18   -1.588314396771E-25
   -2.088966911613E-27   -1.076599095283E-28    4.101288869311E-28    4.378794324422E-28   -2.982368268790E-25   -3.891481367213E-18    2.169721238585E-25    6.610669873189E+04   -1.614031765168E-25   -2.182281707893E-18
   -1.117164922668E-27    3.330610712133E-28    2.306840174217E-28    5.618233062392E-28    2.931454681371E-28    2.122789563207E-25    2.853753002537E-18   -1.612913762441E-25    8.634525579553E+04   -7.325361344237E-26
    6.291016245798E-28   -9.992224809651E-28    2.959199728764E-29   -3.671226430145E-28    4.626377327926E-28   -2.947167788819E-28   -1.586500965129E-25   -2.182281708233E-18   -7.317641308696E-26    1.092822871343E+05
  0.16614316915094754     
   -5.905879786299E+00   -2.429435846989E-23   -8.986164563495E-16   -5.086327999892E-23    1.084493769707E-27   -1.006841264288E-26    2.947096253195E-27    2.923428112728E-27   -1.582859584207E-27   -1.438782082856E-27
   -2.429833745969E-23    1.123547090470E+03   -1.082038470837E-22    1.270835580703E-16   -9.366660452375E-24   -9.666549891868E-27   -6.001727916014E-28   -2.291589372677E-27    4.254481433679E-27   -2.017861635813E-27
   -8.986164563573E-16   -1.082225201210E-22    4.511906001221E+03    1.099286670807E-23    5.446438202778E-17    4.462040082183E-24   -2.584474656810E-27   -3.852455971231E-28    2.630757241726E-28    7.541932649724E-28
   -5.087790323389E-23    1.270835580724E-16    1.099514269298E-23    1.015917085247E+04   -4.839575611273E-24    3.025799000712E-17    2.625167091842E-24   -1.061582324188E-27    3.831570167522E-28   -4.093221388339E-28
    8.195009821702E-27   -9.361859385450E-24    5.446438202661E-17   -4.838499433351E-24    1.806534164423E+04    2.759708268361E-24   -1.925508455285E-17   -1.735698942809E-24   -7.239213453921E-28   -3.585991493883E-28
   -7.870836483020E-27   -8.913419985589E-27    4.460990569511E-24    3.025799000674E-17    2.759571720967E-24    2.823041837648E+04    1.793362640280E-24   -1.333044314921E-17    1.234465467174E-24   -2.023663600491E-28
    1.975663263407E-27   -1.688275777954E-27   -2.152533705196E-27    2.625289743690E-24   -1.925508455320E-17    1.793228094467E-24    4.065440104923E+04    1.264360107326E-24    9.775658307733E-18   -9.220733646751E-25
    2.561871950737E-27   -1.687913569125E-27   -6.387414431466E-28   -1.031684072990E-27   -1.735639561130E-24   -1.333044315018E-17    1.264268304962E-24    5.533728966249E+04   -9.393163599251E-25   -7.475503414086E-18
   -1.580184499269E-27    3.283352094038E-27    2.300156303574E-28    4.741604679605E-28   -8.340146708955E-28    1.234321962949E-24    9.775658307861E-18   -9.395192564766E-25    7.227908421624E+04   -4.265933521225E-25
   -1.421092284497E-27   -2.666007521520E-27    8.439248415650E-28   -5.411441704988E-28   -3.850232748813E-28   -1.931888488856E-28   -9.223069290969E-25   -7.475503414194E-18   -4.267938666776E-25    9.147978471050E+04
  0.18090438266719430     
   -5.888736892065E+00   -1.309694877388E-22   -2.914065474822E-15   -2.739149088082E-22   -5.400051847011E-26    7.065700113907E-27    4.854510285775E-27    3.380470949078E-27    8.986322079285E-28    4.041918030372E-27
   -1.309776452087E-22    9.467647374625E+02   -5.832814430096E-22    4.121110915862E-16   -5.035783435079E-23    2.283426285348E-26    8.001627459549E-27   -5.575527731930E-27   -1.064097333618E-27    3.118022931054E-27
   -2.914065474789E-15   -5.833158464870E-22    3.804725160510E+03    5.918735968242E-23    1.766190393217E-16    2.402078411715E-23   -3.694876935826E-27   -2.021707054557E-27    4.075958540679E-28   -1.194434125755E-27
   -2.739188842677E-22    4.121110916053E-16    5.918643598996E-23    8.567992532257E+03   -2.606890018004E-23    9.812168851457E-17    1.415385356275E-23    9.129755881339E-28    4.166530298009E-28   -1.309282723147E-27
   -5.643952739389E-26   -5.036149516001E-23    1.766190393303E-16   -2.606736551544E-23    1.523656685270E+04    1.487013020061E-23   -6.244107447419E-17   -9.356640131693E-24   -1.482510487810E-28   -3.813620842356E-27
    8.602467929858E-27    1.846489752991E-26    2.401886198963E-23    9.812168851747E-17    1.486934023267E-23    2.381044812185E+04    9.668977848583E-24   -4.322843617350E-17    6.648050919601E-24   -4.010794690598E-27
    3.741322057223E-27    6.913505969400E-27   -3.071431990000E-27    1.415397436549E-23   -6.244107447546E-17    9.669070228606E-24    3.428963633969E+04    6.809836172816E-24    3.170085320352E-17   -4.966552457457E-24
    4.790872120945E-27   -3.674431388837E-27   -2.452500902081E-27    1.253938116663E-27   -9.356570401014E-24   -4.322843617463E-17    6.809954640799E-24    4.667413150623E+04   -5.059036319184E-24   -2.424182891904E-17
    2.947373877564E-27   -2.945214752846E-27    3.753462212719E-28    5.996294947379E-28   -3.111817954221E-28    6.648346585771E-24    3.170085320301E-17   -5.059264321523E-24    6.096393362147E+04   -2.297981090852E-24
    6.839501172112E-27    3.399350596678E-27   -1.673941760720E-27   -1.673223947001E-27   -3.707562194516E-27   -4.201199871029E-27   -4.966681519059E-24   -2.424182891755E-17   -2.297966973430E-24    7.715904268541E+04
  0.19629373292881325     
   -5.869432067453E+00   -6.574931356179E-22   -8.983224154561E-15   -1.374073842258E-21    1.772166934564E-26    8.229393252623E-27   -5.667681461722E-27    1.467348892091E-26    1.148980957739E-26    9.417716802123E-27
   -6.574860211808E-22    8.032642205691E+02   -2.928039813101E-21    1.270419743412E-15   -2.527611831998E-22    9.170568223185E-27   -3.770406398776E-27    6.595764703202E-27    6.405616931424E-27    6.984525813472E-27
   -8.983224154630E-15   -2.928008451908E-21    3.230665178465E+03    2.967896624217E-22    5.444656043459E-16    1.204408518752E-22   -3.340770067208E-27   -7.776835312547E-27   -5.604257761213E-27   -5.680054572727E-27
   -1.374060985572E-21    1.270419743409E-15    2.967862642172E-22    7.276333441626E+03   -1.307003502186E-22    3.024808913072E-16    7.097364732677E-23    8.955056741164E-28    2.469968970053E-27    1.682791721489E-27
    4.421365182624E-26   -2.527546387516E-22    5.444656043374E-16   -1.306981671172E-22    1.294026901005E+04    7.457273098212E-23   -1.924878399400E-16   -4.689890189825E-23   -2.341836652883E-28   -1.783550692968E-27
    5.219939113856E-27    1.627646026282E-26    1.204400902859E-22    3.024808913037E-16    7.457279448903E-23    2.022247188374E+04    4.847373035658E-23   -1.332608122779E-16    3.333012810269E-23   -2.530956429815E-27
   -7.216609879910E-28   -6.778905554054E-27   -2.655422942636E-27    7.097340111248E-23   -1.924878399384E-16    4.847415020381E-23    2.912294206269E+04    3.412763334428E-23    9.772459565858E-17   -2.492258149644E-23
    9.514495518219E-27    4.815847537997E-27   -5.928678623708E-27    1.200136726104E-27   -4.689852786137E-23   -1.332608122770E-16    3.412777647600E-23    3.964167954691E+04   -2.536877086004E-23   -7.473057314070E-17
    1.493902403097E-26    8.253600916498E-27   -5.758955075773E-27    2.066488507195E-27   -2.690589564449E-28    3.332998202878E-23    9.772459566116E-17   -2.536864586054E-23    5.177868433639E+04   -1.152600209671E-23
    3.704800661939E-27    6.155912227156E-27   -4.754033275245E-27    1.654673577911E-27   -2.216814053803E-27   -2.203077604308E-27   -2.492250551180E-23   -7.473057314292E-17   -1.152578377716E-23    6.553395643114E+04
  0.21231121993580440     
   -5.847818101014E+00   -3.087301885310E-21   -2.642183584646E-14   -6.447242958578E-21   -2.949841268174E-26   -4.319094944217E-26   -3.053650704578E-26   -2.941856380048E-26   -5.802448600424E-27   -1.773531731105E-26
   -3.087312242130E-21    6.858035509362E+02   -1.374812392052E-20    3.736611859907E-15   -1.185369520305E-21   -7.194733779745E-26    5.504999358964E-26    1.515984343385E-26    4.078277524180E-27    2.214370095570E-26
   -2.642183584661E-14   -1.374816707880E-20    2.760757658036E+03    1.392103351161E-21    1.601405082789E-15    5.648154193710E-22   -1.993746442641E-27    8.895624160565E-27    2.970395784984E-27    6.050489776458E-27
   -6.447241899101E-21    3.736611859867E-15    1.392098117668E-21    6.219014503203E+03   -6.129419944477E-22    8.896694904694E-16    3.328316661526E-22    5.649973744073E-27   -5.062639243015E-27   -1.041251794634E-26
   -4.945829312363E-26   -1.185341710816E-21    1.601405082774E-15   -6.129359177613E-22    1.106057408644E+04    3.496780395808E-22   -5.661533121048E-16   -2.199239290598E-22    1.061150684635E-26    1.588516147102E-27
   -3.130636323163E-26   -5.806040565196E-26    5.648097328445E-22    8.896694904508E-16    3.496755261125E-22    1.728543640774E+04    2.273336734144E-22   -3.919522929605E-16    1.562981686049E-22   -1.601593460579E-26
   -3.103871046578E-26    5.404436744510E-26   -3.286523437244E-27    3.328300904131E-22   -5.661533121001E-16    2.273306372183E-22    2.489360146710E+04    1.600470153755E-22    2.874316814883E-16   -1.168741276873E-22
   -2.522115706452E-26    1.348081565685E-27    7.438345107094E-27    4.477321098052E-27   -2.199210277691E-22   -3.919522929620E-16    1.600463315141E-22    3.388506926454E+04   -1.189662292447E-22   -2.198006976237E-16
   -2.005132360825E-27   -4.571377177403E-27    1.877839604495E-27   -4.907191007599E-27    9.666454302536E-27    1.562985853023E-22    2.874316814967E-16   -1.189668065774E-22    4.425983980004E+04   -5.405325449853E-23
   -2.266210146149E-26    2.466216660258E-26    7.498899531103E-27   -1.054988211583E-26    2.801185153128E-27   -1.593054980221E-26   -1.168754553791E-22   -2.198006976262E-16   -5.405346390458E-23    5.601791307361E+04
  0.22895684368816777     
   -5.823750603849E+00   -1.362713678675E-20   -7.438616579886E-14   -2.843272967914E-20    5.671207564817E-26    8.467022783587E-27   -3.316927493705E-27    2.746387005743E-26   -1.021126406587E-26    4.303904312444E-26
   -1.362711598035E-20    5.889145034665E+02   -6.067973962867E-20    1.051979245202E-14   -5.225180941711E-21   -1.408540832133E-25   -1.696551091861E-27   -1.602931917782E-26   -1.869418029621E-26    9.286761670987E-27
   -7.438616579888E-14   -6.067966174750E-20    2.373129265668E+03    6.136917868106E-21    4.508482479210E-15    2.489530104112E-21    2.637725855763E-26   -8.633890563687E-27   -1.472726195857E-26   -5.755148529864E-27
   -2.843279013099E-20    1.051979245176E-14    6.136942554905E-21    5.346820536003E+03   -2.701767173291E-21    2.504712488542E-15    1.466808094508E-21   -1.513142088166E-26    3.678060840788E-26    8.758149870988E-27
    2.072184349209E-26   -5.225199713242E-21    4.508482479180E-15   -2.701777059856E-21    9.509988314473E+03    1.541158402720E-21   -1.593907947294E-15   -9.692629965865E-22   -7.538763985711E-27    7.955823360030E-27
    1.239928900542E-26   -1.083046621103E-25    2.489532447850E-21    2.504712488579E-15    1.541161843921E-21    1.486263260108E+04    1.001853457119E-21   -1.103474732857E-15    6.889490327460E-22   -3.124099110493E-27
   -9.877146803367E-27    5.376502329434E-27    2.717842801111E-26    1.466809781660E-21   -1.593907947320E-15    1.001856264659E-21    2.140475339582E+04    7.054282865765E-22    8.092148040913E-16   -5.151037782821E-22
    2.987002562484E-26   -5.544830854233E-27   -5.427722891777E-27   -1.785714828645E-26   -9.692617876732E-22   -1.103474732848E-15    7.054272584423E-22    2.913635069869E+04   -5.243532731253E-22   -6.188113207451E-16
   -5.254920876719E-27   -1.966035489364E-26   -1.524780068846E-26    3.426879667550E-26   -6.112151965595E-27    6.889490727655E-22    8.092148040839E-16   -5.243553008293E-22    3.805742450969E+04   -2.382093831104E-22
    4.834587452360E-26    7.185674927808E-27   -7.965335227623E-27    8.287448266140E-27    7.942861194851E-27   -4.174032016974E-27   -5.151060877253E-22   -6.188113207446E-16   -2.382098344271E-22    4.816797482884E+04
  0.24623060418590337     
   -5.797089558380E+00   -5.677404448457E-20   -2.010290199381E-13   -1.183407408940E-19   -1.889020754751E-26    1.538585160113E-26    7.485212840775E-26    8.808513630156E-26    1.791436232612E-26    2.543717906022E-26
   -5.677398616060E-20    5.084230370979E+02   -2.527903387613E-19    2.842979664283E-14   -2.173630179351E-20    1.088725696265E-26    1.105311031010E-25    4.999412291398E-26   -1.441713521246E-26   -7.668542100579E-26
   -2.010290199385E-13   -2.527900628639E-19    2.051083417058E+03    2.553107163260E-20    1.218419856120E-14    1.035494806419E-20   -1.115006662678E-26   -1.101023371941E-26    8.215716227755E-27   -1.507406933214E-27
   -1.183405021135E-19    2.842979664273E-14    2.553102724790E-20    4.622184050326E+03   -1.123781055203E-20    6.768999200608E-15    6.101037468369E-21    5.380286367320E-26   -8.680655976966E-27   -1.301378641414E-26
   -1.535333196321E-25   -2.173625858645E-20    1.218419856119E-14   -1.123781171826E-20    8.221724936900E+03    6.410268380708E-21   -4.307544945835E-15   -4.031520466038E-21    4.129802036821E-26    1.526769649998E-26
    6.940323368950E-26   -9.551486556467E-26    1.035493306339E-20    6.768999200608E-15    6.410269232968E-21    1.284970607678E+04    4.167122159012E-21   -2.982146500948E-15    2.865310216333E-21   -2.341276922719E-26
    5.698801929674E-26    1.028029928289E-25   -1.032854819462E-26    6.101043021863E-21   -4.307544945840E-15    4.167126559773E-21    1.850612746997E+04    2.933979770043E-21    2.186907434046E-15   -2.142317371731E-21
    9.539617945848E-26    3.869851222384E-26   -1.144167978427E-26    4.417172667628E-26   -4.031522466334E-21   -2.982146500946E-15    2.933976746443E-21    2.519098911646E+04   -2.180747618491E-21   -1.672340978988E-15
    7.180017799870E-27    2.078010461544E-26    8.998024666102E-27   -9.407869574957E-27    3.804757284631E-26    2.865309060925E-21    2.186907434056E-15   -2.180746052227E-21    3.290429101627E+04   -9.907498279011E-22
    9.967788925987E-27   -7.574873032389E-26    2.054780250976E-27   -1.094727690993E-26    1.823095850394E-26   -1.911035777313E-26   -2.142317695760E-21   -1.672340978996E-15   -9.907497238223E-22    4.164603316937E+04
  0.26413250142901112     
   -5.767700951577E+00   -2.240784096626E-19   -5.228328514470E-13   -4.665780206175E-19    1.508656545441E-25    2.599867900768E-25   -8.342733025390E-26    1.242031116211E-25    1.018982334838E-25    4.084195972676E-26
   -2.240785572414E-19    4.411107818150E+02   -9.976545887197E-19    7.393973093658E-14   -8.565008919732E-20   -4.779373725477E-26    1.366195211497E-25    2.029899530223E-26    4.208760052693E-27    3.060293838708E-26
   -5.228328514480E-13   -9.976551801808E-19    1.781746230107E+03    1.006124479237E-19    3.168845611521E-14    4.079795022276E-20   -1.060084260818E-26   -7.187442826688E-26   -7.181210347827E-27   -4.957532490043E-28
   -4.665778647261E-19    7.393973093640E-14    1.006124409387E-19    4.016138643928E+03   -4.427726778865E-20    1.760469784208E-14    2.403667555709E-20    2.582945961228E-26    1.093054406051E-26    4.477649645824E-27
   -1.539076763778E-26   -8.565018910666E-20    3.168845611520E-14   -4.427735324025E-20    7.144288023277E+03    2.525508743747E-20   -1.120298953574E-14   -1.588267559242E-20    3.912989029190E-26   -3.178482840256E-27
    2.687489761665E-25    5.598711728403E-26    4.079801137293E-20    1.760469784213E-14    2.525508957378E-20    1.116619436815E+04    1.641697426014E-20   -7.755915832392E-15    1.128798803656E-20   -3.088316320175E-26
   -1.677068176134E-25    7.515872188841E-26    3.042241310186E-26    2.403665175638E-20   -1.120298953579E-14    1.641696417370E-20    1.608185767856E+04    1.155853903318E-20    5.687671610384E-15   -8.439737105143E-21
    1.465238581244E-25    5.723674188515E-26   -6.362800435765E-26    3.709262526244E-26   -1.588266820406E-20   -7.755915832435E-15    1.155855162210E-20    2.189127795449E+04   -8.591171563315E-21   -4.349395937365E-15
    1.034910730264E-25    1.514797192027E-27   -9.823869196625E-27   -9.381588161086E-28    3.370678949674E-26    1.128799626925E-20    5.687671610406E-15   -8.591169821794E-21    2.859445519595E+04   -3.903127711656E-21
    3.571691637747E-26    8.052814243603E-27   -4.958988123789E-27    5.034546859809E-27   -7.221635777322E-27   -2.932313830700E-26   -8.439733785620E-21   -4.349395937362E-15   -3.903124499173E-21    3.619138940294E+04
  0.28266253541749109     
   -5.735458484051E+00   -8.405816814873E-19   -1.311549895916E-12   -1.748212288293E-18    2.999238351407E-24   -5.135254597952E-25    3.638062101199E-26    3.129344567977E-25    1.230333675511E-25   -5.252693419426E-26
   -8.405813733146E-19    3.844729576407E+02   -3.742194870418E-18    1.854811650514E-13   -3.207223303587E-19    1.039332689378E-25   -2.259329534950E-26   -1.336997002749E-25   -4.744073173243E-26    2.744403779519E-25
   -1.311549895919E-12   -3.742193626667E-18    1.555098206009E+03    3.767840224854E-19    7.949192788094E-14    1.527502940975E-19    1.861602635236E-25   -2.038894954180E-25    1.785727104837E-26    2.236969131168E-26
   -1.748212556925E-18    1.854811650510E-13    3.767841374040E-19    3.506140286622E+03   -1.657803103823E-19    4.416218215668E-14    8.998940118872E-20    1.480567946849E-25    8.150633063298E-26    3.972286352605E-26
    3.187877518404E-24   -3.207224253738E-19    7.949192788098E-14   -1.657803174496E-19    6.237599199480E+03    9.455204667261E-20   -2.810320682687E-14   -5.946059530414E-20    1.291214738163E-25    2.516624388154E-26
   -5.006905029150E-25    1.390096229006E-25    1.527502976541E-19    4.416218215673E-14    9.455204202833E-20    9.749474944584E+03    6.146093768631E-20   -1.945606626465E-14    4.225897020263E-20   -6.277439554546E-26
    1.140058424566E-25   -7.662763213702E-26    1.709416561077E-25    8.998941103276E-20   -2.810320682688E-14    6.146093843424E-20    1.404176752193E+04    4.327174696612E-20    1.426778192738E-14   -3.159563137641E-20
    3.466279389619E-25   -2.153125576880E-25   -2.016256903652E-25    1.268895035355E-25   -5.946058140882E-20   -1.945606626463E-14    4.327172724244E-20    1.911447693153E+04   -3.216262844361E-20   -1.091065676799E-14
    2.021035984299E-25   -8.213034158488E-26   -2.890891959737E-27    7.709430081172E-26    1.134810899991E-25    4.225894712359E-20    1.426778192738E-14   -3.216261299926E-20    2.496760317337E+04   -1.461196263151E-20
   -4.532277606885E-26    2.656556407500E-25    2.046101417874E-26    3.962328476576E-26    2.817179439126E-26   -4.630624290837E-26   -3.159562490733E-20   -1.091065676801E-14   -1.461196832576E-20    3.160114624745E+04
  0.30182070615134327     
   -5.700245327188E+00   -3.005761915162E-18   -3.179809047047E-12   -6.243326406812E-18    9.809701476398E-24    1.891746616093E-25   -5.014686176275E-25    4.079911772542E-25    1.288461057360E-25    2.164896427803E-25
   -3.005761796959E-18    3.365431460151E+02   -1.338026012622E-17    4.496929079961E-13   -1.144607409298E-18   -2.171830135884E-24    3.942529995986E-25    3.310601419266E-26   -3.640538295653E-25   -1.069044412813E-25
   -3.179809047047E-12   -1.338025942135E-17    1.363273320036E+03    1.344821240820E-18    1.927255320020E-13    5.450569338278E-19    7.900036847577E-25    1.191287685800E-25   -7.841882781054E-26    1.076446303643E-25
   -6.243324823556E-18    4.496929079952E-13    1.344820923007E-18    3.074490276739E+03   -5.915673415069E-19    1.070697400017E-13    3.210898164123E-19    4.338466012732E-25    1.111295196205E-26   -4.172458081678E-26
    1.025444877876E-23   -1.144606606595E-18    1.927255320017E-13   -5.915673576286E-19    5.470194016121E+03    3.373725133573E-19   -6.813528909137E-14   -2.121547031417E-19    4.922147869416E-25    3.884413908015E-26
   -1.063468943888E-25   -2.018156594853E-24    5.450570362302E-19    1.070697400017E-13    3.373724712243E-19    8.550384538185E+03    2.192932189472E-19   -4.717058475552E-14    1.507768820410E-19   -4.990008611665E-25
   -4.578351208804E-25    3.071424576705E-25    7.846796683252E-25    3.210898122550E-19   -6.813528909132E-14    2.192931909679E-19    1.231506184293E+04    1.543909160725E-19    3.459176215408E-14   -1.127295407903E-19
    4.775673244184E-25   -9.232376435359E-27    8.934023070780E-26    4.561612961207E-25   -2.121546819498E-19   -4.717058475543E-14    1.543909156264E-19    1.676422593036E+04   -1.147527331505E-19   -2.645252400005E-14
    1.433557808389E-25   -4.572200759685E-25   -5.732503061185E-26    4.127458306333E-26    5.146545617745E-25    1.507768923764E-19    3.459176215397E-14   -1.147527237293E-19    2.189787680046E+04   -5.213365230850E-20
    2.976563030110E-25   -5.855917924442E-26    8.879299614773E-26   -3.703429053861E-26    3.841763235498E-26   -5.037544328137E-25   -1.127295277320E-19   -2.645252400000E-14   -5.213364585656E-20    2.771601445325E+04
  0.32160701363056765     
   -5.661955909052E+00   -1.027224081251E-17   -7.464446379675E-12   -2.130718082759E-17    4.953577406977E-23    2.714924946879E-25   -9.366156832035E-25   -3.663081654784E-25   -6.106444169903E-25   -3.684607562698E-25
   -1.027223999707E-17    2.957650154038E+02   -4.572308866594E-17    1.055632130512E-12   -3.903447789283E-18   -1.116730694481E-23    8.475149574329E-26    1.319484331068E-24   -2.029600328649E-25    1.677784942462E-25
   -7.464446379669E-12   -4.572308472607E-17    1.200045929338E+03    4.586731082286E-18    4.524137702316E-13    1.858497711122E-18    5.559982296544E-24    3.500290240038E-26    1.420678928149E-25    4.558599168647E-26
   -2.130717697731E-17    1.055632130510E-12    4.586730302832E-18    2.707180785895E+03   -2.017139546584E-18    2.513409834630E-13    1.094758292848E-18    3.430393335210E-24    4.197794713180E-26    3.323160937638E-26
    4.949106519734E-23   -3.903447849542E-18    4.524137702318E-13   -2.017139524494E-18    4.817169585074E+03    1.150285014343E-18   -1.599442622041E-13   -7.233195020603E-19    2.369227662374E-24    4.241009010088E-26
    1.053875266022E-25   -1.133259218634E-23    1.858497646556E-18    2.513409834633E-13    1.150284935542E-18    7.530012326876E+03    7.476602574884E-19   -1.107306430643E-13    5.140492334325E-19   -1.717037597493E-24
   -7.859646079145E-25    5.072902823231E-26    5.411394117161E-24    1.094758172990E-18   -1.599442622043E-13    7.476602599195E-19    1.084570901130E+04    5.263715617310E-19    8.120247158051E-14   -3.843289678026E-19
   -4.383369301964E-25    1.475984463077E-24    9.817516660243E-26    3.321248363698E-24   -7.233194898580E-19   -1.107306430643E-13    5.263715839458E-19    1.476425963835E+04   -3.912268522087E-19   -6.209600767933E-14
   -5.982467658184E-25   -7.309547755980E-26    1.545115299965E-25    3.842144260182E-26    2.364903506010E-24    5.140492358811E-19    8.120247158046E-14   -3.912268461554E-19    1.928566420802E+04   -1.777383483701E-19
   -3.476698405304E-25    3.115836541525E-25    4.366647573916E-26    1.846516769279E-26    2.395166499284E-26   -1.713656062255E-24   -3.843289476457E-19   -6.209600767938E-14   -1.777383402712E-19    2.440992272031E+04
  0.34202145785516419     
   -5.620497695469E+00   -3.363084013786E-17   -1.699345493102E-11   -6.965471411914E-17    2.237247414468E-22    1.156810628900E-24   -1.249768533912E-24   -1.089823978392E-27   -1.927177707633E-25    1.662403364140E-24
   -3.363084182471E-17    2.608974281961E+02   -1.496805634356E-16    2.403237443183E-12   -1.275051531108E-17   -4.944755730605E-23    1.993385738139E-24   -5.004036724038E-25    8.021405005375E-25    7.610525557875E-26
   -1.699345493101E-11   -1.496805703388E-16    1.060451205867E+03    1.498422480373E-17    1.029958904293E-12    6.069651771964E-18    2.600765733631E-23    8.579496783190E-27    2.474040547972E-25   -4.003983365152E-25
   -6.965471341126E-17    2.403237443182E-12    1.498422454656E-17    2.393040835319E+03   -6.587948786344E-18    5.721993912754E-13    3.575115000352E-18    1.551311143838E-23    1.828957315966E-25   -1.133885419004E-25
    2.242034387757E-22   -1.275051613088E-17    1.029958904291E-12   -6.587949188506E-18    4.258666316551E+03    3.756484169956E-18   -3.641268853562E-13   -2.362039330042E-18    1.087330830902E-23   -3.371942413935E-26
    2.717760180627E-24   -5.009431876118E-23    6.069651823054E-18    5.721993912741E-13    3.756484346367E-18    6.657327649564E+03    2.441536895018E-18   -2.520878437091E-13    1.678622100748E-18   -7.771896990269E-24
   -1.468250193165E-24    1.950908752117E-24    2.607065998097E-23    3.575115080429E-18   -3.641268853559E-13    2.441536886138E-18    9.589024834358E+03    1.718864783260E-18    1.848644187202E-13   -1.255006700050E-18
    5.775841530111E-26   -2.736143965209E-25   -2.863225713904E-26    1.550765402720E-23   -2.362039386664E-18   -2.520878437091E-13    1.718864791998E-18    1.305375787093E+04   -1.277533154831E-18   -1.413669084349E-13
   -1.165871159342E-25    8.405407570095E-25    2.568714176081E-25    2.244429061542E-25    1.080638331073E-23    1.678622108949E-18    1.848644187205E-13   -1.277533082411E-18    1.705152675929E+04   -5.803930811559E-19
    1.673473686397E-24    9.077658632605E-26   -3.834884964311E-25   -1.144474784290E-25    4.771311835156E-27   -7.708235797234E-24   -1.255006642231E-18   -1.413669084352E-13   -5.803930534148E-19    2.158233149942E+04
  0.36306403882513300     
   -5.575792937916E+00   -1.057059175844E-16   -3.757434548048E-11   -2.185825600334E-16    1.016849169193E-21    2.848063840873E-26   -9.368545119639E-25    2.074706709437E-24    1.516858227188E-24    7.882484362989E-25
   -1.057059170689E-16    2.309435497365E+02   -4.704150243125E-16    5.313814896113E-12   -3.997799934247E-17   -2.162691089622E-22    1.028285793465E-24    7.670644855619E-25    1.291596067931E-26   -1.479769657753E-24
   -3.757434548046E-11   -4.704150216989E-16    9.405015777578E+02    4.698757400285E-17    2.277349241513E-12    1.902713088586E-17    1.108987375955E-22   -1.080484600490E-24   -3.099638394097E-25   -2.643192017357E-25
   -2.185825566357E-16    5.313814896111E-12    4.698757308501E-17    2.123098291126E+03   -2.065252427973E-17    1.265194023079E-12    1.120641626170E-17    6.834174244302E-23    4.239076432337E-25    1.211187573425E-25
    1.016559904511E-21   -3.997799783572E-17    2.277349241513E-12   -2.065252414880E-17    3.778733689841E+03    1.177506068508E-17   -8.051234692357E-13   -7.403680418869E-18    4.672873666881E-23   -1.855727680523E-25
    5.645332085227E-26   -2.167587313141E-22    1.902713099207E-17    1.265194023078E-12    1.177506097959E-17    5.907407773904E+03    7.652897550247E-18   -5.573931710104E-13    5.261437813653E-18   -3.396958615844E-23
   -1.709553927181E-24    1.414444764447E-24    1.110294864721E-22    1.120641644053E-17   -8.051234692353E-13    7.652897744375E-18    8.509120543314E+03    5.387587045834E-18    4.087549920762E-13   -3.933614278653E-18
    1.781204127383E-24    6.441592124529E-25   -8.676575555399E-25    6.827466009088E-23   -7.403680508521E-18   -5.573931710104E-13    5.387587153875E-18    1.158387199807E+04   -4.004225632402E-18   -3.125773468882E-13
    1.489066247491E-24    8.509417760327E-25   -2.786005396173E-25    4.242524919379E-25    4.673212229417E-23    5.261437880772E-18    4.087549920762E-13   -4.004225631233E-18    1.513166213818E+04   -1.819138422797E-18
    2.834588556771E-25   -1.605766599178E-24   -1.295183212756E-25    6.804770543978E-26   -1.931330697596E-25   -3.396948051965E-23   -3.933614271083E-18   -3.125773468879E-13   -1.819138409888E-18    1.915249096363E+04
  0.38473475654047395     
   -5.527780350681E+00   -3.195871797857E-16   -8.079870582804E-11   -6.597204374167E-16    4.319808873573E-21   -3.690723010158E-25    1.958901631962E-24    2.040786068057E-24    9.771654580082E-25   -2.842154124847E-25
   -3.195871759228E-16    2.050973994130E+02   -1.422074259398E-15    1.142666255402E-11   -1.205498340859E-16   -9.208825724039E-22    6.855563224549E-25    9.409446746792E-26    1.535924121483E-24    5.850455936504E-25
   -8.079870582808E-11   -1.422074242942E-15    8.369729387040E+02    1.417059658762E-16    4.897141095978E-12    5.736260342212E-17    4.721883005432E-22   -5.809766544777E-25   -1.006391082120E-25   -1.874654219907E-25
   -6.597204346366E-16    1.142666255402E-11    1.417059656106E-16    1.890098837521E+03   -6.226487701045E-17    2.720633942279E-12    3.378214474265E-17    2.897333746623E-22    4.760863687577E-25   -1.816259640082E-25
    4.323579745223E-21   -1.205498339193E-16    4.897141095977E-12   -6.226487624686E-17    3.364475095865E+03    3.549676943763E-17   -1.731312508743E-12   -2.231777282309E-17    1.982085347225E-22    5.243658470615E-26
   -1.597813766514E-24   -9.209359114849E-22    5.736260257378E-17    2.720633942279E-12    3.549676873200E-17    5.260101713736E+03    2.306913773280E-17   -1.198600967601E-12    1.585980553117E-17   -1.445500031818E-22
    2.905791142426E-24    4.729208116488E-25    4.722386733715E-22    3.378214426056E-17   -1.731312508743E-12    2.306913785971E-17    7.576978691133E+03    1.624010639547E-17    8.789740429076E-13   -1.185711712577E-17
    1.647832797833E-24    6.942855422041E-25   -5.452995651619E-25    2.898626568490E-22   -2.231777307501E-17   -1.198600967600E-12    1.624010645817E-17    1.031510602806E+04   -1.206997883760E-17   -6.721566210733E-13
    6.647518078413E-25    2.260417356279E-24   -4.841759864874E-26    5.153178814381E-25    1.982253581387E-22    1.585980552557E-17    8.789740429073E-13   -1.206997868891E-17    1.347448372451E+04   -5.483411056763E-18
   -5.067144352436E-25    7.517192932296E-25   -1.825747689959E-25   -1.442352626331E-25    1.122632858491E-26   -1.445540660794E-22   -1.185711697156E-17   -6.721566210732E-13   -5.483411001780E-18    1.705511178049E+04
  0.40703361100118712     
   -5.476416679658E+00   -9.310444938486E-16   -1.691784344373E-10   -1.918431301304E-15    1.743778800377E-20   -6.661777877476E-24   -5.533260132144E-25   -1.945430852726E-26    1.802400947720E-24   -1.706954491716E-24
   -9.310445008654E-16    1.827032031825E+02   -4.142392661635E-15    2.392544361816E-11   -3.502084642210E-16   -3.734953827707E-21   -2.838020715147E-24   -3.387152221748E-24   -5.464138010070E-25    2.134744069358E-24
   -1.691784344373E-10   -4.142392691508E-15    7.472420627720E+02    4.117293580664E-16    1.025376155634E-11    1.666067256132E-16    1.908697690638E-21    6.224561375375E-25   -1.439750368497E-25   -2.143978058513E-25
   -1.918431306038E-15    2.392544361816E-11    4.117293585023E-16    1.688140162085E+03   -1.808515695563E-16    5.696534198247E-12    9.811003228139E-17    1.173922918515E-21   -6.545536064787E-25   -2.867952409999E-26
    1.743810128228E-20   -3.502084626045E-16    1.025376155634E-11   -1.808515697460E-16    3.005397501124E+03    1.030909484699E-16   -3.625067217138E-12   -6.481245443240E-17    7.998044773683E-22   -9.600246939230E-25
   -5.585035141326E-24   -3.731419804653E-21    1.666067253591E-16    5.696534198244E-12    1.030909484422E-16    4.699014079889E+03    6.699485537641E-17   -2.509661919579E-12    4.605691744105E-17   -5.790856168952E-22
   -9.146383414260E-25   -4.607247978933E-24    1.908592137583E-21    9.811003260256E-17   -3.625067217138E-12    6.699485563323E-17    6.768989898378E+03    4.716144940441E-17    1.840418741034E-12   -3.443258069313E-17
    4.137483552939E-25   -8.839717652867E-25    2.825863185304E-25    1.173798743195E-21   -6.481245473817E-17   -2.509661919578E-12    4.716144951430E-17    9.215324956593E+03   -3.505077874931E-17   -1.407379037374E-12
    1.365907785633E-24   -6.279638234092E-25   -9.419201912776E-26   -6.360311833832E-25    7.996508150966E-22    4.605691757829E-17    1.840418741033E-12   -3.505077875468E-17    1.203801925453E+04   -1.592351101064E-17
   -2.142027418478E-24    1.984215155207E-24   -1.359566411542E-25   -4.464307573401E-26   -9.426706967733E-25   -5.790718107327E-22   -3.443258068367E-17   -1.407379037374E-12   -1.592351090163E-17    1.523707279220E+04
  0.42996060220727256     
   -5.421678125942E+00   -2.617803270596E-15   -3.452954004268E-10   -5.383553759082E-15    6.726617812486E-20    3.453399423121E-24   -3.650544536850E-24    5.244276953078E-24    1.056266220401E-24   -2.134314339934E-24
   -2.617803255887E-15    1.632242296724E+02   -1.164562016233E-14    4.883214372919E-11   -9.817379513652E-16   -1.434829476525E-20   -1.598551240209E-24    1.991164877036E-24    4.550414508877E-24    6.321138177003E-24
   -3.452954004267E-10   -1.164562010039E-14    6.691619530758E+02    1.154379526819E-15    2.092806162068E-11    4.669374835442E-16    7.344771189444E-21   -1.626972603433E-24   -4.675372470688E-25    6.406176804663E-25
   -5.383553754254E-15    4.883214372919E-11    1.154379527677E-15    1.512391492077E+03   -5.068798214814E-16    1.162670090150E-11    2.749410778086E-16    4.518476938071E-21    1.374422906631E-24    1.844184302477E-24
    6.726216829803E-20   -9.817379593964E-16    2.092806162068E-11   -5.068798221982E-16    2.692912846679E+03    2.889033861783E-16   -7.398809664871E-12   -1.816205195642E-16    3.071593152473E-21   -5.880243904746E-25
    3.806881090155E-25   -1.434308251866E-20    4.669374853865E-16    1.162670090150E-11    2.889033865627E-16    4.210726016882E+03    1.877372710457E-16   -5.122252844998E-12    1.290595259718E-16   -2.230266762264E-21
   -3.338859696628E-24    2.903683734368E-24    7.344983852044E-21    2.749410779925E-16   -7.398809664871E-12    1.877372701134E-16    6.065831002686E+03    1.321550215828E-16    3.756318753031E-12   -9.648454826854E-17
    6.962895870120E-24    2.696713549368E-24   -1.785624804126E-24    4.519353072576E-21   -1.816205183945E-16   -5.122252844998E-12    1.321550210673E-16    8.258227804090E+03   -9.821698682790E-17   -2.872479046864E-12
    2.501907893643E-24    3.271266300796E-24   -8.857037091461E-25    9.404620125191E-25    3.071867070589E-21    1.290595256529E-16    3.756318753033E-12   -9.821698700299E-17    1.078791642109E+04   -4.461947050790E-17
   -2.669515029386E-25    7.377668739980E-24   -4.075508392258E-26    1.635165483634E-24   -6.584236564807E-25   -2.230429686773E-21   -9.648454849491E-17   -2.872479046866E-12   -4.461947064840E-17    1.365489685370E+04
  0.45351573015873009     
   -5.363561583606E+00   -7.114155057193E-15   -6.876669737619E-10   -1.460034648303E-14    2.483926767335E-19    1.455884988268E-23    7.242345231799E-24   -1.878928814700E-23    1.371163448216E-24   -1.518244351406E-25
   -7.114155081831E-15    1.462187138951E+02   -3.164394840393E-14    9.725079569049E-11   -2.659550642047E-15   -5.289062316959E-20   -1.393950244150E-23    3.802764176699E-24    2.725484786669E-25    2.197163570205E-24
   -6.876669737621E-10   -3.164394850614E-14    6.009655403477E+02    3.127759428436E-15    4.167891252348E-11    1.264626653653E-15    2.703613343276E-20    4.410639811367E-24   -3.816246143839E-25   -9.087326112860E-25
   -1.460034648130E-14    9.725079569050E-11    3.127759424027E-15    1.358876917761E+03   -1.372859596552E-15    2.315495140605E-11    7.445617368292E-16    1.662681188795E-20   -5.903702717145E-25   -3.018829711444E-25
    2.483817248167E-19   -2.659550639200E-15    4.167891252347E-11   -1.372859595973E-15    2.419952846141E+03    7.823840310804E-16   -1.473496907757E-11   -4.918186419144E-16    1.130879946944E-20   -5.901990293573E-25
    1.201314626209E-23   -5.288748422972E-20    1.264626654335E-15    2.315495140605E-11    7.823840310169E-16    3.784193325486E+03    5.083857152745E-16   -1.020113243866E-11    3.494766898800E-16   -8.209055518657E-21
    9.123715176917E-24   -1.614903687259E-23    2.703545629552E-20    7.445617371395E-16   -1.473496907757E-11    5.083857153409E-16    5.451598355797E+03    3.578600572863E-16    7.480830455161E-12   -2.612633439699E-16
   -1.447763819737E-23    1.792955433401E-24    2.611925214528E-24    1.662712529162E-20   -4.918186426678E-16   -1.020113243866E-11    3.578600577231E-16    7.422167937073E+03   -2.659549699457E-16   -5.720635055534E-12
    1.085499858024E-24    1.657867408340E-24   -2.441346333056E-25   -2.609241165398E-25    1.130881347257E-20    3.494766901882E-16    7.480830455160E-12   -2.659549698134E-16    9.695902069315E+03   -1.208209747832E-16
    1.841577060003E-25    2.182022646464E-24   -7.383887320438E-25   -2.245322555124E-25   -4.240734512131E-25   -8.209065259769E-21   -2.612633437998E-16   -5.720635055532E-12   -1.208209746483E-16    1.227280075252E+04
  0.47769899485555994     
   -5.302085654936E+00   -1.871158065734E-14   -1.337541459366E-09   -3.831868115278E-14    8.793246776508E-19    2.870668552383E-23   -7.346781987290E-24    9.397607347709E-24   -2.063481900681E-24    6.100048648513E-24
   -1.871158061455E-14    1.313211219902E+02   -8.321786290102E-14    1.891569258568E-10   -6.971832446009E-15   -1.868455634232E-19    7.687458707071E-24    8.174198410133E-24    8.152593366128E-25    3.986737053837E-24
   -1.337541459366E-09   -8.321786271443E-14    5.411907449546E+02    8.200648737451E-15    8.106725424497E-11    3.314252280194E-15    9.545980085869E-20    7.219197780419E-25    3.689397425252E-24    1.974517691644E-25
   -3.831868109027E-14    1.891569258568E-10    8.200648726563E-15    1.224306783217E+03   -3.598055951458E-15    4.503736348415E-11    1.951097430100E-15    5.869164796285E-20   -2.215564457674E-24   -1.343466155773E-24
    8.793392979427E-19   -6.971832427516E-15    8.106725424497E-11   -3.598055948141E-15    2.180669236785E+03    2.050240662170E-15   -2.866014040254E-11   -1.288727146429E-15    3.991155838256E-20   -4.268524391013E-24
    2.228473209696E-23   -1.868424688817E-19    3.314252280128E-15    4.503736348415E-11    2.050240662879E-15    3.410278105657E+03    1.332147349836E-15   -1.984163566450E-11    9.157175993776E-16   -2.896451464730E-20
   -8.535711011952E-24    9.244795333419E-24    9.546104311531E-20    1.951097431240E-15   -2.866014040254E-11    1.332147350241E-15    4.913133389835E+03    9.376873766717E-16    1.455053282115E-11   -6.845638436278E-16
    9.691620058782E-24    8.421093367475E-24    2.263352895770E-25    5.869192042536E-20   -1.288727147081E-15   -1.984163566451E-11    9.376873761751E-16    6.689235089318E+03   -6.968582199414E-16   -1.112687804532E-11
   -6.484643825747E-25    1.364823019891E-24    3.115301463473E-24   -1.600963399399E-24    3.991059760015E-20    9.157175992153E-16    1.455053282115E-11   -6.968582196663E-16    8.738583204106E+03   -3.165737263355E-16
    3.869110227918E-24    4.429958640516E-24    5.553412486686E-25   -6.112569143349E-25   -4.423610462784E-24   -2.896393956585E-20   -6.845638431204E-16   -1.112687804532E-11   -3.165737261937E-16    1.106117773420E+04
  0.50251039629776195     
   -5.237291408079E+00   -4.769055826612E-14   -2.542999482079E-09   -9.744205776543E-14    2.989779425113E-18    5.285839024288E-23   -3.315627209804E-24   -2.778826893937E-24   -9.477308529393E-24   -8.704738135183E-24
   -4.769055826384E-14    1.182274724360E+02   -2.120676123433E-13    3.596344310408E-10   -1.770709185883E-14   -6.337771208406E-19   -1.233908798515E-23    1.382581091584E-23   -1.138692370764E-23   -2.579063197460E-25
   -2.542999482079E-09   -2.120676123358E-13    4.886217640165E+02    2.083189652687E-14    1.541290429386E-10    8.415194173617E-15    3.236022933752E-19    9.397728631501E-24    2.757161814347E-24    3.248961862495E-24
   -9.744205778000E-14    3.596344310408E-10    2.083189653096E-14    1.105945583299E+03   -9.136209735597E-15    8.562724612775E-11    4.953476123626E-15    1.988885794519E-19   -7.369394873022E-24   -8.550988007995E-25
    2.989840160403E-18   -1.770709186776E-14    1.541290429386E-10   -9.136209735928E-15    1.970198930295E+03    5.205266244282E-15   -5.449006572986E-11   -3.271663448572E-15    1.352437897540E-19   -2.781620587887E-24
    3.805438139109E-23   -6.337958332090E-19    8.415194176363E-15    8.562724612776E-11    5.205266243521E-15    3.081381805004E+03    3.381917462460E-15   -3.772389166331E-11    2.324640873827E-15   -9.814366447986E-20
    8.454968236845E-24   -1.366305237562E-23    3.236002362598E-19    4.953476121824E-15   -5.449006572985E-11    3.381917461155E-15    4.439494207426E+03    2.380421983503E-15    2.766418722153E-11   -1.737800656154E-15
   -1.746878302689E-24    8.987214768408E-24    9.708686585429E-24    1.988881263273E-19   -3.271663447058E-15   -3.772389166331E-11    2.380421982780E-15    6.044536137562E+03   -1.769014165683E-15   -2.115496671784E-11
   -5.429392662344E-24   -9.772231293165E-24    5.750708451911E-25   -7.831947465632E-24    1.352422830871E-19    2.324640873559E-15    2.766418722152E-11   -1.769014165714E-15    7.896507595411E+03   -8.036329844215E-16
   -1.039099500675E-23    2.514362219478E-24    3.263840204493E-24   -1.101611946035E-24   -2.894525978122E-24   -9.814350962853E-20   -1.737800656009E-15   -2.115496671784E-11   -8.036329840576E-16    9.995408580973E+03
  0.52794993448533611     
   -5.169242845995E+00   -1.179183486717E-13   -4.729719577814E-09   -2.403614037996E-13    9.777622358134E-18    3.065834630941E-22   -4.167852220321E-23   -1.053808073478E-23   -8.549479089773E-24    7.741472478804E-24
   -1.179183486765E-13    1.066837610109E+02   -5.242717140050E-13    6.688833420827E-10   -4.362180805582E-14   -2.067482652962E-18   -8.153978401846E-23    1.146424695139E-23    1.163280220900E-23    7.775037402241E-24
   -4.729719577814E-09   -5.242717140377E-13    4.422427726583E+02    5.132979870901E-14    2.866642930196E-10    2.072491095520E-14    1.055030598948E-18    5.429044222219E-23    7.210347553625E-24   -3.609108363852E-24
   -2.403614038919E-13    6.688833420828E-10    5.132979872566E-14    1.001507792042E+03   -2.250169119863E-14    1.592579407345E-10    1.219800262442E-14    6.482635132469E-19   -3.055695652976E-23   -1.898616520361E-25
    9.777656605125E-18   -4.362180808147E-14    2.866642930196E-10   -2.250169118959E-14    1.784478819181E+03    1.281825605932E-14   -1.013459623258E-10   -8.056058166273E-15    4.407542518567E-19   -1.895052407998E-23
    3.109719539621E-22   -2.067490715219E-18    2.072491094445E-14    1.592579407345E-10    1.281825605402E-14    2.791155854074E+03    8.327607153898E-15   -7.016258931627E-11    5.723949834012E-15   -3.198145152301E-19
   -3.815768433083E-23   -7.788054903511E-23    1.055031437561E-18    1.219800262241E-14   -1.013459623258E-10    8.327607152865E-15    4.021538896722E+03    5.861321700251E-15    5.145256550441E-11   -4.278890481158E-15
   -9.379528175245E-25    3.364801157144E-24    4.984206842587E-23    6.482634675446E-19   -8.056058166453E-15   -7.016258931627E-11    5.861321700281E-15    5.475627947123E+03   -4.355755121392E-15   -3.934607956540E-11
   -1.681758035760E-23    1.059726458686E-23    7.982857215083E-24   -3.112696975067E-23    4.407556298836E-19    5.723949833977E-15    5.145256550440E-11   -4.355755122207E-15    7.153423005279E+03   -1.978726172482E-15
    5.470971260566E-24    9.766228745073E-24   -2.687901599164E-24   -1.023859555600E-24   -1.859229197232E-23   -3.198159917228E-19   -4.278890482019E-15   -3.934607956540E-11   -1.978726172715E-15    9.054924071189E+03
  0.55401760941828249     
   -5.098027060822E+00   -2.831475513956E-13   -8.611724882035E-09   -5.757351799890E-13    3.079767030828E-17    1.398724663086E-21   -3.375244141614E-23   -2.870604534947E-23   -3.075867857427E-25   -4.154902468575E-25
   -2.831475513935E-13    9.647677726772E+01   -1.258688698274E-12    1.217881764043E-09   -1.043456544227E-13   -6.495352965921E-18   -4.148908649670E-22   -1.703356403423E-23   -1.090022053002E-23    7.813263496326E-24
   -8.611724882035E-09   -1.258688698255E-12    4.012011903702E+02    1.228085261995E-13    5.219493388964E-10    4.955979196515E-14    3.312342537533E-18    1.712560369268E-22   -4.383829706803E-24    3.293446266098E-24
   -5.757351799222E-13    1.217881764043E-09    1.228085261756E-13    9.090752121654E+02   -5.381130228717E-14    2.899718554779E-10    2.916575834517E-14    2.034706098372E-18   -1.107744061830E-22    5.456879606530E-24
    3.079763807794E-17   -1.043456544254E-13    5.219493388964E-10   -5.381130227670E-14    1.620098842681E+03    3.064934440079E-14   -1.845275445232E-10   -1.926110915142E-14    1.383221715577E-18   -8.398185191002E-23
    1.412844567302E-21   -6.495344562175E-18    4.955979195561E-14    2.899718554779E-10    3.064934440037E-14    2.534272081917E+03    1.991050784168E-14   -1.277498385600E-10    1.368484319931E-14   -1.003591487296E-18
   -4.789461372808E-23   -4.344847710264E-22    3.312351474285E-18    2.916575834254E-14   -1.845275445232E-10    1.991050784113E-14    3.651594929872E+03    1.401332848058E-14    9.368321496248E-11   -1.022977365811E-14
   -3.201807048170E-23   -2.790878374679E-23    1.727478343681E-22    2.034708755708E-18   -1.926110915140E-14   -1.277498385600E-10    1.401332848186E-14    4.972067386546E+03   -1.041356149640E-14   -7.164010575421E-11
    3.133517344974E-24   -1.573296184672E-23   -4.618453687435E-24   -1.120020849760E-22    1.383220829939E-18    1.368484320105E-14    9.368321496248E-11   -1.041356149841E-14    6.495689451940E+03   -4.730609797065E-15
   -4.673135791033E-24    1.006488571484E-23    4.437683779511E-24    4.707287026441E-24   -8.252761332736E-23   -1.003591799718E-18   -1.022977366143E-14   -7.164010575421E-11   -4.730609798669E-15    8.222461126052E+03
  0.58071342109660118     
   -5.023754054845E+00   -6.609208655568E-13   -1.536046881925E-08   -1.340434676223E-12    9.355255945876E-17    5.719946557838E-21   -8.744269926692E-23    2.535617859729E-23   -9.513324386098E-25   -3.784912452253E-23
   -6.609208655574E-13    8.742677603542E+01   -2.937534822785E-12    2.172298185092E-09   -2.425970107648E-13   -1.967774362601E-17   -1.454661267661E-21   -1.658264780604E-23    4.459633361962E-24    1.125568380873E-23
   -1.536046881925E-08   -2.937534822784E-12    3.647783664767E+02    2.855825324996E-13    9.309849720318E-10    1.151863014994E-13    1.002814522269E-17    7.449617812493E-22   -6.837550234189E-24    7.313737025917E-24
   -1.340434676199E-12    2.172298185093E-09    2.855825325076E-13    8.270310171522E+02   -1.250740879597E-13    5.172138749971E-10    6.777820889150E-14    6.158364782511E-18   -4.788678313979E-22   -1.658341617666E-24
    9.355266379397E-17   -2.425970108006E-13    9.309849720319E-10   -1.250740879764E-13    1.474184728103E+03    7.122722751050E-14   -3.291361026646E-10   -4.475804570022E-14    4.185934910596E-18   -3.203668689156E-22
    5.752435808398E-21   -1.967773656743E-17    1.151863014967E-13    5.172138749971E-10    7.122722750817E-14    2.306239499326E+03    4.626746672354E-14   -2.278634558258E-10    3.179906187932E-14   -3.036843080710E-18
   -6.520838361791E-23   -1.462589486870E-21    1.002814551133E-17    6.777820888971E-14   -3.291361026646E-10    4.626746672364E-14    3.323195330822E+03    3.256248936208E-14    1.670998676623E-10   -2.377009674701E-14
    1.241548534516E-23   -4.612752131780E-23    7.489078286797E-22    6.158360049939E-18   -4.475804569754E-14   -2.278634558258E-10    3.256248935909E-14    4.525052222591E+03   -2.419720646171E-14   -1.277822523311E-10
   -1.370266050896E-23    8.640442973217E-24   -3.444845782710E-24   -4.762759536651E-22    4.185932824148E-18    3.179906187585E-14    1.670998676623E-10   -2.419720646065E-14    5.911810174631E+03   -1.099204442255E-14
   -2.984388439637E-23    1.119107124225E-23    7.665397563038E-24   -3.620780943667E-24   -3.201718641591E-22   -3.036843810867E-18   -2.377009674585E-14   -1.277822523311E-10   -1.099204442259E-14    7.483469186943E+03
  0.60803736952029186     
   -4.946556216621E+00   -1.501016167741E-12   -2.685674697406E-08   -3.036197628285E-12    2.743913466149E-16    2.244617732261E-20   -3.535779949861E-23   -9.975623609958E-24   -7.628591275930E-24    2.025664982888E-23
   -1.501016167678E-12    7.938159694580E+01   -6.670289909781E-12    3.798117144922E-09   -5.486996869919E-13   -5.755535499005E-17   -5.327062127103E-21   -4.335986584931E-23    4.874336539266E-23   -1.763436328308E-23
   -2.685674697406E-08   -6.670289909502E-12    3.323660566700E+02    6.460655427118E-13    1.627764597363E-09    2.604382726567E-13    2.931064040853E-17    2.820965238744E-21   -3.586255828156E-24   -6.186949389497E-24
   -3.036197628167E-12    3.798117144922E-09    6.460655426987E-13    7.540068227964E+02   -2.828099635430E-13    9.043136700899E-10    1.532277107405E-13    1.799459082426E-17   -1.777966557251E-21    3.497606249467E-24
    2.743914094771E-16   -5.486996870821E-13    1.627764597363E-09   -2.828099635549E-13    1.344303895382E+03    1.610280847251E-13   -5.754723366797E-10   -1.011789696664E-13    1.222935698333E-17   -1.240316091459E-21
    2.250907724000E-20   -5.755534117058E-17    2.604382726462E-13    9.043136700899E-10    1.610280847264E-13    2.103257274423E+03    1.045920234561E-13   -3.984039257938E-10    7.188155761361E-14   -8.871434129185E-18
   -5.195312443588E-23   -5.336413853173E-21    2.931064336878E-17    1.532277107356E-13   -5.754723366797E-10    1.045920234609E-13    3.030866959919E+03    7.360760034551E-14    2.921628790837E-10   -5.373090728959E-14
    1.557956170672E-23   -5.851644413475E-23    2.820294415007E-21    1.799459947366E-17   -1.011789696713E-13   -3.984039257937E-10    7.360760034969E-14    4.127132951868E+03   -5.469649746650E-14   -2.234186739627E-10
    1.421761323489E-23    4.941204119748E-23   -7.736702512608E-24   -1.779610597869E-21    1.222935884927E-17    7.188155761605E-14    2.921628790837E-10   -5.469649746654E-14    5.392055250272E+03   -2.484665778944E-14
    2.525887118691E-23   -1.307930996183E-23   -6.915431624195E-24    2.357383887461E-24   -1.239555082819E-21   -8.871435397829E-18   -5.373090729059E-14   -2.234186739627E-10   -2.484665779145E-14    6.825633855129E+03
  0.63598945468935497     
   -4.866587449620E+00   -3.319626352082E-12   -4.605698583303E-08   -6.696494221615E-12    7.779412779826E-16    8.202359849350E-20   -1.766619046349E-25   -1.300867478279E-22    6.923403081979E-23    4.190574068384E-23
   -3.319626352120E-12    7.221192110387E+01   -1.474932915729E-11    6.513440155879E-09   -1.208356534393E-12   -1.627103231100E-16   -1.906412783418E-20    1.026599780722E-23    5.684128378736E-23    6.242022232052E-23
   -4.605698583303E-08   -1.474932915746E-11    3.034474470746E+02    1.423102150310E-12    2.791474661905E-09    5.733431096102E-13    8.280159913924E-17    1.023384515571E-20   -4.091719590561E-24   -2.543411039290E-24
   -6.696494221739E-12    6.513440155879E-09    1.423102150338E-12    6.888399902582E+02   -6.226281445972E-13    1.550819270646E-09    3.372781913339E-13    5.081877795341E-17   -6.477872091381E-21    1.245298402612E-25
    7.779412471550E-16   -1.208356534425E-12    2.791474661905E-09   -6.226281446181E-13    1.228389550731E+03    3.544551157607E-13   -9.868849937605E-10   -2.226958215298E-13    3.453164123761E-17   -4.505528580867E-21
    8.204542326804E-20   -1.627103475252E-16    5.733431096350E-13    1.550819270646E-09    3.544551157670E-13    1.922096128484E+03    2.302100225010E-13   -6.832280737506E-10    1.582059215075E-13   -2.504766110212E-17
   -7.283323344716E-23   -1.907677034552E-20    8.280161617723E-17    3.372781913281E-13   -9.868849937605E-10    2.302100224859E-13    2.769959723518E+03    1.620055439864E-13    5.010339212327E-10   -1.182548907807E-13
   -1.256968178288E-22    2.560732511285E-23    1.023048244517E-20    5.081878374803E-17   -2.226958215226E-13   -6.832280737506E-10    1.620055439869E-13    3.771980335832E+03   -1.203803376165E-13   -3.831435916895E-10
    7.967267928270E-23    4.331731981191E-23   -6.566329431529E-24   -6.474280364682E-21    3.453164233502E-17    1.582059215109E-13    5.010339212327E-10   -1.203803376182E-13    4.928157965425E+03   -5.468384664491E-14
    5.503068379200E-23    3.259558723469E-23   -5.664586025181E-24    1.230975903292E-24   -4.504775039658E-21   -2.504765846353E-17   -1.182548907817E-13   -3.831435916895E-10   -5.468384664594E-14    6.238492612296E+03
  0.66456967660379018     
   -4.784021959798E+00   -7.154962113070E-12   -7.751307989463E-08   -1.439287605180E-11    2.134219912549E-15    2.871533453417E-19   -1.622980532793E-22   -8.239633825185E-23   -1.094268016070E-23   -4.641331561797E-23
   -7.154962113318E-12    6.580742589761E+01   -3.178427369166E-11    1.096200144864E-08   -2.593090301163E-12   -4.450668466035E-16   -6.644868613115E-20    7.986196252058E-23    2.592762518401E-23   -6.134504390838E-23
   -7.751307989463E-08   -3.178427369276E-11    2.775817698436E+02    3.054646565631E-12    4.698001489108E-09    1.229933346432E-12    2.263193930452E-16    3.558554047254E-20    2.886819778190E-23    1.053108946300E-23
   -1.439287605227E-11    1.096200144864E-08    3.054646565702E-12    6.305390096400E+02   -1.335736492741E-12    2.610000866265E-09    7.234265092664E-13    1.388579303207E-16   -2.258469666745E-20   -3.188789905114E-24
    2.134220102478E-15   -2.593090301337E-12    4.698001489108E-09   -1.335736492742E-12    1.124679145381E+03    7.602849217308E-13   -1.660909651466E-09   -4.776261664039E-13    9.433927172658E-17   -1.570403056498E-20
    2.871262732095E-19   -4.450668357471E-16    1.229933346434E-12    2.610000866265E-09    7.602849217356E-13    1.760002177054E+03    4.937467497778E-13   -1.149860531121E-09    3.392982781295E-13   -6.842282601420E-17
   -1.561692218835E-22   -6.644071335186E-20    2.263194074720E-16    7.234265092634E-13   -1.660909651466E-09    4.937467497798E-13    2.536508104657E+03    3.474488102118E-13    8.432310574930E-10   -2.536105782837E-13
   -6.981556674459E-23    5.590798167915E-23    3.558738171532E-20    1.388579295218E-16   -4.776261664064E-13   -1.149860531121E-09    3.474488102129E-13    3.454196928189E+03   -2.581695109891E-13   -6.448237631409E-10
   -1.932890872328E-23    1.862431963400E-23    2.827749718525E-23   -2.258263316939E-20    9.433927434136E-17    3.392982781373E-13    8.432310574930E-10   -2.581695109923E-13    4.513068647649E+03   -1.172744276779E-13
   -3.470443024246E-23   -2.829822403325E-23    6.737165886463E-24   -7.880547327511E-25   -1.569899090226E-20   -6.842282512111E-17   -2.536105782890E-13   -6.448237631409E-10   -1.172744276785E-13    5.713123263038E+03
  0.69377803526359760     
   -4.699052717684E+00   -1.504064930621E-11   -1.280924721392E-07   -3.016897130166E-11    5.671214448611E-15    9.683023879446E-19   -1.195406126831E-22   -1.112735555160E-22    7.800589202569E-23   -5.466909191095E-23
   -1.504064930623E-11    6.007365306093E+01   -6.680236280554E-11    1.811500194896E-08   -5.426679881179E-12   -1.179086858830E-15   -2.227623496990E-19    3.669418828640E-23    7.208337965829E-23   -1.613457597842E-24
   -1.280924721392E-07   -6.680236280567E-11    2.543917707885E+02    6.394150905770E-12    7.763574623972E-09    2.572989129561E-12    5.991090020342E-16    1.192527508841E-19    3.998593959350E-24    3.037499646141E-24
   -3.016897130169E-11    1.811500194896E-08    6.394150905796E-12    5.782553002310E+02   -2.794492766536E-12    4.313097118232E-09    1.513171432172E-12    3.674632525109E-16   -7.558749051762E-20   -2.804649776788E-23
    5.671214192587E-15   -5.426679880820E-12    7.763574623972E-09   -2.794492766544E-12    1.031664241494E+03    1.590301026859E-12   -2.744698191144E-09   -9.989661951171E-13    2.496105246834E-16   -5.256044173127E-20
    9.683266195844E-19   -1.179086828213E-15    2.572989129555E-12    4.313097118232E-09    1.590301026841E-12    1.614618594556E+03    1.032692531528E-12   -1.900175679347E-09    7.096213781856E-13   -1.810207937320E-16
   -8.823666268276E-23   -2.228604445123E-19    5.991089864369E-16    1.513171432157E-12   -2.744698191144E-09    1.032692531524E-12    2.327118359414E+03    7.266712220747E-13    1.393462168449E-09   -5.303974223018E-13
   -1.459603633567E-22    5.790800127615E-23    1.192519156765E-19    3.674632595915E-16   -9.989661951238E-13   -1.900175679347E-09    7.266712220832E-13    3.169163536066E+03   -5.399333739194E-13   -1.065588752233E-09
    4.157879456643E-23    4.863089096701E-23    7.402576897313E-24   -7.558690494259E-20    2.496105300672E-16    7.096213781964E-13    1.393462168449E-09   -5.399333739233E-13    4.140754124512E+03   -2.452636890727E-13
   -4.527685926206E-23   -9.175441660173E-24   -4.674458685894E-24   -2.612684870372E-23   -5.256418992524E-20   -1.810208018095E-16   -5.303974223024E-13   -1.065588752233E-09   -2.452636890693E-13    5.241890124750E+03
  0.72361453066877723     
   -4.611889620505E+00   -3.085862885972E-11   -2.079516352494E-07   -6.171624716689E-11    1.461044893952E-14    3.143492136100E-18   -9.181954483900E-23   -2.123248126797E-22    5.995064026314E-23   -1.691620901795E-23
   -3.085862885949E-11    5.492944611956E+01   -1.370316183150E-10    2.940877849440E-08   -1.108306346724E-11   -3.028211478882E-15   -7.200697548880E-19   -2.543224396629E-22    1.108126042121E-22    4.076103550538E-23
   -2.079516352494E-07   -1.370316183140E-10    2.335534536363E+02    1.306220839661E-11    1.260376843108E-08    5.252900210116E-12    1.537449778271E-15    3.846266004439E-19   -5.119956084352E-23   -4.071970607327E-24
   -6.171624716707E-11    2.940877849440E-08    1.306220839667E-11    5.312601327868E+02   -5.705460638143E-12    7.002093846580E-09    3.088765803004E-12    9.426800749699E-16   -2.436266043855E-19    5.201132757374E-23
    1.461044892471E-14   -1.108306346752E-11    1.260376843108E-08   -5.705460638103E-12    9.480494836680E+02    3.246277877119E-12   -4.455877967534E-09   -2.038993119307E-12    6.402333632336E-16   -1.693020835230E-19
    3.143441934245E-18   -3.028211432956E-15    5.252900210061E-12    7.002093846580E-09    3.246277877076E-12    1.483921506247E+03    2.107852557250E-12   -3.084838615202E-09    1.448350022878E-12   -4.642584197297E-16
   -2.716544387704E-22   -7.200418750374E-19    1.537449804352E-15    3.088765802973E-12   -4.455877967534E-09    2.107852557270E-12    2.138876200516E+03    1.483156443725E-12    2.262214993847E-09   -1.082522544242E-12
   -1.650379331015E-22   -2.347881647947E-22    3.846270449303E-19    9.426800687327E-16   -2.038993119328E-12   -3.084838615202E-09    1.483156443747E-12    2.912913566473E+03   -1.101988174155E-12   -1.729929203211E-09
    1.642612112584E-23    8.602624672805E-23   -3.242914211357E-23   -2.436303595164E-19    6.402333545854E-16    1.448350022891E-12    2.262214993847E-09   -1.101988174151E-12    3.806033604118E+03   -5.005697346034E-13
    6.358078466633E-24    1.312557113003E-23   -1.145148908677E-23    4.694429034101E-23   -1.693055862253E-19   -4.642584145484E-16   -1.082522544237E-12   -1.729929203211E-09   -5.005697346035E-13    4.818236313448E+03
  0.75407916281932896     
   -4.522757387239E+00   -6.183468905893E-11   -3.318202480542E-07   -1.232999943696E-10    3.652473721673E-14    9.831643498909E-18    1.188644973150E-21   -6.720720271193E-22    1.217429583313E-22   -1.124488992794E-22
   -6.183468905931E-11    5.030484463326E+01   -2.745327443443E-10    4.692640971198E-08   -2.210521916568E-11   -7.546323540877E-15   -2.241149294182E-18   -7.825984136021E-22    2.442665295297E-22   -7.246565427238E-23
   -3.318202480542E-07   -2.745327443460E-10    2.147876506647E+02    2.605926865088E-11    2.011133434800E-08    1.047287520651E-11    3.828220882540E-15    1.195924324720E-18   -3.390247900435E-22   -3.528324573465E-23
   -1.232999943706E-10    4.692640971198E-08    2.605926865112E-11    4.889256608259E+02   -1.137587092050E-11    1.117296421985E-08    6.157237056529E-12    2.346455136971E-15   -7.573036979957E-19    2.501687420083E-22
    3.652473683214E-14   -2.210521916559E-11    2.011133434800E-08   -1.137587092051E-11    8.727188751650E+02    6.471371482574E-12   -7.110068304754E-09   -4.064283641861E-12    1.593343337468E-15   -5.260790100500E-19
    9.831678318249E-18   -7.546323331343E-15    1.047287520646E-11    1.117296421985E-08    6.471371482535E-12    1.366167293629E+03    4.201581718606E-12   -4.922355036590E-09    2.886843316971E-12   -1.155275879213E-15
    1.065657835701E-21   -2.241168188117E-18    3.828220885526E-15    6.157237056496E-12   -7.110068304754E-09    4.201581718641E-12    1.969270916206E+03    2.956234420990E-12    3.609727050514E-09   -2.157620525933E-12
   -6.686025334536E-22   -7.969984991549E-22    1.195926334386E-18    2.346455143541E-15   -4.064283641911E-12   -4.922355036590E-09    2.956234421016E-12    2.682029742892E+03   -2.196424613407E-12   -2.760379733937E-09
    1.214786189594E-22    2.751461474103E-22   -3.443927227617E-22   -7.573050807752E-19    1.593343362378E-15    2.886843316985E-12    3.609727050513E-09   -2.196424613392E-12    3.504443773686E+03   -9.976963791368E-13
   -1.124245619383E-22   -9.973956561785E-23   -2.730355811440E-23    2.412282975855E-22   -5.260738439432E-19   -1.155275898693E-15   -2.157620525916E-12   -2.760379733937E-09   -9.976963791278E-13    4.436513008586E+03
  0.78517193171525301     
   -4.431893228489E+00   -1.210918581551E-10   -5.206536733240E-07   -2.407335726100E-10    8.867765747949E-14    2.967201881049E-17    7.233442197526E-21   -9.104922728751E-22    2.262658753916E-22    1.227282772927E-22
   -1.210918581555E-10    4.613934664923E+01   -5.375190496569E-10    7.363140273256E-08   -4.308506067882E-11   -1.826270807092E-14   -6.732393580514E-18   -2.504900835557E-21    1.758137739099E-22   -5.363059006758E-23
   -5.206536733240E-07   -5.375190496592E-10    1.978530654967E+02    5.080505802868E-11    3.155635492672E-08    2.040451261311E-11    9.256916032958E-15    3.588240880808E-18   -1.181013130146E-21   -1.050474790497E-22
   -2.407335726115E-10    7.363140273256E-08    5.080505802893E-11    4.507092640033E+02   -2.216525298045E-11    1.753130999724E-08    1.199441099342E-11    5.671923409040E-15   -2.270595877812E-18    7.339204571528E-22
    8.867765706316E-14   -4.308506067848E-11    3.155635492672E-08   -2.216525298036E-11    8.047079420919E+02    1.260663985914E-11   -1.115628858507E-08   -7.916691713973E-12    3.850782782517E-15   -1.576961928369E-18
    2.967221170186E-17   -1.826270795365E-14    2.040451261295E-11    1.753130999724E-08    1.260663985908E-11    1.259849099678E+03    8.184214091433E-12   -7.723584543501E-09    5.622946875933E-12   -2.791767136774E-15
    7.272999376101E-21   -6.732420014038E-18    9.256916037645E-15    1.199441099336E-11   -1.115628858507E-08    8.184214091435E-12    1.816132736745E+03    5.758136045974E-12    5.663962056715E-09   -4.202464203110E-12
   -8.316255497554E-22   -2.566601626835E-21    3.588222702664E-18    5.671923385925E-15   -7.916691713983E-12   -7.723584543501E-09    5.758136045991E-12    2.473558853285E+03   -4.278056813707E-12   -4.331265645463E-09
    1.949316683080E-22    1.703565541291E-22   -1.165467870968E-21   -2.270580556965E-18    3.850782780045E-15    5.622946875955E-12    5.663962056715E-09   -4.278056813720E-12    3.232127449296E+03   -1.943224458556E-12
    1.650314333933E-22   -1.613113557773E-22   -1.094173694903E-22    7.420023592355E-22   -1.576960909897E-18   -2.791767148309E-15   -4.202464203118E-12   -4.331265645463E-09   -1.943224458554E-12    4.091838524775E+03
  0.81689283735654927     
   -4.339544338341E+00   -2.318970752322E-10   -8.037062236401E-07   -4.596153968981E-10    2.092651643110E-13    8.651264144686E-17    3.047048053548E-20   -1.189591939076E-21    1.891727808906E-22   -4.204996229762E-22
   -2.318970752327E-10    4.238046930547E+01   -1.029178073840E-09    1.136608783841E-07   -8.211675054926E-11   -4.295673083172E-14   -1.953701690999E-17   -8.437097985631E-21    4.131235449772E-22    2.628436034103E-23
   -8.037062236402E-07   -1.029178073842E-09    1.825405079522E+02    9.685606295319E-11    4.871190022813E-08    3.887378244604E-11    2.175533532323E-14    1.040015084985E-17   -4.463601915578E-21    2.632228958691E-23
   -4.596153968980E-10    1.136608783841E-07    9.685606295309E-11    4.161405733857E+02   -4.223101486319E-11    2.706217086756E-08    2.284762554062E-11    1.332526483442E-14   -6.577500898652E-18    2.929062218818E-21
    2.092651642734E-13   -8.211675054926E-11    4.871190022813E-08   -4.223101486314E-11    7.431806652721E+02    2.401439541532E-11   -1.722138242827E-08   -1.507897973297E-11    9.045124586674E-15   -4.566881781507E-18
    8.651282167201E-17   -4.295673076981E-14    3.887378244594E-11    2.706217086756E-08    2.401439541530E-11    1.163660783480E+03    1.558869465126E-11   -1.192249585776E-08    1.070959153686E-11   -6.556887114484E-15
    3.050763994736E-20   -1.953705656872E-17    2.175533535842E-14    2.284762554062E-11   -1.722138242827E-08    1.558869465129E-11    1.677580927982E+03    1.096713515519E-11    8.743163767795E-09   -8.003886659659E-12
   -1.238540175710E-21   -8.527450623566E-21    1.040017074764E-17    1.332526484347E-14   -1.507897973302E-11   -1.192249585776E-08    1.096713515523E-11    2.284941098768E+03   -8.147882927647E-12   -6.685950040084E-09
    2.023063979253E-22    4.262778094829E-22   -4.470522720138E-21   -6.577500110190E-18    9.045124574415E-15    1.070959153692E-11    8.743163767795E-09   -8.147882927644E-12    2.985741295835E+03   -3.700968840022E-12
   -3.913310674921E-22    1.417389391442E-22    1.744341803848E-23    2.939199926517E-21   -4.566868338329E-18   -6.556887094872E-15   -8.003886659649E-12   -6.685950040084E-09   -3.700968840000E-12    3.779981519176E+03
  0.84924187974321752     
   -4.245965260853E+00   -4.345439307241E-10   -1.221065636783E-06   -8.586204106912E-10    4.803674395229E-13    2.439003808526E-16    1.123721498423E-19   -1.877967104084E-21    9.981807040760E-22   -2.443703264796E-22
   -4.345439307242E-10    3.898255189667E+01   -1.928168224767E-09    1.726839614932E-07   -1.531357078399E-10   -9.828241795866E-14   -5.482527160218E-17   -2.878394696785E-20    4.940132023569E-22   -2.259307115581E-22
   -1.221065636783E-06   -1.928168224767E-09    1.686680983575E+02    1.806708336055E-10    7.400763538013E-08    7.246439216533E-11    4.973230881618E-14    2.914792423788E-17   -1.558949617525E-20   -3.862655872615E-23
   -8.586204106900E-10    1.726839614932E-07    1.806708336052E-10    3.848106778511E+02   -7.872779210708E-11    4.111536246007E-08    4.258331836079E-11    3.045035727099E-14   -1.842415409760E-17    1.015562765595E-20
    4.803674398563E-13   -1.531357078400E-10    7.400763538013E-08   -7.872779210700E-11    6.874102895708E+02    4.475900625346E-11   -2.616432381165E-08   -2.810191795230E-11    2.066568950556E-14   -1.278828638897E-17
    2.439005591591E-16   -9.828241792303E-14    7.246439216520E-11    4.111536246007E-08    4.475900625341E-11    1.076466933316E+03    2.905215805028E-11   -1.811376340617E-08    1.995801409369E-11   -1.497908495963E-14
    1.122791431729E-19   -5.482528517047E-17    4.973230880790E-14    4.258331836075E-11   -2.616432381165E-08    2.905215805026E-11    1.551980609042E+03    2.043807676888E-11    1.328342682000E-08   -1.491533980643E-11
   -1.692242953947E-21   -2.889563126317E-20    2.914791579871E-17    3.045035723327E-14   -2.810191795226E-11   -1.811376340617E-08    2.043807676884E-11    2.113951316736E+03   -1.518372630643E-11   -1.015791754435E-08
    1.029326145741E-21    4.729807415407E-22   -1.559849670108E-20   -1.842415830226E-17    2.066568949769E-14    1.995801409367E-11    1.328342682000E-08   -1.518372630640E-11    2.762379056392E+03   -6.896729026103E-12
   -3.155269863238E-22   -2.438509297637E-22   -1.716113397228E-23    1.017345430218E-20   -1.278826291773E-17   -1.497908494410E-14   -1.491533980640E-11   -1.015791754435E-08   -6.896729026093E-12    3.497263828000E+03
  0.88221905887525820     
   -4.151415186610E+00   -7.972273511786E-10   -1.826668995933E-06   -1.570407826954E-09    1.073421747984E-12    6.655214236467E-16    3.828745060125E-19   -2.198526977748E-21    8.169993423634E-22   -7.829862579177E-22
   -7.972273511791E-10    3.590575692851E+01   -3.536790136840E-09    2.583282196977E-07   -2.795881872205E-10   -2.188916959240E-13   -1.489078854231E-16   -9.401304920086E-20    9.810908997354E-23   -2.301235419773E-22
   -1.826668995933E-06   -3.536790136843E-09    1.560772635830E+02    3.299501894459E-10    1.107126038474E-07    1.322477431968E-10    1.106664949518E-13    7.906502076291E-17   -5.165857716249E-20    1.255045354501E-22
   -1.570407826956E-09    2.583282196977E-07    3.299501894463E-10    3.563631117845E+02   -1.436880914559E-10    6.150702356779E-08    7.770212334060E-11    6.773477803596E-14   -4.994784093856E-17    3.340578224970E-20
    1.073421748588E-12   -2.795881872201E-10    1.107126038474E-07   -1.436880914557E-10    6.367632999141E+02    8.167409705231E-11   -3.914083825739E-08   -5.127368285618E-11    4.596073772895E-14   -3.465822207303E-17
    6.655215043350E-16   -2.188916967034E-13    1.322477431966E-10    6.150702356779E-08    8.167409705225E-11    9.972778276684E+02    5.300803364779E-11   -2.709750514307E-08    3.641296593006E-11   -3.330995140483E-14
    3.826217896696E-19   -1.489074470213E-16    1.106664949085E-13    7.770212334061E-11   -3.914083825739E-08    5.300803364782E-11    1.437906694982E+03    3.728904327438E-11    1.987150449948E-08   -2.721194250492E-11
   -1.913053512581E-21   -9.382618984707E-20    7.906495129283E-17    6.773477804858E-14   -5.127368285620E-11   -2.709750514307E-08    3.728904327438E-11    1.958649901833E+03   -2.770168384332E-11   -1.519586287198E-08
    8.503824799073E-22    1.164113985469E-22   -5.162458011241E-20   -4.994782811671E-17    4.596073771752E-14    3.641296593008E-11    1.987150449948E-08   -2.770168384332E-11    2.559507448213E+03   -1.258244528212E-11
   -6.541615832138E-22   -2.355585402243E-22    8.545437690350E-23    3.339777310988E-20   -3.465822132601E-17   -3.330995140067E-14   -2.721194250491E-11   -1.519586287198E-08   -1.258244528209E-11    3.240479334108E+03
  0.91582437475267109     
   -4.056155236093E+00   -1.432799333699E-09   -2.691791461529E-06   -2.813692969694E-09    2.336701319319E-12    1.759222849176E-15    1.241832366447E-18   -2.767289928024E-21    2.023043415149E-21   -1.222353130843E-21
   -1.432799333698E-09    3.311523347980E+01   -6.355188952038E-09    3.806728968915E-07   -5.000452286740E-10   -4.749100009184E-13   -3.917911058330E-16   -2.989743760154E-19    4.957360062400E-22   -9.356596648446E-23
   -2.691791461529E-06   -6.355188952033E-09    1.446293822516E+02    5.902800180687E-10    1.631466600313E-07    2.364278717969E-10    2.398938797868E-13    2.077593567455E-16   -1.642423790457E-19    1.901702249455E-22
   -2.813692969693E-09    3.806728968915E-07    5.902800180688E-10    3.304863033882E+02   -2.568979283008E-10    9.063708058148E-08    1.388904703859E-10    1.467759914804E-13   -1.311724314326E-16    1.061519589074E-19
    2.336701319577E-12   -5.000452286741E-10    1.631466600313E-07   -2.568979283010E-10    5.906859939439E+02    1.459938588777E-10   -5.767815336970E-08   -9.164292191352E-11    9.957429987258E-14   -9.099095666644E-17
    1.759222745628E-15   -4.749100008481E-13    2.364278717971E-10    9.063708058148E-08    1.459938588777E-10    9.252284534665E+02    9.474383511547E-11   -3.993103307319E-08    6.507893947124E-11   -7.215815249954E-14
    1.241795361881E-18   -3.917913132166E-16    2.398938797712E-13    1.388904703858E-10   -5.767815336970E-08    9.474383511538E-11    1.334113681859E+03    6.664509960657E-11    2.928275918904E-08   -4.863305086996E-11
   -3.032615380270E-21   -2.987175795091E-19    2.077593967938E-16    1.467759914770E-13   -9.164292191351E-11   -3.993103307319E-08    6.664509960663E-11    1.817341679088E+03   -4.950848076679E-11   -2.239271226821E-08
    1.737585190414E-21    4.803521966374E-22   -1.641835782406E-19   -1.311724012040E-16    9.957429988647E-14    6.507893947135E-11    2.928275918904E-08   -4.950848076686E-11    2.374912445143E+03   -2.248705210445E-11
   -1.219325689488E-21   -3.130368059676E-22    2.020171237118E-22    1.061305147356E-19   -9.099092886145E-17   -7.215815253790E-14   -4.863305087002E-11   -2.239271226821E-08   -2.248705210445E-11    3.006825980001E+03
  0.95005782737545608     
   -3.960445785517E+00   -2.523953767734E-09   -3.908961940629E-06   -4.941238816215E-09    4.958822084187E-12    4.508799980054E-15    3.858367311064E-18   -1.841617230046E-21    3.203049463512E-21   -9.150351857971E-22
   -2.523953767734E-09    3.058041412127E+01   -1.119285420219E-08    5.528023962332E-07   -8.765804791292E-10   -1.004459311081E-12   -9.994855108752E-16   -9.188950134575E-19    2.090445417523E-21    8.901803849699E-23
   -3.908961940629E-06   -1.119285420220E-08    1.342029642779E+02    1.035048934672E-09    2.369177658574E-07    4.142860758787E-10    5.069430133808E-13    5.293161160352E-16   -5.043691849996E-19    2.505653479158E-22
   -4.941238816215E-09    5.528023962332E-07    1.035048934673E-09    3.069072252850E+02   -4.501859904420E-10    1.316210824887E-07    2.433340347314E-10    3.100517825986E-13   -3.339988713487E-16    3.260785773747E-19
    4.958822082011E-12   -8.765804791291E-10    2.369177658574E-07   -4.501859904424E-10    5.486931921107E+02    2.557854534803E-10   -8.375889467320E-08   -1.605439605789E-10    2.103017293295E-13   -2.316143720481E-16
    4.508799534858E-15   -1.004459310651E-12    4.142860758789E-10    1.316210824887E-07    2.557854534803E-10    8.595608640916E+02    1.659781715015E-10   -5.798693527165E-08    1.140027646502E-10   -1.523813340499E-13
    3.858477407286E-18   -9.994858181086E-16    5.069430130584E-13    2.433340347313E-10   -8.375889467320E-08    1.659781715015E-10    1.239510241084E+03    1.167470207726E-10    4.252375596929E-08   -8.519104028830E-11
   -2.128075466079E-21   -9.191145536634E-19    5.293162132158E-16    3.100517825387E-13   -1.605439605789E-10   -5.798693527165E-08    1.167470207725E-10    1.688541323043E+03   -8.672484481781E-11   -3.251819604307E-08
    3.289727535984E-21    1.844735416210E-21   -5.043828086771E-19   -3.339988395854E-16    2.103017293199E-13    1.140027646501E-10    4.252375596929E-08   -8.672484481784E-11    2.206654109948E+03   -3.939040830725E-11
   -1.078306892790E-21    1.560891615257E-22    3.316304148840E-22    3.260878558448E-19   -2.316143353381E-16   -1.523813340767E-13   -8.519104028835E-11   -3.251819604307E-08   -3.939040830730E-11    2.793848601768E+03
  0.98491941674361339     
   -3.864543888912E+00   -4.360163927572E-09   -5.596215579981E-06   -8.509930101560E-09    1.026584544186E-11    1.121361761391E-14    1.154622195208E-17    3.880331107406E-21    3.562140504853E-21   -2.043934266420E-21
   -4.360163927572E-09    2.827442212587E+01   -1.933210749646E-08    7.914071716875E-07   -1.506969432615E-09   -2.072500002052E-12   -2.474270172555E-15   -2.726814998020E-18    5.119586974592E-21   -7.786161941702E-22
   -5.596215579981E-06   -1.933210749646E-08    1.246912718362E+02    1.779896536647E-09    3.391796821810E-07    7.119212277289E-10    1.045055372854E-12    1.308628667988E-15   -1.495106925300E-18    1.663132701695E-21
   -8.509930101560E-09    7.914071716875E-07    1.779896536647E-09    2.853860384489E+02   -7.736660579641E-10    1.884333693289E-07    4.180834643177E-10    6.389295792666E-13   -8.252662728518E-16    9.664269134665E-19
    1.026584544378E-11   -1.506969432615E-09    3.391796821810E-07   -7.736660579640E-10    5.103587137570E+02    4.394879705071E-10   -1.199121943560E-07   -2.758154716147E-10    4.332889446317E-13   -5.721082200224E-16
    1.121361730685E-14   -2.072500002234E-12    7.119212277291E-10    1.884333693289E-07    4.394879705072E-10    7.996092968003E+02    2.851548330312E-10   -8.301615169374E-08    1.958483129145E-10   -3.139186360032E-13
    1.154639365570E-17   -2.474269781439E-15    1.045055372826E-12    4.180834643179E-10   -1.199121943560E-07    2.851548330311E-10    1.153137787371E+03    2.005640324978E-10    6.087851843304E-08   -1.463476774740E-10
    4.451059776284E-21   -2.726850085164E-18    1.308628456480E-15    6.389295791207E-13   -2.758154716146E-10   -8.301615169374E-08    2.005640324978E-10    1.570944185402E+03   -1.489831148549E-10   -4.655422239152E-08
    3.184779457406E-21    5.248720661341E-21   -1.495100737705E-18   -8.252662893344E-16    4.332889446550E-13    1.958483129144E-10    6.087851843304E-08   -1.489831148550E-10    2.053028490865E+03   -6.766717242809E-11
   -2.037342432196E-21   -7.198202913833E-22    1.635002214667E-21    9.664561887089E-19   -5.721082641053E-16   -3.139186360894E-13   -1.463476774740E-10   -4.655422239152E-08   -6.766717242808E-11    2.599390703716E+03
   1.0204091428571429     
   -3.768700845147E+00   -7.390558594196E-09   -7.901544249304E-06   -1.438063889316E-08    2.074640773404E-11    2.708491381106E-14    3.335033720949E-17    3.014957813515E-20    4.792586194090E-21   -3.513581270849E-21
   -7.390558594196E-09    2.617357007106E+01   -3.276207236109E-08    1.117412235501E-06   -2.542026938635E-09   -4.174386456266E-12   -5.948709793439E-15   -7.820095860632E-18    1.223337302082E-20   -3.868404943472E-22
   -7.901544249304E-06   -3.276207236110E-08    1.160003063017E+02    3.003257452238E-09    4.789016297992E-07    1.200402827509E-09    2.103078515192E-12    3.142121219103E-15   -4.282732579780E-18    5.637730388226E-21
   -1.438063889316E-08    1.117412235501E-06    3.003257452238E-09    2.657115597525E+02   -1.304604301561E-09    2.660568956274E-07    7.048335476805E-10    1.285309060829E-12   -1.980375870298E-15    2.766620994431E-18
    2.074640773248E-11   -2.542026938635E-09    4.789016297992E-07   -1.304604301561E-09    4.753073175137E+02    7.409378369420E-10   -1.693090362193E-07   -4.649504735777E-10    8.714611592348E-13   -1.372446700253E-15
    2.708491441512E-14   -4.174386456213E-12    1.200402827509E-09    2.660568956274E-07    7.409378369418E-10    7.447875782136E+02    4.806999614701E-10   -1.172139831583E-07    3.301320502959E-10   -6.313032130559E-13
    3.334929292519E-17   -5.948709258365E-15    2.103078515362E-12    7.048335476804E-10   -1.693090362193E-07    4.806999614701E-10    1.074152341555E+03    3.380834119807E-10    8.595693566768E-08   -2.466841022016E-10
    3.039264622686E-20   -7.820336517507E-18    3.142121216691E-15    1.285309060757E-12   -4.649504735776E-10   -1.172139831583E-07    3.380834119807E-10    1.463401607442E+03   -2.511273920433E-10   -6.573189753175E-08
    4.919285942657E-21    1.232971832744E-20   -4.282811339602E-18   -1.980375774415E-15    8.714611592203E-13    3.301320502960E-10    8.595693566768E-08   -2.511273920432E-10    1.912535375835E+03   -1.140588852214E-10
   -3.122818557587E-21   -4.412688079796E-22    5.561274674842E-21    2.766619981158E-18   -1.372446655538E-15   -6.313032130461E-13   -2.466841022016E-10   -6.573189753175E-08   -1.140588852214E-10    2.421553646669E+03
   1.0565270057160445     
   -3.673159953690E+00   -1.229781620247E-08   -1.100735657520E-05   -2.385716736561E-08    4.095507554582E-11    6.358428987353E-14    9.310270610324E-17    1.159509081046E-19    4.986758781805E-21   -2.900858864166E-21
   -1.229781620247E-08    2.425693441976E+01   -5.450555817239E-08    1.556606381177E-06   -4.209661228730E-09   -8.213245261156E-12   -1.390119573733E-14   -2.169660042443E-17    3.344196487664E-20   -8.280000050136E-22
   -1.100735657520E-05   -5.450555817240E-08    1.080470996447E+02    4.974879465096E-09    6.671384846243E-07    1.987075681410E-09    4.134251360138E-12    7.333047682370E-15   -1.186382221597E-17    1.786482388334E-20
   -2.385716736562E-08    1.556606381177E-06    4.974879465098E-09    2.476974147582E+02   -2.159715931950E-09    3.706333593280E-07    1.166548100484E-09    2.525733681563E-12   -4.619089518959E-15    7.657927768963E-18
    4.095507554633E-11   -4.209661228731E-09    6.671384846243E-07   -2.159715931950E-09    4.432078600508E+02    1.226335458764E-09   -2.358577970872E-07   -7.694622996899E-10    1.712158396030E-12   -3.200132145599E-15
    6.358428982498E-14   -8.213245261698E-12    1.987075681410E-09    3.706333593280E-07    1.226335458764E-09    6.945784335878E+02    7.955367259585E-10   -1.632862370398E-07    5.463213367206E-10   -1.240179129834E-12
    9.310201419127E-17   -1.390119601510E-14    4.134251360367E-12    1.166548100484E-09   -2.358577970872E-07    7.955367259589E-10    1.001809134950E+03    5.594837790683E-10    1.197432697829E-07   -4.082151894780E-10
    1.160529201431E-19   -2.169685436908E-17    7.333047765566E-15    2.525733681475E-12   -7.694622996902E-10   -1.632862370398E-07    5.594837790685E-10    1.364899964002E+03   -4.155697522433E-10   -9.156862488567E-08
    5.153788568105E-21    3.355460617057E-20   -1.186386526147E-17   -4.619089617460E-15    1.712158395846E-12    5.463213367208E-10    1.197432697829E-07   -4.155697522434E-10    1.783850920687E+03   -1.887439671206E-10
   -2.967715742735E-21   -7.011211438384E-22    1.790099247697E-20    7.657887964022E-18   -3.200132084470E-15   -1.240179129772E-12   -4.082151894781E-10   -9.156862488567E-08   -1.887439671206E-10    2.258662004917E+03
   1.0932730053203183     
   -3.578154495462E+00   -2.009899594805E-08   -1.513471302578E-05   -3.887500112870E-08    7.902563326392E-11    1.451940913571E-13    2.515329882186E-16    4.016654857467E-19    7.018577993787E-21   -5.023464219493E-21
   -2.009899594805E-08    2.250599346610E+01   -8.906498524126E-08    2.140238573587E-06   -6.847458284973E-09   -1.579584984971E-11   -3.159914565229E-14   -5.827476295005E-17    1.056831880207E-19   -2.042592596234E-21
   -1.513471302578E-05   -8.906498524127E-08    1.007582599288E+02    8.094478059933E-09    9.172872763683E-07    3.230864671563E-09    7.944134679438E-12    1.664725845568E-14   -3.181403335506E-17    5.763353532252E-20
   -3.887500112870E-08    2.140238573587E-06    8.094478059934E-09    2.311787625175E+02   -3.511815362761E-09    5.096057358589E-07    1.896426720513E-09    4.851504987507E-12   -1.048003451631E-14    2.051990652585E-17
    7.902563326701E-11   -6.847458284976E-09    9.172872763683E-07   -3.511815362761E-09    4.137674719004E+02    1.993675196766E-09   -3.242949584681E-07   -1.250793155679E-09    3.288130602378E-12   -7.258355133469E-15
    1.451940913522E-13   -1.579584985060E-11    3.230864671563E-09    5.096057358589E-07    1.993675196766E-09    6.485243853833E+02    1.293195407129E-09   -2.245120304276E-07    8.880271108301E-10   -2.381443165006E-12
    2.515319553574E-16   -3.159914553423E-14    7.944134679925E-12    1.896426720513E-09   -3.242949584681E-07    1.293195407129E-09    9.354495023820E+02    9.094294151459E-10    1.646422127256E-07   -6.635212616630E-10
    4.010291275278E-19   -5.827552331893E-17    1.664725851667E-14    4.851504987606E-12   -1.250793155679E-09   -2.245120304276E-07    9.094294151458E-10    1.274542822707E+03   -6.754786596042E-10   -1.259033336372E-07
    6.853997689906E-21    1.060866181317E-19   -3.181410062508E-17   -1.048003456762E-14    3.288130602402E-12    8.880271108298E-10    1.646422127256E-07   -6.754786596041E-10    1.665804346282E+03   -3.067856093093E-10
   -5.426308700894E-21   -2.232309242838E-21    5.780332577972E-20    2.051997260860E-17   -7.258355148363E-15   -2.381443165029E-12   -6.635212616629E-10   -1.259033336372E-07   -3.067856093092E-10    2.109234072980E+03
   1.1306471416699644     
   -3.483905967736E+00   -3.227989657346E-08   -2.054706390671E-05   -6.225171488043E-08    1.491410245696E-10    3.227406943959E-13    6.583138891091E-16    1.263513255850E-18    8.690263064891E-21   -5.378599874793E-21
   -3.227989657346E-08    2.090431828642E+01   -1.430164275462E-07    2.905542447651E-06   -1.094578387338E-08   -2.971349347985E-11   -6.992386935722E-14   -1.516528793305E-16    3.147865907498E-19   -1.529712725352E-21
   -2.054706390671E-05   -1.430164275462E-07    9.406872956544E+01    1.294290247732E-08    1.245313476506E-06    5.162508613421E-09    1.493076935647E-11    3.679021466178E-14   -8.265785895228E-17    1.744989980258E-19
   -6.225171488042E-08    2.905542447651E-06    1.294290247732E-08    2.160094993785E+02   -5.611832356347E-09    6.918440511861E-07    3.029756358227E-09    9.114907831912E-12   -2.314737921265E-14    5.327195515157E-17
    1.491410245703E-10   -1.094578387338E-08    1.245313476506E-06   -5.611832356347E-09    3.867265850428E+02    3.185210234782E-09   -4.402651574377E-07   -1.998122593091E-09    6.176486963990E-12   -1.602662446928E-14
    3.227406937604E-13   -2.971349347948E-11    5.162508613421E-09    6.918440511861E-07    3.185210234782E-09    6.062199828516E+02    2.065888671023E-09   -3.047992145560E-07    1.418544337204E-09   -4.472843151866E-12
    6.583135743235E-16   -6.992386921827E-14    1.493076935670E-11    3.029756358227E-09   -4.402651574377E-07    2.065888671023E-09    8.744896920006E+02    1.452745288448E-09    2.235195327835E-07   -1.059886339566E-09
    1.264283397729E-18   -1.516524573247E-16    3.679021478047E-14    9.114907832222E-12   -1.998122593091E-09   -3.047992145560E-07    1.452745288448E-09    1.191535712229E+03   -1.078992270969E-09   -1.709275753741E-07
    8.520506233675E-21    3.151802134621E-19   -8.265766757466E-17   -2.314737924420E-14    6.176486964125E-12    1.418544337204E-09    2.235195327835E-07   -1.078992270969E-09    1.557358043430E+03   -4.900450520625E-10
   -5.056819962174E-21   -1.516199568093E-21    1.744232208758E-19    5.327184983355E-17   -1.602662450466E-14   -4.472843151952E-12   -1.059886339565E-09   -1.709275753741E-07   -4.900450520626E-10    1.971956685433E+03
   1.1686494147649826     
   -3.390622593731E+00   -5.096989984577E-08   -2.755319371371E-05   -9.801139183928E-08    2.754632390946E-10    6.988549185083E-13    1.670527207620E-15    3.801288975252E-18    1.090950526045E-20   -8.157393968123E-21
   -5.096989984577E-08    1.943730816071E+01   -2.257824451266E-07    3.896146152345E-06   -1.720345930505E-08   -5.470388498439E-11   -1.507401325496E-13   -3.827141448846E-16    9.270296023472E-19   -4.363251949120E-21
   -2.755319371371E-05   -2.257824451266E-07    8.792072224978E+01    2.034828016794E-08    1.669929082263E-06    8.110684008591E-09    2.746477039875E-11    7.921019560664E-14   -2.082590640635E-16    5.150996933332E-19
   -9.801139183928E-08    3.896146152345E-06    2.034828016794E-08    2.020598651612E+02   -8.817242246982E-09    9.277444100120E-07    4.759208890675E-09    1.676052671280E-11   -4.980834879063E-14    1.341155631445E-16
    2.754632391003E-10   -1.720345930505E-08    1.669929082263E-06   -8.817242246982E-09    3.618546760184E+02    5.003543460436E-09   -5.903842262866E-07   -3.138445108007E-09    1.135518605513E-11   -3.447530566708E-14
    6.988549168346E-13   -5.470388498555E-11    8.110684008592E-09    9.277444100120E-07    5.003543460436E-09    5.673051497813E+02    3.244934305762E-09   -4.087280250170E-07    2.228001969375E-09   -8.222195323549E-12
    1.670526277509E-15   -1.507401305446E-13    2.746477039937E-11    4.759208890676E-09   -5.903842262866E-07    3.244934305761E-09    8.184112853555E+02    2.281741173374E-09    2.997340878341E-07   -1.664638364755E-09
    3.799960633747E-18   -3.827150594884E-16    7.921019611150E-14    1.676052671298E-11   -3.138445108006E-09   -4.087280250170E-07    2.281741173374E-09    1.115173082385E+03   -1.694655738443E-09   -2.292100269877E-07
    1.092918675476E-20    9.260968899054E-19   -2.082590384949E-16   -4.980834903853E-14    1.135518605523E-11    2.228001969375E-09    2.997340878341E-07   -1.694655738443E-09    1.457590540726E+03   -7.696506615456E-10
   -8.345617015534E-21   -4.106855395373E-21    5.151376321930E-19    1.341155180457E-16   -3.447530562876E-14   -8.222195323601E-12   -1.664638364755E-09   -2.292100269877E-07   -7.696506615457E-10    1.845663660149E+03
   1.2072798246053731     
   -3.298498119199E+00   -7.916416531099E-08   -3.650906825098E-05   -1.517950803108E-07    4.982317757903E-10    1.475249622858E-12    4.113893566490E-15    1.097765297631E-17   -6.023573150943E-21   -9.578174334007E-21
   -7.916416531100E-08    1.809196341059E+01   -3.506139523614E-07    5.162323456237E-06   -2.659798530273E-08   -9.862854513708E-11   -3.168150157295E-13   -9.374108498278E-16    2.634154792278E-18   -8.854572614217E-21
   -3.650906825098E-05   -3.506139523614E-07    8.226281040621E+01    3.146952470977E-08    2.212704083490E-06    1.253494175829E-08    4.947608828237E-11    1.662687291857E-13   -5.092763690481E-16    1.467334307816E-18
   -1.517950803108E-07    5.162323456237E-06    3.146952470977E-08    1.892143883261E+02   -1.362791873771E-08    1.229291067323E-06    7.354123421396E-09    3.018216503567E-11   -1.044926507230E-13    3.277178403360E-16
    4.982317757844E-10   -2.659798530273E-08    2.212704083490E-06   -1.362791873771E-08    3.389466119128E+02    7.731912436760E-09   -7.822787266491E-07   -4.849271146911E-09    2.044443846089E-11   -7.230341133308E-14
    1.475249621122E-12   -9.862854513626E-11    1.253494175829E-08    1.229291067323E-06    7.731912436761E-09    5.314594743911E+02    5.013892580377E-09   -5.415784631198E-07    3.442373537068E-09   -1.480200862790E-11
    4.113893934567E-15   -3.168150158083E-13    4.947608828214E-11    7.354123421396E-09   -7.822787266491E-07    5.013892580377E-09    7.667529742883E+02    3.525442558743E-09    3.971579098592E-07   -2.571878870455E-09
    1.097560395909E-17   -9.374112610533E-16    1.662687298083E-13    3.018216503558E-11   -4.849271146911E-09   -5.415784631198E-07    3.525442558743E-09    1.044827111126E+03   -2.618273618949E-09   -3.037118836408E-07
   -6.357860517019E-21    2.633474018887E-18   -5.092761773063E-16   -1.044926508367E-13    2.044443846101E-11    3.442373537068E-09    3.971579098592E-07   -2.618273618949E-09    1.365681884709E+03   -1.189109593486E-09
   -9.131555624569E-21   -9.404916123149E-21    1.467120836182E-18    3.277177926090E-16   -7.230341137924E-14   -1.480200862806E-11   -2.571878870455E-09   -3.037118836408E-07   -1.189109593486E-09    1.729317294733E+03
   1.2465383711911358     
   -3.207710900046E+00   -1.209993466843E-07   -4.781829422778E-05   -2.313678552287E-07    8.829982715979E-10    3.038087638330E-12    9.840108281172E-15    3.055676877985E-17   -6.430222397541E-20   -1.285536338781E-20
   -1.209993466843E-07    1.685668980766E+01   -5.358082636570E-07    6.761043508279E-06   -4.047201249283E-08   -1.742483139436E-10   -6.496360850893E-13   -2.230389615854E-15    7.262716426032E-18   -2.958996770754E-20
   -4.781829422778E-05   -5.358082636570E-07    7.704913977710E+01    4.789928703390E-08    2.898093721312E-06    1.906625293697E-08    8.733795291349E-11    3.405150495657E-13   -1.209779262541E-15    4.043814094262E-18
   -2.313678552287E-07    6.761043508279E-06    4.789928703390E-08    1.773701175713E+02   -2.073028173358E-08    1.610071794997E-06    1.118423742121E-08    5.326028472866E-11   -2.138792616229E-13    7.779036409199E-16
    8.829982716003E-10   -4.047201249282E-08    2.898093721312E-06   -2.073028173358E-08    3.178195057676E+02    1.175915896475E-08   -1.024595780373E-06   -7.374256550893E-09    3.607011480542E-11   -1.479484377582E-13
    3.038087638551E-12   -1.742483139434E-10    1.906625293696E-08    1.610071794997E-06    1.175915896475E-08    4.983972953582E+02    7.624734958687E-09   -7.093371195929E-07    5.234564479871E-09   -2.611232699185E-11
    9.840108789022E-15   -6.496360849029E-13    8.733795291380E-11    1.118423742121E-08   -1.024595780373E-06    7.624734958687E-09    7.191034843835E+02    5.360950537106E-09    5.201812164156E-07   -3.910763460902E-09
    3.055882996468E-17   -2.230390165731E-15    3.405150491731E-13    5.326028472873E-11   -7.374256550893E-09   -7.093371195929E-07    5.360950537106E-09    9.799380722063E+02   -3.981342067576E-09   -3.977907425959E-07
   -6.394989140610E-20    7.262566556368E-18   -1.209779474012E-15   -2.138792615423E-13    3.607011480538E-11    5.234564479871E-09    5.201812164156E-07   -3.981342067576E-09    1.280901058568E+03   -1.808136849001E-09
   -1.196864501480E-20   -2.899976428995E-20    4.043594057419E-18    7.779038201185E-16   -1.479484378164E-13   -2.611232699170E-11   -3.910763460902E-09   -3.977907425959E-07   -1.808136849001E-09    1.621992443065E+03
   1.2864250545222706     
   -3.118423277241E+00   -1.820875710004E-07   -6.193093599475E-05   -3.472302648100E-07    1.534277994187E-09    6.107972959446E-12    2.287979379149E-14    8.222436744267E-17   -2.481785212302E-19   -1.738586401025E-20
   -1.820875710004E-07    1.572112969305E+01   -8.061841132522E-07    8.755781111541E-06   -6.063725110868E-08   -3.018372892059E-10   -1.300559807037E-12   -5.159206247859E-15    1.940173123563E-17   -7.618962930200E-20
   -6.193093599475E-05   -8.061841132522E-07    7.223875171687E+01    7.178786158288E-08    3.753366094847E-06    2.855572786331E-08    1.511670057461E-10    6.808759633450E-13   -2.793982514555E-15    1.078645806555E-17
   -3.472302648100E-07    8.755781111541E-06    7.178786158288E-08    1.664350961167E+02   -3.105036340639E-08    2.085237996590E-06    1.674819499716E-08    9.215212600366E-11   -4.274261906018E-13    1.795236667161E-15
    1.534277994188E-09   -6.063725110868E-08    3.753366094847E-06   -3.105036340639E-08    2.983100036539E+02    1.760973220517E-08   -1.326977765875E-06   -1.104197594771E-08    6.239788239330E-11   -2.955788659566E-13
    6.107972955249E-12   -3.018372892025E-10    2.855572786331E-08    2.085237996590E-06    1.760973220517E-08    4.678634624795E+02    1.141726908882E-08   -9.186796831301E-07    7.837728813935E-09   -4.516700073660E-11
    2.287979527922E-14   -1.300559805847E-12    1.511670057460E-10    1.674819499716E-08   -1.326977765875E-06    1.141726908882E-08    6.750954700136E+02    8.027088297842E-09    6.736995946549E-07   -5.855447046726E-09
    8.222380494684E-17   -5.159206447267E-15    6.808759636769E-13    9.215212600383E-11   -1.104197594771E-08   -9.186796831301E-07    8.027088297842E-09    9.200060254169E+02   -5.961177463074E-09   -5.151908785056E-07
   -2.466433737381E-19    1.940106590852E-17   -2.793982842678E-15   -4.274261903945E-13    6.239788239344E-11    7.837728813935E-09    6.736995946549E-07   -5.961177463074E-09    1.202595128348E+03   -2.707254753198E-09
   -1.599916332067E-20   -7.623716112989E-20    1.078611574548E-17    1.795236618689E-15   -2.955788657840E-13   -4.516700073662E-11   -5.855447046726E-09   -5.151908785056E-07   -2.707254753198E-09    1.522862778284E+03
   1.3269398745987775     
   -3.030781228391E+00   -2.699111755938E-07   -7.934049006235E-05   -5.133376904784E-07    2.615260258705E-09    1.199655119854E-11    5.175613152756E-14    2.142415178074E-16   -8.149686192848E-19   -2.131539193999E-20
   -2.699111755938E-07    1.467601575882E+01   -1.194824490544E-06    1.121605674543E-05   -8.949625466546E-08   -5.129414609617E-10   -2.543834851485E-12   -1.161160939488E-14    5.022141180862E-17   -2.151976679710E-19
   -7.934049006235E-05   -1.194824490544E-06    6.779499697275E+01    1.059887059152E-07    4.808418112096E-06    4.213172721120E-08    2.566911696511E-10    1.330177846190E-12   -6.278559605136E-15    2.787794555544E-17
   -5.133376904784E-07    1.121605674543E-05    1.059887059152E-07    1.563270421745E+02   -4.581604401858E-08    2.671402944378E-06    2.470695853878E-08    1.564263455043E-10   -8.345793273823E-13    4.031264904767E-15
    2.615260258711E-09   -8.949625466546E-08    4.808418112096E-06   -4.581604401858E-08    2.802719385094E+02    2.597886376050E-08   -1.699997673429E-06   -1.628792255634E-08    1.059000609257E-10   -5.769690709630E-13
    1.199655120238E-11   -5.129414609636E-10    4.213172721120E-08    2.671402944378E-06    2.597886376050E-08    4.396296705518E+02    1.684190852989E-08   -1.176926224933E-06    1.156087333929E-08   -7.664817853918E-11
    5.175613064272E-14   -2.543834849346E-12    2.566911696509E-10    2.470695853878E-08   -1.699997673429E-06    1.684190852989E-08    6.344002349395E+02    1.184039593011E-08    8.630812261531E-07   -8.636737377288E-09
    2.142409082444E-16   -1.161160766816E-14    1.330177846306E-12    1.564263455043E-10   -1.628792255634E-08   -1.176926224933E-06    1.184039593011E-08    8.645836305786E+02   -8.792786791569E-09   -6.600182888111E-07
   -8.141520082638E-19    5.022213187507E-17   -6.278559605960E-15   -8.345793272913E-13    1.059000609258E-10    1.156087333929E-08    8.630812261531E-07   -8.792786791569E-09    1.130179857024E+03   -3.993183556997E-09
   -2.051759631661E-20   -2.153009748175E-19    2.787782734639E-17    4.031264743048E-15   -5.769690709301E-13   -7.664817853932E-11   -8.636737377288E-09   -6.600182888111E-07   -3.993183556997E-09    1.431188913601E+03
   1.3680828314206568     
   -2.944914278948E+00   -3.942776153364E-07   -1.005788924579E-04   -7.479254175402E-07    4.375615044759E-09    2.303422077209E-11    1.139919442054E-13    5.412185249856E-16   -2.437507308392E-18   -1.811429897865E-20
   -3.942776153364E-07    1.371304410850E+01   -1.745084477216E-06    1.421668552421E-05   -1.301815006297E-07   -8.556595288579E-10   -4.864552337470E-12   -2.544799514581E-14    1.260975491374E-16   -6.107317162830E-19
   -1.005788924579E-04   -1.745084477216E-06    6.368502738210E+01    1.542250969655E-07    6.095472359852E-06    6.126512564113E-08    4.278719789842E-10    2.540738161553E-12   -1.373927025094E-14    6.988078055529E-17
   -7.479254175401E-07    1.421668552421E-05    1.542250969655E-07    1.469722050525E+02   -6.662821633345E-08    3.386474067614E-06    3.592198237969E-08    2.606552590918E-10   -1.593261492436E-12    8.815237116409E-15
    4.375615044759E-09   -1.301815006297E-07    6.095472359852E-06   -6.662821633345E-08    2.635742964126E+02    3.777277439056E-08   -2.155052541247E-06   -2.367964075980E-08    1.764315051481E-10   -1.101151299068E-12
    2.303422077231E-11   -8.556595288580E-10    6.126512564113E-08    3.386474067614E-06    3.777277439056E-08    4.134912815797E+02    2.448569516957E-08   -1.491967478623E-06    1.680668271435E-08   -1.276841473634E-10
    1.139919418913E-13   -4.864552336848E-12    4.278719789850E-10    3.592198237969E-08   -2.155052541247E-06    2.448569516957E-08    5.967231562160E+02    1.721340841075E-08    1.094112848543E-06   -1.255540727999E-08
    5.412160080538E-16   -2.544799442353E-14    2.540738162491E-12    2.606552590920E-10   -2.367964075980E-08   -1.491967478623E-06    1.721340841075E-08    8.132699189093E+02   -1.278243081346E-08   -8.366995228976E-07
   -2.436576487645E-18    1.260988058242E-16   -1.373927049091E-14   -1.593261492750E-12    1.764315051484E-10    1.680668271435E-08    1.094112848543E-06   -1.278243081346E-08    1.063131569085E+03   -5.805001127494E-09
   -1.848479157405E-20   -6.083395046429E-19    6.988060882816E-17    8.815237189681E-15   -1.101151299236E-12   -1.276841473633E-10   -1.255540727999E-08   -8.366995228976E-07   -5.805001127493E-09    1.346308105883E+03
   1.4098539249879083     
   -2.860935651096E+00   -5.678300934707E-07   -1.262095224283E-04   -1.074430134011E-06    7.189837683625E-09    4.326518933059E-11    2.446401274552E-13    1.326840326400E-15   -6.906390807245E-18   -2.847728003871E-21
   -5.678300934707E-07    1.282476376355E+01   -2.512844178269E-06    1.783672622801E-05   -1.867099474478E-07   -1.401895042814E-09   -9.100884861084E-12   -5.435086957746E-14    3.073705617607E-16   -1.683944964235E-18
   -1.262095224283E-04   -2.512844178269E-06    5.987935410063E+01    2.212760618483E-07    7.648652921124E-06    8.784192977324E-08    7.005035757722E-10    4.748009274595E-12   -2.930056657058E-14    1.700471019657E-16
   -1.074430134011E-06    1.783672622801E-05    2.212760618483E-07    1.383043712506E+02   -9.554003766850E-08    4.249418262595E-06    5.149768130690E-08    4.265991875677E-10   -2.975862028181E-12    1.878631934866E-14
    7.189837683624E-09   -1.867099474478E-07    7.648652921124E-06   -9.554003766850E-08    2.480994496950E+02    5.415343314396E-08   -2.704214332488E-06   -3.394468352647E-08    2.887052412232E-10   -2.056128907317E-12
    4.326518932710E-11   -1.401895042815E-09    8.784192977324E-08    4.249418262595E-06    5.415343314396E-08    3.892645640518E+02    3.510126293543E-08   -1.872161677701E-06    2.409134682951E-08   -2.089160545570E-10
    2.446401278068E-13   -9.100884861369E-12    7.005035757729E-10    5.149768130690E-08   -2.704214332488E-06    3.510126293543E-08    5.617997087780E+02    2.467499757420E-08    1.372924135048E-06   -1.799700278286E-08
    1.326838254497E-15   -5.435086884881E-14    4.748009275178E-12    4.265991875681E-10   -3.394468352647E-08   -1.872161677701E-06    2.467499757420E-08    7.657048820684E+02   -1.832271647244E-08   -1.049924064020E-06
   -6.904671921224E-18    3.073713528138E-16   -2.930056700417E-14   -2.975862028050E-12    2.887052412233E-10    2.409134682952E-08    1.372924135048E-06   -1.832271647244E-08    1.000980083189E+03   -8.320997793203E-09
   -2.928532880884E-21   -1.683319733021E-18    1.700467765753E-16    1.878631932945E-14   -2.056128907495E-12   -2.089160545570E-10   -1.799700278286E-08   -1.049924064020E-06   -8.320997793203E-09    1.267625311052E+03
   1.4522531553005318     
   -2.778942624494E+00   -8.066049827617E-07   -1.568182626789E-04   -1.522490430940E-06    1.160895217499E-08    7.954935434382E-11    5.119819805106E-13    3.159773721319E-15   -1.882567668835E-17    6.327793305940E-20
   -8.066049827617E-07    1.200448023759E+01   -3.568966954788E-06    2.215813472465E-05   -2.641498196488E-07   -2.257094240142E-09   -1.666851456955E-11   -1.132098393252E-13    7.279548242764E-16   -4.517984672963E-18
   -1.568182626789E-04   -3.568966954787E-06    5.635146278329E+01    3.131781493898E-07    9.503444145537E-06    1.242418179135E-07    1.127043123062E-09    8.686645044708E-12   -6.094413522263E-14    4.020470889794E-16
   -1.522490430940E-06    2.215813472465E-05    3.131781493898E-07    1.302639989697E+02   -1.351427491781E-07    5.279962527351E-06    7.282735729875E-08    6.861370172238E-10   -5.441675139296E-12    3.904808759983E-14
    1.160895217500E-08   -2.641498196488E-07    9.503444145537E-06   -1.351427491781E-07    2.337416185088E+02    7.658700618289E-08   -3.360039736432E-06   -4.800084393416E-08    4.642717799766E-10   -3.758811645810E-12
    7.954935434529E-11   -2.257094240134E-09    1.242418179135E-07    5.279962527351E-06    7.658700618289E-08    3.667842892983E+02    4.963818330100E-08   -2.326202983459E-06    3.406599983803E-08   -3.359285684231E-10
    5.119819786722E-13   -1.666851457029E-11    1.127043123064E-09    7.282735729875E-08   -3.360039736432E-06    4.963818330100E-08    5.293920043204E+02    3.489238463591E-08    1.705891251932E-06   -2.544785607998E-08
    3.159776532495E-15   -1.132098367132E-13    8.686645043704E-12    6.861370172247E-10   -4.800084393416E-08   -2.326202983459E-06    3.489238463591E-08    7.215647612889E+02   -2.590892543496E-08   -1.304570859948E-06
   -1.882588956168E-17    7.279555167083E-16   -6.094413502247E-14   -5.441675139060E-12    4.642717799768E-10    3.406599983803E-08    1.705891251932E-06   -2.590892543496E-08    9.433025592732E+02   -1.176609374452E-08
    6.342757764120E-20   -4.516285041097E-18    4.020472792563E-16    3.904808787220E-14   -3.758811645639E-12   -3.359285684229E-10   -2.544785607998E-08   -1.304570859948E-06   -1.176609374452E-08    1.194605396915E+03
   1.4952805223585279     
   -2.699017080059E+00   -1.130622225567E-06   -1.930027746104E-04   -2.129000105424E-06    1.842870096382E-08    1.432674226159E-10    1.045637587015E-12    7.315927236838E-15   -4.953426381327E-17    2.713520623974E-19
   -1.130622225567E-06    1.124617117710E+01   -5.001901521022E-06    2.726413964890E-05   -3.687948340448E-07   -3.573034030512E-09   -2.990630808513E-11   -2.301512082270E-13    1.676505968116E-15   -1.176360264610E-17
   -1.930027746104E-04   -5.001901521022E-06    5.307747763918E+01    4.374379437991E-07    1.169604247218E-05    1.734204950570E-07    1.782952898407E-09    1.556909342203E-11   -1.237256527967E-13    9.243934778488E-16
   -2.129000105424E-06    2.726413964890E-05    4.374379437991E-07    1.227974628247E+02   -1.886558227925E-07    6.498235619683E-06    1.016413561026E-07    1.085112431859E-09   -9.748296447684E-12    7.922039914703E-14
    1.842870096382E-08   -3.687948340448E-07    1.169604247218E-05   -1.886558227925E-07    2.204055284607E+02    1.068947271286E-07   -4.135342540398E-06   -6.698785274562E-08    7.341163404829E-10   -6.731782503054E-12
    1.432674226161E-10   -3.573034030518E-09    1.734204950570E-07    6.498235619683E-06    1.068947271286E-07    3.459016343078E+02    6.927587092307E-08   -2.862964034703E-06    4.753919793969E-08   -5.311269717719E-10
    1.045637593028E-12   -2.990630808133E-11    1.782952898406E-09    1.016413561026E-07   -4.135342540398E-06    6.927587092307E-08    4.992857715607E+02    4.869424579047E-08    2.099521453081E-06   -3.551187657318E-08
    7.315922133526E-15   -2.301512099812E-13    1.556909342289E-11    1.085112431860E-09   -6.698785274562E-08   -2.862964034703E-06    4.869424579047E-08    6.805579373494E+02   -3.615614872459E-08   -1.605620440305E-06
   -4.953380115788E-17    1.676509188723E-15   -1.237256526087E-13   -9.748296447464E-12    7.341163404827E-10    4.753919793969E-08    2.099521453081E-06   -3.615614872459E-08    8.897181305056E+02   -1.641962443912E-08
    2.714463443299E-19   -1.176298875786E-17    9.243934190555E-16    7.922039892937E-14   -6.731782502869E-12   -5.311269717720E-10   -3.551187657318E-08   -1.605620440305E-06   -1.641962443912E-08    1.126766349346E+03
   1.5389360261618958     
   -2.621226196662E+00   -1.564489943117E-06   -2.353602400284E-04   -2.939179229685E-06    2.877753118705E-08    2.528980257782E-10    2.085581312733E-12    1.648272539233E-14   -1.261800822582E-16    8.780095747255E-19
   -1.564489943117E-06    1.054441238081E+01   -6.920344419445E-06    3.323737123328E-05   -5.083395243789E-07   -5.564249297967E-09   -5.259635598384E-11   -4.569973766342E-13    3.757726316533E-15   -2.973941506676E-17
   -2.353602400284E-04   -6.920344419445E-06    5.003586752919E+01    6.032485814322E-07    1.426261719306E-05    2.389930890922E-07    2.774848085845E-09    2.735404522436E-11   -2.453473165958E-13    2.068601721255E-15
   -2.939179229685E-06    3.323737123328E-05    6.032485814322E-07    1.158563933580E+02   -2.600184876420E-07    7.924359660950E-06    1.400558380104E-07    1.688273509245E-09   -1.711897352803E-11    1.569913222507E-13
    2.877753118708E-08   -5.083395243789E-07    1.426261719306E-05   -2.600184876420E-07    2.080052369053E+02    1.473045217669E-07   -5.042934271987E-06   -9.229947988157E-08    1.141993730686E-09   -1.181858925648E-11
    2.528980257800E-10   -5.564249297964E-09    2.389930890922E-07    7.924359660950E-06    1.473045217669E-07    3.264823481667E+02    9.545696991164E-08   -3.491316572519E-06    6.549968310989E-08   -8.261471606546E-10
    2.085581313476E-12   -5.259635598230E-11    2.774848085844E-09    1.400558380104E-07   -5.042934271987E-06    9.545696991164E-08    4.712877161891E+02    6.709415245242E-08    2.560321613893E-06   -4.892755936657E-08
    1.648272309715E-14   -4.569973783972E-13    2.735404522525E-11    1.688273509245E-09   -9.229947988157E-08   -3.491316572519E-06    6.709415245242E-08    6.424213374007E+02   -4.981666272179E-08   -1.958054856931E-06
   -1.261815110896E-16    3.757724579355E-15   -2.453473166640E-13   -1.711897352859E-11    1.141993730685E-09    6.549968310989E-08    2.560321613893E-06   -4.981666272178E-08    8.398832103475E+02   -2.262323858274E-08
    8.770376276656E-19   -2.973881780454E-17    2.068601736744E-15    1.569913221711E-13   -1.181858925624E-11   -8.261471606548E-10   -4.892755936657E-08   -1.958054856931E-06   -2.262323858274E-08    1.063673332963E+03
   1.5832196667106362     
   -2.545623269887E+00   -2.137999809510E-06   -2.844739021951E-04   -4.007619692975E-06    4.422768641192E-08    4.378241230036E-10    4.065425824451E-12    3.616572196549E-14   -3.117465524130E-16    2.540818978562E-18
   -2.137999809510E-06    9.894312770866E+00   -9.455858519653E-06    4.015778587234E-05   -6.920478576268E-07   -8.528677067230E-09   -9.072854016762E-11   -8.869489715818E-13    8.203923074719E-15   -7.299215443155E-17
   -2.844739021951E-04   -9.455858519653E-06    4.720718831575E+01    8.217020476204E-07    1.723850112987E-05    3.253152045712E-07    4.250741299864E-09    4.714084537524E-11   -4.755670418583E-13    4.509174520140E-15
   -4.007619692975E-06    4.015778587234E-05    8.217020476204E-07    1.093970982900E+02   -3.539790463260E-07    9.578003436356E-06    1.906201947385E-07    2.585481513443E-09   -2.948835046146E-11    3.041103192731E-13
    4.422768641193E-08   -6.920478576268E-07    1.723850112987E-05   -3.539790463260E-07    1.964631046539E+02    2.005013593590E-07   -6.095340611657E-06   -1.256147466767E-07    1.748619339955E-09   -2.035299470382E-11
    4.378241230060E-10   -8.528677067225E-09    3.253152045712E-07    9.578003436356E-06    2.005013593590E-07    3.084051457845E+02    1.299199083877E-07   -4.219935339923E-06    8.913851656111E-08   -1.264884092755E-09
    4.065425826782E-12   -9.072854017095E-11    4.250741299862E-09    1.906201947385E-07   -6.095340611657E-06    1.299199083877E-07    4.452232081703E+02    9.131342435814E-08    3.094654520922E-06   -6.658452916203E-08
    3.616572414278E-14   -8.869489702510E-13    4.714084537446E-11    2.585481513443E-09   -1.256147466767E-07   -4.219935339923E-06    9.131342435814E-08    6.069172874030E+02   -6.779686009578E-08   -2.366748382601E-06
   -3.117491881738E-16    8.203920487147E-15   -4.755670414192E-13   -2.948835046174E-11    1.748619339954E-09    8.913851656111E-08    3.094654520922E-06   -6.779686009578E-08    7.934873816873E+02   -3.078859833624E-08
    2.541067830572E-18   -7.299382544093E-17    4.509174375632E-15    3.041103191858E-13   -2.035299470389E-11   -1.264884092755E-09   -6.658452916203E-08   -2.366748382601E-06   -3.078859833624E-08    1.004933488508E+03
   1.6281314440047485     
   -2.472248622693E+00   -2.886685740415E-06   -3.408988035249E-04   -5.399254924777E-06    6.693247144927E-08    7.438300524741E-10    7.750417500167E-12    7.734395473607E-14   -7.479322553757E-16    6.964959233992E-18
   -2.886685740415E-06    9.291457106473E+00   -1.276532518168E-05    4.810043867471E-05   -9.309060768828E-07   -1.287303634410E-08   -1.535996064100E-10   -1.683737537910E-12    1.745991259401E-14   -1.741011755683E-16
   -3.408988035249E-04   -1.276532518168E-05    4.457385654369E+01    1.105987838147E-06    2.065733623713E-05    4.375577521527E-07    6.412650388628E-09    7.973620860332E-11   -9.016947578142E-13    9.582290694885E-15
   -5.399254924777E-06    4.810043867471E-05    1.105987838147E-06    1.033800544003E+02   -4.761778749239E-07    1.147791138517E-05    2.563608577501E-07    3.899349911634E-09   -4.985539211789E-11    5.762519092173E-13
    6.693247144924E-08   -9.309060768828E-07    2.065733623713E-05   -4.761778749239E-07    1.857088933330E+02    2.696740132127E-07   -7.304502501925E-06   -1.689267684226E-07    2.636824694330E-09   -3.440197814163E-11
    7.438300524780E-10   -1.287303634409E-08    4.375577521526E-07    1.147791138517E-05    2.696740132127E-07    2.915602980086E+02    1.747291222089E-07   -5.057091443399E-06    1.198695333047E-07   -1.907217026307E-09
    7.750417499591E-12   -1.535996064104E-10    6.412650388629E-09    2.563608577501E-07   -7.304502501925E-06    1.747291222089E-07    4.209342518922E+02    1.228023428010E-07    3.708587457606E-06   -8.953883931210E-08
    7.734395232959E-14   -1.683737538885E-12    7.973620860414E-11    3.899349911635E-09   -1.689267684226E-07   -5.057091443399E-06    1.228023428010E-07    5.738307495869E+02   -9.117295150928E-08   -2.836352455557E-06
   -7.479335444226E-16    1.745991414823E-14   -9.016947577177E-13   -4.985539211785E-11    2.636824694330E-09    1.198695333047E-07    3.708587457606E-06   -9.117295150928E-08    7.502497888942E+02   -4.140452742394E-08
    6.962670673119E-18   -1.741023499387E-16    9.582291119561E-15    5.762519096917E-13   -3.440197814151E-11   -1.907217026307E-09   -8.953883931210E-08   -2.836352455557E-06   -4.140452742394E-08    9.501913667769E+02
   1.6736713580442331     
   -2.401130579106E+00   -3.852315482163E-06   -4.051471608939E-04   -7.190198412686E-06    9.979222572993E-08    1.240867565253E-09    1.446055498961E-11    1.613469710542E-13   -1.744343903897E-15    1.829807362310E-17
   -3.852315482163E-06    8.731855412669E+00   -1.703309420344E-05    5.713316343262E-05   -1.237749763746E-06   -1.914334718129E-08   -2.553586760227E-10   -3.128530363389E-12    3.625177920577E-14   -4.038373376607E-16
   -4.051471608939E-04   -1.703309420344E-05    4.211995026069E+01    1.471567793938E-06    2.455020188825E-05    5.817713345724E-07    9.531786107629E-09    1.324509954140E-10   -1.673502695564E-12    1.986729218334E-14
   -7.190198412686E-06    5.713316343262E-05    1.471567793938E-06    9.776946057672E+01   -6.332196627635E-07    1.364142378950E-05    3.408190516051E-07    5.794444545077E-09   -8.277934666895E-11    1.068861280186E-12
    9.979222572990E-08   -1.237749763746E-06    2.455020188825E-05   -6.332196627635E-07    1.756789715486E+02    3.585557247258E-07   -8.681471841167E-06   -2.245676219007E-07    3.917765734292E-09   -5.710713760217E-11
    1.240867565241E-09   -1.914334718129E-08    5.817713345724E-07    1.364142378950E-05    3.585557247258E-07    2.758483917917E+02    2.323013275117E-07   -6.010442028215E-06    1.593469812049E-07   -2.833495282345E-09
    1.446055499726E-11   -2.553586760178E-10    9.531786107630E-09    3.408190516051E-07   -8.681471841167E-06    2.323013275117E-07    3.982777012274E+02    1.632585863914E-07    4.407738113646E-06   -1.190261808599E-07
    1.613469674536E-13   -3.128530362244E-12    1.324509954142E-10    5.794444545078E-09   -2.245676219007E-07   -6.010442028215E-06    1.632585863914E-07    5.429668932991E+02   -1.212045903379E-07   -3.371178727121E-06
   -1.744340341089E-15    3.625177486270E-14   -1.673502695933E-12   -8.277934666937E-11    3.917765734292E-09    1.593469812049E-07    4.407738113646E-06   -1.212045903379E-07    7.099159653353E+02   -5.504322438385E-08
    1.829838230350E-17   -4.038355440803E-16    1.986729210333E-14    1.068861279875E-12   -5.710713760219E-11   -2.833495282345E-09   -1.190261808599E-07   -3.371178727121E-06   -5.504322438385E-08    8.991249136985E+02
   1.7198394088290903     
   -2.332286474127E+00   -5.083283086463E-06   -4.776738403491E-04   -9.468392988745E-06    1.466506815825E-07    2.033793961064E-09    2.642285089928E-11    3.285768040709E-13   -3.958384777578E-15    4.641583171343E-17
   -5.083283086463E-06    8.211898249280E+00   -2.247268804720E-05    6.731422385979E-05   -1.627354584261E-06   -2.806081395753E-08   -4.171341122177E-10   -5.693625897503E-12    7.348813350335E-14   -9.117054598719E-16
   -4.776738403491E-04   -2.247268804720E-05    3.983103339830E+01    1.936316659394E-06    2.894475489894E-05    7.649358350371E-07    1.396645823753E-08    2.161968845909E-10   -3.042336625314E-12    4.021996583844E-14
   -9.468392988745E-06    6.731422385979E-05    1.936316659394E-06    9.253284394795E+01   -8.327303324948E-07    1.608400437476E-05    4.480799728820E-07    8.488128973235E-09   -1.350620879651E-10    1.942018059355E-12
    1.466506815825E-07   -1.627354584261E-06    2.894475489894E-05   -8.327303324948E-07    1.663156154652E+02    4.714562023936E-07   -1.023611209362E-05   -2.952275860545E-07    5.738240390539E-09   -9.315428015172E-11
    2.033793961065E-09   -2.806081395753E-08    7.649358350371E-07    1.608400437476E-05    4.714562023936E-07    2.611792379161E+02    3.054261818890E-07   -7.086823425004E-06    2.094791754670E-07   -4.149825533094E-09
    2.642285089163E-11   -4.171341122088E-10    1.396645823753E-08    4.480799728820E-07   -1.023611209362E-05    3.054261818890E-07    3.771236870998E+02    2.146417240405E-07    5.197123069191E-06   -1.564721329704E-07
    3.285768011397E-13   -5.693625899287E-12    2.161968845915E-10    8.488128973236E-09   -2.952275860545E-07   -7.086823425004E-06    2.146417240405E-07    5.141489551098E+02   -1.593455514537E-07   -3.975084236198E-06
   -3.958388538022E-15    7.348813200138E-14   -3.042336623808E-12   -1.350620879654E-10    5.738240390540E-09    2.094791754670E-07    5.197123069191E-06   -1.593455514537E-07    6.722550387238E+02   -7.236514904697E-08
    4.641485834878E-17   -9.117078327192E-16    4.021996592668E-14    1.942018058393E-12   -9.315428015219E-11   -4.149825533094E-09   -1.564721329704E-07   -3.975084236198E-06   -7.236514904697E-08    8.514419336187E+02
   1.7666355963593192     
   -2.265723675800E+00   -6.634870259803E-06   -5.588623907340E-04   -1.233401307938E-05    2.125221813160E-07    3.276910214703E-09    4.731475007258E-11    6.537073875273E-13   -8.748058200525E-15    1.140938292064E-16
   -6.634870259803E-06    7.728317072708E+00   -2.932791617207E-05    7.869000158441E-05   -2.116480141672E-06   -4.056305302051E-08   -6.698989867190E-10   -1.015559235845E-11    1.455566405329E-13   -2.004918671346E-15
   -5.588623907340E-04   -2.932791617207E-05    3.769400065059E+01    2.520618241548E-06    3.386441015682E-05    9.949909497892E-07    2.018273195830E-08    3.469647596790E-10   -5.421133571672E-12    7.956230629879E-14
   -1.233401307938E-05    7.869000158441E-05    2.520618241548E-06    8.764071217882E+01   -1.083394217307E-06    1.881879140657E-05    5.827909372592E-07    1.226307493102E-08   -2.166676014657E-10    3.458568974125E-12
    2.125221813160E-07   -2.116480141672E-06    3.386441015682E-05   -1.083394217307E-06    1.575663914796E+02    6.132824666562E-07   -1.197681405911E-05   -3.839671463086E-07    8.289128931259E-09   -1.494060838243E-10
    3.276910214707E-09   -4.056305302051E-08    9.949909497892E-07    1.881879140657E-05    6.132824666562E-07    2.474709070095E+02    3.972797261415E-07   -8.292054861844E-06    2.724370301110E-07   -5.994170614912E-09
    4.731475007687E-11   -6.698989867200E-10    2.018273195830E-08    5.827909372592E-07   -1.197681405911E-05    3.972797261415E-07    3.573542298070E+02    2.791826367419E-07    6.081014057760E-06   -2.034986098134E-07
    6.537073885827E-13   -1.015559236153E-11    3.469647596782E-10    1.226307493102E-08   -3.839671463086E-07   -8.292054861844E-06    2.791826367419E-07    4.872163504059E+02   -2.072506218536E-07   -4.651362692346E-06
   -8.748054611555E-15    1.455566435206E-13   -5.421133573170E-12   -2.166676014649E-10    8.289128931259E-09    2.724370301110E-07    6.081014057760E-06   -2.072506218536E-07    6.370572649473E+02   -9.412220293640E-08
    1.140970714865E-16   -2.004916712711E-15    7.956230585769E-14    3.458568974263E-12   -1.494060838241E-10   -5.994170614912E-09   -2.034986098134E-07   -4.651362692346E-06   -9.412220293640E-08    8.068769683309E+02
   1.8140599206349204     
   -2.201440598273E+00   -8.569346319609E-06   -6.490120718478E-04   -1.589956541675E-05    3.038486904202E-07    5.193241048850E-09    8.308374493805E-11    1.271513630489E-12   -1.884424936354E-14    2.723528698608E-16
   -8.569346319609E-06    7.278149050713E+00   -3.787326220080E-05    9.129278540131E-05   -2.723856853233E-06   -5.785033558284E-08   -1.058251839070E-09   -1.776508731498E-11    2.818980189951E-13   -4.298214279692E-15
   -6.490120718478E-04   -3.787326220080E-05    3.569694022272E+01    3.247407983623E-06    3.932758912513E-05    1.280843745984E-06    2.877773241631E-08    5.477774936842E-10   -9.474493815183E-12    1.539064220964E-13
   -1.589956541675E-05    9.129278540131E-05    3.247407983623E-06    8.306624599193E+01   -1.394967471686E-06    2.185618744701E-05    7.501662414884E-07    1.748137762974E-08   -3.419361139725E-10    6.041325445942E-12
    3.038486904202E-07   -2.723856853233E-06    3.932758912513E-05   -1.394967471686E-06    1.493836104182E+02    7.895462792145E-07   -1.391023645030E-05   -4.942202888470E-07    1.181491664993E-08   -2.357373420895E-10
    5.193241048871E-09   -5.785033558282E-08    1.280843745984E-06    2.185618744701E-05    7.895462792145E-07    2.346488773230E+02    5.114291466092E-07   -9.630759420802E-06    3.506564248204E-07   -8.543231110589E-09
    8.308374493618E-11   -1.058251839075E-09    2.877773241631E-08    7.501662414884E-07   -1.391023645030E-05    5.114291466092E-07    3.388620122858E+02    3.593868439671E-07    7.062806906212E-06   -2.619257319844E-07
    1.271513633452E-12   -1.776508732211E-11    5.477774936827E-10    1.748137762974E-08   -4.942202888470E-07   -9.630759420802E-06    3.593868439671E-07    4.620230040511E+02   -2.667779376928E-07   -5.402645607904E-06
   -1.884425170701E-14    2.818980212922E-13   -9.474493814190E-12   -3.419361139724E-10    1.181491664993E-08    3.506564248204E-07    7.062806906212E-06   -2.667779376928E-07    6.041318480288E+02   -1.211588595652E-07
    2.723520837451E-16   -4.298211586562E-15    1.539064212236E-13    6.041325445720E-12   -2.357373420896E-10   -8.543231110589E-09   -2.619257319844E-07   -5.402645607904E-06   -1.211588595652E-07    7.651885382448E+02
   1.8621123816558942     
   -2.139427688006E+00   -1.095587998521E-05   -7.483262700946E-04   -2.028964010665E-05    4.287837112653E-07    8.099589016693E-09    1.431567257477E-10    2.419706715952E-12   -3.959825562849E-14    6.320722738071E-16
   -1.095587998521E-05    6.858705780587E+00   -4.841342122061E-05    1.051387230187E-04   -3.470106811735E-06   -8.143615039512E-08   -1.645303237035E-09   -3.049620884605E-11    5.342040925559E-13   -8.990307566752E-15
   -7.483262700946E-04   -4.841342122061E-05    3.382901219044E+01    4.142154290934E-06    4.534706063177E-05    1.632349904250E-06    4.050533857923E-08    8.512183328801E-10   -1.625096202887E-11    2.913419352111E-13
   -2.028964010665E-05    1.051387230187E-04    4.142154290934E-06    7.878502680885E+01   -1.778264346915E-06    2.520350130570E-05    9.559768300516E-07    2.460012184608E-08   -5.311556607114E-10    1.035702442509E-11
    4.287837112653E-07   -3.470106811735E-06    4.534706063177E-05   -1.778264346915E-06    1.417238441657E+02    1.006356266835E-06   -1.604107987967E-05   -6.297878381499E-07    1.662419548919E-08   -3.661159435505E-10
    8.099589016697E-09   -8.143615039513E-08    1.632349904250E-06    2.520350130570E-05    1.006356266835E-06    2.226452800576E+02    6.518276389820E-07   -1.110620819030E-05    4.468335269738E-07   -1.202003570169E-08
    1.431567257523E-10   -1.645303237038E-09    4.050533857923E-08    9.559768300516E-07   -1.604107987967E-05    6.518276389820E-07    3.215492938461E+02    4.580308798662E-07    8.144907515251E-06   -3.337684716589E-07
    2.419706713307E-12   -3.049620884633E-11    8.512183328807E-10    2.460012184608E-08   -6.297878381499E-07   -1.110620819030E-05    4.580308798662E-07    4.384358722363E+02   -3.399861275301E-07   -6.230816601871E-06
   -3.959825970009E-14    5.342040900627E-13   -1.625096202857E-11   -5.311556607111E-10    1.662419548919E-08    4.468335269738E-07    8.144907515251E-06   -3.399861275301E-07    5.733050098051E+02   -1.544109578226E-07
    6.320728437526E-16   -8.990306921859E-15    2.913419353404E-13    1.035702442541E-11   -3.661159435499E-10   -1.202003570169E-08   -3.337684716589E-07   -6.230816601871E-06   -1.544109578226E-07    7.261566996015E+02
   1.9107929794222396     
   -2.079668368564E+00   -1.387024137249E-05   -8.569026370814E-04   -2.564027324585E-05    5.974981396107E-07    1.243844555422E-08    2.421866268074E-10    4.508307603436E-12   -8.123607350955E-14    1.427795567965E-15
   -1.387024137249E-05    6.467545437483E+00   -6.128188634746E-05    1.202259914139E-04   -4.377591167532E-06   -1.132009802819E-07   -2.518863709448E-09   -5.140484761761E-11    9.912412502206E-13   -1.836103232576E-14
   -8.569026370814E-04   -6.128188634746E-05    3.208034052377E+01    5.232772992473E-06    5.192939447290E-05    2.060266100352E-06    5.630383430173E-08    1.302640862104E-09   -2.737324871761E-11    5.400715960835E-13
   -2.564027324585E-05    1.202259914139E-04    5.232772992473E-06    7.477479511170E+01   -2.245113845342E-06    2.886465351991E-05    1.206523324870E-06    3.418814142033E-08   -8.125568866064E-10    1.743701288738E-11
    5.974981396107E-07   -4.377591167532E-06    5.192939447290E-05   -2.245113845342E-06    1.345474968935E+02    1.270393349062E-06   -1.837190144514E-05   -7.948199003382E-07    2.310097188753E-08   -5.599748176250E-10
    1.243844555422E-08   -1.132009802819E-07    2.060266100352E-06    2.886465351991E-05    1.270393349062E-06    2.113982299900E+02    8.227984780526E-07   -1.272019258252E-05    5.639124082873E-07   -1.670211653267E-08
    2.421866267997E-10   -2.518863709449E-09    5.630383430173E-08    1.206523324870E-06   -1.837190144514E-05    8.227984780526E-07    3.053269467263E+02    5.781510918423E-07    9.328638522204E-06   -4.212275850009E-07
    4.508307604516E-12   -5.140484762510E-11    1.302640862105E-09    3.418814142033E-08   -7.948199003382E-07   -1.272019258252E-05    5.781510918423E-07    4.163336314986E+02   -4.291257900799E-07   -7.136941636781E-06
   -8.123607481478E-14    9.912412482118E-13   -2.737324871788E-11   -8.125568866077E-10    2.310097188753E-08    5.639124082873E-07    9.328638522204E-06   -4.291257900799E-07    5.444182779394E+02   -1.949019483467E-07
    1.427793337930E-15   -1.836103566909E-14    5.400715964670E-13    1.743701288741E-11   -5.599748176255E-10   -1.670211653267E-08   -4.212275850009E-07   -7.136941636781E-06   -1.949019483467E-07    6.895808780147E+02
   1.9601017139339574     
   -2.022139932663E+00   -1.739427912459E-05   -9.747252187924E-04   -3.209789409742E-05    8.225009098820E-07    1.881783738782E-08    4.025230170240E-10    8.229443851437E-12   -1.628293216860E-13    3.142285502669E-15
   -1.739427912459E-05    6.102447944025E+00   -7.683851188263E-05    1.365332354294E-04   -5.470178625024E-06   -1.554477505922E-07   -3.799121636376E-09   -8.513299169728E-11    1.802196081735E-12   -3.664258003554E-14
   -9.747252187924E-04   -7.683851188263E-05    3.044191709373E+01    6.549471780553E-06    5.907454373093E-05    2.576171954501E-06    7.732490386043E-08    1.964166140359E-09   -4.530622036042E-11    9.810676841360E-13
   -3.209789409742E-05    1.365332354294E-04    6.549471780553E-06    7.101523572588E+01   -2.808285333739E-06    3.283995407771E-05    1.508591548004E-06    4.694360727542E-08   -1.224796714045E-09    2.884720875287E-11
    8.225009098820E-07   -5.470178625024E-06    5.907454373093E-05   -2.808285333739E-06    1.278184241218E+02    1.588868681395E-06   -2.090297542389E-05   -9.937868513994E-07    3.171653609530E-08   -8.439199945592E-10
    1.881783738782E-08   -1.554477505922E-07    2.576171954501E-06    3.283995407771E-05    1.588868681395E-06    2.008512308217E+02    1.029007787703E-06   -1.447292861785E-05    7.050645626557E-07   -2.293009415657E-08
    4.025230170244E-10   -3.799121636366E-09    7.732490386043E-08    1.508591548004E-06   -2.090297542389E-05    1.029007787703E-06    2.901136002369E+02    7.230245078892E-07    1.061416943036E-05   -5.266745448554E-07
    8.229443846290E-12   -8.513299169314E-11    1.964166140361E-09    4.694360727542E-08   -9.937868513994E-07   -1.447292861785E-05    7.230245078892E-07    3.956055141653E+02   -5.366250380104E-07   -8.121217284080E-06
   -1.628293255303E-13    1.802196079492E-12   -4.530622035995E-11   -1.224796714046E-09    3.171653609530E-08    7.050645626557E-07    1.061416943036E-05   -5.366250380104E-07    5.173269651767E+02   -2.437364750878E-07
    3.142281115455E-15   -3.664258358188E-14    9.810676858590E-13    2.884720875309E-11   -8.439199945591E-10   -2.293009415657E-08   -5.266745448554E-07   -8.121217284080E-06   -2.437364750878E-07    6.552779440429E+02
   2.0100385851910478     
   -1.966814373275E+00   -2.161516528127E-05   -1.101658769472E-03   -3.981784362525E-05    1.118965062184E-06    2.806011067198E-08    6.576362803475E-10    1.472728106969E-11   -3.191196508704E-13    6.743536551013E-15
   -2.161516528127E-05    5.761392807018E+00   -9.546601367915E-05    1.540183168751E-04   -6.772932113806E-06   -2.109569691586E-07   -5.647977429598E-09   -1.386039958923E-10    3.212628183847E-12   -7.150931211305E-14
   -1.101658769472E-03   -9.546601367915E-05    2.890551620683E+01    8.124524204636E-06    6.677556662693E-05    3.192361079839E-06    1.049631815634E-07    2.919565660704E-09   -7.372698957923E-11    1.747572309139E-12
   -3.981784362525E-05    1.540183168751E-04    8.124524204636E-06    6.748778673664E+01   -3.481382887880E-06    3.712595822848E-05    1.869390311992E-06    6.371197369895E-08   -1.819992347841E-09    4.692274214783E-11
    1.118965062184E-06   -6.772932113806E-06    6.677556662693E-05   -3.481382887880E-06    1.215035937649E+02    1.969463997378E-06   -2.363220374454E-05   -1.231438733413E-06    4.304157769707E-08   -1.253817121516E-09
    2.806011067199E-08   -2.109569691586E-07    3.192361079839E-06    3.712595822848E-05    1.969463997378E-06    1.909526461011E+02    1.275425940175E-06   -1.636299570089E-05    8.736602324081E-07   -3.111644611520E-08
    6.576362803500E-10   -5.647977429605E-09    1.049631815634E-07    1.869390311992E-06   -2.363220374454E-05    1.275425940175E-06    2.758348793097E+02    8.961417243635E-07    1.200047205084E-05   -6.526304108683E-07
    1.472728107055E-11   -1.386039959011E-10    2.919565660704E-09    6.371197369895E-08   -1.231438733413E-06   -1.636299570089E-05    8.961417243635E-07    3.761502722821E+02   -6.650690662797E-07   -9.182938386383E-06
   -3.191196470031E-13    3.212628186431E-12   -7.372698958032E-11   -1.819992347842E-09    4.304157769707E-08    8.736602324081E-07    1.200047205084E-05   -6.650690662797E-07    4.918988163984E+02   -3.020912771040E-07
    6.743539617144E-15   -7.150931410779E-14    1.747572307891E-12    4.692274214713E-11   -1.253817121515E-09   -3.111644611520E-08   -6.526304108683E-07   -9.182938386383E-06   -3.020912771040E-07    6.230805011227E+02
   2.0606035931935098     
   -1.913659148366E+00   -2.662440888150E-05   -1.237445369631E-03   -4.896246631064E-05    1.505047768141E-06    4.126049366329E-08    1.056769976105E-09    2.585537072026E-11   -6.119675902306E-13    1.412383043753E-14
   -2.662440888150E-05    5.442539313443E+00   -1.175654041496E-04    1.726174085963E-04   -8.311713473435E-06   -2.830391631673E-07   -8.280160037828E-09   -2.219620012767E-10    5.618644202349E-12   -1.365649900120E-13
   -1.237445369631E-03   -1.175654041496E-04    2.746361840549E+01    9.991975645126E-06    7.501849349404E-05    3.921701934475E-06    1.408854018498E-07    4.280114157324E-09   -1.180261548693E-10    3.054507359649E-12
   -4.896246631064E-05    1.726174085963E-04    9.991975645126E-06    6.417546918927E+01   -4.278709390782E-06    4.171540327280E-05    2.296471935508E-06    8.550371626884E-08   -2.667358233859E-09    7.508567238431E-11
    1.505047768141E-06   -8.311713473435E-06    7.501849349404E-05   -4.278709390782E-06    1.155727840843E+02    2.420254936955E-06   -2.655507801751E-05   -1.512753370443E-06    5.775816770640E-08   -1.837292775308E-09
    4.126049366330E-08   -2.830391631673E-07    3.921701934475E-06    4.171540327280E-05    2.420254936955E-06    1.816552277876E+02    1.567277968835E-06   -1.838731109977E-05    1.073231767963E-06   -4.175418715760E-08
    1.056769976107E-09   -8.280160037819E-09    1.408854018498E-07    2.296471935508E-06   -2.655507801751E-05    1.567277968835E-06    2.624227260295E+02    1.101172085378E-06    1.348530213887E-05   -8.017388106291E-07
    2.585537073088E-11   -2.219620012758E-10    4.280114157320E-09    8.550371626884E-08   -1.512753370443E-06   -1.838731109977E-05    1.101172085378E-06    3.578752544684E+02   -8.171739414483E-07   -1.032048573886E-05
   -6.119675951212E-13    5.618644202915E-12   -1.180261548691E-10   -2.667358233857E-09    5.775816770640E-08    1.073231767963E-06    1.348530213887E-05   -8.171739414483E-07    4.680128031608E+02   -3.712035031858E-07
    1.412383492587E-14   -1.365649894216E-13    3.054507358864E-12    7.508567238523E-11   -1.837292775308E-09   -4.175418715760E-08   -8.017388106291E-07   -1.032048573886E-05   -3.712035031858E-07    5.928353601469E+02
   2.1117967379413445     
   -1.862637876462E+00   -3.251664798638E-05   -1.381703395523E-03   -5.969879291277E-05    2.002191014902E-06    5.985602096372E-08    1.671140007443E-09    4.455823593224E-11   -1.149119767503E-12    2.889283035281E-14
   -3.251664798638E-05    5.144208817482E+00   -1.435503979643E-04    1.922444600706E-04   -1.011270897208E-05   -3.755818570103E-07   -1.197619142645E-08   -3.498163405918E-10    9.646812906302E-12   -2.553993589673E-13
   -1.381703395523E-03   -1.435503979643E-04    2.610934243733E+01    1.218728649245E-05    8.378233934237E-05    4.777470361331E-06    1.870580591031E-07    6.191473159168E-09   -1.859738967868E-10    5.241919865589E-12
   -5.969879291277E-05    1.922444600706E-04    1.218728649245E-05    6.106273509724E+01   -5.215102645543E-06    4.659722634302E-05    2.797636626393E-06    1.135112143314E-07   -3.857484567387E-09    1.182671377595E-10
    2.002191014902E-06   -1.011270897208E-05    8.378233934237E-05   -5.215102645543E-06    1.099983141459E+02    2.949618644366E-06   -2.966469306003E-05   -1.842873964425E-06    7.667117398193E-08   -2.656677397540E-09
    5.985602096370E-08   -3.755818570103E-07    4.777470361331E-06    4.659722634302E-05    2.949618644366E-06    1.729156955691E+02    1.909983828504E-06   -2.054114006084E-05    1.307429563437E-06   -5.542515082885E-08
    1.671140007448E-09   -1.197619142645E-08    1.870580591031E-07    2.797636626393E-06   -2.966469306003E-05    1.909983828504E-06    2.498147942249E+02    1.341921740667E-06    1.506520716676E-05   -9.767334412493E-07
    4.455823593033E-11   -3.498163405891E-10    6.191473159167E-09    1.135112143314E-07   -1.842873964425E-06   -2.054114006084E-05    1.341921740667E-06    3.406955821958E+02   -9.957550439867E-07   -1.153133368634E-05
   -1.149119766433E-12    9.646812907530E-12   -1.859738967878E-10   -3.857484567386E-09    7.667117398193E-08    1.307429563437E-06    1.506520716676E-05   -9.957550439867E-07    4.455580480731E+02   -4.523566380928E-07
    2.889282752196E-14   -2.553993606717E-13    5.241919867061E-12    1.182671377593E-10   -2.656677397539E-09   -5.542515082885E-08   -9.767334412493E-07   -1.153133368634E-05   -4.523566380928E-07    5.644021783557E+02
   2.1636180194345513     
   -1.813710962257E+00   -3.938823837407E-05   -1.533928821148E-03   -7.219584747149E-05    2.635388205773E-06    8.570504286973E-08    2.602038627584E-09    7.542565968943E-11   -2.114282571171E-12    5.777420999823E-14
   -3.938823837407E-05    4.864868884168E+00   -1.738408631549E-04    2.127910533719E-04   -1.220188154603E-05   -4.930880556005E-07   -1.709718328909E-08   -5.428580523928E-10    1.626963391679E-11   -4.680563440564E-13
   -1.533928821148E-03   -1.738408631549E-04    2.483638443807E+01    1.474692034616E-05    9.303925772261E-05    5.773156824737E-06    2.457723859261E-07    8.841634264366E-09   -2.885888834558E-10    8.837882403095E-12
   -7.219584747149E-05    2.127910533719E-04    1.474692034616E-05    5.813533160319E+01   -6.305746921665E-06    5.175666051017E-05    3.380822523357E-06    1.491240727137E-07   -5.507276586053E-09    1.834580086059E-10
    2.635388205773E-06   -1.220188154603E-05    9.303925772261E-05   -6.305746921665E-06    1.047548029448E+02    3.566127568385E-06   -3.295181014156E-05   -2.227037356094E-06    1.007186380949E-07   -3.792403535579E-09
    8.570504286973E-08   -4.930880556006E-07    5.773156824737E-06    5.175666051017E-05    3.566127568385E-06    1.646943609392E+02    2.309089756906E-06   -2.281814030392E-05    1.579971411099E-06   -7.280753470393E-08
    2.602038627580E-09   -1.709718328908E-08    2.457723859261E-07    3.380822523357E-06   -3.295181014156E-05    2.309089756906E-06    2.379539084876E+02    1.622285463036E-06    1.673555930458E-05   -1.180400723237E-06
    7.542565968969E-11   -5.428580523926E-10    8.841634264366E-09    1.491240727137E-07   -2.227037356094E-06   -2.281814030392E-05    1.622285463036E-06    3.245334137376E+02   -1.203690815782E-06   -1.281207686131E-05
   -2.114282577249E-12    1.626963391611E-11   -2.885888834543E-10   -5.507276586053E-09    1.007186380949E-07    1.579971411099E-06    1.673555930458E-05   -1.203690815782E-06    4.244328636671E+02   -5.468643380685E-07
    5.777420845795E-14   -4.680563467768E-13    8.837882402673E-12    1.834580086061E-10   -3.792403535580E-09   -7.280753470394E-08   -1.180400723237E-06   -1.281207686131E-05   -5.468643380685E-07    5.376522431157E+02
   2.2160674376731300     
   -1.766836153458E+00   -4.733566518875E-05   -1.693498775523E-03   -8.662162669926E-05    3.433401018784E-06    1.211770830979E-07    3.991231553554E-09    1.254818886793E-10   -3.814271338346E-12    1.130078696211E-13
   -4.733566518875E-05    4.603119084105E+00   -2.088554293712E-04    2.341266609380E-04   -1.460435868036E-05   -6.407030268104E-07   -2.410134831610E-08   -8.299195800704E-10    2.696903791197E-11   -8.411234581891E-13
   -1.693498775523E-03   -2.088554293712E-04    2.363896349444E+01    1.770788728533E-05    1.027548273706E-04    6.922252364837E-06    3.196654039109E-07    1.246991065385E-08   -4.412513463471E-10    1.464779710505E-11
   -8.662162669926E-05    2.341266609380E-04    1.770788728533E-05    5.538017941419E+01   -7.565964369526E-06    5.717540418769E-05    4.053983768307E-06    1.939421466862E-07   -7.765549366863E-09    2.804143174901E-10
    3.433401018784E-06   -1.460435868036E-05    1.027548273706E-04   -7.565964369526E-06    9.981895385715E+01    4.278431965745E-06   -3.640496666600E-05   -2.670494514868E-06    1.309806216976E-07   -5.346856435993E-09
    1.211770830979E-07   -6.407030268104E-07    6.922252364837E-06    5.717540418769E-05    4.278431965745E-06    1.569547908123E+02    2.770192357449E-06   -2.521043859658E-05    1.894586385118E-06   -9.468235741790E-08
    3.991231553556E-09   -2.410134831610E-08    3.196654039108E-07    4.053983768307E-06   -3.640496666600E-05    2.770192357449E-06    2.267875800968E+02    1.946193363577E-06    1.849061191171E-05   -1.415538436031E-06
    1.254818886854E-10   -8.299195800741E-10    1.246991065385E-08    1.939421466862E-07   -2.670494514868E-06   -2.521043859658E-05    1.946193363577E-06    3.093172855499E+02   -1.443882658134E-06   -1.415847469824E-05
   -3.814271330925E-12    2.696903790994E-11   -4.412513463499E-10   -7.765549366864E-09    1.309806216976E-07    1.894586385118E-06    1.849061191171E-05   -1.443882658134E-06    4.045438923819E+02   -6.560525595901E-07
    1.130078712067E-13   -8.411234600890E-13    1.464779710472E-11    2.804143174887E-10   -5.346856435993E-09   -9.468235741790E-08   -1.415538436031E-06   -1.415847469824E-05   -6.560525595901E-07    5.124673836556E+02
   2.2691449926570813     
   -1.721969031388E+00   -5.645381096350E-05   -1.859677228967E-03   -1.031398133561E-04    4.428910577041E-06    1.692522555970E-07    6.034052416585E-09    2.052876071955E-10   -6.751373366400E-12    2.163856442610E-13
   -5.645381096350E-05    4.357678258750E+00   -2.490033989364E-04    2.560993095656E-04   -1.734376773573E-05   -8.242261382716E-07   -3.356198799557E-08   -1.250549252343E-09    4.396336197105E-11   -1.483135754299E-12
   -1.859677228967E-03   -2.490033989364E-04    2.251177285832E+01    2.110725402962E-05    1.128884595621E-04    8.238018141680E-06    4.117357986172E-07    1.737691730790E-08   -6.651037919299E-10    2.387880148761E-11
   -1.031398133561E-04    2.560993095656E-04    2.110725402962E-05    5.278526386977E+01   -9.010991559889E-06    6.283185682278E-05    4.824959465189E-06    2.497855349157E-07   -1.081924375742E-08    4.225451458140E-10
    4.428910577041E-06   -1.734376773573E-05    1.128884595621E-04   -9.010991559889E-06    9.516936149996E+01    5.095134066779E-06   -4.001062774607E-05   -3.178425136126E-06    1.686860314335E-07   -7.448654302767E-09
    1.692522555970E-07   -8.242261382715E-07    8.238018141680E-06    6.283185682278E-05    5.095134066779E-06    1.496635061142E+02    3.298857318916E-06   -2.770873623279E-05    2.254954586751E-06   -1.219384766466E-07
    6.034052416576E-09   -3.356198799558E-08    4.117357986172E-07    4.824959465189E-06   -4.001062774607E-05    3.298857318916E-06    2.162675732808E+02    2.317553849736E-06    2.032357720190E-05   -1.684911327397E-06
    2.052876072060E-10   -1.250549252347E-09    1.737691730790E-08    2.497855349157E-07   -3.178425136126E-06   -2.770873623279E-05    2.317553849736E-06    2.949815221444E+02   -1.719211981840E-06   -1.556551187033E-05
   -6.751373368918E-12    4.396336197509E-11   -6.651037919276E-10   -1.081924375742E-08    1.686860314335E-07    2.254954586751E-06    2.032357720190E-05   -1.719211981840E-06    3.858053359880E+02   -7.812404346281E-07
    2.163856492233E-13   -1.483135752017E-12    2.387880148653E-11    4.225451458127E-10   -7.448654302767E-09   -1.219384766466E-07   -1.684911327397E-06   -1.556551187033E-05   -7.812404346281E-07    4.887389959808E+02
   2.3228506843864047     
   -1.679063439008E+00   -6.683411938725E-05   -2.031622642913E-03   -1.219062967312E-04    5.658587404281E-06    2.336288228322E-07    8.995595103382E-09    3.304496321456E-10   -1.173213510206E-11    4.058795694465E-13
   -6.683411938725E-05    4.127373097117E+00   -2.946761358276E-04    2.785366484059E-04   -2.044153315535E-05   -1.050104616106E-06   -4.618658399529E-08   -1.858168102655E-09    7.051639612532E-11   -2.567609988078E-12
   -2.031622642913E-03   -2.946761358276E-04    2.144993617365E+01    2.498163402875E-05    1.233939113062E-04    9.733244092766E-06    5.253534242233E-07    2.393542629913E-08   -9.887831233810E-10    3.830990109039E-11
   -1.219062967312E-04    2.785366484059E-04    2.498163402875E-05    5.033953720693E+01   -1.065574699690E-05    6.870141231862E-05    5.701336746830E-06    3.187008393150E-07   -1.490019638216E-08    6.280109497844E-10
    5.658587404281E-06   -2.044153315535E-05    1.233939113062E-04   -1.065574699690E-05    9.078633844591E+01    6.024657189535E-06   -4.375337414352E-05   -3.755848460409E-06    2.152169548149E-07   -1.025731337183E-08
    2.336288228322E-07   -1.050104616106E-06    9.733244092766E-06    6.870141231862E-05    6.024657189535E-06    1.427897113605E+02    3.900534898166E-06   -3.030243956228E-05    2.664644249081E-06   -1.555758342392E-07
    8.995595103390E-09   -4.618658399529E-08    5.253534242233E-07    5.701336746830E-06   -4.375337414352E-05    3.900534898166E-06    2.063495160728E+02    2.740194318641E-06    2.222672224702E-05   -1.991204809808E-06
    3.304496321429E-10   -1.858168102661E-09    2.393542629913E-08    3.187008393150E-07   -3.755848460409E-06   -3.030243956228E-05    2.740194318641E-06    2.814657066351E+02   -2.032495523365E-06   -1.702747241781E-05
   -1.173213510643E-11    7.051639612000E-11   -9.887831233807E-10   -1.490019638216E-08    2.152169548149E-07    2.664644249081E-06    2.222672224702E-05   -2.032495523365E-06    3.681382642383E+02   -9.237203948886E-07
    4.058795696357E-13   -2.567609986789E-12    3.830990109150E-11    6.280109497863E-10   -1.025731337183E-08   -1.555758342392E-07   -1.991204809808E-06   -1.702747241781E-05   -9.237203948886E-07    4.663671680440E+02
   2.3771845128611000     
   -1.638071850818E+00   -7.856269872892E-05   -2.208397388034E-03   -1.430655825661E-04    7.163065809160E-06    3.188367982583E-07    1.323037596374E-08    5.236510816371E-10   -2.002765654991E-11    7.462925868090E-13
   -7.856269872892E-05    3.911127883452E+00   -3.462381317652E-04    3.012474123818E-04   -2.391615226180E-05   -1.325406367949E-06   -6.283647630572E-08   -2.723866921679E-09    1.113502471720E-10   -4.366795673488E-12
   -2.208397388034E-03   -3.462381317652E-04    2.044896815614E+01    2.936667114139E-05    1.342198874889E-04    1.142000265599E-05    6.642613535561E-07    3.260192559667E-08   -1.450525991856E-09    6.052049115864E-11
   -1.430655825661E-04    3.012474123818E-04    2.936667114139E-05    4.803283076320E+01   -1.251459579150E-05    7.475680053024E-05    6.690311404688E-06    4.029630583589E-07   -2.029236171629E-08    9.210592267286E-10
    7.163065809160E-06   -2.391615226180E-05    1.342198874889E-04   -1.251459579150E-05    8.665175955683E+01    7.075113272827E-06   -4.761612035605E-05   -4.407532577956E-06    2.721100852789E-07   -1.396822927439E-08
    3.188367982583E-07   -1.325406367949E-06    1.142000265599E-05    7.475680053024E-05    7.075113272827E-06    1.363050517284E+02    4.580474409884E-06   -3.297981123976E-05    3.127047803318E-06   -1.967066277553E-07
    1.323037596373E-08   -6.283647630570E-08    6.642613535561E-07    6.690311404688E-06   -4.761612035605E-05    4.580474409884E-06    1.969925507289E+02    3.217801160320E-06    2.419148013575E-05   -2.336977931305E-06
    5.236510816354E-10   -2.723866921677E-09    3.260192559667E-08    4.029630583589E-07   -4.407532577956E-06   -3.297981123976E-05    3.217801160320E-06    2.687142051112E+02   -2.386440105497E-06   -1.853802507669E-05
   -2.002765655169E-11    1.113502471678E-10   -1.450525991856E-09   -2.029236171629E-08    2.721100852789E-07    3.127047803318E-06    2.419148013575E-05   -2.386440105497E-06    3.514699938053E+02   -1.084738074755E-06
    7.462925788218E-13   -4.366795683714E-12    6.052049116093E-11    9.210592267276E-10   -1.396822927439E-08   -1.967066277553E-07   -2.336977931305E-06   -1.853802507669E-05   -1.084738074755E-06    4.452598938535E+02
   2.4321464780811675     
   -1.598945689586E+00   -9.171841183093E-05   -2.388978714439E-03   -1.667471813594E-04    8.986810267864E-06    4.303547963781E-07    1.920577978668E-08    8.173322305827E-10   -3.360521066430E-11    1.346012694493E-12
   -9.171841183093E-05    3.707955291503E+00   -4.040179665079E-04    3.240232662864E-04   -2.778246819128E-05   -1.657769453931E-06   -8.454646571562E-08   -3.940885238711E-09    1.731866678098E-10   -7.300161066471E-12
   -2.388978714439E-03   -4.040179665079E-04    1.950473923344E+01    3.429653058650E-05    1.453107138338E-04    1.330940370286E-05    8.325695530537E-07    4.392865069497E-08   -2.100684568702E-09    9.419197789940E-11
   -1.667471813594E-04    3.240232662864E-04    3.429653058650E-05    4.585577601282E+01   -1.460111776087E-05    8.096846651830E-05    7.798549631695E-06    5.050725797039E-07   -2.733934864347E-08    1.333621701527E-09
    8.986810267864E-06   -2.778246819128E-05    1.453107138338E-04   -1.460111776087E-05    8.274892197265E+01    8.254172336446E-06   -5.158035622311E-05   -5.137904539720E-06    3.410548814694E-07   -1.881788207937E-08
    4.303547963781E-07   -1.657769453931E-06    1.330940370286E-05    8.096846651830E-05    8.254172336446E-06    1.301833945558E+02    5.343639990548E-06   -3.572813758386E-05    3.645318548063E-06   -2.465541557210E-07
    1.920577978666E-08   -8.454646571565E-08    8.325695530537E-07    7.798549631695E-06   -5.158035622311E-05    5.343639990548E-06    1.881590192954E+02    3.753860661151E-06    2.620857289949E-05   -2.724616834528E-06
    8.173322305814E-10   -3.940885238704E-09    4.392865069497E-08    5.050725797039E-07   -5.137904539720E-06   -3.572813758386E-05    3.753860661151E-06    2.566757388305E+02   -2.783598035885E-06   -2.009031717022E-05
   -3.360521065867E-11    1.731866678010E-10   -2.100684568704E-09   -2.733934864347E-08    3.410548814694E-07    3.645318548063E-06    2.620857289949E-05   -2.783598035885E-06    3.357335296570E+02   -1.265472527457E-06
    1.346012698256E-12   -7.300161066560E-12    9.419197789815E-11    1.333621701527E-09   -1.881788207937E-08   -2.465541557210E-07   -2.724616834528E-06   -2.009031717022E-05   -1.265472527457E-06    4.253323665906E+02
   2.4877365800466076     
   -1.561635595113E+00   -1.063710009746E-04   -2.572271044129E-03   -1.930620678239E-04    1.117786402358E-05    5.747266523139E-07    2.752951239756E-08    1.257168005233E-09   -5.545662214556E-11    2.382828773405E-12
   -1.063710009746E-04    3.516948115123E+00   -4.682993907490E-04    3.466410087457E-04   -3.205095984117E-05   -2.055326392737E-06   -1.125435393935E-07   -5.629790596124E-09    2.654438311275E-10   -1.200271233003E-11
   -2.572271044129E-03   -4.682993907490E-04    1.861344371225E+01    3.980341029888E-05    1.566070620284E-04    1.541135678614E-05    1.034739473651E-06    5.857580111061E-08   -3.004682318846E-09    1.444991412629E-10
   -1.930620678239E-04    3.466410087457E-04    3.980341029888E-05    4.379973346429E+01   -1.692788504714E-05    8.730497699805E-05    9.032054387066E-06    6.277468650397E-07   -3.645209955001E-08    1.907192667804E-09
    1.117786402358E-05   -3.205095984117E-05    1.566070620284E-04   -1.692788504714E-05    7.906241903060E+01    9.568937273006E-06   -5.562640528079E-05   -5.950963564161E-06    4.238881911353E-07   -2.508914916089E-08
    5.747266523139E-07   -2.055326392737E-06    1.541135678614E-05    8.730497699805E-05    9.568937273006E-06    1.244006325739E+02    6.194629835454E-06   -3.853390734153E-05    4.222309538700E-06   -3.064491451135E-07
    2.752951239756E-08   -1.125435393935E-07    1.034739473651E-06    9.032054387066E-06   -5.562640528079E-05    6.194629835454E-06    1.798141804466E+02    4.351602349319E-06    2.826814275087E-05   -3.156289896402E-06
    1.257168005236E-09   -5.629790596135E-09    5.857580111061E-08    6.277468650397E-07   -5.950963564161E-06   -3.853390734153E-05    4.351602349319E-06    2.453029989531E+02   -3.226324304186E-06   -2.167707438581E-05
   -5.545662213537E-11    2.654438311185E-10   -3.004682318847E-09   -3.645209955000E-08    4.238881911353E-07    4.222309538700E-06    2.826814275087E-05   -3.226324304186E-06    3.208670619803E+02   -1.467017272207E-06
    2.382828776647E-12   -1.200271232861E-11    1.444991412616E-10    1.907192667803E-09   -2.508914916089E-08   -3.064491451135E-07   -3.156289896402E-06   -2.167707438581E-05   -1.467017272207E-06    4.065063420131E+02
   2.5439548187574199     
   -1.526091650368E+00   -1.225792957158E-04   -2.757119348437E-03   -2.220993052580E-04    1.378747342153E-05    7.596737106377E-07    3.898115689348E-08    1.906500466733E-09   -9.005528606582E-11    4.142921677745E-12
   -1.225792957158E-04    3.337271837152E+00   -5.393127644781E-04    3.688651091567E-04   -3.672706946764E-05   -2.526602242403E-06   -1.482637957756E-07   -7.944345768822E-09    4.011169345976E-10   -1.941945831620E-11
   -2.757119348437E-03   -5.393127644781E-04    1.777157109041E+01    4.591708475441E-05    1.680467085004E-04    1.773434654439E-05    1.275559098926E-06    7.732360153346E-08   -4.246428600625E-09    2.186095393511E-10
   -2.220993052580E-04    3.688651091567E-04    4.591708475441E-05    4.185672856361E+01   -1.950625494478E-05    9.373344354487E-05    1.039603972264E-05    7.739065696768E-07   -4.811650877868E-08    2.695001651388E-09
    1.378747342153E-05   -3.672706946764E-05    1.680467085004E-04   -1.950625494478E-05    7.557802659585E+01    1.102582714298E-05   -5.973369319166E-05   -6.850199513345E-06    5.225851702272E-07   -3.311658893584E-08
    7.596737106377E-07   -2.526602242403E-06    1.773434654439E-05    9.373344354487E-05    1.102582714298E-05    1.189345065016E+02    7.137600955764E-06   -4.138299722622E-05    4.860516230559E-06   -3.778234412794E-07
    3.898115689349E-08   -1.482637957756E-07    1.275559098926E-06    1.039603972264E-05   -5.973369319166E-05    7.137600955764E-06    1.719259541791E+02    5.013946216962E-06    3.035988823422E-05   -3.633905675820E-06
    1.906500466735E-09   -7.944345768825E-09    7.732360153346E-08    7.739065696768E-07   -6.850199513345E-06   -4.138299722622E-05    5.013946216962E-06    2.345522991732E+02   -3.716736662030E-06   -2.329070381561E-05
   -9.005528606340E-11    4.011169346072E-10   -4.246428600626E-09   -4.811650877868E-08    5.225851702272E-07    4.860516230559E-06    3.035988823422E-05   -3.716736662030E-06    3.068135125845E+02   -1.690362653523E-06
    4.142921673085E-12   -1.941945831488E-11    2.186095393526E-10    2.695001651388E-09   -3.311658893584E-08   -3.778234412794E-07   -3.633905675820E-06   -2.329070381561E-05   -1.690362653523E-06    3.887095644684E+02
   2.6008011942136040     
   -1.492263570164E+00   -1.403895500623E-04   -2.942323370328E-03   -2.539229267590E-04    1.686958534362E-05    9.941981633096E-07    5.454777022180E-08    2.851891809243E-09   -1.439808339834E-10    7.078617338559E-12
   -1.403895500623E-04    3.168157949332E+00   -6.172270813075E-04    3.904505445954E-04   -4.181058871975E-05   -3.080386275567E-06   -1.933665484326E-07   -1.107801382132E-08    5.978710812221E-10   -3.093363043222E-11
   -2.942323370328E-03   -6.172270813075E-04    1.697588017646E+01    5.266449183206E-05    1.795653090276E-04    2.028522664700E-05    1.560108270296E-06    1.010838233365E-07   -5.932197022328E-09    3.263104663241E-10
   -2.539229267590E-04    3.904505445954E-04    5.266449183206E-05    4.001939384845E+01   -2.234618302425E-05    1.002199525582E-04    1.189481612701E-05    9.466560048599E-07   -6.290075105608E-08    3.764485181088E-09
    1.686958534362E-05   -4.181058871975E-05    1.795653090276E-04   -2.234618302425E-05    7.228260046475E+01    1.263047180055E-05   -6.388101987564E-05   -7.838518621844E-06    6.392464384161E-07   -4.329154082423E-08
    9.941981633096E-07   -3.080386275566E-06    2.028522664700E-05    1.002199525582E-04    1.263047180055E-05    1.137644449119E+02    8.176201278964E-06   -4.426085981131E-05    5.562024273510E-06   -4.622010194881E-07
    5.454777022179E-08   -1.933665484326E-07    1.560108270296E-06    1.189481612701E-05   -6.388101987564E-05    8.176201278964E-06    1.644646913554E+02    5.743455096279E-06    3.247320204655E-05   -4.159074692769E-06
    2.851891809241E-09   -1.107801382132E-08    1.010838233365E-07    9.466560048599E-07   -7.838518621844E-06   -4.426085981131E-05    5.743455096279E-06    2.243832621536E+02   -4.256679555780E-06   -2.492339777505E-05
   -1.439808339723E-10    5.978710812158E-10   -5.932197022331E-09   -6.290075105608E-08    6.392464384161E-07    5.562024273510E-06    3.247320204655E-05   -4.256679555780E-06    2.935201254419E+02   -1.936379940598E-06
    7.078617341373E-12   -3.093363043957E-11    3.263104663232E-10    3.764485181088E-09   -4.329154082423E-08   -4.622010194881E-07   -4.159074692769E-06   -2.492339777505E-05   -1.936379940598E-06    3.718752487529E+02
   2.6582757064151608     
   -1.460100857447E+00   -1.598339522337E-04   -3.126652451919E-03   -2.885691606589E-04    2.048021935944E-05    1.288672440779E-06    7.546326481712E-08    4.209963437973E-09   -2.267580333612E-10    1.189233136697E-11
   -1.598339522337E-04    3.008897945367E+00   -7.021428002141E-04    4.111458975412E-04   -4.729512340745E-05   -3.725578046905E-06   -2.497445275774E-07   -1.527100690737E-08    8.793732010754E-10   -4.853758711405E-11
   -3.126652451919E-03   -7.021428002141E-04    1.622337571812E+01    6.006937144856E-05    1.910971725297E-04    2.306903703667E-05    1.893714403448E-06    1.309103490937E-07   -8.194955655796E-09    4.807835503234E-10
   -2.885691606589E-04    4.111458975412E-04    6.006937144856E-05    3.828091668664E+01   -2.545606087672E-05    1.067299926849E-04    1.353168956511E-05    1.149258024852E-06   -8.146207103646E-08    5.200052285374E-09
    2.048021935944E-05   -4.729512340745E-05    1.910971725297E-04   -2.545606087672E-05    6.916398365839E+01    1.438762024523E-05   -6.804682943287E-05   -8.918178210065E-06    7.760815283924E-07   -5.606687366139E-08
    1.288672440779E-06   -3.725578046905E-06    2.306903703667E-05    1.067299926849E-04    1.438762024523E-05    1.088714195251E+02    9.313510635379E-06   -4.715270968960E-05    6.328463676012E-06   -5.611863600767E-07
    7.546326481709E-08   -2.497445275774E-07    1.893714403448E-06    1.353168956511E-05   -6.804682943287E-05    9.313510635379E-06    1.574029654415E+02    6.542293269431E-06    3.459730752968E-05   -4.733075926572E-06
    4.209963437977E-09   -1.527100690736E-08    1.309103490937E-07    1.149258024852E-06   -8.918178210065E-06   -4.715270968960E-05    6.542293269431E-06    2.147585361519E+02   -4.847692737447E-06   -2.656723611491E-05
   -2.267580333502E-10    8.793732010830E-10   -8.194955655799E-09   -8.146207103646E-08    7.760815283924E-07    6.328463676012E-06    3.459730752968E-05   -4.847692737447E-06    2.809380966471E+02   -2.205807527798E-06
    1.189233136549E-11   -4.853758711556E-11    4.807835503235E-10    5.200052285375E-09   -5.606687366139E-08   -5.611863600767E-07   -4.733075926572E-06   -2.656723611491E-05   -2.205807527798E-06    3.559416118493E+02
   2.7163783553620893     
   -1.429552931934E+00   -1.809293458791E-04   -3.308860730257E-03   -3.260440804557E-04    2.467672070863E-05    1.654909466535E-06    1.032511017201E-07    6.135677666189E-09   -3.519641348945E-10    1.965635416908E-11
   -1.809293458791E-04    2.858837917579E+00   -7.940856907348E-04    4.306966691524E-04   -5.316765616013E-05   -4.471009690036E-06   -3.195290810127E-07   -2.081773602496E-08    1.276885964494E-09   -7.505658173875E-11
   -3.308860730257E-03   -7.940856907348E-04    1.551128727561E+01    6.815196264445E-05    2.025760189163E-04    2.608884846896E-05    2.281899007722E-06    1.680083431862E-07   -1.119911785726E-08    6.995468338299E-10
   -3.260440804557E-04    4.306966691524E-04    6.815196264445E-05    3.663499200942E+01   -2.884258192596E-05    1.132288713011E-04    1.530887643820E-05    1.385103595779E-06   -1.045527738101E-07    7.106126632716E-09
    2.467672070863E-05   -5.316765616013E-05    2.025760189163E-04   -2.884258192596E-05    6.621092256151E+01    1.630106459809E-05   -7.220947254203E-05   -1.009073181412E-05    9.353888027915E-07   -7.196120718647E-08
    1.654909466535E-06   -4.471009690036E-06    2.608884846896E-05    1.132288713011E-04    1.630106459809E-05    1.042378142983E+02    1.055199185158E-05   -5.004370422550E-05    7.160970343660E-06   -6.764503119604E-07
    1.032511017201E-07   -3.195290810128E-07    2.281899007722E-06    1.530887643820E-05   -7.220947254203E-05    1.055199185158E-05    1.507153840916E+02    7.412192165952E-06    3.672139114179E-05   -5.356828760859E-06
    6.135677666185E-09   -2.081773602497E-08    1.680083431862E-07    1.385103595779E-06   -1.009073181412E-05   -5.004370422550E-05    7.412192165952E-06    2.056435386453E+02   -5.490985212439E-06   -2.821428499287E-05
   -3.519641348908E-10    1.276885964504E-09   -1.119911785726E-08   -1.045527738101E-07    9.353888027915E-07    7.160970343660E-06    3.672139114179E-05   -5.490985212439E-06    2.690222396258E+02   -2.499239520992E-06
    1.965635416590E-11   -7.505658174641E-11    6.995468338307E-10    7.106126632717E-09   -7.196120718647E-08   -6.764503119604E-07   -5.356828760859E-06   -2.821428499287E-05   -2.499239520992E-06    3.408514492639E+02
   2.7751091410543904     
   -1.400569235532E+00   -2.036761962097E-04   -3.487702468444E-03   -3.663217500614E-04    2.951690479370E-05    2.106208604644E-06    1.397695852320E-07    8.832198813268E-09   -5.386661243899E-10    3.198075314276E-11
   -2.036761962097E-04    2.717373694872E+00   -8.930018762947E-04    4.488487568941E-04   -5.940822434505E-05   -5.325247339777E-06   -4.050893105240E-07   -2.807446761245E-08    1.831140370987E-09   -1.144366325916E-10
   -3.487702468444E-03   -8.930018762947E-04    1.483705010550E+01    7.692876362886E-05    2.139357076532E-04    2.934563749770E-05    2.730315708176E-06    2.137415872898E-07   -1.514566116817E-08    1.005582936227E-09
   -3.663217500614E-04    4.488487568941E-04    7.692876362886E-05    3.507577951736E+01   -3.251063780316E-05    1.196821126883E-04    1.722743618541E-05    1.657676471526E-06   -1.330251541586E-07    9.610435373091E-09
    2.951690479370E-05   -5.940822434505E-05    2.139357076532E-04   -3.251063780316E-05    6.341299098148E+01    1.837358106701E-05   -7.634745669717E-05   -1.135698583247E-05    1.119532124430E-06   -9.156242986233E-08
    2.106208604644E-06   -5.325247339777E-06    2.934563749770E-05    1.196821126883E-04    1.837358106701E-05    9.984730686779E+01    1.189345282532E-05   -5.291911570448E-05    8.060155761604E-06   -8.097136486005E-07
    1.397695852320E-07   -4.050893105240E-07    2.730315708176E-06    1.722743618541E-05   -7.634745669717E-05    1.189345282532E-05    1.443784185031E+02    8.354423758262E-06    3.883472856749E-05   -6.030870926782E-06
    8.832198813263E-09   -2.807446761246E-08    2.137415872898E-07    1.657676471526E-06   -1.135698583247E-05   -5.291911570448E-05    8.354423758262E-06    1.970062241278E+02   -6.187415002668E-06   -2.985669035359E-05
   -5.386661243876E-10    1.831140370991E-09   -1.514566116817E-08   -1.330251541586E-07    1.119532124430E-06    8.060155761604E-06    3.883472856749E-05   -6.187415002668E-06    2.577306819053E+02   -2.817116912465E-06
    3.198075313973E-11   -1.144366325799E-10    1.005582936227E-09    9.610435373091E-09   -9.156242986233E-08   -8.097136486005E-07   -6.030870926782E-06   -2.985669035359E-05   -2.817116912465E-06    3.265517512997E+02
   2.8344680634920634     
   -1.373099318637E+00   -2.280578282343E-04   -3.661947294163E-03   -4.093429236584E-04    3.505810830096E-05    2.657372384177E-06    1.872588051455E-07    1.256243869264E-08   -8.132555475005E-10    5.124465001328E-11
   -2.280578282343E-04    2.583946466210E+00   -9.987542335763E-04    4.653520397542E-04   -6.598972820565E-05   -6.296375607518E-06   -5.090241697245E-07   -3.746694156669E-08    2.594494781832E-09   -1.721084704054E-10
   -3.661947294163E-03   -9.987542335763E-04    1.419828784689E+01    8.641235710801E-05    2.251109256625E-04    3.283819415100E-05    3.244680736784E-06    2.696375516393E-07   -2.027753936075E-08    1.428669519871E-09
   -4.093429236584E-04    4.653520397542E-04    8.641235710801E-05    3.359786489576E+01   -3.646324680323E-05    1.260558316641E-04    1.928722271611E-05    1.970513556689E-06   -1.678351101149E-07    1.286750119421E-08
    3.505810830096E-05   -6.598972820565E-05    2.251109256625E-04   -3.646324680323E-05    6.076052130716E+01    2.060688871833E-05   -8.043968037978E-05   -1.271696844040E-05    1.330914668057E-06   -1.155303415221E-07
    2.657372384177E-06   -6.296375607518E-06    3.283819415100E-05    1.260558316641E-04    2.060688871833E-05    9.568476106386E+01    1.333902010235E-05   -5.576449219707E-05    9.026085342713E-06   -9.627285930174E-07
    1.872588051455E-07   -5.090241697245E-07    3.244680736784E-06    1.928722271611E-05   -8.043968037978E-05    1.333902010235E-05    1.383702487015E+02    9.369782017215E-06    4.092680250346E-05   -6.755342811877E-06
    1.256243869264E-08   -3.746694156668E-08    2.696375516393E-07    1.970513556689E-06   -1.271696844040E-05   -5.576449219707E-05    9.369782017215E-06    1.888168735779E+02   -6.937475018287E-06   -3.148676466834E-05
   -8.132555475101E-10    2.594494781824E-09   -2.027753936075E-08   -1.678351101149E-07    1.330914668057E-06    9.026085342713E-06    4.092680250346E-05   -6.937475018287E-06    2.470245901761E+02   -3.159721463403E-06
    5.124465000980E-11   -1.721084704127E-10    1.428669519874E-09    1.286750119421E-08   -1.155303415221E-07   -9.627285930174E-07   -6.755342811877E-06   -3.148676466834E-05   -3.159721463403E-06    3.129933551252E+02
   2.8944551226751085     
   -1.347092911014E+00   -2.540399573928E-04   -3.830395123293E-03   -4.550143461341E-04    4.135616618894E-05    3.324689584142E-06    2.483880336456E-07    1.766234693105E-08   -1.211753105833E-09    8.090943032017E-11
   -2.540399573928E-04    2.458038839479E+00   -1.111120274300E-03    4.799640093383E-04   -7.287788119165E-05   -7.391769994240E-06   -6.341466970854E-07   -4.949765706270E-08    3.633376526304E-09   -2.554397982293E-10
   -3.830395123293E-03   -1.111120274300E-03    1.359279682533E+01    9.661130112470E-05    2.360378252122E-04    3.656306362220E-05    3.830697094223E-06    3.373898017368E-07   -2.688529006259E-08    2.006924657433E-09
   -4.550143461341E-04    4.799640093383E-04    9.661130112470E-05    3.219622462849E+01   -4.070151497738E-05    1.323170775881E-04    2.148685532404E-05    2.327161671581E-06   -2.100442041109E-07    1.706228043852E-08
    4.135616618894E-05   -7.287788119165E-05    2.360378252122E-04   -4.070151497738E-05    5.824454203972E+01    2.300162633533E-05   -8.446564801659E-05   -1.416991117148E-05    1.571950351036E-06   -1.445982612704E-07
    3.324689584142E-06   -7.391769994240E-06    3.656306362220E-05    1.323170775881E-04    2.300162633533E-05    9.173612936474E+01    1.488912412778E-05   -5.856580498256E-05    1.005826571425E-05   -1.137258651301E-06
    2.483880336456E-07   -6.341466970854E-07    3.830697094223E-06    2.148685532404E-05   -8.446564801659E-05    1.488912412778E-05    1.326706231216E+02    1.045857254582E-05    4.298741054375E-05   -7.529978317541E-06
    1.766234693104E-08   -4.949765706269E-08    3.373898017368E-07    2.327161671581E-06   -1.416991117148E-05   -5.856580498256E-05    1.045857254582E-05    1.810479033725E+02   -7.741285148792E-06   -3.309706579298E-05
   -1.211753105829E-09    3.633376526300E-09   -2.688529006259E-08   -2.100442041109E-07    1.571950351036E-06    1.005826571425E-05    4.298741054375E-05   -7.741285148792E-06    2.368679207445E+02   -3.527172330956E-06
    8.090943031512E-11   -2.554397982255E-10    2.006924657435E-09    1.706228043852E-08   -1.445982612704E-07   -1.137258651301E-06   -7.529978317541E-06   -3.309706579298E-05   -3.527172330956E-06    3.001306289701E+02
   2.9550703186035263     
   -1.322499980648E+00   -2.815705255600E-04   -3.991890552852E-03   -5.032086853063E-04    4.846433740135E-05    4.125881005463E-06    3.263021639739E-07    2.455594928858E-08   -1.782657320519E-09    1.259359381284E-10
   -2.815705255600E-04    2.339171290704E+00   -1.229791600213E-03    4.924533810834E-04   -8.003131095350E-05   -8.617862959648E-06   -7.834597620500E-07   -6.475249080941E-08    5.030987995735E-09   -3.742877207207E-10
   -3.991890552852E-03   -1.229791600213E-03    1.301853180968E+01    1.075300837044E-04    2.466546044942E-04    4.051452239820E-05    4.493973778569E-06    4.188573850709E-07   -3.531271856498E-08    2.788574787058E-09
   -5.032086853063E-04    4.924533810834E-04    1.075300837044E-04    3.086619404477E+01   -4.522462950288E-05    1.384341448188E-04    2.382370920994E-05    2.731131544714E-06   -2.608199622992E-07    2.241387695323E-08
    4.846433740135E-05   -8.003131095350E-05    2.466546044942E-04   -4.522462950288E-05    5.585672104833E+01    2.555734713739E-05   -8.840566332257E-05   -1.571424322359E-05    1.845033433035E-06   -1.795734594074E-07
    4.125881005463E-06   -8.617862959648E-06    4.051452239820E-05    1.384341448188E-04    2.555734713739E-05    8.798836427877E+01    1.654349601711E-05   -6.130958089937E-05    1.115564097442E-05   -1.335057145025E-06
    3.263021639739E-07   -7.834597620500E-07    4.493973778569E-06    2.382370920994E-05   -8.840566332257E-05    1.654349601711E-05    1.272607310341E+02    1.162061027967E-05    4.500676197262E-05   -8.354102270132E-06
    2.455594928860E-08   -6.475249080941E-08    4.188573850709E-07    2.731131544714E-06   -1.571424322359E-05   -6.130958089937E-05    1.162061027967E-05    1.736736916748E+02   -8.598590511175E-06   -3.468046710495E-05
   -1.782657320527E-09    5.030987995737E-09   -3.531271856498E-08   -2.608199622992E-07    1.845033433035E-06    1.115564097442E-05    4.500676197262E-05   -8.598590511175E-06    2.272271927989E+02   -3.919425399722E-06
    1.259359381285E-10   -3.742877207199E-10    2.788574787059E-09    2.241387695323E-08   -1.795734594074E-07   -1.335057145025E-06   -8.354102270132E-06   -3.468046710495E-05   -3.919425399722E-06    2.879211851876E+02
   3.0163136512773159     
   -1.299270783552E+00   -3.105798478746E-04   -4.145336515207E-03   -5.537651113167E-04    5.643220510402E-05    5.080005226452E-06    4.246655915078E-07    3.377206802027E-08   -2.590410472988E-09    1.933312559572E-10
   -3.105798478746E-04    2.226898963089E+00   -1.354374983321E-03    5.026036169759E-04   -8.740181554996E-05   -9.979910031984E-06   -9.601229580781E-07   -8.390628049636E-08    6.890242665787E-09   -5.416620398391E-10
   -4.145336515207E-03   -1.354374983321E-03    1.247359307564E+01    1.191691379006E-04    2.569020255854E-04    4.468458839444E-05    5.239941625694E-06    5.160609021429E-07   -4.596251844000E-08    3.833946758483E-09
   -5.537651113167E-04    5.026036169759E-04    1.191691379006E-04    2.960343827343E+01   -5.002988313649E-05    1.443768468177E-04    2.629392524572E-05    3.185849940476E-06   -3.214342386582E-07    2.917924929263E-08
    5.643220510402E-05   -8.740181554996E-05    2.569020255854E-04   -5.002988313649E-05    5.358931397507E+01    2.827253067410E-05   -9.224099934834E-05   -1.734759822689E-05    2.152506888621E-06   -2.213362963176E-07
    5.080005226452E-06   -9.979910031984E-06    4.468458839444E-05    1.443768468177E-04    2.827253067410E-05    8.442933775814E+01    1.830117539471E-05   -6.398301849118E-05    1.231659772417E-05   -1.557844870423E-06
    4.246655915078E-07   -9.601229580781E-07    5.239941625694E-06    2.629392524572E-05   -9.224099934834E-05    1.830117539471E-05    1.221230865256E+02    1.285522493436E-05    4.697556264032E-05   -9.226634225163E-06
    3.377206802026E-08   -8.390628049634E-08    5.160609021429E-07    3.185849940476E-06   -1.734759822689E-05   -6.398301849118E-05    1.285522493436E-05    1.666704205389E+02   -9.508765634964E-06   -3.623021836758E-05
   -2.590410472995E-09    6.890242665777E-09   -4.596251844000E-08   -3.214342386582E-07    2.152506888621E-06    1.231659772417E-05    4.697556264032E-05   -9.508765634964E-06    2.180712821967E+02   -4.336275207696E-06
    1.933312559606E-10   -5.416620398374E-10    3.833946758482E-09    2.917924929263E-08   -2.213362963176E-07   -1.557844870423E-06   -9.226634225163E-06   -3.623021836758E-05   -4.336275207696E-06    2.763256192807E+02
   3.0781851206964777     
   -1.277355907230E+00   -3.409810683163E-04   -4.289706995008E-03   -6.064905220872E-04    6.530457936431E-05    6.207322805568E-06    5.477017990903E-07    4.596257913807E-08   -3.719550088355E-09    2.928540681072E-10
   -3.409810683163E-04    2.120808779392E+00   -1.484395082465E-03    5.102162897902E-04   -9.493477518112E-05   -1.148176280134E-05   -1.167410576110E-06   -1.077269874333E-07    9.336878333639E-09   -7.745080356004E-10
   -4.289706995008E-03   -1.484395082465E-03    1.195621464502E+01    1.315249124064E-04    2.667238663734E-04    4.906306388634E-05    6.073767404368E-06    6.311750386296E-07   -5.930167249021E-08    5.217678105241E-09
   -6.064905220872E-04    5.102162897902E-04    1.315249124064E-04    2.840392581498E+01   -5.511272782584E-05    1.501167521434E-04    2.889243816590E-05    3.694610881746E-06   -3.932595139674E-07    3.765681858461E-08
    6.530457936431E-05   -9.493477518112E-05    2.667238663734E-04   -5.511272782584E-05    5.143511727625E+01    3.114461080894E-05   -9.595404422543E-05   -1.906683292206E-05    2.496630190277E-06   -2.708379803987E-07
    6.207322805568E-06   -1.148176280134E-05    4.906306388634E-05    1.501167521434E-04    3.114461080894E-05    8.104776784459E+01    2.016052858923E-05   -6.657408728604E-05    1.353897847609E-05   -1.807287335250E-06
    5.477017990903E-07   -1.167410576110E-06    6.073767404368E-06    2.889243816590E-05   -9.595404422543E-05    2.016052858923E-05    1.172414228838E+02    1.416127369974E-05    4.888508744084E-05   -1.014609835554E-05
    4.596257913806E-08   -1.077269874333E-07    6.311750386296E-07    3.694610881746E-06   -1.906683292206E-05   -6.657408728604E-05    1.416127369974E-05    1.600159321684E+02   -1.047082422568E-05   -3.773999703662E-05
   -3.719550088363E-09    9.336878333631E-09   -5.930167249021E-08   -3.932595139674E-07    2.496630190277E-06    1.353897847609E-05    4.888508744084E-05   -1.047082422568E-05    2.093712337306E+02   -4.777359296199E-06
    2.928540681168E-10   -7.745080355943E-10    5.217678105239E-09    3.765681858461E-08   -2.708379803987E-07   -1.807287335251E-06   -1.014609835554E-05   -3.773999703662E-05   -4.777359296199E-06    2.653072723114E+02
   3.1406847268610121     
   -1.256706310109E+00   -3.726709146322E-04   -4.424058622219E-03   -6.611613970431E-04    7.512043136868E-05    7.529118717541E-06    7.002268300522E-07    6.192197494543E-08   -5.279604827668E-09    4.379106105052E-10
   -3.726709146322E-04    2.020516834734E+00   -1.619298765222E-03    5.151142192320E-04   -1.025697153399E-04   -1.312565585747E-05   -1.408660923980E-06   -1.370780495477E-07    1.252267577722E-08   -1.094614264553E-09
   -4.424058622219E-03   -1.619298765222E-03    1.146475358428E+01    1.445899917762E-04    2.760673047768E-04    5.363760934144E-05    7.000267855466E-06    7.665174182587E-07   -7.586646428819E-08    7.031131290055E-09
   -6.611613970431E-04    5.151142192320E-04    1.445899917762E-04    2.726390447269E+01   -6.046685493968E-05    1.556273815501E-04    3.161302197956E-05    4.260526948274E-06   -4.777630490689E-07    4.818987636803E-08
    7.512043136868E-05   -1.025697153399E-04    2.760673047768E-04   -6.046685493968E-05    4.938742544266E+01    3.417001837524E-05   -9.952842221835E-05   -2.086805694519E-05    2.879547152363E-06   -3.290968901207E-07
    7.529118717541E-06   -1.312565585747E-05    5.363760934144E-05    1.556273815501E-04    3.417001837524E-05    7.783315183381E+01    2.211927626135E-05   -6.907160997287E-05    1.482010286505E-05   -2.084972032649E-06
    7.002268300522E-07   -1.408660923980E-06    7.000267855466E-06    3.161302197956E-05   -9.952842221835E-05    2.211927626135E-05    1.126005963605E+02    1.553716053088E-05    5.072724022306E-05   -1.111063898686E-05
    6.192197494544E-08   -1.370780495477E-07    7.665174182587E-07    4.260526948274E-06   -2.086805694519E-05   -6.907160997287E-05    1.553716053088E-05    1.536895979324E+02   -1.148343403252E-05   -3.920394996307E-05
   -5.279604827685E-09    1.252267577721E-08   -7.586646428818E-08   -4.777630490689E-07    2.879547152363E-06    1.482010286505E-05    5.072724022306E-05   -1.148343403252E-05    2.011000900528E+02   -5.242164763307E-06
    4.379106105089E-10   -1.094614264557E-09    7.031131290053E-09    4.818987636803E-08   -3.290968901207E-07   -2.084972032649E-06   -1.111063898686E-05   -3.920394996307E-05   -5.242164763307E-06    2.548320143862E+02
   3.2038124697709183     
   -1.237273359018E+00   -4.055307362570E-04   -4.547540969523E-03   -7.175262448945E-04    8.591188843081E-05    9.067484233080E-06    8.876748247980E-07    8.260791000214E-08   -7.410779427284E-09    6.466755476854E-10
   -4.055307362570E-04    1.925666040197E+00   -1.758460962150E-03    5.171443126833E-04   -1.102410128199E-04   -1.491201468852E-05   -1.687217607770E-06   -1.729185511386E-07    1.662869200795E-08   -1.529646774343E-09
   -4.547540969523E-03   -1.758460962150E-03    1.099768025808E+01    1.583532594951E-04    2.848832351648E-04    5.839384567700E-05    8.023825360195E-06    9.245337259340E-07   -9.626692194440E-08    9.384988493342E-09
   -7.175262448945E-04    5.171443126833E-04    1.583532594951E-04    2.617987941177E+01   -6.608429909225E-05    1.608843662623E-04    3.444835106886E-05    4.886481622447E-06   -5.764988651463E-07    6.116968649073E-08
    8.591188843081E-05   -1.102410128199E-04    2.848832351648E-04   -6.608429909225E-05    4.743999199030E+01    3.734423682879E-05   -1.029490902395E-04   -2.274667270703E-05    3.303254479497E-06   -3.971934409521E-07
    9.067484233080E-06   -1.491201468852E-05    5.839384567700E-05    1.608843662623E-04    3.734423682879E-05    7.477570532200E+01    2.417452937227E-05   -7.146532761812E-05    1.615679593892E-05   -2.392386205549E-06
    8.876748247980E-07   -1.687217607770E-06    8.023825360195E-06    3.444835106886E-05   -1.029490902395E-04    2.417452937227E-05    1.081864983977E+02    1.698086126965E-05    5.249460124347E-05   -1.211804123768E-05
    8.260791000215E-08   -1.729185511386E-07    9.245337259340E-07    4.886481622447E-06   -2.274667270703E-05   -7.146532761812E-05    1.698086126965E-05    1.476721988958E+02   -1.254493625452E-05   -4.061672565678E-05
   -7.410779427264E-09    1.662869200793E-08   -9.626692194440E-08   -5.764988651463E-07    3.303254479497E-06    1.615679593892E-05    5.249460124347E-05   -1.254493625452E-05    1.932327356318E+02   -5.730036761572E-06
    6.466755476821E-10   -1.529646774336E-09    9.384988493342E-09    6.116968649073E-08   -3.971934409521E-07   -2.392386205549E-06   -1.211804123768E-05   -4.061672565678E-05   -5.730036761572E-06    2.448680471645E+02
   3.2675683494261971     
   -1.219008866267E+00   -4.394278024696E-04   -4.659405400983E-03   -7.753085956160E-04    9.770331813306E-05    1.084506091443E-05    1.116113866534E-06    1.091623188564E-07   -1.029045403891E-08    9.434734568254E-10
   -4.394278024696E-04    1.835923990657E+00   -1.901191939628E-03    5.161800476834E-04   -1.178787316948E-04   -1.683929123980E-05   -2.006363743977E-06   -2.163008703647E-07    2.186839940901E-08   -2.114305978811E-09
   -4.659405400983E-03   -1.901191939628E-03    1.055356944470E+01    1.728000966382E-04    2.931265182685E-04    6.331548200506E-05    9.148306869417E-06    1.107779144490E-06   -1.211905123961E-07    1.241199383977E-08
   -7.753085956160E-04    5.161800476834E-04    1.728000966382E-04    2.514859314042E+01   -7.195556218197E-05    1.658655682608E-04    3.739007517997E-05    5.575083616346E-06   -6.910975790501E-07    7.703817308474E-08
    9.770331813306E-05   -1.178787316948E-04    2.931265182685E-04   -7.195556218197E-05    4.558699385671E+01    4.066186903672E-05   -1.062024104575E-04   -2.469742418938E-05    3.769571636894E-06   -4.762635148096E-07
    1.084506091443E-05   -1.683929123979E-05    6.331548200506E-05    1.658655682608E-04    4.066186903672E-05    7.186630656574E+01    2.632283228289E-05   -7.374594839270E-05    1.754542269265E-05   -2.730895536051E-06
    1.116113866534E-06   -2.006363743977E-06    9.148306869417E-06    3.739007517997E-05   -1.062024104575E-04    2.632283228289E-05    1.039859754990E+02    1.848995374833E-05    5.418046250796E-05   -1.316575614144E-05
    1.091623188565E-07   -2.163008703647E-07    1.107779144490E-06    5.575083616346E-06   -2.469742418938E-05   -7.374594839270E-05    1.848995374833E-05    1.419458167490E+02   -1.365336885313E-05   -4.197349745390E-05
   -1.029045403890E-08    2.186839940902E-08   -1.211905123961E-07   -6.910975790501E-07    3.769571636894E-06    1.754542269265E-05    5.418046250796E-05   -1.365336885313E-05    1.857457542892E+02   -6.240188653456E-06
    9.434734568190E-10   -2.114305978812E-09    1.241199383977E-08    7.703817308474E-08   -4.762635148096E-07   -2.730895536051E-06   -1.316575614144E-05   -4.197349745390E-05   -6.240188653456E-06    2.353857235496E+02
   3.3319523658268473     
   -1.201865128077E+00   -4.742168323616E-04   -4.759012340830E-03   -8.342104724312E-04    1.105105280098E-04    1.288475084074E-05    1.392250534094E-06    1.429326098992E-07   -1.414049939483E-08    1.360456765142E-09
   -4.742168323616E-04    1.750981032486E+00   -2.046745839807E-03    5.121235396490E-04   -1.254095723269E-04   -1.890383324043E-05   -2.369250409113E-06   -2.683655194254E-07    2.849060643517E-08   -2.891596324126E-09
   -4.759012340830E-03   -2.046745839807E-03    1.013109222956E+01    1.879126086615E-04    3.007561670531E-04    6.838446558024E-05    1.037698762992E-05    1.318896242999E-06   -1.514049069046E-07    1.626980014475E-08
   -8.342104724312E-04    5.121235396490E-04    1.879126086615E-04    2.416700722744E+01   -7.806975403829E-05    1.705511640501E-04    4.042890632195E-05    6.328624050881E-06   -8.232541770181E-07    9.629008797151E-08
    1.105105280098E-04   -1.254095723269E-04    3.007561670531E-04   -7.806975403829E-05    4.382299887576E+01    4.411671323015E-05   -1.092762000287E-04   -2.671445336332E-05    4.280112617534E-06   -5.674905065857E-07
    1.288475084074E-05   -1.890383324043E-05    6.838446558024E-05    1.705511640501E-04    4.411671323015E-05    6.909644564539E+01    2.856021170157E-05   -7.590518055267E-05    1.898192792663E-05   -3.101724163378E-06
    1.392250534094E-06   -2.369250409113E-06    1.037698762992E-05    4.042890632195E-05   -1.092762000287E-04    2.856021170157E-05    9.998675601277E+01    2.006165197677E-05    5.577885154986E-05   -1.425092956971E-05
    1.429326098992E-07   -2.683655194254E-07    1.318896242999E-06    6.328624050881E-06   -2.671445336332E-05   -7.590518055267E-05    2.006165197677E-05    1.364937341423E+02   -1.480649309649E-05   -4.326997807753E-05
   -1.414049939483E-08    2.849060643516E-08   -1.514049069046E-07   -8.232541770181E-07    4.280112617534E-06    1.898192792663E-05    5.577885154986E-05   -1.480649309649E-05    1.786172990160E+02   -6.771713521595E-06
    1.360456765148E-09   -2.891596324115E-09    1.626980014475E-08    9.629008797152E-08   -5.674905065857E-07   -3.101724163378E-06   -1.425092956971E-05   -4.326997807753E-05   -6.771713521595E-06    2.263573829169E+02
   3.3969645189728701     
   -1.185794964986E+00   -5.097417232952E-04   -4.845836858304E-03   -8.939162669660E-04    1.243401042057E-04    1.520939851035E-05    1.723421788074E-06    1.854923648347E-07   -1.923538045668E-08    1.939614399301E-09
   -5.097417232952E-04    1.670548510027E+00   -2.194330301771E-03    5.049071470891E-04   -1.327579129081E-04   -2.109979256284E-05   -2.778820939383E-06   -3.303329651397E-07    3.678202355510E-08   -3.914192078533E-09
   -4.845836858304E-03   -2.194330301771E-03    9.729008602790E+00    2.036698729331E-04    3.077354720162E-04    7.358115043872E-05    1.171248110902E-05    1.560589546131E-06   -1.877596466596E-07    2.114386766492E-08
   -8.939162669660E-04    5.049071470891E-04    2.036698729331E-04    2.323228559160E+01   -8.441474596564E-05    1.749236939169E-04    4.355471546719E-05    7.149037272354E-06   -9.747138633029E-07    1.194745556138E-07
    1.243401042057E-04   -1.327579129081E-04    3.077354720162E-04   -8.441474596564E-05    4.214293603877E+01    4.770184610294E-05   -1.121597593065E-04   -2.879136285926E-05    4.836260123733E-06   -6.720960777328E-07
    1.520939851035E-05   -2.109979256284E-05    7.358115043872E-05    1.749236939169E-04    4.770184610294E-05    6.645817797672E+01    3.088223017007E-05   -7.793575064026E-05    2.046188045947E-05   -3.505936392990E-06
    1.723421788074E-06   -2.778820939383E-06    1.171248110902E-05    4.355471546719E-05   -1.121597593065E-04    3.088223017007E-05    9.617738317237E+01    2.169284349597E-05    5.728454435371E-05   -1.537043424241E-05
    1.854923648347E-07   -3.303329651397E-07    1.560589546131E-06    7.149037272355E-06   -2.879136285926E-05   -7.793575064026E-05    2.169284349597E-05    1.313003435327E+02   -1.600182264188E-05   -4.450242619748E-05
   -1.923538045667E-08    3.678202355510E-08   -1.877596466596E-07   -9.747138633029E-07    4.836260123733E-06    2.046188045947E-05    5.728454435371E-05   -1.600182264188E-05    1.718269729038E+02   -7.323596725017E-06
    1.939614399290E-09   -3.914192078540E-09    2.114386766492E-08    1.194745556138E-07   -6.720960777328E-07   -3.505936392990E-06   -1.537043424241E-05   -4.450242619748E-05   -7.323596725017E-06    2.177572004091E+02
   3.4626048088642656     
   -1.170751765482E+00   -5.458374406948E-04   -4.919472493754E-03   -9.540969304073E-04    1.391889087452E-04    1.784145105757E-05    2.117573123054E-06    2.386609149196E-07   -2.591098941445E-08    2.735142288541E-09
   -5.458374406948E-04    1.594357171042E+00   -2.343116949728E-03    4.944945766974E-04   -1.398469200206E-04   -2.341907680339E-05   -3.237732949553E-06   -4.034923064558E-07    4.706933056110E-08   -5.245875187927E-09
   -4.919472493754E-03   -2.343116949728E-03    9.346160692979E+00    2.200481999110E-04    3.140320701385E-04    7.888448109697E-05    1.315667635388E-05    1.835597100195E-06   -2.311865515217E-07    2.725035339754E-08
   -9.540969304073E-04    4.944945766974E-04    2.200481999110E-04    2.234177921356E+01   -9.097733347917E-05    1.789680791006E-04    4.675663688938E-05    8.037865989053E-06   -1.147256169734E-06    1.471959019730E-07
    1.391889087452E-04   -1.398469200206E-04    3.140320701385E-04   -9.097733347917E-05    4.054206827905E+01    5.140971105541E-05   -1.148438801349E-04   -3.092128348650E-05    5.439142612083E-06   -7.913297398285E-07
    1.784145105757E-05   -2.341907680339E-05    7.888448109697E-05    1.789680791006E-04    5.140971105541E-05    6.394408176088E+01    3.328404278916E-05   -7.983140804155E-05    2.198052070333E-05   -3.944420410536E-06
    2.117573123054E-06   -3.237732949553E-06    1.315667635388E-05    4.675663688938E-05   -1.148438801349E-04    3.328404278916E-05    9.254715380437E+01    2.338012898949E-05    5.869306825875E-05   -1.652090409879E-05
    2.386609149196E-07   -4.034923064558E-07    1.835597100195E-06    8.037865989053E-06   -3.092128348650E-05   -7.983140804155E-05    2.338012898949E-05    1.263510637430E+02   -1.723665446410E-05   -4.566764568023E-05
   -2.591098941444E-08    4.706933056109E-08   -2.311865515217E-07   -1.147256169734E-06    5.439142612083E-06    2.198052070333E-05    5.869306825875E-05   -1.723665446410E-05    1.653557201475E+02   -7.894729195766E-06
    2.735142288532E-09   -5.245875187915E-09    2.725035339754E-08    1.471959019730E-07   -7.913297398286E-07   -3.944420410536E-06   -1.652090409879E-05   -4.566764568023E-05   -7.894729195766E-06    2.095610489735E+02
   3.5288732355010328     
   -1.156689532953E+00   -5.823320291186E-04   -4.979633285642E-03   -1.014414385712E-03    1.550437504461E-04    2.080260437309E-05    2.583222282797E-06    3.045211244735E-07   -3.457411394914E-08    3.816201487667E-09
   -5.823320291186E-04    1.522155714234E+00   -2.492252511250E-03    4.808814628830E-04   -1.465997024970E-04   -2.585134701662E-05   -3.748280134202E-06   -4.891867877383E-07    5.972059952243E-08   -6.963013673417E-09
   -4.979633285642E-03   -2.492252511250E-03    8.981466577797E+00    2.370214013704E-04    3.196179623180E-04    8.427218766550E-05    1.471068383302E-05    2.146659428813E-06   -2.826987344799E-07    3.483892153466E-08
   -1.014414385712E-03    4.808814628830E-04    2.370214013704E-04    2.149301213790E+01   -9.774340463122E-05    1.826716096242E-04    5.002317797731E-05    8.996231293994E-06   -1.342677556113E-06    1.801136850117E-07
    1.550437504461E-04   -1.465997024970E-04    3.196179623180E-04   -9.774340463122E-05    3.901596754468E+01    5.523220965078E-05   -1.173208360202E-04   -3.309694520622E-05    6.089614573175E-06   -9.264574202237E-07
    2.080260437309E-05   -2.585134701662E-05    8.427218766550E-05    1.826716096242E-04    5.523220965078E-05    6.154721900624E+01    3.576045593083E-05   -8.158691716288E-05    2.353281061632E-05   -4.417874259399E-06
    2.583222282797E-06   -3.748280134202E-06    1.471068383302E-05    5.002317797731E-05   -1.173208360202E-04    3.576045593083E-05    8.908606217725E+01    2.511986327731E-05    6.000069576680E-05   -1.769877031019E-05
    3.045211244735E-07   -4.891867877383E-07    2.146659428813E-06    8.996231293994E-06   -3.309694520622E-05   -8.158691716288E-05    2.511986327731E-05    1.216322635149E+02   -1.850810095780E-05   -4.676297828002E-05
   -3.457411394914E-08    5.972059952241E-08   -2.826987344799E-07   -1.342677556113E-06    6.089614573175E-06    2.353281061632E-05    6.000069576680E-05   -1.850810095780E-05    1.591857261804E+02   -8.483921181725E-06
    3.816201487666E-09   -6.963013673411E-09    3.483892153466E-08    1.801136850117E-07   -9.264574202237E-07   -4.417874259399E-06   -1.769877031019E-05   -4.676297828002E-05   -8.483921181725E-06    2.017463729582E+02
   3.5957697988831727     
   -1.143562936460E+00   -6.190487028610E-04   -5.026153993149E-03   -1.074526061082E-03    1.718812394114E-04    2.411344341831E-05    3.129408252939E-06    3.854346958941E-07   -4.571241115766E-08    5.270082514415E-09
   -6.190487028610E-04    1.453709463134E+00   -2.640870313839E-03    4.640954091570E-04   -1.529404814280E-04   -2.838406313664E-05   -4.312316032754E-06   -5.887962375855E-07    7.514593186335E-08   -9.156041690801E-09
   -5.026153993149E-03   -2.640870313839E-03    8.633914616832E+00    2.545610597207E-04    3.244694845042E-04    8.972098880618E-05    1.637479060262E-05    2.496486338078E-06   -3.433881090526E-07    4.419539917693E-08
   -1.074526061082E-03    4.640954091570E-04    2.545610597207E-04    2.068366864488E+01   -1.046981105140E-04    1.860239057463E-04    5.334233241762E-05    1.002480801520E-05   -1.562772768642E-06    2.189418589048E-07
    1.718812394114E-04   -1.529404814280E-04    3.244694845042E-04   -1.046981105140E-04    3.756049194751E+01    5.916079446572E-05   -1.195843560947E-04   -3.531075020090E-05    6.788240334735E-06   -1.078749186649E-06
    2.411344341831E-05   -2.838406313664E-05    8.972098880618E-05    1.860239057463E-04    5.916079446572E-05    5.926109979171E+01    3.830598675901E-05   -8.319803856723E-05    2.511348507496E-05   -4.926794282043E-06
    3.129408252939E-06   -4.312316032754E-06    1.637479060262E-05    5.334233241762E-05   -1.195843560947E-04    3.830598675901E-05    8.578474851577E+01    2.690819686924E-05    6.120443023804E-05   -1.890029824063E-05
    3.854346958941E-07   -5.887962375855E-07    2.496486338078E-06    1.002480801520E-05   -3.531075020090E-05   -8.319803856723E-05    2.690819686924E-05    1.171311914113E+02   -1.981312257718E-05   -4.778629055538E-05
   -4.571241115766E-08    7.514593186335E-08   -3.433881090526E-07   -1.562772768642E-06    6.788240334735E-06    2.511348507496E-05    6.120443023804E-05   -1.981312257718E-05    1.533003261014E+02   -9.089916159542E-06
    5.270082514412E-09   -9.156041690788E-09    4.419539917693E-08    2.189418589048E-07   -1.078749186649E-06   -4.926794282043E-06   -1.890029824063E-05   -4.778629055538E-05   -9.089916159542E-06    1.942920721991E+02
   3.6632944990106839     
   -1.131327365074E+00   -6.558079737005E-04   -5.058988547105E-03   -1.134089443183E-03    1.896678295483E-04    2.779308540772E-05    3.765625689917E-06    4.840543181986E-07   -5.990472194073E-08    7.205785058966E-09
   -6.558079737005E-04    1.388799152862E+00   -2.788101900645E-03    4.441954927047E-04   -1.587957486959E-04   -3.100257715053E-05   -4.931181975967E-06   -7.037166380847E-07    9.379717897925E-08   -1.193089570295E-08
   -5.058988547105E-03   -2.788101900645E-03    8.302558258435E+00    2.726367932083E-04    3.285672379972E-04    9.520679911725E-05    1.814842542671E-05    2.887722085226E-06   -4.144213057006E-07    5.564419662920E-08
   -1.134089443183E-03    4.441954927047E-04    2.726367932083E-04    1.991158148472E+01   -1.118260347784E-04    1.890168561348E-04    5.670169474050E-05    1.112380570558E-05   -1.809315253036E-06    2.644470207111E-07
    1.896678295483E-04   -1.587957486959E-04    3.285672379972E-04   -1.118260347784E-04    3.617176479825E+01    6.318656166476E-05   -1.216295848550E-04   -3.755484675220E-05    7.535281591126E-06   -1.249466327188E-06
    2.779308540772E-05   -3.100257715053E-05    9.520679911725E-05    1.890168561348E-04    6.318656166476E-05    5.707964947493E+01    4.091492247822E-05   -8.466150045487E-05    2.671710376010E-05   -5.471466165124E-06
    3.765625689917E-06   -4.931181975967E-06    1.814842542671E-05    5.670169474050E-05   -1.216295848550E-04    4.091492247822E-05    8.263445175440E+01    2.874111732420E-05    6.230198448838E-05   -2.012162470036E-05
    4.840543181986E-07   -7.037166380847E-07    2.887722085226E-06    1.112380570558E-05   -3.755484675220E-05   -8.466150045487E-05    2.874111732420E-05    1.128359114870E+02   -2.114856042477E-05   -4.873595580844E-05
   -5.990472194073E-08    9.379717897924E-08   -4.144213057006E-07   -1.809315253036E-06    7.535281591126E-06    2.671710376010E-05    6.230198448838E-05   -2.114856042477E-05    1.476839206342E+02   -9.711404664912E-06
    7.205785058965E-09   -1.193089570294E-08    5.564419662920E-08    2.644470207111E-07   -1.249466327188E-06   -5.471466165124E-06   -2.012162470036E-05   -4.873595580844E-05   -9.711404664912E-06    1.871783956415E+02
   3.7314473358835683     
   -1.119938985555E+00   -6.924297739329E-04   -5.078206799084E-03   -1.192766550016E-03    2.083600479936E-04    3.185883460457E-05    4.501745403233E-06    6.033320162385E-07   -7.783152749453E-08    9.758011032870E-09
   -6.924297739329E-04    1.327219817572E+00   -2.933088507412E-03    4.212712472399E-04   -1.640953868338E-04   -3.369027260121E-05   -5.605641380787E-06   -8.353371429807E-07    1.161666332400E-07   -1.541035552331E-08
   -5.078206799084E-03   -2.933088507412E-03    7.986511276701E+00    2.912165126154E-04    3.318959844517E-04    1.007049377464E-04    2.003013426501E-05    3.322909465524E-06   -4.970339456402E-07    6.955040885807E-08
   -1.192766550016E-03    4.212712472399E-04    2.912165126154E-04    1.917472107719E+01   -1.191113593158E-04    1.916445359159E-04    6.008857436050E-05    1.229295545555E-05   -2.084036940057E-06    3.174457068786E-07
    2.083600479936E-04   -1.640953868338E-04    3.318959844517E-04   -1.191113593158E-04    3.484615535600E+01    6.730034180244E-05   -1.234530296742E-04   -3.982120273106E-05    8.330688776864E-06   -1.439847996034E-06
    3.185883460457E-05   -3.369027260121E-05    1.007049377464E-04    1.916445359159E-04    6.730034180244E-05    5.499717857808E+01    4.358137834375E-05   -8.597496187910E-05    2.833810271506E-05   -6.051958668403E-06
    4.501745403233E-06   -5.605641380787E-06    2.003013426501E-05    6.008857436050E-05   -1.234530296742E-04    4.358137834375E-05    7.962696614547E+01    3.061448974187E-05    6.329175330815E-05   -2.135879488838E-05
    6.033320162385E-07   -8.353371429807E-07    3.322909465524E-06    1.229295545555E-05   -3.982120273106E-05   -8.597496187910E-05    3.061448974187E-05    1.087352442047E+02   -2.251116825817E-05   -4.961083183754E-05
   -7.783152749452E-08    1.161666332400E-07   -4.970339456402E-07   -2.084036940057E-06    8.330688776864E-06    2.833810271506E-05    6.329175330815E-05   -2.251116825817E-05    1.423218989382E+02   -1.034703781470E-05
    9.758011032868E-09   -1.541035552331E-08    6.955040885806E-08    3.174457068786E-07   -1.439847996034E-06   -6.051958668403E-06   -2.135879488838E-05   -4.961083183754E-05   -1.034703781470E-05    1.803868436301E+02
   3.8002283095018243     
   -1.109354802648E+00   -7.287355344328E-04   -5.083989675217E-03   -1.250228227950E-03    2.279049048550E-04    3.632585721249E-05    5.347921954183E-06    7.465231182899E-07   -1.002853198537E-07    1.309155592619E-08
   -7.287355344328E-04    1.268779768089E+00   -3.074992151853E-03    3.954411528141E-04   -1.687737243944E-04   -3.642874756654E-05   -6.335822425087E-06   -9.850149701405E-07    1.427846000181E-07   -1.973523478723E-08
   -5.083989675217E-03   -3.074992151853E-03    7.684943399425E+00    3.102666659194E-04    3.344445110875E-04    1.061903353028E-04    2.201756633165E-05    3.804453398341E-06   -5.925232551182E-07    8.632151416726E-08
   -1.250228227950E-03    3.954411528141E-04    3.102666659194E-04    1.847118558953E+01   -1.265380235904E-04    1.939031077403E-04    6.349010741276E-05    1.353150258595E-05   -2.388607733638E-06    3.788007268162E-07
    2.279049048550E-04   -1.687737243944E-04    3.344445110875E-04   -1.265380235904E-04    3.358026113801E+01    7.149278754903E-05   -1.250524980623E-04   -4.210167761424E-05    9.174096318998E-06   -1.651097643645E-06
    3.632585721249E-05   -3.642874756654E-05    1.061903353028E-04    1.939031077403E-04    7.149278754903E-05    5.300835511060E+01    4.629935359279E-05   -8.713696906705E-05    2.997084481402E-05   -6.668120059624E-06
    5.347921954183E-06   -6.335822425087E-06    2.201756633165E-05    6.349010741276E-05   -1.250524980623E-04    4.629935359279E-05    7.675460137559E+01    3.252409580174E-05    6.417278090610E-05   -2.260779847944E-05
    7.465231182900E-07   -9.850149701405E-07    3.804453398341E-06    1.353150258595E-05   -4.210167761424E-05   -8.713696906705E-05    3.252409580174E-05    1.048187121267E+02   -2.389764344823E-05   -5.041023527191E-05
   -1.002853198537E-07    1.427846000181E-07   -5.925232551182E-07   -2.388607733638E-06    9.174096318998E-06    2.997084481402E-05    6.417278090610E-05   -2.389764344823E-05    1.372005676549E+02   -1.099544032525E-05
    1.309155592620E-08   -1.973523478723E-08    8.632151416726E-08    3.788007268162E-07   -1.651097643645E-06   -6.668120059624E-06   -2.260779847944E-05   -5.041023527191E-05   -1.099544032525E-05    1.739000780922E+02
   3.8696374198654526     
   -1.099532721039E+00   -7.645501800927E-04   -5.076622875268E-03   -1.306158184921E-03    2.482404715642E-04    4.120688427533E-05    6.314489851291E-06    9.171853450391E-07   -1.281806341574E-07    1.740606915605E-08
   -7.645501800927E-04    1.213299650553E+00   -3.213006103797E-03    3.668506737487E-04   -1.727705032343E-04   -3.919803694213E-05   -7.121170918695E-06   -1.154048688509E-06    1.742157906565E-07   -2.506536297850E-08
   -5.076622875268E-03   -3.213006103797E-03    7.397076291734E+00    3.297524682300E-04    3.362054714488E-04    1.116377364439E-04    2.410747072756E-05    4.334584605250E-06   -7.022390392874E-07    1.064085879956E-07
   -1.306158184921E-03    3.668506737487E-04    3.297524682300E-04    1.779919181398E+01   -1.340898754812E-04    1.957907089425E-04    6.689336487503E-05    1.483820516105E-05   -2.724615035427E-06    4.494165412949E-07
    2.482404715642E-04   -1.727705032343E-04    3.362054714488E-04   -1.340898754812E-04    3.237089165049E+01    7.575445723627E-05   -1.264270265893E-04   -4.438809206497E-05    1.006482172526E-05   -1.884369452375E-06
    4.120688427533E-05   -3.919803694213E-05    1.116377364439E-04    1.957907089425E-04    7.575445723627E-05    5.110817911168E+01    4.906278458801E-05   -8.814690616940E-05    3.160966846655E-05   -7.319577223164E-06
    6.314489851291E-06   -7.121170918695E-06    2.410747072756E-05    6.689336487503E-05   -1.264270265893E-04    4.906278458801E-05    7.401014587839E+01    3.446567085665E-05    6.494472424942E-05   -2.386460437737E-05
    9.171853450391E-07   -1.154048688509E-06    4.334584605250E-06    1.483820516105E-05   -4.438809206497E-05   -8.814690616940E-05    3.446567085665E-05    1.010764899555E+02   -2.530465648985E-05   -5.113391322219E-05
   -1.281806341574E-07    1.742157906565E-07   -7.022390392874E-07   -2.724615035427E-06    1.006482172526E-05    3.160966846655E-05    6.494472424942E-05   -2.530465648985E-05    1.323070856356E+02   -1.165522286229E-05
    1.740606915606E-08   -2.506536297851E-08    1.064085879956E-07    4.494165412949E-07   -1.884369452375E-06   -7.319577223164E-06   -2.386460437737E-05   -5.113391322219E-05   -1.165522286229E-05    1.677018399099E+02
   3.9396746669744536     
   -1.090431608733E+00   -7.997040084291E-04   -5.056489284818E-03   -1.360256681675E-03    2.692966115959E-04    4.651194966436E-05    7.411850197722E-06    1.119172632088E-06   -1.625634736491E-07    2.294113934417E-08
   -7.997040084291E-04    1.160611577413E+00   -3.346364528458E-03    3.356698964953E-04   -1.760317370018E-04   -4.197686868604E-05   -7.960414898868E-06   -1.343650497180E-06    2.110545097872E-07   -3.158030066411E-08
   -5.056489284818E-03   -3.346364528458E-03    7.122179862722E+00    3.496381150957E-04    3.371752067544E-04    1.170218958336E-04    2.629570346264E-05    4.915323971085E-06   -8.275730713121E-07    1.303069540449E-07
   -1.360256681675E-03    3.356698964953E-04    3.496381150957E-04    1.715706677321E+01   -1.417508118554E-04    1.973073277332E-04    7.028545566738E-05    1.621133815266E-05   -3.093543635233E-06    5.302337140699E-07
    2.692966115959E-04   -1.760317370018E-04    3.371752067544E-04   -1.417508118554E-04    3.121505341384E+01    8.007589332135E-05   -1.275768032906E-04   -4.667229424605E-05    1.100186839356E-05   -2.140754995737E-06
    4.651194966436E-05   -4.197686868604E-05    1.170218958336E-04    1.973073277332E-04    8.007589332135E-05    4.929195921582E+01    5.186559459738E-05   -8.900494169393E-05    3.324893397714E-05   -8.005737360733E-06
    7.411850197722E-06   -7.960414898868E-06    2.629570346264E-05    7.028545566738E-05   -1.275768032906E-04    5.186559459738E-05    7.138683306041E+01    3.643493868136E-05    6.560781322170E-05   -2.512519372501E-05
    1.119172632088E-06   -1.343650497180E-06    4.915323971085E-06    1.621133815266E-05   -4.667229424605E-05   -8.900494169393E-05    3.643493868136E-05    9.749935854046E+01   -2.672887873619E-05   -5.178201293511E-05
   -1.625634736491E-07    2.110545097872E-07   -8.275730713121E-07   -3.093543635233E-06    1.100186839356E-05    3.324893397714E-05    6.560781322170E-05   -2.672887873619E-05    1.276294038487E+02   -1.232499358932E-05
    2.294113934416E-08   -3.158030066411E-08    1.303069540449E-07    5.302337140699E-07   -2.140754995737E-06   -8.005737360733E-06   -2.512519372501E-05   -5.178201293511E-05   -1.232499358932E-05    1.617768728484E+02
   4.0103400508288258     
   -1.082011359685E+00   -8.340344214726E-04   -5.024060297354E-03   -1.412243815447E-03    2.909958434033E-04    5.224816911109E-05    8.650349939435E-06    1.356623418877E-06   -2.046198474446E-07    2.998164442308E-08
   -8.340344214726E-04    1.110558324585E+00   -3.474351125124E-03    3.020908290865E-04   -1.785104438798E-04   -4.474294777128E-05   -8.851542140479E-06   -1.554918152827E-06    2.539186477025E-07   -3.947973171560E-08
   -5.024060297354E-03   -3.474351125124E-03    6.859568867348E+00    3.698869781012E-04    3.373535526345E-04    1.223177655233E-04    2.857724451692E-05    5.548448163038E-06   -9.699469877114E-07    1.585562014985E-07
   -1.412243815447E-03    3.020908290865E-04    3.698869781012E-04    1.654323999059E+01   -1.495049074869E-04    1.984546712341E-04    7.365362363690E-05    1.764870299023E-05   -3.496756284079E-06    6.222224848774E-07
    2.909958434033E-04   -1.785104438798E-04    3.373535526345E-04   -1.495049074869E-04    3.010993617000E+01    8.444769506829E-05   -1.285030852695E-04   -4.894622217115E-05    1.198393196482E-05   -2.421270331030E-06
    5.224816911109E-05   -4.474294777128E-05    1.223177655233E-04    1.984546712341E-04    8.444769506829E-05    4.755529106514E+01    5.470173976616E-05   -8.971197180137E-05    3.488306707559E-05   -8.725792158315E-06
    8.650349939435E-06   -8.851542140479E-06    2.857724451692E-05    7.365362363690E-05   -1.285030852695E-04    5.470173976616E-05    6.887831018639E+01    3.842764356798E-05    6.616280846374E-05   -2.638559083296E-05
    1.356623418877E-06   -1.554918152827E-06    5.548448163038E-06    1.764870299023E-05   -4.894622217115E-05   -8.971197180137E-05    3.842764356798E-05    9.407866250386E+01   -2.816700809598E-05   -5.235505008931E-05
   -2.046198474446E-07    2.539186477025E-07   -9.699469877114E-07   -3.496756284079E-06    1.198393196482E-05    3.488306707559E-05    6.616280846374E-05   -2.816700809598E-05    1.231562100144E+02   -1.300336881211E-05
    2.998164442309E-08   -3.947973171560E-08    1.585562014985E-07    6.222224848774E-07   -2.421270331030E-06   -8.725792158315E-06   -2.638559083296E-05   -5.235505008931E-05   -1.300336881211E-05    1.561108534671E+02
   4.0816335714285712     
   -1.074232955360E+00   -8.673874857872E-04   -4.979886256646E-03   -1.461862343900E-03    3.132543124826E-04    5.841956501012E-05    1.004015610386E-05    1.633943278122E-06   -2.556831417417E-07    3.886329203611E-08
   -8.673874857872E-04    1.062992588022E+00   -3.596306618100E-03    2.663244298779E-04   -1.801672404886E-04   -4.747326086600E-05   -9.791791382491E-06   -1.788807234894E-06    3.034425264465E-07   -4.898348031362E-08
   -4.979886256646E-03   -3.596306618100E-03    6.608599776678E+00    3.904617822905E-04    3.367436355659E-04    1.275006721291E-04    3.094622444146E-05    6.235457055916E-06   -1.130798815075E-06    1.917395060696E-07
   -1.461862343900E-03    2.663244298779E-04    3.904617822905E-04    1.595623636636E+01   -1.573365312776E-04    1.992360279472E-04    7.698533754250E-05    1.914764214891E-05   -3.935475247725E-06    7.263755308991E-07
    3.132543124826E-04   -1.801672404886E-04    3.367436355659E-04   -1.573365312776E-04    2.905290016792E+01    8.886058493313E-05   -1.292081130729E-04   -5.120196153291E-05    1.300940998654E-05   -2.726843722554E-06
    5.841956501012E-05   -4.747326086600E-05    1.275006721291E-04    1.992360279472E-04    8.886058493313E-05    4.589403740732E+01    5.756525096058E-05   -9.026956154324E-05    3.650659922910E-05   -9.478724256066E-06
    1.004015610386E-05   -9.791791382491E-06    3.094622444146E-05    7.698533754250E-05   -1.292081130729E-04    5.756525096058E-05    6.647860969247E+01    4.043957954701E-05    6.661095769243E-05   -2.764189175829E-05
    1.633943278122E-06   -1.788807234894E-06    6.235457055916E-06    1.914764214891E-05   -5.120196153291E-05   -9.026956154324E-05    4.043957954701E-05    9.080627117222E+01   -2.961579249998E-05   -5.285387631057E-05
   -2.556831417417E-07    3.034425264465E-07   -1.130798815075E-06   -3.935475247725E-06    1.300940998654E-05    3.650659922910E-05    6.661095769243E-05   -2.961579249998E-05    1.188768775565E+02   -1.368898264601E-05
    3.886329203612E-08   -4.898348031361E-08    1.917395060696E-07    7.263755308991E-07   -2.726843722554E-06   -9.478724256066E-06   -2.764189175829E-05   -5.285387631057E-05   -1.368898264601E-05    1.506903264957E+02
   4.1535552287736888     
   -1.067058523687E+00   -8.996193007495E-04   -4.924586244348E-03   -1.508880012109E-03    3.359828473706E-04    6.502694030198E-05    1.159112755556E-05    1.955781901321E-06   -3.172400523117E-07    4.997826106669E-08
   -8.996193007495E-04    1.017776294718E+00   -3.711634994304E-03    2.285974382051E-04   -1.809707882869E-04   -5.014439435134E-05   -1.077765766789E-05   -2.046104448259E-06    3.602686869846E-07   -6.033110723616E-08
   -4.924586244348E-03   -3.711634994304E-03    6.368667893330E+00    4.113247655935E-04    3.353516629463E-04    1.325464825232E-04    3.339595987489E-05    6.977543473217E-06   -1.311568284347E-06    2.304822034905E-07
   -1.508880012109E-03    2.285974382051E-04    4.113247655935E-04    1.539466960761E+01   -1.652304490958E-04    1.996561270538E-04    8.026837336506E-05    2.070505835879E-05   -4.410765112934E-06    8.437000007326E-07
    3.359828473706E-04   -1.809707882869E-04    3.353516629463E-04   -1.652304490958E-04    2.804146443488E+01    9.330546831756E-05   -1.296950232799E-04   -5.343179858015E-05    1.407641460942E-05   -3.058304175736E-06
    6.502694030198E-05   -5.014439435134E-05    1.325464825232E-04    1.996561270538E-04    9.330546831756E-05    4.430430973434E+01    6.045027127968E-05   -9.067988502404E-05    3.811420444062E-05   -1.026331582683E-05
    1.159112755556E-05   -1.077765766789E-05    3.339595987489E-05    8.026837336506E-05   -1.296950232799E-04    6.045027127968E-05    6.418212271865E+01    4.246661659395E-05    6.695395122133E-05   -2.889029033286E-05
    1.955781901321E-06   -2.046104448259E-06    6.977543473217E-06    2.070505835879E-05   -5.343179858015E-05   -9.067988502404E-05    4.246661659395E-05    8.767454252869E+01   -3.107205100516E-05   -5.327964642473E-05
   -3.172400523117E-07    3.602686869846E-07   -1.311568284347E-06   -4.410765112934E-06    1.407641460942E-05    3.811420444062E-05    6.695395122133E-05   -3.107205100516E-05    1.147814185016E+02   -1.438049566026E-05
    4.997826106669E-08   -6.033110723616E-08    2.304822034905E-07    8.437000007326E-07   -3.058304175736E-06   -1.026331582683E-05   -2.889029033286E-05   -5.327964642473E-05   -1.438049566026E-05    1.455026452048E+02
   4.2261050228641777     
   -1.060451394122E+00   -9.305971606916E-04   -4.858837441661E-03   -1.553091360547E-03    3.590880732961E-04    7.206780330234E-05    1.331268685376E-05    2.327004601412E-06   -3.909348233064E-07    6.378084247081E-08
   -9.305971606916E-04    9.747799636260E-01   -3.819808420954E-03    1.891490813277E-04   -1.808980881903E-04   -5.273285812776E-05   -1.180491178103E-05   -2.327402647847E-06    4.250387414800E-07   -7.378104862869E-08
   -4.858837441661E-03   -3.819808420954E-03    6.139204690875E+00    4.324378209406E-04    3.331867102810E-04    1.374317570678E-04    3.591899724955E-05    7.775565706620E-06   -1.513681116701E-06    2.754495767846E-07
   -1.553091360547E-03    1.891490813277E-04    4.324378209406E-04    1.485723616451E+01   -1.731719128608E-04    1.997209967109E-04    8.349088846763E-05    2.231743796512E-05   -4.923517088673E-06    9.752089198662E-07
    3.590880732961E-04   -1.808980881903E-04    3.331867102810E-04   -1.731719128608E-04    2.707329594910E+01    9.777348651604E-05   -1.299677605916E-04   -5.562826774142E-05    1.518278800383E-05   -3.416370942541E-06
    7.206780330234E-05   -5.273285812776E-05    1.374317570678E-04    1.997209967109E-04    9.777348651604E-05    4.278245133065E+01    6.335108913826E-05   -9.094566536367E-05    3.970073232671E-05   -1.107815904483E-05
    1.331268685376E-05   -1.180491178103E-05    3.591899724955E-05    8.349088846763E-05   -1.299677605916E-04    6.335108913826E-05    6.198357467152E+01    4.450472375531E-05    6.719387732995E-05   -3.012710150462E-05
    2.327004601412E-06   -2.327402647847E-06    7.775565706620E-06    2.231743796512E-05   -5.562826774142E-05   -9.094566536367E-05    4.450472375531E-05    8.467628992925E+01   -3.253269246291E-05   -5.363378590462E-05
   -3.909348233063E-07    4.250387414800E-07   -1.513681116701E-06   -4.923517088673E-06    1.518278800383E-05    3.970073232671E-05    6.719387732995E-05   -3.253269246291E-05    1.108604399874E+02   -1.507660247817E-05
    6.378084247081E-08   -7.378104862869E-08    2.754495767846E-07    9.752089198662E-07   -3.416370942541E-06   -1.107815904483E-05   -3.012710150462E-05   -5.363378590462E-05   -1.507660247817E-05    1.405359163461E+02
   4.2992829537000397     
   -1.054376148297E+00   -9.602005018509E-04   -4.783364289220E-03   -1.594319006636E-03    3.824735570434E-04    7.953634391250E-05    1.521369477266E-05    2.752658636452E-06   -4.785715638113E-07    8.079296729548E-08
   -9.602005018509E-04    9.338821122106E-01   -3.920370815115E-03    1.482277311397E-04   -1.799346233516E-04   -5.521540774954E-05   -1.286863336108E-05   -2.633078229654E-06    4.983834478813E-07   -8.960927092348E-08
   -4.783364289220E-03   -3.920370815115E-03    5.919675357474E+00    4.537626221084E-04    3.302605084494E-04    1.421338897050E-04    3.850716387930E-05    8.630023222076E-06   -1.738532488886E-06    3.273438328828E-07
   -1.594319006636E-03    1.482277311397E-04    4.537626221084E-04    1.434270962941E+01   -1.811467357860E-04    1.994378232614E-04    8.664148731283E-05    2.398087792964E-05   -5.474435010557E-06    1.121912079245E-06
    3.824735570434E-04   -1.799346233516E-04    3.302605084494E-04   -1.811467357860E-04    2.614619963689E+01    1.022560628224E-04   -1.300309905552E-04   -5.778419380824E-05    1.632612015696E-05   -3.801644136140E-06
    7.953634391250E-05   -5.521540774954E-05    1.421338897050E-04    1.994378232614E-04    1.022560628224E-04    4.132502161090E+01    6.626216691666E-05   -9.107011522678E-05    4.126123735019E-05   -1.192166820864E-05
    1.521369477266E-05   -1.286863336108E-05    3.850716387930E-05    8.664148731283E-05   -1.300309905552E-04    6.626216691666E-05    5.987800264494E+01    4.654998919254E-05    6.733317804987E-05   -3.134878191434E-05
    2.752658636452E-06   -2.633078229654E-06    8.630023222076E-06    2.398087792964E-05   -5.778419380824E-05   -9.107011522678E-05    4.654998919254E-05    8.180475134885E+01   -3.399473172906E-05   -5.391795890478E-05
   -4.785715638113E-07    4.983834478813E-07   -1.738532488886E-06   -5.474435010557E-06    1.632612015696E-05    4.126123735019E-05    6.733317804987E-05   -3.399473172906E-05    1.071051040766E+02   -1.577603833363E-05
    8.079296729547E-08   -8.960927092349E-08    3.273438328828E-07    1.121912079245E-06   -3.801644136140E-06   -1.192166820864E-05   -3.134878191434E-05   -5.391795890478E-05   -1.577603833363E-05    1.357789492768E+02
   4.3730890212812739     
   -1.048798664246E+00   -9.883216307291E-04   -4.698927665526E-03   -1.632414407292E-03    4.060409573460E-04    8.742346024060E-05    1.730232992218E-05    3.237934784077E-06   -5.821144448760E-07    1.016095008240E-07
   -9.883216307291E-04    8.949687057498E-01   -4.012940075173E-03    1.060875817909E-04   -1.780743542958E-04   -5.756935782211E-05   -1.396325690465E-05   -2.963271473774E-06    5.809121934872E-07   -1.081074279938E-07
   -4.698927665526E-03   -4.012940075173E-03    5.709576527136E+00    4.752607347660E-04    3.265872336475E-04    1.466312345043E-04    4.115162556683E-05    9.541035900446E-06   -1.987469904838E-06    3.869002592884E-07
   -1.632414407292E-03    1.060875817909E-04    4.752607347660E-04    1.384993556032E+01   -1.891413539665E-04    1.988148130639E-04    8.970927862315E-05    2.569111593912E-05   -6.064023220008E-06    1.284806528081E-06
    4.060409573460E-04   -1.780743542958E-04    3.265872336475E-04   -1.891413539665E-04    2.525810912590E+01    1.067449418898E-04   -1.298900139142E-04   -5.989272860117E-05    1.750376869496E-05   -4.214596568359E-06
    8.742346024060E-05   -5.756935782211E-05    1.466312345043E-04    1.988148130639E-04    1.067449418898E-04    3.992878163988E+01    6.917816525735E-05   -9.105687858463E-05    4.279100415949E-05   -1.279209327147E-05
    1.730232992218E-05   -1.396325690465E-05    4.115162556683E-05    8.970927862315E-05   -1.298900139142E-04    6.917816525735E-05    5.786073454382E+01    4.859863720027E-05    6.737460586140E-05   -3.255194768441E-05
    3.237934784077E-06   -2.963271473774E-06    9.541035900446E-06    2.569111593912E-05   -5.989272860117E-05   -9.105687858463E-05    4.859863720027E-05    7.905356094606E+01   -3.545530343982E-05   -5.413403721928E-05
   -5.821144448760E-07    5.809121934872E-07   -1.987469904838E-06   -6.064023220008E-06    1.750376869496E-05    4.279100415949E-05    6.737460586140E-05   -3.545530343982E-05    1.035070905996E+02   -1.647758460410E-05
    1.016095008240E-07   -1.081074279938E-07    3.869002592885E-07    1.284806528081E-06   -4.214596568359E-06   -1.279209327147E-05   -3.255194768441E-05   -5.413403721928E-05   -1.647758460410E-05    1.312212089170E+02
   4.4475232256078785     
   -1.043686154443E+00   -1.014866235111E-03   -4.606314282040E-03   -1.667258121797E-03    4.296911566365E-04    9.571683343542E-05    1.958597574069E-05    3.788124719416E-06   -7.036856219321E-07    1.269031776653E-07
   -1.014866235111E-03    8.579326457269E-01   -4.097209016695E-03    6.298541353314E-05   -1.753195739956E-04   -5.977288010827E-05   -1.508262952713E-05   -3.317870343077E-06    6.732020963782E-07   -1.295805194567E-07
   -4.606314282040E-03   -4.097209016695E-03    5.508434181869E+00    4.968937142682E-04    3.221833020304E-04    1.509032184759E-04    4.384294982658E-05    1.050832709708E-05   -2.261775715007E-06    4.548825676052E-07
   -1.667258121797E-03    6.298541353314E-05    4.968937142682E-04    1.337782669263E+01   -1.971428746973E-04    1.978610583721E-04    9.268392401381E-05    2.744356307428E-05   -6.692576451920E-06    1.464866799310E-06
    4.296911566365E-04   -1.753195739956E-04    3.221833020304E-04   -1.971428746973E-04    2.440707819039E+01    1.112322225371E-04   -1.295506834129E-04   -6.194738213379E-05    1.871288036648E-05   -4.655566898480E-06
    9.571683343542E-05   -5.977288010827E-05    1.509032184759E-04    1.978610583721E-04    1.112322225371E-04    3.859068073544E+01    7.209396315440E-05   -9.090997426444E-05    4.428556905220E-05   -1.368753452698E-05
    1.958597574069E-05   -1.508262952713E-05    4.384294982658E-05    9.268392401381E-05   -1.295506834129E-04    7.209396315440E-05    5.592736976850E+01    5.064704230163E-05    6.732118171559E-05   -3.373338944327E-05
    3.788124719416E-06   -3.317870343077E-06    1.050832709708E-05    2.744356307428E-05   -6.194738213379E-05   -9.090997426444E-05    5.064704230163E-05    7.641672275281E+01   -3.691167341602E-05   -5.428407043798E-05
   -7.036856219321E-07    6.732020963782E-07   -2.261775715007E-06   -6.692576451920E-06    1.871288036648E-05    4.428556905220E-05    6.732118171559E-05   -3.691167341602E-05    1.000585627736E+02   -1.718007335542E-05
    1.269031776653E-07   -1.295805194567E-07    4.548825676052E-07    1.464866799310E-06   -4.655566898480E-06   -1.368753452698E-05   -3.373338944327E-05   -5.428407043798E-05   -1.718007335542E-05    1.268527722221E+02
   4.5225855666798571     
   -1.039007196301E+00   -1.039753683943E-03   -4.506326479180E-03   -1.698759606398E-03    4.533253522037E-04    1.044010474002E-04    2.207111687390E-05    4.408574842263E-06   -8.455607702449E-07    1.574290497258E-07
   -1.039753683943E-03    8.226732949652E-01   -4.172945086670E-03    1.917750202721E-05   -1.716806338315E-04   -6.180528057940E-05   -1.622007908028E-05   -3.696498149011E-06    7.757869507341E-07   -1.543440631608E-07
   -4.506326479180E-03   -4.172945086670E-03    5.315801710942E+00    5.186231919963E-04    3.170671707512E-04    1.549304406908E-04    4.657117380429E-05    1.153121073859E-05   -2.562649533795E-06    5.320774468430E-07
   -1.698759606398E-03    1.917750202721E-05    5.186231919963E-04    1.292535850720E+01   -2.051391121163E-04    1.965864084952E-04    9.555567827034E-05    2.923333849379E-05   -7.360171825797E-06    1.663034999912E-06
    4.533253522037E-04   -1.716806338315E-04    3.170671707512E-04   -2.051391121163E-04    2.359127283205E+01    1.157103842834E-04   -1.290193237557E-04   -6.394204837684E-05    1.995041382363E-05   -5.124754156168E-06
    1.044010474002E-04   -6.180528057940E-05    1.549304406908E-04    1.965864084952E-04    1.157103842834E-04    3.730784406543E+01    7.500467404029E-05   -9.063374174826E-05    4.574073764055E-05   -1.460595819905E-05
    2.207111687390E-05   -1.622007908028E-05    4.657117380429E-05    9.555567827034E-05   -1.290193237557E-04    7.500467404029E-05    5.407376133158E+01    5.269174056293E-05    6.717615472747E-05   -3.489008465098E-05
    4.408574842263E-06   -3.696498149011E-06    1.153121073859E-05    2.923333849379E-05   -6.394204837684E-05   -9.063374174826E-05    5.269174056293E-05    7.388858631465E+01   -3.836124779142E-05   -5.437025752395E-05
   -8.455607702449E-07    7.757869507341E-07   -2.562649533795E-06   -7.360171825797E-06    1.995041382363E-05    4.574073764055E-05    6.717615472747E-05   -3.836124779142E-05    9.675213536970E+01   -1.788239094725E-05
    1.574290497258E-07   -1.543440631608E-07    5.320774468430E-07    1.663034999912E-06   -5.124754156168E-06   -1.460595819905E-05   -3.489008465098E-05   -5.437025752395E-05   -1.788239094725E-05    1.226642878807E+02
   4.5982760444972079     
   -1.034731754890E+00   -1.062917126159E-03   -4.399772580243E-03   -1.726856580841E-03    4.768460875161E-04    1.134577491502E-04    2.476324667041E-05    5.104637279919E-06   -1.010162170459E-06    1.940283208231E-07
   -1.062917126159E-03    7.890960369136E-01   -4.239988954344E-03   -2.508327606042E-05   -1.671755538165E-04   -6.364725050166E-05   -1.736849099727E-05   -4.098505390042E-06    8.891462509974E-07   -1.827208086151E-07
   -4.399772580243E-03   -4.239988954344E-03    5.131258114001E+00    5.404109520438E-04    3.112591466400E-04    1.586947579059E-04    4.932587597136E-05    1.260858260860E-05   -2.891190809784E-06    6.192883655930E-07
   -1.726856580841E-03   -2.508327606042E-05    5.404109520438E-04    1.249156512545E+01   -2.131186109086E-04    1.950013472269E-04    9.831542155437E-05    3.105530559843E-05   -8.066662997575E-06    1.880210899675E-06
    4.768460875161E-04   -1.671755538165E-04    3.112591466400E-04   -2.131186109086E-04    2.280896394386E+01    1.201723079588E-04   -1.283026552780E-04   -6.587102579440E-05    2.121316334379E-05   -5.622213676219E-06
    1.134577491502E-04   -6.364725050166E-05    1.586947579059E-04    1.950013472269E-04    1.201723079588E-04    3.607756115725E+01    7.790565811766E-05   -9.023278958679E-05    4.715259884586E-05   -1.554521268933E-05
    2.476324667041E-05   -1.736849099727E-05    4.932587597136E-05    9.831542155437E-05   -1.283026552780E-04    7.790565811766E-05    5.229599928973E+01    5.472943830048E-05    6.694296381647E-05   -3.601920732568E-05
    5.104637279919E-06   -4.098505390042E-06    1.260858260860E-05    3.105530559843E-05   -6.587102579440E-05   -9.023278958679E-05    5.472943830048E-05    7.146382412181E+01   -3.980157998681E-05   -5.439491998343E-05
   -1.010162170459E-06    8.891462509974E-07   -2.891190809784E-06   -8.066662997575E-06    2.121316334379E-05    4.715259884586E-05    6.694296381647E-05   -3.980157998681E-05    9.358084522009E+01   -1.858348075815E-05
    1.940283208231E-07   -1.827208086151E-07    6.192883655930E-07    1.880210899675E-06   -5.622213676219E-06   -1.554521268933E-05   -3.601920732568E-05   -5.439491998343E-05   -1.858348075815E-05    1.186469389742E+02
   4.6745946590599310     
   -1.030831197391E+00   -1.084303402123E-03   -4.287457935560E-03   -1.751514014528E-03    5.001582075859E-04    1.228658448602E-04    2.766678719690E-05    5.881618846063E-06   -1.200049330889E-06    2.376314461333E-07
   -1.084303402123E-03    7.571118669214E-01   -4.298252097238E-03   -6.955009916381E-05   -1.618295324391E-04   -6.528108762769E-05   -1.852039208152E-05   -4.522965958019E-06    1.013694532051E-06   -2.150370316677E-07
   -4.287457935560E-03   -4.298252097238E-03    4.954406336350E+00    5.622190000733E-04    3.047812034282E-04    1.621793570494E-04    5.209625068630E-05    1.373891590870E-05   -3.248381802500E-06    7.173286776960E-07
   -1.751514014528E-03   -6.955009916381E-05    5.622190000733E-04    1.207553550480E+01   -2.210706589384E-04    1.931168773336E-04    1.009546839198E-04    3.290410916167E-05   -8.811676492745E-06    2.117242150393E-06
    5.001582075859E-04   -1.618295324391E-04    3.047812034282E-04   -2.210706589384E-04    2.205852050990E+01    1.246112907899E-04   -1.274077217689E-04   -6.772903288505E-05    2.249778314875E-05   -6.147854458419E-06
    1.228658448602E-04   -6.528108762769E-05    1.621793570494E-04    1.931168773336E-04    1.246112907899E-04    3.489727524592E+01    8.079253121672E-05   -8.971194670943E-05    4.851753539103E-05   -1.650304524602E-05
    2.766678719690E-05   -1.852039208152E-05    5.209625068630E-05    1.009546839198E-04   -1.274077217689E-04    8.079253121672E-05    5.059039538427E+01    5.675701837418E-05    6.662520150811E-05   -3.711813529992E-05
    5.881618846063E-06   -4.522965958019E-06    1.373891590870E-05    3.290410916167E-05   -6.772903288505E-05   -8.971194670943E-05    5.675701837418E-05    6.913741068608E+01   -4.123037567232E-05   -5.436047675381E-05
   -1.200049330889E-06    1.013694532051E-06   -3.248381802500E-06   -8.811676492745E-06    2.249778314875E-05    4.851753539103E-05    6.662520150811E-05   -4.123037567232E-05    9.053812387534E+01   -1.928234509645E-05
    2.376314461333E-07   -2.150370316677E-07    7.173286776960E-07    2.117242150393E-06   -6.147854458419E-06   -1.650304524602E-05   -3.711813529992E-05   -5.436047675381E-05   -1.928234509645E-05    1.147924083591E+02
   4.7515414103680254     
   -1.027278299825E+00   -1.103872783792E-03   -4.170176757543E-03   -1.772722784303E-03    5.231697254562E-04    1.326017261523E-04    3.078502284138E-05    6.744728772650E-06   -1.417907185351E-06    2.892603833601E-07
   -1.103872783792E-03    7.266370131052E-01   -4.347713513429E-03   -1.139845862711E-04   -1.556743726327E-04   -6.669088454140E-05   -1.966803935332E-05   -4.968677792840E-06    1.149771256722E-06   -2.516184630267E-07
   -4.170176757543E-03   -4.347713513429E-03    4.784871725149E+00    5.840096259925E-04    2.976568080401E-04    1.653688150128E-04    5.487118473781E-05    1.492026111670E-05   -3.635071213905E-06    8.270141008022E-07
   -1.772722784303E-03   -1.139845862711E-04    5.840096259925E-04    1.167640990980E+01   -2.289852897455E-04    1.909444126747E-04    1.034656625915E-04    3.477421293988E-05   -9.594610207079E-06    2.374914763607E-06
    5.231697254562E-04   -1.556743726327E-04    2.976568080401E-04   -2.289852897455E-04    2.133840329730E+01    1.290210563880E-04   -1.263418227583E-04   -6.951121900589E-05    2.380081199525E-05   -6.701437943003E-06
    1.326017261523E-04   -6.669088454140E-05    1.653688150128E-04    1.909444126747E-04    1.290210563880E-04    3.376457339279E+01    8.366117047926E-05   -8.907621682868E-05    4.983223099198E-05   -1.747711882982E-05
    3.078502284138E-05   -1.966803935332E-05    5.487118473781E-05    1.034656625915E-04   -1.263418227583E-04    8.366117047926E-05    4.895346879239E+01    5.877154427744E-05    6.622658005047E-05   -3.818445515734E-05
    6.744728772650E-06   -4.968677792840E-06    1.492026111670E-05    3.477421293988E-05   -6.951121900589E-05   -8.907621682868E-05    5.877154427744E-05    6.690460313066E+01   -4.264549587437E-05   -5.426942089257E-05
   -1.417907185351E-06    1.149771256722E-06   -3.635071213905E-06   -9.594610207079E-06    2.380081199525E-05    4.983223099198E-05    6.622658005047E-05   -4.264549587437E-05    8.761777223869E+01   -1.997804636825E-05
    2.892603833601E-07   -2.516184630267E-07    8.270141008022E-07    2.374914763607E-06   -6.701437943003E-06   -1.747711882982E-05   -3.818445515734E-05   -5.426942089257E-05   -1.997804636825E-05    1.110928465512E+02
   4.8291162984214919     
   -1.024047244854E+00   -1.121598562572E-03   -4.048704827195E-03   -1.790498060364E-03    5.457925904571E-04    1.426395208739E-04    3.412004820765E-05    7.699026033419E-06   -1.666531950838E-06    3.500298919008E-07
   -1.121598562572E-03    6.975925854630E-01   -4.388415703469E-03   -1.581588883741E-04   -1.487478413007E-04   -6.786268229776E-05   -2.080351205699E-05   -5.434167960246E-06    1.297631471422E-06   -2.927859149750E-07
   -4.048704827195E-03   -4.388415703469E-03    4.622300597661E+00    6.057454622369E-04    2.899107563230E-04    1.682491463331E-04    5.763933502986E-05    1.615025010485E-05   -4.051958712457E-06    9.491546504420E-07
   -1.790498060364E-03   -1.581588883741E-04    6.057454622369E-04    1.129337663766E+01   -2.368532759495E-04    1.884956783902E-04    1.058412325339E-04    3.665993731238E-05   -1.041463402944E-05    2.653943968313E-06
    5.457925904571E-04   -1.487478413007E-04    2.899107563230E-04   -2.368532759495E-04    2.064715900203E+01    1.333957601024E-04   -1.251124505010E-04   -7.121317080058E-05    2.511869773486E-05   -7.282578170755E-06
    1.426395208739E-04   -6.786268229776E-05    1.682491463331E-04    1.884956783902E-04    1.333957601024E-04    3.267717731424E+01    8.650771718742E-05   -8.833073607515E-05    5.109367447743E-05   -1.846502896926E-05
    3.412004820765E-05   -2.080351205699E-05    5.763933502986E-05    1.058412325339E-04   -1.251124505010E-04    8.650771718742E-05    4.738193290166E+01    6.077026224348E-05    6.575089995177E-05   -3.921596501878E-05
    7.699026033419E-06   -5.434167960246E-06    1.615025010485E-05    3.665993731238E-05   -7.121317080058E-05   -8.833073607515E-05    6.077026224348E-05    6.476092317329E+01   -4.404495839483E-05   -5.412429811545E-05
   -1.666531950838E-06    1.297631471422E-06   -4.051958712457E-06   -1.041463402944E-05    2.511869773486E-05    5.109367447743E-05    6.575089995177E-05   -4.404495839483E-05    8.481393702068E+01   -2.066970757715E-05
    3.500298919008E-07   -2.927859149750E-07    9.491546504420E-07    2.653943968313E-06   -7.282578170755E-06   -1.846502896926E-05   -3.921596501878E-05   -5.412429811545E-05   -2.066970757715E-05    1.075408419152E+02
   4.9073193232203307     
   -1.021113612681E+00   -1.137466503975E-03   -3.923793112153E-03   -1.804877475144E-03    5.679433518357E-04    1.529513625333E-04    3.767273069304E-05    8.749367081229E-06   -1.948814782056E-06    4.211477927248E-07
   -1.137466503975E-03    6.699042505392E-01   -4.420460062696E-03   -2.018574725437E-04   -1.410929794498E-04   -6.878458834910E-05   -2.191880492571E-05   -5.917702014966E-06    1.457437430150E-06   -3.388506791106E-07
   -3.923793112153E-03   -4.420460062696E-03    4.466358911333E+00    6.273895388777E-04    2.815690181267E-04    1.708078393329E-04    6.038920659748E-05    1.742610442218E-05   -4.499580573718E-06    1.084546124472E-06
   -1.804877475144E-03   -2.018574725437E-04    6.273895388777E-04    1.092566897678E+01   -2.446661145666E-04    1.857826193602E-04    1.080749508528E-04    3.855549653654E-05   -1.127069251293E-05    2.954965562278E-06
    5.679433518357E-04   -1.410929794498E-04    2.815690181267E-04   -2.446661145666E-04    1.998341481106E+01    1.377299901870E-04   -1.237272317658E-04   -7.283091456898E-05    2.644782156459E-05   -7.890743278125E-06
    1.529513625333E-04   -6.878458834910E-05    1.708078393329E-04    1.857826193602E-04    1.377299901870E-04    3.163293486276E+01    8.932857705203E-05   -8.748073392248E-05    5.229916107927E-05   -1.946432041471E-05
    3.767273069304E-05   -2.191880492571E-05    6.038920659748E-05    1.080749508528E-04   -1.237272317658E-04    8.932857705203E-05    4.587268302535E+01    6.275060158703E-05    6.520202099099E-05   -4.021067535597E-05
    8.749367081229E-06   -5.917702014966E-06    1.742610442218E-05    3.855549653654E-05   -7.283091456898E-05   -8.748073392248E-05    6.275060158703E-05    6.270214039098E+01   -4.542693771309E-05   -5.392768719567E-05
   -1.948814782056E-06    1.457437430150E-06   -4.499580573718E-06   -1.127069251293E-05    2.644782156459E-05    5.229916107927E-05    6.520202099099E-05   -4.542693771309E-05    8.212108886861E+01   -2.135651223040E-05
    4.211477927248E-07   -3.388506791106E-07    1.084546124472E-06    2.954965562278E-06   -7.890743278125E-06   -1.946432041471E-05   -4.021067535597E-05   -5.392768719567E-05   -2.135651223040E-05    1.041293929736E+02
   4.9861504847645426     
   -1.018454363699E+00   -1.151474190454E-03   -3.796162325393E-03   -1.815919132187E-03    5.895437148690E-04    1.635076726358E-04    4.144268778740E-05    9.900354775130E-06   -2.267723395435E-06    5.039141146372E-07
   -1.151474190454E-03    6.435019306819E-01   -4.444001830454E-03   -2.448785930476E-04   -1.327573800436E-04   -6.944685881530E-05   -2.300592091765E-05   -6.417297425629E-06    1.629251366650E-06   -3.901097764960E-07
   -3.796162325393E-03   -4.444001830454E-03    4.316731028831E+00    6.489053370804E-04    2.726585916909E-04    1.730338814234E-04    6.310923021228E-05    1.874464759546E-05   -4.978296643339E-06    1.233961242493E-06
   -1.815919132187E-03   -2.448785930476E-04    6.489053370804E-04    1.057256238104E+01   -2.524160053445E-04    1.828173170719E-04    1.101610556292E-04    4.045503525066E-05   -1.216150949542E-05    3.278527859939E-06
    5.895437148690E-04   -1.327573800436E-04    2.726585916909E-04   -2.524160053445E-04    1.934587334956E+01    1.420187652530E-04   -1.221938744934E-04   -7.436091494507E-05    2.778452171960E-05   -8.525258260534E-06
    1.635076726358E-04   -6.944685881530E-05    1.730338814234E-04    1.828173170719E-04    1.420187652530E-04    3.062981211060E+01    9.212041828153E-05   -8.653149742279E-05    5.344629115327E-05   -2.047250342050E-05
    4.144268778740E-05   -2.300592091765E-05    6.310923021228E-05    1.101610556292E-04   -1.221938744934E-04    9.212041828153E-05    4.442278498595E+01    6.471017350347E-05    6.458383572118E-05   -4.116680802087E-05
    9.900354775130E-06   -6.417297425629E-06    1.874464759546E-05    4.045503525066E-05   -7.436091494507E-05   -8.653149742279E-05    6.471017350347E-05    6.072425666716E+01   -4.678976354513E-05   -5.368218221317E-05
   -2.267723395435E-06    1.629251366650E-06   -4.978296643339E-06   -1.216150949542E-05    2.778452171960E-05    5.344629115327E-05    6.458383572118E-05   -4.678976354513E-05    7.953400204090E+01   -2.203770372656E-05
    5.039141146372E-07   -3.901097764960E-07    1.233961242493E-06    3.278527859939E-06   -8.525258260534E-06   -2.047250342050E-05   -4.116680802087E-05   -5.368218221317E-05   -2.203770372656E-05    1.008518826722E+02
   5.0656097830541267     
   -1.016047814604E+00   -1.163630272652E-03   -3.666498417697E-03   -1.823699507082E-03    6.105209890645E-04    1.742774504010E-04    4.542827886358E-05    1.115628924053E-05   -2.626281879115E-06    5.997190732298E-07
   -1.163630272652E-03    6.183195256576E-01   -4.459244731295E-03   -2.870354523851E-04   -1.237924493736E-04   -6.984194585231E-05   -2.405696172758E-05   -6.930740745746E-06    1.813029564452E-06   -4.468411458315E-07
   -3.666498417697E-03   -4.459244731295E-03    4.173118569733E+00    6.702568418297E-04    2.632073669294E-04    1.749177742160E-04    6.578783887590E-05    2.010232125459E-05   -5.488278807661E-06    1.398140553310E-06
   -1.823699507082E-03   -2.870354523851E-04    6.702568418297E-04    1.023337184222E+01   -2.600958231375E-04    1.796119148356E-04    1.120944597746E-04    4.235266389737E-05   -1.308559454960E-05    3.625084328992E-06
    6.105209890645E-04   -1.237924493736E-04    2.632073669294E-04   -2.600958231375E-04    1.873330798218E+01    1.462575284502E-04   -1.205201192867E-04   -7.580007024916E-05    2.912511638705E-05   -9.185308923066E-06
    1.742774504010E-04   -6.984194585231E-05    1.749177742160E-04    1.796119148356E-04    1.462575284502E-04    2.966588598787E+01    9.488016773630E-05   -8.548833871306E-05    5.453296659036E-05   -2.148706950381E-05
    4.542827886358E-05   -2.405696172758E-05    6.578783887590E-05    1.120944597746E-04   -1.205201192867E-04    9.488016773630E-05    4.302946449842E+01    6.664676853700E-05    6.390024544256E-05   -4.208279367898E-05
    1.115628924053E-05   -6.930740745746E-06    2.010232125459E-05    4.235266389737E-05   -7.580007024916E-05   -8.548833871306E-05    6.664676853700E-05    5.882349172814E+01   -4.813191822993E-05   -5.339037661495E-05
   -2.626281879115E-06    1.813029564452E-06   -5.488278807661E-06   -1.308559454960E-05    2.912511638705E-05    5.453296659036E-05    6.390024544256E-05   -4.813191822993E-05    7.704773550497E+01   -2.271258429668E-05
    5.997190732298E-07   -4.468411458315E-07    1.398140553310E-06    3.625084328992E-06   -9.185308923066E-06   -2.148706950381E-05   -4.208279367898E-05   -5.339037661495E-05   -2.271258429668E-05    9.770205444754E+01
   5.1456972180890821     
   -1.013873608439E+00   -1.173953649491E-03   -3.535448981927E-03   -1.828311289964E-03    6.308084306673E-04    1.852285646997E-04    4.962661095499E-05    1.252112133955E-05   -3.027548935246E-06    7.100398471387E-07
   -1.173953649491E-03    5.942946550944E-01   -4.466435436924E-03   -3.281570615456E-04   -1.142526667029E-04   -6.996451164440E-05   -2.506421454823E-05   -7.455608147444E-06    2.008617844614E-06   -5.092988584693E-07
   -3.535448981927E-03   -4.466435436924E-03    4.035239342257E+00    6.914085947908E-04    2.532439971671E-04    1.764515391336E-04    6.841354256323E-05    2.149520484689E-05   -6.029501133533E-06    1.577783229383E-06
   -1.828311289964E-03   -3.281570615456E-04    6.914085947908E-04    9.907449445236E+00   -2.676990853498E-04    1.761785512079E-04    1.138707405014E-04    4.424249278679E-05   -1.404125112480E-05    3.994986995172E-06
    6.308084306673E-04   -1.142526667029E-04    2.532439971671E-04   -2.676990853498E-04    1.814455844105E+01    1.504421388076E-04   -1.187136956535E-04   -7.714570488550E-05    3.046592565043E-05   -9.869946925754E-06
    1.852285646997E-04   -6.996451164440E-05    1.764515391336E-04    1.761785512079E-04    1.504421388076E-04    2.873933743260E+01    9.760500546183E-05   -8.435656571885E-05    5.555738518093E-05   -2.250550655011E-05
    4.962661095499E-05   -2.506421454823E-05    6.841354256323E-05    1.138707405014E-04   -1.187136956535E-04    9.760500546183E-05    4.169009729148E+01    6.855835292197E-05    6.315513859585E-05   -4.295726783503E-05
    1.252112133955E-05   -7.455608147444E-06    2.149520484689E-05    4.424249278679E-05   -7.714570488550E-05   -8.435656571885E-05    6.855835292197E-05    5.699626968498E+01   -4.945203310878E-05   -5.305484903002E-05
   -3.027548935246E-06    2.008617844614E-06   -6.029501133533E-06   -1.404125112480E-05    3.046592565043E-05    5.555738518093E-05    6.315513859585E-05   -4.945203310878E-05    7.465761534889E+01   -2.338051356861E-05
    7.100398471387E-07   -5.092988584693E-07    1.577783229383E-06    3.994986995172E-06   -9.869946925754E-06   -2.250550655011E-05   -4.295726783503E-05   -5.305484903002E-05   -2.338051356861E-05    9.467398995787E+01
   5.2264127898694106     
   -1.011912678630E+00   -1.182472597021E-03   -3.403620532086E-03   -1.829861215250E-03    6.503454839615E-04    1.963280435172E-04    5.403355778898E-05    1.399840935422E-05   -3.474594825407E-06    8.364361356797E-07
   -1.182472597021E-03    5.713684204493E-01   -4.465857968191E-03   -3.680888145446E-04   -1.041948554914E-04   -6.981141117389E-05   -2.602023375008E-05   -7.989288881133E-06    2.215748559126E-06   -5.777084498689E-07
   -3.403620532086E-03   -4.465857968191E-03    3.902826349200E+00    7.123257480889E-04    2.427977788366E-04    1.776287142240E-04    7.097500064445E-05    2.291903867076E-05   -6.601731813616E-06    1.773537871007E-06
   -1.829861215250E-03   -3.680888145446E-04    7.123257480889E-04    9.594182092519E+00   -2.752199154550E-04    1.725293013993E-04    1.154861250058E-04    4.611866456560E-05   -1.502658622966E-05    4.388480681486E-06
    6.503454839615E-04   -1.041948554914E-04    2.427977788366E-04   -2.752199154550E-04    1.757852675586E+01    1.545688601529E-04   -1.167822828754E-04   -7.839555915529E-05    3.180329230430E-05   -1.057809582141E-05
    1.963280435172E-04   -6.981141117389E-05    1.776287142240E-04    1.725293013993E-04    1.545688601529E-04    2.784844501371E+01    1.002923578806E-04   -8.314145595304E-05    5.651803319221E-05   -2.352531315533E-05
    5.403355778898E-05   -2.602023375008E-05    7.097500064445E-05    1.154861250058E-04   -1.167822828754E-04    1.002923578806E-04    4.040219991066E+01    7.044306399063E-05    6.235237150266E-05   -4.378906563645E-05
    1.399840935422E-05   -7.989288881133E-06    2.291903867076E-05    4.611866456560E-05   -7.839555915529E-05   -8.314145595304E-05    7.044306399063E-05    5.523920650389E+01   -5.074888405730E-05   -5.267815076804E-05
   -3.474594825407E-06    2.215748559126E-06   -6.601731813616E-06   -1.502658622966E-05    3.180329230430E-05    5.651803319221E-05    6.235237150266E-05   -5.074888405730E-05    7.235921840652E+01   -2.404090681983E-05
    8.364361356797E-07   -5.777084498689E-07    1.773537871007E-06    4.388480681486E-06   -1.057809582141E-05   -2.352531315533E-05   -4.378906563645E-05   -5.267815076804E-05   -2.404090681983E-05    9.176208834985E+01
   5.3077564983951095     
   -1.010147208293E+00   -1.189223864181E-03   -3.271576600776E-03   -1.828467917751E-03    6.690779273589E-04    2.075423567686E-04    5.864379116907E-05    1.559127941227E-05   -3.970477312574E-06    9.805445038193E-07
   -1.189223864181E-03    5.494851848033E-01   -4.457828140146E-03   -4.066927969408E-04   -9.367747767714E-05   -6.938164634162E-05   -2.691791633390E-05   -8.529011178394E-06    2.434039142741E-06   -6.522624547526E-07
   -3.271576600776E-03   -4.457828140146E-03    3.775626862087E+00    7.329741193799E-04    2.318985385004E-04    1.784443428324E-04    7.346109146523E-05    2.436924992730E-05   -7.204527026623E-06    1.985993444663E-06
   -1.828467917751E-03   -4.066927969408E-04    7.329741193799E-04    9.292989384363E+00   -2.826530035143E-04    1.686761263350E-04    1.169374729221E-04    4.797538489899E-05   -1.603952149431E-05    4.805698134981E-06
    6.690779273589E-04   -9.367747767714E-05    2.318985385004E-04   -2.826530035143E-04    1.703417346278E+01    1.586343479900E-04   -1.147334753286E-04   -7.954777684014E-05    3.313360140793E-05   -1.130855797717E-05
    2.075423567686E-04   -6.938164634162E-05    1.784443428324E-04    1.686761263350E-04    1.586343479900E-04    2.699157899055E+01    1.029398898969E-04   -8.184823327525E-05    5.741367640857E-05   -2.454401211467E-05
    5.864379116907E-05   -2.691791633390E-05    7.346109146523E-05    1.169374729221E-04   -1.147334753286E-04    1.029398898969E-04    3.916342115100E+01    7.229920482511E-05    6.149575135706E-05   -4.457721563231E-05
    1.559127941227E-05   -8.529011178394E-06    2.436924992730E-05    4.797538489899E-05   -7.954777684014E-05   -8.184823327525E-05    7.229920482511E-05    5.354909833435E+01   -5.202138631907E-05   -5.226279491626E-05
   -3.970477312574E-06    2.434039142741E-06   -7.204527026623E-06   -1.603952149431E-05    3.313360140793E-05    5.741367640857E-05    6.149575135706E-05   -5.202138631907E-05    7.014835700334E+01   -2.469323297961E-05
    9.805445038193E-07   -6.522624547527E-07    1.985993444663E-06    4.805698134981E-06   -1.130855797717E-05   -2.454401211467E-05   -4.457721563231E-05   -5.226279491626E-05   -2.469323297961E-05    8.896104694484E+01
   5.3897283436661834     
   -1.008560585883E+00   -1.194251752097E-03   -3.139836588971E-03   -1.824259848831E-03    6.869579315789E-04    2.188376888441E-04    6.345082365004E-05    1.730239009936E-05   -4.518216906140E-06    1.144071540906E-06
   -1.194251752097E-03    5.285923689853E-01   -4.442688139088E-03   -4.438478513046E-04   -8.275996075058E-05   -6.867629437226E-05   -2.775057022278E-05   -9.071870088162E-06    2.662992242300E-06   -7.331162291695E-07
   -3.139836588971E-03   -4.442688139088E-03    3.653401558138E+00    7.533202483779E-04    2.205765265454E-04    1.788949547622E-04    7.586097862381E-05    2.584098146345E-05   -7.837226793943E-06    2.215670479363E-06
   -1.824259848831E-03   -4.438478513046E-04    7.533202483779E-04    9.003321643129E+00   -2.899935645498E-04    1.646308289792E-04    1.182222560854E-04    4.980695121362E-05   -1.707780544426E-05    5.246656080471E-06
    6.869579315789E-04   -8.275996075058E-05    2.205765265454E-04   -2.899935645498E-04    1.651051407057E+01    1.626356346874E-04   -1.125747520493E-04   -8.060089089693E-05    3.445329847393E-05   -1.206002226636E-05
    2.188376888441E-04   -6.867629437226E-05    1.788949547622E-04    1.646308289792E-04    1.626356346874E-04    2.616719577592E+01    1.055454961482E-04   -8.048204745879E-05    5.824334987379E-05   -2.555916298698E-05
    6.345082365004E-05   -2.775057022278E-05    7.586097862381E-05    1.182222560854E-04   -1.125747520493E-04    1.055454961482E-04    3.797153407146E+01    7.412523831592E-05    6.058902135644E-05   -4.532093265679E-05
    1.730239009936E-05   -9.071870088162E-06    2.584098146345E-05    4.980695121362E-05   -8.060089089693E-05   -8.048204745879E-05    7.412523831592E-05    5.192291062982E+01   -5.326858878030E-05   -5.181124694099E-05
   -4.518216906140E-06    2.662992242300E-06   -7.837226793943E-06   -1.707780544426E-05    3.445329847393E-05    5.824334987379E-05    6.058902135644E-05   -5.326858878030E-05    6.802106473825E+01   -2.533701243597E-05
    1.144071540906E-06   -7.331162291696E-07    2.215670479363E-06    5.246656080471E-06   -1.206002226636E-05   -2.555916298698E-05   -4.532093265679E-05   -5.181124694099E-05   -2.533701243597E-05    8.626584323648E+01
   5.4723283256826267     
   -1.007137357027E+00   -1.197607192793E-03   -3.008875300040E-03   -1.817373282138E-03    7.039440384915E-04    2.301801978890E-04    6.844706133877E-05    1.913390160832E-05   -5.120771719488E-06    1.328785877496E-06
   -1.197607192793E-03    5.086402630221E-01   -4.420801310106E-03   -4.794494250430E-04   -7.150206570399E-05   -6.769841374584E-05   -2.851197469669E-05   -9.614856730447E-06    2.901997412049E-06   -8.203841374258E-07
   -3.008875300040E-03   -4.420801310106E-03    3.535923715882E+00    7.733314551306E-04    2.088623169938E-04    1.789785405858E-04    7.816417355760E-05    2.732912286500E-05   -8.498952886348E-06    2.463012641900E-06
   -1.817373282138E-03   -4.794494250430E-04    7.733314551306E-04    8.724658071130E+00   -2.972372956217E-04    1.604050175146E-04    1.193385361219E-04    5.160777939389E-05   -1.813902681507E-05    5.711252227178E-06
    7.039440384915E-04   -7.150206570399E-05    2.088623169938E-04   -2.972372956217E-04    1.600661576566E+01    1.665701133169E-04   -1.103134503304E-04   -8.155380759469E-05    3.575890621697E-05   -1.283107241501E-05
    2.301801978890E-04   -6.769841374584E-05    1.789785405858E-04    1.604050175146E-04    1.665701133169E-04    2.537383277277E+01    1.081072916180E-04   -7.904795640517E-05    5.900634656514E-05   -2.656837368251E-05
    6.844706133877E-05   -2.851197469669E-05    7.816417355760E-05    1.193385361219E-04   -1.103134503304E-04    1.081072916180E-04    3.682442854820E+01    7.591978077709E-05    5.963584785283E-05   -4.601960999835E-05
    1.913390160832E-05   -9.614856730447E-06    2.732912286500E-05    5.160777939389E-05   -8.155380759469E-05   -7.904795640517E-05    7.591978077709E-05    5.035776800234E+01   -5.448966781483E-05   -5.132591669564E-05
   -5.120771719488E-06    2.901997412049E-06   -8.498952886348E-06   -1.813902681507E-05    3.575890621697E-05    5.900634656514E-05    5.963584785283E-05   -5.448966781483E-05    6.597358322431E+01   -2.597181469846E-05
    1.328785877496E-06   -8.203841374258E-07    2.463012641900E-06    5.711252227178E-06   -1.283107241501E-05   -2.656837368251E-05   -4.601960999835E-05   -5.132591669564E-05   -2.597181469846E-05    8.367171810235E+01
   5.5555564444444441     
   -1.005863174153E+00   -1.199346840148E-03   -2.879123077413E-03   -1.807950430537E-03    7.200010693544E-04    2.415362593556E-04    7.362386559305E-05    2.108744969803E-05   -5.781012255588E-06    1.536509125936E-06
   -1.199346840148E-03    4.895818513701E-01   -4.392547213341E-03   -5.134092272430E-04   -5.996330195667E-05   -6.645293093294E-05   -2.919643245248E-05   -1.015488844315E-05    3.150334329925E-06   -9.141361731033E-07
   -2.879123077413E-03   -4.392547213341E-03    3.422978464507E+00    7.929758997602E-04    1.967867127517E-04    1.786945196625E-04    8.036059408887E-05    2.882834353971E-05   -9.188608806025E-06    2.728378807311E-06
   -1.807950430537E-03   -5.134092272430E-04    7.929758997602E-04    8.456505031683E+00   -3.043803323076E-04    1.560100748871E-04    1.202849403262E-04    5.337242835329E-05   -1.922062873601E-05    6.199263241544E-06
    7.200010693544E-04   -5.996330195667E-05    1.967867127517E-04   -3.043803323076E-04    1.552159433735E+01    1.704355204268E-04   -1.079567430981E-04   -8.240578939500E-05    3.704703980993E-05   -1.362019588712E-05
    2.415362593556E-04   -6.645293093294E-05    1.786945196625E-04    1.560100748871E-04    1.704355204268E-04    2.461010355622E+01    1.106236017958E-04   -7.755091082682E-05    5.970220520944E-05   -2.756931103763E-05
    7.362386559305E-05   -2.919643245248E-05    8.036059408887E-05    1.202849403262E-04   -1.079567430981E-04    1.106236017958E-04    3.572010432596E+01    7.768159524751E-05    5.863980939137E-05   -4.667281100202E-05
    2.108744969803E-05   -1.015488844315E-05    2.882834353971E-05    5.337242835329E-05   -8.240578939500E-05   -7.755091082682E-05    7.768159524751E-05    4.885094475578E+01   -5.568392081530E-05   -5.080915173065E-05
   -5.781012255588E-06    3.150334329925E-06   -9.188608806025E-06   -1.922062873601E-05    3.704703980993E-05    5.970220520944E-05    5.863980939137E-05   -5.568392081530E-05    6.400234971644E+01   -2.659725596147E-05
    1.536509125936E-06   -9.141361731033E-07    2.728378807311E-06    6.199263241544E-06   -1.362019588712E-05   -2.756931103763E-05   -4.667281100202E-05   -5.080915173065E-05   -2.659725596147E-05    8.117416013882E+01
   5.6394126999516327     
   -1.004724744465E+00   -1.199532184741E-03   -2.750966468077E-03   -1.796137691708E-03    7.350999716659E-04    2.528726919429E-04    7.897162234646E-05    2.316412464346E-05   -6.501696428140E-06    1.769105826341E-06
   -1.199532184741E-03    4.713726508292E-01   -4.358316996326E-03   -5.456547216218E-04   -4.820239381664E-05   -6.494651130276E-05   -2.979881298953E-05   -1.068883931455E-05    3.407177463030E-06   -1.014395074725E-06
   -2.750966468077E-03   -4.358316996326E-03    3.314362083074E+00    8.122226434589E-04    1.843806557330E-04    1.780437024331E-04    8.244061864453E-05    3.033312742467E-05   -9.904881841766E-06    3.012035734019E-06
   -1.796137691708E-03   -5.456547216218E-04    8.122226434589E-04    8.198394444301E+00   -3.114192052467E-04    1.514571342251E-04    1.210606362592E-04    5.509562243917E-05   -2.031992361324E-05    6.710343687049E-06
    7.350999716659E-04   -4.820239381664E-05    1.843806557330E-04   -3.114192052467E-04    1.505461130742E+01    1.742299180203E-04   -1.055116198193E-04   -8.315643686033E-05    3.831442061918E-05   -1.442579319405E-05
    2.528726919429E-04   -6.494651130276E-05    1.780437024331E-04    1.514571342251E-04    1.742299180203E-04    2.387469337571E+01    1.130929525476E-04   -7.599574121901E-05    6.033069743823E-05   -2.855971035617E-05
    7.897162234646E-05   -2.979881298953E-05    8.244061864453E-05    1.210606362592E-04   -1.055116198193E-04    1.130929525476E-04    3.465666453093E+01    7.940958459472E-05    5.760438750159E-05   -4.728026024182E-05
    2.316412464346E-05   -1.068883931455E-05    3.033312742467E-05    5.509562243917E-05   -8.315643686033E-05   -7.599574121901E-05    7.940958459472E-05    4.739985604786E+01   -5.685075951557E-05   -5.026323180063E-05
   -6.501696428140E-06    3.407177463030E-06   -9.904881841766E-06   -2.031992361324E-05    3.831442061918E-05    6.033069743823E-05    5.760438750159E-05   -5.685075951557E-05    6.210398556088E+01   -2.721299660808E-05
    1.769105826341E-06   -1.014395074724E-06    3.012035734019E-06    6.710343687049E-06   -1.442579319405E-05   -2.855971035617E-05   -4.728026024182E-05   -5.026323180063E-05   -2.721299660808E-05    7.876889103617E+01
   5.7238970922041945     
   -1.003709776257E+00   -1.198228702805E-03   -2.624749336511E-03   -1.782084035576E-03    7.492176140726E-04    2.641569646122E-04    8.447981778556E-05    2.536445527462E-05   -7.285445113904E-06    2.028472494206E-06
   -1.198228702805E-03    4.539705602595E-01   -4.318509118945E-03   -5.761284826130E-04   -3.627680149886E-05   -6.318741755006E-05   -3.031458721927E-05   -1.121357062074E-05    3.671602086831E-06   -1.121133986808E-06
   -2.624749336511E-03   -4.318509118945E-03    3.209881346279E+00    8.310417105777E-04    1.716751413757E-04    1.770282475533E-04    8.439513592686E-05    3.183780895083E-05   -1.064624716917E-05    3.314151444742E-06
   -1.782084035576E-03   -5.761284826130E-04    8.310417105777E-04    7.949882286060E+00   -3.183507973739E-04    1.467570596459E-04    1.216653054659E-04    5.677227166132E-05   -2.143410854809E-05    7.244025920337E-06
    7.492176140726E-04   -3.627680149886E-05    1.716751413757E-04   -3.183507973739E-04    1.460487124918E+01    1.779516749873E-04   -1.029848706898E-04   -8.380566985637E-05    3.955788841279E-05   -1.524618751696E-05
    2.641569646122E-04   -6.318741755006E-05    1.770282475533E-04    1.467570596459E-04    1.779516749873E-04    2.316635495387E+01    1.155140598455E-04   -7.438714694461E-05    6.089181446446E-05   -2.953738391159E-05
    8.447981778556E-05   -3.031458721927E-05    8.439513592686E-05    1.216653054659E-04   -1.029848706898E-04    1.155140598455E-04    3.363230961163E+01    8.110278452372E-05    5.653295910630E-05   -4.784183438913E-05
    2.536445527462E-05   -1.121357062074E-05    3.183780895083E-05    5.677227166132E-05   -8.380566985637E-05   -7.438714694461E-05    8.110278452372E-05    4.600204963513E+01   -5.798970319857E-05   -4.969036446564E-05
   -7.285445113904E-06    3.671602086831E-06   -1.064624716917E-05   -2.143410854809E-05    3.955788841279E-05    6.089181446446E-05    5.653295910630E-05   -5.798970319857E-05    6.027528540645E+01   -2.781873868937E-05
    2.028472494206E-06   -1.121133986808E-06    3.314151444742E-06    7.244025920337E-06   -1.524618751696E-05   -2.953738391159E-05   -4.784183438913E-05   -4.969036446564E-05   -2.781873868937E-05    7.645185191828E+01
   5.8090096212021276     
   -1.002806924814E+00   -1.195505046731E-03   -2.500774350302E-03   -1.765939540400E-03    7.623365381472E-04    2.753573837875E-04    9.013711912517E-05    2.768839813207E-05   -8.134718521115E-06    2.316525881618E-06
   -1.195505046731E-03    4.373357208937E-01   -4.273525450964E-03   -6.047874404568E-04   -2.424229818993E-05   -6.118535880151E-05   -3.073985334214E-05   -1.172596071074E-05    3.942591538607E-06   -1.234274705073E-06
   -2.500774350302E-03   -4.273525450964E-03    3.109352913013E+00    8.494041512024E-04    1.587011370328E-04    1.756516143462E-04    8.621558984474E-05    3.333660989450E-05   -1.141097394195E-05    3.634789404425E-06
   -1.765939540400E-03   -6.047874404568E-04    8.494041512024E-04    7.710547191013E+00   -3.251723023232E-04    1.419204319178E-04    1.220991166532E-04    5.839748975548E-05   -2.256028113157E-05    7.799720922582E-06
    7.623365381472E-04   -2.424229818993E-05    1.587011370328E-04   -3.251723023232E-04    1.417161928207E+01    1.815994481925E-04   -1.003830738406E-04   -8.435370828308E-05    4.077441205180E-05   -1.607963453541E-05
    2.753573837875E-04   -6.118535880151E-05    1.756516143462E-04    1.419204319178E-04    1.815994481925E-04    2.248390456041E+01    1.178858194736E-04   -7.272968724850E-05    6.138575344256E-05   -3.050022841541E-05
    9.013711912517E-05   -3.073985334214E-05    8.621558984474E-05    1.220991166532E-04   -1.003830738406E-04    1.178858194736E-04    3.264533167640E+01    8.276035657490E-05    5.542879040896E-05   -4.835755288842E-05
    2.768839813207E-05   -1.172596071074E-05    3.333660989450E-05    5.839748975548E-05   -8.435370828308E-05   -7.272968724850E-05    8.276035657490E-05    4.465519815822E+01   -5.910037187075E-05   -4.909268168241E-05
   -8.134718521115E-06    3.942591538607E-06   -1.141097394195E-05   -2.256028113157E-05    4.077441205180E-05    6.138575344256E-05    5.542879040896E-05   -5.910037187075E-05    5.851320712183E+01   -2.841422340893E-05
    2.316525881618E-06   -1.234274705073E-06    3.634789404425E-06    7.799720922582E-06   -1.607963453541E-05   -3.050022841541E-05   -4.835755288842E-05   -4.909268168241E-05   -2.841422340893E-05    7.421919057633E+01
   5.8947502869454338     
   -1.002005739224E+00   -1.191432282503E-03   -2.379304762150E-03   -1.747854079986E-03    7.744446752888E-04    2.864432602361E-04    9.593145925698E-05    3.013533169463E-05   -9.051793641111E-06    2.635190576266E-06
   -1.191432282503E-03    4.214303861431E-01   -4.223767750462E-03   -6.316020394629E-04   -1.215260345665E-05   -5.895133338678E-05   -3.107135418024E-05   -1.222293391736E-05    4.219045566708E-06   -1.353686532511E-06
   -2.379304762150E-03   -4.223767750462E-03    3.012602754240E+00    8.672821034088E-04    1.454895037784E-04    1.739185110105E-04    8.789401955326E-05    3.482367674743E-05   -1.219713329582E-05    3.973903575023E-06
   -1.747854079986E-03   -6.316020394629E-04    8.672821034088E-04    7.479989140128E+00   -3.318811843746E-04    1.369575384452E-04    1.223626986188E-04    5.996661011152E-05   -2.369545546298E-05    8.376720035237E-06
    7.744446752888E-04   -1.215260345665E-05    1.454895037784E-04   -3.318811843746E-04    1.375413872847E+01    1.851721633857E-04   -9.771258529579E-05   -8.480105254223E-05    4.196109868975E-05   -1.692433236040E-05
    2.864432602361E-04   -5.895133338678E-05    1.739185110105E-04    1.369575384452E-04    1.851721633857E-04    2.182621834062E+01    1.202072968031E-04   -7.102777402130E-05    6.181290365523E-05   -3.144623146820E-05
    9.593145925698E-05   -3.107135418024E-05    8.789401955326E-05    1.223626986188E-04   -9.771258529579E-05    1.202072968031E-04    3.169410919817E+01    8.438158117990E-05    5.429503212157E-05   -4.882756853853E-05
    3.013533169463E-05   -1.222293391736E-05    3.482367674743E-05    5.996661011152E-05   -8.480105254223E-05   -7.102777402130E-05    8.438158117990E-05    4.335709192785E+01   -6.018247947165E-05   -4.847223728403E-05
   -9.051793641111E-06    4.219045566708E-06   -1.219713329582E-05   -2.369545546298E-05    4.196109868975E-05    6.181290365523E-05    5.429503212157E-05   -6.018247947165E-05    5.681486236751E+01   -2.899922863672E-05
    2.635190576266E-06   -1.353686532511E-06    3.973903575023E-06    8.376720035237E-06   -1.692433236040E-05   -3.144623146820E-05   -4.882756853853E-05   -4.847223728403E-05   -2.899922863672E-05    7.206724953141E+01
   5.9811190894341113     
   -1.001296608039E+00   -1.186083180882E-03   -2.260566431472E-03   -1.727976165770E-03    7.855350377351E-04    2.973850557646E-04    1.018501241295E-04    3.270405555859E-05   -1.003874301671E-05    2.986386064868E-06
   -1.186083180882E-03    4.062188007337E-01   -4.169634535811E-03   -6.565553331329E-04   -5.907237727872E-08   -5.649746820299E-05   -3.130648635518E-05   -1.270148814153E-05    4.499789632295E-06   -1.479185764532E-06
   -2.260566431472E-03   -4.169634535811E-03    2.919465618649E+00    8.846488554304E-04    1.320709214624E-04    1.718348391627E-04    8.942309455694E-05    3.629311826350E-05   -1.300260816882E-05    4.331334415061E-06
   -1.727976165770E-03   -6.565553331329E-04    8.846488554304E-04    7.257828236688E+00   -3.384751404847E-04    1.318783671507E-04    1.224571132397E-04    6.147519963617E-05   -2.483657825455E-05    8.974197561104E-06
    7.855350377351E-04   -5.907237727867E-08    1.320709214624E-04   -3.384751404847E-04    1.335174892271E+01    1.886689961487E-04   -9.497953146840E-05   -8.514846395321E-05    4.311520152827E-05   -1.777843147829E-05
    2.973850557646E-04   -5.649746820299E-05    1.718348391627E-04    1.318783671507E-04    1.886689961487E-04    2.119222888163E+01    1.224777167407E-04   -6.928566616068E-05    6.217383266735E-05   -3.237347702201E-05
    1.018501241295E-04   -3.130648635518E-05    8.942309455694E-05    1.224571132397E-04   -9.497953146840E-05    1.224777167407E-04    3.077710206194E+01    8.596585084399E-05    5.313471591121E-05   -4.925215807328E-05
    3.270405555859E-05   -1.270148814153E-05    3.629311826350E-05    6.147519963617E-05   -8.514846395321E-05   -6.928566616068E-05    8.596585084399E-05    4.210563217714E+01   -6.123582718445E-05   -4.783100525768E-05
   -1.003874301671E-05    4.499789632295E-06   -1.300260816882E-05   -2.483657825455E-05    4.311520152827E-05    6.217383266735E-05    5.313471591121E-05   -6.123582718445E-05    5.517750777694E+01   -2.957356647532E-05
    2.986386064868E-06   -1.479185764532E-06    4.331334415061E-06    8.974197561104E-06   -1.777843147829E-05   -3.237347702201E-05   -4.925215807328E-05   -4.783100525768E-05   -2.957356647532E-05    6.999255486824E+01
   6.0681160286681610     
   -1.000670707446E+00   -1.179531562560E-03   -2.144750010661E-03   -1.706451936332E-03    7.956053898677E-04    3.081545097642E-04    1.078798417508E-04    3.539279441357E-05   -1.109741505605E-05    3.372013405809E-06
   -1.179531562560E-03    3.916670875472E-01   -4.111518333260E-03   -6.796420357600E-04    1.198956142889E-05   -5.383685707118E-05   -3.144330168854E-05   -1.315872076197E-05    4.783584995579E-06   -1.610535804435E-06
   -2.144750010661E-03   -4.111518333260E-03    2.829784531764E+00    9.014789060815E-04    1.184758165213E-04    1.694076349896E-04    9.079614476949E-05    3.773904282315E-05   -1.382510481599E-05    4.706805878321E-06
   -1.706451936332E-03   -6.796420357600E-04    9.014789060815E-04    7.043703559250E+00   -3.449520644762E-04    1.266926036755E-04    1.223838286917E-04    6.291907060074E-05   -2.598054488623E-05    9.591214184061E-06
    7.956053898677E-04    1.198956142889E-05    1.184758165213E-04   -3.449520644762E-04    1.296380315942E+01    1.920893529515E-04   -9.218980390999E-05   -8.539694526144E-05    4.423412617437E-05   -1.864004461690E-05
    3.081545097642E-04   -5.383685707118E-05    1.694076349896E-04    1.266926036755E-04    1.920893529515E-04    2.058092199774E+01    1.246964538885E-04   -6.750746534787E-05    6.246927254929E-05   -3.328014988534E-05
    1.078798417508E-04   -3.144330168854E-05    9.079614476949E-05    1.223838286917E-04   -9.218980390999E-05    1.246964538885E-04    2.989284692844E+01    8.751266349034E-05    5.195075192715E-05   -4.963171281134E-05
    3.539279441357E-05   -1.315872076197E-05    3.773904282315E-05    6.291907060074E-05   -8.539694526144E-05   -6.750746534787E-05    8.751266349034E-05    4.089882474529E+01   -6.226029689123E-05   -4.717087872234E-05
   -1.109741505605E-05    4.783584995579E-06   -1.382510481599E-05   -2.598054488623E-05    4.423412617437E-05    6.246927254929E-05    5.195075192715E-05   -6.226029689123E-05    5.359853670145E+01   -3.013708089286E-05
    3.372013405809E-06   -1.610535804435E-06    4.706805878321E-06    9.591214184061E-06   -1.864004461690E-05   -3.328014988534E-05   -4.963171281134E-05   -4.717087872234E-05   -3.013708089286E-05    6.799180578308E+01
   6.1557411046475838     
   -1.000119949684E+00   -1.171851701366E-03   -2.032013251274E-03   -1.683424292861E-03    8.046579074759E-04    3.187247463465E-04    1.140068718258E-04    3.819920658806E-05   -1.222941607391E-05    3.793941648635E-06
   -1.171851701366E-03    3.777431421593E-01   -4.049803299117E-03   -7.008675500564E-04    2.394739112355E-05   -5.098340049921E-05   -3.148050141347E-05   -1.359185261592E-05    5.069139427707E-06   -1.747447904740E-06
   -2.032013251274E-03   -4.049803299117E-03    2.743410327429E+00    9.177480236453E-04    1.047342925181E-04    1.666450075500E-04    9.200718556835E-05    3.915559530176E-05   -1.466216588577E-05    5.099923452936E-06
   -1.683424292861E-03   -7.008675500564E-04    9.177480236453E-04    6.837272088127E+00   -3.513100138009E-04    1.214096315099E-04    1.221446931341E-04    6.429429057211E-05   -2.712421529364E-05    1.022672115489E-05
    8.046579074759E-04    2.394739112355E-05    1.047342925181E-04   -3.513100138009E-04    1.258968677304E+01    1.954328524905E-04   -8.934905611985E-05   -8.554772140768E-05    4.531543566934E-05   -1.950725645532E-05
    3.187247463465E-04   -5.098340049921E-05    1.666450075500E-04    1.214096315099E-04    1.954328524905E-04    1.999133372076E+01    1.268630229887E-04   -6.569711310470E-05    6.270010627947E-05   -3.416453931448E-05
    1.140068718258E-04   -3.148050141347E-05    9.200718556835E-05    1.221446931341E-04   -8.934905611985E-05    1.268630229887E-04    2.903995289333E+01    8.902161601306E-05    5.074592729824E-05   -4.996672944725E-05
    3.819920658806E-05   -1.359185261592E-05    3.915559530176E-05    6.429429057211E-05   -8.554772140768E-05   -6.569711310470E-05    8.902161601306E-05    3.973477416341E+01   -6.325584482005E-05   -4.649366952619E-05
   -1.222941607391E-05    5.069139427707E-06   -1.466216588577E-05   -2.712421529364E-05    4.531543566934E-05    6.270010627947E-05    5.074592729824E-05   -6.325584482005E-05    5.207547148097E+01   -3.068964543805E-05
    3.793941648635E-06   -1.747447904740E-06    5.099923452936E-06    1.022672115489E-05   -1.950725645532E-05   -3.416453931448E-05   -4.996672944725E-05   -4.649366952619E-05   -3.068964543805E-05    6.606186479705E+01
   6.2439943173723780     
   -9.996369336292E-01   -1.163117784688E-03   -1.922483374637E-03   -1.659032171159E-03    8.126988302782E-04    3.290703626985E-04    1.202170950925E-04    4.112039691126E-05   -1.343609422914E-05    4.253994148591E-06
   -1.163117784688E-03    3.644165340401E-01   -3.984863193666E-03   -7.202469865205E-04    3.577149333201E-05   -4.795164878694E-05   -3.141742376540E-05   -1.399824981539E-05    5.355118375909E-06   -1.889582515330E-06
   -1.922483374637E-03   -3.984863193666E-03    2.660201208618E+00    9.334333020471E-04    9.087606316609E-05    1.635560745461E-04    9.305093784087E-05    4.053699312336E-05   -1.551118490528E-05    5.510173267700E-06
   -1.659032171159E-03   -7.202469865205E-04    9.334333020471E-04    6.638207699338E+00   -3.575471789337E-04    1.160385345670E-04    1.217419089840E-04    6.559719050832E-05   -2.826442957697E-05    1.087956518529E-05
    8.126988302782E-04    3.577149333201E-05    9.087606316609E-05   -3.575471789337E-04    1.222881533822E+01    1.986993073769E-04   -8.646270217301E-05   -8.560222067302E-05    4.635685425617E-05   -2.037813310510E-05
    3.290703626985E-04   -4.795164878694E-05    1.635560745461E-04    1.160385345670E-04    1.986993073769E-04    1.942254748006E+01    1.289770696739E-04   -6.385838897842E-05    6.286735440538E-05   -3.502504173553E-05
    1.202170950925E-04   -3.141742376540E-05    9.305093784087E-05    1.217419089840E-04   -8.646270217301E-05    1.289770696739E-04    2.821709742007E+01    9.049239805985E-05    4.952290548118E-05   -5.025780103588E-05
    4.112039691126E-05   -1.399824981539E-05    4.053699312336E-05    6.559719050832E-05   -8.560222067302E-05   -6.385838897842E-05    9.049239805985E-05    3.861167811359E+01   -6.422249541355E-05   -4.580110838011E-05
   -1.343609422914E-05    5.355118375909E-06   -1.551118490528E-05   -2.826442957697E-05    4.635685425617E-05    6.286735440538E-05    4.952290548118E-05   -6.422249541355E-05    5.060595620231E+01   -3.123116104614E-05
    4.253994148591E-06   -1.889582515330E-06    5.510173267700E-06    1.087956518529E-05   -2.037813310510E-05   -3.502504173553E-05   -5.025780103588E-05   -4.580110838011E-05   -3.123116104614E-05    6.419974858702E+01
   6.3328756668425443     
   -9.992148966346E-01   -1.153403431822E-03   -1.816259468677E-03   -1.633409943336E-03    8.197381133662E-04    3.391674997000E-04    1.264961015440E-04    4.415293359506E-05   -1.471852548845E-05    4.753934918478E-06
   -1.153403431822E-03    3.516584141218E-01   -3.917059691448E-03   -7.378041892330E-04    4.742203954135E-05   -4.475665025005E-05   -3.125402562678E-05   -1.437544323548E-05    5.640156418488E-06   -2.036551212512E-06
   -1.816259468677E-03   -3.917059691448E-03    2.580022336049E+00    9.485132141088E-04    7.693038782526E-05    1.601508960031E-04    9.392284310705E-05    4.187756121780E-05   -1.636942201379E-05    5.936922278928E-06
   -1.633409943336E-03   -7.378041892330E-04    9.485132141088E-04    6.446200221933E+00   -3.636618556053E-04    1.105881018197E-04    1.211780079256E-04    6.682437112567E-05   -2.939802323478E-05    1.154849398842E-05
    8.197381133662E-04    4.742203954135E-05    7.693038782526E-05   -3.636618556053E-04    1.188063298334E+01    2.018887062867E-04   -8.353591697605E-05   -8.556205631749E-05    4.735626996634E-05   -2.125073130052E-05
    3.391674997000E-04   -4.475665025005E-05    1.601508960031E-04    1.105881018197E-04    2.018887062867E-04    1.887369145980E+01    1.310383615622E-04   -6.199490972992E-05    6.297216204060E-05   -3.586016264918E-05
    1.264961015440E-04   -3.125402562678E-05    9.392284310705E-05    1.211780079256E-04   -8.353591697605E-05    1.310383615622E-04    2.742302252824E+01    9.192478606885E-05    4.828422635825E-05   -5.050560821995E-05
    4.415293359506E-05   -1.437544323548E-05    4.187756121780E-05    6.682437112567E-05   -8.556205631749E-05   -6.199490972992E-05    9.192478606885E-05    3.752782223568E+01   -6.516033544783E-05   -4.509484545539E-05
   -1.471852548845E-05    5.640156418488E-06   -1.636942201379E-05   -2.939802323478E-05    4.735626996634E-05    6.297216204060E-05    4.828422635825E-05   -6.516033544783E-05    4.918774991201E+01   -3.176155394425E-05
    4.753934918478E-06   -2.036551212512E-06    5.936922278928E-06    1.154849398842E-05   -2.125073130052E-05   -3.586016264918E-05   -5.050560821995E-05   -4.509484545539E-05   -3.176155394425E-05    6.240261939188E+01
   6.4223851530580838     
   -9.988476688292E-01   -1.142781268040E-03   -1.713414870760E-03   -1.606686938215E-03    8.257890815679E-04    3.489938957591E-04    1.328292767816E-04    4.729286881715E-05   -1.607750172542E-05    5.295455162407E-06
   -1.142781268040E-03    3.394414279943E-01   -3.846741000887E-03   -7.535707795391E-04    5.886236587797E-05   -4.141380597468E-05   -3.099085888729E-05   -1.472114554256E-05    5.922868843747E-06   -2.187919172012E-06
   -1.713414870760E-03   -3.846741000887E-03    2.502745442203E+00    9.629676609033E-04    6.292600938844E-05    1.564404061777E-04    9.461907379074E-05    4.317176560696E-05   -1.723402076966E-05    6.379419536737E-06
   -1.606686938215E-03   -7.535707795391E-04    9.629676609033E-04    6.260954553775E+00   -3.696524198604E-04    1.050668335885E-04    1.204558267269E-04    6.797270763274E-05   -3.052184193335E-05    1.223216240116E-05
    8.257890815679E-04    5.886236587797E-05    6.292600938844E-05   -3.696524198604E-04    1.154461080887E+01    2.050011966190E-04   -8.057363794342E-05   -8.542900879413E-05    4.831173610421E-05   -2.212310724222E-05
    3.489938957591E-04   -4.141380597468E-05    1.564404061777E-04    1.050668335885E-04    2.050011966190E-04    1.834393612038E+01    1.330467796998E-04   -6.011012939685E-05    6.301578625333E-05   -3.666851777012E-05
    1.328292767816E-04   -3.099085888729E-05    9.461907379074E-05    1.204558267269E-04   -8.057363794342E-05    1.330467796998E-04    2.665653121892E+01    9.331863756656E-05    4.703230698219E-05   -5.071091073624E-05
    4.729286881715E-05   -1.472114554256E-05    4.317176560696E-05    6.797270763274E-05   -8.542900879413E-05   -6.011012939685E-05    9.331863756656E-05    3.648157525727E+01   -6.606950841829E-05   -4.437645137512E-05
   -1.607750172542E-05    5.922868843747E-06   -1.723402076966E-05   -3.052184193335E-05    4.831173610421E-05    6.301578625333E-05    4.703230698219E-05   -6.606950841829E-05    4.781872025148E+01   -3.228077366002E-05
    5.295455162407E-06   -2.187919172012E-06    6.379419536737E-06    1.223216240116E-05   -2.212310724222E-05   -3.666851777012E-05   -5.071091073624E-05   -4.437645137512E-05   -3.228077366002E-05    6.066777695366E+01
   6.5125227760189945     
   -9.985296291043E-01   -1.131322553424E-03   -1.613999509497E-03   -1.578987071707E-03    8.308680908876E-04    3.585289251159E-04    1.392018858707E-04    5.053576266244E-05   -1.751352102790E-05    5.880160127418E-06
   -1.131322553424E-03    3.277396344749E-01   -3.774240772668E-03   -7.675852280567E-04    7.005900510925E-05   -3.793873232331E-05   -3.062904223719E-05   -1.503326569387E-05    6.201863200208E-06   -2.343208143737E-06
   -1.613999509497E-03   -3.774240772668E-03    2.428248469432E+00    9.767780170276E-04    4.889109462903E-05    1.524363441033E-04    9.513653878286E-05    4.441424538357E-05   -1.810202585298E-05    6.836798516777E-06
   -1.578987071707E-03   -7.675852280567E-04    9.767780170276E-04    6.082189832228E+00   -3.755173060449E-04    9.948294915228E-05    1.195784839504E-04    6.903935294459E-05   -3.163275573783E-05    1.292913902151E-05
    8.308680908876E-04    7.005900510925E-05    4.889109462903E-05   -3.755173060449E-04    1.122024540365E+01    2.080370677472E-04   -7.758056792615E-05   -8.520500862088E-05    4.922147171686E-05   -2.299332504836E-05
    3.585289251159E-04   -3.793873232331E-05    1.524363441033E-04    9.948294915228E-05    2.080370677472E-04    1.783249187350E+01    1.350023103699E-04   -5.820734012699E-05    6.299958390055E-05   -3.744883345789E-05
    1.392018858707E-04   -3.062904223719E-05    9.513653878286E-05    1.195784839504E-04   -7.758056792615E-05    1.350023103699E-04    2.591648412135E+01    9.467388573784E-05    4.576944288150E-05   -5.087453923336E-05
    5.053576266244E-05   -1.503326569387E-05    4.441424538357E-05    6.903935294459E-05   -8.520500862088E-05   -5.820734012699E-05    9.467388573784E-05    3.547138442501E+01   -6.695020920826E-05   -4.364741853886E-05
   -1.751352102790E-05    6.201863200208E-06   -1.810202585298E-05   -3.163275573783E-05    4.922147171686E-05    6.299958390055E-05    4.576944288150E-05   -6.695020920826E-05    4.649683748613E+01   -3.278879113731E-05
    5.880160127418E-06   -2.343208143737E-06    6.836798516777E-06    1.292913902151E-05   -2.299332504836E-05   -3.744883345789E-05   -5.087453923336E-05   -4.364741853886E-05   -3.278879113731E-05    5.899265095736E+01
   6.6032885357252775     
   -9.982556638803E-01   -1.119096862986E-03   -1.518042177140E-03   -1.550428575239E-03    8.349941996069E-04    3.677536216907E-04    1.455991541185E-04    5.387671006627E-05   -1.902678026550E-05    6.509556407230E-06
   -1.119096862986E-03    3.165284289340E-01   -3.699877267213E-03   -7.798919624215E-04    8.098168475145E-05   -3.434713209159E-05   -3.017022907241E-05   -1.530992086615E-05    6.475750667878E-06   -2.501899877205E-06
   -1.518042177140E-03   -3.699877267213E-03    2.356415230037E+00    9.899271708586E-04    3.485317702379E-05    1.481511830708E-04    9.547288442153E-05    4.559984285497E-05   -1.897040147683E-05    7.308080489628E-06
   -1.550428575239E-03   -7.798919624215E-04    9.899271708586E-04    5.909638655484E+00   -3.812549876117E-04    9.384439533278E-05    1.185493575809E-04    7.002173947427E-05   -3.272767273696E-05    1.363791329290E-05
    8.349941996069E-04    8.098168475145E-05    3.485317702379E-05   -3.812549876117E-04    1.090705745213E+01    2.109967348803E-04   -7.456117921144E-05   -8.489211995964E-05    5.008386113115E-05   -2.385946477355E-05
    3.677536216907E-04   -3.434713209159E-05    1.481511830708E-04    9.384439533278E-05    2.109967348803E-04    1.733860689967E+01    1.369050372555E-04   -5.628967367360E-05    6.292499994170E-05   -3.819994649398E-05
    1.455991541185E-04   -3.017022907241E-05    9.547288442153E-05    1.185493575809E-04   -7.456117921144E-05    1.369050372555E-04    2.520179634527E+01    9.599053426280E-05    4.449780983919E-05   -5.099738742173E-05
    5.387671006627E-05   -1.530992086615E-05    4.559984285497E-05    7.002173947427E-05   -8.489211995964E-05   -5.628967367360E-05    9.599053426280E-05    3.449577121633E+01   -6.780267904578E-05   -4.290916272155E-05
   -1.902678026550E-05    6.475750667878E-06   -1.897040147683E-05   -3.272767273696E-05    5.008386113115E-05    6.292499994170E-05    4.449780983919E-05   -6.780267904578E-05    4.522016890084E+01   -3.328559695905E-05
    6.509556407230E-06   -2.501899877205E-06    7.308080489628E-06    1.363791329290E-05   -2.385946477355E-05   -3.819994649398E-05   -5.099738742173E-05   -4.290916272155E-05   -3.328559695905E-05    5.737479393475E+01
   6.6946824321769327     
   -9.980211273501E-01   -1.106171816683E-03   -1.425552717453E-03   -1.521123813874E-03    8.381888521903E-04    3.766506898893E-04    1.520063443367E-04    5.731037039565E-05   -2.061716993411E-05    7.185039818869E-06
   -1.106171816683E-03    3.057844712817E-01   -3.623952761525E-03   -7.905405179177E-04    9.160329524054E-05   -3.065467505782E-05   -2.961657222979E-05   -1.554944583416E-05    6.743157120569E-06   -2.663439945057E-06
   -1.425552717453E-03   -3.623952761525E-03    2.287135087440E+00    1.002399559965E-03    2.083910221167E-05    1.435980594633E-04    9.562649109982E-05    4.672363167233E-05   -1.983605032412E-05    7.792178889282E-06
   -1.521123813874E-03   -7.905405179177E-04    1.002399559965E-03    5.743046351784E+00   -3.868639608332E-04    8.815885579986E-05    1.173720636239E-04    7.091757962032E-05   -3.380355201023E-05    1.435690296824E-05
    8.381888521903E-04    9.160329524054E-05    2.083910221167E-05   -3.868639608332E-04    1.060459042690E+01    2.138807236188E-04   -7.151971845759E-05   -8.449252496174E-05    5.089745265008E-05   -2.471962996612E-05
    3.766506898893E-04   -3.065467505782E-05    1.435980594633E-04    8.815885579986E-05    2.138807236188E-04    1.686156509923E+01    1.387551339697E-04   -5.436010347167E-05    6.279355626982E-05   -3.892080326483E-05
    1.520063443367E-04   -2.961657222979E-05    9.562649109982E-05    1.173720636239E-04   -7.151971845759E-05    1.387551339697E-04    2.451143452575E+01    9.726865242584E-05    4.321946607578E-05   -5.108040457734E-05
    5.731037039565E-05   -1.554944583416E-05    4.672363167233E-05    7.091757962032E-05   -8.449252496174E-05   -5.436010347167E-05    9.726865242584E-05    3.355332731308E+01   -6.862720075671E-05   -4.216302489940E-05
   -2.061716993411E-05    6.743157120569E-06   -1.983605032412E-05   -3.380355201023E-05    5.089745265008E-05    6.279355626982E-05    4.321946607578E-05   -6.862720075671E-05    4.398687353780E+01   -3.377119967825E-05
    7.185039818869E-06   -2.663439945057E-06    7.792178889282E-06    1.435690296824E-05   -2.471962996612E-05   -3.892080326483E-05   -5.108040457734E-05   -4.216302489940E-05   -3.377119967825E-05    5.581187460163E+01
   6.7867044653739610     
   -9.978218044451E-01   -1.092612854894E-03   -1.336524109667E-03   -1.491179182030E-03    8.404755772904E-04    3.852045034304E-04    1.584088301690E-04    6.083099929911E-05   -2.228427127687E-05    7.907883970186E-06
   -1.092612854894E-03    2.954856180357E-01   -3.546753164910E-03   -7.995847349236E-04    1.018998319484E-04   -2.687688836692E-05   -2.897068619351E-05   -1.575039983114E-05    7.002733751915E-06   -2.827241904345E-06
   -1.336524109667E-03   -3.546753164910E-03    2.220302656482E+00    1.014181200750E-03    6.874976149071E-06    1.387907012123E-04    9.559646566560E-05    4.778094276739E-05   -2.069583282005E-05    8.287904629269E-06
   -1.491179182030E-03   -7.995847349236E-04    1.014181200750E-03    5.582170292696E+00   -3.923427312189E-04    8.243376080459E-05    1.160504356573E-04    7.172486504232E-05   -3.485741588866E-05    1.508446188525E-05
    8.404755772904E-04    1.018998319484E-04    6.874976149071E-06   -3.923427312189E-04    1.031240936018E+01    2.166896551959E-04   -6.846021240459E-05   -8.400850890038E-05    5.166095648851E-05   -2.557195473858E-05
    3.852045034304E-04   -2.687688836692E-05    1.387907012123E-04    8.243376080459E-05    2.166896551959E-04    1.640068416738E+01    1.405528569277E-04   -5.242144720410E-05    6.260684107580E-05   -3.961045840491E-05
    1.584088301690E-04   -2.897068619351E-05    9.559646566560E-05    1.160504356573E-04   -6.846021240459E-05    1.405528569277E-04    2.384441404672E+01    9.850837048260E-05    4.193635476359E-05   -5.112458840736E-05
    6.083099929911E-05   -1.575039983114E-05    4.778094276739E-05    7.172486504232E-05   -8.400850890038E-05   -5.242144720410E-05    9.850837048260E-05    3.264271081904E+01   -6.942409431041E-05   -4.141027325386E-05
   -2.228427127687E-05    7.002733751915E-06   -2.069583282005E-05   -3.485741588866E-05    5.166095648851E-05    6.260684107580E-05    4.193635476359E-05   -6.942409431041E-05    4.279519725301E+01   -3.424562425449E-05
    7.907883970186E-06   -2.827241904345E-06    8.287904629269E-06    1.508446188525E-05   -2.557195473858E-05   -3.961045840491E-05   -5.112458840736E-05   -4.141027325386E-05   -3.424562425449E-05    5.430167159846E+01
   6.8793546353163615     
   -9.976538761888E-01   -1.078483056360E-03   -1.250934438717E-03   -1.460695067392E-03    8.418797014049E-04    3.934010934391E-04    1.647921651699E-04    6.443248245560E-05   -2.402735565136E-05    8.679229621965E-06
   -1.078483056360E-03    2.856108582577E-01   -3.468547820469E-03   -8.070820066215E-04    1.118503147219E-04   -2.302905705502E-05   -2.823560741940E-05   -1.591157097057E-05    7.253167157449E-06   -2.992691735067E-06
   -1.250934438717E-03   -3.468547820469E-03    2.155817521722E+00    1.025259712149E-03   -7.013883873149E-06    1.337433562224E-04    9.538262983849E-05    4.876738795989E-05   -2.154658655639E-05    8.793972305481E-06
   -1.460695067392E-03   -8.070820066215E-04    1.025259712149E-03    5.426779247669E+00   -3.976898025595E-04    7.667629712182E-05    1.145885053333E-04    7.244186482726E-05   -3.588636147311E-05    1.581888798692E-05
    8.418797014049E-04    1.118503147219E-04   -7.013883873149E-06   -3.976898025595E-04    1.003009968924E+01    2.194242324393E-04   -6.538647423492E-05   -8.344244611515E-05    5.237324203298E-05   -2.641461033450E-05
    3.934010934391E-04   -2.302905705502E-05    1.337433562224E-04    7.667629712182E-05    2.194242324393E-04    1.595531378492E+01    1.422985385533E-04   -5.047636978730E-05    6.236649876308E-05   -4.026807295603E-05
    1.647921651699E-04   -2.823560741940E-05    9.538262983849E-05    1.145885053333E-04   -6.538647423492E-05    1.422985385533E-04    2.319979643169E+01    9.970987527738E-05    4.065030681329E-05   -5.113097828605E-05
    6.443248245560E-05   -1.591157097057E-05    4.876738795989E-05    7.244186482726E-05   -8.344244611515E-05   -5.047636978730E-05    9.970987527738E-05    3.176264270493E+01   -7.019371265580E-05   -4.065210531420E-05
   -2.402735565136E-05    7.253167157449E-06   -2.154658655639E-05   -3.588636147311E-05    5.237324203298E-05    6.236649876308E-05    4.065030681329E-05   -7.019371265580E-05    4.164346807023E+01   -3.470891059328E-05
    8.679229621965E-06   -2.992691735067E-06    8.793972305481E-06    1.581888798692E-05   -2.641461033450E-05   -4.026807295603E-05   -5.113097828605E-05   -4.065210531420E-05   -3.470891059328E-05    5.284206760782E+01
   6.9726329420041324     
   -9.975138869778E-01   -1.063842995617E-03   -1.168748745561E-03   -1.429765874300E-03    8.424280793868E-04    4.012281270499E-04    1.711421474087E-04    6.810837086235E-05   -2.584538609120E-05    9.500074936850E-06
   -1.063842995617E-03    2.761402531565E-01   -3.389589470867E-03   -8.130925793791E-04    1.214366884987E-04   -1.912613483635E-05   -2.741475338619E-05   -1.603197833757E-05    7.493188780414E-06   -3.159152494478E-06
   -1.168748745561E-03   -3.389589470867E-03    2.093583972722E+00    1.035624333342E-03   -2.080299518748E-05    1.284707211084E-04    9.498550489080E-05    4.967888112794E-05   -2.238514568901E-05    9.309007216047E-06
   -1.429765874300E-03   -8.130925793791E-04    1.035624333342E-03    5.276652777329E+00   -4.029036685247E-04    7.089341801473E-05    1.129904838252E-04    7.306712264840E-05   -3.688757138401E-05    1.655843152264E-05
    8.424280793868E-04    1.214366884987E-04   -2.080299518748E-05   -4.029036685247E-04    9.757266171016E+00    2.220852264861E-04   -6.230211047169E-05   -8.279678678552E-05    5.303333450887E-05   -2.724581118179E-05
    4.012281270499E-04   -1.912613483635E-05    1.284707211084E-04    7.089341801474E-05    2.220852264861E-04    1.552483391737E+01    1.439925808117E-04   -4.852738671442E-05    6.207422042407E-05   -4.089291209847E-05
    1.711421474087E-04   -2.741475338619E-05    9.498550489080E-05    1.129904838252E-04   -6.230211047169E-05    1.439925808117E-04    2.257668689056E+01    1.008734061028E-04    3.936304388056E-05   -5.110064886512E-05
    6.810837086235E-05   -1.603197833757E-05    4.967888112794E-05    7.306712264840E-05   -8.279678678552E-05   -4.852738671442E-05    1.008734061028E-04    3.091190346617E+01   -7.093643784364E-05   -3.988965020436E-05
   -2.584538609120E-05    7.493188780414E-06   -2.238514568901E-05   -3.688757138401E-05    5.303333450887E-05    6.207422042407E-05    3.936304388056E-05   -7.093643784364E-05    4.053009181287E+01   -3.516111218589E-05
    9.500074936850E-06   -3.159152494478E-06    9.309007216047E-06    1.655843152264E-05   -2.724581118179E-05   -4.089291209847E-05   -5.110064886512E-05   -3.988965020436E-05   -3.516111218589E-05    5.143104382364E+01
   7.0665393854372773     
   -9.973987135811E-01   -1.048750636652E-03   -1.089920753367E-03   -1.398480098009E-03    8.421488425089E-04    4.086748776944E-04    1.774448794334E-04    7.185191731201E-05   -2.773702099123E-05    1.037126669600E-05
   -1.048750636652E-03    2.670548791269E-01   -3.310114366963E-03   -8.176789069939E-04    1.306437083477E-04   -1.518266510839E-05   -2.651188093396E-05   -1.611087187895E-05    7.721583643093E-06   -3.325969125275E-06
   -1.089920753367E-03   -3.310114366963E-03    2.033510755215E+00    1.045265935459E-03   -3.446875253569E-05    1.229878705623E-04    9.440629284933E-05    5.051165685905E-05   -2.320836013680E-05    9.831553120776E-06
   -1.398480098009E-03   -8.176789069939E-04    1.045265935459E-03    5.131580663004E+00   -4.079828067030E-04    6.509185305128E-05    1.112607441935E-04    7.359945301184E-05   -3.785832372352E-05    1.730130336799E-05
    8.421488425089E-04    1.306437083477E-04   -3.446875253569E-05   -4.079828067030E-04    9.493531861327E+00    2.246734642743E-04   -5.921052830775E-05   -8.207404453947E-05    5.364041113408E-05   -2.806382042813E-05
    4.086748776944E-04   -1.518266510839E-05    1.229878705623E-04    6.509185305128E-05    2.246734642743E-04    1.510865321528E+01    1.456354490580E-04   -4.657686770010E-05    6.173173488396E-05   -4.148434250724E-05
    1.774448794334E-04   -2.651188093396E-05    9.440629284933E-05    1.112607441935E-04   -5.921052830775E-05    1.456354490580E-04    2.197423201235E+01    1.019992507914E-04    3.807618154627E-05   -5.103470405946E-05
    7.185191731201E-05   -1.611087187895E-05    5.051165685905E-05    7.359945301184E-05   -8.207404453947E-05   -4.657686770010E-05    1.019992507914E-04    3.008932997940E+01   -7.165267742841E-05   -3.912397096349E-05
   -2.773702099123E-05    7.721583643093E-06   -2.320836013680E-05   -3.785832372352E-05    5.364041113408E-05    6.173173488396E-05    3.807618154627E-05   -7.165267742841E-05    3.945354799563E+01   -3.560229484619E-05
    1.037126669600E-05   -3.325969125275E-06    9.831553120776E-06    1.730130336799E-05   -2.806382042813E-05   -4.148434250724E-05   -5.103470405946E-05   -3.912397096349E-05   -3.560229484619E-05    5.006667474923E+01
   7.1610739656157936     
   -9.973055376445E-01   -1.033261257229E-03   -1.014394462618E-03   -1.366920438864E-03    8.410711632757E-04    4.157321877973E-04    1.836868233797E-04    7.565611369973E-05   -2.970061982832E-05    1.129349255644E-05
   -1.033261257229E-03    2.583367737327E-01   -3.230342490852E-03   -8.209050573979E-04    1.394588117715E-04   -1.121271199672E-05   -2.553104437156E-05   -1.614773022018E-05    7.937198290860E-06   -3.492473352467E-06
   -1.014394462618E-03   -3.230342490852E-03    1.975510836459E+00    1.054177026133E-03   -4.798846755498E-05    1.173101875506E-04    9.364685442186E-05    5.126228649704E-05   -2.401311440708E-05    1.036008065296E-05
   -1.366920438864E-03   -8.209050573979E-04    1.054177026133E-03    4.991362369311E+00   -4.129256746808E-04    5.927811758853E-05    1.094038045913E-04    7.403793665467E-05   -3.879600122806E-05    1.804568340078E-05
    8.410711632757E-04    1.394588117715E-04   -4.798846755498E-05   -4.129256746808E-04    9.238537153747E+00    2.271898167424E-04   -5.611494324296E-05   -8.127678487061E-05    5.419379682285E-05   -2.886695495506E-05
    4.157321877973E-04   -1.121271199672E-05    1.173101875506E-04    5.927811758853E-05    2.271898167424E-04    1.470620750837E+01    1.472276661536E-04   -4.462704056191E-05    6.134080029892E-05   -4.204182937841E-05
    1.836868233797E-04   -2.553104437156E-05    9.364685442186E-05    1.094038045913E-04   -5.611494324296E-05    1.472276661536E-04    2.139161759344E+01    1.030877420103E-04    3.679123262024E-05   -5.093427139784E-05
    7.565611369973E-05   -1.614773022018E-05    5.126228649704E-05    7.403793665467E-05   -8.127678487061E-05   -4.462704056191E-05    1.030877420103E-04    2.929381254377E+01   -7.234286113213E-05   -3.835606690780E-05
   -2.970061982832E-05    7.937198290860E-06   -2.401311440708E-05   -3.879600122806E-05    5.419379682285E-05    6.134080029892E-05    3.679123262024E-05   -7.234286113213E-05    3.841238595778E+01   -3.603253553705E-05
    1.129349255644E-05   -3.492473352467E-06    1.036008065296E-05    1.804568340078E-05   -2.886695495506E-05   -4.204182937841E-05   -5.093427139784E-05   -3.835606690780E-05   -3.603253553705E-05    4.874712330158E+01
   7.2562366825396820     
   -9.972318184747E-01   -1.017427404059E-03   -9.421056243453E-04   -1.335163953638E-03    8.392250387615E-04    4.223924254658E-04    1.898548513102E-04    7.951372885981E-05   -3.173425080871E-05    1.226727439743E-05
   -1.017427404059E-03    2.499688849097E-01   -3.150477887773E-03   -8.228361737328E-04    1.478719814714E-04   -7.229801185358E-06   -2.447655387092E-05   -1.614225660185E-05    8.138947914125E-06   -3.657988615542E-06
   -9.421056243453E-04   -3.150477887773E-03    1.919501184996E+00    1.062351748597E-03   -6.134040476545E-05    1.114532948025E-04    9.270968402002E-05    5.192769159167E-05   -2.479634590650E-05    1.089299629795E-05
   -1.335163953638E-03   -8.228361737328E-04    1.062351748597E-03    4.855806539008E+00   -4.177307084089E-04    5.345852187735E-05    1.074243123455E-04    7.438191521638E-05   -3.969809961903E-05    1.878972888053E-05
    8.392250387615E-04    1.478719814714E-04   -6.134040476545E-05   -4.177307084089E-04    8.991938875586E+00    2.296351878704E-04   -5.301838698423E-05   -8.040761439130E-05    5.469295952773E-05   -2.965358988190E-05
    4.223924254658E-04   -7.229801185358E-06    1.114532948025E-04    5.345852187735E-05    2.296351878704E-04    1.431695838858E+01    1.487698068887E-04   -4.267999531786E-05    6.090319632414E-05   -4.256493318288E-05
    1.898548513102E-04   -2.447655387092E-05    9.270968402002E-05    1.074243123455E-04   -5.301838698423E-05    1.487698068887E-04    2.082806659397E+01    1.041392537709E-04    3.550961054625E-05   -5.080049674460E-05
    7.951372885981E-05   -1.614225660185E-05    5.192769159167E-05    7.438191521638E-05   -8.040761439130E-05   -4.267999531786E-05    1.041392537709E-04    2.852429209655E+01   -7.300743777270E-05   -3.758687601992E-05
   -3.173425080871E-05    8.138947914125E-06   -2.479634590650E-05   -3.969809961903E-05    5.469295952773E-05    6.090319632414E-05    3.550961054625E-05   -7.300743777270E-05    3.740522122405E+01   -3.645192128710E-05
    1.226727439743E-05   -3.657988615542E-06    1.089299629795E-05    1.878972888053E-05   -2.965358988190E-05   -4.256493318288E-05   -5.080049674460E-05   -3.758687601992E-05   -3.645192128710E-05    4.747063620350E+01
   7.3520275362089436     
   -9.971752691561E-01   -1.001298872025E-03   -8.729830848648E-04   -1.303282232533E-03    8.366410904395E-04    4.286494355306E-04    1.959362906044E-04    8.341734659210E-05   -3.383570032479E-05    1.329296280594E-05
   -1.001298872025E-03    2.419350227375E-01   -3.070709076222E-03   -8.235379859992E-04    1.558756007571E-04   -3.246870143849E-06   -2.335293451067E-05   -1.609437307756E-05    8.325822598746E-06   -3.821834972730E-06
   -8.729830848648E-04   -3.070709076222E-03    1.865402562748E+00    1.069785873625E-03   -7.450381396835E-05    1.054329876962E-04    9.159788206159E-05    5.250515469948E-05   -2.555506257701E-05    1.142865184030E-05
   -1.303282232533E-03   -8.235379859992E-04    1.069785873625E-03    4.724730516684E+00   -4.223963222671E-04    4.763917962116E-05    1.053270287925E-04    7.463098522115E-05   -4.056223513565E-05    1.953158277339E-05
    8.366410904395E-04    1.558756007571E-04   -7.450381396835E-05   -4.223963222671E-04    8.753409435911E+00    2.320105044319E-04   -4.992371548545E-05   -7.946917086706E-05    5.513750526719E-05   -3.042216256206E-05
    4.286494355306E-04   -3.246870143849E-06    1.054329876962E-04    4.763917962116E-05    2.320105044319E-04    1.394039187526E+01    1.502624926409E-04   -4.073768843733E-05    6.042071682340E-05   -4.305330618378E-05
    1.959362906044E-04   -2.335293451067E-05    9.159788206159E-05    1.053270287925E-04   -4.992371548545E-05    1.502624926409E-04    2.028283721251E+01    1.051541981141E-04    3.423263286335E-05   -5.063453937303E-05
    8.341734659210E-05   -1.609437307756E-05    5.250515469948E-05    7.463098522115E-05   -7.946917086706E-05   -4.073768843733E-05    1.051541981141E-04    2.777975759024E+01   -7.364687243147E-05   -3.681727733664E-05
   -3.383570032479E-05    8.325822598746E-06   -2.555506257701E-05   -4.056223513565E-05    5.513750526719E-05    6.042071682340E-05    3.423263286335E-05   -7.364687243147E-05    3.643073207677E+01   -3.686054818783E-05
    1.329296280594E-05   -3.821834972730E-06    1.142865184030E-05    1.953158277339E-05   -3.042216256206E-05   -4.305330618378E-05   -5.063453937303E-05   -3.681727733664E-05   -3.686054818783E-05    4.623553964350E+01
   7.4484465266235764     
   -9.971338336609E-01   -9.849227068930E-04   -8.069500117006E-04   -1.271341599083E-03    8.333503813693E-04    4.344984862375E-04    2.019189645378E-04    8.735940360707E-05   -3.600248408839E-05    1.437073272578E-05
   -9.849227068930E-04    2.342198139445E-01   -2.991209530072E-03   -8.230763733967E-04    1.634643042114E-04    7.237726847223E-07   -2.216488636882E-05   -1.600421317461E-05    8.496892694063E-06   -3.983333928428E-06
   -8.069500117006E-04   -2.991209530072E-03    1.813139329456E+00    1.076476785670E-03   -8.745895891282E-05    9.926516892502E-05    9.031512491021E-05    5.299232757930E-05   -2.628635973523E-05    1.196535418632E-05
   -1.271341599083E-03   -8.230763733967E-04    1.076476785670E-03    4.597959900382E+00   -4.269209109539E-04    4.182601596525E-05    1.031168148778E-04    7.478499147188E-05   -4.138615126495E-05    2.026938197540E-05
    8.333503813693E-04    1.634643042114E-04   -8.745895891282E-05   -4.269209109539E-04    8.522636023255E+00    2.343167065509E-04   -4.683361708744E-05   -7.846411403947E-05    5.552717291344E-05   -3.117117608919E-05
    4.344984862375E-04    7.237726847224E-07    9.926516892502E-05    4.182601596525E-05    2.343167065509E-04    1.357601715775E+01    1.517063862967E-04   -3.880194722785E-05    5.989516312388E-05   -4.350668876734E-05
    2.019189645378E-04   -2.216488636882E-05    9.031512491021E-05    1.031168148778E-04   -4.683361708744E-05    1.517063862967E-04    1.975522107271E+01    1.061330219760E-04    3.296152470629E-05   -5.043756738956E-05
    8.735940360707E-05   -1.600421317461E-05    5.299232757930E-05    7.478499147188E-05   -7.846411403947E-05   -3.880194722785E-05    1.061330219760E-04    2.705924352188E+01   -7.426164385740E-05   -3.604809332542E-05
   -3.600248408839E-05    8.496892694063E-06   -2.628635973523E-05   -4.138615126495E-05    5.552717291344E-05    5.989516312388E-05    3.296152470629E-05   -7.426164385740E-05    3.548765632683E+01   -3.725852047025E-05
    1.437073272578E-05   -3.983333928428E-06    1.196535418632E-05    2.026938197540E-05   -3.117117608919E-05   -4.350668876734E-05   -5.043756738956E-05   -3.604809332542E-05   -3.725852047025E-05    4.504023518718E+01
   7.5454936537835806     
   -9.971056660867E-01   -9.683432271822E-04   -7.439250020566E-04   -1.239403325732E-03    8.293842494615E-04    4.399362121539E-04    2.077912280396E-04    9.133222710326E-05   -3.823185979979E-05    1.550058029035E-05
   -9.683432271822E-04    2.268086588152E-01   -2.912138213434E-03   -8.215169742141E-04    1.706348255042E-04    4.670480235898E-06   -2.091724596050E-05   -1.587211318966E-05    8.651313284416E-06   -4.141813131705E-06
   -7.439250020566E-04   -2.912138213434E-03    1.762639258252E+00    1.082423462643E-03   -1.001871421384E-04    9.296578512834E-05    8.886563270404E-05    5.338723680086E-05   -2.698743598859E-05    1.250137546247E-05
   -1.239403325732E-03   -8.215169742141E-04    1.082423462643E-03    4.475328118860E+00   -4.313028528529E-04    3.602477483510E-05    1.007986174419E-04    7.484401990675E-05   -4.216772467096E-05    2.100126538536E-05
    8.293842494615E-04    1.706348255042E-04   -1.001871421384E-04   -4.313028528529E-04    8.299319849292E+00    2.365547390022E-04   -4.375062067678E-05   -7.739511719661E-05    5.586182878927E-05   -3.189920232577E-05
    4.399362121539E-04    4.670480235898E-06    9.296578512834E-05    3.602477483510E-05    2.365547390022E-04    1.322336541026E+01    1.531021873984E-04   -3.687447431897E-05    5.932833779484E-05   -4.392490562319E-05
    2.077912280396E-04   -2.091724596050E-05    8.886563270404E-05    1.007986174419E-04   -4.375062067678E-05    1.531021873984E-04    1.924454151392E+01    1.070762042102E-04    3.169742231724E-05   -5.021075349375E-05
    9.133222710326E-05   -1.587211318966E-05    5.338723680086E-05    7.484401990675E-05   -7.739511719661E-05   -3.687447431897E-05    1.070762042102E-04    2.636182760428E+01   -7.485224208936E-05   -3.528009223202E-05
   -3.823185979979E-05    8.651313284416E-06   -2.698743598859E-05   -4.216772467096E-05    5.586182878927E-05    5.932833779484E-05    3.169742231724E-05   -7.485224208936E-05    3.457478827010E+01   -3.764594965411E-05
    1.550058029035E-05   -4.141813131705E-06    1.250137546247E-05    2.100126538536E-05   -3.189920232577E-05   -4.392490562319E-05   -5.021075349375E-05   -3.528009223202E-05   -3.764594965411E-05    4.388319592368E+01
   7.6431689176889588     
   -9.970891109959E-01   -9.516020635122E-04   -6.838230815182E-04   -1.207523861642E-03    8.247741567043E-04    4.449605542267E-04    2.135419987793E-04    9.532807173878E-05   -4.052084120482E-05    1.668232084189E-05
   -9.516020635122E-04    2.196876904785E-01   -2.833640159492E-03   -8.189248416809E-04    1.773858443334E-04    8.582291269436E-06   -1.961494929822E-05   -1.569860231251E-05    8.788327772213E-06   -4.296610903040E-06
   -6.838230815182E-04   -2.833640159492E-03    1.713833361951E+00    1.087626450112E-03   -1.126707259250E-04    8.655076576290E-05    8.725413539711E-05    5.368828683704E-05   -2.765560812788E-05    1.303496329375E-05
   -1.207523861642E-03   -8.189248416809E-04    1.087626450112E-03    4.356676033231E+00   -4.355405148448E-04    3.024102560495E-05    9.837745617098E-05    7.480838999425E-05   -4.290497034147E-05    2.172538178651E-05
    8.247741567043E-04    1.773858443334E-04   -1.126707259250E-04   -4.355405148448E-04    8.083175435972E+00    2.387255432956E-04   -4.067710381913E-05   -7.626485947576E-05    5.614146113223E-05   -3.260488447494E-05
    4.449605542267E-04    8.582291269436E-06    8.655076576290E-05    3.024102560495E-05    2.387255432956E-04    1.288198867468E+01    1.544506275259E-04   -3.495685222349E-05    5.872203894158E-05   -4.430786181493E-05
    2.135419987793E-04   -1.961494929822E-05    8.725413539711E-05    9.837745617098E-05   -4.067710381913E-05    1.544506275259E-04    1.875015197977E+01    1.079842527641E-04    3.044137655379E-05   -4.995527106629E-05
    9.532807173878E-05   -1.569860231251E-05    5.368828683704E-05    7.480838999425E-05   -7.626485947576E-05   -3.495685222349E-05    1.079842527641E-04    2.568662857048E+01   -7.541916628826E-05   -3.451399039114E-05
   -4.052084120482E-05    8.788327772213E-06   -2.765560812788E-05   -4.290497034147E-05    5.614146113223E-05    5.872203894158E-05    3.044137655379E-05   -7.541916628826E-05    3.369097581802E+01   -3.802295376707E-05
    1.668232084189E-05   -4.296610903040E-06    1.303496329375E-05    2.172538178651E-05   -3.260488447494E-05   -4.430786181493E-05   -4.995527106629E-05   -3.451399039114E-05   -3.802295376707E-05    4.276296283241E+01
   7.7414723183397083     
   -9.970826865295E-01   -9.347382108249E-04   -6.265565951305E-04   -1.175755066032E-03    8.195515524833E-04    4.495706972522E-04    2.191607835680E-04    9.933915573139E-05   -4.286621338191E-05    1.791558813343E-05
   -9.347382108249E-04    2.128437362382E-01   -2.755847075106E-03   -8.153641416024E-04    1.837178337615E-04    1.244894745259E-05   -1.826299677475E-05   -1.548439174380E-05    8.907270577385E-06   -4.447080544560E-06
   -6.265565951305E-04   -2.755847075106E-03    1.666655728830E+00    1.092087829010E-03   -1.248931492677E-04    8.003596433837E-05    8.548583724026E-05    5.389426068320E-05   -2.828832489114E-05    1.356435116092E-05
   -1.175755066032E-03   -8.153641416024E-04    1.092087829010E-03    4.241851560761E+00   -4.396322580876E-04    2.448016904718E-05    9.585841111843E-05    7.467864669583E-05   -4.359604595552E-05    2.243989749286E-05
    8.195515524833E-04    1.837178337615E-04   -1.248931492677E-04   -4.396322580876E-04    7.873929942623E+00    2.408300504335E-04   -3.761530079564E-05   -7.507601884269E-05    5.636617445942E-05   -3.328693920991E-05
    4.495706972522E-04    1.244894745259E-05    8.003596433837E-05    2.448016904718E-05    2.408300504335E-04    1.255145880621E+01    1.557524658614E-04   -3.305054794024E-05    5.807805498466E-05   -4.465553876811E-05
    2.191607835680E-04   -1.826299677475E-05    8.548583724026E-05    9.585841111843E-05   -3.761530079564E-05    1.557524658614E-04    1.827143449776E+01    1.088577019775E-04    2.919435636904E-05   -4.967229056530E-05
    9.933915573139E-05   -1.548439174380E-05    5.389426068320E-05    7.467864669583E-05   -7.507601884269E-05   -3.305054794024E-05    1.088577019775E-04    2.503280410242E+01   -7.596292275582E-05   -3.375045448513E-05
   -4.286621338191E-05    8.907270577385E-06   -2.828832489114E-05   -4.359604595552E-05    5.636617445942E-05    5.807805498466E-05    2.919435636904E-05   -7.596292275582E-05    3.283511779056E+01   -3.838965662504E-05
    1.791558813343E-05   -4.447080544560E-06    1.356435116092E-05    2.243989749286E-05   -3.328693920991E-05   -4.465553876811E-05   -4.967229056530E-05   -3.375045448513E-05   -3.838965662504E-05    4.167814135561E+01
   7.8404038557358300     
   -9.970850674470E-01   -9.177880943352E-04   -5.720360033679E-04   -1.144144447447E-03    8.137477519073E-04    4.537670060012E-04    2.246377004201E-04    1.033576959303E-04   -4.526454910740E-05    1.919983469039E-05
   -9.177880943352E-04    2.062642811466E-01   -2.678877972514E-03   -8.108978915084E-04    1.896329098137E-04    1.626090371370E-05   -1.686642007541E-05   -1.523036301144E-05    9.007568991669E-06   -4.592594405604E-06
   -5.720360033679E-04   -2.678877972514E-03    1.621043368170E+00    1.095811178945E-03   -1.368389408925E-04    7.343710235195E-05    8.356638008934E-05    5.400431814443E-05   -2.888317954128E-05    1.408776874928E-05
   -1.144144447447E-03   -8.108978915084E-04    1.095811178945E-03    4.130709320499E+00   -4.435764450628E-04    1.874744260031E-05    9.324661082914E-05    7.445555209319E-05   -4.423925550982E-05    2.314300373179E-05
    8.137477519073E-04    1.896329098137E-04   -1.368389408925E-04   -4.435764450628E-04    7.671322531660E+00    2.428691744802E-04   -3.456731053096E-05   -7.383126575285E-05    5.653618389630E-05   -3.394415839122E-05
    4.537670060012E-04    1.626090371370E-05    7.343710235195E-05    1.874744260031E-05    2.428691744802E-04    1.223136647926E+01    1.570084849905E-04   -3.115691759833E-05    5.739815992715E-05   -4.496799021815E-05
    2.246377004201E-04   -1.686642007541E-05    8.356638008934E-05    9.324661082914E-05   -3.456731053096E-05    1.570084849905E-04    1.780779824517E+01    1.096971100233E-04    2.795725226362E-05   -4.936297623037E-05
    1.033576959303E-04   -1.523036301144E-05    5.400431814443E-05    7.445555209319E-05   -7.383126575285E-05   -3.115691759833E-05    1.096971100233E-04    2.439954887712E+01   -7.648402314254E-05   -3.299010375296E-05
   -4.526454910740E-05    9.007568991669E-06   -2.888317954128E-05   -4.423925550982E-05    5.653618389630E-05    5.739815992715E-05    2.795725226362E-05   -7.648402314254E-05    3.200616136262E+01   -3.874618717589E-05
    1.919983469039E-05   -4.592594405604E-06    1.408776874928E-05    2.314300373179E-05   -3.394415839122E-05   -4.496799021815E-05   -4.936297623037E-05   -3.299010375296E-05   -3.874618717589E-05    4.062739816499E+01
   7.9399635298773239     
   -9.970950707143E-01   -9.007856439043E-04   -5.201705836978E-04   -1.112735401980E-03    8.073938265875E-04    4.575509599122E-04    2.299634962285E-04    1.073759416179E-04   -4.771222613289E-05    2.053433330796E-05
   -9.007856439043E-04    1.999374333913E-01   -2.602839808809E-03   -8.055877360977E-04    1.951346840090E-04    2.000933241960E-05   -1.543025122407E-05   -1.493755563174E-05    9.088744205407E-06   -4.732547666651E-06
   -5.201705836978E-04   -2.602839808809E-03    1.576936064100E+00    1.098801535634E-03   -1.484937282663E-04    6.676971595534E-05    8.150180572461E-05    5.401799184917E-05   -2.943792117418E-05    1.460345219081E-05
   -1.112735401980E-03   -8.055877360977E-04    1.098801535634E-03    4.023110298333E+00   -4.473714472538E-04    1.304792491888E-05    9.054722095271E-05    7.414007668550E-05   -4.483305220596E-05    2.383292372377E-05
    8.073938265875E-04    1.951346840090E-04   -1.484937282663E-04   -4.473714472538E-04    7.475103769381E+00    2.448438067761E-04   -3.153510434268E-05   -7.253325742246E-05    5.665180948619E-05   -3.457541038590E-05
    4.575509599122E-04    2.000933241960E-05    6.676971595534E-05    1.304792491888E-05    2.448438067761E-04    1.192132024852E+01    1.582194868700E-04   -2.927721110509E-05    5.668410907027E-05   -4.524533813585E-05
    2.299634962285E-04   -1.543025122407E-05    8.150180572461E-05    9.054722095271E-05   -3.153510434268E-05    1.582194868700E-04    1.735867819504E+01    1.105030564499E-04    2.673087968637E-05   -4.902848306933E-05
    1.073759416179E-04   -1.493755563174E-05    5.401799184917E-05    7.414007668550E-05   -7.253325742246E-05   -2.927721110509E-05    1.105030564499E-04    2.378609272185E+01   -7.698298281654E-05   -3.223351213488E-05
   -4.771222613289E-05    9.088744205407E-06   -2.943792117418E-05   -4.483305220596E-05    5.665180948619E-05    5.668410907027E-05    2.673087968637E-05   -7.698298281654E-05    3.120309965304E+01   -3.909267889564E-05
    2.053433330796E-05   -4.732547666651E-06    1.460345219081E-05    2.383292372377E-05   -3.457541038590E-05   -4.524533813585E-05   -4.902848306933E-05   -3.223351213488E-05   -3.909267889564E-05    3.960945810904E+01
   8.0401513407641900     
   -9.971116413741E-01   -8.837623774237E-04   -4.708690489995E-04   -1.081567451005E-03    8.005205083886E-04    4.609250873665E-04    2.351295604069E-04    1.113862069229E-04   -5.020544522223E-05    2.191817964294E-05
   -8.837623774237E-04    1.938518916322E-01   -2.527828134470E-03   -7.994937581237E-04    2.002281202107E-04    2.368612201611E-05   -1.395949388065E-05   -1.460715429987E-05    9.150411558015E-06   -4.866361822580E-06
   -4.708690489995E-04   -2.527828134470E-03    1.534276237892E+00    1.101065344306E-03   -1.598442426772E-04    6.004910561530E-05    7.929851753711E-05    5.393518115097E-05   -2.995046472593E-05    1.510965411910E-05
   -1.081567451005E-03   -7.994937581237E-04    1.101065344306E-03    3.918921531094E+00   -4.510156536864E-04    7.386539752864E-06    8.776543336700E-05    7.373339043801E-05   -4.537604063808E-05    2.450791943726E-05
    8.005205083886E-04    2.002281202107E-04   -1.598442426772E-04   -4.510156536864E-04    7.285035060564E+00    2.467548109044E-04   -2.852053350328E-05   -7.118463270492E-05    5.671347053138E-05   -3.517964101959E-05
    4.609250873665E-04    2.368612201611E-05    6.004910561530E-05    7.386539752864E-06    2.467548109044E-04    1.162094566277E+01    1.593862890073E-04   -2.741257679757E-05    5.593763517485E-05   -4.548776866581E-05
    2.351295604069E-04   -1.395949388065E-05    7.929851753711E-05    8.776543336700E-05   -2.852053350328E-05    1.593862890073E-04    1.692353383791E+01    1.112761398413E-04    2.551598238519E-05   -4.866995412490E-05
    1.113862069229E-04   -1.460715429987E-05    5.393518115097E-05    7.373339043801E-05   -7.118463270492E-05   -2.741257679757E-05    1.112761398413E-04    2.319169887261E+01   -7.746031939383E-05   -3.148121035646E-05
   -5.020544522223E-05    9.150411558015E-06   -2.995046472593E-05   -4.537604063808E-05    5.671347053138E-05    5.593763517485E-05    2.551598238519E-05   -7.746031939383E-05    3.042496944844E+01   -3.942926923875E-05
    2.191817964294E-05   -4.866361822580E-06    1.510965411910E-05    2.450791943726E-05   -3.517964101959E-05   -4.548776866581E-05   -4.866995412490E-05   -3.148121035646E-05   -3.942926923875E-05    3.862310133100E+01
   8.1409672883964284     
   -9.971338407018E-01   -8.667474890322E-04   -4.240400854500E-04   -1.050676473364E-03    7.931581039512E-04    4.638928994555E-04    2.401279345055E-04    1.153809016475E-04   -5.274024878018E-05    2.335029585558E-05
   -8.667474890322E-04    1.879969139716E-01   -2.453927736701E-03   -7.926743200340E-04    2.049193961659E-04    2.728387066089E-05   -1.245909693594E-05   -1.424047574551E-05    9.192280046206E-06   -4.993487839893E-06
   -4.240400854500E-04   -2.453927736701E-03    1.493008817568E+00    1.102610407956E-03   -1.708783203653E-04    5.329028879966E-05    7.696324177166E-05    5.375614401015E-05   -3.041889962717E-05    1.560465344843E-05
   -1.050676473364E-03   -7.926743200340E-04    1.102610407956E-03    3.818015807769E+00   -4.545074797849E-04    1.768059157207E-06    8.490645572142E-05    7.323685358771E-05   -4.586697828933E-05    2.516629798735E-05
    7.931581039512E-04    2.049193961659E-04   -1.708783203653E-04   -4.545074797849E-04    7.100888113940E+00    2.486030182606E-04   -2.552533656327E-05   -6.978800750632E-05    5.672167997707E-05   -3.575587417736E-05
    4.638928994555E-04    2.728387066089E-05    5.329028879966E-05    1.768059157207E-06    2.486030182606E-04    1.132988442736E+01    1.605097207937E-04   -2.556406606846E-05    5.516044503152E-05   -4.569552809134E-05
    2.401279345055E-04   -1.245909693594E-05    7.696324177166E-05    8.490645572142E-05   -2.552533656327E-05    1.605097207937E-04    1.650184797393E+01    1.120169755625E-04    2.431323569187E-05   -4.828851799802E-05
    1.153809016475E-04   -1.424047574551E-05    5.375614401015E-05    7.323685358771E-05   -6.978800750632E-05   -2.556406606846E-05    1.120169755625E-04    2.261566232856E+01   -7.791655140453E-05   -3.073368794221E-05
   -5.274024878018E-05    9.192280046206E-06   -3.041889962717E-05   -4.586697828933E-05    5.672167997707E-05    5.516044503152E-05    2.431323569187E-05   -7.791655140453E-05    2.967084905264E+01   -3.975609913280E-05
    2.335029585558E-05   -4.993487839893E-06    1.560465344843E-05    2.516629798735E-05   -3.575587417736E-05   -4.569552809134E-05   -4.828851799802E-05   -3.073368794221E-05   -3.975609913280E-05    3.766716054591E+01
   8.2424113727740398     
   -9.971608342207E-01   -8.497679433153E-04   -3.795928207628E-04   -1.020094933536E-03    7.853364206505E-04    4.664588242332E-04    2.449513182157E-04    1.193525604484E-04   -5.531253993064E-05    2.482943524494E-05
   -8.497679433153E-04    1.823622886969E-01   -2.381213281206E-03   -7.851859357818E-04    2.092157708709E-04    3.079587549262E-05   -1.093393044771E-05   -1.383895541826E-05    9.214151152785E-06   -5.113408979767E-06
   -3.795928207628E-04   -2.381213281206E-03    1.453081115053E+00    1.103445832554E-03   -1.815848998789E-04    4.650795590154E-05    7.450298866945E-05    5.348148704462E-05   -3.084149710511E-05    1.608676480922E-05
   -1.020094933536E-03   -7.851859357818E-04    1.103445832554E-03    3.720271387614E+00   -4.578453768521E-04   -3.802893911332E-06    8.197550143262E-05    7.265200728579E-05   -4.630477638316E-05    2.580641766492E-05
    7.853364206505E-04    2.092157708709E-04   -1.815848998789E-04   -4.578453768521E-04    6.922444437588E+00    2.503892243527E-04   -2.255114643591E-05   -6.834597073797E-05    5.667703888384E-05   -3.630321208692E-05
    4.664588242332E-04    3.079587549262E-05    4.650795590154E-05   -3.802893911332E-06    2.503892243527E-04    1.104779361329E+01    1.615906200482E-04   -2.373263797026E-05    5.435421643828E-05   -4.586891885779E-05
    2.449513182157E-04   -1.093393044771E-05    7.450298866945E-05    8.197550143262E-05   -2.255114643591E-05    1.615906200482E-04    1.609312557196E+01    1.127261936111E-04    2.312324974647E-05   -4.788528662651E-05
    1.193525604484E-04   -1.383895541826E-05    5.348148704462E-05    7.265200728579E-05   -6.834597073797E-05   -2.373263797026E-05    1.127261936111E-04    2.205730829750E+01   -7.835219709913E-05   -2.999139516520E-05
   -5.531253993064E-05    9.214151152785E-06   -3.084149710511E-05   -4.630477638316E-05    5.667703888384E-05    5.435421643828E-05    2.312324974647E-05   -7.835219709913E-05    2.893985625494E+01   -4.007331252060E-05
    2.482943524494E-05   -5.113408979767E-06    1.608676480922E-05    2.580641766492E-05   -3.630321208692E-05   -4.586891885779E-05   -4.788528662651E-05   -2.999139516520E-05   -4.007331252060E-05    3.674051846805E+01
   8.3444835938970225     
   -9.971918816595E-01   -8.328485716025E-04   -3.374372251559E-04   -9.898521014492E-04    7.770847017699E-04    4.686281412343E-04    2.495930717711E-04    1.232938702079E-04   -5.791810188066E-05    2.635418781802E-05
   -8.328485716025E-04    1.769383064963E-01   -2.309749939866E-03   -7.770831681807E-04    2.131254577868E-04    3.421611801302E-05   -9.388763909231E-06   -1.340413411805E-05    9.215917038604E-06   -5.225643271191E-06
   -3.374372251559E-04   -2.309749939866E-03    1.414442709791E+00    1.103581968035E-03   -1.919540156582E-04    3.971642939511E-05    7.192501367649E-05    5.311215385766E-05   -3.121671610698E-05    1.655434756261E-05
   -9.898521014492E-04   -7.770831681807E-04    1.103581968035E-03    3.625571733377E+00   -4.610278416182E-04   -9.321843589907E-06    7.897778004863E-05    7.198056407541E-05   -4.668850009921E-05    2.642669357103E-05
    7.770847017699E-04    2.131254577868E-04   -1.919540156582E-04   -4.610278416182E-04    6.749494861581E+00    2.521141856682E-04   -1.959949720092E-05   -6.686108073882E-05    5.658023099126E-05   -3.682083529918E-05
    4.686281412343E-04    3.421611801302E-05    3.971642939511E-05   -9.321843589907E-06    2.521141856682E-04    1.077434490912E+01    1.626298297119E-04   -2.191916377092E-05    5.352059554716E-05   -4.600829566211E-05
    2.495930717711E-04   -9.388763909231E-06    7.192501367649E-05    7.897778004863E-05   -1.959949720092E-05    1.626298297119E-04    1.569689269077E+01    1.134044365426E-04    2.194657264741E-05   -4.746135329562E-05
    1.232938702079E-04   -1.340413411805E-05    5.311215385766E-05    7.198056407541E-05   -6.686108073882E-05   -2.191916377092E-05    1.134044365426E-04    2.151599072611E+01   -7.876777336917E-05   -2.925474492491E-05
   -5.791810188066E-05    9.215917038604E-06   -3.121671610698E-05   -4.668850009921E-05    5.658023099126E-05    5.352059554716E-05    2.194657264741E-05   -7.876777336917E-05    2.823114640924E+01   -4.038105594007E-05
    2.635418781802E-05   -5.225643271191E-06    1.655434756261E-05    2.642669357103E-05   -3.682083529918E-05   -4.600829566211E-05   -4.746135329562E-05   -2.925474492491E-05   -4.038105594008E-05    3.584210537875E+01
   8.4471839517653784     
   -9.972263275271E-01   -8.160121705897E-04   -2.974844534254E-04   -9.599742646054E-04    7.684315709007E-04    4.704069168827E-04    2.540472150766E-04    1.271976955459E-04   -6.055261743179E-05    2.792298672471E-05
   -8.160121705897E-04    1.717157341876E-01   -2.239594005472E-03   -7.684185504197E-04    2.166575045395E-04    3.753924614827E-05   -7.828246833348E-06   -1.293764470225E-05    9.197558160755E-06   -5.329745632261E-06
   -2.974844534254E-04   -2.239594005472E-03    1.377045338791E+00    1.103030346402E-03   -2.019767880273E-04    3.292962633882E-05    6.923677899405E-05    5.264941182350E-05   -3.154320786164E-05    1.700581433552E-05
   -9.599742646054E-04   -7.684185504197E-04    1.103030346402E-03    3.533805259152E+00   -4.640534259707E-04   -1.478445964307E-05    7.591848799050E-05    7.122439825898E-05   -4.701736819255E-05    2.702560284609E-05
    7.684315709007E-04    2.166575045395E-04   -2.019767880273E-04   -4.640534259707E-04    6.581839086731E+00    2.537786171609E-04   -1.667183062325E-05   -6.533586214964E-05    5.643201740093E-05   -3.730800239462E-05
    4.704069168827E-04    3.753924614827E-05    3.292962633882E-05   -1.478445964307E-05    2.537786171609E-04    1.050922391383E+01    1.636281947224E-04   -2.012443145924E-05    5.266119456927E-05   -4.611406163054E-05
    2.540472150766E-04   -7.828246833348E-06    6.923677899405E-05    7.591848799050E-05   -1.667183062325E-05    1.636281947224E-04    1.531269545894E+01    1.140523574800E-04    2.078369353055E-05   -4.701779087408E-05
    1.271976955459E-04   -1.293764470225E-05    5.264941182350E-05    7.122439825898E-05   -6.533586214964E-05   -2.012443145924E-05    1.140523574800E-04    2.099109091017E+01   -7.916379478005E-05   -2.852411455756E-05
   -6.055261743179E-05    9.197558160755E-06   -3.154320786164E-05   -4.701736819255E-05    5.643201740093E-05    5.266119456927E-05    2.078369353055E-05   -7.916379478005E-05    2.754391061765E+01   -4.067947814210E-05
    2.792298672471E-05   -5.329745632261E-06    1.700581433552E-05    2.702560284609E-05   -3.730800239462E-05   -4.611406163054E-05   -4.701779087408E-05   -2.852411455756E-05   -4.067947814210E-05    3.497089682664E+01
   8.5505124463791038     
   -9.972635925305E-01   -7.992796018854E-04   -2.596471333025E-04   -9.304849313271E-04    7.594049846216E-04    4.718019409804E-04    2.583084237562E-04    1.310571024012E-04   -6.321168849825E-05    2.953411548684E-05
   -7.992796018854E-04    1.666857898516E-01   -2.170793489437E-03   -7.592425290489E-04    2.198216792927E-04    4.076055347636E-05   -6.256891606612E-06   -1.244119897695E-05    9.159140374078E-06   -5.425309637977E-06
   -2.596471333025E-04   -2.170793489437E-03    1.340842792631E+00    1.101803617146E-03   -2.116454097272E-04    2.616102425667E-05    6.644591567949E-05    5.209483748708E-05   -3.181981909519E-05    1.743963902009E-05
   -9.304849313271E-04   -7.592425290489E-04    1.101803617146E-03    3.444865091888E+00   -4.669207466957E-04   -2.018655648730E-05    7.280279964552E-05    7.038553618248E-05   -4.729075204372E-05    2.760168948146E-05
    7.594049846216E-04    2.198216792927E-04   -2.116454097272E-04   -4.669207466957E-04    6.419285257733E+00    2.553831903141E-04   -1.376950237124E-05   -6.377280320050E-05    5.623323139182E-05   -3.776404943748E-05
    4.718019409804E-04    4.076055347636E-05    2.616102425667E-05   -2.018655648730E-05    2.553831903141E-04    1.025212946779E+01    1.645865590598E-04   -1.834915018833E-05    5.177758981543E-05   -4.618666459671E-05
    2.583084237562E-04   -6.256891606612E-06    6.644591567949E-05    7.280279964552E-05   -1.376950237124E-05    1.645865590598E-04    1.494009910999E+01    1.146706181987E-04    1.963504557358E-05   -4.655565026208E-05
    1.310571024012E-04   -1.244119897695E-05    5.209483748708E-05    7.038553618248E-05   -6.377280320050E-05   -1.834915018833E-05    1.146706181987E-04    2.048201617996E+01   -7.954077270439E-05   -2.779984757884E-05
   -6.321168849825E-05    9.159140374078E-06   -3.181981909519E-05   -4.729075204372E-05    5.623323139182E-05    5.177758981543E-05    1.963504557358E-05   -7.954077270439E-05    2.687737401241E+01   -4.096872974243E-05
    2.953411548684E-05   -5.425309637977E-06    1.743963902009E-05    2.760168948146E-05   -3.776404943748E-05   -4.618666459671E-05   -4.655565026208E-05   -2.779984757884E-05   -4.096872974243E-05    3.412591145212E+01
   8.6544690777382058     
   -9.973031656084E-01   -7.826698917364E-04   -2.238396057219E-04   -9.014050247888E-04    7.500321928447E-04    4.728206645560E-04    2.623720223644E-04    1.348653796429E-04   -6.589085550234E-05    3.118571594641E-05
   -7.826698917364E-04    1.618401193064E-01   -2.103388700719E-03   -7.496034262993E-04    2.226283639831E-04    4.387595609700E-05   -4.679058549072E-06   -1.191657487038E-05    9.100811575797E-06   -5.511968937880E-06
   -2.238396057219E-04   -2.103388700719E-03    1.305790817102E+00    1.099915480560E-03   -2.209531291688E-04    1.942363042011E-05    6.356018650446E-05    5.145030074511E-05   -3.204559393132E-05    1.785436419004E-05
   -9.014050247888E-04   -7.496034262993E-04    1.099915480560E-03    3.358648845785E+00   -4.696284951615E-04   -2.552409265773E-05    6.963585879922E-05    6.946614646856E-05   -4.750817417137E-05    2.815356870586E-05
    7.500321928447E-04    2.226283639831E-04   -2.209531291688E-04   -4.696284951615E-04    6.261649559332E+00    2.569285317638E-04   -1.089378792455E-05   -6.217435337947E-05    5.598477338099E-05   -3.818838920074E-05
    4.728206645560E-04    4.387595609700E-05    1.942363042011E-05   -2.552409265773E-05    2.569285317638E-04    1.000277301985E+01    1.655057629688E-04   -1.659395464902E-05    5.087132005317E-05   -4.622659349287E-05
    2.623720223644E-04   -4.679058549072E-06    6.356018650446E-05    6.963585879922E-05   -1.089378792455E-05    1.655057629688E-04    1.457868706943E+01    1.152598872870E-04    1.850100892561E-05   -4.607595904009E-05
    1.348653796429E-04   -1.191657487038E-05    5.145030074511E-05    6.946614646856E-05   -6.217435337947E-05   -1.659395464902E-05    1.152598872870E-04    1.998819865634E+01   -7.989921454797E-05   -2.708225536087E-05
   -6.589085550234E-05    9.100811575797E-06   -3.204559393132E-05   -4.750817417137E-05    5.598477338099E-05    5.087132005317E-05    1.850100892561E-05   -7.989921454797E-05    2.623079413009E+01   -4.124896290538E-05
    3.118571594641E-05   -5.511968937880E-06    1.785436419004E-05    2.815356870586E-05   -3.818838920074E-05   -4.622659349287E-05   -4.607595904009E-05   -2.708225536087E-05   -4.124896290538E-05    3.330620892888E+01
   8.7590538458426774     
   -9.973445968145E-01   -7.662003298157E-04   -1.899781216459E-04   -8.727530671005E-04    7.403397059516E-04    4.734711391857E-04    2.662339749481E-04    1.386160586713E-04   -6.858561652055E-05    3.287579685406E-05
   -7.662003298157E-04    1.571707738287E-01   -2.037412803127E-03   -7.395474193165E-04    2.250884544089E-04    4.688196756377E-05   -3.098943101727E-06   -1.136560397237E-05    9.022797950969E-06   -5.589398329160E-06
   -1.899781216459E-04   -2.037412803127E-03    1.271847020084E+00    1.097380619118E-03   -2.298942305671E-04    1.272995451887E-05    6.058744974635E-05    5.071794796696E-05   -3.221977451250E-05    1.824860789251E-05
   -8.727530671005E-04   -7.395474193165E-04    1.097380619118E-03    3.275058408715E+00   -4.721754467826E-04   -3.079317066484E-05    6.642277038580E-05    6.846853022076E-05   -4.766930623490E-05    2.867993093943E-05
    7.403397059516E-04    2.250884544089E-04   -2.298942305671E-04   -4.721754467826E-04    6.108755834021E+00    2.584152224318E-04   -8.045888162499E-06   -6.054292144529E-05    5.568760603606E-05   -3.858051018200E-05
    4.734711391857E-04    4.688196756377E-05    1.272995451887E-05   -3.079317066484E-05    2.584152224318E-04    9.760878028125E+00    1.663866403464E-04   -1.485940936323E-05    4.994388515745E-05   -4.623437486219E-05
    2.662339749481E-04   -3.098943101727E-06    6.058744974635E-05    6.642277038580E-05   -8.045888162499E-06    1.663866403464E-04    1.422806009048E+01    1.158208383746E-04    1.738191355975E-05   -4.557972030550E-05
    1.386160586713E-04   -1.136560397237E-05    5.071794796696E-05    6.846853022076E-05   -6.054292144529E-05   -1.485940936323E-05    1.158208383746E-04    1.950909407327E+01   -8.023962305724E-05   -2.637161874401E-05
   -6.858561652055E-05    9.022797950969E-06   -3.221977451250E-05   -4.766930623490E-05    5.568760603606E-05    4.994388515745E-05    1.738191355975E-05   -8.023962305724E-05    2.560345937267E+01   -4.152033105560E-05
    3.287579685406E-05   -5.589398329160E-06    1.824860789251E-05    2.867993093943E-05   -3.858051018200E-05   -4.623437486219E-05   -4.557972030550E-05   -2.637161874401E-05   -4.152033105560E-05    3.251088801531E+01
   8.8642667506925203     
   -9.973874913184E-01   -7.498865660618E-04   -1.579809998752E-04   -8.445453529049E-04    7.303532678682E-04    4.737619578506E-04    2.698908731349E-04    1.423029309782E-04   -7.129144605877E-05    3.460224301626E-05
   -7.498865660618E-04    1.526701890353E-01   -1.972892348769E-03   -7.291185340212E-04    2.272132670657E-04    4.977567225562E-05   -1.520565054602E-06   -1.079015951264E-05    8.925399875745E-06   -5.657314493822E-06
   -1.579809998752E-04   -1.972892348769E-03    1.238970783263E+00    1.094214627055E-03   -2.384640111057E-04    6.091984696245E-06    5.753562407225E-05    4.990018421190E-05   -3.234180038627E-05    1.862106978026E-05
   -8.445453529049E-04   -7.291185340212E-04    1.094214627055E-03    3.193999739851E+00   -4.745604700886E-04   -3.599003718301E-05    6.316859253988E-05    6.739511121801E-05   -4.777396655367E-05    2.917954531047E-05
    7.303532678682E-04    2.272132670657E-04   -2.384640111057E-04   -4.745604700886E-04    5.960435219887E+00    2.598437971046E-04   -5.226934627442E-06   -5.888087374751E-05    5.534274954220E-05   -3.893997542826E-05
    4.737619578506E-04    4.977567225562E-05    6.091984696245E-06   -3.599003718301E-05    2.598437971046E-04    9.526179392502E+00    1.672300162821E-04   -1.314601288785E-05    4.899674503213E-05   -4.621056949781E-05
    2.698908731349E-04   -1.520565054602E-06    5.753562407225E-05    6.316859253988E-05   -5.226934627442E-06    1.672300162821E-04    1.388783543557E+01    1.163541484204E-04    1.627804204733E-05   -4.506791168387E-05
    1.423029309782E-04   -1.079015951264E-05    4.990018421190E-05    6.739511121801E-05   -5.888087374751E-05   -1.314601288785E-05    1.163541484204E-04    1.904418066261E+01   -8.056249569691E-05   -2.566818958449E-05
   -7.129144605877E-05    8.925399875745E-06   -3.234180038627E-05   -4.777396655367E-05    5.534274954220E-05    4.899674503213E-05    1.627804204733E-05   -8.056249569691E-05    2.499468755009E+01   -4.178298861375E-05
    3.460224301626E-05   -5.657314493822E-06    1.862106978026E-05    2.917954531047E-05   -3.893997542826E-05   -4.621056949781E-05   -4.506791168387E-05   -2.566818958449E-05   -4.178298861375E-05    3.173908470914E+01
   8.9701077922877364     
   -9.974315031040E-01   -7.337427065226E-04   -1.277687518916E-04   -8.167961141546E-04    7.200978353898E-04    4.737021978916E-04    2.733399221393E-04    1.459200637307E-04   -7.400381337046E-05    3.636282492310E-05
   -7.337427065226E-04    1.483311649600E-01   -1.909847791106E-03   -7.183586529642E-04    2.290144530069E-04    5.255469764018E-05    5.224029441593E-08   -1.019214484736E-05    8.808987542158E-06   -5.715476416568E-06
   -1.277687518916E-04   -1.909847791106E-03    1.207123178738E+00    1.090433939689E-03   -2.466587554807E-04   -4.788330606461E-07    5.441265471528E-05    4.899965473634E-05   -3.241130672964E-05    1.897053656702E-05
   -8.167961141546E-04   -7.183586529642E-04    1.090433939689E-03    3.115382678290E+00   -4.767825356512E-04   -4.111108352560E-05    5.987832897624E-05    6.624842615169E-05   -4.782211718911E-05    2.965126274155E-05
    7.200978353898E-04    2.290144530069E-04   -2.466587554807E-04   -4.767825356512E-04    5.816525807920E+00    2.612147445456E-04   -2.437994469281E-06   -5.719053284413E-05    5.495127704295E-05   -3.926642119712E-05
    4.737021978916E-04    5.255469764018E-05   -4.788330606461E-07   -4.111108352560E-05    2.612147445456E-04    9.298422917396E+00    1.680367047984E-04   -1.145420193013E-05    4.803131879489E-05   -4.615576922312E-05
    2.733399221393E-04    5.224029441592E-08    5.441265471528E-05    5.987832897624E-05   -2.437994469281E-06    1.680367047984E-04    1.355764610138E+01    1.168604960810E-04    1.518963225948E-05   -4.454148451157E-05
    1.459200637307E-04   -1.019214484736E-05    4.899965473634E-05    6.624842615169E-05   -5.719053284413E-05   -1.145420193013E-05    1.168604960810E-04    1.859295809827E+01   -8.086832410263E-05   -2.497219224464E-05
   -7.400381337046E-05    8.808987542158E-06   -3.241130672964E-05   -4.782211718911E-05    5.495127704295E-05    4.803131879489E-05    1.518963225948E-05   -8.086832410263E-05    2.440382450016E+01   -4.203709075916E-05
    3.636282492310E-05   -5.715476416568E-06    1.897053656702E-05    2.965126274155E-05   -3.926642119712E-05   -4.615576922312E-05   -4.454148451157E-05   -2.497219224464E-05   -4.203709075916E-05    3.098997049993E+01
   9.0765769706283255     
   -9.974763302493E-01   -7.177814056279E-04   -9.926417540056E-05   -7.895176737854E-04    7.095975619266E-04    4.733013655918E-04    2.765789246581E-04    1.494618133044E-04   -7.671820019289E-05    3.815520877029E-05
   -7.177814056279E-04    1.441468471272E-01   -1.848293970851E-03   -7.073075337201E-04    2.305039180937E-04    5.521718564578E-05    1.615829146366E-06   -9.573482496719E-06    8.673996350394E-06   -5.763685492312E-06
   -9.926417540056E-05   -1.848293970851E-03    1.176266889768E+00    1.086055761269E-03   -2.544757078422E-04   -6.971612278585E-06    5.122648101278E-05    4.801922590583E-05   -3.242812145226E-05    1.929588677738E-05
   -7.895176737854E-04   -7.073075337201E-04    1.086055761269E-03    3.039120761415E+00   -4.788407243315E-04   -4.615284634267E-05    5.655692164505E-05    6.503111488970E-05   -4.781386059853E-05    3.009401859626E-05
    7.095975619266E-04    2.305039180937E-04   -2.544757078422E-04   -4.788407243315E-04    5.676872316946E+00    2.625285079422E-04    3.199249406466E-07   -5.547417635855E-05    5.451431023632E-05   -3.955955546111E-05
    4.733013655918E-04    5.521718564578E-05   -6.971612278585E-06   -4.615284634267E-05    2.625285079422E-04    9.077364802376E+00    1.688075067222E-04   -9.784355356553E-06    4.704898418914E-05   -4.607059380602E-05
    2.765789246581E-04    1.615829146366E-06    5.122648101278E-05    5.655692164505E-05    3.199249406467E-07    1.688075067222E-04    1.323714008416E+01    1.173405601265E-04    1.411687998852E-05   -4.400136316873E-05
    1.494618133044E-04   -9.573482496719E-06    4.801922590583E-05    6.503111488970E-05   -5.547417635855E-05   -9.784355356553E-06    1.173405601265E-04    1.815494649521E+01   -8.115759358398E-05   -2.428382502170E-05
   -7.671820019289E-05    8.673996350394E-06   -3.242812145226E-05   -4.781386059853E-05    5.451431023632E-05    4.704898418914E-05    1.411687998852E-05   -8.115759358398E-05    2.383024278046E+01   -4.228279320940E-05
    3.815520877029E-05   -5.763685492312E-06    1.929588677738E-05    3.009401859626E-05   -3.955955546111E-05   -4.607059380602E-05   -4.400136316873E-05   -2.428382502170E-05   -4.228279320940E-05    3.026275071281E+01
   9.1836742857142859     
   -9.975217092769E-01   -7.020139571966E-04   -7.239242304244E-05   -7.627205914499E-04    6.988757867900E-04    4.725693432562E-04    2.796062631943E-04    1.529228369197E-04   -7.943011785528E-05    3.997696680297E-05
   -7.020139571966E-04    1.401107087329E-01   -1.788240582074E-03   -6.960028384275E-04    2.316937501100E-04    5.776176360733E-05    3.166754509223E-06   -8.936103784843E-06    8.520922132790E-06   -5.801785347763E-06
   -7.239242304244E-05   -1.788240582074E-03    1.146366135997E+00    1.081097993814E-03   -2.619130416341E-04   -1.337604013288E-05    4.798500550713E-05    4.696196572371E-05   -3.239226127945E-05    1.959609479593E-05
   -7.627205914499E-04   -6.960028384275E-04    1.081097993814E-03    2.965131053185E+00   -4.807342354054E-04   -5.111200851069E-05    5.320924372030E-05    6.374591084098E-05   -4.774943592100E-05    3.050683490513E-05
    6.988757867900E-04    2.316937501100E-04   -2.619130416341E-04   -4.807342354054E-04    5.541325786046E+00    2.637854858773E-04    3.045871710704E-06   -5.373403608619E-05    5.403301515497E-05   -3.981915628789E-05
    4.725693432562E-04    5.776176360733E-05   -1.337604013288E-05   -5.111200851069E-05    2.637854858773E-04    8.862771159878E+00    1.695432077798E-04   -8.136798102535E-06    4.605107722683E-05   -4.595568802614E-05
    2.796062631943E-04    3.166754509223E-06    4.798500550713E-05    5.320924372030E-05    3.045871710704E-06    1.695432077798E-04    1.292597968392E+01    1.177950179471E-04    1.305994149933E-05   -4.344844456623E-05
    1.529228369197E-04   -8.936103784843E-06    4.696196572371E-05    6.374591084098E-05   -5.373403608619E-05   -8.136798102535E-06    1.177950179471E-04    1.772968546142E+01   -8.143078269539E-05   -2.360326152587E-05
   -7.943011785528E-05    8.520922132790E-06   -3.239226127945E-05   -4.774943592100E-05    5.403301515497E-05    4.605107722683E-05    1.305994149933E-05   -8.143078269539E-05    2.327334042903E+01   -4.252025202501E-05
    3.997696680297E-05   -5.801785347763E-06    1.959609479593E-05    3.050683490513E-05   -3.981915628789E-05   -4.595568802614E-05   -4.344844456623E-05   -2.360326152587E-05   -4.252025202501E-05    2.955666293925E+01
   9.2913997375456177     
   -9.975674121614E-01   -6.864503799982E-04   -4.708104581983E-05   -7.364137972840E-04    6.879550271431E-04    4.715163377125E-04    2.824208805139E-04    1.562981022256E-04   -8.213512361581E-05    4.182558788652E-05
   -6.864503799982E-04    1.362165336430E-01   -1.729692607522E-03   -6.844801698370E-04    2.325961515544E-04    6.018751480845E-05    4.701769888250E-06   -8.281939102143E-06    8.350316243455E-06   -5.829661384411E-06
   -4.708104581983E-05   -1.729692607522E-03    1.117386602063E+00    1.075579164172E-03   -2.689698271248E-04   -1.968238850610E-05    4.469606459219E-05    4.583112404003E-05   -3.230392684261E-05    1.987023418902E-05
   -7.364137972840E-04   -6.844801698370E-04    1.075579164172E-03    2.893333980688E+00   -4.824623935800E-04   -5.598540012374E-05    4.984009283556E-05    6.239563136650E-05   -4.762921488092E-05    3.088882215432E-05
    6.879550271431E-04    2.325961515544E-04   -2.689698271248E-04   -4.824623935800E-04    5.409743282182E+00    2.649860334540E-04    5.738945456516E-06   -5.197229727005E-05    5.350859808825E-05   -4.004507008871E-05
    4.715163377125E-04    6.018751480845E-05   -1.968238850610E-05   -5.598540012374E-05    2.649860334540E-04    8.654417557171E+00    1.702445767714E-04   -6.511804959148E-06    4.503889201091E-05   -4.581171887284E-05
    2.824208805139E-04    4.701769888250E-06    4.469606459219E-05    4.984009283556E-05    5.738945456516E-06    1.702445767714E-04    1.262384084401E+01    1.182245440807E-04    1.201893599724E-05   -4.288359775594E-05
    1.562981022256E-04   -8.281939102143E-06    4.583112404003E-05    6.239563136650E-05   -5.197229727005E-05   -6.511804959148E-06    1.182245440807E-04    1.731673319807E+01   -8.168836283261E-05   -2.293065199771E-05
   -8.213512361581E-05    8.350316243455E-06   -3.230392684261E-05   -4.762921488092E-05    5.350859808825E-05    4.503889201091E-05    1.201893599724E-05   -8.168836283261E-05    2.273253978862E+01   -4.274962342163E-05
    4.182558788652E-05   -5.829661384411E-06    1.987023418902E-05    3.088882215432E-05   -4.004507008871E-05   -4.581171887284E-05   -4.288359775594E-05   -2.293065199771E-05   -4.274962342163E-05    2.887097554835E+01
   9.3997533261223225     
   -9.976132413378E-01   -6.710995025997E-04   -2.326001902377E-05   -7.106047194832E-04    6.768569752487E-04    4.701528317765E-04    2.850222590853E-04    1.595828951368E-04   -8.482883624716E-05    4.369848824766E-05
   -6.710995025997E-04    1.324584004529E-01   -1.672650737153E-03   -6.727731166009E-04    2.332233791131E-04    6.249394918581E-05    6.217831529141E-06   -7.612908827549E-06    8.162780580941E-06   -5.847240076876E-06
   -2.326001902377E-05   -1.672650737153E-03    1.089295370440E+00    1.069518353652E-03   -2.756459974348E-04   -2.588152201245E-05    4.136740093775E-05    4.463011269124E-05   -3.216349691707E-05    2.011748033234E-05
   -7.106047194832E-04   -6.727731166009E-04    1.069518353652E-03    2.823653179866E+00   -4.840246560604E-04   -6.076999959655E-05    4.645418467428E-05    6.098316835302E-05   -4.745369739734E-05    3.123918067379E-05
    6.768569752487E-04    2.332233791131E-04   -2.756459974348E-04   -4.840246560604E-04    5.281987623742E+00    2.661304639780E-04    8.398293632159E-06   -5.019109809027E-05    5.294230169734E-05   -4.023720978016E-05
    4.701528317765E-04    6.249394918581E-05   -2.588152201245E-05   -6.076999959655E-05    2.661304639780E-04    8.452088582814E+00    1.709123640096E-04   -4.909604253900E-06    4.401368076204E-05   -4.563937290551E-05
    2.850222590853E-04    6.217831529141E-06    4.136740093775E-05    4.645418467428E-05    8.398293632159E-06    1.709123640096E-04    1.233041252551E+01    1.186298088515E-04    1.099394803090E-05   -4.230766368206E-05
    1.595828951368E-04   -7.612908827549E-06    4.463011269124E-05    6.098316835302E-05   -5.019109809027E-05   -4.909604253900E-06    1.186298088515E-04    1.691566564716E+01   -8.193079789643E-05   -2.226612458334E-05
   -8.482883624716E-05    8.162780580941E-06   -3.216349691707E-05   -4.745369739734E-05    5.294230169734E-05    4.401368076204E-05    1.099394803090E-05   -8.193079789643E-05    2.220728639235E+01   -4.297106360785E-05
    4.369848824766E-05   -5.847240076876E-06    2.011748033234E-05    3.123918067379E-05   -4.023720978016E-05   -4.563937290551E-05   -4.230766368206E-05   -2.226612458334E-05   -4.297106360785E-05    2.820498627584E+01
   9.5087350514443987     
   -9.976590268573E-01   -6.559690428698E-04   -8.617491990030E-07   -6.852994011499E-04    6.656024978383E-04    4.684895373817E-04    2.874103991013E-04    1.627728257497E-04   -8.750695073243E-05    4.559302229132E-05
   -6.559690428698E-04    1.288306672949E-01   -1.617111757775E-03   -6.609133029468E-04    2.335876884183E-04    6.468097411237E-05    7.712099287108E-06   -6.930914913413E-06    7.958962569619E-06   -5.854488034555E-06
   -8.617491990028E-07   -1.617111757775E-03    1.062060857338E+00    1.062935126894E-03   -2.819423127652E-04   -3.196490315858E-05    3.800663762710E-05    4.336248560769E-05   -3.197152183375E-05    2.033711232632E-05
   -6.852994011499E-04   -6.609133029468E-04    1.062935126894E-03    2.756015348640E+00   -4.854206185352E-04   -6.546293477778E-05    4.305614682252E-05    5.951147888299E-05   -4.722350687676E-05    3.155720160834E-05
    6.656024978383E-04    2.335876884183E-04   -2.819423127652E-04   -4.854206185352E-04    5.157927117686E+00    2.672190507658E-04    1.102310817141E-05   -4.839252928314E-05    5.233540127269E-05   -4.039555284570E-05
    4.684895373817E-04    6.468097411237E-05   -3.196490315858E-05   -6.546293477778E-05    2.672190507658E-04    8.255577434738E+00    1.715472998505E-04   -3.330381401217E-06    4.297665399466E-05   -4.543935374780E-05
    2.874103991013E-04    7.712099287108E-06    3.800663762710E-05    4.305614682252E-05    1.102310817141E-05    1.715472998505E-04    1.204539611315E+01    1.190114770383E-04    9.985029814589E-06   -4.172145503965E-05
    1.627728257497E-04   -6.930914913413E-06    4.336248560769E-05    5.951147888299E-05   -4.839252928314E-05   -3.330381401217E-06    1.190114770383E-04    1.652607568208E+01   -8.215854397610E-05   -2.160978655538E-05
   -8.750695073243E-05    7.958962569619E-06   -3.197152183375E-05   -4.722350687676E-05    5.233540127269E-05    4.297665399466E-05    9.985029814589E-06   -8.215854397610E-05    2.169704790603E+01   -4.318472862864E-05
    4.559302229132E-05   -5.854488034555E-06    2.033711232632E-05    3.155720160834E-05   -4.039555284570E-05   -4.543935374780E-05   -4.172145503965E-05   -2.160978655538E-05   -4.318472862864E-05    2.755802088484E+01
   9.6183449135118479     
   -9.977046232227E-01   -6.410656846514E-04    2.017893291171E-05   -6.605026096894E-04    6.542116388595E-04    4.665373511893E-04    2.895857956164E-04    1.658638325419E-04   -9.016525207008E-05    4.750649343269E-05
   -6.410656846514E-04    1.253279575021E-01   -1.563068921537E-03   -6.489304437929E-04    2.337012844708E-04    6.674886561810E-05    9.181936268774E-06   -6.237833148075E-06    7.739550150912E-06   -5.851410855472E-06
    2.017893291171E-05   -1.563068921537E-03    1.035652752031E+00    1.055849462406E-03   -2.878603233682E-04   -3.792459473799E-05    3.462125413690E-05    4.203191907273E-05   -3.172871618114E-05    2.052851423039E-05
   -6.605026096894E-04   -6.489304437929E-04    1.055849462406E-03    2.690350107744E+00   -4.866500206905E-04   -7.006148406404E-05    3.965051294267E-05    5.798357606980E-05   -4.693938524959E-05    3.184226749796E-05
    6.542116388595E-04    2.337012844708E-04   -2.878603233682E-04   -4.866500206905E-04    5.037435310323E+00    2.682520292808E-04    1.361262242249E-05   -4.657863390497E-05    5.168920115804E-05   -4.052013932546E-05
    4.665373511893E-04    6.674886561810E-05   -3.792459473799E-05   -7.006148406404E-05    2.682520292808E-04    8.064685529579E+00    1.721500934157E-04   -1.774282329852E-06    4.192898084818E-05   -4.521237973070E-05
    2.895857956164E-04    9.181936268774E-06    3.462125413690E-05    3.965051294267E-05    1.361262242249E-05    1.721500934157E-04    1.176850485184E+01    1.193702066190E-04    8.992203479963E-06   -4.112575624612E-05
    1.658638325419E-04   -6.237833148075E-06    4.203191907273E-05    5.798357606980E-05   -4.657863390497E-05   -1.774282329852E-06    1.193702066190E-04    1.614757233980E+01   -8.237204907283E-05   -2.096172549050E-05
   -9.016525207008E-05    7.739550150912E-06   -3.172871618114E-05   -4.693938524959E-05    5.168920115804E-05    4.192898084818E-05    8.992203479963E-06   -8.237204907283E-05    2.120131312453E+01   -4.339077422340E-05
    4.750649343269E-05   -5.851410855472E-06    2.052851423039E-05    3.184226749796E-05   -4.052013932546E-05   -4.521237973070E-05   -4.112575624612E-05   -2.096172549050E-05   -4.339077422340E-05    2.692943189510E+01
   9.7285829123246703     
   -9.977499062107E-01   -6.263951511512E-04    3.992479170818E-05   -6.362179387315E-04    6.427036250399E-04    4.643073125990E-04    2.915494149396E-04    1.688521849198E-04   -9.279962814704E-05    4.943616487691E-05
   -6.263951511512E-04    1.219451460568E-01   -1.510512292667E-03   -6.368524040167E-04    2.335762773495E-04    6.869824019227E-05    1.062490736499E-05   -5.535506094026E-06    7.505266819167E-06   -5.838051792832E-06
    3.992479170818E-05   -1.510512292667E-03    1.010041959324E+00    1.048281684771E-03   -2.934023314649E-04   -4.375325961268E-05    3.121856418091E-05    4.064219224282E-05   -3.143595087856E-05    2.069117563483E-05
   -6.362179387315E-04   -6.368524040167E-04    1.048281684771E-03    2.626589868708E+00   -4.877127511590E-04   -7.456307747764E-05    3.624171726164E-05    5.640252006928E-05   -4.660218777590E-05    3.209385247873E-05
    6.427036250399E-04    2.335762773495E-04   -2.934023314649E-04   -4.877127511590E-04    4.920390750853E+00    2.692295995379E-04    1.616610837013E-05   -4.475140721601E-05    5.100503133311E-05   -4.061106974436E-05
    4.643073125990E-04    6.869824019227E-05   -4.375325961268E-05   -7.456307747764E-05    2.692295995379E-04    7.879222131942E+00    1.727214314905E-04   -2.414167810423E-07    4.087178955477E-05   -4.495918168042E-05
    2.915494149396E-04    1.062490736499E-05    3.121856418091E-05    3.624171726164E-05    1.616610837013E-05    1.727214314905E-04    1.149946331174E+01    1.197066475879E-04    8.015463256253E-06   -4.052132351547E-05
    1.688521849198E-04   -5.535506094026E-06    4.064219224282E-05    5.640252006928E-05   -4.475140721601E-05   -2.414167810423E-07    1.197066475879E-04    1.577978009213E+01   -8.257175285732E-05   -2.032201040459E-05
   -9.279962814704E-05    7.505266819167E-06   -3.143595087856E-05   -4.660218777590E-05    5.100503133311E-05    4.087178955477E-05    8.015463256253E-06   -8.257175285732E-05    2.071959101924E+01   -4.358935569611E-05
    4.943616487691E-05   -5.838051792832E-06    2.069117563483E-05    3.209385247873E-05   -4.061106974436E-05   -4.495918168042E-05   -4.052132351547E-05   -2.032201040459E-05   -4.358935569611E-05    2.631859737683E+01
   9.8394490478828640     
   -9.977947709217E-01   -6.119622737546E-04    5.843621727832E-05   -6.124479016615E-04    6.310968731296E-04    4.618105637318E-04    2.933026702476E-04    1.717344841043E-04   -9.540608161507E-05    5.137927027076E-05
   -6.119622737546E-04    1.186773467173E-01   -1.459429069847E-03   -6.247052599603E-04    2.332246425569E-04    7.053002719645E-05    1.203877676434E-05   -4.825736697405E-06    7.256866731540E-06   -5.814490252537E-06
    5.843621727832E-05   -1.459429069847E-03    9.852005447420E-01    1.040252397600E-03   -2.985713521261E-04   -4.944415801791E-05    2.780569540803E-05    3.919716800925E-05   -3.109424468783E-05    2.082469158510E-05
   -6.124479016615E-04   -6.247052599603E-04    1.040252397600E-03    2.564669708265E+00   -4.886088515172E-04   -7.896529763704E-05    3.283408935649E-05    5.477140925923E-05   -4.621287763196E-05    3.231152210850E-05
    6.310968731296E-04    2.332246425569E-04   -2.985713521261E-04   -4.886088515172E-04    4.806676766543E+00    2.701519286095E-04    1.868287413154E-05   -4.291279665000E-05    5.028424413491E-05   -4.066850297964E-05
    4.618105637318E-04    7.053002719645E-05   -4.944415801791E-05   -7.896529763704E-05    2.701519286095E-04    7.699004002055E+00    1.732619775387E-04    1.268138529367E-06    3.980616801722E-05   -4.468050083885E-05
    2.933026702476E-04    1.203877676434E-05    2.780569540803E-05    3.283408935649E-05    1.868287413154E-05    1.732619775387E-04    1.123800688015E+01    1.200214408184E-04    7.054777575236E-06   -3.990888501921E-05
    1.717344841043E-04   -4.825736697405E-06    3.919716800925E-05    5.477140925923E-05   -4.291279665000E-05    1.268138529367E-06    1.200214408184E-04    1.542233815328E+01   -8.275808644232E-05   -1.969069284340E-05
   -9.540608161507E-05    7.256866731540E-06   -3.109424468783E-05   -4.621287763196E-05    5.028424413491E-05    3.980616801722E-05    7.054777575236E-06   -8.275808644232E-05    2.025140983324E+01   -4.378062778950E-05
    5.137927027076E-05   -5.814490252537E-06    2.082469158510E-05    3.231152210850E-05   -4.066850297964E-05   -4.468050083885E-05   -3.990888501921E-05   -1.969069284340E-05   -4.378062778950E-05    2.572491980501E+01
   9.9509433201864308     
   -9.978391287197E-01   -5.977710586165E-04    7.577126371813E-05   -5.891940196864E-04    6.194090000693E-04    4.590583121744E-04    2.948473969551E-04    1.745076626070E-04   -9.798074081340E-05    5.333302418716E-05
   -5.977710586165E-04    1.155198999025E-01   -1.409803891012E-03   -6.125133643136E-04    2.326581863437E-04    7.224544219733E-05    1.342150460224E-05   -4.110282557361E-06    6.995129929191E-06   -5.780840149871E-06
    7.577126371813E-05   -1.409803891012E-03    9.611016827408E-01    1.031782419596E-03   -3.033710737161E-04   -5.499114255997E-05    2.438957101895E-05    3.770077435267E-05   -3.070475528117E-05    2.092876190612E-05
   -5.891940196864E-04   -6.125133643136E-04    1.031782419596E-03    2.504527249436E+00   -4.893385200004E-04   -8.326588065005E-05    2.943184928216E-05    5.309337164994E-05   -4.577252033734E-05    3.249493285019E-05
    6.194090000693E-04    2.326581863437E-04   -3.033710737161E-04   -4.893385200004E-04    4.696181249608E+00    2.710191534540E-04    2.116226171927E-05   -4.106470188460E-05    4.952821114023E-05   -4.069265409502E-05
    4.590583121744E-04    7.224544219733E-05   -5.499114255997E-05   -8.326588065005E-05    2.710191534540E-04    7.523855061549E+00    1.737723709369E-04    2.754336881142E-06    3.873316450355E-05   -4.437708693006E-05
    2.948473969551E-04    1.342150460224E-05    2.438957101895E-05    2.943184928216E-05    2.116226171927E-05    1.737723709369E-04    1.098388127922E+01    1.203152170215E-04    6.110091108843E-06   -3.928914114086E-05
    1.745076626070E-04   -4.110282557361E-06    3.770077435267E-05    5.309337164994E-05   -4.106470188460E-05    2.754336881142E-06    1.203152170215E-04    1.507489982277E+01   -8.293147219535E-05   -1.906780793867E-05
   -9.798074081340E-05    6.995129929191E-06   -3.070475528117E-05   -4.577252033734E-05    4.952821114023E-05    3.873316450355E-05    6.110091108843E-06   -8.293147219535E-05    1.979631622225E+01   -4.396474457406E-05
    5.333302418716E-05   -5.780840149871E-06    2.092876190612E-05    3.249493285019E-05   -4.069265409502E-05   -4.437708693006E-05   -3.928914114086E-05   -1.906780793867E-05   -4.396474457406E-05    2.514782497167E+01
   10.063065729235369     
   -9.978829064499E-01   -5.838247476795E-04    9.198569594143E-05   -5.664569012925E-04    6.076568335923E-04    4.560617952871E-04    2.961858274272E-04    1.771689821333E-04   -1.005198696240E-04    5.529463235352E-05
   -5.838247476795E-04    1.124683611281E-01   -1.361619112720E-03   -6.002994109190E-04    2.318885147657E-04    7.384596102091E-05    1.477124278242E-05   -3.390850843937E-06    6.720857685792E-06   -5.737248137004E-06
    9.198569594143E-05   -1.361619112720E-03    9.377196071042E-01    1.022892720756E-03   -3.078058175242E-04   -6.038865102683E-05    2.097689321631E-05    3.615698620421E-05   -3.026876989891E-05    2.100318993132E-05
   -5.664569012925E-04   -6.002994109190E-04    1.022892720756E-03    2.446102548003E+00   -4.899021139104E-04   -8.746271679896E-05    2.603910298933E-05    5.137155647257E-05   -4.528227800248E-05    3.264383120154E-05
    6.076568335923E-04    2.318885147657E-04   -3.078058175242E-04   -4.899021139104E-04    4.588796454117E+00    2.718313836549E-04    2.360364504868E-05   -3.920897495269E-05    4.873832016205E-05   -4.068379212366E-05
    4.560617952871E-04    7.384596102091E-05   -6.038865102683E-05   -8.746271679896E-05    2.718313836549E-04    7.353606075256E+00    1.742532262612E-04    4.217158662616E-06    3.765378841388E-05   -4.404969634309E-05
    2.961858274272E-04    1.477124278242E-05    2.097689321631E-05    2.603910298933E-05    2.360364504868E-05    1.742532262612E-04    1.073684210712E+01    1.205885957228E-04    5.181326729527E-06   -3.866276479464E-05
    1.771689821333E-04   -3.390850843937E-06    3.615698620421E-05    5.137155647257E-05   -3.920897495269E-05    4.217158662616E-06    1.205885957228E-04    1.473713186034E+01   -8.309232354609E-05   -1.845337542003E-05
   -1.005198696240E-04    6.720857685792E-06   -3.026876989891E-05   -4.528227800248E-05    4.873832016205E-05    3.765378841388E-05    5.181326729527E-06   -8.309232354609E-05    1.935387443782E+01   -4.414185933234E-05
    5.529463235352E-05   -5.737248137004E-06    2.100318993132E-05    3.264383120154E-05   -4.068379212366E-05   -4.404969634309E-05   -3.866276479464E-05   -1.845337542003E-05   -4.414185933234E-05    2.458676095161E+01
   10.175816275029678     
   -9.979260433746E-01   -5.701258786645E-04    1.071330407237E-04   -5.442363182347E-04    5.958564260041E-04    4.528322476361E-04    2.973205659438E-04    1.797160303506E-04   -1.030198763935E-04    5.726130162012E-05
   -5.701258786645E-04    1.095184901795E-01   -1.314855076229E-03   -5.880845025493E-04    2.309270074417E-04    7.533329499909E-05    1.608633016809E-05   -2.669093839132E-06    6.434868019469E-06   -5.683891734788E-06
    1.071330407237E-04   -1.314855076229E-03    9.150295642893E-01    1.013604363138E-03   -3.118804975853E-04   -6.563169723284E-05    1.757412857280E-05    3.456980799396E-05   -2.978769574512E-05    2.104788070988E-05
   -5.442363182347E-04   -5.880845025493E-04    1.013604363138E-03    2.389337985300E+00   -4.903001520967E-04   -9.155385113273E-05    2.265983811062E-05    4.960912605223E-05   -4.474340348830E-05    3.275805252542E-05
    5.958564260041E-04    2.309270074417E-04   -3.118804975853E-04   -4.903001520967E-04    4.484418803726E+00    2.725887045616E-04    2.600642819212E-05   -3.734742044295E-05    4.791597241083E-05   -4.064223784434E-05
    4.528322476361E-04    7.533329499909E-05   -6.563169723284E-05   -9.155385113273E-05    2.725887045616E-04    7.188094349594E+00    1.747051328465E-04    5.656608617791E-06    3.656901114828E-05   -4.369909046136E-05
    2.973205659438E-04    1.608633016809E-05    1.757412857280E-05    2.265983811062E-05    2.600642819212E-05    1.747051328465E-04    1.049665440278E+01    1.208421843677E-04    4.268387406999E-06   -3.803040183057E-05
    1.797160303506E-04   -2.669093839132E-06    3.456980799396E-05    4.960912605223E-05   -3.734742044295E-05    5.656608617791E-06    1.208421843677E-04    1.440871389269E+01   -8.324104484454E-05   -1.784740059961E-05
   -1.030198763935E-04    6.434868019469E-06   -2.978769574512E-05   -4.474340348830E-05    4.791597241083E-05    3.656901114828E-05    4.268387406999E-06   -8.324104484454E-05    1.892366555179E+01   -4.431212446250E-05
    5.726130162012E-05   -5.683891734788E-06    2.104788070988E-05    3.275805252542E-05   -4.064223784434E-05   -4.369909046136E-05   -3.803040183057E-05   -1.784740059961E-05   -4.431212446250E-05    2.404119712038E+01
   10.289194957569361     
   -9.979684903333E-01   -5.566763396828E-04    1.212646435763E-04   -5.225312738220E-04    5.840230679755E-04    4.493808699384E-04    2.982545632813E-04    1.821467162714E-04   -1.054773217826E-04    5.923024957512E-05
   -5.566763396828E-04    1.066662407690E-01   -1.269490349991E-03   -5.758882175101E-04    2.297847944636E-04    7.670936707077E-05    1.736528714094E-05   -1.946605086303E-06    6.137991375018E-06   -5.620977376190E-06
    1.212646435763E-04   -1.269490349991E-03    8.930077686850E-01    1.003938442110E-03   -3.156005800773E-04   -7.071585999466E-05    1.418749518869E-05    3.294325685713E-05   -2.926305013301E-05    2.106283869258E-05
   -5.225312738220E-04   -5.758882175101E-04    1.003938442110E-03    2.334178165754E+00   -4.905333161376E-04   -9.553748379921E-05    1.929792004661E-05    4.780924788751E-05   -4.415723443917E-05    3.283751956119E-05
    5.840230679755E-04    2.297847944636E-04   -3.156005800773E-04   -4.905333161376E-04    4.382948708306E+00    2.732911802832E-04    2.837004385071E-05   -3.548179571682E-05    4.706257975800E-05   -4.056836152145E-05
    4.493808699384E-04    7.670936707077E-05   -7.071585999466E-05   -9.553748379921E-05    2.732911802832E-04    7.027163445191E+00    1.751286543870E-04    7.072713239112E-06    3.547976702147E-05   -4.332603409857E-05
    2.982545632813E-04    1.736528714094E-05    1.418749518869E-05    1.929792004661E-05    2.837004385071E-05    1.751286543870E-04    1.026309223140E+01    1.210765774430E-04    3.371158028387E-06   -3.739267148975E-05
    1.821467162714E-04   -1.946605086303E-06    3.294325685713E-05    4.780924788751E-05   -3.548179571682E-05    7.072713239112E-06    1.210765774430E-04    1.408933784886E+01   -8.337803120909E-05   -1.724987531612E-05
   -1.054773217826E-04    6.137991375018E-06   -2.926305013301E-05   -4.415723443917E-05    4.706257975800E-05    3.547976702147E-05    3.371158028387E-06   -8.337803120909E-05    1.850528671842E+01   -4.447569137486E-05
    5.923024957512E-05   -5.620977376190E-06    2.106283869258E-05    3.283751956119E-05   -4.056836152145E-05   -4.332603409857E-05   -3.739267148975E-05   -1.724987531612E-05   -4.447569137486E-05    2.351062321994E+01
   10.403201776854416     
   -9.980102078084E-01   -5.434774217783E-04    1.344297284271E-04   -5.013400672581E-04    5.721713043046E-04    4.457188006339E-04    2.989910916029E-04    1.844592646043E-04   -1.078889256580E-04    6.119871380142E-05
   -5.434774217783E-04    1.039077508029E-01   -1.225501957432E-03   -5.637286772278E-04    2.284727370974E-04    7.797628907497E-05    1.860680969245E-05   -1.224916116114E-06    5.831066501531E-06   -5.548738389527E-06
    1.344297284271E-04   -1.225501957432E-03    8.716313603052E-01    9.939160313181E-04   -3.189720430774E-04   -7.563727045900E-05    1.082295166820E-05    3.128134663014E-05   -2.869645050412E-05    2.104816496427E-05
   -5.013400672581E-04   -5.637286772278E-04    9.939160313181E-04    2.280569819807E+00   -4.906024512464E-04   -9.941197020800E-05    1.595708840583E-05    4.597508701633E-05   -4.352518726222E-05    3.288224066286E-05
    5.721713043046E-04    2.284727370974E-04   -3.189720430774E-04   -4.906024512464E-04    4.284290389939E+00    2.739388568943E-04    3.069395204262E-05   -3.361381117692E-05    4.617956213814E-05   -4.046258064265E-05
    4.457188006339E-04    7.797628907497E-05   -7.563727045900E-05   -9.941197020800E-05    2.739388568943E-04    6.870662904011E+00    1.755243287415E-04    8.465518298875E-06    3.438695424423E-05   -4.293129406217E-05
    2.989910916029E-04    1.860680969245E-05    1.082295166820E-05    1.595708840583E-05    3.069395204262E-05    1.755243287415E-04    1.003593829074E+01    1.212923556992E-04    2.489507151818E-06   -3.675016692474E-05
    1.844592646043E-04   -1.224916116114E-06    3.128134663014E-05    4.597508701633E-05   -3.361381117692E-05    8.465518298875E-06    1.212923556992E-04    1.377870742371E+01   -8.350366840682E-05   -1.666077885050E-05
   -1.078889256580E-04    5.831066501531E-06   -2.869645050412E-05   -4.352518726222E-05    4.617956213814E-05    3.438695424423E-05    2.489507151818E-06   -8.350366840682E-05    1.809835047298E+01   -4.463271039956E-05
    6.119871380142E-05   -5.548738389527E-06    2.104816496427E-05    3.288224066286E-05   -4.046258064265E-05   -4.293129406217E-05   -3.675016692474E-05   -1.666077885050E-05   -4.463271039956E-05    2.299454847061E+01
   10.517836732884843     
   -9.980511654793E-01   -5.305298670612E-04    1.466754605284E-04   -4.806603518896E-04    5.603149498074E-04    4.418570891215E-04    2.995337193087E-04    1.866522089547E-04   -1.102515729492E-04    6.316396070600E-05
   -5.305298670612E-04    1.012393331127E-01   -1.182865584925E-03   -5.516226124280E-04    2.270014112827E-04    7.913634002638E-05    1.980976306692E-05   -5.054937306843E-07    5.514936533486E-06   -5.467432932987E-06
    1.466754605284E-04   -1.182865584925E-03    8.508783643098E-01    9.835581290145E-04   -3.220013363436E-04   -8.039259787988E-05    7.486187821863E-06    2.958807263424E-05   -2.808960435505E-05    2.100405404183E-05
   -4.806603518896E-04   -5.516226124280E-04    9.835581290145E-04    2.228461711233E+00   -4.905085660945E-04   -1.031758209072E-04    1.264095376790E-05    4.410979862879E-05   -4.284875103974E-05    3.289230776034E-05
    5.603149498074E-04    2.270014112827E-04   -3.220013363436E-04   -4.905085660945E-04    4.188351717043E+00    2.745317655121E-04    3.297763897872E-05   -3.174513054438E-05    4.526834505085E-05   -4.032535763769E-05
    4.418570891215E-04    7.913634002638E-05   -8.039259787988E-05   -1.031758209072E-04    2.745317655121E-04    6.718447989398E+00    1.758926677981E-04    9.835086523700E-06    3.329143593613E-05   -4.251563781746E-05
    2.995337193087E-04    1.980976306692E-05    7.486187821863E-06    1.264095376790E-05    3.297763897872E-05    1.758926677981E-04    9.814983536236E+00    1.214900854044E-04    1.623288686645E-06   -3.610345576160E-05
    1.866522089547E-04   -5.054937306843E-07    2.958807263424E-05    4.410979862879E-05   -3.174513054438E-05    9.835086523700E-06    1.214900854044E-04    1.347653756713E+01   -8.361833272785E-05   -1.608007880623E-05
   -1.102515729492E-04    5.514936533486E-06   -2.808960435505E-05   -4.284875103974E-05    4.526834505085E-05    3.329143593613E-05    1.623288686645E-06   -8.361833272785E-05    1.770248406434E+01   -4.478333068852E-05
    6.316396070600E-05   -5.467432932987E-06    2.100405404183E-05    3.289230776034E-05   -4.032535763769E-05   -4.251563781746E-05   -3.610345576160E-05   -1.608007880623E-05   -4.478333068852E-05    2.249250072587E+01
   10.633099825660643     
   -9.980913402070E-01   -5.178339153792E-04    1.580470104103E-04   -4.604891906255E-04    5.484671071256E-04    4.378066716954E-04    2.998862865094E-04    1.887243842369E-04   -1.125623186062E-04    6.512329393420E-05
   -5.178339153792E-04    9.865746675020E-02   -1.141555777562E-03   -5.395854298594E-04    2.253810945132E-04    8.019194567815E-05    2.097317511576E-05    2.102621957316E-07    5.190445291271E-06   -5.377341905134E-06
    1.580470104103E-04   -1.141555777562E-03    8.307276527930E-01    9.728856087540E-04   -3.246953418968E-04   -8.497903409864E-05    4.182617084288E-06    2.786739734974E-05   -2.744429918430E-05    2.093079030754E-05
   -4.604891906255E-04   -5.395854298594E-04    9.728856087540E-04    2.177804549402E+00   -4.902528325588E-04   -1.068277012893E-04    9.352994806201E-06    4.221652099672E-05   -4.212948144328E-05    3.286789409044E-05
    5.484671071256E-04    2.253810945132E-04   -3.246953418968E-04   -4.902528325588E-04    4.095044047028E+00    2.750699256038E-04    3.522061613401E-05   -2.987737117511E-05    4.433035719596E-05   -4.015719761074E-05
    4.378066716954E-04    8.019194567815E-05   -8.497903409864E-05   -1.068277012893E-04    2.750699256038E-04    6.570379439252E+00    1.762341575623E-04    1.118149540903E-05    3.219404118771E-05   -4.207983227223E-05
    2.998862865094E-04    2.097317511576E-05    4.182617084288E-06    9.352994806201E-06    3.522061613401E-05    1.762341575623E-04    9.600026824767E+00    1.216703177129E-04    7.723435078556E-07   -3.545308071768E-05
    1.887243842369E-04    2.102621957316E-07    2.786739734974E-05    4.221652099672E-05   -2.987737117511E-05    1.118149540903E-05    1.216703177129E-04    1.318255399860E+01   -8.372239089719E-05   -1.550773196524E-05
   -1.125623186062E-04    5.190445291271E-06   -2.744429918430E-05   -4.212948144328E-05    4.433035719596E-05    3.219404118771E-05    7.723435078556E-07   -8.372239089719E-05    1.731732882030E+01   -4.492770013062E-05
    6.512329393420E-05   -5.377341905134E-06    2.093079030754E-05    3.286789409044E-05   -4.015719761074E-05   -4.207983227223E-05   -3.545308071768E-05   -1.550773196524E-05   -4.492770013062E-05    2.200402566880E+01
   10.748991055181813     
   -9.981307151613E-01   -5.053893471093E-04    1.685876194697E-04   -4.408231062615E-04    5.366401845625E-04    4.335783491504E-04    3.000528807226E-04    1.906749181596E-04   -1.148183915822E-04    6.707406230455E-05
   -5.053893471093E-04    9.615878870338E-02   -1.101546117483E-03   -5.276312772078E-04    2.236217550923E-04    8.114565912379E-05    2.209622936425E-05    9.210204187564E-07    4.858433804050E-06   -5.278766840496E-06
    1.685876194697E-04   -1.101546117483E-03    8.111589082374E-01    9.619191719198E-04   -3.270613350033E-04   -8.939427680744E-05    9.173705408380E-07    2.612323695854E-05   -2.676239248266E-05    2.082874409649E-05
   -4.408231062615E-04   -5.276312772078E-04    9.619191719198E-04    2.128550905525E+00   -4.898365845322E-04   -1.103664310032E-04    6.096555739569E-06    4.029836867737E-05   -4.136899463229E-05    3.280925169286E-05
    5.366401845625E-04    2.236217550923E-04   -3.270613350033E-04   -4.898365845322E-04    4.004282076278E+00    2.755533481642E-04    3.742241948098E-05   -2.801210437554E-05    4.336702820255E-05   -3.995864606740E-05
    4.335783491504E-04    8.114565912379E-05   -8.939427680744E-05   -1.103664310032E-04    2.755533481642E-04    6.426323230827E+00    1.765492583126E-04    1.250483517498E-05    3.109556613813E-05   -4.162464265380E-05
    3.000528807226E-04    2.209622936425E-05    9.173705408380E-07    6.096555739569E-06    3.742241948098E-05    1.765492583126E-04    9.390874575379E+00    1.218335880751E-04   -6.349900155611E-08   -3.479956025153E-05
    1.906749181596E-04    9.210204187564E-07    2.612323695854E-05    4.029836867737E-05   -2.801210437554E-05    1.250483517498E-05    1.218335880751E-04    1.289649274488E+01   -8.381619998404E-05   -1.494368511163E-05
   -1.148183915822E-04    4.858433804050E-06   -2.676239248266E-05   -4.136899463229E-05    4.336702820255E-05    3.109556613813E-05   -6.349900155614E-08   -8.381619998404E-05    1.694253954338E+01   -4.506596526231E-05
    6.707406230455E-05   -5.278766840496E-06    2.082874409649E-05    3.280925169286E-05   -3.995864606740E-05   -4.162464265380E-05   -3.479956025153E-05   -1.494368511163E-05   -4.506596526231E-05    2.152868604688E+01
   10.865510421448358     
   -9.981692796529E-01   -4.931955226675E-04    1.783386662294E-04   -4.216581275414E-04    5.248459141081E-04    4.291827661386E-04    3.000378129400E-04    1.925032219017E-04   -1.170171978771E-04    6.901366724316E-05
   -4.931955226675E-04    9.374008603320E-02   -1.062809386868E-03   -5.157731063446E-04    2.217330436522E-04    8.200014247116E-05    2.317825786376E-05    1.625519558457E-06    4.519737062460E-06   -5.172027806512E-06
    1.783386662294E-04   -1.062809386868E-03    7.921525886291E-01    9.506793025220E-04   -3.291069457525E-04   -9.363651174602E-05   -2.304707491290E-06    2.435944879107E-05   -2.604580183221E-05    2.069836748430E-05
   -4.216581275414E-04   -5.157731063446E-04    9.506793025220E-04    2.080655132800E+00   -4.892613159341E-04   -1.137909830699E-04    2.874844123273E-06    3.835842600932E-05   -4.056896116466E-05    3.271670869325E-05
    5.248459141081E-04    2.217330436522E-04   -3.291069457525E-04   -4.892613159341E-04    3.915983697178E+00    2.759820387781E-04    3.958260886871E-05   -2.615085571908E-05    4.237978645167E-05   -3.973028664331E-05
    4.291827661386E-04    8.200014247116E-05   -9.363651174602E-05   -1.137909830699E-04    2.759820387781E-04    6.286150356651E+00    1.768384048312E-04    1.380520685979E-05    2.999677506370E-05   -4.115083147554E-05
    3.000378129400E-04    2.317825786376E-05   -2.304707491290E-06    2.874844123273E-06    3.958260886871E-05    1.768384048312E-04    9.187340446088E+00    1.219804156953E-04   -8.844194781964E-07   -3.414338924182E-05
    1.925032219017E-04    1.625519558457E-06    2.435944879107E-05    3.835842600932E-05   -2.615085571908E-05    1.380520685979E-05    1.219804156953E-04    1.261809969969E+01   -8.390010731142E-05   -1.438787582567E-05
   -1.170171978771E-04    4.519737062460E-06   -2.604580183221E-05   -4.056896116466E-05    4.237978645167E-05    2.999677506370E-05   -8.844194781964E-07   -8.390010731142E-05    1.657778393533E+01   -4.519827117480E-05
    6.901366724316E-05   -5.172027806512E-06    2.069836748430E-05    3.271670869325E-05   -3.973028664331E-05   -4.115083147554E-05   -3.414338924182E-05   -1.438787582567E-05   -4.519827117480E-05    2.106606094341E+01
   10.982657924460273     
   -9.982070274193E-01   -4.812514208217E-04    1.873397321119E-04   -4.029898332067E-04    5.130953709361E-04    4.246303930310E-04    2.998455945845E-04    1.942089802933E-04   -1.191563227797E-04    7.093956974336E-05
   -4.812514208217E-04    9.139828848705E-02   -1.025317720775E-03   -5.040227362773E-04    2.197242873212E-04    8.275814979954E-05    2.421873396017E-05    2.322568913016E-06    4.175181005904E-06   -5.057461320222E-06
    1.873397321119E-04   -1.025317720775E-03    7.736898945102E-01    9.391862264748E-04   -3.308401218559E-04   -9.770439408533E-05   -5.479062385619E-06    2.257981973351E-05   -2.529649520095E-05    2.054018983907E-05
   -4.029898332067E-04   -5.040227362773E-04    9.391862264748E-04    2.034073290760E+00   -4.885286787247E-04   -1.171004828172E-04   -3.090710076506E-07    3.639974094872E-05   -3.973109997429E-05    3.259066641569E-05
    5.130953709361E-04    2.197242873212E-04   -3.308401218559E-04   -4.885286787247E-04    3.830069862430E+00    2.763560008623E-04    4.170076756124E-05   -2.429510538312E-05    4.137005701741E-05   -3.947273886013E-05
    4.246303930310E-04    8.275814979954E-05   -9.770439408533E-05   -1.171004828172E-04    2.763560008623E-04    6.149736611636E+00    1.771020068449E-04    1.508272055157E-05    2.889840148934E-05   -4.065915760695E-05
    2.998455945845E-04    2.421873396017E-05   -5.479062385619E-06   -3.090710076507E-07    4.170076756124E-05    1.771020068449E-04    8.989245026630E+00    1.221113031063E-04   -1.690607171784E-06   -3.348503970551E-05
    1.942089802933E-04    2.322568913016E-06    2.257981973351E-05    3.639974094872E-05   -2.429510538312E-05    1.508272055157E-05    1.221113031063E-04    1.234713020494E+01   -8.397445040295E-05   -1.384023325588E-05
   -1.191563227797E-04    4.175181005904E-06   -2.529649520095E-05   -3.973109997429E-05    4.137005701741E-05    2.889840148934E-05   -1.690607171784E-06   -8.397445040295E-05    1.622274204972E+01   -4.532476143382E-05
    7.093956974336E-05   -5.057461320222E-06    2.054018983907E-05    3.259066641569E-05   -3.947273886013E-05   -4.065915760695E-05   -3.348503970551E-05   -1.384023325588E-05   -4.532476143382E-05    2.061574508427E+01
   11.100433564217560     
   -9.982439564936E-01   -4.695556731738E-04    1.956286673395E-04   -3.848133915425E-04    5.013989923020E-04    4.199315090746E-04    2.994809148183E-04    1.957921412875E-04   -1.212335322055E-04    7.284929678101E-05
   -4.695556731738E-04    8.913046145023E-02   -9.890427443333E-04   -4.923909134069E-04    2.176044854693E-04    8.342251107484E-05    2.521726493833E-05    3.011048862955E-06    3.825579743128E-06   -4.935418290344E-06
    1.956286673395E-04   -9.890427443333E-04    7.557527373544E-01    9.274598723345E-04   -3.322690920834E-04   -1.015970290073E-04   -8.601430738088E-06    2.078805554859E-05   -2.451648143694E-05    2.035481315044E-05
   -3.848133915425E-04   -4.923909134069E-04    9.274598723345E-04    1.988763072886E+00   -4.876404798781E-04   -1.202942064690E-04   -3.452260666143E-06    3.442531919603E-05   -3.885717238813E-05    3.243159631358E-05
    5.013989923020E-04    2.176044854693E-04   -3.322690920834E-04   -4.876404798781E-04    3.746464455417E+00    2.766752386427E-04    4.377650188565E-05   -2.244628846897E-05    4.033925968145E-05   -3.918665588287E-05
    4.199315090746E-04    8.342251107484E-05   -1.015970290073E-04   -1.202942064690E-04    2.766752386427E-04    6.016962389873E+00    1.773404494762E-04    1.633749375405E-05    2.780114928742E-05   -4.015037541408E-05
    2.994809148183E-04    2.521726493833E-05   -8.601430738088E-06   -3.452260666143E-06    4.377650188565E-05    1.773404494762E-04    8.796415545365E+00    1.222267357651E-04   -2.482258610214E-06   -3.282496152873E-05
    1.957921412875E-04    3.011048862955E-06    2.078805554859E-05    3.442531919603E-05   -2.244628846897E-05    1.633749375405E-05    1.222267357651E-04    1.208334865140E+01   -8.403955691537E-05   -1.330067886001E-05
   -1.212335322055E-04    3.825579743128E-06   -2.451648143694E-05   -3.885717238813E-05    4.033925968145E-05    2.780114928742E-05   -2.482258610214E-06   -8.403955691537E-05    1.587710577000E+01   -4.544557798914E-05
    7.284929678101E-05   -4.935418290344E-06    2.035481315044E-05    3.243159631358E-05   -3.918665588287E-05   -4.015037541408E-05   -3.282496152873E-05   -1.330067886001E-05   -4.544557798914E-05    2.017734817702E+01
   11.218837340720221     
   -9.982800683901E-01   -4.581065969290E-04    2.032416558745E-04   -3.671235976706E-04    4.897665971524E-04    4.150961875919E-04    2.989486186980E-04    1.972529050307E-04   -1.232467732714E-04    7.474044721807E-05
   -4.581065969290E-04    8.693379929671E-02   -9.539556995796E-04   -4.808873705619E-04    2.153823074512E-04    8.399611722219E-05    2.617358466206E-05    3.689910912088E-06    3.471733007082E-06   -4.806262000705E-06
    2.032416558745E-04   -9.539556995796E-04    7.383237095611E-01    9.155198356707E-04   -3.334023309335E-04   -1.053139517200E-04   -1.166784057192E-05    1.898777115178E-05   -2.370780103891E-05    2.014290719760E-05
   -3.671235976706E-04   -4.808873705619E-04    9.155198356707E-04    1.944683737812E+00   -4.865986781139E-04   -1.233715795069E-04   -6.551937099834E-06    3.243811865959E-05   -3.794897623587E-05    3.224003676058E-05
    4.897665971524E-04    2.153823074512E-04   -3.334023309335E-04   -4.865986781139E-04    3.665094166907E+00    2.769397601572E-04    4.580944100191E-05   -2.060579532747E-05    3.928880704688E-05   -3.887272230340E-05
    4.150961875919E-04    8.399611722219E-05   -1.053139517200E-04   -1.233715795069E-04    2.769397601572E-04    5.887712491268E+00    1.775540938374E-04    1.756964988425E-05    2.670569377877E-05   -3.962523398501E-05
    2.989486186980E-04    2.617358466206E-05   -1.166784057192E-05   -6.551937099834E-06    4.580944100191E-05    1.775540938374E-04    8.608685590259E+00    1.223271817379E-04   -3.259576331010E-06   -3.216358322147E-05
    1.972529050307E-04    3.689910912088E-06    1.898777115178E-05    3.243811865959E-05   -2.060579532747E-05    1.756964988425E-05    1.223271817379E-04    1.182652809849E+01   -8.409574459391E-05   -1.276912712257E-05
   -1.232467732714E-04    3.471733007082E-06   -2.370780103891E-05   -3.794897623587E-05    3.928880704688E-05    2.670569377877E-05   -3.259576331010E-06   -8.409574459391E-05    1.554057831254E+01   -4.556086109026E-05
    7.474044721807E-05   -4.806262000705E-06    2.014290719760E-05    3.224003676058E-05   -3.887272230340E-05   -3.962523398501E-05   -3.216358322147E-05   -1.276912712257E-05   -4.556086109026E-05    1.975049428162E+01
   11.337869253968254     
   -9.983153678971E-01   -4.469022249717E-04    2.102132794750E-04   -3.499149077316E-04    4.782074055600E-04    4.101342826737E-04    2.982536859714E-04    1.985917124808E-04   -1.251941740873E-04    7.661069716374E-05
   -4.469022249717E-04    8.480561907324E-02   -9.200275601891E-04   -4.695208838183E-04    2.130660918110E-04    8.448190620051E-05    2.708754621383E-05    4.358177387220E-06    3.114423840935E-06   -4.670366142223E-06
    2.102132794750E-04   -9.200275601891E-04    7.213860557762E-01    9.033853458087E-04   -3.342485243289E-04   -1.088551069805E-04   -1.467461030891E-05    1.718248181562E-05   -2.287251722352E-05    1.990520458319E-05
   -3.499149077316E-04   -4.695208838183E-04    9.033853458087E-04    1.901796043665E+00   -4.854053799636E-04   -1.263321747353E-04   -9.605454649140E-06    3.044104423620E-05   -3.700834004899E-05    3.201658970731E-05
    4.782074055600E-04    2.130660918110E-04   -3.342485243289E-04   -4.854053799636E-04    3.585888377418E+00    2.771495800838E-04    4.779923676548E-05   -1.877497187348E-05    3.822010272951E-05   -3.853165194005E-05
    4.101342826737E-04    8.448190620051E-05   -1.088551069805E-04   -1.263321747353E-04    2.771495800838E-04    5.761875937105E+00    1.777432776734E-04    1.877931689827E-05    2.561268281704E-05   -3.908447642250E-05
    2.982536859714E-04    2.708754621383E-05   -1.467461030891E-05   -9.605454649140E-06    4.779923676548E-05    1.777432776734E-04    8.425894842840E+00    1.224130914303E-04   -4.022767681054E-06   -3.150131268222E-05
    1.985917124808E-04    4.358177387220E-06    1.718248181562E-05    3.044104423620E-05   -1.877497187348E-05    1.877931689827E-05    1.224130914303E-04    1.157644991176E+01   -8.414332122708E-05   -1.224548624569E-05
   -1.251941740873E-04    3.114423840935E-06   -2.287251722352E-05   -3.700834004899E-05    3.822010272951E-05    2.561268281704E-05   -4.022767681054E-06   -8.414332122708E-05    1.521287375277E+01   -4.567074919760E-05
    7.661069716374E-05   -4.670366142223E-06    1.990520458319E-05    3.201658970731E-05   -3.853165194005E-05   -3.908447642250E-05   -3.150131268222E-05   -1.224548624569E-05   -4.567074919760E-05    1.933482121045E+01
   11.457529303961659     
   -9.983498617525E-01   -4.359403347815E-04    2.165765803222E-04   -3.331814715441E-04    4.667300589520E-04    4.050554179327E-04    2.974012109195E-04    1.998092338432E-04   -1.270740429008E-04    7.845780483318E-05
   -4.359403347815E-04    8.274335455306E-02   -8.872291378155E-04   -4.582993281346E-04    2.106638472217E-04    8.488285021540E-05    2.795911462990E-05    5.014940840358E-06    2.754416511826E-06   -4.528112905833E-06
    2.165765803222E-04   -8.872291378155E-04    7.049236457322E-01    8.910752365768E-04   -3.348165368199E-04   -1.122208283447E-04   -1.761834658768E-05    1.537559532018E-05   -2.201270734988E-05    1.964249568918E-05
   -3.331814715441E-04   -4.582993281346E-04    8.910752365768E-04    1.860062185731E+00   -4.840628358393E-04   -1.291757101586E-04   -1.261031027516E-05    2.843694294303E-05   -3.603711739410E-05    3.176191724239E-05
    4.667300589520E-04    2.106638472217E-04   -3.348165368199E-04   -4.840628358393E-04    3.508779045401E+00    2.773047226492E-04    4.974556369714E-05   -1.695511990564E-05    3.713453964683E-05   -3.816418567448E-05
    4.050554179327E-04    8.488285021540E-05   -1.122208283447E-04   -1.291757101586E-04    2.773047226492E-04    5.639345794577E+00    1.779083161707E-04    1.996662604695E-05    2.452273786603E-05   -3.852883921466E-05
    2.974012109195E-04    2.795911462990E-05   -1.761834658768E-05   -1.261031027516E-05    4.974556369714E-05    1.779083161707E-04    8.247888824928E+00    1.224848974229E-04   -4.772043683255E-06   -3.083853798019E-05
    1.998092338432E-04    5.014940840358E-06    1.537559532018E-05    2.843694294303E-05   -1.695511990564E-05    1.996662604695E-05    1.224848974229E-04    1.133290341768E+01   -8.418258463357E-05   -1.172965881804E-05
   -1.270740429008E-04    2.754416511826E-06   -2.201270734988E-05   -3.603711739410E-05    3.713453964683E-05    2.452273786603E-05   -4.772043683255E-06   -8.418258463357E-05    1.489371657395E+01   -4.577537890374E-05
    7.845780483318E-05   -4.528112905833E-06    1.964249568918E-05    3.176191724239E-05   -3.816418567448E-05   -3.852883921466E-05   -3.083853798019E-05   -1.172965881804E-05   -4.577537890374E-05    1.892997995680E+01
   11.577817490700435     
   -9.983835593643E-01   -4.252184737362E-04    2.223631225497E-04   -3.169171614479E-04    4.553426391310E-04    3.998689760506E-04    2.963963826111E-04    2.009063565492E-04   -1.288848664675E-04    8.027961482871E-05
   -4.252184737362E-04    8.074455054055E-02   -8.555311752785E-04   -4.472297297216E-04    2.081832541768E-04    8.520194372275E-05    2.878835966127E-05    5.659363156762E-06    2.392454647399E-06   -4.379891137771E-06
    2.223631225497E-04   -8.555311752785E-04    6.889209480582E-01    8.786079179270E-04   -3.351153795908E-04   -1.154118170832E-04   -2.049594102111E-05    1.357040498416E-05   -2.113045468460E-05    1.935562355801E-05
   -3.169171614479E-04   -4.472297297216E-04    8.786079179270E-04    1.819445736604E+00   -4.825734349563E-04   -1.319020464787E-04   -1.556414377090E-05    2.642859934907E-05   -3.503718130543E-05    3.147673804085E-05
    4.553426391310E-04    2.081832541768E-04   -3.351153795908E-04   -4.825734349563E-04    3.433700600122E+00    2.774052241106E-04    5.164811899383E-05   -1.514749740224E-05    3.603349836067E-05   -3.777108929521E-05
    3.998689760506E-04    8.520194372275E-05   -1.154118170832E-04   -1.319020464787E-04    2.774052241106E-04    5.520019008946E+00    1.780495026979E-04    2.113171074515E-05    2.343645504055E-05   -3.795905164982E-05
    2.963963826111E-04    2.878835966127E-05   -2.049594102111E-05   -1.556414377090E-05    5.164811899383E-05    1.780495026979E-04    8.074518656597E+00    1.225430142979E-04   -5.507617969827E-06   -3.017562813025E-05
    2.009063565492E-04    5.659363156762E-06    1.357040498416E-05    2.642859934907E-05   -1.514749740224E-05    2.113171074515E-05    1.225430142979E-04    1.109568557393E+01   -8.421382262200E-05   -1.122154245413E-05
   -1.288848664675E-04    2.392454647399E-06   -2.113045468460E-05   -3.503718130543E-05    3.603349836067E-05    2.343645504055E-05   -5.507617969827E-06   -8.421382262200E-05    1.458284123626E+01   -4.587488483837E-05
    8.027961482871E-05   -4.379891137771E-06    1.935562355801E-05    3.147673804085E-05   -3.777108929521E-05   -3.795905164982E-05   -3.017562813025E-05   -1.122154245413E-05   -4.587488483837E-05    1.853563414938E+01
   11.698733814184584     
   -9.984164716637E-01   -4.147339840968E-04    2.276030518945E-04   -3.011156005951E-04    4.440526883998E-04    3.945840905054E-04    2.952444664233E-04    2.018841732803E-04   -1.306253079076E-04    8.207406194505E-05
   -4.147339840968E-04    7.880685753281E-02   -8.249044339508E-04   -4.363183176144E-04    2.056316682987E-04    8.544219257285E-05    2.957544872224E-05    6.290674430808E-06    2.029259588098E-06   -4.226094571102E-06
    2.276030518945E-04   -8.249044339508E-04    6.733630055819E-01    8.660013521875E-04   -3.351541802697E-04   -1.184291211028E-04   -2.330456597715E-05    1.177008361500E-05   -2.022784058865E-05    1.904547877315E-05
   -3.011156005951E-04   -4.363183176144E-04    8.660013521875E-04    1.779911589525E+00   -4.809397005953E-04   -1.345111844678E-04   -1.846473765731E-05    2.441873137151E-05   -3.401041889173E-05    3.116182376125E-05
    4.440526883998E-04    2.056316682987E-04   -3.351541802697E-04   -4.809397005953E-04    3.360589839991E+00    2.774511354072E-04    5.350662263679E-05   -1.335331882694E-05    3.491834552007E-05   -3.735315139069E-05
    3.945840905054E-04    8.544219257285E-05   -1.184291211028E-04   -1.345111844678E-04    2.774511354072E-04    5.403796243992E+00    1.781671097465E-04    2.227470556653E-05    2.235440613648E-05   -3.737583530556E-05
    2.952444664233E-04    2.957544872224E-05   -2.330456597715E-05   -1.846473765731E-05    5.350662263679E-05    1.781671097465E-04    7.905640825878E+00    1.225878385933E-04   -6.229705780961E-06   -2.951293388242E-05
    2.018841732803E-04    6.290674430808E-06    1.177008361500E-05    2.441873137151E-05   -1.335331882694E-05    2.227470556653E-05    1.225878385933E-04    1.086460065551E+01   -8.423731299603E-05   -1.072103041442E-05
   -1.306253079076E-04    2.029259588098E-06   -2.022784058865E-05   -3.401041889173E-05    3.491834552007E-05    2.235440613648E-05   -6.229705780961E-06   -8.423731299603E-05    1.427999176643E+01   -4.596939958917E-05
    8.207406194505E-05   -4.226094571102E-06    1.904547877315E-05    3.116182376125E-05   -3.735315139069E-05   -3.737583530556E-05   -2.951293388242E-05   -1.072103041442E-05   -4.596939958917E-05    1.815145953253E+01
   11.820278274414106     
   -9.984486109920E-01   -4.044840254256E-04    2.323251538368E-04   -2.857701885671E-04    4.328672289687E-04    3.892096383134E-04    2.939507862372E-04    2.027439697866E-04   -1.322942039356E-04    8.383917443618E-05
   -4.044840254256E-04    7.692802662989E-02   -7.953197709667E-04   -4.255705725641E-04    2.030161243689E-04    8.560660396591E-05    3.032063995540E-05    6.908171611994E-06    1.665528948828E-06   -4.067120133651E-06
    2.323251538368E-04   -7.953197709667E-04    6.582354116249E-01    8.532730320460E-04   -3.349421538752E-04   -1.212741138072E-04   -2.604166947075E-05    9.977678309567E-06   -1.930693710536E-05    1.871299434177E-05
   -2.857701885671E-04   -4.255705725641E-04    8.532730320460E-04    1.741425904115E+00   -4.791642846607E-04   -1.370032620413E-04   -2.131001677562E-05    2.240998638972E-05   -3.295872608571E-05    3.081799537748E-05
    4.328672289687E-04    2.030161243689E-04   -3.349421538752E-04   -4.791642846607E-04    3.289385835341E+00    2.774425245246E-04    5.532081753519E-05   -1.157375542006E-05    3.379043236584E-05   -3.691118126434E-05
    3.892096383134E-04    8.560660396591E-05   -1.212741138072E-04   -1.370032620413E-04    2.774425245246E-04    5.290581729544E+00    1.782613898616E-04    2.339574534785E-05    2.127713962431E-05   -3.677990358116E-05
    2.939507862372E-04    3.032063995540E-05   -2.604166947075E-05   -2.131001677562E-05    5.532081753519E-05    1.782613898616E-04    7.741116968800E+00    1.226197487802E-04   -6.938523028705E-06   -2.885078850351E-05
    2.027439697866E-04    6.908171611994E-06    9.977678309567E-06    2.240998638972E-05   -1.157375542006E-05    2.339574534785E-05    1.226197487802E-04    1.063945995499E+01   -8.425332355144E-05   -1.022801219878E-05
   -1.322942039356E-04    1.665528948828E-06   -1.930693710536E-05   -3.295872608571E-05    3.379043236584E-05    2.127713962431E-05   -6.938523028705E-06   -8.425332355144E-05    1.398492136598E+01   -4.605905361479E-05
    8.383917443618E-05   -4.067120133651E-06    1.871299434177E-05    3.081799537748E-05   -3.691118126434E-05   -3.677990358116E-05   -2.885078850351E-05   -1.022801219878E-05   -4.605905361479E-05    1.777714347023E+01
   11.942450871388997     
   -9.984799907660E-01   -3.944655955621E-04    2.365569099417E-04   -2.708741254539E-04    4.217927823477E-04    3.837542341728E-04    2.925207075896E-04    2.034872126983E-04   -1.338905615810E-04    8.557307678555E-05
   -3.944655955621E-04    7.510590471808E-02   -7.667482089873E-04   -4.149912740466E-04    2.003433412780E-04    8.569817730319E-05    3.102427547831E-05    7.511216958446E-06    1.301935381525E-06   -3.903366339004E-06
    2.365569099417E-04   -7.667482089873E-04    6.435242874202E-01    8.404399614084E-04   -3.344885752349E-04   -1.239484730682E-04   -2.870496925318E-05    8.196106094770E-06   -1.836979998340E-05    1.835914062184E-05
   -2.708741254539E-04   -4.149912740466E-04    8.404399614084E-04    1.703956054667E+00   -4.772499620305E-04   -1.393785511217E-04   -2.409804758462E-05    2.040493769546E-05   -3.188400256708E-05    3.044611947570E-05
    4.217927823477E-04    2.003433412780E-04   -3.344885752349E-04   -4.772499620305E-04    3.220029835718E+00    2.773794787566E-04    5.709046971696E-05   -9.809935486654E-06    3.265109330976E-05   -3.644600688646E-05
    3.837542341728E-04    8.569817730319E-05   -1.239484730682E-04   -1.393785511217E-04    2.773794787566E-04    5.180283116084E+00    1.783325766416E-04    2.449496440314E-05    2.020518161271E-05   -3.617196128027E-05
    2.925207075896E-04    3.102427547831E-05   -2.870496925318E-05   -2.409804758462E-05    5.709046971696E-05    1.783325766416E-04    7.580813659578E+00    1.226391053057E-04   -7.634285424732E-06   -2.818950855582E-05
    2.034872126983E-04    7.511216958446E-06    8.196106094770E-06    2.040493769546E-05   -9.809935486654E-06    2.449496440314E-05    1.226391053057E-04    1.042008149662E+01   -8.426211208827E-05   -9.742374116779E-06
   -1.338905615810E-04    1.301935381525E-06   -1.836979998340E-05   -3.188400256708E-05    3.265109330976E-05    2.020518161271E-05   -7.634285424732E-06   -8.426211208827E-05    1.369739203748E+01   -4.614397516046E-05
    8.557307678555E-05   -3.903366339004E-06    1.835914062184E-05    3.044611947570E-05   -3.644600688646E-05   -3.617196128027E-05   -2.818950855582E-05   -9.742374116779E-06   -4.614397516046E-05    1.741238447280E+01
   12.065251605109264     
   -9.985106253116E-01   -3.846755499516E-04    2.403245523959E-04   -2.564204342407E-04    4.108353884468E-04    3.782262257868E-04    2.909596217056E-04    2.041155373465E-04   -1.354135544220E-04    8.727399198270E-05
   -3.846755499516E-04    7.333842990038E-02   -7.391609984390E-04   -4.045845451569E-04    1.976197276787E-04    8.571989585170E-05    3.168677481722E-05    8.099236318947E-06    9.391255304350E-07   -3.735231763598E-06
    2.403245523959E-04   -7.391609984390E-04    6.292162605422E-01    8.275186386687E-04   -3.338027527972E-04   -1.264541603692E-04   -3.129244618016E-05    6.428150371393E-06   -1.741846214185E-05    1.798492031741E-05
   -2.564204342407E-04   -4.045845451569E-04    8.275186386687E-04    1.667470580773E+00   -4.751996245833E-04   -1.416374542783E-04   -2.682703717121E-05    1.840608127188E-05   -3.078814686417E-05    3.004710452881E-05
    4.108353884468E-04    1.976197276787E-04   -3.338027527972E-04   -4.751996245833E-04    3.152465181386E+00    2.772621067972E-04    5.881536854844E-05   -8.062944680065E-06    3.150164458245E-05   -3.595847288112E-05
    3.782262257868E-04    8.571989585170E-05   -1.264541603692E-04   -1.416374542783E-04    2.772621067972E-04    5.072811335936E+00    1.783808857724E-04    2.557249584109E-05    1.913903677689E-05   -3.555270423589E-05
    2.909596217056E-04    3.168677481722E-05   -3.129244618016E-05   -2.682703717121E-05    5.881536854844E-05    1.783808857724E-04    7.424602210342E+00    1.226462506846E-04   -8.317207670910E-06   -2.752939466753E-05
    2.041155373465E-04    8.099236318947E-06    6.428150371393E-06    1.840608127188E-05   -8.062944680065E-06    2.557249584109E-05    1.226462506846E-04    1.020628976337E+01   -8.426392643106E-05   -9.263999834126E-06
   -1.354135544220E-04    9.391255304350E-07   -1.741846214185E-05   -3.078814686417E-05    3.150164458245E-05    1.913903677689E-05   -8.317207670910E-06   -8.426392643106E-05    1.341717422780E+01   -4.622429017317E-05
    8.727399198270E-05   -3.735231763598E-06    1.798492031741E-05    3.004710452881E-05   -3.595847288112E-05   -3.555270423589E-05   -2.752939466753E-05   -9.263999834126E-06   -4.622429017317E-05    1.705689174516E+01
   12.188680475574902     
   -9.985405300494E-01   -3.751106193097E-04    2.436531166834E-04   -2.424019815263E-04    4.000006242441E-04    3.726336902183E-04    2.892729303719E-04    2.046307356193E-04   -1.368625183653E-04    8.894024331399E-05
   -3.751106193097E-04    7.162362715579E-02   -7.125296725468E-04   -3.943538953180E-04    1.948513881903E-04    8.567471916157E-05    3.230862853577E-05    8.671717264188E-06    5.777191717950E-07   -3.563113612521E-06
    2.436531166834E-04   -7.125296725468E-04    6.152984442740E-01    8.145250421289E-04   -3.328940037968E-04   -1.287934001844E-04   -3.380233693576E-05    4.676458126208E-06   -1.645492758421E-05    1.759136356552E-05
   -2.424019815263E-04   -3.943538953180E-04    8.145250421289E-04    1.631939140122E+00   -4.730162748591E-04   -1.437805011369E-04   -2.949533198157E-05    1.641583289653E-05   -2.967305164128E-05    2.962189716195E-05
    4.000006242441E-04    1.948513881903E-04   -3.328940037968E-04   -4.730162748591E-04    3.086637218770E+00    2.770905406223E-04    6.049532696789E-05   -6.333826281969E-06    3.034338294586E-05   -3.544943854789E-05
    3.726336902183E-04    8.567471916157E-05   -1.287934001844E-04   -1.437805011369E-04    2.770905406223E-04    4.968080470684E+00    1.784065160716E-04    2.662847097869E-05    1.807918924840E-05   -3.492281897184E-05
    2.892729303719E-04    3.230862853577E-05   -3.380233693575E-05   -2.949533198157E-05    6.049532696789E-05    1.784065160716E-04    7.272358479857E+00    1.226415096293E-04   -8.987502711242E-06   -2.687073229058E-05
    2.046307356193E-04    8.671717264188E-06    4.676458126208E-06    1.641583289653E-05   -6.333826281969E-06    2.662847097869E-05    1.226415096293E-04    9.997915436347E+00   -8.425900445213E-05   -8.792770894654E-06
   -1.368625183653E-04    5.777191717950E-07   -1.645492758421E-05   -2.967305164128E-05    3.034338294586E-05    1.807918924840E-05   -8.987502711242E-06   -8.425900445213E-05    1.314404648751E+01   -4.630012221410E-05
    8.894024331399E-05   -3.563113612521E-06    1.759136356552E-05    2.962189716195E-05   -3.544943854789E-05   -3.492281897184E-05   -2.687073229058E-05   -8.792770894654E-06   -4.630012221410E-05    1.671038475553E+01
   12.312737482785911     
   -9.985697203818E-01   -3.657674268815E-04    2.465664923907E-04   -2.288114977567E-04    3.892936229072E-04    3.669844318107E-04    2.874660320201E-04    2.050347441135E-04   -1.382369471288E-04    9.057025574077E-05
   -3.657674268815E-04    6.995960425513E-02   -6.868260979094E-04   -3.843022617415E-04    1.920441304564E-04    8.556557636165E-05    3.289039213704E-05    9.228207111347E-06    2.183085236310E-07   -3.387406376913E-06
    2.465664923907E-04   -6.868260979094E-04    6.017584180710E-01    8.014746190431E-04   -3.317716312214E-04   -1.309686598063E-04   -3.623312621947E-05    2.943537885137E-06   -1.548116578348E-05    1.717952315273E-05
   -2.288114977567E-04   -3.843022617415E-04    8.014746190431E-04    1.597332463708E+00   -4.707030200342E-04   -1.458083447112E-04   -3.210141630382E-05    1.443652558074E-05   -2.854059920252E-05    2.917147844231E-05
    3.892936229072E-04    1.920441304564E-04   -3.317716312214E-04   -4.707030200342E-04    3.022493220025E+00    2.768649374395E-04    6.213018176790E-05   -4.623581486590E-06    2.917758448717E-05   -3.491977593744E-05
    3.669844318107E-04    8.556557636165E-05   -1.309686598063E-04   -1.458083447112E-04    2.768649374395E-04    4.866007624905E+00    1.784096506689E-04    2.766301885936E-05    1.702610347530E-05   -3.428298241205E-05
    2.874660320201E-04    3.289039213704E-05   -3.623312621947E-05   -3.210141630382E-05    6.213018176790E-05    1.784096506689E-04    7.123962691237E+00    1.226251892824E-04   -9.645381045841E-06   -2.621379245464E-05
    2.050347441135E-04    9.228207111347E-06    2.943537885137E-06    1.443652558074E-05   -4.623581486590E-06    2.766301885936E-05    1.226251892824E-04    9.794795146253E+00   -8.424757413493E-05   -8.328567222187E-06
   -1.382369471288E-04    2.183085236310E-07   -1.548116578348E-05   -2.854059920252E-05    2.917758448717E-05    1.702610347530E-05   -9.645381045841E-06   -8.424757413493E-05    1.287779514591E+01   -4.637159238549E-05
    9.057025574077E-05   -3.387406376913E-06    1.717952315273E-05    2.917147844231E-05   -3.491977593744E-05   -3.428298241205E-05   -2.621379245464E-05   -8.328567222187E-06   -4.637159238549E-05    1.637259282388E+01
   12.437422626742293     
   -9.985982124726E-01   -3.566425030976E-04    2.490874721685E-04   -2.156415949677E-04    3.787190915361E-04    3.612859804155E-04    2.855443083019E-04    2.053296322242E-04   -1.395364872594E-04    9.216255677780E-05
   -3.566425030976E-04    6.834454784239E-02   -6.620225166419E-04   -3.744320478956E-04    1.892034721889E-04    8.539535996568E-05    3.343268012365E-05    9.768310821756E-06   -1.385422756130E-07   -3.208500581697E-06
    2.490874721685E-04   -6.620225166419E-04    5.885842086693E-01    7.883822751321E-04   -3.304449017189E-04   -1.329826294218E-04   -3.858353842259E-05    1.231758347569E-06   -1.449910650484E-05    1.675046985181E-05
   -2.156415949677E-04   -3.744320478956E-04    7.883822751321E-04    1.563622312677E+00   -4.682630649882E-04   -1.477217574074E-04   -3.464391047938E-05    1.247040730697E-05   -2.739265717571E-05    2.869686017224E-05
    3.787190915361E-04    1.892034721889E-04   -3.304449017189E-04   -4.682630649882E-04    2.959982305800E+00    2.765854811622E-04    6.371979383518E-05   -2.933169678460E-06    2.800550345780E-05   -3.437036794956E-05
    3.612859804155E-04    8.539535996568E-05   -1.329826294218E-04   -1.477217574074E-04    2.765854811622E-04    4.766512805118E+00    1.783904580620E-04    2.867626584540E-05    1.598022503121E-05   -3.363386160509E-05
    2.855443083019E-04    3.343268012365E-05   -3.858353842259E-05   -3.464391047938E-05    6.371979383518E-05    1.783904580620E-04    6.979299257358E+00    1.225975794212E-04   -1.029105010195E-05   -2.555883249381E-05
    2.053296322242E-04    9.768310821756E-06    1.231758347569E-06    1.247040730697E-05   -2.933169678460E-06    2.867626584540E-05    1.225975794212E-04    9.596771235567E+00   -8.422985360792E-05   -7.871267594568E-06
   -1.395364872594E-04   -1.385422756130E-07   -1.449910650484E-05   -2.739265717571E-05    2.800550345780E-05    1.598022503121E-05   -1.029105010195E-05   -8.422985360792E-05    1.261821400024E+01   -4.643881924047E-05
    9.216255677780E-05   -3.208500581697E-06    1.675046985181E-05    2.869686017224E-05   -3.437036794956E-05   -3.363386160509E-05   -2.555883249381E-05   -7.871267594568E-06   -4.643881924047E-05    1.604325472843E+01
   12.562735907444049     
   -9.986260225045E-01   -3.477323001535E-04    2.512377988394E-04   -2.028847843818E-04    3.682813294220E-04    3.555455911187E-04    2.835131119075E-04    2.055175906439E-04   -1.407609329563E-04    9.371577700568E-05
   -3.477323001535E-04    6.677671975342E-02   -6.380915852744E-04   -3.647451609252E-04    1.863346489475E-04    8.516692049572E-05    3.393616035795E-05    1.029168883532E-05   -4.922975388598E-07   -3.026781626403E-06
    2.512377988394E-04   -6.380915852744E-04    5.757642722255E-01    7.752623677310E-04   -3.289230253523E-04   -1.348382027821E-04   -4.085252892202E-05   -4.566523164221E-07   -1.351063510125E-05    1.630528792828E-05
   -2.028847843818E-04   -3.647451609252E-04    7.752623677310E-04    1.530781437416E+00   -4.656997058362E-04   -1.495216269987E-04   -3.712156889387E-05    1.051963909280E-05   -2.623107442869E-05    2.819908123667E-05
    3.682813294220E-04    1.863346489475E-04   -3.289230253523E-04   -4.656997058362E-04    2.899055371803E+00    2.762523839838E-04    6.526404843021E-05   -1.263508718154E-06    2.682837119335E-05   -3.380210649060E-05
    3.555455911187E-04    8.516692049572E-05   -1.348382027821E-04   -1.495216269987E-04    2.762523839838E-04    4.669518804516E+00    1.783490933126E-04    2.966833530673E-05    1.494198139371E-05   -3.297611349138E-05
    2.835131119075E-04    3.393616035795E-05   -4.085252892202E-05   -3.712156889387E-05    6.526404843021E-05    1.783490933126E-04    6.838256614463E+00    1.225589527682E-04   -1.092471366475E-05   -2.490609676634E-05
    2.055175906439E-04    1.029168883532E-05   -4.566523164221E-07    1.051963909280E-05   -1.263508718154E-06    2.966833530673E-05    1.225589527682E-04    9.403691531728E+00   -8.420605122336E-05   -7.420750098115E-06
   -1.407609329563E-04   -4.922975388598E-07   -1.351063510125E-05   -2.623107442869E-05    2.682837119335E-05    1.494198139371E-05   -1.092471366475E-05   -8.420605122336E-05    1.236510401915E+01   -4.650191870996E-05
    9.371577700568E-05   -3.026781626403E-06    1.630528792828E-05    2.819908123667E-05   -3.380210649060E-05   -3.297611349138E-05   -2.490609676634E-05   -7.420750098115E-06   -4.650191870996E-05    1.572211833011E+01
   12.688677324891179     
   -9.986531667259E-01   -3.390332049380E-04    2.530382106836E-04   -1.905334924196E-04    3.579842454972E-04    3.497702445386E-04    2.813777550975E-04    2.056009200157E-04   -1.419102205872E-04    9.522865016103E-05
   -3.390332049380E-04    6.525445350507E-02   -6.150064076187E-04   -3.552430467860E-04    1.834426220185E-04    8.488306164510E-05    3.440154863568E-05    1.079805482930E-05   -8.424502560434E-07   -2.842628717395E-06
    2.530382106836E-04   -6.150064076187E-04    5.632874771571E-01    7.621287002447E-04   -3.272151365606E-04   -1.365384583190E-04   -4.303927502220E-05   -2.119606560472E-06   -1.251758825289E-05    1.584507081121E-05
   -1.905334924196E-04   -3.552430467860E-04    7.621287002447E-04    1.498783538307E+00   -4.630163230452E-04   -1.512089523916E-04   -3.953327773266E-05    8.586293352626E-06   -2.505767719260E-05    2.767920399242E-05
    3.579842454972E-04    1.834426220185E-04   -3.272151365606E-04   -4.630163230452E-04    2.839665018467E+00    2.758658876621E-04    6.676285543789E-05    3.845247693947E-07    2.564739508931E-05   -3.321589066829E-05
    3.497702445386E-04    8.488306164510E-05   -1.365384583190E-04   -1.512089523916E-04    2.758658876621E-04    4.574951092647E+00    1.782856991936E-04    3.063934738176E-05    1.391178267752E-05   -3.231038468960E-05
    2.813777550975E-04    3.440154863568E-05   -4.303927502220E-05   -3.953327773266E-05    6.676285543789E-05    1.782856991936E-04    6.700727062989E+00    1.225095653138E-04   -1.154657136360E-05   -2.425581735047E-05
    2.056009200157E-04    1.079805482930E-05   -2.119606560472E-06    8.586293352626E-06    3.845247693947E-07    3.063934738176E-05    1.225095653138E-04    9.215409130210E+00   -8.417636563111E-05   -6.976892556966E-06
   -1.419102205872E-04   -8.424502560434E-07   -1.251758825289E-05   -2.505767719260E-05    2.564739508931E-05    1.391178267752E-05   -1.154657136360E-05   -8.417636563111E-05    1.211827305914E+01   -4.656100402408E-05
    9.522865016103E-05   -2.842628717395E-06    1.584507081121E-05    2.767920399242E-05   -3.321589066829E-05   -3.231038468960E-05   -2.425581735047E-05   -6.976892556966E-06   -4.656100402408E-05    1.540894021347E+01
   12.815246879083672     
   -9.986796617691E-01   -3.305415507873E-04    2.545084848867E-04   -1.785800755882E-04    3.478313752582E-04    3.439666478129E-04    2.791434990407E-04    2.055820198313E-04   -1.429844229683E-04    9.670001284012E-05
   -3.305415507873E-04    6.377615095886E-02   -5.927405628209E-04   -3.459267234660E-04    1.805320864626E-04    8.454653599737E-05    3.482960349777E-05    1.128717342506E-05   -1.188522185191E-06   -2.656413890889E-06
    2.545084848867E-04   -5.927405628209E-04    5.511430877137E-01    7.489945183155E-04   -3.253302764399E-04   -1.380866407968E-04   -4.514316661917E-05   -3.755156986341E-06   -1.152175014863E-05    1.537091694596E-05
   -1.785800755882E-04   -3.459267234660E-04    7.489945183155E-04    1.467603228183E+00   -4.602163743554E-04   -1.527848392400E-04   -4.187805252053E-05    6.672352553684E-06   -2.387426540193E-05    2.713831071585E-05
    3.478313752582E-04    1.805320864626E-04   -3.253302764399E-04   -4.602163743554E-04    2.781765483672E+00    2.754262645879E-04    6.821614959474E-05    2.010095100464E-06    2.446375763651E-05   -3.261262503004E-05
    3.439666478129E-04    8.454653599737E-05   -1.380866407968E-04   -1.527848392400E-04    2.754262645879E-04    4.482737709920E+00    1.782004073149E-04    3.158941880798E-05    1.289002232590E-05   -3.163731130372E-05
    2.791434990407E-04    3.482960349777E-05   -4.514316661917E-05   -4.187805252053E-05    6.821614959474E-05    1.782004073149E-04    6.566606615359E+00    1.224496566632E-04   -1.215681821143E-05   -2.360821471854E-05
    2.055820198313E-04    1.128717342506E-05   -3.755156986341E-06    6.672352553684E-06    2.010095100464E-06    3.158941880798E-05    1.224496566632E-04    9.031782187136E+00   -8.414098585667E-05   -6.539572939378E-06
   -1.429844229683E-04   -1.188522185191E-06   -1.152175014863E-05   -2.387426540193E-05    2.446375763651E-05    1.289002232590E-05   -1.215681821143E-05   -8.414098585667E-05    1.187753559352E+01   -4.661618563281E-05
    9.670001284012E-05   -2.656413890889E-06    1.537091694596E-05    2.713831071585E-05   -3.261262503004E-05   -3.163731130372E-05   -2.360821471854E-05   -6.539572939378E-06   -4.661618563281E-05    1.510348534353E+01
   12.942444570021546     
   -9.987055239765E-01   -3.222536289471E-04    2.556674793097E-04   -1.670168350225E-04    3.378258978180E-04    3.381412366797E-04    2.768155442328E-04    2.054633777776E-04   -1.439837435421E-04    9.812880389036E-05
   -3.222536289471E-04    6.234027917493E-02   -5.712681304249E-04   -3.367968129643E-04    1.776074795553E-04    8.416004138624E-05    3.522112133209E-05    1.175885787609E-05   -1.530063823323E-06   -2.468501125900E-06
    2.556674793097E-04   -5.712681304249E-04    5.393207483843E-01    7.358725087613E-04   -3.232773766699E-04   -1.394861436556E-04   -4.716379667853E-05   -5.361495336423E-06   -1.052484911240E-05    1.488392585199E-05
   -1.670168350225E-04   -3.367968129643E-04    7.358725087613E-04    1.437215996626E+00   -4.573033880585E-04   -1.542504955380E-04   -4.415503547938E-05    4.779708168588E-06   -2.268260927137E-05    2.657750013491E-05
    3.378258978180E-04    1.776074795553E-04   -3.232773766699E-04   -4.573033880585E-04    2.725312578660E+00    2.749338188792E-04    6.962389072764E-05    3.612407227921E-06    2.327861552903E-05   -3.199321786018E-05
    3.381412366797E-04    8.416004138624E-05   -1.394861436556E-04   -1.542504955380E-04    2.749338188792E-04    4.392809166989E+00    1.780933393391E-04    3.251866283126E-05    1.187707776661E-05   -3.095751875953E-05
    2.768155442328E-04    3.522112133209E-05   -4.716379667853E-05   -4.415503547938E-05    6.962389072764E-05    1.780933393391E-04    6.435794850741E+00    1.223794504651E-04   -1.275564420014E-05   -2.296349839533E-05
    2.054633777776E-04    1.175885787609E-05   -5.361495336423E-06    4.779708168588E-06    3.612407227921E-06    3.251866283126E-05    1.223794504651E-04    8.852673721277E+00   -8.410009141532E-05   -6.108669742757E-06
   -1.439837435421E-04   -1.530063823323E-06   -1.052484911240E-05   -2.268260927137E-05    2.327861552903E-05    1.187707776661E-05   -1.275564420014E-05   -8.410009141532E-05    1.164271245352E+01   -4.666757114045E-05
    9.812880389036E-05   -2.468501125900E-06    1.488392585199E-05    2.657750013491E-05   -3.199321786018E-05   -3.095751875953E-05   -2.296349839533E-05   -6.108669742757E-06   -4.666757114045E-05    1.480552673782E+01
   13.070270397704789     
   -9.987307694085E-01   -3.141656986882E-04    2.565331725191E-04   -1.558360297447E-04    3.279706521622E-04    3.323001779635E-04    2.743990215871E-04    2.052475593319E-04   -1.449085103687E-04    9.951406344822E-05
   -3.141656986882E-04    6.094536741083E-02   -5.505637107303E-04   -3.278535712309E-04    1.746729891782E-04    8.372621769210E-05    3.557693169797E-05    1.221296772790E-05   -1.866654261470E-06   -2.279245544567E-06
    2.565331725191E-04   -5.505637107303E-04    5.278104689096E-01    7.227747996015E-04   -3.210652445888E-04   -1.407404919240E-04   -4.910095155051E-05   -6.936951002423E-06   -9.528554646200E-06    1.438519437903E-05
   -1.558360297447E-04   -3.278535712309E-04    7.227747996015E-04    1.407598175697E+00   -4.542809559768E-04   -1.556072270587E-04   -4.636349269322E-05    2.910159900930E-06   -2.148444608902E-05    2.599788403645E-05
    3.279706521622E-04    1.746729891782E-04   -3.210652445888E-04   -4.542809559768E-04    2.670263626611E+00    2.743888871974E-04    7.098606394821E-05    5.190706427955E-06    2.209309882623E-05   -3.135857951942E-05
    3.323001779635E-04    8.372621769210E-05   -1.407404919240E-04   -1.556072270587E-04    2.743888871974E-04    4.305098348403E+00    1.779646081338E-04    3.342718917152E-05    1.087331102392E-05   -3.027162165348E-05
    2.743990215871E-04    3.557693169797E-05   -4.910095155051E-05   -4.636349269322E-05    7.098606394821E-05    1.779646081338E-04    6.308194775997E+00    1.222991548462E-04   -1.334323394551E-05   -2.232186758926E-05
    2.052475593319E-04    1.221296772790E-05   -6.936951002423E-06    2.910159900930E-06    5.190706427955E-06    3.342718917152E-05    1.222991548462E-04    8.677951424559E+00   -8.405385242243E-05   -5.684062354637E-06
   -1.449085103687E-04   -1.866654261470E-06   -9.528554646200E-06   -2.148444608902E-05    2.209309882623E-05    1.087331102392E-05   -1.334323394551E-05   -8.405385242243E-05    1.141363058061E+01   -4.671526523631E-05
    9.951406344822E-05   -2.279245544567E-06    1.438519437903E-05    2.599788403645E-05   -3.135857951942E-05   -3.027162165348E-05   -2.232186758926E-05   -5.684062354637E-06   -4.671526523631E-05    1.451484515281E+01
   13.198724362133406     
   -9.987554144074E-01   -3.062739962733E-04    2.571227020734E-04   -1.450298888416E-04    3.182681526964E-04    3.264493724594E-04    2.718989841989E-04    2.049371976359E-04   -1.457591699652E-04    1.008549316462E-04
   -3.062739962733E-04    5.959000426254E-02   -5.306024410733E-04   -3.190969162345E-04    1.717325621595E-04    8.324764405319E-05    3.589789287518E-05    1.264940646269E-05   -2.197900932560E-06   -2.088992698413E-06
    2.571227020734E-04   -5.306024410733E-04    5.166026098929E-01    7.097129612027E-04   -3.187025494102E-04   -1.418533257292E-04   -5.095460117113E-05   -8.479989085676E-06   -8.534474880761E-06    1.387581317106E-05
   -1.450298888416E-04   -3.190969162345E-04    7.097129612027E-04    1.378726907093E+00   -4.511527262103E-04   -1.568564326552E-04   -4.850281108891E-05    1.065415179685E-06   -2.028147723039E-05    2.540058395971E-05
    3.182681526964E-04    1.717325621595E-04   -3.187025494102E-04   -4.511527262103E-04    2.616577403788E+00    2.737918393026E-04    7.230267979668E-05    6.744277972677E-06    2.090831017133E-05   -3.070962082955E-05
    3.264493724594E-04    8.324764405319E-05   -1.418533257292E-04   -1.568564326552E-04    2.737918393026E-04    4.219540420325E+00    1.778143188634E-04    3.431510403828E-05    9.879069289409E-06   -2.958022361294E-05
    2.718989841989E-04    3.589789287518E-05   -5.095460117113E-05   -4.850281108891E-05    7.230267979668E-05    1.778143188634E-04    6.183712692573E+00    1.222089628468E-04   -1.391976637932E-05   -2.168351179627E-05
    2.049371976359E-04    1.264940646269E-05   -8.479989085676E-06    1.065415179685E-06    6.744277972677E-06    3.431510403828E-05    1.222089628468E-04    8.507487480695E+00   -8.400242970055E-05   -5.265631390228E-06
   -1.457591699652E-04   -2.197900932560E-06   -8.534474880761E-06   -2.028147723039E-05    2.090831017133E-05    9.879069289409E-06   -1.391976637932E-05   -8.400242970055E-05    1.119012278941E+01   -4.675936962192E-05
    1.008549316462E-04   -2.088992698413E-06    1.387581317106E-05    2.540058395971E-05   -3.070962082955E-05   -2.958022361294E-05   -2.168351179627E-05   -5.265631390228E-06   -4.675936962192E-05    1.423122878369E+01
   13.327806463307390     
   -9.987794748212E-01   -2.985747439914E-04    2.574524013515E-04   -1.345906235986E-04    3.087206050417E-04    3.205944588387E-04    2.693204001941E-04    2.045349839323E-04   -1.465362811813E-04    1.021506470956E-04
   -2.985747439914E-04    5.827283497414E-02   -5.113600103687E-04   -3.105264551013E-04    1.687899129298E-04    8.272683664502E-05    3.618488771546E-05    1.306811917136E-05   -2.523439271112E-06   -1.898077937016E-06
    2.574524013515E-04   -5.113600103687E-04    5.056878691750E-01    6.966980101586E-04   -3.161978100805E-04   -1.428283846238E-04   -5.272488926122E-05   -9.989208055457E-06   -7.544154430959E-06    1.335686335809E-05
   -1.345906235986E-04   -3.105264551013E-04    6.966980101586E-04    1.350580110940E+00   -4.479223964623E-04   -1.579995996290E-04   -5.057249529289E-05   -7.529110822062E-07   -1.907536541334E-05    2.478672800460E-05
    3.087206050417E-04    1.687899129298E-04   -3.161978100805E-04   -4.479223964623E-04    2.564214083527E+00    2.731430787072E-04    7.357377440061E-05    8.272446790909E-06    1.972532408174E-05   -3.004725152370E-05
    3.205944588387E-04    8.272683664502E-05   -1.428283846238E-04   -1.579995996290E-04    2.731430787072E-04    4.136072742576E+00    1.776425701865E-04    3.518251021556E-05    8.894685459590E-06   -2.888391718245E-05
    2.693204001941E-04    3.618488771546E-05   -5.272488926122E-05   -5.057249529289E-05    7.357377440061E-05    1.776425701865E-04    6.062258069487E+00    1.221090529503E-04   -1.448541449327E-05   -2.104861138721E-05
    2.045349839323E-04    1.306811917136E-05   -9.989208055457E-06   -7.529110822062E-07    8.272446790909E-06    3.518251021556E-05    1.221090529503E-04    8.341158392027E+00   -8.394597493243E-05   -4.853259009960E-06
   -1.465362811813E-04   -2.523439271112E-06   -7.544154430959E-06   -1.907536541334E-05    1.972532408174E-05    8.894685459590E-06   -1.448541449327E-05   -8.394597493243E-05    1.097202754135E+01   -4.679998295808E-05
    1.021506470956E-04   -1.898077937016E-06    1.335686335809E-05    2.478672800460E-05   -3.004725152370E-05   -2.888391718245E-05   -2.104861138721E-05   -4.853259009960E-06   -4.679998295808E-05    1.395447297767E+01
   13.457516701226751     
   -9.988029661914E-01   -2.910641578715E-04    2.575378347307E-04   -1.245104383897E-04    2.993299208791E-04    3.147408176869E-04    2.666681461047E-04    2.040436582600E-04   -1.472405089590E-04    1.034005450705E-04
   -2.910641578715E-04    5.699255886442E-02   -4.928126696264E-04   -3.021415092841E-04    1.658485319489E-04    8.216624676489E-05    3.643881969497E-05    1.346909022629E-05   -2.842932282866E-06   -1.706825857112E-06
    2.575378347307E-04   -4.928126696264E-04    4.950572686963E-01    6.837404136825E-04   -3.135593840835E-04   -1.436694925081E-04   -5.441212350117E-05   -1.146333704088E-05   -6.559072624153E-06    1.282941346060E-05
   -1.245104383897E-04   -3.021415092841E-04    6.837404136825E-04    1.323136455792E+00   -4.445937070169E-04   -1.590382989562E-04   -5.257216432614E-05   -2.543296484511E-06   -1.786773216778E-05    2.415744773781E-05
    2.993299208791E-04    1.658485319489E-04   -3.135593840835E-04   -4.445937070169E-04    2.513135182444E+00    2.724430430068E-04    7.479940956405E-05    9.774577112254E-06    1.854518629071E-05   -2.937237874009E-05
    3.147408176869E-04    8.216624676489E-05   -1.436694925081E-04   -1.590382989562E-04    2.724430430068E-04    4.054634784253E+00    1.774494553509E-04    3.602950718302E-05    7.920478631954E-06   -2.818328371426E-05
    2.666681461047E-04    3.643881969497E-05   -5.441212350117E-05   -5.257216432614E-05    7.479940956405E-05    1.774494553509E-04    5.943743421581E+00    1.219995895914E-04   -1.504034512555E-05   -2.041733816367E-05
    2.040436582600E-04    1.346909022629E-05   -1.146333704088E-05   -2.543296484511E-06    9.774577112254E-06    3.602950718302E-05    1.219995895914E-04    8.178844813607E+00   -8.388463080167E-05   -4.446829212984E-06
   -1.472405089590E-04   -2.842932282866E-06   -6.559072624153E-06   -1.786773216778E-05    1.854518629071E-05    7.920478631954E-06   -1.504034512555E-05   -8.388463080167E-05    1.075918872774E+01   -4.683720080497E-05
    1.034005450705E-04   -1.706825857112E-06    1.282941346060E-05    2.415744773781E-05   -2.937237874009E-05   -2.818328371426E-05   -2.041733816367E-05   -4.446829212984E-06   -4.683720080497E-05    1.368437995932E+01
   13.587855075891481     
   -9.988259037381E-01   -2.837384548618E-04    2.573938312806E-04   -1.147815410064E-04    2.900977324474E-04    3.088935760395E-04    2.639470010058E-04    2.034660005779E-04   -1.478726180960E-04    1.046040554641E-04
   -2.837384548618E-04    5.574792688576E-02   -4.749372400311E-04   -2.939411383897E-04    1.629116941299E-04    8.156825930728E-05    3.666060921232E-05    1.385234098300E-05   -3.156070038639E-06   -1.515549828618E-06
    2.573938312806E-04   -4.749372400311E-04    4.847021419456E-01    6.708500954763E-04   -3.107954574755E-04   -1.443805432772E-04   -5.601676575892E-05   -1.290123279673E-05   -5.580642092534E-06    1.229451651789E-05
   -1.147815410064E-04   -2.939411383897E-04    6.708500954763E-04    1.296375329947E+00   -4.411704338698E-04   -1.599741804983E-04   -5.450154817731E-05   -4.304310897937E-06   -1.666015553113E-05    2.351387521549E-05
    2.900977324474E-04    1.629116941299E-04   -3.107954574755E-04   -4.411704338698E-04    2.463303509005E+00    2.716922041027E-04    7.597967282456E-05    1.125007209424E-05    1.736891314982E-05   -2.868590557177E-05
    3.088935760395E-04    8.156825930728E-05   -1.443805432772E-04   -1.599741804983E-04    2.716922041027E-04    3.975168043035E+00    1.772350632826E-04    3.685619128217E-05    6.956754565575E-06   -2.747889327175E-05
    2.639470010058E-04    3.666060921232E-05   -5.601676575892E-05   -5.450154817731E-05    7.597967282456E-05    1.772350632826E-04    5.828084193050E+00    1.218807236977E-04   -1.558471879136E-05   -1.978985588918E-05
    2.034660005779E-04    1.385234098300E-05   -1.290123279673E-05   -4.304310897937E-06    1.125007209424E-05    3.685619128217E-05    1.218807236977E-04    8.020431394463E+00   -8.381853114950E-05   -4.046228109114E-06
   -1.478726180960E-04   -3.156070038640E-06   -5.580642092534E-06   -1.666015553113E-05    1.736891314982E-05    6.956754565575E-06   -1.558471879136E-05   -8.381853114950E-05    1.055145546229E+01   -4.687111556913E-05
    1.046040554641E-04   -1.515549828618E-06    1.229451651789E-05    2.351387521549E-05   -2.868590557177E-05   -2.747889327175E-05   -1.978985588918E-05   -4.046228109114E-06   -4.687111556913E-05    1.342075856781E+01
   13.718821587301589     
   -9.988483025748E-01   -2.765938592637E-04    2.570345169682E-04   -1.053961522488E-04    2.810254064736E-04    3.030576122092E-04    2.611616412835E-04    2.028048222633E-04   -1.484334670030E-04    1.057607005200E-04
   -2.765938592637E-04    5.453773930093E-02   -4.577111183874E-04   -2.859241625302E-04    1.599824671418E-04    8.093519155862E-05    3.685119010875E-05    1.421792751195E-05   -3.462569098767E-06   -1.324551594463E-06
    2.570345169682E-04   -4.577111183874E-04    4.746141219241E-01    6.580364425824E-04   -3.079140359835E-04   -1.449654871545E-04   -5.753942239699E-05   -1.430187637953E-05   -4.610207708781E-06    1.175320743705E-05
   -1.053961522488E-04   -2.859241625302E-04    6.580364425824E-04    1.270276813961E+00   -4.376563818470E-04   -1.608089681685E-04   -5.636048425767E-05   -6.034615996734E-06   -1.545416796239E-05    2.285714012356E-05
    2.810254064736E-04    1.599824671418E-04   -3.079140359835E-04   -4.376563818470E-04    2.414683114257E+00    2.708910682384E-04    7.711467745950E-05    1.269837343013E-05    1.619749108826E-05   -2.798872966904E-05
    3.030576122092E-04    8.093519155862E-05   -1.449654871545E-04   -1.608089681685E-04    2.708910682384E-04    3.897615967889E+00    1.769994796244E-04    3.766265591692E-05    6.003806106396E-06   -2.677130454108E-05
    2.611616412835E-04    3.685119010875E-05   -5.753942239699E-05   -5.636048425767E-05    7.711467745950E-05    1.769994796244E-04    5.715198645913E+00    1.217525932365E-04   -1.611868955341E-05   -1.916632079312E-05
    2.028048222633E-04    1.421792751195E-05   -1.430187637953E-05   -6.034615996734E-06    1.269837343013E-05    3.766265591692E-05    1.217525932365E-04    7.865806625606E+00   -8.374780113603E-05   -3.651344169223E-06
   -1.484334670030E-04   -3.462569098767E-06   -4.610207708781E-06   -1.545416796239E-05    1.619749108826E-05    6.003806106396E-06   -1.611868955341E-05   -8.374780113603E-05    1.034868188242E+01   -4.690181645219E-05
    1.057607005200E-04   -1.324551594463E-06    1.175320743705E-05    2.285714012356E-05   -2.798872966904E-05   -2.677130454108E-05   -1.916632079312E-05   -3.651344169223E-06   -4.690181645219E-05    1.316342400530E+01
   13.850416235457063     
   -9.988701776204E-01   -2.696266087722E-04    2.564733455196E-04   -9.634651506214E-05    2.721140577992E-04    2.972375610509E-04    2.583166361283E-04    2.020629580694E-04   -1.489240015266E-04    1.068700923871E-04
   -2.696266087722E-04    5.336084348024E-02   -4.411122806720E-04   -2.780891834866E-04    1.570637196733E-04    8.026929233332E-05    3.701150642594E-05    1.456593837623E-05   -3.762171878721E-06   -1.134120940605E-06
    2.564733455196E-04   -4.411122806720E-04    4.647851296516E-01    6.453083135906E-04   -3.049229372686E-04   -1.454283177704E-04   -5.898083471188E-05   -1.566436957154E-05   -3.649045849985E-06    1.120650056580E-05
   -9.634651506214E-05   -2.780891834866E-04    6.453083135906E-04    1.244821654386E+00   -4.340553779606E-04   -1.615444551219E-04   -5.814891376499E-05   -7.732964575523E-06   -1.425125447743E-05    2.218836704704E-05
    2.721140577992E-04    1.570637196733E-04   -3.049229372686E-04   -4.340553779606E-04    2.367239244718E+00    2.700401759627E-04    7.820456246032E-05    1.411896093757E-05    1.503187613295E-05   -2.728174190109E-05
    2.972375610509E-04    8.026929233332E-05   -1.454283177704E-04   -1.615444551219E-04    2.700401759627E-04    3.821923885140E+00    1.767427877749E-04    3.844899179190E-05    5.061913580185E-06   -2.606106475408E-05
    2.583166361283E-04    3.701150642594E-05   -5.898083471188E-05   -5.814891376499E-05    7.820456246032E-05    1.767427877749E-04    5.605007753298E+00    1.216153237962E-04   -1.664240493313E-05   -1.854688204979E-05
    2.020629580694E-04    1.456593837623E-05   -1.566436957154E-05   -7.732964575523E-06    1.411896093757E-05    3.844899179190E-05    1.216153237962E-04    7.714862694579E+00   -8.367255742050E-05   -3.262068454510E-06
   -1.489240015266E-04   -3.762171878721E-06   -3.649045849985E-06   -1.425125447743E-05    1.503187613295E-05    5.061913580185E-06   -1.664240493313E-05   -8.367255742050E-05    1.015072695912E+01   -4.692938940852E-05
    1.068700923871E-04   -1.134120940605E-06    1.120650056580E-05    2.218836704704E-05   -2.728174190109E-05   -2.606106475408E-05   -1.854688204979E-05   -3.262068454510E-06   -4.692938940852E-05    1.291219759617E+01
   13.982639020357915     
   -9.988915431215E-01   -2.628329601833E-04    2.557231280339E-04   -8.762490325352E-05    2.633645627300E-04    2.914378196443E-04    2.554164437443E-04    2.012432585611E-04   -1.493452488706E-04    1.079319305260E-04
   -2.628329601833E-04    5.221613181300E-02   -4.251192839152E-04   -2.704346047575E-04    1.541581296475E-04    7.957274143137E-05    3.714250939874E-05    1.489649246378E-05   -4.054645964782E-06   -9.445354321615E-07
    2.557231280339E-04   -4.251192839152E-04    4.552073631935E-01    6.326740481579E-04   -3.018297843331E-04   -1.457730599984E-04   -6.034186954579E-05   -1.698793109103E-05   -2.698363969458E-06    1.065538748667E-05
   -8.762490325352E-05   -2.704346047575E-04    6.326740481579E-04    1.219991238679E+00   -4.303712650615E-04   -1.621824989991E-04   -5.986687797694E-05   -9.398199665067E-06   -1.305285100105E-05    2.150867287260E-05
    2.633645627300E-04    1.541581296475E-04   -3.018297843331E-04   -4.303712650615E-04    2.320938297342E+00    2.691401020474E-04    7.924949248052E-05    1.551135212959E-05    1.387299348802E-05   -2.656582507790E-05
    2.914378196443E-04    7.957274143137E-05   -1.457730599984E-04   -1.621824989991E-04    2.691401020474E-04    3.748038927750E+00    1.764650699362E-04    3.921528718735E-05    4.131345153920E-06   -2.534870962197E-05
    2.554164437443E-04    3.714250939874E-05   -6.034186954579E-05   -5.986687797694E-05    7.924949248052E-05    1.764650699362E-04    5.497435097340E+00    1.214690292020E-04   -1.715600586182E-05   -1.793168223257E-05
    2.012432585611E-04    1.489649246378E-05   -1.698793109103E-05   -9.398199665067E-06    1.551135212959E-05    3.921528718735E-05    1.214690292020E-04    7.567495346259E+00   -8.359290836379E-05   -2.878294824761E-06
   -1.493452488706E-04   -4.054645964782E-06   -2.698363969458E-06   -1.305285100105E-05    1.387299348802E-05    4.131345153920E-06   -1.715600586182E-05   -8.359290836379E-05    9.957454314947E+00   -4.695391711369E-05
    1.079319305260E-04   -9.445354321615E-07    1.065538748667E-05    2.150867287260E-05   -2.656582507790E-05   -2.534870962197E-05   -1.793168223257E-05   -2.878294824761E-06   -4.695391711369E-05    1.266690655649E+01
   14.115489942004132     
   -9.989124129308E-01   -2.562091941739E-04    2.547960611788E-04   -7.922362931938E-05    2.547775715621E-04    2.856625529399E-04    2.524654079651E-04    2.003485828559E-04   -1.496983115333E-04    1.089459989297E-04
   -2.562091941739E-04    5.110253970973E-02   -4.097112655812E-04   -2.629586500843E-04    1.512681921415E-04    7.884764928461E-05    3.724515462774E-05    1.520973686030E-05   -4.339783380547E-06   -7.560602130089E-07
    2.547960611788E-04   -4.097112655812E-04    4.458732870813E-01    6.201414767394E-04   -2.986419996919E-04   -1.460037584168E-04   -6.162351005536E-05   -1.827189261368E-05   -1.759300452013E-06    1.010083502061E-05
   -7.922362931938E-05   -2.629586500843E-04    6.201414767394E-04    1.195767571053E+00   -4.266078953060E-04   -1.627250171084E-04   -6.151451445282E-05   -1.102925345873E-05   -1.186034292023E-05    2.081916431557E-05
    2.547775715621E-04    1.512681921415E-04   -2.986419996919E-04   -4.266078953060E-04    2.275747776239E+00    2.681914551266E-04    8.024965770692E-05    1.687510176100E-05    1.272173716527E-05   -2.584185272156E-05
    2.856625529399E-04    7.884764928461E-05   -1.460037584168E-04   -1.627250171084E-04    2.681914551266E-04    3.675909967440E+00    1.761664080488E-04    3.996162824679E-05    3.212357165339E-06   -2.463476326998E-05
    2.524654079651E-04    3.724515462774E-05   -6.162351005536E-05   -6.151451445282E-05    8.024965770692E-05    1.761664080488E-04    5.392406771219E+00    1.213138121041E-04   -1.765962666257E-05   -1.732085773815E-05
    2.003485828559E-04    1.520973686030E-05   -1.827189261368E-05   -1.102925345873E-05    1.687510176100E-05    3.996162824679E-05    1.213138121041E-04    7.423603749358E+00   -8.350895421950E-05   -2.499920125847E-06
   -1.496983115333E-04   -4.339783380547E-06   -1.759300452013E-06   -1.186034292023E-05    1.272173716527E-05    3.212357165339E-06   -1.765962666257E-05   -8.350895421950E-05    9.768732049540E+00   -4.697547892863E-05
    1.089459989297E-04   -7.560602130089E-07    1.010083502061E-05    2.081916431557E-05   -2.584185272156E-05   -2.463476326998E-05   -1.732085773815E-05   -2.499920125847E-06   -4.697547892863E-05    1.242738377305E+01
   14.248969000395729     
   -9.989328008830E-01   -2.497516195934E-04    2.537037541288E-04   -7.113505174422E-05    2.463535206342E-04    2.799156995786E-04    2.494677554070E-04    1.993817917676E-04   -1.499843613353E-04    1.099121632081E-04
   -2.497516195934E-04    5.001904370147E-02   -3.948679413138E-04   -2.556593808095E-04    1.483962271359E-04    7.809605683118E-05    3.732039945022E-05    1.550584477674E-05   -4.617399813544E-06   -5.689478653992E-07
    2.537037541288E-04   -3.948679413138E-04    4.367756221712E-01    6.077179310502E-04   -2.953668004459E-04   -1.461244664517E-04   -6.282684668056E-05   -1.951569463556E-05   -8.329247395804E-07    9.543783441854E-06
   -7.113505174422E-05   -2.556593808095E-04    6.077179310502E-04    1.172133249342E+00   -4.227691237418E-04   -1.631739816252E-04   -6.309205317005E-05   -1.262514605691E-05   -1.067506384267E-05    2.012093558255E-05
    2.463535206342E-04    1.483962271359E-04   -2.953668004459E-04   -4.227691237418E-04    2.231636251211E+00    2.671948772004E-04    8.120527367809E-05    1.820980134931E-05    1.157896967149E-05   -2.511068789519E-05
    2.799156995786E-04    7.809605683118E-05   -1.461244664517E-04   -1.631739816252E-04    2.671948772004E-04    3.605487549628E+00    1.758468846779E-04    4.068809928267E-05    2.305194424789E-06   -2.391973817796E-05
    2.494677554070E-04    3.732039945022E-05   -6.282684668056E-05   -6.309205317005E-05    8.120527367809E-05    1.758468846779E-04    5.289851285296E+00    1.211497645688E-04   -1.815339506420E-05   -1.671453918378E-05
    1.993817917676E-04    1.550584477674E-05   -1.951569463556E-05   -1.262514605691E-05    1.820980134931E-05    4.068809928267E-05    1.211497645688E-04    7.283090368513E+00   -8.342078733089E-05   -2.126844356702E-06
   -1.499843613353E-04   -4.617399813544E-06   -8.329247395804E-07   -1.067506384267E-05    1.157896967149E-05    2.305194424789E-06   -1.815339506420E-05   -8.342078733089E-05    9.584432572402E+00   -4.699415086778E-05
    1.099121632081E-04   -5.689478653992E-07    9.543783441854E-06    2.012093558255E-05   -2.511068789519E-05   -2.391973817796E-05   -1.671453918378E-05   -2.126844356702E-06   -4.699415086778E-05    1.219346759166E+01
   14.383076195532690     
   -9.989527203041E-01   -2.434565777746E-04    2.524572545002E-04   -6.335158215464E-05    2.380926443257E-04    2.742009781680E-04    2.464275933467E-04    1.983457414921E-04   -1.502046336440E-04    1.108303676100E-04
   -2.434565777746E-04    4.896465964409E-02   -3.805696019662E-04   -2.485347124755E-04    1.455443872603E-04    7.731993568573E-05    3.736920054509E-05    1.578501355514E-05   -4.887333816306E-06   -3.834383234948E-07
    2.524572545002E-04   -3.805696019662E-04    4.279073360009E-01    5.954102559556E-04   -2.920111944859E-04   -1.461392363149E-04   -6.395306838561E-05   -2.071888222354E-05    7.976229394233E-08    8.985144902483E-06
   -6.335158215464E-05   -2.485347124755E-04    5.954102559556E-04    1.149071442952E+00   -4.188588024291E-04   -1.635314149362E-04   -6.459981264798E-05   -1.418498405066E-05   -9.498294558476E-06    1.941506617895E-05
    2.380926443257E-04    1.455443872603E-04   -2.920111944859E-04   -4.188588024291E-04    2.188573318169E+00    2.661510432011E-04    8.211658109608E-05    1.951507868076E-05    1.044552175478E-05   -2.437318209751E-05
    2.742009781680E-04    7.731993568573E-05   -1.461392363149E-04   -1.635314149362E-04    2.661510432011E-04    3.536723831282E+00    1.755065839472E-04    4.139478311492E-05    1.410090491137E-06   -2.320413513323E-05
    2.464275933467E-04    3.736920054509E-05   -6.395306838561E-05   -6.459981264798E-05    8.211658109608E-05    1.755065839472E-04    5.189699477358E+00    1.209769687226E-04   -1.863743225128E-05   -1.611285178329E-05
    1.983457414921E-04    1.578501355514E-05   -2.071888222354E-05   -1.418498405066E-05    1.951507868076E-05    4.139478311492E-05    1.209769687226E-04    7.145860841913E+00   -8.332849236247E-05   -1.758970817608E-06
   -1.502046336440E-04   -4.887333816306E-06    7.976229394234E-08   -9.498294558476E-06    1.044552175478E-05    1.410090491137E-06   -1.863743225128E-05   -8.332849236247E-05    9.404432442905E+00   -4.701000558511E-05
    1.108303676100E-04   -3.834383234948E-07    8.985144902483E-06    1.941506617895E-05   -2.437318209751E-05   -2.320413513323E-05   -1.611285178329E-05   -1.758970817608E-06   -4.701000558511E-05    1.196500161450E+01
   14.517811527415031     
   -9.989721841052E-01   -2.373204461317E-04    2.510670730564E-04   -5.586569175135E-05    2.299949863495E-04    2.685218934856E-04    2.433489079579E-04    1.972432776178E-04   -1.503604216809E-04    1.117006319256E-04
   -2.373204461317E-04    4.793844100157E-02   -3.667971088314E-04   -2.415824301482E-04    1.427146652409E-04    7.652118844692E-05    3.739251169959E-05    1.604746272789E-05   -5.149445977331E-06   -1.997588398836E-07
    2.510670730564E-04   -3.667971088314E-04    4.192616334978E-01    5.832248214751E-04   -2.885819773586E-04   -1.460521095475E-04   -6.500345412403E-05   -2.188110066193E-05    9.778277387102E-07    8.425802052982E-06
   -5.586569175135E-05   -2.415824301482E-04    5.832248214751E-04    1.126565871649E+00   -4.148807745014E-04   -1.637993849726E-04   -6.603819601821E-05   -1.570795894816E-05   -8.331262190423E-06    1.870261885031E-05
    2.299949863495E-04    1.427146652409E-04   -2.885819773586E-04   -4.148807745014E-04    2.146529561099E+00    2.650606603437E-04    8.298384556620E-05    2.079059728798E-05    9.322192202664E-06   -2.363017421097E-05
    2.685218934856E-04    7.652118844692E-05   -1.460521095475E-04   -1.637993849726E-04    2.650606603437E-04    3.469572521225E+00    1.751455923743E-04    4.208176141280E-05    5.272679222468E-07   -2.248844318447E-05
    2.433489079579E-04    3.739251169959E-05   -6.500345412403E-05   -6.603819601821E-05    8.298384556620E-05    1.751455923743E-04    5.091884426467E+00    1.207954973706E-04   -1.911185293975E-05   -1.551591569408E-05
    1.972432776178E-04    1.604746272789E-05   -2.188110066193E-05   -1.570795894816E-05    2.079059728798E-05    4.208176141280E-05    1.207954973706E-04    7.011823863884E+00   -8.323214652385E-05   -1.396206238223E-06
   -1.503604216809E-04   -5.149445977331E-06    9.778277387102E-07   -8.331262190423E-06    9.322192202664E-06    5.272679222468E-07   -1.911185293975E-05   -8.323214652385E-05    9.228612216798E+00   -4.702311235862E-05
    1.117006319256E-04   -1.997588398836E-07    8.425802052982E-06    1.870261885031E-05   -2.363017421097E-05   -2.248844318447E-05   -1.551591569408E-05   -1.396206238223E-06   -4.702311235862E-05    1.174183450570E+01
   14.653174996042736     
   -9.989912048928E-01   -2.313396413784E-04    2.495432073240E-04   -4.866991729313E-05    2.220604106047E-04    2.628817427652E-04    2.402355629991E-04    1.960772295329E-04   -1.504530709703E-04    1.125230483130E-04
   -2.313396413784E-04    4.693947721162E-02   -3.535318877332E-04   -2.348002027519E-04    1.399089011581E-04    7.570164917864E-05    3.739128175596E-05    1.629343214496E-05   -5.403618072298E-06   -1.812399994475E-08
    2.495432073240E-04   -3.535318877332E-04    4.108319480697E-01    5.711675353028E-04   -2.850857299095E-04   -1.458671082238E-04   -6.597936457203E-05   -2.300209103042E-05    1.860405835521E-06    7.866606854008E-06
   -4.866991729313E-05   -2.348002027519E-04    5.711675353028E-04    1.104600785226E+00   -4.108388684057E-04   -1.639800006073E-04   -6.740768707539E-05   -1.719334546087E-05   -7.175139528430E-06    1.798463766188E-05
    2.220604106047E-04    1.399089011581E-04   -2.850857299095E-04   -4.108388684057E-04    2.105476515607E+00    2.639244673662E-04    8.380735729008E-05    2.203605590500E-05    8.209747692642E-06   -2.288248950781E-05
    2.628817427652E-04    7.570164917864E-05   -1.458671082238E-04   -1.639800006073E-04    2.639244673662E-04    3.403988822930E+00    1.747639996573E-04    4.274911504629E-05   -3.430614975620E-07   -2.177313960056E-05
    2.402355629991E-04    3.739128175596E-05   -6.597936457203E-05   -6.740768707539E-05    8.380735729008E-05    1.747639996573E-04    4.996341370391E+00    1.206054146149E-04   -1.957676547848E-05   -1.492384633966E-05
    1.960772295329E-04    1.629343214496E-05   -2.300209103042E-05   -1.719334546087E-05    2.203605590500E-05    4.274911504629E-05    1.206054146149E-04    6.880891072339E+00   -8.313181980022E-05   -1.038460887614E-06
   -1.504530709703E-04   -5.403618072298E-06    1.860405835521E-06   -7.175139528430E-06    8.209747692642E-06   -3.430614975620E-07   -1.957676547848E-05   -8.313181980022E-05    9.056856299074E+00   -4.703353708036E-05
    1.125230483130E-04   -1.812399994475E-08    7.866606854008E-06    1.798463766188E-05   -2.288248950781E-05   -2.177313960056E-05   -1.492384633966E-05   -1.038460887614E-06   -4.703353708036E-05    1.152381980505E+01
   14.789166601415822     
   -9.990097948985E-01   -2.255106224929E-04    2.478951642248E-04   -4.175686671698E-05    2.142886116898E-04    2.572836221130E-04    2.370912989764E-04    1.948504052559E-04   -1.504839739648E-04    1.132977780808E-04
   -2.255106224929E-04    4.596689213279E-02   -3.407559222518E-04   -2.281855965318E-04    1.371287895395E-04    7.486308406302E-05    3.736645273715E-05    1.652318017343E-05   -5.649752201373E-06    1.612642194373E-07
    2.478951642248E-04   -3.407559222518E-04    4.026119330789E-01    5.592438559321E-04   -2.815288167099E-04   -1.455882268208E-04   -6.688223414998E-05   -2.408168573758E-05    2.726696969907E-06    7.308379573946E-06
   -4.175686671698E-05   -2.281855965318E-04    5.592438559321E-04    1.083160944032E+00   -4.067368924270E-04   -1.640754071484E-04   -6.870884632505E-05   -1.864049966043E-05   -6.031044543944E-06    1.726214621940E-05
    2.142886116898E-04    1.371287895395E-04   -2.815288167099E-04   -4.067368924270E-04    2.065386633990E+00    2.627432337207E-04    8.458743072240E-05    2.325118790000E-05    7.108922696329E-06   -2.213093871667E-05
    2.572836221130E-04    7.486308406302E-05   -1.455882268208E-04   -1.640754071484E-04    2.627432337207E-04    3.339929379693E+00    1.743618994367E-04    4.339692444771E-05   -1.200696551130E-06   -2.105868983560E-05
    2.370912989764E-04    3.736645273715E-05   -6.688223414998E-05   -6.870884632505E-05    8.458743072240E-05    1.743618994367E-04    4.903007626455E+00    1.204067764824E-04   -2.003227197698E-05   -1.433675470824E-05
    1.948504052559E-04    1.652318017343E-05   -2.408168573758E-05   -1.864049966043E-05    2.325118790000E-05    4.339692444771E-05    1.204067764824E-04    6.752976940900E+00   -8.302757519610E-05   -6.856486658994E-07
   -1.504839739648E-04   -5.649752201373E-06    2.726696969907E-06   -6.031044543944E-06    7.108922696329E-06   -1.200696551130E-06   -2.003227197698E-05   -8.302757519610E-05    8.889052802934E+00   -4.704134225558E-05
    1.132977780808E-04    1.612642194373E-07    7.308379573946E-06    1.726214621940E-05   -2.213093871667E-05   -2.105868983560E-05   -1.433675470824E-05   -6.856486658994E-07   -4.704134225558E-05    1.131081574940E+01
   14.925786343534273     
   -9.990279659591E-01   -2.198298933326E-04    2.461319817155E-04   -3.511922432372E-05    2.066791249774E-04    2.517304329444E-04    2.339197326929E-04    1.935655866442E-04   -1.504545648331E-04    1.140250484266E-04
   -2.198298933326E-04    4.501984256532E-02   -3.284517460192E-04   -2.217360876056E-04    1.343758862400E-04    7.400719218707E-05    3.731895813353E-05    1.673698196698E-05   -5.887769916093E-06    3.382163501502E-07
    2.461319817155E-04   -3.284517460192E-04    3.945954536616E-01    5.474588061129E-04   -2.779173851541E-04   -1.452194247079E-04   -6.771356333366E-05   -2.511980403054E-05    3.575966492727E-06    6.751907962643E-06
   -3.511922432372E-05   -2.217360876056E-04    5.474588061129E-04    1.062231600301E+00   -4.025786294030E-04   -1.640877819127E-04   -6.994230703169E-05   -2.004885701753E-05   -4.900040075006E-06    1.653614602802E-05
    2.066791249774E-04    1.343758862400E-04   -2.779173851541E-04   -4.025786294030E-04    2.026233251748E+00    2.615177586692E-04    8.532440418141E-05    2.443576068444E-05    6.020419434507E-06   -2.137631714741E-05
    2.517304329444E-04    7.400719218707E-05   -1.452194247079E-04   -1.640877819127E-04    2.615177586692E-04    3.277352222060E+00    1.739393900074E-04    4.402526997637E-05   -2.045446401503E-06   -2.034554749822E-05
    2.339197326929E-04    3.731895813353E-05   -6.771356333366E-05   -6.994230703169E-05    8.532440418141E-05    1.739393900074E-04    4.811822515650E+00    1.201996315496E-04   -2.047846845520E-05   -1.375474762728E-05
    1.935655866442E-04    1.673698196698E-05   -2.511980403054E-05   -2.004885701753E-05    2.443576068444E-05    4.402526997637E-05    1.201996315496E-04    6.627998675442E+00   -8.291946898468E-05   -3.376871781993E-07
   -1.504545648331E-04   -5.887769916093E-06    3.575966492727E-06   -4.900040075006E-06    6.020419434507E-06   -2.045446401503E-06   -2.047846845520E-05   -8.291946898468E-05    8.725093414533E+00   -4.704658700747E-05
    1.140250484266E-04    3.382163501502E-07    6.751907962643E-06    1.653614602802E-05   -2.137631714741E-05   -2.034554749822E-05   -1.375474762728E-05   -3.376871781993E-07   -4.704658700747E-05    1.110268510132E+01
   15.063034222398104     
   -9.990457300027E-01   -2.142940047206E-04    2.442622493607E-04   -2.874975541591E-05    1.992313360789E-04    2.462248882635E-04    2.307243570467E-04    1.922255248977E-04   -1.503663143730E-04    1.147051491196E-04
   -2.142940047206E-04    4.409751683637E-02   -3.166024339081E-04   -2.154490735096E-04    1.316516150310E-04    7.313560640894E-05    3.724972132409E-05    1.693512779757E-05   -6.117611336845E-06    5.125552946110E-07
    2.442622493607E-04   -3.166024339081E-04    3.867765788447E-01    5.358169862200E-04   -2.742573650511E-04   -1.447646191794E-04   -6.847491124012E-05   -2.611644749355E-05    4.407543383949E-06    6.197946591197E-06
   -2.874975541591E-05   -2.154490735096E-04    5.358169862200E-04    1.041798480166E+00   -3.983678314377E-04   -1.640193298282E-04   -7.110877125778E-05   -2.141793033005E-05   -3.783133672669E-06    1.580761498425E-05
    1.992313360789E-04    1.316516150310E-04   -2.742573650511E-04   -3.983678314377E-04    1.987990555368E+00    2.602488701877E-04    8.601863939001E-05    2.558957509282E-05    4.944907880807E-06   -2.061940387006E-05
    2.462248882635E-04    7.313560640894E-05   -1.447646191794E-04   -1.640193298282E-04    2.602488701877E-04    3.216216717301E+00    1.734965749244E-04    4.463423227261E-05   -2.877130421679E-06   -1.963415432236E-05
    2.307243570467E-04    3.724972132409E-05   -6.847491124012E-05   -7.110877125778E-05    8.601863939001E-05    1.734965749244E-04    4.722727289729E+00    1.199840215298E-04   -2.091544500929E-05   -1.317792801326E-05
    1.922255248977E-04    1.693512779757E-05   -2.611644749355E-05   -2.141793033005E-05    2.558957509282E-05    4.463423227261E-05    1.199840215298E-04    6.505876114754E+00   -8.280755094582E-05    5.502207741441E-09
   -1.503663143730E-04   -6.117611336845E-06    4.407543383949E-06   -3.783133672669E-06    4.944907880807E-06   -2.877130421679E-06   -2.091544500929E-05   -8.280755094582E-05    8.564873263134E+00   -4.704932708008E-05
    1.147051491196E-04    5.125552946110E-07    6.197946591197E-06    1.580761498425E-05   -2.061940387006E-05   -1.963415432236E-05   -1.317792801326E-05    5.502207741429E-09   -4.704932708008E-05    1.089929498471E+01
   15.200910238007296     
   -9.990630977086E-01   -2.088995570807E-04    2.422941284682E-04   -2.264131111676E-05    1.919444906555E-04    2.407695195393E-04    2.275085416015E-04    1.908329367154E-04   -1.502207252920E-04    1.153384292863E-04
   -2.088995570807E-04    4.319913347418E-02   -3.051915937695E-04   -2.093218845359E-04    1.289572742890E-04    7.224989449022E-05    3.715965422219E-05    1.711792149487E-05   -6.339234283198E-06    6.841161577810E-07
    2.422941284682E-04   -3.051915937695E-04    3.791495741171E-01    5.243225892897E-04   -2.705544693217E-04   -1.442276793012E-04   -6.916788861651E-05   -2.707169559556E-05    5.220818781966E-06    5.647216358006E-06
   -2.264131111676E-05   -2.093218845359E-04    5.243225892897E-04    1.021847766658E+00   -3.941082156286E-04   -1.638722793653E-04   -7.220900600541E-05   -2.274730757563E-05   -2.681277609223E-06    1.507750601847E-05
    1.919444906555E-04    1.289572742890E-04   -2.705544693217E-04   -3.941082156286E-04    1.950633551730E+00    2.589374242011E-04    8.667052107252E-05    2.671246476377E-05    3.883025818507E-06   -1.986096096686E-05
    2.407695195393E-04    7.224989449022E-05   -1.442276793012E-04   -1.638722793653E-04    2.589374242011E-04    3.156483521283E+00    1.730335637720E-04    4.522389265184E-05   -3.695578043385E-06   -1.892494015432E-05
    2.275085416015E-04    3.715965422219E-05   -6.916788861651E-05   -7.220900600541E-05    8.667052107252E-05    1.730335637720E-04    4.635665061638E+00    1.197599819685E-04   -2.134328601215E-05   -1.260639510598E-05
    1.908329367154E-04    1.711792149487E-05   -2.707169559556E-05   -2.274730757563E-05    2.671246476377E-05    4.522389265184E-05    1.197599819685E-04    6.386531635615E+00   -8.269186467224E-05    3.439943215235E-07
   -1.502207252920E-04   -6.339234283198E-06    5.220818781966E-06   -2.681277609223E-06    3.883025818507E-06   -3.695578043385E-06   -2.134328601215E-05   -8.269186467224E-05    8.408290796935E+00   -4.704961487724E-05
    1.153384292863E-04    6.841161577810E-07    5.647216358006E-06    1.507750601847E-05   -1.986096096686E-05   -1.892494015432E-05   -1.260639510598E-05    3.439943215236E-07   -4.704961487724E-05    1.070051672749E+01
   15.339414390361872     
   -9.990800801783E-01   -2.036432014492E-04    2.402353706165E-04   -1.678683190197E-05    1.848177026217E-04    2.353666825554E-04    2.242755327605E-04    1.893905003294E-04   -1.500193273729E-04    1.159252940092E-04
   -2.036432014492E-04    4.232393990952E-02   -2.942033555841E-04   -2.033517933377E-04    1.262940429642E-04    7.135156006205E-05    3.704965593293E-05    1.728567889941E-05   -6.552613382522E-06    8.527460411862E-07
    2.402353706165E-04   -2.942033555841E-04    3.717088940832E-01    5.129794138792E-04   -2.668141943964E-04   -1.436124199442E-04   -6.979415098158E-05   -2.798570121727E-05    6.015244382791E-06    5.100404134591E-06
   -1.678683190197E-05   -2.033517933377E-04    5.129794138792E-04    1.002366082989E+00   -3.898034587270E-04   -1.636488782016E-04   -7.324383925683E-05   -2.403664964881E-05   -1.595369024364E-06    1.434674584695E-05
    1.848177026217E-04    1.262940429642E-04   -2.668141943964E-04   -3.898034587270E-04    1.914138038258E+00    2.575843030918E-04    8.728045635220E-05    2.780429545947E-05    2.835378937907E-06   -1.910173281770E-05
    2.353666825554E-04    7.135156006205E-05   -1.436124199442E-04   -1.636488782016E-04    2.575843030918E-04    3.098114531739E+00    1.725504725406E-04    4.579433342603E-05   -4.500628614747E-06   -1.821832292521E-05
    2.242755327605E-04    3.704965593293E-05   -6.979415098158E-05   -7.324383925683E-05    8.728045635220E-05    1.725504725406E-04    4.550580738166E+00    1.195275427454E-04   -2.176207030405E-05   -1.204024466998E-05
    1.893905003294E-04    1.728567889941E-05   -2.798570121727E-05   -2.403664964881E-05    2.780429545947E-05    4.579433342603E-05    1.195275427454E-04    6.269890061098E+00   -8.257244777803E-05    6.778601640481E-07
   -1.500193273729E-04   -6.552613382522E-06    6.015244382791E-06   -1.595369024364E-06    2.835378937907E-06   -4.500628614747E-06   -2.176207030405E-05   -8.257244777803E-05    8.255247663286E+00   -4.704749945912E-05
    1.159252940092E-04    8.527460411862E-07    5.100404134591E-06    1.434674584695E-05   -1.910173281770E-05   -1.821832292521E-05   -1.204024466998E-05    6.778601640481E-07   -4.704749945912E-05    1.050622570996E+01
   15.478546679461811     
   -9.990966880487E-01   -1.985216414117E-04    2.380933359995E-04   -1.117935157912E-05    1.778499630166E-04    2.300185640587E-04    2.210284548287E-04    1.879008522825E-04   -1.497636730886E-04    1.164662010995E-04
   -1.985216414117E-04    4.147121126843E-02   -2.836223618509E-04   -1.975360246543E-04    1.236629867730E-04    7.044204389580E-05    3.692061165147E-05    1.743872643792E-05   -6.757739204599E-06    1.018303815518E-06
    2.380933359995E-04   -2.836223618509E-04    3.644491755986E-01    5.017908790514E-04   -2.630418218375E-04   -1.429225966792E-04   -7.035539221625E-05   -2.885868627385E-05    6.790330739051E-06    4.558162562358E-06
   -1.117935157912E-05   -1.975360246543E-04    5.017908790514E-04    9.833404768580E-01   -3.854571931333E-04   -1.633513893176E-04   -7.421415616829E-05   -2.528568805282E-05   -5.262502191522E-07    1.361623387521E-05
    1.778499630166E-04    1.236629867730E-04   -2.630418218375E-04   -3.854571931333E-04    1.878480574693E+00    2.561904147081E-04    8.784887424618E-05    2.886496439722E-05    1.802540985613E-06   -1.834244546342E-05
    2.300185640587E-04    7.044204389580E-05   -1.429225966792E-04   -1.633513893176E-04    2.561904147081E-04    3.041072843886E+00    1.720474242482E-04    4.634563827689E-05   -5.292131274696E-06   -1.751470864465E-05
    2.210284548287E-04    3.692061165147E-05   -7.035539221625E-05   -7.421415616829E-05    8.784887424618E-05    1.720474242482E-04    4.467420955815E+00    1.192867287233E-04   -2.217187142021E-05   -1.147956918533E-05
    1.879008522825E-04    1.743872643792E-05   -2.885868627385E-05   -2.528568805282E-05    2.886496439722E-05    4.634563827689E-05    1.192867287233E-04    6.155878573093E+00   -8.244933219819E-05    1.007166897571E-06
   -1.497636730886E-04   -6.757739204599E-06    6.790330739051E-06   -5.262502191522E-07    1.802540985613E-06   -5.292131274696E-06   -2.217187142021E-05   -8.244933219819E-05    8.105648594260E+00   -4.704302658630E-05
    1.164662010995E-04    1.018303815518E-06    4.558162562358E-06    1.361623387521E-05   -1.834244546342E-05   -1.751470864465E-05   -1.147956918533E-05    1.007166897571E-06   -4.704302658630E-05    1.031630121984E+01
   15.618307105307132     
   -9.991129315395E-01   -1.935316343842E-04    2.358750107627E-04   -5.812000636913E-06    1.710401481270E-04    2.247271880308E-04    2.177703111152E-04    1.863665843851E-04   -1.494553333213E-04    1.169616578369E-04
   -1.935316343842E-04    4.064024921013E-02   -2.734337569242E-04   -1.918717640505E-04    1.210650640210E-04    6.952272516265E-05    3.677339164576E-05    1.757739975222E-05   -6.954617397627E-06    1.180659866553E-06
    2.358750107627E-04   -2.734337569242E-04    3.573652311129E-01    4.907600386859E-04   -2.592424201592E-04   -1.421619010745E-04   -7.085333842082E-05   -2.969093738546E-05    7.545645465545E-06    4.021109978241E-06
   -5.812000636913E-06   -1.918717640505E-04    4.907600386859E-04    9.647584052442E-01   -3.810730027271E-04   -1.629820870979E-04   -7.512089527270E-05   -2.649422252046E-05    5.252909223492E-07    1.288684122168E-05
    1.710401481270E-04    1.210650640210E-04   -2.592424201592E-04   -3.810730027271E-04    1.843638455846E+00    2.547566911164E-04    8.837622507606E-05    2.989439954923E-05    7.850539555710E-07   -1.758380601777E-05
    2.247271880308E-04    6.952272516265E-05   -1.421619010745E-04   -1.629820870979E-04    2.547566911164E-04    2.985322707658E+00    1.715245494069E-04    4.687789260016E-05   -6.069944837261E-06   -1.681449139293E-05
    2.177703111152E-04    3.677339164576E-05   -7.085333842082E-05   -7.512089527270E-05    8.837622507606E-05    1.715245494069E-04    4.386134019055E+00    1.190375603296E-04   -2.257275782362E-05   -1.092445801489E-05
    1.863665843851E-04    1.757739975222E-05   -2.969093738546E-05   -2.649422252046E-05    2.989439954923E-05    4.687789260016E-05    1.190375603296E-04    6.044426628140E+00   -8.232254446015E-05    1.331977849815E-06
   -1.494553333213E-04   -6.954617397627E-06    7.545645465545E-06    5.252909223492E-07    7.850539555710E-07   -6.069944837261E-06   -2.257275782362E-05   -8.232254446015E-05    7.959401296633E+00   -4.703623875499E-05
    1.169616578369E-04    1.180659866553E-06    4.021109978241E-06    1.288684122168E-05   -1.758380601777E-05   -1.681449139293E-05   -1.092445801489E-05    1.331977849815E-06   -4.703623875499E-05    1.013062631295E+01
   15.758695667897815     
   -9.991288206240E-01   -1.886699926440E-04    2.335870235615E-04   -6.780092496399E-07    1.643870272147E-04    2.194944218472E-04    2.145039852471E-04    1.847902409699E-04   -1.490958932662E-04    1.174122177363E-04
   -1.886699926440E-04    3.983038081855E-02   -2.636231759560E-04   -1.863561659849E-04    1.185011311966E-04    6.859492274255E-05    3.660885035054E-05    1.770204239573E-05   -7.143267833977E-06    1.339695818667E-06
    2.335870235615E-04   -2.636231759560E-04    3.504520422731E-01    4.798895957195E-04   -2.554208470378E-04   -1.413339564716E-04   -7.128974207724E-05   -3.048280161934E-05    8.280811365196E-06    3.489830464711E-06
   -6.780092496399E-07   -1.863561659849E-04    4.798895957195E-04    9.466077198134E-01   -3.766544188870E-04   -1.625432535394E-04   -7.596504473041E-05   -2.766211857922E-05    1.558520386723E-06    1.215940986621E-05
    1.643870272147E-04    1.185011311966E-04   -2.554208470378E-04   -3.766544188870E-04    1.809589685422E+00    2.532840872821E-04    8.886297983682E-05    3.089255891913E-05   -2.165716755613E-07   -1.682650213519E-05
    2.194944218472E-04    6.859492274255E-05   -1.413339564716E-04   -1.625432535394E-04    2.532840872821E-04    2.930829486624E+00    1.709819864325E-04    4.739118383624E-05   -6.833937683967E-06   -1.611805331811E-05
    2.145039852471E-04    3.660885035054E-05   -7.128974207724E-05   -7.596504473041E-05    8.886297983682E-05    1.709819864325E-04    4.306669841031E+00    1.187800541186E-04   -2.296479314764E-05   -1.037499755264E-05
    1.847902409699E-04    1.770204239573E-05   -3.048280161934E-05   -2.766211857922E-05    3.089255891913E-05    4.739118383624E-05    1.187800541186E-04    5.935465876611E+00   -8.219210595464E-05    1.652352531745E-06
   -1.490958932662E-04   -7.143267833977E-06    8.280811365196E-06    1.558520386723E-06   -2.165716755612E-07   -6.833937683967E-06   -2.296479314764E-05   -8.219210595464E-05    7.816416346218E+00   -4.702717523659E-05
    1.174122177363E-04    1.339695818667E-06    3.489830464711E-06    1.215940986621E-05   -1.682650213519E-05   -1.611805331811E-05   -1.037499755264E-05    1.652352531745E-06   -4.702717523659E-05    9.949087679392E+00
   15.899712367233878     
   -9.991443646058E-01   -1.839335844071E-04    2.312356615610E-04    4.229289872325E-06    1.578892701203E-04    2.143219825242E-04    2.112322428272E-04    1.831743165374E-04   -1.486869485954E-04    1.178184773998E-04
   -1.839335844071E-04    3.904095755083E-02   -2.541767339093E-04   -1.809863614481E-04    1.159719484526E-04    6.765989663337E-05    3.642782559719E-05    1.781300461272E-05   -7.323723775768E-06    1.495304241778E-06
    2.312356615610E-04   -2.541767339093E-04    3.437047538184E-01    4.691819167866E-04   -2.515817520678E-04   -1.404423143104E-04   -7.166637656074E-05   -3.123468233556E-05    8.995504496296E-06    2.964874014284E-06
    4.229289872325E-06   -1.809863614481E-04    4.691819167866E-04    9.288766529637E-01   -3.722049169988E-04   -1.620371746670E-04   -7.674763867596E-05   -2.878930508632E-05    2.572757372001E-06    1.143475192207E-05
    1.578892701203E-04    1.159719484526E-04   -2.515817520678E-04   -3.722049169988E-04    1.776312950981E+00    2.517735798365E-04    8.930962956915E-05    3.185942981198E-05   -1.201856673560E-06   -1.607120153648E-05
    2.143219825242E-04    6.765989663337E-05   -1.404423143104E-04   -1.620371746670E-04    2.517735798365E-04    2.877559618649E+00    1.704198820716E-04    4.788560180482E-05   -7.583987667297E-06   -1.542576464084E-05
    2.112322428272E-04    3.642782559719E-05   -7.166637656074E-05   -7.674763867596E-05    8.930962956915E-05    1.704198820716E-04    4.228979886738E+00    1.185142233571E-04   -2.334803645426E-05   -9.831271356076E-06
    1.831743165374E-04    1.781300461272E-05   -3.123468233556E-05   -2.878930508632E-05    3.185942981198E-05    4.788560180482E-05    1.185142233571E-04    5.828930085215E+00   -8.205803322919E-05    1.968346668354E-06
   -1.486869485954E-04   -7.323723775768E-06    8.995504496296E-06    2.572757372001E-06   -1.201856673560E-06   -7.583987667297E-06   -2.334803645426E-05   -8.205803322919E-05    7.676607086532E+00   -4.701587213309E-05
    1.178184773998E-04    1.495304241778E-06    2.964874014284E-06    1.143475192207E-05   -1.607120153648E-05   -1.542576464084E-05   -9.831271356076E-06    1.968346668354E-06   -4.701587213309E-05    9.771575515163E+00
   16.041357203315304     
   -9.991595733323E-01   -1.793193340856E-04    2.288268853160E-04    8.916459303064E-06    1.515454539496E-04    2.092114423603E-04    2.079577329120E-04    1.815212534294E-04   -1.482301016480E-04    1.181810733070E-04
   -1.793193340856E-04    3.827135421894E-02   -2.450810134735E-04   -1.757594645800E-04    1.134781846354E-04    6.671884926835E-05    3.623113787776E-05    1.791064215180E-05   -7.496031040971E-06    1.647388336265E-06
    2.288268853160E-04   -2.450810134735E-04    3.371186676162E-01    4.586390456161E-04   -2.477295794229E-04   -1.394904506925E-04   -7.198503086102E-05   -3.194703508870E-05    9.689452175751E-06    2.446756799082E-06
    8.916459303064E-06   -1.757594645800E-04    4.586390456161E-04    9.115538042412E-01   -3.677279125115E-04   -1.614661368672E-04   -7.746975354780E-05   -2.987577170123E-05    3.567373518416E-06    1.071364901672E-05
    1.515454539496E-04    1.134781846354E-04   -2.477295794229E-04   -3.677279125115E-04    1.743787599645E+00    2.502261654444E-04    8.971668460512E-05    3.279502805555E-05   -2.170352728928E-06   -1.531855157889E-05
    2.092114423603E-04    6.671884926835E-05   -1.394904506925E-04   -1.614661368672E-04    2.502261654444E-04    2.825480577830E+00    1.698383915898E-04    4.836123898233E-05   -8.319982012792E-06   -1.473798365671E-05
    2.079577329120E-04    3.623113787776E-05   -7.198503086102E-05   -7.746975354780E-05    8.971668460512E-05    1.698383915898E-04    4.153017118135E+00    1.182400784875E-04   -2.372254248227E-05   -9.293360257220E-06
    1.815212534294E-04    1.791064215180E-05   -3.194703508870E-05   -2.987577170123E-05    3.279502805555E-05    4.836123898233E-05    1.182400784875E-04    5.724755062259E+00   -8.192033822294E-05    2.280012239818E-06
   -1.482301016480E-04   -7.496031040971E-06    9.689452175751E-06    3.567373518416E-06   -2.170352728928E-06   -8.319982012792E-06   -2.372254248227E-05   -8.192033822294E-05    7.539889531136E+00   -4.700236240908E-05
    1.181810733070E-04    1.647388336265E-06    2.446756799082E-06    1.071364901672E-05   -1.531855157889E-05   -1.473798365671E-05   -9.293360257220E-06    2.280012239818E-06   -4.700236240908E-05    9.597983398577E+00
   16.183630176142110     
   -9.991744556629E-01   -1.748242234680E-04    2.263663437457E-04    1.338995435967E-05    1.453540704306E-04    2.041642353170E-04    2.046829902892E-04    1.798334402156E-04   -1.477269581114E-04    1.185006788584E-04
   -1.748242234680E-04    3.752096804457E-02   -2.363230543288E-04   -1.706725795141E-04    1.110204225282E-04    6.577292708834E-05    3.601958981956E-05    1.799531520212E-05   -7.660247212126E-06    1.795861612948E-06
    2.263663437457E-04   -2.363230543288E-04    3.306892371060E-01    4.482627182831E-04   -2.438685715728E-04   -1.384817637215E-04   -7.224750477015E-05   -3.262036370120E-05    1.036243096128E-05    1.935961540790E-06
    1.338995435967E-05   -1.706725795141E-04    4.482627182831E-04    8.946281276028E-01   -3.632267584038E-04   -1.608324237157E-04   -7.813250463605E-05   -3.092156638091E-05    4.541792042976E-06    9.996851801639E-06
    1.453540704306E-04    1.110204225282E-04   -2.438685715728E-04   -3.632267584038E-04    1.711993615168E+00    2.486428597625E-04    9.008467394908E-05    3.369939725511E-05   -3.121642104096E-06   -1.456917889679E-05
    2.041642353170E-04    6.577292708834E-05   -1.384817637215E-04   -1.608324237157E-04    2.486428597625E-04    2.774560838399E+00    1.692376792467E-04    4.881819083836E-05   -9.041817238435E-06   -1.405505675806E-05
    2.046829902892E-04    3.601958981956E-05   -7.224750477015E-05   -7.813250463605E-05    9.008467394908E-05    1.692376792467E-04    4.078735941938E+00    1.179576277587E-04   -2.408836193221E-05   -8.761342465446E-06
    1.798334402156E-04    1.799531520212E-05   -3.262036370120E-05   -3.092156638091E-05    3.369939725511E-05    4.881819083836E-05    1.179576277587E-04    5.622878586376E+00   -8.177902860518E-05    2.587397537923E-06
   -1.477269581114E-04   -7.660247212126E-06    1.036243096128E-05    4.541792042976E-06   -3.121642104096E-06   -9.041817238435E-06   -2.408836193221E-05   -8.177902860518E-05    7.406182270381E+00   -4.698667597895E-05
    1.185006788584E-04    1.795861612948E-06    1.935961540790E-06    9.996851801639E-06   -1.456917889679E-05   -1.405505675806E-05   -8.761342465446E-06    2.587397537923E-06   -4.698667597895E-05    9.428208172051E+00
   16.326531285714285     
   -9.991890199872E-01   -1.704452919220E-04    2.238593879314E-04    1.765612131852E-05    1.393135322091E-04    1.991816626320E-04    2.014104374296E-04    1.781132100085E-04   -1.471791236811E-04    1.187780013433E-04
   -1.704452919220E-04    3.678921773733E-02   -2.278903411599E-04   -1.657228061395E-04    1.085991635827E-04    6.482322197316E-05    3.579396566506E-05    1.806738735398E-05   -7.816440846762E-06    1.940647555502E-06
    2.238593879314E-04   -2.278903411599E-04    3.244120618316E-01    4.380543768234E-04   -2.400027727204E-04   -1.374195709849E-04   -7.245560425123E-05   -3.325521640373E-05    1.101426459364E-05    1.432937965554E-06
    1.765612131852E-05   -1.657228061395E-04    4.380543768234E-04    8.780889189448E-01   -3.587047420088E-04   -1.601383126781E-04   -7.873704260876E-05   -3.192679282855E-05    5.495486783972E-06    9.285079557339E-06
    1.393135322091E-04    1.085991635827E-04   -2.400027727204E-04   -3.587047420088E-04    1.680911595609E+00    2.470246959084E-04    9.041414451446E-05    3.457260799848E-05   -4.055337244231E-06   -1.382368907971E-05
    1.991816626320E-04    6.482322197316E-05   -1.374195709849E-04   -1.601383126781E-04    2.470246959084E-04    2.724769839702E+00    1.686179184767E-04    4.925655610287E-05   -9.749399070277E-06   -1.337731845032E-05
    2.014104374296E-04    3.579396566506E-05   -7.245560425123E-05   -7.873704260876E-05    9.041414451446E-05    1.686179184767E-04    4.006092159086E+00    1.176668777024E-04   -2.444554173391E-05   -8.235293649516E-06
    1.781132100085E-04    1.806738735398E-05   -3.325521640373E-05   -3.192679282855E-05    3.457260799848E-05    4.925655610287E-05    1.176668777024E-04    5.523240337664E+00   -8.163410803719E-05    2.890547230189E-06
   -1.471791236811E-04   -7.816440846762E-06    1.101426459364E-05    5.495486783972E-06   -4.055337244231E-06   -9.749399070277E-06   -2.444554173391E-05   -8.163410803719E-05    7.275406381396E+00   -4.696883976261E-05
    1.187780013433E-04    1.940647555502E-06    1.432937965554E-06    9.285079557339E-06   -1.382368907971E-05   -1.337731845032E-05   -8.235293649516E-06    2.890547230189E-06   -4.696883976261E-05    9.262149828145E+00
   16.470060532031834     
   -9.992032754981E-01   -1.661796362160E-04    2.213110841048E-04    2.172119598726E-05    1.334221786259E-04    1.942648980954E-04    1.981423864051E-04    1.763628389038E-04   -1.465882008285E-04    1.190137789242E-04
   -1.661796362160E-04    3.607554260918E-02   -2.197707913151E-04   -1.609072452252E-04    1.062148323636E-04    6.387077263720E-05    3.555503080510E-05    1.812722460646E-05   -7.964690700387E-06    2.081679269952E-06
    2.213110841048E-04   -2.197707913151E-04    3.182828821497E-01    4.280151821965E-04   -2.361360322971E-04   -1.363071073166E-04   -7.261113704762E-05   -3.385218206967E-05    1.164482191007E-05    9.381033420765E-07
    2.172119598726E-05   -1.609072452252E-04    4.280151821965E-04    8.619258040437E-01   -3.541650817646E-04   -1.593860718458E-04   -7.928455007621E-05   -3.289160791448E-05    6.427981156057E-06    8.579019901544E-06
    1.334221786259E-04    1.062148323636E-04   -2.361360322971E-04   -3.541650817646E-04    1.650522731773E+00    2.453727227367E-04    9.070566028722E-05    3.541475702714E-05   -4.971080347902E-06   -1.308266639911E-05
    1.942648980954E-04    6.387077263720E-05   -1.363071073166E-04   -1.593860718458E-04    2.453727227367E-04    2.676077952421E+00    1.679792919315E-04    4.967643699244E-05   -1.044264235402E-05   -1.270509137254E-05
    1.981423864051E-04    3.555503080510E-05   -7.261113704762E-05   -7.928455007621E-05    9.070566028722E-05    1.679792919315E-04    3.935042916043E+00    1.173678335385E-04   -2.479412530684E-05   -7.715287005131E-06
    1.763628389038E-04    1.812722460646E-05   -3.385218206967E-05   -3.289160791448E-05    3.541475702714E-05    4.967643699244E-05    1.173678335385E-04    5.425781831378E+00   -8.148557640298E-05    3.189502432146E-06
   -1.465882008285E-04   -7.964690700387E-06    1.164482191007E-05    6.427981156057E-06   -4.971080347902E-06   -1.044264235402E-05   -2.479412530684E-05   -8.148557640298E-05    7.147485341457E+00   -4.694887773103E-05
    1.190137789242E-04    2.081679269952E-06    9.381033420765E-07    8.579019901544E-06   -1.308266639911E-05   -1.270509137254E-05   -7.715287005131E-06    3.189502432147E-06   -4.694887773103E-05    9.099711399899E+00
   16.614217915094756     
   -9.992172301777E-01   -1.620244114225E-04    2.187262269857E-04    2.559130187421E-05    1.276782823115E-04    1.894149941765E-04    1.948810416670E-04    1.745845451829E-04   -1.459557861234E-04    1.192087779386E-04
   -1.620244114225E-04    3.537940175813E-02   -2.119527440557E-04   -1.562230039347E-04    1.038677812660E-04    6.291656629124E-05    3.530353152433E-05    1.817519450402E-05   -8.105085002597E-06    2.218899138798E-06
    2.187262269857E-04   -2.119527440557E-04    3.122975743357E-01    4.181460292806E-04   -2.322720095406E-04   -1.351475233397E-04   -7.271590878054E-05   -3.441188666137E-05    1.225401477803E-05    4.518430918064E-07
    2.559130187421E-05   -1.562230039347E-04    4.181460292806E-04    8.461287273192E-01   -3.496109255895E-04   -1.585779572518E-04   -7.977623842740E-05   -3.381621916339E-05    7.338847040364E-06    7.879328612057E-06
    1.276782823115E-04    1.038677812660E-04   -2.322720095406E-04   -3.496109255895E-04    1.620808786955E+00    2.436880038590E-04    9.095980167371E-05    3.622596646304E-05   -5.868542914572E-06   -1.234667360209E-05
    1.894149941765E-04    6.291656629124E-05   -1.351475233397E-04   -1.585779572518E-04    2.436880038590E-04    2.628456446653E+00    1.673219918908E-04    5.007793951391E-05   -1.112147098760E-05   -1.203868633807E-05
    1.948810416670E-04    3.530353152433E-05   -7.271590878054E-05   -7.977623842740E-05    9.095980167371E-05    1.673219918908E-04    3.865546658588E+00    1.170604997905E-04   -2.513415286313E-05   -7.201393316363E-06
    1.745845451829E-04    1.817519450402E-05   -3.441188666137E-05   -3.381621916339E-05    3.622596646304E-05    5.007793951391E-05    1.170604997905E-04    5.330446354805E+00   -8.133343016810E-05    3.484300795429E-06
   -1.459557861234E-04   -8.105085002597E-06    1.225401477803E-05    7.338847040364E-06   -5.868542914572E-06   -1.112147098760E-05   -2.513415286313E-05   -8.133343016810E-05    7.022344945357E+00   -4.692681101967E-05
    1.192087779386E-04    2.218899138798E-06    4.518430918064E-07    7.879328612057E-06   -1.234667360209E-05   -1.203868633807E-05   -7.201393316363E-06    3.484300795429E-06   -4.692681101967E-05    8.940798856082E+00
   16.759003434903050     
   -9.992308917982E-01   -1.579768305778E-04    2.161093517383E-04    2.927244919596E-05    1.220800544769E-04    1.846328871000E-04    1.916285022328E-04    1.727804882460E-04   -1.452834674124E-04    1.193637900662E-04
   -1.579768305778E-04    3.470027326190E-02   -2.044249483189E-04   -1.516672001431E-04    1.015582946194E-04    6.196154007703E-05    3.504019469612E-05    1.821166527133E-05   -8.237720728129E-06    2.352258459259E-06
    2.161093517383E-04   -2.044249483189E-04    3.064521457046E-01    4.084475595531E-04   -2.284141774643E-04   -1.339438839577E-04   -7.277171914037E-05   -3.493498972684E-05    1.284179600431E-05   -2.548853670873E-08
    2.927244919596E-05   -1.516672001431E-04    4.084475595531E-04    8.306879407078E-01   -3.450453482074E-04   -1.577162099291E-04   -8.021334459653E-05   -3.470088219182E-05    8.227703599741E-06    7.186629529123E-06
    1.220800544769E-04    1.015582946194E-04   -2.284141774643E-04   -3.450453482074E-04    1.591752077046E+00    2.419716159602E-04    9.117716464538E-05    3.700638296401E-05   -6.747425254303E-06   -1.161625173584E-05
    1.846328871000E-04    6.196154007703E-05   -1.339438839577E-04   -1.577162099291E-04    2.419716159602E-04    2.581877460730E+00    1.666462202566E-04    5.046117366450E-05   -1.178581783806E-05   -1.137840236784E-05
    1.916285022328E-04    3.504019469612E-05   -7.277171914037E-05   -8.021334459653E-05    9.117716464538E-05    1.666462202566E-04    3.797563086855E+00    1.167448806730E-04   -2.546566167493E-05   -6.693680998556E-06
    1.727804882460E-04    1.821166527133E-05   -3.493498972684E-05   -3.470088219182E-05    3.700638296401E-05    5.046117366450E-05    1.167448806730E-04    5.237178906035E+00   -8.117766261877E-05    3.774976598592E-06
   -1.452834674124E-04   -8.237720728129E-06    1.284179600431E-05    8.227703599741E-06   -6.747425254303E-06   -1.178581783806E-05   -2.546566167493E-05   -8.117766261877E-05    6.899913225390E+00   -4.690265798914E-05
    1.193637900662E-04    2.352258459259E-06   -2.548853670872E-08    7.186629529123E-06   -1.161625173584E-05   -1.137840236784E-05   -6.693680998556E-06    3.774976598592E-06   -4.690265798914E-05    8.785320999909E+00
   16.904417091456711     
   -9.992442681770E-01   -1.540341645300E-04    2.134647456126E-04    3.277053392692E-05    1.166256502101E-04    1.799194020114E-04    1.883867641257E-04    1.709527678708E-04   -1.445728212631E-04    1.194796296355E-04
   -1.540341645300E-04    3.403765341507E-02   -1.971765509428E-04   -1.472369665694E-04    9.928659272312E-05    6.100658256422E-05    3.476572757575E-05    1.823700502090E-05   -8.362702898369E-06    2.481717080286E-06
    2.134647456126E-04   -1.971765509428E-04    3.007427299659E-01    3.989201740496E-04   -2.245658271921E-04   -1.326991672560E-04   -7.278035839148E-05   -3.542218104567E-05    1.340815725711E-05   -4.935677349270E-07
    3.277053392692E-05   -1.472369665694E-04    3.989201740496E-04    8.155939930486E-01   -3.404713490178E-04   -1.568030532095E-04   -8.059712796524E-05   -3.554589817248E-05    9.094216034095E-06    6.501514552193E-06
    1.166256502101E-04    9.928659272312E-05   -2.245658271921E-04   -3.404713490178E-04    1.563335451519E+00    2.402246472813E-04    9.135835991225E-05    3.775617688288E-05   -7.607455969091E-06   -1.089192002340E-05
    1.799194020114E-04    6.100658256422E-05   -1.326991672560E-04   -1.568030532095E-04    2.402246472813E-04    2.536313971374E+00    1.659521885971E-04    5.082625363305E-05   -1.243562466126E-05   -1.072452673422E-05
    1.883867641257E-04    3.476572757575E-05   -7.278035839148E-05   -8.059712796524E-05    9.135835991225E-05    1.659521885971E-04    3.731053112246E+00    1.164209805086E-04   -2.578868634963E-05   -6.192216132549E-06
    1.709527678708E-04    1.823700502090E-05   -3.542218104567E-05   -3.554589817248E-05    3.775617688288E-05    5.082625363305E-05    1.164209805086E-04    5.145926135227E+00   -8.101826412671E-05    4.061560846621E-06
   -1.445728212631E-04   -8.362702898369E-06    1.340815725711E-05    9.094216034095E-06   -7.607455969091E-06   -1.243562466126E-05   -2.578868634963E-05   -8.101826412671E-05    6.780120374582E+00   -4.687643430390E-05
    1.194796296355E-04    2.481717080286E-06   -4.935677349270E-07    6.501514552193E-06   -1.089192002340E-05   -1.072452673422E-05   -6.192216132549E-06    4.061560846621E-06   -4.687643430390E-05    8.633189371808E+00
   17.050458884755752     
   -9.992573670431E-01   -1.501937418276E-04    2.107964592001E-04    3.609133698546E-05    1.113131736447E-04    1.752752581135E-04    1.851577229712E-04    1.691034237265E-04   -1.438254106296E-04    1.195571310490E-04
   -1.501937418276E-04    3.339105600346E-02   -1.901970851534E-04   -1.429294546357E-04    9.705283576079E-05    6.005253527404E-05    3.448081767135E-05    1.825158102390E-05   -8.480143910798E-06    2.607243038970E-06
    2.107964592001E-04   -1.901970851534E-04    2.951655827809E-01    3.895640463043E-04   -2.207300725315E-04   -1.314162637469E-04   -7.274360416147E-05   -3.587417741886E-05    1.395312700696E-05   -9.521003509698E-07
    3.609133698546E-05   -1.429294546357E-04    3.895640463043E-04    8.008377199171E-01   -3.358918503548E-04   -1.558406902165E-04   -8.092886738642E-05   -3.635161132725E-05    9.938094283749E-06    5.824543723400E-06
    1.113131736447E-04    9.705283576079E-05   -2.207300725315E-04   -3.358918503548E-04    1.535542275188E+00    2.384481961926E-04    9.150401210816E-05    3.847554142649E-05   -8.448391408289E-06   -1.017417578658E-05
    1.752752581135E-04    6.005253527404E-05   -1.314162637469E-04   -1.558406902165E-04    2.384481961926E-04    2.491739765054E+00    1.652401182036E-04    5.117329799406E-05   -1.307084202301E-05   -1.007733501287E-05
    1.851577229712E-04    3.448081767135E-05   -7.274360416147E-05   -8.092886738642E-05    9.150401210816E-05    1.652401182036E-04    3.665978816067E+00    1.160888041532E-04   -2.610325910872E-05   -5.697062489396E-06
    1.691034237265E-04    1.825158102390E-05   -3.587417741886E-05   -3.635161132725E-05    3.847554142649E-05    5.117329799406E-05    1.160888041532E-04    5.056636288208E+00   -8.085522242666E-05    4.344081378714E-06
   -1.438254106296E-04   -8.480143910798E-06    1.395312700696E-05    9.938094283749E-06   -8.448391408289E-06   -1.307084202301E-05   -2.610325910872E-05   -8.085522242666E-05    6.662898672928E+00   -4.684815302247E-05
    1.195571310490E-04    2.607243038970E-06   -9.521003509698E-07    5.824543723400E-06   -1.017417578658E-05   -1.007733501287E-05   -5.697062489396E-06    4.344081378714E-06   -4.684815302247E-05    8.484318155999E+00
   17.197128814800156     
   -9.992701956596E-01   -1.464529485892E-04    2.081083172864E-04    3.924052359269E-05    1.061406829480E-04    1.707010737210E-04    1.819431767005E-04    1.672344351081E-04   -1.430427827240E-04    1.195971463230E-04
   -1.464529485892E-04    3.276001161285E-02   -1.834764592423E-04   -1.387418380259E-04    9.485712757187E-05    5.910019421245E-05    3.418613268109E-05    1.825575903927E-05   -8.590162895595E-06    2.728812197432E-06
    2.081083172864E-04   -1.834764592423E-04    2.897170775031E-01    3.803791351326E-04   -2.169098547196E-04   -1.300979759177E-04   -7.266321849780E-05   -3.629171960146E-05    1.447676849270E-05   -1.400821063071E-06
    3.924052359269E-05   -1.387418380259E-04    3.803791351326E-04    7.864102338712E-01   -3.313096960616E-04   -1.548313015355E-04   -8.120985832547E-05   -3.711840645318E-05    1.075909168817E-05    5.156245391667E-06
    1.061406829480E-04    9.485712757187E-05   -2.169098547196E-04   -3.313096960616E-04    1.508356410709E+00    2.366433698331E-04    9.161475898241E-05    3.916469181422E-05   -9.270015100296E-06   -9.463494413359E-06
    1.707010737210E-04    5.910019421245E-05   -1.300979759177E-04   -1.548313015355E-04    2.366433698331E-04    2.448129410476E+00    1.645102401442E-04    5.150242989070E-05   -1.369142922057E-05   -9.437091142277E-06
    1.819431767005E-04    3.418613268109E-05   -7.266321849780E-05   -8.120985832547E-05    9.161475898241E-05    1.645102401442E-04    3.602303409780E+00    1.157483574216E-04   -2.640941006799E-05   -5.208281546371E-06
    1.672344351081E-04    1.825575903927E-05   -3.629171960146E-05   -3.711840645318E-05    3.916469181422E-05    5.150242989070E-05    1.157483574216E-04    4.969259152261E+00   -8.068852290234E-05    4.622562983265E-06
   -1.430427827240E-04   -8.590162895595E-06    1.447676849270E-05    1.075909168817E-05   -9.270015100296E-06   -1.369142922057E-05   -2.640941006799E-05   -8.068852290234E-05    6.548182416495E+00   -4.681782469742E-05
    1.195971463230E-04    2.728812197432E-06   -1.400821063071E-06    5.156245391667E-06   -9.463494413359E-06   -9.437091142277E-06   -5.208281546371E-06    4.622562983265E-06   -4.681782469742E-05    8.338624090684E+00
   17.344426881589943     
   -9.992827611754E-01   -1.428092280460E-04    2.054039290407E-04    4.222364292572E-05    1.011061948507E-04    1.661973709555E-04    1.787448281299E-04    1.653477207171E-04   -1.422264669732E-04    1.196005426650E-04
   -1.428092280460E-04    3.214406696245E-02   -1.770049450650E-04   -1.346713157577E-04    9.269951916422E-05    5.815031134032E-05    3.388232045480E-05    1.824990267935E-05   -8.692885090429E-06    2.846407877887E-06
    2.054039290407E-04   -1.770049450650E-04    2.843937010428E-01    3.713651966366E-04   -2.131079470768E-04   -1.287470179408E-04   -7.254094512083E-05   -3.667556935042E-05    1.497917770813E-05   -1.839492514952E-06
    4.222364292572E-05   -1.346713157577E-04    3.713651966366E-04    7.723029149954E-01   -3.267276499711E-04   -1.537770429259E-04   -8.144141006341E-05   -3.784670646445E-05    1.155700360176E-05    4.497116448896E-06
    1.011061948507E-04    9.269951916422E-05   -2.131079470768E-04   -3.267276499711E-04    1.481762201646E+00    2.348112825835E-04    9.169125053538E-05    3.982386441463E-05   -1.007213715807E-05   -8.760329363349E-06
    1.661973709555E-04    5.815031134032E-05   -1.287470179408E-04   -1.537770429259E-04    2.348112825835E-04    2.405458232014E+00    1.637627951861E-04    5.181377717578E-05   -1.429735419638E-05   -8.804047487331E-06
    1.787448281299E-04    3.388232045480E-05   -7.254094512083E-05   -8.144141006341E-05    9.169125053538E-05    1.637627951861E-04    3.539991196657E+00    1.153996474354E-04   -2.670716750417E-05   -4.725932493694E-06
    1.653477207171E-04    1.824990267935E-05   -3.667556935042E-05   -3.784670646445E-05    3.982386441463E-05    5.181377717578E-05    1.153996474354E-04    4.883746003860E+00   -8.051814883690E-05    4.897027516492E-06
   -1.422264669732E-04   -8.692885090429E-06    1.497917770813E-05    1.155700360176E-05   -1.007213715807E-05   -1.429735419638E-05   -2.670716750417E-05   -8.051814883690E-05    6.435907849102E+00   -4.678545746336E-05
    1.196005426650E-04    2.846407877887E-06   -1.839492514952E-06    4.497116448896E-06   -8.760329363349E-06   -8.804047487331E-06   -4.725932493694E-06    4.897027516492E-06   -4.678545746336E-05    8.196026381525E+00
   17.492353085125092     
   -9.992950701998E-01   -1.392600802644E-04    2.026866979938E-04    4.504612783936E-05    9.620768918196E-05    1.617645805132E-04    1.755642877463E-04    1.634451387269E-04   -1.413779732301E-04    1.195682002098E-04
   -1.392600802644E-04    3.154278427388E-02   -1.707731670068E-04   -1.307151151197E-04    9.058001216398E-05    5.720359608494E-05    3.357000903365E-05    1.823437284004E-05   -8.788441247780E-06    2.960020502746E-06
    2.026866979938E-04   -1.707731670068E-04    2.791920499309E-01    3.625217963710E-04   -2.093269599261E-04   -1.273660157164E-04   -7.237850695817E-05   -3.702650663062E-05    1.546048143007E-05   -2.267904420742E-06
    4.504612783936E-05   -1.307151151197E-04    3.625217963710E-04    7.585074018804E-01   -3.221483949176E-04   -1.526800432786E-04   -8.162484305117E-05   -3.853696998908E-05    1.233166598005E-05    3.847622639093E-06
    9.620768918196E-05    9.058001216398E-05   -2.093269599261E-04   -3.221483949176E-04    1.455744456278E+00    2.329530547400E-04    9.173414819983E-05    4.045331589640E-05   -1.085459366667E-05   -8.065112217227E-06
    1.617645805132E-04    5.720359608494E-05   -1.273660157164E-04   -1.526800432786E-04    2.329530547400E-04    2.363702284268E+00    1.629980337893E-04    5.210747255819E-05   -1.488859345470E-05   -8.178444912599E-06
    1.755642877463E-04    3.357000903365E-05   -7.237850695817E-05   -8.162484305117E-05    9.173414819983E-05    1.629980337893E-04    3.479007535004E+00    1.150426830127E-04   -2.699655812849E-05   -4.250072234789E-06
    1.634451387269E-04    1.823437284004E-05   -3.702650663062E-05   -3.853696998908E-05    4.045331589640E-05    5.210747255819E-05    1.150426830127E-04    4.800049558516E+00   -8.034408169328E-05    5.167494028742E-06
   -1.413779732301E-04   -8.788441247780E-06    1.546048143007E-05    1.233166598005E-05   -1.085459366667E-05   -1.488859345470E-05   -2.699655812849E-05   -8.034408169328E-05    6.326013096720E+00   -4.675105714498E-05
    1.195682002098E-04    2.960020502746E-06   -2.267904420742E-06    3.847622639093E-06   -8.065112217227E-06   -8.178444912599E-06   -4.250072234789E-06    5.167494028742E-06   -4.675105714498E-05    8.056446618543E+00
   17.640907425405622     
   -9.993071296343E-01   -1.358030614043E-04    1.999598312375E-04    4.771329490563E-05    9.144311282796E-05    1.574030459320E-04    1.724030762300E-04    1.615284867834E-04   -1.404987899975E-04    1.195010097522E-04
   -1.358030614043E-04    3.095574065876E-02   -1.647720906322E-04   -1.268704940636E-04    8.849856195860E-05    5.626071674865E-05    3.324980668678E-05    1.820952715299E-05   -8.876967055559E-06    3.069647233084E-06
    1.999598312375E-04   -1.647720906322E-04    2.741088264703E-01    3.538483204087E-04   -2.055693452574E-04   -1.259575069750E-04   -7.217760382235E-05   -3.734532691919E-05    1.592083527043E-05   -2.685872641912E-06
    4.771329490563E-05   -1.268704940636E-04    3.538483204087E-04    7.450155828231E-01   -3.175745314253E-04   -1.515424025415E-04   -8.176148629505E-05   -3.918968897707E-05    1.308295393123E-05    3.208198928880E-06
    9.144311282796E-05    8.849856195861E-05   -2.055693452574E-04   -3.175745314253E-04    1.430288431868E+00    2.310698108995E-04    9.174412393326E-05    4.105332234596E-05   -1.161724604461E-05   -7.378252759350E-06
    1.574030459320E-04    5.626071674865E-05   -1.259575069750E-04   -1.515424025415E-04    2.310698108995E-04    2.322838327385E+00    1.622162158951E-04    5.238365368835E-05   -1.546513196410E-05   -7.560512858853E-06
    1.724030762300E-04    3.324980668678E-05   -7.217760382235E-05   -8.176148629505E-05    9.174412393326E-05    1.622162158951E-04    3.419318802588E+00    1.146774749352E-04   -2.727760733602E-05   -3.780755379303E-06
    1.615284867834E-04    1.820952715299E-05   -3.734532691919E-05   -3.918968897707E-05    4.105332234596E-05    5.238365368835E-05    1.146774749352E-04    4.718123922303E+00   -8.016630133296E-05    5.433978890510E-06
   -1.404987899975E-04   -8.876967055559E-06    1.592083527043E-05    1.308295393123E-05   -1.161724604461E-05   -1.546513196410E-05   -2.727760733602E-05   -8.016630133296E-05    6.218438104127E+00   -4.671462734009E-05
    1.195010097522E-04    3.069647233084E-06   -2.685872641912E-06    3.208198928880E-06   -7.378252759350E-06   -7.560512858853E-06   -3.780755379303E-06    5.433978890510E-06   -4.671462734009E-05    7.919808695925E+00
   17.790089902431514     
   -9.993189457357E-01   -1.324357834687E-04    1.972263487322E-04    5.023034439684E-05    8.681038398427E-05    1.531130281997E-04    1.692626273795E-04    1.595995024276E-04   -1.395903830100E-04    1.193998707199E-04
   -1.324357834687E-04    3.038252754565E-02   -1.589930121910E-04   -1.231347436976E-04    8.645508090256E-05    5.532230201967E-05    3.292230205517E-05    1.817571951784E-05   -8.958602600089E-06    3.175291618501E-06
    1.972263487322E-04   -1.589930121910E-04    2.691408351198E-01    3.453439871287E-04   -2.018374018585E-04   -1.245239418014E-04   -7.193991041442E-05   -3.763283869720E-05    1.636042179117E-05   -3.093238247712E-06
    5.023034439684E-05   -1.231347436976E-04    3.453439871287E-04    7.318195875238E-01   -3.130085773205E-04   -1.503661900220E-04   -8.185267495621E-05   -3.980538639795E-05    1.381078025771E-05    2.579249942865E-06
    8.681038398427E-05    8.645508090256E-05   -2.018374018585E-04   -3.130085773205E-04    1.405379819734E+00    2.291626787890E-04    9.172185942828E-05    4.162417842829E-05   -1.235998039773E-05   -6.700139103842E-06
    1.531130281997E-04    5.532230201967E-05   -1.245239418014E-04   -1.503661900220E-04    2.291626787890E-04    2.282843803587E+00    1.614176109256E-04    5.264246328306E-05   -1.602696307104E-05   -6.950469431576E-06
    1.692626273795E-04    3.292230205517E-05   -7.193991041442E-05   -8.185267495621E-05    9.172185942828E-05    1.614176109256E-04    3.360892362669E+00    1.143040363342E-04   -2.755033947599E-05   -3.318034231417E-06
    1.595995024276E-04    1.817571951784E-05   -3.763283869720E-05   -3.980538639795E-05    4.162417842829E-05    5.264246328306E-05    1.143040363342E-04    4.637924545509E+00   -7.998478630843E-05    5.696495928720E-06
   -1.395903830100E-04   -8.958602600089E-06    1.636042179117E-05    1.381078025771E-05   -1.235998039773E-05   -1.602696307104E-05   -2.755033947599E-05   -7.998478630843E-05    6.113124574264E+00   -4.667616954425E-05
    1.193998707199E-04    3.175291618501E-06   -3.093238247712E-06    2.579249942865E-06   -6.700139103842E-06   -6.950469431576E-06   -3.318034231417E-06    5.696495928720E-06   -4.667616954425E-05    7.786038735171E+00
   17.939900516202790     
   -9.993305247768E-01   -1.291559135054E-04    1.944890917787E-04    5.260236060529E-05    8.230739576003E-05    1.488947097773E-04    1.661442906873E-04    1.576598633819E-04   -1.386541937800E-04    1.192656891175E-04
   -1.291559135054E-04    2.982275012102E-02   -1.534275477188E-04   -1.195051902035E-04    8.444944118715E-05    5.438894235236E-05    3.258806427162E-05    1.813329964474E-05   -9.033491838156E-06    3.276963245394E-06
    1.944890917787E-04   -1.534275477188E-04    2.642849789388E-01    3.370078576949E-04   -1.981332800766E-04   -1.230676831405E-04   -7.166707442769E-05   -3.788986102474E-05    1.677944864518E-05   -3.489866555751E-06
    5.260236060529E-05   -1.195051902035E-04    3.370078576949E-04    7.189117789473E-01   -3.084529668758E-04   -1.491534426057E-04   -8.189974795977E-05   -4.038461394667E-05    1.451509396974E-05    1.961150451656E-06
    8.230739576003E-05    8.444944118715E-05   -1.981332800766E-04   -3.084529668758E-04    1.381004730695E+00    2.272327877392E-04    9.166804521484E-05    4.216619650689E-05   -1.308270684677E-05   -6.031137850734E-06
    1.488947097773E-04    5.438894235236E-05   -1.230676831405E-04   -1.491534426057E-04    2.272327877392E-04    2.243696814332E+00    1.606024975403E-04    5.288404917811E-05   -1.657408839437E-05   -6.348521492914E-06
    1.661442906873E-04    3.258806427162E-05   -7.166707442769E-05   -8.189974795977E-05    9.166804521484E-05    1.606024975403E-04    3.303696531064E+00    1.139223829322E-04   -2.781477809116E-05   -2.861958772726E-06
    1.576598633819E-04    1.813329964474E-05   -3.788986102474E-05   -4.038461394667E-05    4.216619650689E-05    5.288404917811E-05    1.139223829322E-04    4.559408177752E+00   -7.979951407978E-05    5.955056560478E-06
   -1.386541937800E-04   -9.033491838156E-06    1.677944864518E-05    1.451509396974E-05   -1.308270684677E-05   -1.657408839437E-05   -2.781477809116E-05   -7.979951407978E-05    6.010015909571E+00   -4.663568324296E-05
    1.192656891175E-04    3.276963245394E-06   -3.489866555751E-06    1.961150451656E-06   -6.031137850734E-06   -6.348521492914E-06   -2.861958772726E-06    5.955056560478E-06   -4.663568324296E-05    7.655065010823E+00
   18.090339266719429     
   -9.993418729388E-01   -1.259611729971E-04    1.917507313392E-04    5.483431220365E-05    7.793201980898E-05    1.447481986851E-04    1.630493340732E-04    1.557111880689E-04   -1.376916383697E-04    1.190993756289E-04
   -1.259611729971E-04    2.927602679965E-02   -1.480676226367E-04   -1.159791966836E-04    8.248147766379E-05    5.346119137760E-05    3.224764314383E-05    1.808261265369E-05   -9.101782101944E-06    3.374677394810E-06
    1.917507313392E-04   -1.480676226367E-04    2.595382562024E-01    3.288388466416E-04   -1.944589867716E-04   -1.215910075685E-04   -7.136071489593E-05   -3.811722127165E-05    1.717814677670E-05   -3.875646164686E-06
    5.483431220365E-05   -1.159791966836E-04    3.288388466416E-04    7.062847455568E-01   -3.039100504453E-04   -1.479061632128E-04   -8.190404575913E-05   -4.092794982322E-05    1.519587879513E-05    1.354245911298E-06
    7.793201980898E-05    8.248147766379E-05   -1.944589867716E-04   -3.039100504453E-04    1.357149681144E+00    2.252812673602E-04    9.158337981654E-05    4.267970578602E-05   -1.378535884677E-05   -5.371594276940E-06
    1.447481986851E-04    5.346119137760E-05   -1.215910075685E-04   -1.479061632128E-04    2.252812673602E-04    2.205376098446E+00    1.597711634640E-04    5.310856438743E-05   -1.710651772256E-05   -5.754864761939E-06
    1.630493340732E-04    3.224764314383E-05   -7.136071489593E-05   -8.190404575913E-05    9.158337981654E-05    1.597711634640E-04    3.247700544551E+00    1.135325333196E-04   -2.807094616143E-05   -2.412576641069E-06
    1.557111880689E-04    1.808261265369E-05   -3.811722127165E-05   -4.092794982322E-05    4.267970578602E-05    5.310856438743E-05    1.135325333196E-04    4.482532824904E+00   -7.961046125675E-05    6.209669931862E-06
   -1.376916383697E-04   -9.101782101944E-06    1.717814677670E-05    1.519587879513E-05   -1.378535884677E-05   -1.710651772256E-05   -2.807094616143E-05   -7.961046125675E-05    5.909057155660E+00   -4.659316602147E-05
    1.190993756289E-04    3.374677394810E-06   -3.875646164686E-06    1.354245911298E-06   -5.371594276940E-06   -5.754864761939E-06   -2.412576641069E-06    6.209669931862E-06   -4.659316602147E-05    7.526817879108E+00
   18.241406153981448     
   -9.993529961463E-01   -1.228493372214E-04    1.890137760284E-04    5.693105273958E-05    7.368210978707E-05    1.406735324608E-04    1.599789466201E-04    1.537550362448E-04   -1.367041063099E-04    1.189018438246E-04
   -1.228493372214E-04    2.874198871828E-02   -1.429054615787E-04   -1.125541647974E-04    8.055099053629E-05    5.253956729071E-05    3.190156936888E-05    1.802399871265E-05   -9.163623628451E-06    3.468454706866E-06
    1.890137760284E-04   -1.429054615787E-04    2.548977571464E-01    3.208357321237E-04   -1.908163902711E-04   -1.200961062219E-04   -7.102242072784E-05   -3.831575297719E-05    1.755676867293E-05   -4.250487979772E-06
    5.693105273958E-05   -1.125541647974E-04    3.208357321237E-04    6.939312938422E-01   -2.993820942985E-04   -1.466263193896E-04   -8.186690821012E-05   -4.143599656829E-05    1.585315168239E-05    7.588530502410E-07
    7.368210978707E-05    8.055099053629E-05   -1.908163902711E-04   -2.993820942985E-04    1.333801579651E+00    2.233092462661E-04    9.146856891562E-05    4.316505145676E-05   -1.446789249358E-05   -4.721832560027E-06
    1.406735324608E-04    5.253956729071E-05   -1.200961062219E-04   -1.466263193896E-04    2.233092462661E-04    2.167861011073E+00    1.589239053032E-04    5.331616714627E-05   -1.762426890558E-05   -5.169683922967E-06
    1.599789466201E-04    3.190156936888E-05   -7.102242072784E-05   -8.186690821012E-05    9.146856891562E-05    1.589239053032E-04    3.192874530464E+00    1.131345092198E-04   -2.831886634102E-05   -1.969933106271E-06
    1.537550362448E-04    1.802399871265E-05   -3.831575297719E-05   -4.143599656829E-05    4.316505145676E-05    5.331616714627E-05    1.131345092198E-04    4.407257707612E+00   -7.941760384012E-05    6.460343059275E-06
   -1.367041063099E-04   -9.163623628451E-06    1.755676867293E-05    1.585315168239E-05   -1.446789249358E-05   -1.762426890558E-05   -2.831886634102E-05   -7.941760384012E-05    5.810194947067E+00   -4.654861367913E-05
    1.189018438246E-04    3.468454706866E-06   -4.250487979772E-06    7.588530502410E-07   -4.721832560027E-06   -5.169683922967E-06   -1.969933106271E-06    6.460343059275E-06   -4.654861367913E-05    7.401229709236E+00
   18.393101177988832     
   -9.993638998639E-01   -1.198182345734E-04    1.862805797755E-04    5.889732125418E-05    6.955550463605E-05    1.366706819779E-04    1.569342412888E-04    1.517929097269E-04   -1.356929596489E-04    1.186740084683E-04
   -1.198182345734E-04    2.822027925115E-02   -1.379335784415E-04   -1.092275361999E-04    7.865774792533E-05    5.162455421473E-05    3.155035477624E-05    1.795779271365E-05   -9.219169113907E-06    3.558320853186E-06
    1.862805797755E-04   -1.379335784415E-04    2.503606608356E-01    3.129971658128E-04   -1.872072253076E-04   -1.185850858686E-04   -7.065374941987E-05   -3.848629383866E-05    1.791558667196E-05   -4.614324237493E-06
    5.889732125418E-05   -1.092275361999E-04    3.129971658128E-04    6.818444411261E-01   -2.948712806273E-04   -1.453158420333E-04   -8.178967255566E-05   -4.190937896082E-05    1.648696130528E-05    1.752604964984E-07
    6.955550463605E-05    7.865774792533E-05   -1.872072253076E-04   -2.948712806273E-04    1.310947714067E+00    2.213178508347E-04    9.132432452729E-05    4.362259385026E-05   -1.513028582212E-05   -4.082156030203E-06
    1.366706819779E-04    5.162455421473E-05   -1.185850858686E-04   -1.453158420333E-04    2.213178508347E-04    2.131131503410E+00    1.580610283408E-04    5.350702093838E-05   -1.812736774323E-05   -4.593152739760E-06
    1.569342412888E-04    3.155035477624E-05   -7.065374941987E-05   -8.178967255566E-05    9.132432452729E-05    1.580610283408E-04    3.139189477414E+00    1.127283357343E-04   -2.855856118826E-05   -1.534071042439E-06
    1.517929097269E-04    1.795779271365E-05   -3.848629383866E-05   -4.190937896082E-05    4.362259385026E-05    5.350702093838E-05    1.127283357343E-04    4.333543221375E+00   -7.922091745626E-05    6.707080972472E-06
   -1.356929596489E-04   -9.219169113907E-06    1.791558667196E-05    1.648696130528E-05   -1.513028582212E-05   -1.812736774323E-05   -2.855856118826E-05   -7.922091745626E-05    5.713377455043E+00   -4.650202034519E-05
    1.186740084683E-04    3.558320853186E-06   -4.614324237493E-06    1.752604964984E-07   -4.082156030203E-06   -4.593152739760E-06   -1.534071042439E-06    6.707080972472E-06   -4.650202034519E-05    7.278234817246E+00
   18.545424338741594     
   -9.993745901031E-01   -1.168657455323E-04    1.835533488242E-04    6.073774309432E-05    6.555003141318E-05    1.327395548242E-04    1.539162573569E-04    1.498262530119E-04   -1.346595319828E-04    1.184167838165E-04
   -1.168657455323E-04    2.771055353904E-02   -1.331447662982E-04   -1.059967935851E-04    7.680148818173E-05    5.071660346132E-05    3.119449255186E-05    1.788432395936E-05   -9.268573279273E-06    3.644306211523E-06
    1.835533488242E-04   -1.331447662982E-04    2.459242320972E-01    3.053216817880E-04   -1.836330976519E-04   -1.170599699577E-04   -7.025622585460E-05   -3.862968378185E-05    1.825489130745E-05   -4.967107525395E-06
    6.073774309432E-05   -1.059967935851E-04    3.053216817880E-04    6.700174085334E-01   -2.903797072352E-04   -1.439766240727E-04   -8.167367143696E-05   -4.234874193939E-05    1.709738655685E-05   -3.962705567933E-07
    6.555003141318E-05    7.680148818173E-05   -1.836330976519E-04   -2.903797072352E-04    1.288575738958E+00    2.193082037105E-04    9.115136409472E-05    4.405270756079E-05   -1.577253808375E-05   -3.452847449077E-06
    1.327395548242E-04    5.071660346132E-05   -1.170599699577E-04   -1.439766240727E-04    2.193082037105E-04    2.095168103024E+00    1.571828461397E-04    5.368129446121E-05   -1.861584785383E-05   -4.025434175948E-06
    1.539162573569E-04    3.119449255186E-05   -7.025622585460E-05   -8.167367143696E-05    9.115136409472E-05    1.571828461397E-04    3.086617206906E+00    1.123140414686E-04   -2.879005336567E-05   -1.105030899265E-06
    1.498262530119E-04    1.788432395936E-05   -3.862968378185E-05   -4.234874193939E-05    4.405270756079E-05    5.368129446121E-05    1.123140414686E-04    4.261350897888E+00   -7.902037752703E-05    6.949886852880E-06
   -1.346595319828E-04   -9.268573279273E-06    1.825489130745E-05    1.709738655685E-05   -1.577253808375E-05   -1.861584785383E-05   -2.879005336567E-05   -7.902037752703E-05    5.618554337043E+00   -4.645337856660E-05
    1.184167838165E-04    3.644306211523E-06   -4.967107525395E-06   -3.962705567933E-07   -3.452847449077E-06   -4.025434175948E-06   -1.105030899265E-06    6.949886852880E-06   -4.645337856660E-05    7.157769402084E+00
   18.698375636239721     
   -9.993850718605E-01   -1.139898022889E-04    1.808341491500E-04    6.245683065704E-05    6.166350857141E-05    1.288799991886E-04    1.509259633630E-04    1.478564543826E-04   -1.336051279073E-04    1.181310822324E-04
   -1.139898022889E-04    2.721247805378E-02   -1.285320883322E-04   -1.028594620003E-04    7.498192234775E-05    4.981613492189E-05    3.083445757507E-05    1.780391593269E-05   -9.311992484674E-06    3.726445560280E-06
    1.808341491500E-04   -1.285320883322E-04    2.415858186783E-01    2.978077064377E-04   -1.800954892779E-04   -1.155227000895E-04   -6.983134142186E-05   -3.874676323580E-05    1.857498974808E-05   -5.308809817586E-06
    6.245683065704E-05   -1.028594620003E-04    2.978077064377E-04    6.584436144341E-01   -2.859093883929E-04   -1.426105196198E-04   -8.152023117426E-05   -4.275474866137E-05    1.768453507737E-05   -9.555056522201E-07
    6.166350857141E-05    7.498192234775E-05   -1.800954892779E-04   -2.859093883929E-04    1.266673663802E+00    2.172814229630E-04    9.095040977734E-05    4.445578064987E-05   -1.639466903983E-05   -2.834169319073E-06
    1.288799991886E-04    4.981613492189E-05   -1.155227000895E-04   -1.426105196198E-04    2.172814229630E-04    2.059951895240E+00    1.562896804895E-04    5.383916166802E-05   -1.908975056572E-05   -3.466680525503E-06
    1.509259633630E-04    3.083445757507E-05   -6.983134142186E-05   -8.152023117426E-05    9.095040977734E-05    1.562896804895E-04    3.035130346388E+00    1.118916588524E-04   -2.901336587554E-05   -6.828506703185E-07
    1.478564543826E-04    1.780391593269E-05   -3.874676323580E-05   -4.275474866137E-05    4.445578064987E-05    5.383916166802E-05    1.118916588524E-04    4.190643368213E+00   -7.881595955735E-05    7.188762184282E-06
   -1.336051279073E-04   -9.311992484674E-06    1.857498974808E-05    1.768453507737E-05   -1.639466903983E-05   -1.908975056572E-05   -2.901336587554E-05   -7.881595955735E-05    5.525676688506E+00   -4.640267945944E-05
    1.181310822324E-04    3.726445560280E-06   -5.308809817586E-06   -9.555056522201E-07   -2.834169319073E-06   -3.466680525503E-06   -6.828506703185E-07    7.188762184282E-06   -4.640267945944E-05    7.039771484455E+00
   18.851955070483228     
   -9.993953502513E-01   -1.111883876188E-04    1.781249128177E-04    6.405898441537E-05    5.789374844030E-05    1.250918069348E-04    1.479642594464E-04    1.458848466440E-04   -1.325310222588E-04    1.178178126606E-04
   -1.111883876188E-04    2.672573016508E-02   -1.240888681803E-04   -9.981310953012E-05    7.319873622035E-05    4.892353826246E-05    3.047070667902E-05    1.771688604474E-05   -9.349584339580E-06    3.804777769976E-06
    1.781249128177E-04   -1.240888681803E-04    2.373428483938E-01    2.904535665543E-04   -1.765957628680E-04   -1.139751372607E-04   -6.938055311233E-05   -3.883837143596E-05    1.887620425654E-05   -5.639421506979E-06
    6.405898441537E-05   -9.981310953012E-05    2.904535665543E-04    6.471166679008E-01   -2.814622547666E-04   -1.412193428698E-04   -8.133066997781E-05   -4.312807854864E-05    1.824854176666E-05   -1.502236340829E-06
    5.789374844030E-05    7.319873622035E-05   -1.765957628680E-04   -2.814622547666E-04    1.245229841307E+00    2.152386206281E-04    9.072218755718E-05    4.483221378151E-05   -1.699671822640E-05   -2.226364211638E-06
    1.250918069348E-04    4.892353826246E-05   -1.139751372607E-04   -1.412193428698E-04    2.152386206281E-04    2.025464504844E+00    1.553818609506E-04    5.398080169528E-05   -1.954912477404E-05   -2.917033545916E-06
    1.479642594464E-04    3.047070667902E-05   -6.938055311233E-05   -8.133066997781E-05    9.072218755718E-05    1.553818609506E-04    2.984702302874E+00    1.114612242134E-04   -2.922852223945E-05   -2.675658615370E-07
    1.458848466440E-04    1.771688604474E-05   -3.883837143596E-05   -4.312807854864E-05    4.483221378151E-05    5.398080169528E-05    1.114612242134E-04    4.121384326873E+00   -7.860763928251E-05    7.423706890940E-06
   -1.325310222588E-04   -9.349584339580E-06    1.887620425654E-05    1.824854176666E-05   -1.699671822640E-05   -1.954912477404E-05   -2.922852223945E-05   -7.860763928251E-05    5.434696995951E+00   -4.634991279415E-05
    1.178178126606E-04    3.804777769976E-06   -5.639421506979E-06   -1.502236340829E-06   -2.226364211638E-06   -2.917033545916E-06   -2.675658615370E-07    7.423706890940E-06   -4.634991279415E-05    6.924180847461E+00
   19.006162641472102     
   -9.994054306939E-01   -1.084595340055E-04    1.754274443287E-04    6.554849395456E-05    5.423855980190E-05    1.213747167931E-04    1.450319798504E-04    1.439127080754E-04   -1.314384595743E-04    1.174778792740E-04
   -1.084595340055E-04    2.624999773169E-02   -1.198086808309E-04   -9.685534800835E-05    7.145159240784E-05    4.803917414936E-05    3.010367896233E-05    1.762354543046E-05   -9.381507344127E-06    3.879345507680E-06
    1.754274443287E-04   -1.198086808309E-04    2.331928264229E-01    2.832574976068E-04   -1.731351664765E-04   -1.124190633133E-04   -6.890528281013E-05   -3.890534486967E-05    1.915887071943E-05   -5.958950450634E-06
    6.554849395456E-05   -9.685534800835E-05    2.832574976068E-04    6.360303624857E-01   -2.770401538664E-04   -1.398048672426E-04   -8.110629631920E-05   -4.346942542383E-05    1.878956731844E-05   -2.036279427553E-06
    5.423855980190E-05    7.145159240784E-05   -1.731351664765E-04   -2.770401538664E-04    1.224232956262E+00    2.131809015195E-04    9.046742642408E-05    4.518241939196E-05   -1.757874422144E-05   -1.629655121435E-06
    1.213747167931E-04    4.803917414936E-05   -1.124190633133E-04   -1.398048672426E-04    2.131809015195E-04    1.991688078591E+00    1.544597245153E-04    5.410639880770E-05   -1.999402680069E-05   -2.376624600506E-06
    1.450319798504E-04    3.010367896233E-05   -6.890528281013E-05   -8.110629631920E-05    9.046742642408E-05    1.544597245153E-04    2.935307237685E+00    1.110227779114E-04   -2.943554668365E-05    1.407905403222E-07
    1.439127080754E-04    1.762354543046E-05   -3.890534486967E-05   -4.346942542383E-05    4.518241939196E-05    5.410639880770E-05    1.110227779114E-04    4.053538497406E+00   -7.839539285402E-05    7.654719479145E-06
   -1.314384595743E-04   -9.381507344127E-06    1.915887071943E-05    1.878956731844E-05   -1.757874422144E-05   -1.999402680069E-05   -2.943554668365E-05   -7.839539285402E-05    5.345569091938E+00   -4.629506710393E-05
    1.174778792740E-04    3.879345507680E-06   -5.958950450634E-06   -2.036279427553E-06   -1.629655121435E-06   -2.376624600506E-06    1.407905403221E-07    7.654719479145E-06   -4.629506710393E-05    6.810938979558E+00
   19.160998349206352     
   -9.994153178202E-01   -1.058013230523E-04    1.727434270472E-04    6.692953904585E-05    5.069575059115E-05    1.177284177236E-04    1.421298956386E-04    1.419412636341E-04   -1.303286538019E-04    1.171121803200E-04
   -1.058013230523E-04    2.578497871649E-02   -1.156853440993E-04   -9.398383378362E-05    6.974013240016E-05    4.716337551754E-05    2.973379615854E-05    1.752419879603E-05   -9.407920564891E-06    3.950194956956E-06
    1.727434270472E-04   -1.156853440993E-04    2.291333327538E-01    2.762176522813E-04   -1.697148383919E-04   -1.108561826093E-04   -6.840691679813E-05   -3.894851587472E-05    1.942333725771E-05   -6.267421035548E-06
    6.692953904585E-05   -9.398383378362E-05    2.762176522813E-04    6.251786703213E-01   -2.726448511086E-04   -1.383688248060E-04   -8.084840748685E-05   -4.377949575435E-05    1.930779678936E-05   -2.557476197407E-06
    5.069575059115E-05    6.974013240016E-05   -1.697148383919E-04   -2.726448511086E-04    1.203672014939E+00    2.111093623864E-04    9.018685766871E-05    4.550682090998E-05   -1.814082392438E-05   -1.044245841379E-06
    1.177284177236E-04    4.716337551754E-05   -1.108561826093E-04   -1.383688248060E-04    2.111093623864E-04    1.958605268496E+00    1.535236154379E-04    5.421614237745E-05   -2.042452026536E-05   -1.845574806906E-06
    1.421298956386E-04    2.973379615854E-05   -6.840691679813E-05   -8.084840748685E-05    9.018685766871E-05    1.535236154379E-04    2.886920042271E+00    1.105763645627E-04   -2.963446433883E-05    5.421881013188E-07
    1.419412636341E-04    1.752419879603E-05   -3.894851587472E-05   -4.377949575435E-05    4.550682090998E-05    5.421614237745E-05    1.105763645627E-04    3.987071599358E+00   -7.817919708173E-05    7.881797184793E-06
   -1.303286538019E-04   -9.407920564891E-06    1.942333725771E-05    1.930779678936E-05   -1.814082392438E-05   -2.042452026536E-05   -2.963446433883E-05   -7.817919708173E-05    5.258248111856E+00   -4.623812982581E-05
    1.171121803200E-04    3.950194956956E-06   -6.267421035548E-06   -2.557476197407E-06   -1.044245841379E-06   -1.845574806906E-06    5.421881013188E-07    7.881797184793E-06   -4.623812982581E-05    6.699989019786E+00
   19.316462193685968     
   -9.994250166293E-01   -1.032118843224E-04    1.700744287444E-04    6.820619089798E-05    4.726312997517E-05    1.141525516217E-04    1.392587169063E-04    1.399716858496E-04   -1.292027878373E-04    1.167216068585E-04
   -1.032118843224E-04    2.533038080553E-02   -1.117129097309E-04   -9.119626800404E-05    6.806397831888E-05    4.629644867633E-05    2.936146294129E-05    1.741914424871E-05   -9.428983308385E-06    4.017375536703E-06
    1.700744287444E-04   -1.117129097309E-04    2.251620196346E-01    2.693321075514E-04   -1.663358114418E-04   -1.092881235081E-04   -6.788680523832E-05   -3.896871126640E-05    1.966996286023E-05   -6.564873247171E-06
    6.820619089798E-05   -9.119626800404E-05    2.693321075514E-04    6.145557362605E-01   -2.682780301345E-04   -1.369129054996E-04   -8.055828809078E-05   -4.405900689265E-05    1.980343816077E-05   -3.065691620272E-06
    4.726312997517E-05    6.806397831888E-05   -1.663358114418E-04   -2.682780301345E-04    1.183536334624E+00    2.090250905733E-04    8.988121402617E-05    4.580585191914E-05   -1.868305181022E-05   -4.703213560750E-07
    1.141525516217E-04    4.629644867633E-05   -1.092881235081E-04   -1.369129054996E-04    2.090250905733E-04    1.926199215457E+00    1.525738847282E-04    5.431022676324E-05   -2.084067592282E-05   -1.323995191492E-06
    1.392587169063E-04    2.936146294129E-05   -6.788680523832E-05   -8.055828809078E-05    8.988121402617E-05    1.525738847282E-04    2.839516314599E+00    1.101220330556E-04   -2.982530138821E-05    9.365989703174E-07
    1.399716858496E-04    1.741914424871E-05   -3.896871126640E-05   -4.405900689265E-05    4.580585191914E-05    5.431022676324E-05    1.101220330556E-04    3.921950316124E+00   -7.795902955547E-05    8.104936107862E-06
   -1.292027878373E-04   -9.428983308385E-06    1.966996286023E-05    1.980343816077E-05   -1.868305181022E-05   -2.084067592282E-05   -2.982530138821E-05   -7.795902955547E-05    5.172690451927E+00   -4.617908738419E-05
    1.167216068585E-04    4.017375536703E-06   -6.564873247171E-06   -3.065691620272E-06   -4.703213560750E-07   -1.323995191492E-06    9.365989703174E-07    8.104936107861E-06   -4.617908738419E-05    6.591275704609E+00
   19.472554174910961     
   -9.994345315603E-01   -1.006893946741E-04    1.674219074637E-04    6.938241339380E-05    4.393851074441E-05    1.106467163909E-04    1.364190953604E-04    1.380050960817E-04   -1.280620133943E-04    1.163070417644E-04
   -1.006893946741E-04    2.488592105404E-02   -1.078856553042E-04   -8.849039710549E-05    6.642273476831E-05    4.543867450498E-05    2.898706731140E-05    1.730867319115E-05   -9.444854836258E-06    4.080939639939E-06
    1.674219074637E-04   -1.078856553042E-04    2.212766091982E-01    2.625988724314E-04   -1.629990176578E-04   -1.077164401459E-04   -6.734626190182E-05   -3.896675113819E-05    1.989911611147E-05   -6.851361767650E-06
    6.938241339380E-05   -8.849039710549E-05    2.625988724314E-04    6.041558723849E-01   -2.639412940356E-04   -1.354387567410E-04   -8.023720880111E-05   -4.430868545158E-05    2.027672095171E-05   -3.560813545362E-06
    4.393851074441E-05    6.642273476831E-05   -1.629990176578E-04   -2.639412940356E-04    1.163815533754E+00    2.069291632174E-04    8.955122898857E-05    4.607995539798E-05   -1.920553920838E-05    9.195174772256E-08
    1.106467163909E-04    4.543867450498E-05   -1.077164401459E-04   -1.354387567410E-04    2.069291632174E-04    1.894453533720E+00    1.516108899282E-04    5.438885125570E-05   -2.124257152198E-05   -8.119868491551E-07
    1.364190953604E-04    2.898706731140E-05   -6.734626190182E-05   -8.023720880111E-05    8.955122898857E-05    1.516108899282E-04    2.793072336677E+00    1.096598367233E-04   -3.000808524447E-05    1.323997911543E-06
    1.380050960817E-04    1.730867319115E-05   -3.896675113819E-05   -4.430868545158E-05    4.607995539798E-05    5.438885125570E-05    1.096598367233E-04    3.858142264267E+00   -7.773486886156E-05    8.324131356215E-06
   -1.280620133943E-04   -9.444854836258E-06    1.989911611147E-05    2.027672095171E-05   -1.920553920838E-05   -2.124257152198E-05   -3.000808524447E-05   -7.773486886156E-05    5.088853729038E+00   -4.611792532622E-05
    1.163070417644E-04    4.080939639939E-06   -6.851361767650E-06   -3.560813545362E-06    9.195174772255E-08   -8.119868491551E-07    1.323997911543E-06    8.324131356215E-06   -4.611792532622E-05    6.484745317006E+00
   19.629274292881323     
   -9.994438670511E-01   -9.823207722875E-05    1.647872167399E-04    7.046206444994E-05    4.071971126794E-05    1.072104685540E-04    1.336116265497E-04    1.360425655797E-04   -1.269074507822E-04    1.158693586826E-04
   -9.823207722875E-05    2.445132553929E-02   -1.041980759829E-04   -8.586401296299E-05    6.481599045135E-05    4.459030953076E-05    2.861098094236E-05    1.719307020926E-05   -9.455694084213E-06    4.140942374908E-06
    1.647872167399E-04   -1.041980759829E-04    2.174748911171E-01    2.560158946659E-04   -1.597052925377E-04   -1.061426140887E-04   -6.678656390676E-05   -3.894344770754E-05    2.011117395269E-05   -7.126955083424E-06
    7.046206444994E-05   -8.586401296299E-05    2.560158946659E-04    5.939735525992E-01   -2.596361661205E-04   -1.339479829281E-04   -7.988642507978E-05   -4.452926569860E-05    2.072789483721E-05   -4.042751880266E-06
    4.071971126794E-05    6.481599045135E-05   -1.597052925377E-04   -2.596361661205E-04    1.144499522251E+00    2.048226461368E-04    8.919763602531E-05    4.632958292582E-05   -1.970841356518E-05    6.424248536637E-07
    1.072104685540E-04    4.459030953076E-05   -1.061426140887E-04   -1.339479829281E-04    2.048226461368E-04    1.863352295718E+00    1.506349946680E-04    5.445221995215E-05   -2.163029163966E-05   -3.096411100330E-07
    1.336116265497E-04    2.861098094236E-05   -6.678656390676E-05   -7.988642507978E-05    8.919763602531E-05    1.506349946680E-04    2.747565052684E+00    1.091898333749E-04   -3.018284468836E-05    1.704362332913E-06
    1.360425655797E-04    1.719307020926E-05   -3.894344770754E-05   -4.452926569860E-05    4.632958292582E-05    5.445221995215E-05    1.091898333749E-04    3.795615963707E+00   -7.750669471765E-05    8.539377179265E-06
   -1.269074507822E-04   -9.455694084213E-06    2.011117395269E-05    2.072789483721E-05   -1.970841356518E-05   -2.163029163966E-05   -3.018284468836E-05   -7.750669471765E-05    5.006696741782E+00   -4.605462841885E-05
    1.158693586826E-04    4.140942374908E-06   -7.126955083424E-06   -4.042751880266E-06    6.424248536637E-07   -3.096411100330E-07    1.704362332913E-06    8.539377179265E-06   -4.605462841885E-05    6.380345637147E+00
   19.786622547597066     
   -9.994530277747E-01   -9.583820041852E-05    1.621716106799E-04    7.144889741398E-05    3.760455740729E-05    1.038433258325E-04    1.308368521097E-04    1.340851166209E-04   -1.257401887985E-04    1.154094210892E-04
   -9.583820041852E-05    2.402632902970E-02   -1.006448766067E-04   -8.331495299747E-05    6.324331972892E-05    4.375158699595E-05    2.823355954478E-05    1.707261298765E-05   -9.461659402932E-06    4.197441317566E-06
    1.621716106799E-04   -1.006448766067E-04    2.137547203579E-01    2.495810672628E-04   -1.564553792898E-04   -1.045680560665E-04   -6.620895157572E-05   -3.889960426596E-05    2.030652050645E-05   -7.391734614777E-06
    7.144889741398E-05   -8.331495299747E-05    2.495810672628E-04    5.840034074443E-01   -2.553640909082E-04   -1.324421450785E-04   -7.950717602398E-05   -4.472148802748E-05    2.115722829830E-05   -4.511437761655E-06
    3.760455740729E-05    6.324331972892E-05   -1.564553792898E-04   -2.553640909082E-04    1.125578492233E+00    2.027065928408E-04    8.882116784482E-05    4.655519391199E-05   -2.019181771253E-05    1.180966873651E-06
    1.038433258325E-04    4.375158699595E-05   -1.045680560665E-04   -1.324421450785E-04    2.027065928408E-04    1.832880017496E+00    1.496465682562E-04    5.450054163084E-05   -2.200392751294E-05    1.829602879342E-07
    1.308368521097E-04    2.823355954478E-05   -6.620895157572E-05   -7.950717602398E-05    8.882116784482E-05    1.496465682562E-04    2.702972047912E+00    1.087120853362E-04   -3.034961000264E-05    2.077672313014E-06
    1.340851166209E-04    1.707261298765E-05   -3.889960426596E-05   -4.472148802748E-05    4.655519391199E-05    5.450054163084E-05    1.087120853362E-04    3.734340809027E+00   -7.727448811417E-05    8.750667100748E-06
   -1.257401887985E-04   -9.461659402932E-06    2.030652050645E-05    2.115722829830E-05   -2.019181771253E-05   -2.200392751294E-05   -3.034961000264E-05   -7.727448811417E-05    4.926179432943E+00   -4.598918075232E-05
    1.154094210892E-04    4.197441317566E-06   -7.391734614777E-06   -4.511437761655E-06    1.180966873651E-06    1.829602879342E-07    2.077672313014E-06    8.750667100748E-06   -4.598918075232E-05    6.278025894877E+00
   19.944598939058171     
   -9.994620177026E-01   -9.350607728322E-05    1.595762491324E-04    7.234656250177E-05    3.459088452856E-05    1.005447698676E-04    1.280952621729E-04    1.321337238480E-04   -1.245612848297E-04    1.149280815332E-04
   -9.350607728322E-05    2.361067467307E-02   -9.722096428349E-05   -8.084110034714E-05    6.170428419336E-05    4.292271795581E-05    2.785514327488E-05    1.694757226696E-05   -9.462908329424E-06    4.250496280123E-06
    1.595762491324E-04   -9.722096428349E-05    2.101140150569E-01    2.432922352244E-04   -1.532499332113E-04   -1.029941078701E-04   -6.561462846056E-05   -3.883601426110E-05    2.048554598085E-05   -7.645793876236E-06
    7.234656250177E-05   -8.084110034714E-05    2.432922352244E-04    5.742402191756E-01   -2.511264356377E-04   -1.309227607146E-04   -7.910068337757E-05   -4.488609753929E-05    2.156500732108E-05   -4.966822725592E-06
    3.459088452856E-05    6.170428419336E-05   -1.532499332113E-04   -2.511264356377E-04    1.107042909177E+00    2.005820438591E-04    8.842255576348E-05    4.675725488021E-05   -2.065590915795E-05    1.707463795724E-06
    1.005447698676E-04    4.292271795581E-05   -1.029941078701E-04   -1.309227607146E-04    2.005820438591E-04    1.803021644793E+00    1.486459854310E-04    5.453402966120E-05   -2.236357688439E-05    6.657450234222E-07
    1.280952621729E-04    2.785514327488E-05   -6.561462846056E-05   -7.910068337757E-05    8.842255576348E-05    1.486459854310E-04    2.659271528632E+00    1.082266595748E-04   -3.050841311968E-05    2.443910629454E-06
    1.321337238480E-04    1.694757226696E-05   -3.883601426110E-05   -4.488609753929E-05    4.675725488021E-05    5.453402966120E-05    1.082266595748E-04    3.674287041965E+00   -7.703823150757E-05    8.957994056003E-06
   -1.245612848297E-04   -9.462908329424E-06    2.048554598085E-05    2.156500732108E-05   -2.065590915795E-05   -2.236357688439E-05   -3.050841311968E-05   -7.703823150757E-05    4.847262853489E+00   -4.592156587325E-05
    1.149280815332E-04    4.250496280123E-06   -7.645793876236E-06   -4.966822725592E-06    1.707463795724E-06    6.657450234222E-07    2.443910629454E-06    8.957994056003E-06   -4.592156587325E-05    6.177736724070E+00
   20.103203467264656     
   -9.994708411713E-01   -9.123406432319E-05    1.570022021127E-04    7.315860831513E-05    3.167653903304E-05    9.731424839984E-05    1.253872973389E-04    1.301893153178E-04   -1.233717647845E-04    1.144261807736E-04
   -9.123406432319E-05    2.320411368808E-02   -9.392144075238E-05   -7.844038367895E-05    6.019843398481E-05    4.210389223726E-05    2.747605708224E-05    1.681821178144E-05   -9.459597354560E-06    4.300169079030E-06
    1.570022021127E-04   -9.392144075238E-05    2.065507544035E-01    2.371472010569E-04   -1.500895255687E-04   -1.014220440485E-04   -6.500476132122E-05   -3.875346039231E-05    2.064864559389E-05   -7.889237644963E-06
    7.315860831513E-05   -7.844038367895E-05    2.371472010569E-04    5.646789168763E-01   -2.469244911289E-04   -1.293913035651E-04   -7.866815049178E-05   -4.502384262078E-05    2.195153409641E-05   -5.408877866916E-06
    3.167653903304E-05    6.019843398481E-05   -1.500895255687E-04   -2.469244911289E-04    1.088883503188E+00    1.984500256442E-04    8.800252894445E-05    4.693623870070E-05   -2.110085935208E-05    2.221818216777E-06
    9.731424839984E-05    4.210389223726E-05   -1.014220440485E-04   -1.293913035651E-04    1.984500256442E-04    1.773762539372E+00    1.476336258158E-04    5.455290182253E-05   -2.270934381297E-05    1.138650007597E-06
    1.253872973389E-04    2.747605708224E-05   -6.500476132122E-05   -7.866815049178E-05    8.800252894445E-05    1.476336258158E-04    2.616442302393E+00    1.077336276377E-04   -3.065928771842E-05    2.803062779525E-06
    1.301893153178E-04    1.681821178144E-05   -3.875346039231E-05   -4.502384262078E-05    4.693623870070E-05    5.455290182253E-05    1.077336276377E-04    3.615425724595E+00   -7.679790890208E-05    9.161350514066E-06
   -1.233717647845E-04   -9.459597354560E-06    2.064864559389E-05    2.195153409641E-05   -2.110085935208E-05   -2.270934381297E-05   -3.065928771842E-05   -7.679790890208E-05    4.769909127534E+00   -4.585176686311E-05
    1.144261807736E-04    4.300169079030E-06   -7.889237644963E-06   -5.408877866916E-06    2.221818216777E-06    1.138650007597E-06    2.803062779525E-06    9.161350514066E-06   -4.585176686311E-05    6.079430118294E+00
   20.262436132216504     
   -9.994795019830E-01   -8.902056077897E-05    1.544504545441E-04    7.388848337904E-05    2.885938014058E-05    9.415117776760E-05    1.227133509604E-04    1.282527738613E-04   -1.221726233182E-04    1.139045471626E-04
   -8.902056077897E-05    2.280640507741E-02   -9.074159542433E-05   -7.611077718684E-05    5.872530919692E-05    4.129527947123E-05    2.709661112446E-05    1.668478825074E-05   -9.451881727882E-06    4.346523322998E-06
    1.544504545441E-04   -9.074159542433E-05    2.030629766670E-01    2.311437308499E-04   -1.469746477636E-04   -9.985307384489E-05   -6.438048030963E-05   -3.865271385865E-05    2.079621859000E-05   -8.122181167882E-06
    7.388848337904E-05   -7.611077718684E-05    2.311437308499E-04    5.553145718783E-01   -2.427594734344E-04   -1.278492036107E-04   -7.821076150238E-05   -4.513547365857E-05    2.231712578415E-05   -5.837593006637E-06
    2.885938014058E-05    5.872530919692E-05   -1.469746477636E-04   -2.427594734344E-04    1.071091260780E+00    1.963115499815E-04    8.756181380470E-05    4.709262390567E-05   -2.152685299087E-05    2.723948869881E-06
    9.415117776760E-05    4.129527947123E-05   -9.985307384489E-05   -1.278492036107E-04    1.963115499815E-04    1.745088466078E+00    1.466098736522E-04    5.455738019226E-05   -2.304133851006E-05    1.601621198921E-06
    1.227133509604E-04    2.709661112446E-05   -6.438048030963E-05   -7.821076150238E-05    8.756181380470E-05    1.466098736522E-04    2.574463759278E+00    1.072330657432E-04   -3.080226935121E-05    3.155117003951E-06
    1.282527738613E-04    1.668478825074E-05   -3.865271385865E-05   -4.513547365857E-05    4.709262390567E-05    5.455738019226E-05    1.072330657432E-04    3.557728713731E+00   -7.655350602438E-05    9.360728608715E-06
   -1.221726233182E-04   -9.451881727882E-06    2.079621859000E-05    2.231712578415E-05   -2.152685299087E-05   -2.304133851006E-05   -3.080226935121E-05   -7.655350602438E-05    4.694081418836E+00   -4.577976646714E-05
    1.139045471626E-04    4.346523322998E-06   -8.122181167882E-06   -5.837593006637E-06    2.723948869881E-06    1.601621198921E-06    3.155117003951E-06    9.360728608715E-06   -4.577976646714E-05    5.983059388334E+00
   20.422296933913735     
   -9.994880037452E-01   -8.686400764282E-05    1.519219104779E-04    7.453953773589E-05    2.613728134489E-05    9.105494504111E-05    1.200737711357E-04    1.263249382650E-04   -1.209648239708E-04    1.133639959873E-04
   -8.686400764282E-05    2.241731534691E-02   -8.767689836806E-05   -7.385030035070E-05    5.728444110003E-05    4.049703002769E-05    2.671710114357E-05    1.654755136363E-05   -9.439915265008E-06    4.389624204035E-06
    1.519219104779E-04   -8.767689836806E-05    1.996487772534E-01    2.252795595006E-04   -1.439057151483E-04   -9.828834300523E-05   -6.374287914396E-05   -3.853453363917E-05    2.092866728788E-05   -8.344749383475E-06
    7.453953773589E-05   -7.385030035070E-05    2.252795595006E-04    5.461423932592E-01   -2.386325251124E-04   -1.262978470393E-04   -7.772968050191E-05   -4.522174177507E-05    2.266211329170E-05   -6.252975855426E-06
    2.613728134489E-05    5.728444110003E-05   -1.439057151483E-04   -2.386325251124E-04    1.053657416816E+00    1.941676131554E-04    8.710113335041E-05    4.722689397887E-05   -2.193408730701E-05    3.213790139922E-06
    9.105494504111E-05    4.049703002769E-05   -9.828834300523E-05   -1.262978470393E-04    1.941676131554E-04    1.716985580189E+00    1.455751173528E-04    5.454769097479E-05   -2.335967715230E-05    2.054613410508E-06
    1.200737711357E-04    2.671710114357E-05   -6.374287914396E-05   -7.772968050191E-05    8.710113335041E-05    1.455751173528E-04    2.533315853659E+00    1.067250547542E-04   -3.093739553551E-05    3.500064304024E-06
    1.263249382650E-04    1.654755136363E-05   -3.853453363917E-05   -4.522174177507E-05    4.722689397887E-05    5.454769097479E-05    1.067250547542E-04    3.501168636054E+00   -7.630501042746E-05    9.556120258346E-06
   -1.209648239708E-04   -9.439915265008E-06    2.092866728788E-05    2.266211329170E-05   -2.193408730701E-05   -2.335967715230E-05   -3.093739553551E-05   -7.630501042746E-05    4.619743898279E+00   -4.570554718915E-05
    1.133639959873E-04    4.389624204035E-06   -8.344749383475E-06   -6.252975855426E-06    3.213790139922E-06    2.054613410508E-06    3.500064304024E-06    9.556120258346E-06   -4.570554718915E-05    5.888579121017E+00
   20.582785872356329     
   -9.994963507279E-01   -8.476288658021E-05    1.494173969938E-04    7.511502455231E-05    2.350813170599E-05    8.802490996306E-05    1.174688625479E-04    1.244066043750E-04   -1.197492992921E-04    1.128053288247E-04
   -8.476288658021E-05    2.203661823404E-02   -8.472299343402E-05   -7.165701757751E-05    5.587535325694E-05    3.970927589749E-05    2.633780882951E-05    1.640674376814E-05   -9.423850165663E-06    4.429538295904E-06
    1.494173969938E-04   -8.472299343402E-05    1.963063068146E-01    2.195523954567E-04   -1.408830706484E-04   -9.672893554331E-05   -6.309301531813E-05   -3.839966583014E-05    2.104639617314E-05   -8.557076165571E-06
    7.511502455231E-05   -7.165701757751E-05    2.195523954567E-04    5.371577234642E-01   -2.345447163849E-04   -1.247385762108E-04   -7.722605075527E-05   -4.528339761206E-05    2.298684008071E-05   -6.655051179862E-06
    2.350813170599E-05    5.587535325694E-05   -1.408830706484E-04   -2.345447163849E-04    1.036573446685E+00    1.920191950332E-04    8.662120649416E-05    4.733953664479E-05   -2.232277136329E-05    3.691291572041E-06
    8.802490996306E-05    3.970927589749E-05   -9.672893554331E-05   -1.247385762108E-04    1.920191950332E-04    1.689440415168E+00    1.445297489669E-04    5.452406429896E-05   -2.366448168272E-05    2.497590112916E-06
    1.174688625479E-04    2.633780882951E-05   -6.309301531813E-05   -7.722605075527E-05    8.662120649416E-05    1.445297489669E-04    2.492979086525E+00    1.062096800829E-04   -3.106470582372E-05    3.837898454491E-06
    1.244066043750E-04    1.640674376814E-05   -3.839966583014E-05   -4.528339761206E-05    4.733953664479E-05    5.452406429896E-05    1.062096800829E-04    3.445718864044E+00   -7.605241155207E-05    9.747517278175E-06
   -1.197492992921E-04   -9.423850165663E-06    2.104639617314E-05    2.298684008071E-05   -2.232277136329E-05   -2.366448168272E-05   -3.106470582372E-05   -7.605241155207E-05    4.546861712430E+00   -4.562909136629E-05
    1.128053288247E-04    4.429538295904E-06   -8.557076165571E-06   -6.655051179862E-06    3.691291572041E-06    2.497590112916E-06    3.837898454491E-06    9.747517278175E-06   -4.562909136629E-05    5.795945139408E+00
   20.743902947544303     
   -9.995045465973E-01   -8.271571928126E-05    1.469376684709E-04    7.561810177778E-05    2.096983738845E-05    8.506040722659E-05    1.148988886396E-04    1.224985265268E-04   -1.185269512696E-04    1.122293331561E-04
   -8.271571928126E-05    2.166409445614E-02   -8.187569202400E-05   -6.952903803900E-05    5.449756273525E-05    3.893213164885E-05    2.595900224808E-05    1.626260111306E-05   -9.403836867495E-06    4.466333372488E-06
    1.469376684709E-04   -8.187569202400E-05    1.930337694947E-01    2.139599260520E-04   -1.379069886713E-04   -9.517587573401E-05   -6.243191050405E-05   -3.824884312710E-05    2.114981108177E-05   -8.759303608649E-06
    7.561810177778E-05   -6.952903803900E-05    2.139599260520E-04    5.283560342194E-01   -2.304970471045E-04   -1.231726899659E-04   -7.670099413282E-05   -4.532119025297E-05    2.329166104456E-05   -7.043859983966E-06
    2.096983738845E-05    5.449756273525E-05   -1.379069886713E-04   -2.304970471045E-04    1.019831058957E+00    1.898672587002E-04    8.612274755611E-05    4.743104324952E-05   -2.269312538601E-05    4.156417378987E-06
    8.506040722659E-05    3.893213164885E-05   -9.517587573401E-05   -1.231726899659E-04    1.898672587002E-04    1.662439871072E+00    1.434741639616E-04    5.448673409677E-05   -2.395587964118E-05    2.930523236926E-06
    1.148988886396E-04    2.595900224808E-05   -6.243191050405E-05   -7.670099413282E-05    8.612274755611E-05    1.434741639616E-04    2.453434488696E+00    1.056870317796E-04   -3.118424190892E-05    4.168616019732E-06
    1.224985265268E-04    1.626260111306E-05   -3.824884312710E-05   -4.532119025297E-05    4.743104324952E-05    5.448673409677E-05    1.056870317796E-04    3.391353493038E+00   -7.579570089928E-05    9.934911503146E-06
   -1.185269512696E-04   -9.403836867495E-06    2.114981108177E-05    2.329166104456E-05   -2.269312538601E-05   -2.395587964118E-05   -3.118424190892E-05   -7.579570089928E-05    4.475400953485E+00   -4.555038130345E-05
    1.122293331561E-04    4.466333372488E-06   -8.759303608649E-06   -7.043859983966E-06    4.156417378987E-06    2.930523236926E-06    4.168616019732E-06    9.934911503146E-06   -4.555038130345E-05    5.705114464704E+00
   20.905648159477639     
   -9.995125942961E-01   -8.072106657199E-05    1.444834103820E-04    7.605183383596E-05    1.852032290761E-05    8.216074841879E-05    1.123640735087E-04    1.206014187954E-04   -1.172986516625E-04    1.116367819358E-04
   -8.072106657199E-05    2.129953146389E-02   -7.913096682261E-05   -6.746451530480E-05    5.315058115747E-05    3.816569529406E-05    2.558093623177E-05    1.611535208069E-05   -9.380023902050E-06    4.500078229737E-06
    1.444834103820E-04   -7.913096682261E-05    1.898294211992E-01    2.084998220647E-04   -1.349776786822E-04   -9.363012997647E-05   -6.176055093484E-05   -3.808278433275E-05    2.123931841389E-05   -8.951581331067E-06
    7.605183383596E-05   -6.746451530480E-05    2.084998220647E-04    5.197329225101E-01   -2.264904483539E-04   -1.216014438486E-04   -7.615561053763E-05   -4.533586616861E-05    2.357694140604E-05   -7.419458694885E-06
    1.852032290761E-05    5.315058115747E-05   -1.349776786822E-04   -2.264904483539E-04    1.003422188175E+00    1.877127498655E-04    8.560646570137E-05    4.750190812122E-05   -2.304538009343E-05    4.609145942598E-06
    8.216074841879E-05    3.816569529406E-05   -9.363012997647E-05   -1.216014438486E-04    1.877127498655E-04    1.635971203239E+00    1.424087608338E-04    5.443593792823E-05   -2.423400397481E-05    3.353392971247E-06
    1.123640735087E-04    2.558093623177E-05   -6.176055093484E-05   -7.615561053763E-05    8.560646570137E-05    1.424087608338E-04    2.414663604469E+00    1.051572045058E-04   -3.129604769749E-05    4.492216363852E-06
    1.206014187954E-04    1.611535208069E-05   -3.808278433275E-05   -4.533586616861E-05    4.750190812122E-05    5.443593792823E-05    1.051572045058E-04    3.338047318926E+00   -7.553487213257E-05    1.011829489959E-05
   -1.172986516625E-04   -9.380023902050E-06    2.123931841389E-05    2.357694140604E-05   -2.304538009343E-05   -2.423400397481E-05   -3.129604769749E-05   -7.553487213257E-05    4.405328630102E+00   -4.546939937315E-05
    1.116367819358E-04    4.500078229737E-06   -8.951581331067E-06   -7.419458694885E-06    4.609145942598E-06    3.353392971247E-06    4.492216363852E-06    1.011829489959E-05   -4.546939937315E-05    5.616045279274E+00
   21.068021508156360     
   -9.995204977995E-01   -7.877752719040E-05    1.420552424557E-04    7.641919328933E-05    1.615753203045E-05    7.932522352732E-05    1.098646034146E-04    1.187159559622E-04   -1.160652421563E-04    1.110284330432E-04
   -7.877752719040E-05    2.094272319711E-02   -7.648494540909E-05   -6.546164672423E-05    5.183391555408E-05    3.741004904036E-05    2.520385271465E-05    1.596521839804E-05   -9.352557744950E-06    4.530842506902E-06
    1.420552424557E-04   -7.648494540909E-05    1.866915678723E-01    2.031697412983E-04   -1.320952883459E-04   -9.209260845721E-05   -6.107988772158E-05   -3.790219386024E-05    2.131532436010E-05   -9.134065788057E-06
    7.641919328933E-05   -6.546164672423E-05    2.031697412983E-04    5.112841065833E-01   -2.225257834571E-04   -1.200260501505E-04   -7.559097727378E-05   -4.532816815522E-05    2.384305561855E-05   -7.781918346812E-06
    1.615753203045E-05    5.183391555408E-05   -1.320952883459E-04   -2.225257834571E-04    9.873389877342E-01    1.855565958754E-04    8.507306425668E-05    4.755262788078E-05   -2.337977600418E-05    5.049469304633E-06
    7.932522352732E-05    3.741004904036E-05   -9.209260845721E-05   -1.200260501505E-04    1.855565958754E-04    1.610022011155E+00    1.413339404424E-04    5.437191671869E-05   -2.449899281319E-05    3.766187550417E-06
    1.098646034146E-04    2.520385271465E-05   -6.107988772158E-05   -7.559097727378E-05    8.507306425668E-05    1.413339404424E-04    2.376648475607E+00    1.046202973213E-04   -3.140016932996E-05    4.808701649494E-06
    1.187159559622E-04    1.596521839804E-05   -3.790219386024E-05   -4.532816815522E-05    4.755262788078E-05    5.437191671869E-05    1.046202973213E-04    3.285775816374E+00   -7.526992106585E-05    1.029765965836E-05
   -1.160652421563E-04   -9.352557744950E-06    2.131532436010E-05    2.384305561855E-05   -2.337977600418E-05   -2.449899281319E-05   -3.140016932996E-05   -7.526992106585E-05    4.336612638976E+00   -4.538612805723E-05
    1.110284330432E-04    4.530842506902E-06   -9.134065788057E-06   -7.781918346812E-06    5.049469304633E-06    3.766187550417E-06    4.808701649494E-06    1.029765965836E-05   -4.538612805723E-05    5.528696890716E+00
   21.231022993580439     
   -9.995282600533E-01   -7.688373728885E-05    1.396537226392E-04    7.672306259749E-05    1.387942915252E-05    7.655310309627E-05    1.074006289085E-04    1.168427750408E-04   -1.148275350003E-04    1.104050291390E-04
   -7.688373728885E-05    2.059346986533E-02   -7.393390477997E-05   -6.351867319309E-05    5.054706943811E-05    3.666526019267E-05    2.482798117778E-05    1.581241492642E-05   -9.321582717626E-06    4.558696536642E-06
    1.396537226392E-04   -7.393390477997E-05    1.836185639476E-01    1.979673333979E-04   -1.292599072376E-04   -9.056416720015E-05   -6.039083745243E-05   -3.770776143318E-05    2.137823424970E-05   -9.306919643940E-06
    7.672306259749E-05   -6.351867319309E-05    1.979673333979E-04    5.030054223234E-01   -2.186038503353E-04   -1.184476785033E-04   -7.500814874054E-05   -4.529883447307E-05    2.409038637449E-05   -8.131323799076E-06
    1.387942915252E-05    5.054706943811E-05   -1.292599072376E-04   -2.186038503353E-04    9.715738233463E-01    1.833997056622E-04    8.452324034225E-05    4.758370090986E-05   -2.369656281978E-05    5.477392670270E-06
    7.655310309627E-05    3.666526019267E-05   -9.056416720015E-05   -1.184476785033E-04    1.833997056622E-04    1.584580228131E+00    1.402501059057E-04    5.429491465371E-05   -2.475098930542E-05    4.168903052136E-06
    1.074006289085E-04    2.482798117778E-05   -6.039083745243E-05   -7.500814874054E-05    8.452324034225E-05    1.402501059057E-04    2.339371626342E+00    1.040764138096E-04   -3.149665527760E-05    5.118076848569E-06
    1.168427750408E-04    1.581241492642E-05   -3.770776143318E-05   -4.529883447307E-05    4.758370090986E-05    5.429491465371E-05    1.040764138096E-04    3.234515118296E+00   -7.500084585525E-05    1.047299831193E-05
   -1.148275350003E-04   -9.321582717626E-06    2.137823424970E-05    2.409038637449E-05   -2.369656281978E-05   -2.475098930542E-05   -3.149665527760E-05   -7.500084585525E-05    4.269221737924E+00   -4.530055009634E-05
    1.104050291390E-04    4.558696536642E-06   -9.306919643940E-06   -8.131323799076E-06    5.477392670270E-06    4.168903052136E-06    5.118076848569E-06    1.047299831193E-05   -4.530055009634E-05    5.443029697694E+00
   21.394652615749902     
   -9.995358848328E-01   -7.503836921809E-05    1.372793499303E-04    7.696623580586E-05    1.168400003543E-05    7.384363955954E-05    1.049722662103E-04    1.149824762140E-04   -1.135863132209E-04    1.097672972128E-04
   -7.503836921809E-05    2.025157772201E-02   -7.147426536222E-05   -6.163387844730E-05    4.928954353685E-05    3.593138184439E-05    2.445353897657E-05    1.565714969099E-05   -9.287240860908E-06    4.583711183135E-06
    1.372793499303E-04   -7.147426536222E-05    1.806088107395E-01    1.928902429080E-04   -1.264715697556E-04   -8.904560969532E-05   -5.969428258812E-05   -3.750016170019E-05    2.142845186834E-05   -9.470311136155E-06
    7.696623580586E-05   -6.163387844730E-05    1.928902429080E-04    4.948928195144E-01   -2.147253825658E-04   -1.168674560224E-04   -7.440815592249E-05   -4.524859789924E-05    2.431932358078E-05   -8.467772942809E-06
    1.168400003543E-05    4.928954353685E-05   -1.264715697556E-04   -2.147253825658E-04    9.561192663851E-01    1.812429688248E-04    8.395768422757E-05    4.759562669546E-05   -2.399599875485E-05    5.892933894940E-06
    7.384363955954E-05    3.593138184439E-05   -8.904560969532E-05   -1.168674560224E-04    1.812429688248E-04    1.559634110904E+00    1.391576619230E-04    5.420517890085E-05   -2.499014138785E-05    4.561543178316E-06
    1.049722662103E-04    2.445353897657E-05   -5.969428258812E-05   -7.440815592249E-05    8.395768422757E-05    1.391576619230E-04    2.302816048422E+00    1.035256618347E-04   -3.158555634236E-05    5.420349733097E-06
    1.149824762140E-04    1.565714969099E-05   -3.750016170019E-05   -4.524859789924E-05    4.759562669546E-05    5.420517890085E-05    1.035256618347E-04    3.184241995524E+00   -7.472764696518E-05    1.064430381770E-05
   -1.135863132209E-04   -9.287240860908E-06    2.142845186834E-05    2.431932358078E-05   -2.399599875485E-05   -2.499014138785E-05   -3.158555634236E-05   -7.472764696518E-05    4.203125519358E+00   -4.521264852263E-05
    1.097672972128E-04    4.583711183135E-06   -9.470311136155E-06   -8.467772942809E-06    5.892933894940E-06    4.561543178316E-06    5.420349733097E-06    1.064430381770E-05   -4.521264852263E-05    5.359005156392E+00
   21.558910374664730     
   -9.995433747002E-01   -7.324013102357E-05    1.349325680242E-04    7.715142035197E-05    9.569253000782E-06    7.119606921781E-05    1.025795992110E-04    1.131356243288E-04   -1.123423313179E-04    1.091159485386E-04
   -7.324013102357E-05    1.991685886211E-02   -6.910258590050E-05   -5.980558873665E-05    4.806083674407E-05    3.520845371855E-05    2.408073177677E-05    1.549962398731E-05   -9.249671859501E-06    4.605957709157E-06
    1.349325680242E-04   -6.910258590050E-05    1.776607550019E-01    1.879361135542E-04   -1.237302585960E-04   -8.753768890679E-05   -5.899107213284E-05   -3.728005404213E-05    2.146637889696E-05   -9.624413500383E-06
    7.715142035197E-05   -5.980558873665E-05    1.879361135542E-04    4.869423584621E-01   -2.108910517748E-04   -1.152864679968E-04   -7.379200620492E-05   -4.517818498267E-05    2.453026344576E-05   -8.791375947158E-06
    9.569253000782E-06    4.806083674407E-05   -1.237302585960E-04   -2.108910517748E-04    9.409680877937E-01    1.790872556571E-04    8.337707900939E-05    4.758890533745E-05   -2.427834994650E-05    6.296122988417E-06
    7.119606921781E-05    3.520845371855E-05   -8.753768890679E-05   -1.152864679968E-04    1.790872556571E-04    1.535172230007E+00    1.380570146772E-04    5.410295949585E-05   -2.521660161789E-05    4.944119048149E-06
    1.025795992110E-04    2.408073177677E-05   -5.899107213284E-05   -7.379200620492E-05    8.337707900939E-05    1.380570146772E-04    2.266965187131E+00    1.029681536471E-04   -3.166692573682E-05    5.715530879428E-06
    1.131356243288E-04    1.549962398731E-05   -3.728005404213E-05   -4.517818498267E-05    4.758890533745E-05    5.410295949585E-05    1.029681536471E-04    3.134933837673E+00   -7.445032734643E-05    1.081156966666E-05
   -1.123423313179E-04   -9.249671859501E-06    2.146637889696E-05    2.453026344576E-05   -2.427834994650E-05   -2.521660161789E-05   -3.166692573682E-05   -7.445032734643E-05    4.138294385190E+00   -4.512240680482E-05
    1.091159485386E-04    4.605957709157E-06   -9.624413500383E-06   -8.791375947158E-06    6.296122988417E-06    4.944119048149E-06    5.715530879428E-06    1.081156966666E-05   -4.512240680482E-05    5.276585748660E+00
   21.723796270324936     
   -9.995507332573E-01   -7.148776519601E-05    1.326137677715E-04    7.728123874526E-05    7.533219489979E-06    6.860961336342E-05    1.002226806738E-04    1.113027497498E-04   -1.110963154853E-04    1.084516782770E-04
   -7.148776519601E-05    1.958913101184E-02   -6.681555781323E-05   -5.803217202277E-05    4.686044672448E-05    3.449650278955E-05    2.370975386491E-05    1.534003242152E-05   -9.209012934122E-06    4.625507629033E-06
    1.326137677715E-04   -6.681555781323E-05    1.747728874186E-01    1.831025907208E-04   -1.210359073939E-04   -8.604110882776E-05   -5.828202207537E-05   -3.704808227538E-05    2.149241430964E-05   -9.769404383351E-06
    7.728123874526E-05   -5.803217202277E-05    1.831025907208E-04    4.791502064793E-01   -2.071014686292E-04   -1.137057580831E-04   -7.316068295597E-05   -4.508831519568E-05    2.472360752483E-05   -9.102254492890E-06
    7.533219489979E-06    4.686044672448E-05   -1.210359073939E-04   -2.071014686292E-04    9.261132518353E-01    1.769334162231E-04    8.278209998460E-05    4.756403691770E-05   -2.454388980454E-05    6.687001601628E-06
    6.860961336342E-05    3.449650278955E-05   -8.604110882776E-05   -1.137057580831E-04    1.769334162231E-04    1.511183460028E+00    1.369485710993E-04    5.398850903822E-05   -2.543052693078E-05    5.316648973389E-06
    1.002226806738E-04    2.370975386491E-05   -5.828202207537E-05   -7.316068295597E-05    8.278209998460E-05    1.369485710993E-04    2.231802927280E+00    1.024040055801E-04   -3.174081905714E-05    6.003633650205E-06
    1.113027497498E-04    1.534003242152E-05   -3.704808227538E-05   -4.508831519568E-05    4.756403691770E-05    5.398850903822E-05    1.024040055801E-04    3.086568634109E+00   -7.416889235999E-05    1.097478995419E-05
   -1.110963154853E-04   -9.209012934122E-06    2.149241430964E-05    2.472360752483E-05   -2.454388980454E-05   -2.543052693078E-05   -3.174081905714E-05   -7.416889235999E-05    4.074699522015E+00   -4.502980886019E-05
    1.084516782770E-04    4.625507629033E-06   -9.769404383351E-06   -9.102254492890E-06    6.687001601628E-06    5.316648973389E-06    6.003633650205E-06    1.097478995419E-05   -4.502980886019E-05    5.195734950652E+00
   21.889310302730507     
   -9.995579631824E-01   -6.978004816553E-05    1.303232905247E-04    7.735823039731E-05    5.573955092591E-06    6.608348008886E-05    9.790153410662E-05    1.094843498107E-04   -1.098489643486E-04    1.077751655134E-04
   -6.978004816553E-05    1.926821734193E-02   -6.461000042935E-05   -5.631203757725E-05    4.568787075411E-05    3.379554406445E-05    2.334078857197E-05    1.517856302987E-05   -9.165398785744E-06    4.642432591336E-06
    1.303232905247E-04   -6.461000042935E-05    1.719437412611E-01    1.783873252336E-04   -1.183884039626E-04   -8.455652643156E-05   -5.756791611282E-05   -3.680487455122E-05    2.150695389507E-05   -9.905465318957E-06
    7.735823039731E-05   -5.631203757725E-05    1.783873252336E-04    4.715126347348E-01   -2.033571852367E-04   -1.121263290726E-04   -7.251514544799E-05   -4.497970029628E-05    2.489976188381E-05   -9.400541050038E-06
    5.573955092591E-06    4.568787075411E-05   -1.183884039626E-04   -2.033571852367E-04    9.115479104106E-01    1.747822804506E-04    8.217341436998E-05    4.752152104479E-05   -2.479289844791E-05    7.065622534200E-06
    6.608348008886E-05    3.379554406445E-05   -8.455652643156E-05   -1.121263290726E-04    1.747822804506E-04    1.487656970625E+00    1.358327387709E-04    5.386208256815E-05   -2.563207846961E-05    5.679158247460E-06
    9.790153410662E-05    2.334078857197E-05   -5.756791611282E-05   -7.251514544799E-05    8.217341436998E-05    1.358327387709E-04    2.197313580173E+00    1.018333381335E-04   -3.180729434543E-05    6.284674191163E-06
    1.094843498107E-04    1.517856302987E-05   -3.680487455122E-05   -4.497970029628E-05    4.752152104479E-05    5.386208256815E-05    1.018333381335E-04    3.039124956102E+00   -7.388334993817E-05    1.113395947925E-05
   -1.098489643486E-04   -9.165398785744E-06    2.150695389507E-05    2.489976188381E-05   -2.479289844791E-05   -2.563207846961E-05   -3.180729434543E-05   -7.388334993817E-05    4.012312877706E+00   -4.493483919253E-05
    1.077751655134E-04    4.642432591336E-06   -9.905465318957E-06   -9.400541050038E-06    7.065622534200E-06    5.679158247460E-06    6.284674191163E-06    1.113395947925E-05   -4.493483919253E-05    5.116417203106E+00
   22.055452471881463     
   -9.995650674657E-01   -6.811578925833E-05    1.280614305829E-04    7.738485333847E-05    3.689540109486E-06    6.361686546004E-05    9.561615503137E-05    1.076808897817E-04   -1.086009493462E-04    1.070870730380E-04
   -6.811578925833E-05    1.895394627661E-02   -6.248285588785E-05   -5.464363523531E-05    4.454260629948E-05    3.310558119848E-05    2.297400860330E-05    1.501539735017E-05   -9.118961517780E-06    4.656804252884E-06
    1.280614305829E-04   -6.248285588785E-05    1.691718910076E-01    1.737879757875E-04   -1.157875928973E-04   -8.308455328023E-05   -5.684950620614E-05   -3.655104318515E-05    2.151038975547E-05   -1.003278120132E-05
    7.738485333847E-05   -5.464363523531E-05    1.737879757875E-04    4.640260150259E-01   -1.996586965092E-04   -1.105491432973E-04   -7.185632861532E-05   -4.485304362430E-05    2.505913624083E-05   -9.686378151886E-06
    3.689540109486E-06    4.454260629948E-05   -1.157875928973E-04   -1.996586965092E-04    8.972653973012E-01    1.726346575248E-04    8.155168080049E-05    4.746185630052E-05   -2.502566210114E-05    7.432049231270E-06
    6.361686546004E-05    3.310558119848E-05   -8.308455328023E-05   -1.105491432973E-04    1.726346575248E-04    1.464582217518E+00    1.347099253496E-04    5.372393730071E-05   -2.582142135771E-05    6.031678921413E-06
    9.561615503137E-05    2.297400860330E-05   -5.684950620614E-05   -7.185632861532E-05    8.155168080049E-05    1.347099253496E-04    2.163481870628E+00    1.012562757469E-04   -3.186641206991E-05    6.558671410354E-06
    1.076808897817E-04    1.501539735017E-05   -3.655104318515E-05   -4.485304362430E-05    4.746185630052E-05    5.372393730071E-05    1.012562757469E-04    2.992581939171E+00   -7.359371055095E-05    1.128907381365E-05
   -1.086009493462E-04   -9.118961517780E-06    2.151038975547E-05    2.505913624083E-05   -2.502566210114E-05   -2.582142135771E-05   -3.186641206991E-05   -7.359371055095E-05    3.951107138360E+00   -4.483748292773E-05
    1.070870730380E-04    4.656804252884E-06   -1.003278120132E-05   -9.686378151886E-06    7.432049231270E-06    6.031678921413E-06    6.558671410354E-06    1.128907381365E-05   -4.483748292773E-05    5.038597882189E+00
   22.222222777777777     
   -9.995720489155E-01   -6.649382996055E-05    1.258284379288E-04    7.736348600083E-05    1.878080265135E-06    6.120895492827E-05    9.336651249537E-05    1.058928040690E-04   -1.073529153321E-04    1.063880473245E-04
   -6.649382996055E-05    1.864615131616E-02   -6.043118449012E-05   -5.302545479929E-05    4.342415166627E-05    3.242660716000E-05    2.260957641074E-05    1.485071052827E-05   -9.069830584349E-06    4.668694169066E-06
    1.258284379288E-04   -6.043118449012E-05    1.664559510560E-01    1.693022117845E-04   -1.132332783590E-04   -8.162575727480E-05   -5.612751326012E-05   -3.628718458772E-05    2.150310987718E-05   -1.015153979825E-05
    7.736348600083E-05   -5.302545479929E-05    1.693022117845E-04    4.566868167577E-01   -1.960064421018E-04   -1.089751232893E-04   -7.118514297759E-05   -4.470903951268E-05    2.520214317901E-05   -9.959917698535E-06
    1.878080265135E-06    4.342415166627E-05   -1.132332783590E-04   -1.960064421018E-04    8.832592227491E-01    1.704913357223E-04    8.091754898379E-05    4.738553977052E-05   -2.524247253563E-05    7.786355292038E-06
    6.120895492827E-05    3.242660716000E-05   -8.162575727480E-05   -1.089751232893E-04    1.704913357223E-04    1.441948933971E+00    1.335805382620E-04    5.357433243440E-05   -2.599872450124E-05    6.374249585273E-06
    9.336651249537E-05    2.260957641074E-05   -5.612751326012E-05   -7.118514297759E-05    8.091754898379E-05    1.335805382620E-04    2.130292924653E+00    1.006729467294E-04   -3.191823513802E-05    6.825646961485E-06
    1.058928040690E-04    1.485071052827E-05   -3.628718458772E-05   -4.470903951268E-05    4.738553977052E-05    5.357433243440E-05    1.006729467294E-04    2.946919266248E+00   -7.329998726695E-05    1.144012938044E-05
   -1.073529153321E-04   -9.069830584349E-06    2.150310987718E-05    2.520214317901E-05   -2.524247253563E-05   -2.599872450124E-05   -3.191823513802E-05   -7.329998726695E-05    3.891055706268E+00   -4.473772589980E-05
    1.063880473245E-04    4.668694169066E-06   -1.015153979825E-05   -9.959917698535E-06    7.786355292038E-06    6.374249585273E-06    6.825646961485E-06    1.144012938044E-05   -4.473772589980E-05    4.962243271561E+00
   22.389621220419471     
   -9.995789098994E-01   -6.491304314909E-05    1.236245207862E-04    7.729642899597E-05    1.377073222253E-07    5.885892463192E-05    9.115255048711E-05    1.041204973585E-04   -1.061054811644E-04    1.056787185245E-04
   -6.491304314909E-05    1.834467086528E-02   -5.845216017768E-05   -5.145602539596E-05    4.233200658721E-05    3.175860485912E-05    2.224764455175E-05    1.468467142523E-05   -9.018132744583E-06    4.678173690103E-06
    1.236245207862E-04   -5.845216017768E-05    1.637945744744E-01    1.649277158833E-04   -1.107252267120E-04   -8.018066434984E-05   -5.540262780595E-05   -3.601387922425E-05    2.148549773316E-05   -1.026193128722E-05
    7.729642899597E-05   -5.145602539596E-05    1.649277158833E-04    4.494916040091E-01   -1.924008082733E-04   -1.074051524408E-04   -7.050247459335E-05   -4.454837273925E-05    2.532919739267E-05   -1.022132027789E-05
    1.377073222253E-07    4.233200658721E-05   -1.107252267120E-04   -1.924008082733E-04    8.695230681985E-01    1.683530822286E-04    8.027165936018E-05    4.729306658643E-05   -2.544362652259E-05    8.128623982325E-06
    5.885892463192E-05    3.175860485912E-05   -8.018066434984E-05   -1.074051524408E-04    1.683530822286E-04    1.419747122522E+00    1.324449843689E-04    5.341352894848E-05   -2.616416038764E-05    6.706915147869E-06
    9.115255048711E-05    2.224764455175E-05   -5.540262780595E-05   -7.050247459335E-05    8.027165936018E-05    1.324449843689E-04    2.097732257492E+00    1.000834831618E-04   -3.196282889720E-05    7.085625222810E-06
    1.041204973585E-04    1.468467142523E-05   -3.601387922425E-05   -4.454837273925E-05    4.729306658643E-05    5.341352894848E-05    1.000834831618E-04    2.902117151373E+00   -7.300219579515E-05    1.158712352594E-05
   -1.061054811644E-04   -9.018132744583E-06    2.148549773316E-05    2.532919739267E-05   -2.544362652259E-05   -2.616416038764E-05   -3.196282889720E-05   -7.300219579515E-05    3.832132678574E+00   -4.463555472717E-05
    1.056787185245E-04    4.678173690103E-06   -1.026193128722E-05   -1.022132027789E-05    8.128623982325E-06    6.706915147869E-06    7.085625222810E-06    1.158712352594E-05   -4.463555472717E-05    4.887320535347E+00
   22.557647799806531     
   -9.995856535377E-01   -6.337233211613E-05    1.214498477347E-04    7.718590680924E-05   -1.533420504520E-06    5.656594240883E-05    8.897418906891E-05    1.023643455337E-04   -1.048592401387E-04    1.049597003564E-04
   -6.337233211613E-05    1.804934806352E-02   -5.654306597917E-05   -4.993391469441E-05    4.126567268416E-05    3.110154769516E-05    2.188835600548E-05    1.451744270582E-05   -8.963992011078E-06    4.685313856882E-06
    1.214498477347E-04   -5.654306597917E-05    1.611864517600E-01    1.606621859037E-04   -1.082631688433E-04   -7.874976000350E-05   -5.467551061549E-05   -3.573169155917E-05    2.145793189155E-05   -1.036414780157E-05
    7.718590680924E-05   -4.993391469441E-05    1.606621859037E-04    4.424370326218E-01   -1.888421293022E-04   -1.058400755230E-04   -6.980918496153E-05   -4.437171797110E-05    2.544071494192E-05   -1.047075449472E-05
   -1.533420504521E-06    4.126567268416E-05   -1.082631688433E-04   -1.888421293022E-04    8.560507810998E-01    1.662206426648E-04    7.961464267492E-05    4.718492943287E-05   -2.562942527484E-05    8.458947744607E-06
    5.656594240883E-05    3.110154769516E-05   -7.874976000350E-05   -1.058400755230E-04    1.662206426648E-04    1.397967046859E+00    1.313036694175E-04    5.324178933421E-05   -2.631790485656E-05    7.029726609378E-06
    8.897418906891E-05    2.188835600548E-05   -5.467551061549E-05   -6.980918496153E-05    7.961464267492E-05    1.313036694175E-04    2.065785761920E+00    9.948802065081E-05   -3.200026109318E-05    7.338633265033E-06
    1.023643455337E-04    1.451744270582E-05   -3.573169155917E-05   -4.437171797110E-05    4.718492943287E-05    5.324178933421E-05    9.948802065081E-05    2.858156323762E+00   -7.270035443057E-05    1.173005457439E-05
   -1.048592401387E-04   -8.963992011078E-06    2.145793189155E-05    2.544071494192E-05   -2.562942527484E-05   -2.631790485656E-05   -3.200026109318E-05   -7.270035443057E-05    3.774312826476E+00   -4.453095683760E-05
    1.049597003564E-04    4.685313856882E-06   -1.036414780157E-05   -1.047075449472E-05    8.458947744607E-06    7.029726609378E-06    7.338633265033E-06    1.173005457439E-05   -4.453095683760E-05    4.813797691809E+00
   22.726302515938972     
   -9.995922824423E-01   -6.187062998551E-05    1.193045502743E-04    7.703406961303E-05   -3.137117937761E-06    5.432916914422E-05    8.683132585464E-05    1.006246969159E-04   -1.036147607138E-04    1.042315902558E-04
   -6.187062998551E-05    1.776003062990E-02   -5.470128996017E-05   -4.845772832571E-05    4.022465403863E-05    3.045540017871E-05    2.153184454604E-05    1.434918097074E-05   -8.907529629736E-06    4.690185316286E-06
    1.193045502743E-04   -5.470128996017E-05    1.586303097004E-01    1.565033373455E-04   -1.058468027560E-04   -7.733349102228E-05   -5.394679346980E-05   -3.544117011896E-05    2.142078570681E-05   -1.045838302411E-05
    7.703406961303E-05   -4.845772832571E-05    1.565033373455E-04    4.355198475142E-01   -1.853306896594E-04   -1.042806995262E-04   -6.910611112793E-05   -4.417973934801E-05    2.553711259349E-05   -1.070839633934E-05
   -3.137117937761E-06    4.022465403863E-05   -1.058468027560E-04   -1.853306896594E-04    8.428363700776E-01    1.640947412059E-04    7.894711976116E-05    4.706161816813E-05   -2.580017395055E-05    8.777427728838E-06
    5.432916914422E-05    3.045540017871E-05   -7.733349102228E-05   -1.042806995262E-04    1.640947412059E-04    1.376599224195E+00    1.301569978698E-04    5.305937743624E-05   -2.646013691799E-05    7.342740845928E-06
    8.683132585464E-05    2.153184454604E-05   -5.394679346980E-05   -6.910611112793E-05    7.894711976116E-05    1.301569978698E-04    2.034439697193E+00    9.888669831253E-05   -3.203060188152E-05    7.584700829042E-06
    1.006246969159E-04    1.434918097074E-05   -3.544117011896E-05   -4.417973934801E-05    4.706161816813E-05    5.305937743624E-05    9.888669831253E-05    2.815018012694E+00   -7.239448414059E-05    1.186892189938E-05
   -1.036147607138E-04   -8.907529629736E-06    2.142078570681E-05    2.553711259349E-05   -2.580017395055E-05   -2.646013691799E-05   -3.203060188152E-05   -7.239448414059E-05    3.717571575423E+00   -4.442392056821E-05
    1.042315902558E-04    4.690185316286E-06   -1.045838302411E-05   -1.070839633934E-05    8.777427728838E-06    7.342740845928E-06    7.584700829042E-06    1.186892189938E-05   -4.442392056821E-05    4.741643588233E+00
   22.895585368816779     
   -9.995987986085E-01   -6.040689895594E-05    1.171887250169E-04    7.684299502259E-05   -4.675172212684E-06    5.214775986793E-05    8.472383724840E-05    9.890187331705E-05   -1.023725871129E-04    1.034949694488E-04
   -6.040689895594E-05    1.747657070962E-02   -5.292432115560E-05   -4.702610918349E-05    3.920845765218E-05    2.982011848210E-05    2.117823507801E-05    1.418003687285E-05   -8.848864055030E-06    4.692858236700E-06
    1.171887250169E-04   -5.292432115560E-05    1.561249102449E-01    1.524489053463E-04   -1.034757958816E-04   -7.593226706013E-05   -5.321707986820E-05   -3.514284754355E-05    2.137442701885E-05   -1.054483179218E-05
    7.684299502259E-05   -4.702610918349E-05    1.524489053463E-04    4.287368800236E-01   -1.818667258085E-04   -1.027277943835E-04   -6.839406575262E-05   -4.397309006546E-05    2.561880717430E-05   -1.093442856712E-05
   -4.675172212684E-06    3.920845765218E-05   -1.034757958816E-04   -1.818667258085E-04    8.298740001678E-01    1.619760804732E-04    7.826970125736E-05    4.692361942050E-05   -2.595618115147E-05    9.084173323284E-06
    5.214775986793E-05    2.982011848210E-05   -7.593226706013E-05   -1.027277943835E-04    1.619760804732E-04    1.355634417792E+00    1.290053725700E-04    5.286655824320E-05   -2.659103854925E-05    7.646020388449E-06
    8.472383724840E-05    2.117823507801E-05   -5.321707986820E-05   -6.839406575262E-05    7.826970125736E-05    1.290053725700E-04    2.003680678241E+00    9.827965864462E-05   -3.205392380536E-05    7.823860294047E-06
    9.890187331705E-05    1.418003687285E-05   -3.514284754355E-05   -4.397309006546E-05    4.692361942050E-05    5.286655824320E-05    9.827965864462E-05    2.772683932771E+00   -7.208460857919E-05    1.200372598080E-05
   -1.023725871129E-04   -8.848864055030E-06    2.137442701885E-05    2.561880717430E-05   -2.595618115147E-05   -2.659103854925E-05   -3.205392380536E-05   -7.208460857919E-05    3.661884985827E+00   -4.431443522734E-05
    1.034949694488E-04    4.692858236700E-06   -1.054483179218E-05   -1.093442856712E-05    9.084173323284E-06    7.646020388449E-06    7.823860294047E-06    1.200372598080E-05   -4.431443522734E-05    4.670827876483E+00
   23.065496358439962     
   -9.996052049159E-01   -5.898012933449E-05    1.151024354271E-04    7.661468973821E-05   -6.149342835907E-06    5.002086456452E-05    8.265157939108E-05    9.719617085013E-05   -1.011332397470E-04    1.027504028973E-04
   -5.898012933449E-05    1.719882472203E-02   -5.120974545941E-05   -4.563773659224E-05    3.821659378564E-05    2.919565090891E-05    2.082764392643E-05    1.401015521153E-05   -8.788110916889E-06    4.693402221592E-06
    1.151024354271E-04   -5.120974545941E-05    1.536690493793E-01    1.484966460097E-04   -1.011497870719E-04   -7.454646204228E-05   -5.248694565578E-05   -3.483724061048E-05    2.131921785046E-05   -1.062368970918E-05
    7.661468973821E-05   -4.563773659224E-05    1.484966460097E-04    4.220850452568E-01   -1.784504275246E-04   -1.011820935301E-04   -6.767383710895E-05   -4.375241193876E-05    2.568621492711E-05   -1.114904008471E-05
   -6.149342835907E-06    3.821659378564E-05   -1.011497870719E-04   -1.784504275246E-04    8.171579880953E-01    1.598653411049E-04    7.758298722473E-05    4.677141614236E-05   -2.609775840646E-05    9.379301682511E-06
    5.002086456452E-05    2.919565090891E-05   -7.454646204228E-05   -1.011820935301E-04    1.598653411049E-04    1.335063629579E+00    1.278491941758E-04    5.266359760555E-05   -2.671079446121E-05    7.939633193215E-06
    8.265157939108E-05    2.082764392643E-05   -5.248694565578E-05   -6.767383710895E-05    7.758298722473E-05    1.278491941758E-04    1.973495665046E+00    9.766704723341E-05   -3.207030172668E-05    8.056146633251E-06
    9.719617085013E-05    1.401015521153E-05   -3.483724061048E-05   -4.375241193876E-05    4.677141614236E-05    5.266359760555E-05    9.766704723341E-05    2.731136269466E+00   -7.177075399383E-05    1.213446844245E-05
   -1.011332397470E-04   -8.788110916889E-06    2.131921785046E-05    2.568621492711E-05   -2.609775840646E-05   -2.671079446121E-05   -3.207030172668E-05   -7.177075399383E-05    3.607229734211E+00   -4.420249109782E-05
    1.027504028973E-04    4.693402221592E-06   -1.062368970918E-05   -1.114904008471E-05    9.379301682511E-06    7.939633193215E-06    8.056146633251E-06    1.213446844245E-05   -4.420249109782E-05    4.601320989168E+00
   23.236035484808511     
   -9.996115037660E-01   -5.758933899899E-05    1.130457140989E-04    7.635109134217E-05   -7.561361132187E-06    4.794762936447E-05    8.061438950467E-05    9.550786110705E-05   -9.989721596796E-05    1.019984395393E-04
   -5.758933899899E-05    1.692665322265E-02   -4.955524202652E-05   -4.429132570146E-05    3.724857642629E-05    2.858193845043E-05    2.048017919115E-05    1.383967507486E-05   -8.725383021212E-06    4.691886243970E-06
    1.130457140989E-04   -4.955524202652E-05    1.512615561030E-01    1.446443384491E-04   -9.886838891232E-05   -7.317641578937E-05   -5.175693981764E-05   -3.452485038418E-05    2.125551419133E-05   -1.069515280673E-05
    7.635109134217E-05   -4.429132570146E-05    1.446443384491E-04    4.155613396709E-01   -1.750819400567E-04   -9.964429481799E-05   -6.694618930592E-05   -4.351833511737E-05    2.573975096061E-05   -1.135242538227E-05
   -7.561361132187E-06    3.724857642629E-05   -9.886838891232E-05   -1.750819400567E-04    8.046827979173E-01    1.577631819960E-04    7.688756700497E-05    4.660548729446E-05   -2.622521972716E-05    9.662937282640E-06
    4.794762936447E-05    2.858193845043E-05   -7.317641578937E-05   -9.964429481799E-05    1.577631819960E-04    1.314878093283E+00    1.266888610287E-04    5.245076208490E-05   -2.681959192233E-05    8.223652429342E-06
    8.061438950467E-05    2.048017919115E-05   -5.175693981764E-05   -6.694618930592E-05    7.688756700497E-05    1.266888610287E-04    1.943871952672E+00    9.704901273413E-05   -3.207981282327E-05    8.281597383397E-06
    9.550786110705E-05    1.383967507486E-05   -3.452485038418E-05   -4.351833511737E-05    4.660548729446E-05    5.245076208490E-05    9.704901273413E-05    2.690357665492E+00   -7.145294930027E-05    1.226115211122E-05
   -9.989721596796E-05   -8.725383021212E-06    2.125551419133E-05    2.573975096061E-05   -2.622521972716E-05   -2.681959192233E-05   -3.207981282327E-05   -7.145294930027E-05    3.553583095333E+00   -4.408807953043E-05
    1.019984395393E-04    4.691886243970E-06   -1.069515280673E-05   -1.135242538227E-05    9.662937282640E-06    8.223652429342E-06    8.281597383397E-06    1.226115211122E-05   -4.408807953043E-05    4.533094116951E+00
   23.407202747922440     
   -9.996176971283E-01   -5.623357266465E-05    1.110185646253E-04    7.605407000761E-05   -8.912929976758E-06    4.592719746578E-05    7.861208697048E-05    9.383719211879E-05   -9.866499066537E-05    1.012396124210E-04
   -5.623357266465E-05    1.665992076616E-02   -4.795857962737E-05   -4.298562675532E-05    3.630392364114E-05    2.797891526567E-05    2.013594105795E-05    1.366872996080E-05   -8.660790342179E-06    4.688378578841E-06
    1.110185646253E-04   -4.795857962737E-05    1.489012914102E-01    1.408897862441E-04   -9.663118973407E-05   -7.182243547500E-05   -5.102758519464E-05   -3.420616233847E-05    2.118366577998E-05   -1.075941721309E-05
    7.605407000761E-05   -4.298562675532E-05    1.408897862441E-04    4.091628386630E-01   -1.717613658464E-04   -9.811506128020E-05   -6.621186244802E-05   -4.327147778298E-05    2.577982870331E-05   -1.154478397343E-05
   -8.912929976758E-06    3.630392364114E-05   -9.663118973407E-05   -1.717613658464E-04    7.924430367061E-01    1.556702402583E-04    7.618401899206E-05    4.642630749461E-05   -2.633888115223E-05    9.935211475024E-06
    4.592719746578E-05    2.797891526567E-05   -7.182243547500E-05   -9.811506128020E-05    1.556702402583E-04    1.295069267644E+00    1.255247688260E-04    5.222831874148E-05   -2.691762055620E-05    8.498156258586E-06
    7.861208697048E-05    2.013594105795E-05   -5.102758519464E-05   -6.621186244802E-05    7.618401899206E-05    1.255247688260E-04    1.914797161478E+00    9.642570671572E-05   -3.208253654581E-05    8.500252602453E-06
    9.383719211879E-05    1.366872996080E-05   -3.420616233847E-05   -4.327147778298E-05    4.642630749461E-05    5.222831874148E-05    9.642570671572E-05    2.650331207445E+00   -7.113122607021E-05    1.238378105898E-05
   -9.866499066537E-05   -8.660790342179E-06    2.118366577998E-05    2.577982870331E-05   -2.633888115223E-05   -2.691762055620E-05   -3.208253654581E-05   -7.113122607021E-05    3.500922924723E+00   -4.397119299022E-05
    1.012396124210E-04    4.688378578841E-06   -1.075941721309E-05   -1.154478397343E-05    9.935211475024E-06    8.498156258586E-06    8.500252602453E-06    1.238378105898E-05   -4.397119299022E-05    4.466119186431E+00
   23.578998147781736     
   -9.996237875526E-01   -5.491190104092E-05    1.090209631777E-04    7.572543012063E-05   -1.020572363624E-05    4.395870987963E-05    7.664447422311E-05    9.218438916081E-05   -9.743701675272E-05    1.004744387555E-04
   -5.491190104092E-05    1.639849577194E-02   -4.641761303572E-05   -4.171942429280E-05    3.538215785352E-05    2.738650910836E-05    1.979502208074E-05    1.349744788602E-05   -8.594440011407E-06    4.682946736514E-06
    1.090209631777E-04   -4.641761303572E-05    1.465871472838E-01    1.372308184989E-04   -9.443775541123E-05   -7.048479696713E-05   -5.029937914938E-05   -3.388164646859E-05    2.110401589292E-05   -1.081667883284E-05
    7.572543012063E-05   -4.171942429280E-05    1.372308184989E-04    4.028866941938E-01   -1.684887659581E-04   -9.659502180086E-05   -6.547157276369E-05   -4.301244584865E-05    2.580685937073E-05   -1.172631984824E-05
   -1.020572363624E-05    3.538215785352E-05   -9.443775541123E-05   -1.684887659581E-04    7.804334503056E-01    1.535871309990E-04    7.547291035242E-05    4.623434664828E-05   -2.643906028944E-05    1.019626204297E-05
    4.395870987963E-05    2.738650910836E-05   -7.048479696713E-05   -9.659502180086E-05    1.535871309990E-04    1.275628829783E+00    1.243573101544E-04    5.199653487915E-05   -2.700507212174E-05    8.763227611428E-06
    7.664447422311E-05    1.979502208074E-05   -5.029937914938E-05   -6.547157276369E-05    7.547291035242E-05    1.243573101544E-04    1.886259227549E+00    9.579728340230E-05   -3.207855454478E-05    8.712154819062E-06
    9.218438916081E-05    1.349744788602E-05   -3.388164646859E-05   -4.301244584865E-05    4.623434664828E-05    5.199653487915E-05    9.579728340230E-05    2.611040412784E+00   -7.080561844888E-05    1.250236063105E-05
   -9.743701675272E-05   -8.594440011407E-06    2.110401589292E-05    2.580685937073E-05   -2.643906028944E-05   -2.700507212174E-05   -3.207855454478E-05   -7.080561844888E-05    3.449227641674E+00   -4.385182506387E-05
    1.004744387555E-04    4.682946736514E-06   -1.081667883284E-05   -1.172631984824E-05    1.019626204297E-05    8.763227611428E-06    8.712154819062E-06    1.250236063105E-05   -4.385182506387E-05    4.400368838619E+00
   23.751421684386408     
   -9.996297766251E-01   -5.362342034463E-05    1.070528605406E-04    7.536691205918E-05   -1.144138745965E-05    4.204130648524E-05    7.471133798066E-05    9.054965587592E-05   -9.621372594366E-05    9.970342024425E-05
   -5.362342034463E-05    1.614225040158E-02   -4.493027984003E-05   -4.049153653300E-05    3.448280622259E-05    2.680464182404E-05    1.945750751633E-05    1.332595153444E-05   -8.526436335588E-06    4.675657413938E-06
    1.070528605406E-04   -4.493027984003E-05    1.443180457790E-01    1.336652914846E-04   -9.228763141668E-05   -6.916374634763E-05   -4.957279436998E-05   -3.355175750911E-05    2.101690120904E-05   -1.086713307179E-05
    7.536691205918E-05   -4.049153653300E-05    1.336652914846E-04    3.967301326088E-01   -1.652641622185E-04   -9.508477208785E-05   -6.472601292611E-05   -4.274183279018E-05    2.582125151833E-05   -1.189724096999E-05
   -1.144138745965E-05    3.448280622259E-05   -9.228763141668E-05   -1.652641622185E-04    7.686489194048E-01    1.515144476896E-04    7.475479695916E-05    4.603006969719E-05   -2.652607592492E-05    1.044623278552E-05
    4.204130648524E-05    2.680464182404E-05   -6.916374634763E-05   -9.508477208785E-05    1.515144476896E-04    1.256548669000E+00    1.231868744199E-04    5.175567791052E-05   -2.708214034696E-05    9.018953979510E-06
    7.471133798066E-05    1.945750751633E-05   -4.957279436998E-05   -6.472601292611E-05    7.475479695916E-05    1.231868744199E-04    1.858246393699E+00    9.516389966713E-05   -3.206795065840E-05    8.917348994732E-06
    9.054965587592E-05    1.332595153444E-05   -3.355175750911E-05   -4.274183279018E-05    4.603006969719E-05    5.175567791052E-05    9.516389966713E-05    2.572469217512E+00   -7.047616323014E-05    1.261689749445E-05
   -9.621372594366E-05   -8.526436335588E-06    2.101690120904E-05    2.582125151833E-05   -2.652607592492E-05   -2.708214034696E-05   -3.206795065840E-05   -7.047616323014E-05    3.398476213090E+00   -4.372997055217E-05
    9.970342024425E-05    4.675657413938E-06   -1.086713307179E-05   -1.189724096999E-05    1.044623278552E-05    9.018953979510E-06    8.917348994732E-06    1.261689749445E-05   -4.372997055217E-05    4.335816408442E+00
   23.924473357736446     
   -9.996356673045E-01   -5.236725132135E-05    1.051141832564E-04    7.498019368336E-05   -1.262153788632E-05    4.017412651586E-05    7.281244986871E-05    8.893317485674E-05   -9.499552908708E-05    9.892704304570E-05
   -5.236725132135E-05    1.589106043049E-02   -4.349459695417E-05   -3.930081448506E-05    3.360540080199E-05    2.623322969416E-05    1.912347556264E-05    1.315435834909E-05   -8.456880783359E-06    4.666576431543E-06
    1.051141832564E-04   -4.349459695417E-05    1.420929380564E-01    1.301910890973E-04   -9.018034428054E-05   -6.785950107134E-05   -4.884827946411E-05   -3.321693503929E-05    2.092265161984E-05   -1.091097454201E-05
    7.498019368336E-05   -3.930081448506E-05    1.301910890973E-04    3.906904523515E-01   -1.620875382407E-04   -9.358487521969E-05   -6.397585215098E-05   -4.246021936383E-05    2.582341054369E-05   -1.205775875733E-05
   -1.262153788632E-05    3.360540080199E-05   -9.018034428054E-05   -1.620875382407E-04    7.570844554710E-01    1.494527617189E-04    7.403022305427E-05    4.581393623542E-05   -2.660024757119E-05    1.068527308338E-05
    4.017412651586E-05    2.623322969416E-05   -6.785950107134E-05   -9.358487521969E-05    1.494527617189E-04    1.237820880436E+00    1.220138472042E-04    5.150601504619E-05   -2.714902068618E-05    9.265427186543E-06
    7.281244986871E-05    1.912347556264E-05   -4.884827946411E-05   -6.397585215098E-05    7.403022305427E-05    1.220138472042E-04    1.830747200378E+00    9.452571463650E-05   -3.205081079601E-05    9.115882459322E-06
    8.893317485674E-05    1.315435834909E-05   -3.321693503929E-05   -4.246021936383E-05    4.581393623542E-05    5.150601504619E-05    9.452571463650E-05    2.534601963839E+00   -7.014289967866E-05    1.272739964489E-05
   -9.499552908708E-05   -8.456880783359E-06    2.092265161984E-05    2.582341054369E-05   -2.660024757119E-05   -2.714902068618E-05   -3.205081079601E-05   -7.014289967866E-05    3.348648137412E+00   -4.360562542365E-05
    9.892704304570E-05    4.666576431543E-06   -1.091097454201E-05   -1.205775875733E-05    1.068527308338E-05    9.265427186543E-06    9.115882459322E-06    1.272739964489E-05   -4.360562542365E-05    4.272435904425E+00
   24.098153167831864     
   -9.996414609392E-01   -5.114253896406E-05    1.032048357905E-04    7.456689218499E-05   -1.374776212789E-05    3.835630971008E-05    7.094756777157E-05    8.733510890413E-05   -9.378281709885E-05    9.814577826673E-05
   -5.114253896406E-05    1.564480513833E-02   -4.210865782524E-05   -3.814614142894E-05    3.274947893485E-05    2.567218394212E-05    1.879299771043E-05    1.298278070277E-05   -8.385872024681E-06    4.655768701388E-06
    1.032048357905E-04   -4.210865782524E-05    1.399108035564E-01    1.268061246266E-04   -8.811540365960E-05   -6.657225152422E-05   -4.812625983158E-05   -3.287760378190E-05    2.082159016708E-05   -1.094839683885E-05
    7.456689218499E-05   -3.814614142894E-05    1.268061246266E-04    3.847650219930E-01   -1.589588419057E-04   -9.209586279288E-05   -6.322173665714E-05   -4.216817355758E-05    2.581373833184E-05   -1.220808763653E-05
   -1.374776212789E-05    3.274947893485E-05   -8.811540365960E-05   -1.589588419057E-04    7.457351971779E-01    1.474026231249E-04    7.329972133042E-05    4.558640035082E-05   -2.666189513882E-05    1.091353751366E-05
    3.835630971008E-05    2.567218394212E-05   -6.657225152422E-05   -9.209586279288E-05    1.474026231249E-04    1.219437759408E+00    1.208386104314E-04    5.124781323284E-05   -2.720591018864E-05    9.502743193755E-06
    7.094756777157E-05    1.879299771043E-05   -4.812625983158E-05   -6.322173665714E-05    7.329972133042E-05    1.208386104314E-04    1.803750477401E+00    9.388288982430E-05   -3.202722295540E-05    9.307804877577E-06
    8.733510890413E-05    1.298278070277E-05   -3.287760378190E-05   -4.216817355758E-05    4.558640035082E-05    5.124781323284E-05    9.388288982430E-05    2.497423388815E+00   -6.980586968862E-05    1.283387646104E-05
   -9.378281709885E-05   -8.385872024681E-06    2.082159016708E-05    2.581373833184E-05   -2.666189513882E-05   -2.720591018864E-05   -3.202722295540E-05   -6.980586968862E-05    3.299723429670E+00   -4.347878695143E-05
    9.814577826673E-05    4.655768701388E-06   -1.094839683885E-05   -1.220808763653E-05    1.091353751366E-05    9.502743193755E-06    9.307804877577E-06    1.283387646104E-05   -4.347878695143E-05    4.210201989690E+00
   24.272461114672645     
   -9.996471599933E-01   -4.994845152287E-05    1.013247014519E-04    7.412856550686E-05   -1.482161826734E-05    3.658699667370E-05    6.911643632969E-05    8.575560151265E-05   -9.257596124827E-05    9.736008192442E-05
   -4.994845152287E-05    1.540336718846E-02   -4.077062915477E-05   -3.702643200785E-05    3.191458334772E-05    2.512141102943E-05    1.846613895903E-05    1.281132598555E-05   -8.313505922524E-06    4.643298171205E-06
    1.013247014519E-04   -4.077062915477E-05    1.377706490868E-01    1.235083408993E-04   -8.609230359116E-05   -6.530216207790E-05   -4.740713823086E-05   -3.253417372636E-05    2.071403288729E-05   -1.097959227758E-05
    7.412856550686E-05   -3.702643200785E-05    1.235083408993E-04    3.789512780682E-01   -1.558779862393E-04   -9.061823544278E-05   -6.246428978567E-05   -4.186625035619E-05    2.579263280805E-05   -1.234844456054E-05
   -1.482161826734E-05    3.191458334772E-05   -8.609230359116E-05   -1.558779862393E-04    7.345964065625E-01    1.453645601234E-04    7.256381260387E-05    4.534791026161E-05   -2.671133850837E-05    1.113118543235E-05
    3.658699667370E-05    2.512141102943E-05   -6.530216207790E-05   -9.061823544278E-05    1.453645601234E-04    1.201391795427E+00    1.196615416907E-04    5.098133883130E-05   -2.725300725237E-05    9.731001871696E-06
    6.911643632969E-05    1.846613895903E-05   -4.740713823086E-05   -6.246428978567E-05    7.256381260387E-05    1.196615416907E-04    1.777245335384E+00    9.323558869482E-05   -3.199727708786E-05    9.493168176642E-06
    8.575560151265E-05    1.281132598555E-05   -3.253417372636E-05   -4.186625035619E-05    4.534791026161E-05    5.098133883130E-05    9.323558869482E-05    2.460918612721E+00   -6.946511757218E-05    1.293633869909E-05
   -9.257596124827E-05   -8.313505922524E-06    2.071403288729E-05    2.579263280805E-05   -2.671133850837E-05   -2.725300725237E-05   -3.199727708786E-05   -6.946511757218E-05    3.251682606362E+00   -4.334945364645E-05
    9.736008192442E-05    4.643298171205E-06   -1.097959227758E-05   -1.234844456054E-05    1.113118543235E-05    9.731001871696E-06    9.493168176642E-06    1.293633869909E-05   -4.334945364645E-05    4.149089962865E+00
   24.447397198258809     
   -9.996527661222E-01   -4.878418011070E-05    9.947364418704E-05    7.366671407884E-05   -1.584463509273E-05    3.486532980433E-05    6.731878805815E-05    8.419477793583E-05   -9.137531395906E-05    9.657039536277E-05
   -4.878418011070E-05    1.516663252391E-02   -3.947874821919E-05   -3.594063163740E-05    3.110026244457E-05    2.458081308882E-05    1.814295812857E-05    1.264009675989E-05   -8.239875570118E-06    4.629227795994E-06
    9.947364418704E-05   -3.947874821919E-05    1.356715080327E-01    1.202957115340E-04   -8.411052426224E-05   -6.404937248198E-05   -4.669129558323E-05   -3.218704041899E-05    2.060028876805E-05   -1.100475169470E-05
    7.366671407884E-05   -3.594063163740E-05    1.202957115340E-04    3.732467231883E-01   -1.528448515346E-04   -8.915246388032E-05   -6.170411243359E-05   -4.155499171126E-05    2.576048761881E-05   -1.247904859281E-05
   -1.584463509273E-05    3.110026244457E-05   -8.411052426224E-05   -1.528448515346E-04    7.236634656171E-01    1.433390796577E-04    7.182300585401E-05    4.509890815198E-05   -2.674889721361E-05    1.133838060293E-05
    3.486532980433E-05    2.458081308882E-05   -6.404937248198E-05   -8.915246388032E-05    1.433390796577E-04    1.183675666810E+00    1.184830142651E-04    5.070685751338E-05   -2.729051147737E-05    9.950306804299E-06
    6.731878805815E-05    1.814295812857E-05   -4.669129558323E-05   -6.170411243359E-05    7.182300585401E-05    1.184830142651E-04    1.751221157903E+00    9.258397668894E-05   -3.196106508131E-05    9.672026501732E-06
    8.419477793583E-05    1.264009675989E-05   -3.218704041899E-05   -4.155499171126E-05    4.509890815198E-05    5.070685751338E-05    9.258397668894E-05    2.425073128324E+00   -6.912069014195E-05    1.303479852925E-05
   -9.137531395906E-05   -8.239875570118E-06    2.060028876805E-05    2.576048761881E-05   -2.674889721361E-05   -2.729051147737E-05   -3.196106508131E-05   -6.912069014195E-05    3.204506671360E+00   -4.321762535083E-05
    9.657039536277E-05    4.629227795994E-06   -1.100475169470E-05   -1.247904859281E-05    1.133838060293E-05    9.950306804299E-06    9.672026501732E-06    1.303479852925E-05   -4.321762535083E-05    4.089075740173E+00
   24.622961418590336     
   -9.996582815727E-01   -4.764893791765E-05    9.765150963918E-05    7.318278228413E-05   -1.681831216516E-05    3.319045376066E-05    6.555434396666E-05    8.265274579806E-05   -9.018120923376E-05    9.577714536343E-05
   -4.764893791765E-05    1.493449025863E-02   -3.823131996629E-05   -3.488771570236E-05    3.030607042471E-05    2.405028823256E-05    1.782350809203E-05    1.246919086796E-05   -8.165071301937E-06    4.613619497191E-06
    9.765150963918E-05   -3.823131996629E-05    1.336124395284E-01    1.171662412485E-04   -8.216953328947E-05   -6.281399895467E-05   -4.597909159805E-05   -3.183658515546E-05    2.048065965658E-05   -1.102406423148E-05
    7.318278228413E-05   -3.488771570236E-05    1.171662412485E-04    3.676489240693E-01   -1.498592865473E-04   -8.769898956978E-05   -6.094178329670E-05   -4.123492641293E-05    2.571769176875E-05   -1.260012047930E-05
   -1.681831216516E-05    3.030607042471E-05   -8.216953328947E-05   -1.498592865473E-04    7.129318727702E-01    1.413266672647E-04    7.107779803360E-05    4.483982989511E-05   -2.677489007250E-05    1.153529081011E-05
    3.319045376066E-05    2.405028823256E-05   -6.281399895467E-05   -8.769898956978E-05    1.413266672647E-04    1.166282235184E+00    1.173033966748E-04    5.042463400912E-05   -2.731862345287E-05    1.016076507401E-05
    6.555434396666E-05    1.782350809203E-05   -4.597909159805E-05   -6.094178329670E-05    7.107779803360E-05    1.173033966748E-04    1.725667593590E+00    9.192822091622E-05   -3.191868065289E-05    9.844436147886E-06
    8.265274579806E-05    1.246919086796E-05   -3.183658515546E-05   -4.123492641293E-05    4.483982989511E-05    5.042463400912E-05    9.192822091622E-05    2.389872790127E+00   -6.877263657437E-05    1.312926953538E-05
   -9.018120923376E-05   -8.165071301937E-06    2.048065965658E-05    2.571769176875E-05   -2.677489007250E-05   -2.731862345287E-05   -3.191868065289E-05   -6.877263657437E-05    3.158177101874E+00   -4.308330320975E-05
    9.577714536343E-05    4.613619497191E-06   -1.102406423148E-05   -1.260012047930E-05    1.153529081011E-05    1.016076507401E-05    9.844436147886E-06    1.312926953538E-05   -4.308330320975E-05    4.030135837694E+00
   24.799153775667239     
   -9.996637077150E-01   -4.654195977815E-05    9.585812670485E-05    7.267816012213E-05   -1.774411975889E-05    3.156151624393E-05    6.382281453506E-05    8.112959604554E-05   -8.899396338713E-05    9.498074453850E-05
   -4.654195977815E-05    1.470683257967E-02   -3.702671449461E-05   -3.386668893850E-05    2.953156750956E-05    2.352973093479E-05    1.750783606142E-05    1.229870157887E-05   -8.089180733046E-06    4.596534139872E-06
    9.585812670485E-05   -3.702671449461E-05    1.315925277108E-01    1.141179667819E-04   -8.026878727388E-05   -6.159613545823E-05   -4.527086553559E-05   -3.148317527669E-05    2.035544024190E-05   -1.103771716300E-05
    7.267816012213E-05   -3.386668893850E-05    1.141179667819E-04    3.621555097446E-01   -1.469211104163E-04   -8.625822571383E-05   -6.017785930724E-05   -4.090657009542E-05    2.566462934631E-05   -1.271188226882E-05
   -1.774411975889E-05    2.953156750956E-05   -8.026878727388E-05   -1.469211104163E-04    7.023972396651E-01    1.393277875661E-04    7.032867410880E-05    4.457110490496E-05   -2.678963489367E-05    1.172208750779E-05
    3.156151624393E-05    2.352973093479E-05   -6.159613545823E-05   -8.625822571383E-05    1.393277875661E-04    1.149204540400E+00    1.161230526588E-04    5.013493199131E-05   -2.733754460841E-05    1.036248706934E-05
    6.382281453506E-05    1.750783606142E-05   -4.527086553559E-05   -6.017785930724E-05    7.032867410880E-05    1.161230526588E-04    1.700574548750E+00    9.126849013413E-05   -3.187021931472E-05    1.001045550947E-05
    8.112959604554E-05    1.229870157887E-05   -3.148317527669E-05   -4.090657009542E-05    4.457110490496E-05    5.013493199131E-05    9.126849013413E-05    2.355303804261E+00   -6.842100845525E-05    1.321976674011E-05
   -8.899396338713E-05   -8.089180733046E-06    2.035544024190E-05    2.566462934631E-05   -2.678963489367E-05   -2.733754460841E-05   -3.187021931472E-05   -6.842100845525E-05    3.112675835202E+00   -4.294648974262E-05
    9.498074453850E-05    4.596534139872E-06   -1.103771716300E-05   -1.271188226882E-05    1.172208750779E-05    1.036248706934E-05    1.001045550947E-05    1.321976674011E-05   -4.294648974262E-05    3.972247354531E+00
   24.975974269489512     
   -9.996690463851E-01   -4.546250142775E-05    9.409330848471E-05    7.215418463203E-05   -1.862349898125E-05    2.997766841148E-05    6.212390028006E-05    7.962540352211E-05   -8.781387546681E-05    9.418159146870E-05
   -4.546250142775E-05    1.448355464633E-02   -3.586336437234E-05   -3.287658464874E-05    2.877632002632E-05    2.301903231074E-05    1.719598380699E-05    1.212871769586E-05   -8.012288776298E-06    4.578031499377E-06
    9.409330848471E-05   -3.586336437234E-05    1.296108809461E-01    1.111489570487E-04   -7.840773295022E-05   -6.039585472142E-05   -4.456693681872E-05   -3.112716438169E-05    2.022491799649E-05   -1.104589571185E-05
    7.215418463203E-05   -3.287658464874E-05    1.111489570487E-04    3.567641697189E-01   -1.440301138219E-04   -8.483055793976E-05   -5.941287591164E-05   -4.057042515985E-05    2.560167921237E-05   -1.281455692309E-05
   -1.862349898125E-05    2.877632002632E-05   -7.840773295022E-05   -1.440301138219E-04    6.920552878634E-01    1.373428841975E-04    6.957610690908E-05    4.429315589379E-05   -2.679344813850E-05    1.189894545336E-05
    2.997766841148E-05    2.301903231074E-05   -6.039585472142E-05   -8.483055793976E-05    1.373428841975E-04    1.132435795380E+00    1.149423407553E-04    4.983801383458E-05   -2.734747700806E-05    1.055558627435E-05
    6.212390028006E-05    1.719598380699E-05   -4.456693681872E-05   -5.941287591164E-05    6.957610690908E-05    1.149423407553E-04    1.675932179952E+00    9.060495445022E-05   -3.181577826232E-05    1.017014500721E-05
    7.962540352211E-05    1.212871769586E-05   -3.112716438169E-05   -4.057042515985E-05    4.429315589379E-05    4.983801383458E-05    9.060495445022E-05    2.321352718410E+00   -6.806585964296E-05    1.330630659717E-05
   -8.781387546681E-05   -8.012288776298E-06    2.022491799649E-05    2.560167921237E-05   -2.679344813850E-05   -2.734747700806E-05   -3.181577826232E-05   -6.806585964296E-05    3.067985255573E+00   -4.280718881249E-05
    9.418159146870E-05    4.578031499377E-06   -1.104589571185E-05   -1.281455692309E-05    1.189894545336E-05    1.055558627435E-05    1.017014500721E-05    1.330630659717E-05   -4.280718881249E-05    3.915387956184E+00
   25.153422900057162     
   -9.996742996902E-01   -4.440983895543E-05    9.235685347388E-05    7.161214140518E-05   -1.945786183081E-05    2.843806544603E-05    6.045729249778E-05    7.814022771244E-05   -8.664122782997E-05    9.338007098944E-05
   -4.440983895543E-05    1.426455449644E-02   -3.473976220467E-05   -3.191646402379E-05    2.803990054408E-05    2.251808042988E-05    1.688798790289E-05    1.195932368480E-05   -7.934477676203E-06    4.558170239537E-06
    9.235685347388E-05   -3.473976220467E-05    1.276666311096E-01    1.082573135918E-04   -7.658580845671E-05   -5.921320934599E-05   -4.386760571452E-05   -3.076889259967E-05    2.008937316456E-05   -1.104878289370E-05
    7.161214140518E-05   -3.191646402379E-05    1.082573135918E-04    3.514726522439E-01   -1.411860605138E-04   -8.341634514891E-05   -5.864734745869E-05   -4.022698077946E-05    2.552921474859E-05   -1.290836796336E-05
   -1.945786183081E-05    2.803990054408E-05   -7.658580845671E-05   -1.411860605138E-04    6.819018457494E-01    1.353723800759E-04    6.882055710749E-05    4.400639870679E-05   -2.678664463227E-05    1.206604236804E-05
    2.843806544603E-05    2.251808042988E-05   -5.921320934599E-05   -8.341634514891E-05    1.353723800759E-04    1.115969381260E+00    1.137616141155E-04    4.953414045025E-05   -2.734862318199E-05    1.074017907399E-05
    6.045729249778E-05    1.688798790289E-05   -4.386760571452E-05   -5.864734745869E-05    6.882055710749E-05    1.137616141155E-04    1.651730886990E+00    8.993778517179E-05   -3.175545630141E-05    1.032356702583E-05
    7.814022771244E-05    1.195932368480E-05   -3.076889259967E-05   -4.022698077946E-05    4.400639870679E-05    4.953414045025E-05    8.993778517179E-05    2.288006412209E+00   -6.770724622180E-05    1.338890699657E-05
   -8.664122782997E-05   -7.934477676204E-06    2.008937316456E-05    2.552921474859E-05   -2.678664463227E-05   -2.734862318199E-05   -3.175545630141E-05   -6.770724622180E-05    3.024088181590E+00   -4.266540564362E-05
    9.338007098944E-05    4.558170239537E-06   -1.104878289370E-05   -1.290836796336E-05    1.206604236804E-05    1.074017907399E-05    1.032356702583E-05    1.338890699657E-05   -4.266540564362E-05    3.859535858628E+00
   25.331499667370178     
   -9.996794692915E-01   -4.338326832122E-05    9.064854678787E-05    7.105326612088E-05   -2.024859126917E-05    2.694186714355E-05    5.882267403890E-05    7.667411352520E-05   -8.547628676934E-05    9.257655453581E-05
   -4.338326832122E-05    1.404973295716E-02   -3.365445833524E-05   -3.098541549590E-05    2.732188801171E-05    2.202676062789E-05    1.658387997509E-05    1.179059980802E-05   -7.855827049047E-06    4.537007896279E-06
    9.064854678787E-05   -3.365445833524E-05    1.257589328997E-01    1.054411710653E-04   -7.480244459216E-05   -5.804823291123E-05   -4.317315402855E-05   -3.040868688358E-05    1.994907877317E-05   -1.104655938102E-05
    7.105326612088E-05   -3.098541549590E-05    1.054411710653E-04    3.462787626686E-01   -1.383886889294E-04   -8.201592041281E-05   -5.788176762906E-05   -3.987671294440E-05    2.544760363962E-05   -1.299353913999E-05
   -2.024859126917E-05    2.732188801171E-05   -7.480244459216E-05   -1.383886889294E-04    6.719328455632E-01    1.334166777921E-04    6.806247325407E-05    4.371124219172E-05   -2.676953730070E-05    1.222355861164E-05
    2.694186714355E-05    2.202676062789E-05   -5.804823291123E-05   -8.201592041281E-05    1.334166777921E-04    1.099798842712E+00    1.125812204099E-04    4.922357115085E-05   -2.734118597269E-05    1.091638456539E-05
    5.882267403890E-05    1.658387997509E-05   -4.317315402855E-05   -5.788176762906E-05    6.806247325407E-05    1.125812204099E-04    1.627961306128E+00    8.926715471373E-05   -3.168935378704E-05    1.047078585313E-05
    7.667411352520E-05    1.179059980802E-05   -3.040868688358E-05   -3.987671294440E-05    4.371124219172E-05    4.922357115085E-05    8.926715471373E-05    2.255252088002E+00   -6.734522649148E-05    1.346758727169E-05
   -8.547628676934E-05   -7.855827049047E-06    1.994907877317E-05    2.544760363962E-05   -2.676953730070E-05   -2.734118597269E-05   -3.168935378704E-05   -6.734522649148E-05    2.980967854117E+00   -4.252114685819E-05
    9.257655453581E-05    4.537007896279E-06   -1.104655938102E-05   -1.299353913999E-05    1.222355861164E-05    1.091638456539E-05    1.047078585313E-05    1.346758727169E-05   -4.252114685819E-05    3.804669812955E+00
   25.510204571428574     
   -9.996845564335E-01   -4.238210480270E-05    8.896816118994E-05    7.047874599740E-05   -2.099704135488E-05    2.548823838455E-05    5.721971995502E-05    7.522709195924E-05   -8.431930304720E-05    9.177140042097E-05
   -4.238210480270E-05    1.383899355729E-02   -3.260605857155E-05   -3.008255405647E-05    2.662186784792E-05    2.154495578182E-05    1.628368692672E-05    1.162262224668E-05   -7.776413918682E-06    4.514600860721E-06
    8.896816118994E-05   -3.260605857155E-05    1.238869631588E-01    1.026986974664E-04   -7.305706592247E-05   -5.690094098655E-05   -4.248384575109E-05   -3.004686128537E-05    1.980430064174E-05   -1.103940337231E-05
    7.047874599740E-05   -3.008255405647E-05    1.026986974664E-04    3.411803618122E-01   -1.356377135831E-04   -8.062959178629E-05   -5.711660982958E-05   -3.952008449878E-05    2.535720766186E-05   -1.307029411322E-05
   -2.099704135488E-05    2.662186784792E-05   -7.305706592247E-05   -1.356377135831E-04    6.621443204809E-01    1.314761598653E-04    6.730229176973E-05    4.340808805475E-05   -2.674243690593E-05    1.237167686305E-05
    2.548823838455E-05    2.154495578182E-05   -5.690094098655E-05   -8.062959178629E-05    1.314761598653E-04    1.083917883367E+00    1.114015016344E-04    4.890656348518E-05   -2.732536836952E-05    1.108432436791E-05
    5.721971995502E-05    1.628368692672E-05   -4.248384575109E-05   -5.711660982958E-05    6.730229176973E-05    1.114015016344E-04    1.604614303475E+00    8.859323643152E-05   -3.161757254118E-05    1.061186761286E-05
    7.522709195924E-05    1.162262224668E-05   -3.004686128537E-05   -3.952008449878E-05    4.340808805475E-05    4.890656348518E-05    8.859323643152E-05    2.223077261808E+00   -6.697986090377E-05    1.354236819588E-05
   -8.431930304720E-05   -7.776413918682E-06    1.980430064174E-05    2.535720766186E-05   -2.674243690593E-05   -2.732536836952E-05   -3.161757254118E-05   -6.697986090377E-05    2.938607924470E+00   -4.237442048247E-05
    9.177140042097E-05    4.514600860721E-06   -1.103940337231E-05   -1.307029411322E-05    1.237167686305E-05    1.108432436791E-05    1.061186761286E-05    1.354236819588E-05   -4.237442048247E-05    3.750769090407E+00
   25.689537612232336     
   -9.996895630469E-01   -4.140568234906E-05    8.731545787700E-05    6.988972112406E-05   -2.170453743325E-05    2.407634947117E-05    5.564809798746E-05    7.379918062045E-05   -8.317051230537E-05    9.096495401691E-05
   -4.140568234906E-05    1.363224244033E-02   -3.159322191839E-05   -2.920702052912E-05    2.593943197681E-05    2.107254654277E-05    1.598743113646E-05    1.145546320838E-05   -7.696312745434E-06    4.491004360085E-06
    8.731545787700E-05   -3.159322191839E-05    1.220499202008E-01    1.000280940799E-04   -7.134909171565E-05   -5.577133203538E-05   -4.179992764237E-05   -2.968371720316E-05    1.965529738287E-05   -1.102749046267E-05
    6.988972112406E-05   -2.920702052912E-05    1.000280940799E-04    3.361753643473E-01   -1.329328261673E-04   -7.925764300940E-05   -5.635232753347E-05   -3.915754515685E-05    2.525838247009E-05   -1.313885614005E-05
   -2.170453743325E-05    2.593943197681E-05   -7.134909171565E-05   -1.329328261673E-04    6.525324017241E-01    1.295511888012E-04    6.654043687799E-05    4.309733068897E-05   -2.670565177380E-05    1.251058180196E-05
    2.407634947117E-05    2.107254654277E-05   -5.577133203538E-05   -7.925764300940E-05    1.295511888012E-04    1.068320361294E+00    1.102227937709E-04    4.858337302862E-05   -2.730137332369E-05    1.124412242815E-05
    5.564809798746E-05    1.598743113646E-05   -4.179992764237E-05   -5.635232753347E-05    6.654043687799E-05    1.102227937709E-04    1.581680968480E+00    8.791620434636E-05   -3.154021573902E-05    1.074688018810E-05
    7.379918062045E-05    1.145546320838E-05   -2.968371720316E-05   -3.915754515685E-05    4.309733068897E-05    4.858337302862E-05    8.791620434636E-05    2.191469754477E+00   -6.661121192430E-05    1.361327196399E-05
   -8.317051230537E-05   -7.696312745434E-06    1.965529738287E-05    2.525838247009E-05   -2.670565177380E-05   -2.730137332369E-05   -3.154021573902E-05   -6.661121192430E-05    2.896992442862E+00   -4.222523590942E-05
    9.096495401691E-05    4.491004360085E-06   -1.102749046267E-05   -1.313885614005E-05    1.251058180196E-05    1.124412242815E-05    1.074688018810E-05    1.361327196399E-05   -4.222523590942E-05    3.697813467766E+00
   25.869498789781474     
   -9.996944904751E-01   -4.045335319404E-05    8.569018764499E-05    6.928728596865E-05   -2.237237626357E-05    2.270537668237E-05    5.410746932316E-05    7.239038450202E-05   -8.203013572044E-05    9.015754816497E-05
   -4.045335319404E-05    1.342938828581E-02   -3.061465858716E-05   -2.835798097760E-05    2.527417894174E-05    2.060941162163E-05    1.569513069587E-05    1.128919106395E-05   -7.615595476352E-06    4.466272452558E-06
    8.569018764499E-05   -3.061465858716E-05    1.202470231992E-01    9.742759587096E-05   -6.967793707313E-05   -5.465938845130E-05   -4.112162991767E-05   -2.931954370517E-05    1.950232045971E-05   -1.101099355049E-05
    6.928728596865E-05   -2.835798097760E-05    9.742759587096E-05    3.312617373246E-01   -1.302736971931E-04   -7.790033443962E-05   -5.558935476948E-05   -3.878953162433E-05    2.515147745655E-05   -1.319944780341E-05
   -2.237237626357E-05    2.527417894174E-05   -6.967793707313E-05   -1.302736971931E-04    6.430933158990E-01    1.276421076436E-04    6.577732072214E-05    4.277935710942E-05   -2.665948758607E-05    1.264045982269E-05
    2.270537668237E-05    2.060941162163E-05   -5.465938845130E-05   -7.790033443962E-05    1.276421076436E-04    1.053000284802E+00    1.090454268102E-04    4.825425328974E-05   -2.726940361907E-05    1.139590484644E-05
    5.410746932316E-05    1.569513069587E-05   -4.112162991767E-05   -5.558935476948E-05    6.577732072214E-05    1.090454268102E-04    1.559152607837E+00    8.723623311437E-05   -3.145738785906E-05    1.087589316105E-05
    7.239038450202E-05    1.128919106395E-05   -2.931954370517E-05   -3.878953162433E-05    4.277935710942E-05    4.825425328974E-05    8.723623311437E-05    2.160417683341E+00   -6.623934405205E-05    1.368032219666E-05
   -8.203013572044E-05   -7.615595476352E-06    1.950232045971E-05    2.515147745655E-05   -2.665948758607E-05   -2.726940361907E-05   -3.145738785906E-05   -6.623934405205E-05    2.856105847460E+00   -4.207360394836E-05
    9.015754816497E-05    4.466272452558E-06   -1.101099355049E-05   -1.319944780341E-05    1.264045982269E-05    1.139590484644E-05    1.087589316105E-05    1.368032219666E-05   -4.207360394836E-05    3.645783213459E+00
   26.050088104075975     
   -9.996993406372E-01   -3.952448723373E-05    8.409209156883E-05    6.867249064899E-05   -2.300182624856E-05    2.137450255575E-05    5.259748902495E-05    7.100069645058E-05   -8.089838038534E-05    8.934950335460E-05
   -3.952448723373E-05    1.323034222812E-02   -2.966912789615E-05   -2.753462599759E-05    2.462571391329E-05    2.015542799538E-05    1.540679959371E-05    1.112387045168E-05   -7.534331577093E-06    4.440458013432E-06
    8.409209156883E-05   -2.966912789615E-05    1.184775115555E-01    9.489547130259E-05   -6.804301374719E-05   -5.356507739111E-05   -4.044916680660E-05   -2.895461778228E-05    1.934561420742E-05   -1.099008273095E-05
    6.867249064899E-05   -2.753462599759E-05    9.489547130259E-05    3.264374986522E-01   -1.276599770083E-04   -7.655790373466E-05   -5.482810647407E-05   -3.841646764691E-05    2.503683557718E-05   -1.325229073330E-05
   -2.300182624856E-05    2.462571391329E-05   -6.804301374719E-05   -1.276599770083E-04    6.338233822770E-01    1.257492400512E-04    6.501334332087E-05    4.245454680767E-05   -2.660424713508E-05    1.276149873857E-05
    2.137450255575E-05    2.015542799538E-05   -5.356507739111E-05   -7.655790373466E-05    1.257492400512E-04    1.037951808189E+00    1.078697244246E-04    4.791945550894E-05   -2.722966169479E-05    1.153979968958E-05
    5.259748902495E-05    1.540679959371E-05   -4.044916680660E-05   -5.482810647407E-05    6.501334332087E-05    1.078697244246E-04    1.537020739374E+00    8.655349774681E-05   -3.136919456533E-05    1.099897773448E-05
    7.100069645058E-05    1.112387045168E-05   -2.895461778228E-05   -3.841646764691E-05    4.245454680767E-05    4.791945550894E-05    8.655349774681E-05    2.129909453898E+00   -6.586432366994E-05    1.374354391571E-05
   -8.089838038534E-05   -7.534331577093E-06    1.934561420742E-05    2.503683557718E-05   -2.660424713508E-05   -2.722966169479E-05   -3.136919456533E-05   -6.586432366994E-05    2.815932953531E+00   -4.191953677818E-05
    8.934950335460E-05    4.440458013432E-06   -1.099008273095E-05   -1.325229073330E-05    1.276149873857E-05    1.153979968958E-05    1.099897773448E-05    1.374354391571E-05   -4.191953677818E-05    3.594659073830E+00
   26.231305555115863     
   -9.997041145278E-01   -3.861847168012E-05    8.252090210412E-05    6.804634241007E-05   -2.359412760594E-05    2.008291640250E-05    5.111780675543E-05    6.963009792554E-05   -7.977543996496E-05    8.854112815928E-05
   -3.861847168012E-05    1.303501778374E-02   -2.875543644994E-05   -2.673617015075E-05    2.399364878290E-05    1.971047117177E-05    1.512244794281E-05    1.095956241314E-05   -7.452588086438E-06    4.413612735784E-06
    8.252090210412E-05   -2.875543644994E-05    1.167406443304E-01    9.243002264381E-05   -6.644373117706E-05   -5.248835175419E-05   -3.978273722100E-05   -2.858920468241E-05    1.918541591381E-05   -1.096492522680E-05
    6.804634241007E-05   -2.673617015075E-05    9.243002264381E-05    3.217007157197E-01   -1.250912974039E-04   -7.523056678492E-05   -5.406897900355E-05   -3.803876417022E-05    2.491479325379E-05   -1.329760537175E-05
   -2.359412760594E-05    2.399364878290E-05   -6.644373117706E-05   -1.250912974039E-04    6.247190103108E-01    1.238728909149E-04    6.424889272633E-05    4.212327172205E-05   -2.654023014848E-05    1.287388752044E-05
    2.008291640250E-05    1.971047117177E-05   -5.248835175419E-05   -7.523056678492E-05    1.238728909149E-04    1.023169227821E+00    1.066960040460E-04    4.757922858671E-05   -2.718234952990E-05    1.167593682700E-05
    5.111780675543E-05    1.512244794281E-05   -3.978273722100E-05   -5.406897900355E-05    6.424889272633E-05    1.066960040460E-04    1.515277086349E+00    8.586817360723E-05   -3.127574266208E-05    1.111620667174E-05
    6.963009792554E-05    1.095956241314E-05   -2.858920468241E-05   -3.803876417022E-05    4.212327172205E-05    4.757922858671E-05    8.586817360723E-05    2.099933752009E+00   -6.548621907686E-05    1.380296354569E-05
   -7.977543996496E-05   -7.452588086438E-06    1.918541591381E-05    2.491479325379E-05   -2.654023014848E-05   -2.718234952990E-05   -3.127574266208E-05   -6.548621907686E-05    2.776458943195E+00   -4.176304800159E-05
    8.854112815928E-05    4.413612735784E-06   -1.096492522680E-05   -1.329760537175E-05    1.287388752044E-05    1.167593682700E-05    1.111620667174E-05    1.380296354569E-05   -4.176304800159E-05    3.544422260126E+00
   26.413151142901107     
   -9.997088138289E-01   -3.773471042613E-05    8.097634360596E-05    6.740980680302E-05   -2.415049264383E-05    1.882981450222E-05    4.966806710944E-05    6.827855937475E-05   -7.866149501126E-05    8.773271937726E-05
   -3.773471042613E-05    1.284333077476E-02   -2.787243616692E-05   -2.596185125822E-05    2.337760213277E-05    1.927441536105E-05    1.484208214355E-05    1.079632448860E-05   -7.370429647050E-06    4.385787119079E-06
    8.097634360596E-05   -2.787243616692E-05    1.150356996447E-01    9.002958560189E-05   -6.487949715873E-05   -5.142915092137E-05   -3.912252526910E-05   -2.822355815308E-05    1.902195585013E-05   -1.093568529752E-05
    6.740980680302E-05   -2.596185125822E-05    9.002958560189E-05    3.170495039540E-01   -1.225672724631E-04   -7.391851833651E-05   -5.331235047088E-05   -3.765681940101E-05    2.478568022660E-05   -1.333561072079E-05
   -2.415049264383E-05    2.337760213277E-05   -6.487949715873E-05   -1.225672724631E-04    6.157766970532E-01    1.220133463774E-04    6.348434497406E-05    4.178589610077E-05   -2.646773306056E-05    1.297781601821E-05
    1.882981450222E-05    1.927441536105E-05   -5.142915092137E-05   -7.391851833651E-05    1.220133463774E-04    1.008646978103E+00    1.055245764992E-04    4.723381887321E-05   -2.712766846447E-05    1.180444774702E-05
    4.966806710944E-05    1.484208214355E-05   -3.912252526910E-05   -5.331235047088E-05    6.348434497406E-05    1.055245764992E-04    1.493913571666E+00    8.518043609291E-05   -3.117713996218E-05    1.122765421263E-05
    6.827855937475E-05    1.079632448860E-05   -2.822355815308E-05   -3.765681940101E-05    4.178589610077E-05    4.723381887321E-05    8.518043609291E-05    2.070479536031E+00   -6.510510030558E-05    1.385860887889E-05
   -7.866149501126E-05   -7.370429647050E-06    1.902195585013E-05    2.478568022660E-05   -2.646773306056E-05   -2.712766846447E-05   -3.117713996218E-05   -6.510510030558E-05    2.737669355180E+00   -4.160415257686E-05
    8.773271937726E-05    4.385787119079E-06   -1.093568529752E-05   -1.333561072079E-05    1.297781601821E-05    1.180444774702E-05    1.122765421263E-05    1.385860887889E-05   -4.160415257686E-05    3.495054435550E+00
   26.595624867431738     
   -9.997134396844E-01   -3.687262369493E-05    7.945813329326E-05    6.676380908457E-05   -2.467210597852E-05    1.761440054050E-05    4.824791025458E-05    6.694604091834E-05   -7.755671356558E-05    8.692456244130E-05
   -3.687262369493E-05    1.265519926052E-02   -2.701902258520E-05   -2.521092984107E-05    2.277719929640E-05    1.884713370971E-05    1.456570509238E-05    1.063421084567E-05   -7.287918559867E-06    4.357030472944E-06
    7.945813329326E-05   -2.701902258520E-05    1.133619741441E-01    8.769252947153E-05   -6.334971874863E-05   -5.038740164952E-05   -3.846870088399E-05   -2.785792076917E-05    1.885545736302E-05   -1.090252418713E-05
    6.676380908457E-05   -2.521092984107E-05    8.769252947153E-05    3.124820255193E-01   -1.200875000236E-04   -7.262193287492E-05   -5.255858124892E-05   -3.727101898384E-05    2.464981948551E-05   -1.336652413621E-05
   -2.467210597852E-05    2.277719929640E-05   -6.334971874863E-05   -1.200875000236E-04    6.069930248126E-01    1.201708744160E-04    6.272006424488E-05    4.144277648664E-05   -2.638704885754E-05    1.307347471941E-05
    1.761440054050E-05    1.884713370971E-05   -5.038740164952E-05   -7.262193287492E-05    1.201708744160E-04    9.943796277834E-01    1.043557460596E-04    4.688347009524E-05   -2.706581908761E-05    1.192546539945E-05
    4.824791025458E-05    1.456570509238E-05   -3.846870088399E-05   -5.255858124892E-05    6.272006424488E-05    1.043557460596E-04    1.472922312508E+00    8.449046060802E-05   -3.107349523326E-05    1.133339601059E-05
    6.694604091834E-05    1.063421084567E-05   -2.785792076917E-05   -3.727101898384E-05    4.144277648664E-05    4.688347009524E-05    8.449046060802E-05    2.041536029476E+00   -6.472103913217E-05    1.391050906911E-05
   -7.755671356558E-05   -7.287918559867E-06    1.885545736302E-05    2.464981948551E-05   -2.638704885754E-05   -2.706581908761E-05   -3.107349523326E-05   -6.472103913217E-05    2.699550075178E+00   -4.144286685642E-05
    8.692456244130E-05    4.357030472944E-06   -1.090252418713E-05   -1.336652413621E-05    1.307347471941E-05    1.192546539945E-05    1.133339601059E-05    1.391050906911E-05   -4.144286685642E-05    3.446537703015E+00
   26.778726728707731     
   -9.997179938914E-01   -3.603164747680E-05    7.796598176552E-05    6.610923537582E-05   -2.516012482269E-05    1.643588580660E-05    4.685697227334E-05    6.563249273637E-05   -7.646125149630E-05    8.611693159825E-05
   -3.603164747680E-05    1.247054346720E-02   -2.619413307135E-05   -2.448268846027E-05    2.219207232583E-05    1.842849846277E-05    1.429331634131E-05    1.047327237683E-05   -7.205114820415E-06    4.327390911979E-06
    7.796598176552E-05   -2.619413307135E-05    1.117187824433E-01    8.541725677512E-05   -6.185380288429E-05   -4.936301877869E-05   -3.782142033224E-05   -2.749252418985E-05    1.868613692882E-05   -1.086560005659E-05
    6.610923537582E-05   -2.448268846027E-05    8.541725677512E-05    3.079964879741E-01   -1.176515625595E-04   -7.134096527032E-05   -5.180801433905E-05   -3.688173610311E-05    2.450752716515E-05   -1.339056111051E-05
   -2.516012482269E-05    2.219207232583E-05   -6.185380288429E-05   -1.176515625595E-04    5.983646587487E-01    1.183457249697E-04    6.195640286871E-05    4.109426162106E-05   -2.629846688375E-05    1.316105449653E-05
    1.643588580660E-05    1.842849846277E-05   -4.936301877869E-05   -7.134096527032E-05    1.183457249697E-04    9.803618761939E-01    1.031898101714E-04    4.652842317719E-05   -2.699700107697E-05    1.203912402350E-05
    4.685697227334E-05    1.429331634131E-05   -3.782142033224E-05   -5.180801433905E-05    6.195640286871E-05    1.031898101714E-04    1.452295614931E+00    8.379842229209E-05   -3.096491807685E-05    1.143350905093E-05
    6.563249273637E-05    1.047327237683E-05   -2.749252418985E-05   -3.688173610311E-05    4.109426162106E-05    4.652842317719E-05    8.379842229209E-05    2.013092713653E+00   -6.433410891766E-05    1.395869459665E-05
   -7.646125149630E-05   -7.205114820415E-06    1.868613692882E-05    2.450752716515E-05   -2.629846688375E-05   -2.699700107697E-05   -3.096491807685E-05   -6.433410891766E-05    2.662087326254E+00   -4.127920852867E-05
    8.611693159825E-05    4.327390911979E-06   -1.086560005659E-05   -1.339056111051E-05    1.316105449653E-05    1.203912402350E-05    1.143350905093E-05    1.395869459665E-05   -4.127920852867E-05    3.398854593022E+00
   26.962456726729105     
   -9.997224774928E-01   -3.521123321317E-05    7.649959391117E-05    6.544693402549E-05   -2.561567923879E-05    1.529348959455E-05    4.549488577363E-05    6.433785573040E-05   -7.537525309521E-05    8.531009033415E-05
   -3.521123321317E-05    1.228928572450E-02   -2.539674527049E-05   -2.377643118359E-05    2.162186003639E-05    1.801838117913E-05    1.402491229616E-05    1.031355682578E-05   -7.122076175850E-06    4.296915363974E-06
    7.649959391117E-05   -2.539674527049E-05    1.101054566281E-01    8.320220334874E-05   -6.039115720492E-05   -4.835590607246E-05   -3.718082682119E-05   -2.712758948990E-05    1.851420426216E-05   -1.082506795080E-05
    6.544693402549E-05   -2.377643118359E-05    8.320220334874E-05    3.035911430583E-01   -1.152590285992E-04   -7.007575165066E-05   -5.106097588661E-05   -3.648933168809E-05    2.435911251120E-05   -1.340793509801E-05
   -2.561567923879E-05    2.162186003639E-05   -6.039115720492E-05   -1.152590285992E-04    5.898883446809E-01    1.165381305708E-04    6.119370151926E-05    4.074069245857E-05   -2.620227271572E-05    1.324074638898E-05
    1.529348959455E-05    1.801838117913E-05   -4.835590607246E-05   -7.007575165066E-05    1.165381305708E-04    9.665885497910E-01    1.020270595513E-04    4.616891618808E-05   -2.692141310009E-05    1.214555900033E-05
    4.549488577363E-05    1.402491229616E-05   -3.718082682119E-05   -5.106097588661E-05    6.119370151926E-05    1.020270595513E-04    1.432025968839E+00    8.310449601804E-05   -3.085151887963E-05    1.152807158898E-05
    6.433785573040E-05    1.031355682578E-05   -2.712758948990E-05   -3.648933168809E-05    4.074069245857E-05    4.616891618808E-05    8.310449601804E-05    1.985139320787E+00   -6.394438462838E-05    1.400319725990E-05
   -7.537525309521E-05   -7.122076175850E-06    1.851420426216E-05    2.435911251120E-05   -2.620227271572E-05   -2.692141310009E-05   -3.085151887963E-05   -6.394438462838E-05    2.625267659813E+00   -4.111319666008E-05
    8.531009033415E-05    4.296915363974E-06   -1.082506795080E-05   -1.340793509801E-05    1.324074638898E-05    1.214555900033E-05    1.152807158898E-05    1.400319725990E-05   -4.111319666008E-05    3.351988052175E+00
   27.146814861495841     
   -9.997268919113E-01   -3.441084726508E-05    7.505866936255E-05    6.477771671992E-05   -2.603987245281E-05    1.418643936650E-05    4.416128019757E-05    6.306206188196E-05   -7.429885139985E-05    8.450429155804E-05
   -3.441084726508E-05    1.211135039989E-02   -2.462587545407E-05   -2.309148295211E-05    2.106620795886E-05    1.761665287521E-05    1.376048636510E-05    1.015510888179E-05   -7.038858162984E-06    4.265649568438E-06
    7.505866936255E-05   -2.462587545407E-05    1.085213457347E-01    8.104583792144E-05   -5.896119058954E-05   -4.736595686917E-05   -3.654705098340E-05   -2.676332741672E-05    1.833986238372E-05   -1.078107974792E-05
    6.477771671992E-05   -2.309148295211E-05    8.104583792144E-05    2.992642854313E-01   -1.129094535492E-04   -6.882641002888E-05   -5.031777555524E-05   -3.609415453765E-05    2.420487780614E-05   -1.341885732632E-05
   -2.603987245281E-05    2.106620795886E-05   -5.896119058954E-05   -1.129094535492E-04    5.815609068290E-01    1.147483065027E-04    6.043228924279E-05    4.038240209526E-05   -2.609874799333E-05    1.331274137171E-05
    1.418643936650E-05    1.761665287521E-05   -4.736595686917E-05   -6.882641002888E-05    1.147483065027E-04    9.530545986255E-01    1.008677779385E-04    4.580518417721E-05   -2.683925266429E-05    1.224490668946E-05
    4.416128019757E-05    1.376048636510E-05   -3.654705098340E-05   -5.031777555524E-05    6.043228924279E-05    1.008677779385E-04    1.412106042900E+00    8.240885613433E-05   -3.073340869422E-05    1.161716306797E-05
    6.306206188196E-05    1.015510888179E-05   -2.676332741672E-05   -3.609415453765E-05    4.038240209526E-05    4.580518417721E-05    8.240885613433E-05    1.957665827111E+00   -6.355194268054E-05    1.404405013664E-05
   -7.429885139985E-05   -7.038858162984E-06    1.833986238372E-05    2.420487780614E-05   -2.609874799333E-05   -2.683925266429E-05   -3.073340869422E-05   -6.355194268054E-05    2.589077946581E+00   -4.094485163560E-05
    8.450429155804E-05    4.265649568438E-06   -1.078107974792E-05   -1.341885732632E-05    1.331274137171E-05    1.224490668946E-05    1.161716306797E-05    1.404405013664E-05   -4.094485163560E-05    3.305921431787E+00
   27.331801133007964     
   -9.997312384080E-01   -3.362997054208E-05    7.364290318859E-05    6.410235971389E-05   -2.643378115008E-05    1.311397103874E-05    4.285578229420E-05    6.180503477856E-05   -7.323216867528E-05    8.369977793971E-05
   -3.362997054208E-05    1.193666383815E-02   -2.388057703998E-05   -2.242718903158E-05    2.052476833866E-05    1.722318419959E-05    1.350002912999E-05    9.997970291728E-06   -6.955514159769E-06    4.233638084322E-06
    7.364290318859E-05   -2.388057703998E-05    1.069658152710E-01    7.894666196842E-05   -5.756331380936E-05   -4.639305480860E-05   -3.592021141931E-05   -2.639993869411E-05    1.816330772431E-05   -1.073378413350E-05
    6.410235971389E-05   -2.242718903158E-05    7.894666196842E-05    2.950142515054E-01   -1.106023808464E-04   -6.759304107024E-05   -4.957870699440E-05   -3.569654151367E-05    2.404511834520E-05   -1.342353663982E-05
   -2.643378115008E-05    2.052476833866E-05   -5.756331380936E-05   -1.106023808464E-04    5.733792457102E-01    1.129764512799E-04    5.967248361187E-05    4.001971577186E-05   -2.598817029909E-05    1.337723015062E-05
    1.311397103874E-05    1.722318419959E-05   -4.639305480860E-05   -6.759304107024E-05    1.129764512799E-04    9.397550930336E-01    9.971224209295E-05    4.543745909288E-05   -2.675071600859E-05    1.233730428353E-05
    4.285578229420E-05    1.350002912999E-05   -3.592021141931E-05   -4.957870699440E-05    5.967248361187E-05    9.971224209295E-05    1.392528679764E+00    8.171167637919E-05   -3.061069916688E-05    1.170086405069E-05
    6.180503477856E-05    9.997970291728E-06   -2.639993869411E-05   -3.569654151367E-05    4.001971577186E-05    4.543745909288E-05    8.171167637919E-05    1.930662446319E+00   -6.315686089737E-05    1.408128756238E-05
   -7.323216867528E-05   -6.955514159769E-06    1.816330772431E-05    2.404511834520E-05   -2.598817029909E-05   -2.675071600859E-05   -3.061069916688E-05   -6.315686089737E-05    2.553505368034E+00   -4.077419516167E-05
    8.369977793971E-05    4.233638084322E-06   -1.073378413350E-05   -1.342353663982E-05    1.337723015062E-05    1.233730428353E-05    1.170086405069E-05    1.408128756238E-05   -4.077419516167E-05    3.260638477004E+00
   27.517415541265443     
   -9.997355182920E-01   -3.286809807744E-05    7.225198643523E-05    6.342160497039E-05   -2.679845579760E-05    1.207532918547E-05    4.157801649252E-05    6.056669004167E-05   -7.217531681107E-05    8.289678217882E-05
   -3.286809807744E-05    1.176515430166E-02   -2.315993912474E-05   -2.178291444293E-05    1.999720010315E-05    1.683784558022E-05    1.324352849902E-05    9.842179961016E-06   -6.872095431061E-06    4.200924295517E-06
    7.225198643523E-05   -2.315993912474E-05    1.054382467421E-01    7.690320939790E-05   -5.619694007023E-05   -4.543707448333E-05   -3.530041519369E-05   -2.603761430187E-05    1.798473021925E-05   -1.068332657321E-05
    6.342160497039E-05   -2.178291444293E-05    7.690320939790E-05    2.908394182894E-01   -1.083373429129E-04   -6.637572877768E-05   -4.884404826387E-05   -3.529681771504E-05    2.388012240789E-05   -1.342217934661E-05
   -2.679845579760E-05    1.999720010315E-05   -5.619694007023E-05   -1.083373429129E-04    5.653403360621E-01    1.112227469968E-04    5.891459083639E-05    3.965295085756E-05   -2.587081303126E-05    1.343440295945E-05
    1.207532918547E-05    1.683784558022E-05   -4.543707448333E-05   -6.637572877768E-05    1.112227469968E-04    9.266852203791E-01    9.856072170167E-05    4.506596967274E-05   -2.665599798285E-05    1.242288965982E-05
    4.157801649252E-05    1.324352849902E-05   -3.530041519369E-05   -4.884404826387E-05    5.891459083639E-05    9.856072170167E-05    1.373286891350E+00    8.101312972700E-05   -3.048350244484E-05    1.177925614397E-05
    6.056669004167E-05    9.842179961016E-06   -2.603761430187E-05   -3.529681771504E-05    3.965295085756E-05    4.506596967274E-05    8.101312972700E-05    1.904119623152E+00   -6.275921841853E-05    1.411494509791E-05
   -7.217531681107E-05   -6.872095431061E-06    1.798473021925E-05    2.388012240789E-05   -2.587081303126E-05   -2.665599798285E-05   -3.048350244484E-05   -6.275921841853E-05    2.518537408007E+00   -4.060125024067E-05
    8.289678217882E-05    4.200924295517E-06   -1.068332657321E-05   -1.342217934661E-05    1.343440295945E-05    1.242288965982E-05    1.177925614397E-05    1.411494509791E-05   -4.060125024067E-05    3.216123316176E+00
   27.703658086268305     
   -9.997397322154E-01   -3.212473868672E-05    7.088560676859E-05    6.273616134966E-05   -2.713492096477E-05    1.106976729386E-05    4.032760534690E-05    5.934693582892E-05   -7.112839779021E-05    8.209552734673E-05
   -3.212473868672E-05    1.159675191413E-02   -2.246308512604E-05   -2.115804344025E-05    1.948316884955E-05    1.646050738345E-05    1.299096986872E-05    9.687774063056E-06   -6.788651181970E-06    4.167550422364E-06
    7.088560676859E-05   -2.246308512604E-05    1.039380372027E-01    7.491404636026E-05   -5.486148559518E-05   -4.449788211646E-05   -3.468775835653E-05   -2.567653577952E-05    1.780431342500E-05   -1.062984930342E-05
    6.273616134966E-05   -2.115804344025E-05    7.491404636026E-05    2.867382022959E-01   -1.061138622564E-04   -6.517454124259E-05   -4.811406230657E-05   -3.489529669249E-05    2.371017126352E-05   -1.341498909064E-05
   -2.713492096477E-05    1.948316884955E-05   -5.486148559518E-05   -1.061138622564E-04    5.574412248707E-01    1.094873598396E-04    5.815890594374E-05    3.928241687922E-05   -2.574694530999E-05    1.348444937905E-05
    1.106976729386E-05    1.646050738345E-05   -4.449788211646E-05   -6.517454124259E-05    1.094873598396E-04    9.138402819499E-01    9.741347941306E-05    4.469094138139E-05   -2.655529195397E-05    1.250180124718E-05
    4.032760534690E-05    1.299096986872E-05   -3.468775835653E-05   -4.811406230657E-05    5.815890594374E-05    9.741347941306E-05    1.354373854360E+00    8.031338832046E-05   -3.035193110987E-05    1.185242193367E-05
    5.934693582892E-05    9.687774063056E-06   -2.567653577952E-05   -3.489529669249E-05    3.928241687922E-05    4.469094138139E-05    8.031338832046E-05    1.878028027255E+00   -6.235909566284E-05    1.414505950720E-05
   -7.112839779021E-05   -6.788651181970E-06    1.780431342500E-05    2.371017126352E-05   -2.574694530999E-05   -2.655529195397E-05   -3.035193110987E-05   -6.235909566284E-05    2.484161844649E+00   -4.042604117408E-05
    8.209552734673E-05    4.167550422364E-06   -1.062984930342E-05   -1.341498909064E-05    1.348444937905E-05    1.250180124718E-05    1.185242193367E-05    1.414505950720E-05   -4.042604117408E-05    3.172360450652E+00
   27.890528768016530     
   -9.997438820724E-01   -3.139941443344E-05    6.954344870342E-05    6.204670554589E-05   -2.744417567788E-05    1.009654781185E-05    3.910416970786E-05    5.814567305543E-05   -7.009150390039E-05    8.129622699791E-05
   -3.139941443344E-05    1.143138860214E-02   -2.178917133526E-05   -2.055197890159E-05    1.898234675041E-05    1.609104000755E-05    1.274233623890E-05    9.534786117238E-06   -6.705228591448E-06    4.133557522112E-06
    6.954344870342E-05   -2.178917133526E-05    1.024645987900E-01    7.297777061023E-05   -5.355636995122E-05   -4.357533606248E-05   -3.408232634470E-05   -2.531687545417E-05    1.762223459074E-05   -1.057349129875E-05
    6.204670554589E-05   -2.055197890159E-05    7.297777061023E-05    2.827090584036E-01   -1.039314520204E-04   -6.398953115840E-05   -4.738899727986E-05   -3.449228057761E-05    2.353553912868E-05   -1.340216670250E-05
   -2.744417567788E-05    1.898234675041E-05   -5.355636995122E-05   -1.039314520204E-04    5.496790293353E-01    1.077704401471E-04    5.740571279401E-05    3.890841546002E-05   -2.561683183351E-05    1.352755813539E-05
    1.009654781185E-05    1.609104000755E-05   -4.357533606248E-05   -6.398953115840E-05    1.077704401471E-04    9.012156897866E-01    9.627077053294E-05    4.431259623576E-05   -2.644878965559E-05    1.257417786982E-05
    3.910416970786E-05    1.274233623890E-05   -3.408232634470E-05   -4.738899727986E-05    5.740571279401E-05    9.627077053294E-05    1.335782905719E+00    7.961262315948E-05   -3.021609803967E-05    1.192044489397E-05
    5.814567305543E-05    9.534786117238E-06   -2.531687545417E-05   -3.449228057761E-05    3.890841546002E-05    4.431259623576E-05    7.961262315948E-05    1.852378546996E+00   -6.195657412503E-05    1.417166870136E-05
   -7.009150390039E-05   -6.705228591448E-06    1.762223459074E-05    2.353553912868E-05   -2.561683183351E-05   -2.644878965559E-05   -3.021609803967E-05   -6.195657412503E-05    2.450366742369E+00   -4.024859346917E-05
    8.129622699791E-05    4.133557522112E-06   -1.057349129875E-05   -1.340216670250E-05    1.352755813539E-05    1.257417786982E-05    1.192044489397E-05    1.417166870136E-05   -4.024859346917E-05    3.129334744610E+00
   28.078027586510135     
   -9.997479687956E-01   -3.069166042850E-05    6.822519441291E-05    6.135388335733E-05   -2.772719374890E-05    9.154942478096E-06    3.790732928321E-05    5.696279602009E-05   -6.906471832778E-05    8.049908564271E-05
   -3.069166042850E-05    1.126899804513E-02   -2.113738575376E-05   -1.996414188739E-05    1.849441257291E-05    1.572931405768E-05    1.249760838737E-05    9.383247110490E-06   -6.621872876805E-06    4.098985509353E-06
    6.822519441291E-05   -2.113738575376E-05    1.010173583251E-01    7.109301151217E-05   -5.228101668582E-05   -4.266928751761E-05   -3.348419453549E-05   -2.495879677925E-05    1.743866480884E-05   -1.051438829001E-05
    6.135388335733E-05   -1.996414188739E-05    7.109301151217E-05    2.787504788766E-01   -1.017896173133E-04   -6.282073667050E-05   -4.666908710252E-05   -3.408806036148E-05    2.335649322713E-05   -1.338391011184E-05
   -2.772719374890E-05    1.849441257291E-05   -5.228101668582E-05   -1.017896173133E-04    5.420509350893E-01    1.060721231995E-04    5.665528437470E-05    3.853124042282E-05   -2.548073283775E-05    1.356391695354E-05
    9.154942478096E-06    1.572931405768E-05   -4.266928751761E-05   -6.282073667050E-05    1.060721231995E-04    8.888069638619E-01    9.513284328647E-05    4.393115282270E-05   -2.633668113748E-05    1.264015863637E-05
    3.790732928321E-05    1.249760838737E-05   -3.348419453549E-05   -4.666908710252E-05    5.665528437470E-05    9.513284328647E-05    1.317507538472E+00    7.891100419124E-05   -3.007611638514E-05    1.198340933593E-05
    5.696279602009E-05    9.383247110490E-06   -2.495879677925E-05   -3.408806036148E-05    3.853124042282E-05    4.393115282270E-05    7.891100419124E-05    1.827162283826E+00   -6.155173644042E-05    1.419481173123E-05
   -6.906471832778E-05   -6.621872876805E-06    1.743866480884E-05    2.335649322713E-05   -2.548073283775E-05   -2.633668113748E-05   -3.007611638514E-05   -6.155173644042E-05    2.417140444410E+00   -4.006893389785E-05
    8.049908564271E-05    4.098985509353E-06   -1.051438829001E-05   -1.338391011184E-05    1.356391695354E-05    1.264015863637E-05    1.198340933593E-05    1.419481173123E-05   -4.006893389785E-05    3.087031415608E+00
   28.266154541749110     
   -9.997519933528E-01   -3.000102438584E-05    6.693052403145E-05    6.065831064813E-05   -2.798492414083E-05    8.244232400631E-06    3.673670286291E-05    5.579819268559E-05   -6.804811543017E-05    7.970429892946E-05
   -3.000102438584E-05    1.110951562207E-02   -2.050694679911E-05   -1.939397108791E-05    1.801905159878E-05    1.537520044287E-05    1.225676498835E-05    9.233185580876E-06   -6.538627334114E-06    4.063873162901E-06
    6.693052403145E-05   -2.050694679911E-05    9.959575688427E-02    6.925842950034E-05   -5.103485365904E-05   -4.177958102006E-05   -3.289342865719E-05   -2.460245458080E-05    1.725376910942E-05   -1.045267275313E-05
    6.065831064813E-05   -1.939397108791E-05    6.925842950034E-05    2.748609923177E-01   -9.968785586408E-05   -6.166818193625E-05   -4.595455182756E-05   -3.368291606621E-05    2.317329378847E-05   -1.336041423194E-05
   -2.798492414083E-05    1.801905159878E-05   -5.103485365904E-05   -9.968785586408E-05    5.345541943214E-01    1.043925294414E-04    5.590788288907E-05    3.815117778015E-05   -2.533890399321E-05    1.359371238554E-05
    8.244232400631E-06    1.537520044287E-05   -4.177958102006E-05   -6.166818193625E-05    1.043925294414E-04    8.766097291443E-01    9.399993865270E-05    4.354682617679E-05   -2.621915464585E-05    1.269988280215E-05
    3.673670286291E-05    1.225676498835E-05   -3.289342865719E-05   -4.595455182756E-05    5.590788288907E-05    9.399993865270E-05    1.299541397553E+00    7.820870009222E-05   -2.993209945915E-05    1.204140032685E-05
    5.579819268559E-05    9.233185580876E-06   -2.460245458080E-05   -3.368291606621E-05    3.815117778015E-05    4.354682617679E-05    7.820870009222E-05    1.802370546524E+00   -6.114466623889E-05    1.421452874001E-05
   -6.804811543017E-05   -6.538627334114E-06    1.725376910942E-05    2.317329378847E-05   -2.533890399321E-05   -2.621915464585E-05   -2.993209945915E-05   -6.114466623889E-05    2.384471565350E+00   -3.988709043318E-05
    7.970429892946E-05    4.063873162901E-06   -1.045267275313E-05   -1.336041423194E-05    1.359371238554E-05    1.269988280215E-05    1.204140032685E-05    1.421452874001E-05   -3.988709043318E-05    3.045436025095E+00
   28.454909633733457     
   -9.997559566001E-01   -2.932706627933E-05    6.565911610264E-05    5.996057438450E-05   -2.821829132968E-05    7.363708204819E-06    3.559190864288E-05    5.465174506167E-05   -6.704176110948E-05    7.891205392464E-05
   -2.932706627933E-05    1.095287836154E-02   -1.989710212572E-05   -1.884092232644E-05    1.755595557291E-05    1.502857049064E-05    1.201978274408E-05    9.084627711785E-06   -6.455533387129E-06    4.028258138854E-06
    6.565911610264E-05   -1.989710212572E-05    9.819924939953E-02    6.747271570826E-05   -4.981731344072E-05   -4.090605499182E-05   -3.231008523262E-05   -2.424799533192E-05    1.706770657840E-05   -1.038847391558E-05
    5.996057438450E-05   -1.884092232644E-05    6.747271570826E-05    2.710391626873E-01   -9.762565887087E-05   -6.053187776833E-05   -4.524559807214E-05   -3.327711696094E-05    2.298619408156E-05   -1.333187086860E-05
   -2.821829132968E-05    1.755595557291E-05   -4.981731344072E-05   -9.762565887087E-05    5.271861240073E-01    1.027317649105E-04    5.516375992674E-05    3.776850577563E-05   -2.519159633718E-05    1.361712966016E-05
    7.363708204819E-06    1.502857049064E-05   -4.090605499182E-05   -6.053187776833E-05    1.027317649105E-04    8.646197128210E-01    9.287229036408E-05    4.315982771587E-05   -2.609639653475E-05    1.275348964700E-05
    3.559190864288E-05    1.201978274408E-05   -3.231008523262E-05   -4.524559807214E-05    5.516375992674E-05    9.287229036408E-05    1.281878275773E+00    7.750587816573E-05   -2.978416065846E-05    1.209450362084E-05
    5.465174506167E-05    9.084627711785E-06   -2.424799533192E-05   -3.327711696094E-05    3.776850577563E-05    4.315982771587E-05    7.750587816573E-05    1.777994845721E+00   -6.073544807405E-05    1.423086092860E-05
   -6.704176110948E-05   -6.455533387129E-06    1.706770657840E-05    2.298619408156E-05   -2.519159633718E-05   -2.609639653475E-05   -2.978416065846E-05   -6.073544807405E-05    2.352348983925E+00   -3.970309222751E-05
    7.891205392464E-05    4.028258138854E-06   -1.038847391558E-05   -1.333187086860E-05    1.361712966016E-05    1.275348964700E-05    1.209450362084E-05    1.423086092860E-05   -3.970309222751E-05    3.004534469322E+00
   28.644292862463175     
   -9.997598598688E-01   -2.866935795679E-05    6.441064789947E-05    5.926123357910E-05   -2.842819567191E-05    6.512670121081E-06    3.447256446682E-05    5.352332950160E-05   -6.604571310349E-05    7.812252932226E-05
   -2.866935795679E-05    1.079902489258E-02   -1.930712745662E-05   -1.830446804932E-05    1.710482262839E-05    1.468929604003E-05    1.178663650075E-05    8.937597416362E-06   -6.372630630897E-06    3.992176981446E-06
    6.441064789947E-05   -1.930712745662E-05    9.682730426232E-02    6.573459147363E-05   -4.862783362129E-05   -4.004854221796E-05   -3.173421198207E-05   -2.389555740423E-05    1.688063046495E-05   -1.032191776002E-05
    5.926123357910E-05   -1.830446804932E-05    6.573459147363E-05    2.672835883309E-01   -9.560251168088E-05   -5.941182220391E-05   -4.454241940630E-05   -3.287092175720E-05    2.279544044093E-05   -1.329846863052E-05
   -2.842819567191E-05    1.710482262839E-05   -4.862783362129E-05   -9.560251168088E-05    5.199441041610E-01    1.010899215419E-04    5.442315659294E-05    3.738349490585E-05   -2.503905619874E-05    1.363435253383E-05
    6.512670121081E-06    1.468929604003E-05   -4.004854221796E-05   -5.941182220391E-05    1.010899215419E-04    8.528327415585E-01    9.175012481541E-05    4.277036514922E-05   -2.596859116552E-05    1.280111835071E-05
    3.447256446682E-05    1.178663650075E-05   -3.173421198207E-05   -4.454241940630E-05    5.442315659294E-05    9.175012481541E-05    1.264512109870E+00    7.680270417066E-05   -2.963241336630E-05    1.214280558361E-05
    5.352332950160E-05    8.937597416362E-06   -2.389555740423E-05   -3.287092175720E-05    3.738349490585E-05    4.277036514922E-05    7.680270417066E-05    1.754026888522E+00   -6.032416730244E-05    1.424385051112E-05
   -6.604571310349E-05   -6.372630630897E-06    1.688063046495E-05    2.279544044093E-05   -2.503905619874E-05   -2.596859116552E-05   -2.963241336630E-05   -6.032416730244E-05    2.320761836008E+00   -3.951696956007E-05
    7.812252932226E-05    3.992176981446E-06   -1.032191776002E-05   -1.329846863052E-05    1.363435253383E-05    1.280111835071E-05    1.214280558361E-05    1.424385051112E-05   -3.951696956007E-05    2.964312970448E+00
   28.834304227938269     
   -9.997637046875E-01   -2.802748282844E-05    6.318479584566E-05    5.856082028836E-05   -2.861551377706E-05    5.690428115305E-06    3.337828813564E-05    5.241281707230E-05   -6.506002135109E-05    7.733589572836E-05
   -2.802748282844E-05    1.064789539835E-02   -1.873632550556E-05   -1.778409685793E-05    1.666535723066E-05    1.435724954549E-05    1.155729937252E-05    8.792116428785E-06   -6.289956881207E-06    3.955665138315E-06
    6.318479584566E-05   -1.873632550556E-05    9.547940295032E-02    6.404280796042E-05   -4.746585716170E-05   -3.920687034954E-05   -3.116584824615E-05   -2.354527133792E-05    1.669268830564E-05   -1.025312704100E-05
    5.856082028836E-05   -1.778409685793E-05    6.404280796042E-05    2.635929010608E-01   -9.361789460242E-05   -5.830800112952E-05   -4.384519678112E-05   -3.246457883631E-05    2.260127231971E-05   -1.326039285874E-05
   -2.861551377706E-05    1.666535723066E-05   -4.746585716170E-05   -9.361789460242E-05    5.128255761775E-01    9.946707762449E-05    5.368630369918E-05    3.699640798117E-05   -2.488152515121E-05    1.364556315895E-05
    5.690428115305E-06    1.435724954549E-05   -3.920687034954E-05   -5.830800112952E-05    9.946707762449E-05    8.412447388975E-01    9.063366110071E-05    4.237864243056E-05   -2.583592083013E-05    1.284290788039E-05
    3.337828813564E-05    1.155729937252E-05   -3.116584824615E-05   -4.384519678112E-05    5.368630369918E-05    9.063366110071E-05    1.247436976740E+00    7.609934224191E-05   -2.947697088076E-05    1.218639312530E-05
    5.241281707230E-05    8.792116428785E-06   -2.354527133792E-05   -3.246457883631E-05    3.699640798117E-05    4.237864243056E-05    7.609934224191E-05    1.730458573355E+00   -5.991091002333E-05    1.425354067955E-05
   -6.506002135109E-05   -6.289956881207E-06    1.669268830564E-05    2.260127231971E-05   -2.488152515121E-05   -2.583592083013E-05   -2.947697088076E-05   -5.991091002333E-05    2.289699507867E+00   -3.932875381836E-05
    7.733589572836E-05    3.955665138315E-06   -1.025312704100E-05   -1.326039285874E-05    1.364556315895E-05    1.284290788039E-05    1.218639312530E-05    1.425354067955E-05   -3.932875381836E-05    2.924758067997E+00
   29.024943730158729     
   -9.997674911925E-01   -2.740103564977E-05    6.198123608413E-05    5.785984070116E-05   -2.878109889746E-05    4.896302074554E-06    3.230869781258E-05    5.132007403250E-05   -6.408472846654E-05    7.655231605706E-05
   -2.740103564977E-05    1.049943157318E-02   -1.818402499914E-05   -1.727931309062E-05    1.623727014846E-05    1.403230419763E-05    1.133174287817E-05    8.648204405874E-06   -6.207548232338E-06    3.918756981770E-06
    6.198123608413E-05   -1.818402499914E-05    9.415503968049E-02    6.239614594004E-05   -4.633083280622E-05   -3.838086244745E-05   -3.060502544117E-05   -2.319726013960E-05    1.650402207177E-05   -1.018222131854E-05
    5.785984070116E-05   -1.727931309062E-05    6.239614594004E-05    2.599657652996E-01   -9.167128390973E-05   -5.722038898847E-05   -4.315409901408E-05   -3.205832652145E-05    2.240392237730E-05   -1.321782558031E-05
   -2.878109889746E-05    1.623727014846E-05   -4.633083280622E-05   -9.167128390973E-05    5.058280412800E-01    9.786329847083E-05    5.295342203946E-05    3.660750024026E-05   -2.471924000150E-05    1.365094197504E-05
    4.896302074554E-06    1.403230419763E-05   -3.838086244745E-05   -5.722038898847E-05    9.786329847083E-05    8.298517227991E-01    8.952311122999E-05    4.198485977430E-05   -2.569856570878E-05    1.287899689492E-05
    3.230869781258E-05    1.133174287817E-05   -3.060502544117E-05   -4.315409901408E-05    5.295342203946E-05    8.952311122999E-05    1.230647089872E+00    7.539595494301E-05   -2.931794638150E-05    1.222535364637E-05
    5.132007403250E-05    8.648204405874E-06   -2.319726013960E-05   -3.205832652145E-05    3.660750024026E-05    4.198485977430E-05    7.539595494301E-05    1.707281985085E+00   -5.949576310874E-05    1.425997558383E-05
   -6.408472846654E-05   -6.207548232338E-06    1.650402207177E-05    2.240392237730E-05   -2.471924000150E-05   -2.569856570878E-05   -2.931794638150E-05   -5.949576310874E-05    2.259151629735E+00   -3.913847753111E-05
    7.655231605706E-05    3.918756981770E-06   -1.018222131854E-05   -1.321782558031E-05    1.365094197504E-05    1.287899689492E-05    1.222535364637E-05    1.425997558383E-05   -3.913847753111E-05    2.885856610682E+00
   29.216211369124569     
   -9.997712207480E-01   -2.678962202353E-05    6.079964445241E-05    5.715877582400E-05   -2.892578129987E-05    4.129621737405E-06    3.126341204432E-05    5.024496189231E-05   -6.311986980790E-05    7.577194554103E-05
   -2.678962202353E-05    1.035357657500E-02   -1.764957954488E-05   -1.678963628260E-05    1.582027831710E-05    1.371433395829E-05    1.110993701459E-05    8.505878984744E-06   -6.125439086056E-06    3.881485813533E-06
    6.079964445241E-05   -1.764957954488E-05    9.285372102433E-02    6.079341497198E-05   -4.522221516203E-05   -3.757033729150E-05   -3.005176735005E-05   -2.285163946959E-05    1.631476824681E-05   -1.010931695420E-05
    5.715877582400E-05   -1.678963628260E-05    6.079341497198E-05    2.564008771350E-01   -8.976215205869E-05   -5.614894914541E-05   -4.246928306265E-05   -3.165239321449E-05    2.220361648584E-05   -1.317094542287E-05
   -2.892578129987E-05    1.582027831710E-05   -4.522221516203E-05   -8.976215205869E-05    4.989490588295E-01    9.627863638017E-05    5.222472240542E-05    3.621701931827E-05   -2.455243269598E-05    1.365066756384E-05
    4.129621737405E-06    1.371433395829E-05   -3.757033729150E-05   -5.614894914541E-05    9.627863638017E-05    8.186498030184E-01    8.841867978966E-05    4.158921348947E-05   -2.555670373736E-05    1.290952361481E-05
    3.126341204432E-05    1.110993701459E-05   -3.005176735005E-05   -4.246928306265E-05    5.222472240542E-05    8.841867978966E-05    1.214136795589E+00    7.469270290531E-05   -2.915545277970E-05    1.225977494699E-05
    5.024496189231E-05    8.505878984744E-06   -2.285163946959E-05   -3.165239321449E-05    3.621701931827E-05    4.158921348947E-05    7.469270290531E-05    1.684489389925E+00   -5.907881394303E-05    1.426320026039E-05
   -6.311986980790E-05   -6.125439086056E-06    1.631476824681E-05    2.220361648584E-05   -2.455243269598E-05   -2.555670373736E-05   -2.915545277970E-05   -5.907881394303E-05    2.229108069209E+00   -3.894617422982E-05
    7.577194554103E-05    3.881485813533E-06   -1.010931695420E-05   -1.317094542287E-05    1.365066756384E-05    1.290952361481E-05    1.225977494699E-05    1.426320026039E-05   -3.894617422982E-05    2.847595748082E+00
   29.408107144835775     
   -9.997748944611E-01   -2.619285819754E-05    5.963969700093E-05    5.645808251245E-05   -2.905036866022E-05    3.389726852917E-06    3.024205013556E-05    4.918733785987E-05   -6.216547392446E-05    7.499493211115E-05
   -2.619285819754E-05    1.021027498526E-02   -1.713236673392E-05   -1.631460076913E-05    1.541410480160E-05    1.340321366802E-05    1.089185038348E-05    8.365155879224E-06   -6.043662207930E-06    3.843883886738E-06
    5.963969700093E-05   -1.713236673392E-05    9.157496558261E-02    5.923345315720E-05   -4.413946505685E-05   -3.677510987834E-05   -2.950609054976E-05   -2.250851792835E-05    1.612505797382E-05   -1.003452715064E-05
    5.645808251245E-05   -1.631460076913E-05    5.923345315720E-05    2.528969635142E-01   -8.788996861821E-05   -5.509363455725E-05   -4.179089449423E-05   -3.124699766847E-05    2.200057382883E-05   -1.311992758324E-05
   -2.905036866022E-05    1.541410480160E-05   -4.413946505685E-05   -8.788996861821E-05    4.921862448630E-01    9.471313129491E-05    5.150040586539E-05    3.582520536998E-05   -2.438133032265E-05    1.364491655475E-05
    3.389726852917E-06    1.340321366802E-05   -3.677510987834E-05   -5.509363455725E-05    9.471313129491E-05    8.076351787940E-01    8.732056416524E-05    4.119189600266E-05   -2.541051057128E-05    1.293462573341E-05
    3.024205013556E-05    1.089185038348E-05   -2.950609054976E-05   -4.179089449423E-05    5.150040586539E-05    8.732056416524E-05    1.197900569689E+00    7.398974488207E-05   -2.898960268525E-05    1.228974517322E-05
    4.918733785987E-05    8.365155879224E-06   -2.250851792835E-05   -3.124699766847E-05    3.582520536998E-05    4.119189600266E-05    7.398974488207E-05    1.662073230833E+00   -5.866015044928E-05    1.426326060921E-05
   -6.216547392446E-05   -6.043662207930E-06    1.612505797382E-05    2.200057382883E-05   -2.438133032265E-05   -2.541051057128E-05   -2.898960268525E-05   -5.866015044928E-05    2.199558925193E+00   -3.875187847678E-05
    7.499493211115E-05    3.843883886738E-06   -1.003452715064E-05   -1.311992758324E-05    1.364491655475E-05    1.293462573341E-05    1.228974517322E-05    1.426326060921E-05   -3.875187847678E-05    2.809962922947E+00
   29.600631057292354     
   -9.997785133901E-01   -2.561037075110E-05    5.850107025571E-05    5.575819432288E-05   -2.915564645299E-05    2.675967227482E-06    2.924423235827E-05    4.814705510814E-05   -6.122156283049E-05    7.422141661317E-05
   -2.561037075110E-05    1.006947276763E-02   -1.663178720105E-05   -1.585375524462E-05    1.501847871416E-05    1.309881911529E-05    1.067745028977E-05    8.226048957212E-06   -5.962248771829E-06    3.805982421718E-06
    5.850107025571E-05   -1.663178720105E-05    9.031830365026E-02    5.771512663954E-05   -4.308204974672E-05   -3.599499181189E-05   -2.896800476476E-05   -2.216799729550E-05    1.593501717510E-05   -9.957961978205E-06
    5.575819432289E-05   -1.585375524462E-05    5.771512663954E-05    2.494527814161E-01   -8.605420085906E-05   -5.405438829462E-05   -4.111906786634E-05   -3.084234920602E-05    2.179500697066E-05   -1.306494378554E-05
   -2.915564645299E-05    1.501847871416E-05   -4.308204974672E-05   -8.605420085906E-05    4.855372706006E-01    9.316681116477E-05    5.078066393883E-05    3.543229113696E-05   -2.420615508457E-05    1.363386352139E-05
    2.675967227482E-06    1.309881911529E-05   -3.599499181189E-05   -5.405438829462E-05    9.316681116477E-05    7.968041365061E-01    8.622895453863E-05    4.079309580980E-05   -2.526015951617E-05    1.295444031804E-05
    2.924423235827E-05    1.067745028977E-05   -2.896800476476E-05   -4.111906786634E-05    5.078066393883E-05    8.622895453863E-05    1.181933014066E+00    7.328723763386E-05   -2.882050832782E-05    1.231535275032E-05
    4.814705510814E-05    8.226048957212E-06   -2.216799729550E-05   -3.084234920602E-05    3.543229113696E-05    4.079309580980E-05    7.328723763386E-05    1.640026122900E+00   -5.823986099554E-05    1.426020335048E-05
   -6.122156283049E-05   -5.962248771829E-06    1.593501717510E-05    2.179500697066E-05   -2.420615508457E-05   -2.526015951617E-05   -2.882050832782E-05   -5.823986099554E-05    2.170494521871E+00   -3.855562582128E-05
    7.422141661317E-05    3.805982421718E-06   -9.957961978205E-06   -1.306494378554E-05    1.363386352139E-05    1.295444031804E-05    1.231535275032E-05    1.426020335048E-05   -3.855562582128E-05    2.772945863558E+00
   29.793783106494306     
   -9.997820776645E-01   -2.504179635933E-05    5.738344160241E-05    5.505952243902E-05   -2.924237835702E-05    1.987702813853E-06    2.826958023819E-05    4.712396313113E-05   -6.028815237028E-05    7.345153311890E-05
   -2.504179635933E-05    9.931117229561E-03   -1.614726376724E-05   -1.540666236356E-05    1.463313515352E-05    1.280102711908E-05    1.046670284988E-05    8.088570325880E-06   -5.881228410720E-06    3.767811626309E-06
    5.738344160241E-05   -1.614726376724E-05    8.908327690344E-02    5.623732923958E-05   -4.204944317419E-05   -3.522979172517E-05   -2.843751324483E-05   -2.183017278955E-05    1.574476668936E-05   -9.879728414461E-06
    5.505952243902E-05   -1.540666236356E-05    5.623732923958E-05    2.460671170757E-01   -8.425431449750E-05   -5.303114412770E-05   -4.045392715077E-05   -3.043864797212E-05    2.158712195327E-05   -1.300616225819E-05
   -2.924237835702E-05    1.463313515352E-05   -4.204944317419E-05   -8.425431449750E-05    4.789998610408E-01    9.163969248548E-05    5.006567884007E-05    3.503850205816E-05   -2.402712430287E-05    1.361768089641E-05
    1.987702813853E-06    1.280102711908E-05   -3.522979172517E-05   -5.303114412770E-05    9.163969248548E-05    7.861530474636E-01    8.514403403763E-05    4.039299748108E-05   -2.510582148679E-05    1.296910372471E-05
    2.826958023819E-05    1.046670284988E-05   -2.843751324483E-05   -4.045392715077E-05    5.006567884007E-05    8.514403403763E-05    1.166228853500E+00    7.258533592836E-05   -2.864828151053E-05    1.233668632623E-05
    4.712396313113E-05    8.088570325880E-06   -2.183017278955E-05   -3.043864797212E-05    3.503850205816E-05    4.039299748108E-05    7.258533592836E-05    1.618340848960E+00   -5.781803438011E-05    1.425407599372E-05
   -6.028815237028E-05   -5.881228410720E-06    1.574476668936E-05    2.158712195327E-05   -2.402712430287E-05   -2.510582148679E-05   -2.864828151053E-05   -5.781803438011E-05    2.141905402951E+00   -3.835745280139E-05
    7.345153311890E-05    3.767811626309E-06   -9.879728414461E-06   -1.300616225819E-05    1.361768089641E-05    1.296910372471E-05    1.233668632623E-05    1.425407599372E-05   -3.835745280139E-05    2.736532576426E+00
   29.987563292441632     
   -9.997855890692E-01   -2.448678135014E-05    5.628648921704E-05    5.436245626754E-05   -2.931130662082E-05    1.324303622218E-06    2.731771655328E-05    4.611790777556E-05   -5.936525226138E-05    7.268540892522E-05
   -2.448678135014E-05    9.795156980609E-03   -1.567824047659E-05   -1.497289825579E-05    1.425781506577E-05    1.250971554719E-05    1.025957305155E-05    7.952730382789E-06   -5.800629244899E-06    3.729400703056E-06
    5.628648921704E-05   -1.567824047659E-05    8.786943805971E-02    5.479898164853E-05   -4.104112597717E-05   -3.447931552279E-05   -2.791461301509E-05   -2.149513324052E-05    1.555442235312E-05   -9.799930353297E-06
    5.436245626754E-05   -1.497289825579E-05    5.479898164853E-05    2.427387851442E-01   -8.248977383506E-05   -5.202382684548E-05   -3.979558599099E-05   -3.003608507898E-05    2.137711832702E-05   -1.294374767874E-05
   -2.931130662082E-05    1.425781506577E-05   -4.104112597717E-05   -8.248977383506E-05    4.725717934562E-01    9.013178028494E-05    4.935562351559E-05    3.464405626342E-05   -2.384445035221E-05    1.359653885655E-05
    1.324303622218E-06    1.250971554719E-05   -3.447931552279E-05   -5.202382684548E-05    9.013178028494E-05    7.756783655660E-01    8.406597844244E-05    3.999178151949E-05   -2.494766489277E-05    1.297875148408E-05
    2.731771655328E-05    1.025957305155E-05   -2.791461301509E-05   -3.979558599099E-05    4.935562351559E-05    8.406597844244E-05    1.150782932315E+00    7.188419220593E-05   -2.847303346830E-05    1.235383468476E-05
    4.611790777556E-05    7.952730382789E-06   -2.149513324052E-05   -3.003608507898E-05    3.464405626342E-05    3.999178151949E-05    7.188419220593E-05    1.597010355068E+00   -5.739475957897E-05    1.424492676420E-05
   -5.936525226138E-05   -5.800629244899E-06    1.555442235312E-05    2.137711832702E-05   -2.384445035221E-05   -2.494766489277E-05   -2.847303346830E-05   -5.739475957897E-05    2.113782325786E+00   -3.815739680369E-05
    7.268540892522E-05    3.729400703056E-06   -9.799930353297E-06   -1.294374767874E-05    1.359653885655E-05    1.297875148408E-05    1.235383468476E-05    1.424492676420E-05   -3.815739680369E-05    2.700711338877E+00
   30.181971615134323     
   -9.997890478170E-01   -2.394498163143E-05    5.520989270994E-05    5.366736452314E-05   -2.936315249675E-05    6.851499042835E-07    2.638826578649E-05    4.512873178596E-05   -5.845286664963E-05    7.192316505847E-05
   -2.394498163143E-05    9.661541899487E-03   -1.522418190525E-05   -1.455205221502E-05    1.389226523194E-05    1.222476342920E-05    1.005602488440E-05    7.818537918792E-06   -5.720477946857E-06    3.690777879685E-06
    5.520989270994E-05   -1.522418190525E-05    8.667635060930E-02    5.339903134794E-05   -4.005658586176E-05   -3.374336687536E-05   -2.739929530976E-05   -2.116296139616E-05    1.536409517611E-05   -9.718668672600E-06
    5.366736452314E-05   -1.455205221502E-05    5.339903134794E-05    2.394666280189E-01   -8.076004283510E-05   -5.103235298169E-05   -3.914414822223E-05   -2.963484293289E-05    2.116518930546E-05   -1.287786119184E-05
   -2.936315249675E-05    1.389226523194E-05   -4.005658586176E-05   -8.076004283510E-05    4.662508961672E-01    8.864306902669E-05    4.865066203434E-05    3.424916477642E-05   -2.365834072785E-05    1.357060527785E-05
    6.851499042835E-07    1.222476342920E-05   -3.374336687536E-05   -5.103235298169E-05    8.864306902669E-05    7.653766253479E-01    8.299495664950E-05    3.958962447778E-05   -2.478585565901E-05    1.298351824791E-05
    2.638826578649E-05    1.005602488440E-05   -2.739929530976E-05   -3.914414822223E-05    4.865066203434E-05    8.299495664950E-05    1.135590211511E+00    7.118395681313E-05   -2.829487489099E-05    1.236688671400E-05
    4.512873178596E-05    7.818537918792E-06   -2.116296139616E-05   -2.963484293289E-05    3.424916477642E-05    3.958962447778E-05    7.118395681313E-05    1.576027746540E+00   -5.697012589102E-05    1.423280460077E-05
   -5.845286664963E-05   -5.720477946857E-06    1.536409517611E-05    2.116518930546E-05   -2.365834072785E-05   -2.478585565901E-05   -2.829487489099E-05   -5.697012589102E-05    2.086116256143E+00   -3.795549615671E-05
    7.192316505847E-05    3.690777879685E-06   -9.718668672600E-06   -1.287786119184E-05    1.357060527785E-05    1.298351824791E-05    1.236688671400E-05    1.423280460077E-05   -3.795549615671E-05    2.665470692376E+00
   30.377008074572398     
   -9.997924554257E-01   -2.341606225007E-05    5.415333299391E-05    5.297459575522E-05   -2.939861660309E-05    6.963203467882E-08    2.548085408479E-05    4.415627479355E-05   -5.755099411228E-05    7.116491624125E-05
   -2.341606225007E-05    9.530223094591E-03   -1.478457225674E-05   -1.414372622902E-05    1.353623812003E-05    1.194605096106E-05    9.856021388752E-06    7.686000162475E-06   -5.640799766494E-06    3.651970415688E-06
    5.415333299391E-05   -1.478457225674E-05    8.550358849178E-02    5.203645176765E-05   -3.909531755653E-05   -3.302174741469E-05   -2.689154579039E-05   -2.083373407795E-05    1.517389141740E-05   -9.636041244815E-06
    5.297459575522E-05   -1.414372622902E-05    5.203645176765E-05    2.362495150425E-01   -7.906458516790E-05   -5.005663108531E-05   -3.849970810269E-05   -2.923509536959E-05    2.095152179839E-05   -1.280866036259E-05
   -2.939861660309E-05    1.353623812003E-05   -3.909531755653E-05   -7.906458516790E-05    4.600350471082E-01    8.717354255049E-05    4.795094961308E-05    3.385403150673E-05   -2.346899798655E-05    1.354004563029E-05
    6.963203467882E-08    1.194605096106E-05   -3.302174741469E-05   -5.005663108531E-05    8.717354255049E-05    7.552444397535E-01    8.193113035850E-05    3.918669881451E-05   -2.462055711264E-05    1.298353767923E-05
    2.548085408479E-05    9.856021388752E-06   -2.689154579039E-05   -3.849970810269E-05    4.795094961308E-05    8.193113035850E-05    1.120645765585E+00    7.048477765296E-05   -2.811391577764E-05    1.237593131826E-05
    4.415627479355E-05    7.686000162475E-06   -2.083373407795E-05   -2.923509536959E-05    3.385403150673E-05    3.918669881451E-05    7.048477765296E-05    1.555386283657E+00   -5.654422267114E-05    1.421775907754E-05
   -5.755099411228E-05   -5.640799766494E-06    1.517389141740E-05    2.095152179839E-05   -2.346899798655E-05   -2.462055711264E-05   -2.811391577764E-05   -5.654422267114E-05    2.058898362629E+00   -3.775178997966E-05
    7.116491624125E-05    3.651970415688E-06   -9.636041244815E-06   -1.280866036259E-05    1.354004563029E-05    1.298353767923E-05    1.237593131826E-05    1.421775907754E-05   -3.775178997966E-05    2.630799435506E+00
   30.572672670755836     
   -9.997958119354E-01   -2.289969729868E-05    5.311649282789E-05    5.228447934517E-05   -2.941837936145E-05   -5.228493565966E-07    2.459510964579E-05    4.320037379251E-05   -5.665962814921E-05    7.041077134308E-05
   -2.289969729868E-05    9.401152872594E-03   -1.435891471020E-05   -1.374753467210E-05    1.318949185649E-05    1.167345959918E-05    9.659524771519E-06    7.555122873969E-06   -5.561618591451E-06    3.613004631399E-06
    5.311649282789E-05   -1.435891471020E-05    8.435073583940E-02    5.071024212620E-05   -3.815682311065E-05   -3.231425716788E-05   -2.639134493893E-05   -2.050752246476E-05    1.498391275182E-05   -9.552143004308E-06
    5.228447934517E-05   -1.374753467210E-05    5.071024212620E-05    2.330863418619E-01   -7.740286514154E-05   -4.909656237720E-05   -3.786235079538E-05   -2.883700796412E-05    2.073629656458E-05   -1.273629920161E-05
   -2.941837936145E-05    1.318949185649E-05   -3.815682311065E-05   -7.740286514154E-05    4.539221726555E-01    8.572317488539E-05    4.725663297959E-05    3.345885344374E-05   -2.327661981541E-05    1.350502294190E-05
   -5.228493565966E-07    1.167345959918E-05   -3.231425716788E-05   -4.909656237720E-05    8.572317488539E-05    7.452784982729E-01    8.087465448382E-05    3.878317299944E-05   -2.445193000152E-05    1.297894240312E-05
    2.459510964579E-05    9.659524771519E-06   -2.639134493893E-05   -3.786235079538E-05    4.725663297959E-05    8.087465448382E-05    1.105944779805E+00    6.978680038023E-05   -2.793026545097E-05    1.238105738560E-05
    4.320037379251E-05    7.555122873969E-06   -2.050752246476E-05   -2.883700796412E-05    3.345885344374E-05    3.878317299944E-05    6.978680038023E-05    1.535079377907E+00   -5.611713944584E-05    1.419984039639E-05
   -5.665962814921E-05   -5.561618591451E-06    1.498391275182E-05    2.073629656458E-05   -2.327661981541E-05   -2.445193000152E-05   -2.793026545097E-05   -5.611713944584E-05    2.032120011727E+00   -3.754631825636E-05
    7.041077134308E-05    3.613004631399E-06   -9.552143004308E-06   -1.273629920161E-05    1.350502294190E-05    1.297894240312E-05    1.238105738560E-05    1.419984039639E-05   -3.754631825636E-05    2.596686617637E+00
   30.768965403684657     
   -9.997991189729E-01   -2.239556948677E-05    5.209905664494E-05    5.159732597296E-05   -2.942310134610E-05   -1.092883515824E-06    2.373066265420E-05    4.226086309989E-05   -5.577875715518E-05    6.966083331966E-05
   -2.239556948677E-05    9.274284701189E-03   -1.394673057751E-05   -1.336310385579E-05    1.285179007536E-05    1.140687205576E-05    9.466496447154E-06    7.425910384742E-06   -5.482956970581E-06    3.573905914787E-06
    5.209905664494E-05   -1.394673057751E-05    8.321738667064E-02    4.941942658155E-05   -3.724061181116E-05   -3.162069471716E-05   -2.589866825188E-05   -2.018439223678E-05    1.479425634337E-05   -9.467065960987E-06
    5.159732597296E-05   -1.336310385579E-05    4.941942658155E-05    2.299760296676E-01   -7.577434768269E-05   -4.815204098503E-05   -3.723215258077E-05   -2.844073816101E-05    2.051968824951E-05   -1.266092812864E-05
   -2.942310134610E-05    1.285179007536E-05   -3.724061181116E-05   -7.577434768269E-05    4.479102462647E-01    8.429193016365E-05    4.656785039354E-05    3.306382065162E-05   -2.308139898105E-05    1.346569770504E-05
   -1.092883515824E-06    1.140687205576E-05   -3.162069471716E-05   -4.815204098503E-05    8.429193016365E-05    7.354755648272E-01    7.982567683271E-05    3.837921137203E-05   -2.428013238578E-05    1.296986390375E-05
    2.373066265420E-05    9.466496447154E-06   -2.589866825188E-05   -3.723215258077E-05    4.656785039354E-05    7.982567683271E-05    1.091482547193E+00    6.909016804173E-05   -2.774403241080E-05    1.238235370143E-05
    4.226086309989E-05    7.425910384742E-06   -2.018439223678E-05   -2.844073816101E-05    3.306382065162E-05    3.837921137203E-05    6.909016804173E-05    1.515100587910E+00   -5.568896563369E-05    1.417909930660E-05
   -5.577875715518E-05   -5.482956970581E-06    1.479425634337E-05    2.051968824951E-05   -2.308139898105E-05   -2.428013238578E-05   -2.774403241080E-05   -5.568896563369E-05    2.005772762513E+00   -3.733912167318E-05
    6.966083331966E-05    3.573905914787E-06   -9.467065960987E-06   -1.266092812864E-05    1.346569770504E-05    1.296986390375E-05    1.238235370143E-05    1.417909930660E-05   -3.733912167318E-05    2.563121532277E+00
   30.965886273358830     
   -9.998023769504E-01   -2.190337005872E-05    5.110071106338E-05    5.091342857356E-05   -2.941342372894E-05   -1.641049458812E-06    2.288714564433E-05    4.133757481126E-05   -5.490836489591E-05    6.891519965773E-05
   -2.190337005872E-05    9.149573179818E-03   -1.354755870709E-05   -1.299007173868E-05    1.252290188540E-05    1.114617238314E-05    9.276897145431E-06    7.298365686661E-06   -5.404836172400E-06    3.534698750438E-06
    5.110071106338E-05   -1.354755870709E-05    8.210314465012E-02    4.816305406063E-05   -3.634620044323E-05   -3.094085759852E-05   -2.541348660942E-05   -1.986440384736E-05    1.460501500877E-05   -9.380899269969E-06
    5.091342857356E-05   -1.299007173868E-05    4.816305406063E-05    2.269175245922E-01   -7.417849920955E-05   -4.722295456665E-05   -3.660918132159E-05   -2.804643557987E-05    2.030186554291E-05   -1.258269400677E-05
   -2.941342372894E-05    1.252290188540E-05   -3.634620044323E-05   -7.417849920955E-05    4.419972873706E-01    8.287976342308E-05    4.588473201029E-05    3.266911646882E-05   -2.288352340783E-05    1.342222785145E-05
   -1.641049458812E-06    1.114617238314E-05   -3.094085759852E-05   -4.722295456665E-05    8.287976342308E-05    7.258324760179E-01    7.878433853069E-05    3.797497425549E-05   -2.410531966333E-05    1.295643248159E-05
    2.288714564433E-05    9.276897145431E-06   -2.541348660942E-05   -3.660918132159E-05    4.588473201029E-05    7.878433853069E-05    1.077254465961E+00    6.839502128556E-05   -2.755532435304E-05    1.237990891765E-05
    4.133757481126E-05    7.298365686661E-06   -1.986440384736E-05   -2.804643557987E-05    3.266911646882E-05    3.797497425549E-05    6.839502128556E-05    1.495443615879E+00   -5.525979066969E-05    1.415558709682E-05
   -5.490836489591E-05   -5.404836172400E-06    1.460501500877E-05    2.030186554291E-05   -2.288352340783E-05   -2.410531966333E-05   -2.755532435304E-05   -5.525979066969E-05    1.979848361987E+00   -3.713024169658E-05
    6.891519965773E-05    3.534698750438E-06   -9.380899269969E-06   -1.258269400677E-05    1.342222785145E-05    1.295643248159E-05    1.237990891765E-05    1.415558709682E-05   -3.713024169658E-05    2.530093711114E+00
   31.163435279778398     
   -9.998055861946E-01   -2.142279848985E-05    5.012114491463E-05    5.023306292610E-05   -2.938996865697E-05   -2.167916036910E-06    2.206419356115E-05    4.043033890630E-05   -5.404843062864E-05    6.817396246687E-05
   -2.142279848985E-05    9.026974006755E-03   -1.316095476910E-05   -1.262808754598E-05    1.220260175662E-05    1.089124599206E-05    9.090686968833E-06    7.172490484872E-06   -5.327276219139E-06    3.495406734162E-06
    5.012114491463E-05   -1.316095476910E-05    8.100762281738E-02    4.694019763208E-05   -3.547311329450E-05   -3.027454251483E-05   -2.493576651001E-05   -1.954761270085E-05    1.441627731965E-05   -9.293729266960E-06
    5.023306292610E-05   -1.262808754598E-05    4.694019763208E-05    2.239097970342E-01   -7.261478786262E-05   -4.630918464824E-05   -3.599349674642E-05   -2.765424220131E-05    2.008299126132E-05   -1.250174013887E-05
   -2.938996865697E-05    1.220260175662E-05   -3.547311329450E-05   -7.261478786262E-05    4.361813601681E-01    8.148662080144E-05    4.520740001545E-05    3.227491757600E-05   -2.268317617865E-05    1.337476869250E-05
   -2.167916036910E-06    1.089124599206E-05   -3.027454251483E-05   -4.630918464824E-05    8.148662080144E-05    7.163461392221E-01    7.775077394968E-05    3.757061790632E-05   -2.392764451268E-05    1.293877717816E-05
    2.206419356115E-05    9.090686968833E-06   -2.493576651001E-05   -3.599349674642E-05    4.520740001545E-05    7.775077394968E-05    1.063256036774E+00    6.770149819094E-05   -2.736424808123E-05    1.237381148834E-05
    4.043033890630E-05    7.172490484872E-06   -1.954761270085E-05   -2.765424220131E-05    3.227491757600E-05    3.757061790632E-05    6.770149819094E-05    1.476102303908E+00   -5.482970385663E-05    1.412935553950E-05
   -5.404843062864E-05   -5.327276219139E-06    1.441627731965E-05    2.008299126132E-05   -2.268317617865E-05   -2.392764451268E-05   -2.736424808123E-05   -5.482970385663E-05    1.954338740227E+00   -3.691972048656E-05
    6.817396246687E-05    3.495406734162E-06   -9.293729266960E-06   -1.250174013887E-05    1.337476869250E-05    1.293877717816E-05    1.237381148834E-05    1.412935553950E-05   -3.691972048656E-05    2.497592917887E+00
   31.361612422943317     
   -9.998087485390E-01   -2.095356217434E-05    4.916004922414E-05    4.955648819045E-05   -2.935333961485E-05   -2.674042017099E-06    2.126144379307E-05    3.953898331970E-05   -5.319892918701E-05    6.743720853712E-05
   -2.095356217434E-05    8.906443946850E-03   -1.278649055916E-05   -1.227681139240E-05    1.189066940073E-05    1.064197966149E-05    8.907825442789E-06    7.048285245587E-06   -5.250295917591E-06    3.456052585868E-06
    4.916004922414E-05   -1.278649055916E-05    7.993044332085E-02    4.574995385068E-05   -3.462088212811E-05   -2.962154552077E-05   -2.446547028382E-05   -1.923406931680E-05    1.422812769667E-05   -9.205639499991E-06
    4.955648819045E-05   -1.227681139240E-05    4.574995385068E-05    2.209518409940E-01   -7.108268366647E-05   -4.541060692562E-05   -3.538515070959E-05   -2.726429253858E-05    1.986322242354E-05   -1.241820626173E-05
   -2.935333961485E-05    1.189066940073E-05   -3.462088212811E-05   -7.108268366647E-05    4.304605724148E-01    8.011243967642E-05    4.453596873825E-05    3.188139405222E-05   -2.248053552984E-05    1.332347285779E-05
   -2.674042017099E-06    1.064197966149E-05   -2.962154552077E-05   -4.541060692562E-05    8.011243967642E-05    7.070135307239E-01    7.672511059796E-05    3.716629445047E-05   -2.374725682849E-05    1.291702569754E-05
    2.126144379307E-05    8.907825442789E-06   -2.446547028382E-05   -3.538515070959E-05    4.453596873825E-05    7.672511059796E-05    1.049482860068E+00    6.700973406862E-05   -2.717090940789E-05    1.236414960037E-05
    3.953898331970E-05    7.048285245587E-06   -1.923406931680E-05   -2.726429253858E-05    3.188139405222E-05    3.716629445047E-05    6.700973406862E-05    1.457070630327E+00   -5.439879419429E-05    1.410045682846E-05
   -5.319892918701E-05   -5.250295917591E-06    1.422812769667E-05    1.986322242354E-05   -2.248053552984E-05   -2.374725682849E-05   -2.717090940789E-05   -5.439879419429E-05    1.929236005644E+00   -3.670760079533E-05
    6.743720853712E-05    3.456052585868E-06   -9.205639499991E-06   -1.241820626173E-05    1.332347285779E-05    1.291702569754E-05    1.236414960037E-05    1.410045682846E-05   -3.670760079533E-05    2.465609142406E+00
   31.560417702853631     
   -9.998118637528E-01   -2.049537639167E-05    4.821711774871E-05    4.888394785927E-05   -2.930412189080E-05   -3.159975987154E-06    2.047853654474E-05    3.866333441920E-05   -5.235983148638E-05    6.670501982467E-05
   -2.049537639167E-05    8.787940805870E-03   -1.242375349770E-05   -1.193591403180E-05    1.158688974567E-05    1.039826162003E-05    8.728271620110E-06    6.925749284384E-06   -5.173912919212E-06    3.416658181371E-06
    4.821711774871E-05   -1.242375349770E-05    7.887123720615E-02    4.459144264402E-05   -3.378904643058E-05   -2.898166240089E-05   -2.400255644947E-05   -1.892381960013E-05    1.404064657995E-05   -9.116710809674E-06
    4.888394785927E-05   -1.193591403180E-05    4.459144264402E-05    2.180426735409E-01   -6.958165941494E-05   -4.452709188330E-05   -3.478418766000E-05   -2.687671395693E-05    1.964271042890E-05   -1.233222860291E-05
   -2.930412189080E-05    1.158688974567E-05   -3.378904643058E-05   -6.958165941494E-05    4.248330744530E-01    7.875714954169E-05    4.387054505278E-05    3.148870960562E-05   -2.227577495873E-05    1.326849029639E-05
   -3.159975987154E-06    1.039826162003E-05   -2.898166240089E-05   -4.452709188330E-05    7.875714954169E-05    6.978316941507E-01    7.570746964003E-05    3.676215203901E-05   -2.356430377482E-05    1.289130438374E-05
    2.047853654474E-05    8.728271620110E-06   -2.400255644947E-05   -3.478418766000E-05    4.387054505278E-05    7.570746964003E-05    1.035930633750E+00    6.631986174711E-05   -2.697541320062E-05    1.235101115559E-05
    3.866333441920E-05    6.925749284384E-06   -1.892381960013E-05   -2.687671395693E-05    3.148870960562E-05    3.676215203901E-05    6.631986174711E-05    1.438342706521E+00   -5.396715055572E-05    1.406894358183E-05
   -5.235983148638E-05   -5.173912919212E-06    1.404064657995E-05    1.964271042890E-05   -2.227577495873E-05   -2.356430377482E-05   -2.697541320062E-05   -5.396715055572E-05    1.904532440775E+00   -3.649392607358E-05
    6.670501982467E-05    3.416658181371E-06   -9.116710809674E-06   -1.233222860291E-05    1.326849029639E-05    1.289130438374E-05    1.235101115559E-05    1.406894358183E-05   -3.649392607358E-05    2.434132595155E+00
   31.759851119509296     
   -9.998149329216E-01   -2.004796391059E-05    4.729204673186E-05    4.821567009897E-05   -2.924288289762E-05   -3.626256513799E-06    1.971511473061E-05    3.780321691202E-05   -5.153110443953E-05    6.597747334184E-05
   -2.004796391059E-05    8.671423398113E-03   -1.207234592324E-05   -1.160507645724E-05    1.129105278198E-05    1.015998152281E-05    8.551984105061E-06    6.804880795567E-06   -5.098143739270E-06    3.377244559085E-06
    4.729204673186E-05   -1.207234592324E-05    7.782964414810E-02    4.346380646898E-05   -3.297715325760E-05   -2.835468875485E-05   -2.354697985473E-05   -1.861690495673E-05    1.385391049434E-05   -9.027021347447E-06
    4.821567009897E-05   -1.160507645724E-05    4.346380646898E-05    2.151813341445E-01   -6.811119052322E-05   -4.365850495127E-05   -3.419064481055E-05   -2.649162678917E-05    1.942160110217E-05   -1.224393986428E-05
   -2.924288289762E-05    1.129105278198E-05   -3.297715325760E-05   -6.811119052322E-05    4.192970580091E-01    7.742067187157E-05    4.321122839010E-05    3.109702157480E-05   -2.206906319030E-05    1.320996820791E-05
   -3.626256513799E-06    1.015998152281E-05   -2.835468875485E-05   -4.365850495127E-05    7.742067187157E-05    6.887977386132E-01    7.469796557146E-05    3.635833471671E-05   -2.337892968910E-05    1.286173813322E-05
    1.971511473061E-05    8.551984105061E-06   -2.354697985473E-05   -3.419064481055E-05    4.321122839010E-05    7.469796557146E-05    1.022595150551E+00    6.563201120774E-05   -2.677786323837E-05    1.233448368893E-05
    3.780321691202E-05    6.804880795567E-06   -1.861690495673E-05   -2.649162678917E-05    3.109702157480E-05    3.635833471671E-05    6.563201120774E-05    1.419912773363E+00   -5.353486139407E-05    1.403486875865E-05
   -5.153110443953E-05   -5.098143739270E-06    1.385391049434E-05    1.942160110217E-05   -2.206906319030E-05   -2.337892968910E-05   -2.677786323837E-05   -5.353486139407E-05    1.880220497651E+00   -3.627874029332E-05
    6.597747334184E-05    3.377244559085E-06   -9.027021347447E-06   -1.224393986428E-05    1.320996820791E-05    1.286173813322E-05    1.233448368893E-05    1.403486875865E-05   -3.627874029332E-05    2.403153701487E+00
   31.959912672910345     
   -9.998179565496E-01   -1.961105487848E-05    4.638453523253E-05    4.755186852090E-05   -2.917017260260E-05   -4.073412123535E-06    1.897082421696E-05    3.695845417107E-05   -5.071271130811E-05    6.525464149286E-05
   -1.961105487848E-05    8.556851520716E-03   -1.173188458335E-05   -1.128398962975E-05    1.100295350535E-05    9.927030501569E-06    8.378921132780E-06    6.685676922699E-06   -5.023003805499E-06    3.337831945532E-06
    4.638453523253E-05   -1.173188458335E-05    7.680531223797E-02    4.236621002473E-05   -3.218475736213E-05   -2.774042028053E-05   -2.309869196343E-05   -1.831336251673E-05    1.366799219126E-05   -8.936646641750E-06
    4.755186852090E-05   -1.128398962975E-05    4.236621002473E-05    2.123668841387E-01   -6.667075562409E-05   -4.280470698701E-05   -3.360455252020E-05   -2.610914460064E-05    1.920003484148E-05   -1.215346926693E-05
   -2.917017260260E-05    1.100295350535E-05   -3.218475736213E-05   -6.667075562409E-05    4.138507552160E-01    7.610292074251E-05    4.255811104421E-05    3.070648110700E-05   -2.186056425672E-05    1.314805103459E-05
   -4.073412123535E-06    9.927030501569E-06   -2.774042028053E-05   -4.280470698701E-05    7.610292074251E-05    6.799088371559E-01    7.369670654389E-05    3.595498251473E-05   -2.319127610476E-05    1.282845036185E-05
    1.897082421696E-05    8.378921132780E-06   -2.309869196343E-05   -3.360455252020E-05    4.255811104421E-05    7.369670654389E-05    1.009472295767E+00    6.494630972371E-05   -2.657836221556E-05    1.231465433693E-05
    3.695845417107E-05    6.685676922699E-06   -1.831336251673E-05   -2.610914460064E-05    3.070648110700E-05    3.595498251473E-05    6.494630972371E-05    1.401775198100E+00   -5.310201481159E-05    1.399828564113E-05
   -5.071271130811E-05   -5.023003805499E-06    1.366799219126E-05    1.920003484148E-05   -2.186056425672E-05   -2.319127610476E-05   -2.657836221556E-05   -5.310201481159E-05    1.856292793712E+00   -3.606208798785E-05
    6.525464149286E-05    3.337831945532E-06   -8.936646641750E-06   -1.215346926693E-05    1.314805103459E-05    1.282845036185E-05    1.231465433693E-05    1.399828564113E-05   -3.606208798785E-05    2.372663096407E+00
   32.160602363056761     
   -9.998209361041E-01   -1.918438653996E-05    4.549428507117E-05    4.689274264134E-05   -2.908652387587E-05   -4.501961400560E-06    1.824531383238E-05    3.612886828015E-05   -4.990461176037E-05    6.453659210984E-05
   -1.918438653996E-05    8.444185925148E-03   -1.140200003913E-05   -1.097235414101E-05    1.072239179853E-05    9.699301163726E-06    8.209040609013E-06    6.568133800072E-06   -4.948507486786E-06    3.298439768915E-06
    4.549428507117E-05   -1.140200003913E-05    7.579789774699E-02    4.129783962014E-05   -3.141142112609E-05   -2.713865291158E-05   -2.265764103468E-05   -1.801322528110E-05    1.348296073933E-05   -8.845659635004E-06
    4.689274264134E-05   -1.097235414101E-05    4.129783962014E-05    2.095984061290E-01   -6.525983665666E-05   -4.196555452846E-05   -3.302593452799E-05   -2.572937435436E-05    1.897814670225E-05   -1.206094256271E-05
   -2.908652387587E-05    1.072239179853E-05   -3.141142112609E-05   -6.525983665666E-05    4.084924375425E-01    7.480380295828E-05    4.191127828821E-05    3.031723322555E-05   -2.165043751040E-05    1.308288042236E-05
   -4.501961400560E-06    9.699301163726E-06   -2.713865291158E-05   -4.196555452846E-05    7.480380295828E-05    6.711622250851E-01    7.270379427489E-05    3.555223140428E-05   -2.300148170278E-05    1.279156294286E-05
    1.824531383238E-05    8.209040609013E-06   -2.265764103468E-05   -3.302593452799E-05    4.191127828821E-05    7.270379427489E-05    9.965580448551E-01    6.426288167644E-05   -2.637701165379E-05    1.229160977675E-05
    3.612886828015E-05    6.568133800072E-06   -1.801322528110E-05   -2.572937435436E-05    3.031723322555E-05    3.555223140428E-05    6.426288167644E-05    1.383924471106E+00   -5.266869839326E-05    1.395924777509E-05
   -4.990461176037E-05   -4.948507486786E-06    1.348296073933E-05    1.897814670225E-05   -2.165043751040E-05   -2.300148170278E-05   -2.637701165379E-05   -5.266869839326E-05    1.832742107565E+00   -3.584401414843E-05
    6.453659210984E-05    3.298439768915E-06   -8.845659635004E-06   -1.206094256271E-05    1.308288042236E-05    1.279156294286E-05    1.229160977675E-05    1.395924777509E-05   -3.584401414843E-05    2.342651619221E+00
   32.361920189948556     
   -9.998238715818E-01   -1.876770315749E-05    4.462100118297E-05    4.623847865646E-05   -2.899245293443E-05   -4.912412974623E-06    1.753823561885E-05    3.531428037935E-05   -4.910676224773E-05    6.382338882155E-05
   -1.876770315749E-05    8.333388293614E-03   -1.108233621084E-05   -1.066987996665E-05    1.044917238002E-05    9.476687641810E-06    8.042300188056E-06    6.452246622845E-06   -4.874668142603E-06    3.259086685990E-06
    4.462100118297E-05   -1.108233621084E-05    7.480706493040E-02    4.025790293050E-05   -3.065671468696E-05   -2.654918309115E-05   -2.222377240314E-05   -1.771652234356E-05    1.329888166926E-05   -8.754130754863E-06
    4.623847865646E-05   -1.066987996665E-05    4.025790293050E-05    2.068750034980E-01   -6.387791947897E-05   -4.114090027507E-05   -3.245480833716E-05   -2.535241668279E-05    1.875606655567E-05   -1.196648209074E-05
   -2.899245293443E-05    1.044917238002E-05   -3.065671468696E-05   -6.387791947897E-05    4.032204148873E-01    7.352321872154E-05    4.127080870326E-05    2.992941702626E-05   -2.143883772002E-05    1.301459522722E-05
   -4.912412974623E-06    9.476687641810E-06   -2.654918309115E-05   -4.114090027507E-05    7.352321872154E-05    6.625551985297E-01    7.171932443807E-05    3.515021341626E-05   -2.280968235152E-05    1.275119618535E-05
    1.753823561885E-05    8.042300188056E-06   -2.222377240314E-05   -3.245480833716E-05    4.127080870326E-05    7.171932443807E-05    9.838484613373E-01    6.358184875060E-05   -2.617391192457E-05    1.226543620256E-05
    3.531428037935E-05    6.452246622845E-06   -1.771652234356E-05   -2.535241668279E-05    2.992941702626E-05    3.515021341626E-05    6.358184875060E-05    1.366355202978E+00   -5.223499931597E-05    1.391780895966E-05
   -4.910676224773E-05   -4.874668142603E-06    1.329888166926E-05    1.875606655567E-05   -2.143883772002E-05   -2.280968235152E-05   -2.617391192457E-05   -5.223499931597E-05    1.809561375160E+00   -3.562456428734E-05
    6.382338882155E-05    3.259086685990E-06   -8.754130754863E-06   -1.196648209074E-05    1.301459522722E-05    1.275119618535E-05    1.226543620256E-05    1.391780895966E-05   -3.562456428734E-05    2.313110308662E+00
   32.563866153585714     
   -9.998267634492E-01   -1.836075572215E-05    4.376439150385E-05    4.558924983201E-05   -2.888845967435E-05   -5.305265641723E-06    1.684924480406E-05    3.451451066573E-05   -4.831911601661E-05    6.311509104583E-05
   -1.836075572215E-05    8.224421211766E-03   -1.077254981317E-05   -1.037628613791E-05    1.018310467967E-05    9.259085581850E-06    7.878657303039E-06    6.338009681993E-06   -4.801498148012E-06    3.219790594148E-06
    4.376439150385E-05   -1.077254981317E-05    7.383248580056E-02    3.924562833539E-05   -2.992021582931E-05   -2.597180787150E-05   -2.179702862971E-05   -1.742327901929E-05    1.311581705556E-05   -8.662127948768E-06
    4.558924983201E-05   -1.037628613791E-05    3.924562833539E-05    2.041957998349E-01   -6.252449386392E-05   -4.033059329072E-05   -3.189118541809E-05   -2.497836603617E-05    1.853391916678E-05   -1.187020679074E-05
   -2.888845967435E-05    1.018310467967E-05   -2.992021582931E-05   -6.252449386392E-05    3.980330345509E-01    7.226106169080E-05    4.063677427107E-05    2.954316573470E-05   -2.122591508187E-05    1.294333148093E-05
   -5.305265641723E-06    9.259085581850E-06   -2.597180787150E-05   -4.033059329072E-05    7.226106169080E-05    6.540851128391E-01    7.074338653211E-05    3.474905658516E-05   -2.261601105603E-05    1.270746877505E-05
    1.684924480406E-05    7.878657303039E-06   -2.179702862971E-05   -3.189118541809E-05    4.063677427107E-05    7.074338653211E-05    9.713396944997E-01    6.290332972088E-05   -2.596916215458E-05    1.223621926412E-05
    3.451451066573E-05    6.338009681993E-06   -1.742327901929E-05   -2.497836603617E-05    2.954316573470E-05    3.474905658516E-05    6.290332972088E-05    1.349062121430E+00   -5.180100415852E-05    1.387402318392E-05
   -4.831911601661E-05   -4.801498148012E-06    1.311581705556E-05    1.853391916678E-05   -2.122591508187E-05   -2.261601105603E-05   -2.596916215458E-05   -5.180100415852E-05    1.786743685749E+00   -3.540378431835E-05
    6.311509104583E-05    3.219790594148E-06   -8.662127948768E-06   -1.187020679074E-05    1.294333148093E-05    1.270746877505E-05    1.223621926412E-05    1.387402318392E-05   -3.540378431835E-05    2.284030397790E+00
   32.766440253968256     
   -9.998296128654E-01   -1.796330175905E-05    4.292416703541E-05    4.494521702250E-05   -2.877502803958E-05   -5.681008434538E-06    1.617799988002E-05    3.372937852526E-05   -4.754162325873E-05    6.241175412630E-05
   -1.796330175905E-05    8.117248144083E-03   -1.047230986527E-05   -1.009130045911E-05    9.924002744922E-06    9.046392153297E-06    7.718069212042E-06    6.225416411139E-06   -4.729008927405E-06    3.180568649229E-06
    4.292416703541E-05   -1.047230986527E-05    7.287383992162E-02    3.826026443668E-05   -2.920150996036E-05   -2.540632506945E-05   -2.137734969302E-05   -1.713351700443E-05    1.293382562099E-05   -8.569716733490E-06
    4.494521702250E-05   -1.009130045911E-05    3.826026443668E-05    2.015599384185E-01   -6.119905372193E-05   -3.953447930204E-05   -3.133507147385E-05   -2.460731087591E-05    1.831182430504E-05   -1.177223223706E-05
   -2.877502803958E-05    9.924002744922E-06   -2.920150996036E-05   -6.119905372193E-05    3.929286802958E-01    7.101721927736E-05    4.000924055978E-05    2.915860682055E-05   -2.101181526857E-05    1.286922237802E-05
   -5.681008434538E-06    9.046392153297E-06   -2.540632506945E-05   -3.953447930204E-05    7.101721927736E-05    6.457493811070E-01    6.977606396370E-05    3.434888496749E-05   -2.242059794710E-05    1.266049773386E-05
    1.617799988002E-05    7.718069212042E-06   -2.137734969302E-05   -3.133507147385E-05    4.000924055978E-05    6.977606396370E-05    9.590279772648E-01    6.222744040746E-05   -2.576286018043E-05    1.220404402195E-05
    3.372937852526E-05    6.225416411139E-06   -1.713351700443E-05   -2.460731087591E-05    2.915860682055E-05    3.434888496749E-05    6.222744040746E-05    1.332040068389E+00   -5.136679883348E-05    1.382794458480E-05
   -4.754162325873E-05   -4.729008927405E-06    1.293382562099E-05    1.831182430504E-05   -2.101181526857E-05   -2.242059794710E-05   -2.576286018043E-05   -5.136679883348E-05    1.764282278092E+00   -3.518172050997E-05
    6.241175412630E-05    3.180568649229E-06   -8.569716733490E-06   -1.177223223706E-05    1.286922237802E-05    1.266049773386E-05    1.220404402195E-05    1.382794458480E-05   -3.518172050997E-05    2.255403309185E+00
   32.969642491096160     
   -9.998324205174E-01   -1.757510519979E-05    4.210004203527E-05    4.430652928360E-05   -2.865262642426E-05   -6.040120664800E-06    1.552416275328E-05    3.295870275753E-05   -4.677423136155E-05    6.171342957555E-05
   -1.757510519979E-05    8.011833411229E-03   -1.018129725679E-05   -9.814659258595E-06    9.671685168462E-06    8.838506073584E-06    7.560493055055E-06    6.114459441759E-06   -4.657210994694E-06    3.141437287859E-06
    4.210004203527E-05   -1.018129725679E-05    7.193081422093E-02    3.730107970266E-05   -2.850019014238E-05   -2.485253345906E-05   -2.096467320878E-05   -1.684725455745E-05    1.275296285832E-05   -8.476960256758E-06
    4.430652928360E-05   -9.814659258595E-06    3.730107970266E-05    1.989665817396E-01   -5.990109747982E-05   -3.875240106287E-05   -3.078646675042E-05   -2.423933390171E-05    1.808989688052E-05   -1.167267069012E-05
   -2.865262642426E-05    9.671685168462E-06   -2.850019014238E-05   -5.990109747982E-05    3.879057714758E-01    6.979157311527E-05    3.938826697912E-05    2.877586215589E-05   -2.079667950828E-05    1.279239828184E-05
   -6.040120664800E-06    8.838506073584E-06   -2.485253345906E-05   -3.875240106287E-05    6.979157311527E-05    6.375454727965E-01    6.881743429036E-05    3.394981871796E-05   -2.222357030306E-05    1.261039839666E-05
    1.552416275328E-05    7.560493055055E-06   -2.096467320878E-05   -3.078646675042E-05    3.938826697912E-05    6.881743429036E-05    9.469096241933E-01    6.155429375945E-05   -2.555510254305E-05    1.216899491779E-05
    3.295870275753E-05    6.114459441759E-06   -1.684725455745E-05   -2.423933390171E-05    2.877586215589E-05    3.394981871796E-05    6.155429375945E-05    1.315283997256E+00   -5.093246861209E-05    1.377962742333E-05
   -4.677423136155E-05   -4.657210994694E-06    1.275296285832E-05    1.808989688052E-05   -2.079667950828E-05   -2.222357030306E-05   -2.555510254305E-05   -5.093246861209E-05    1.742170536851E+00   -3.495841949483E-05
    6.171342957555E-05    3.141437287859E-06   -8.476960256758E-06   -1.167267069012E-05    1.279239828184E-05    1.261039839666E-05    1.216899491779E-05    1.377962742333E-05   -3.495841949483E-05    2.227220650370E+00
   33.173472864969440     
   -9.998351866378E-01   -1.719593620329E-05    4.129173407858E-05    4.367332437124E-05   -2.852170804367E-05   -6.383072005474E-06    1.488739881623E-05    3.220230170507E-05   -4.601688505934E-05    6.102016521837E-05
   -1.719593620329E-05    7.908142166994E-03   -9.899204297468E-06   -9.546107123482E-06    9.425974996561E-06    8.635327614620E-06    7.405885896265E-06    6.005130647561E-06   -4.586113986126E-06    3.102412245369E-06
    4.129173407858E-05   -9.899204297468E-06    7.100310279640E-02    3.636736200501E-05   -2.781585705670E-05   -2.431023291032E-05   -2.055893460824E-05   -1.656450665155E-05    1.257328113287E-05   -8.383919348191E-06
    4.367332437124E-05   -9.546107123482E-06    3.636736200501E-05    1.964149110149E-01   -5.863012828413E-05   -3.798419863520E-05   -3.024536629206E-05   -2.387451224201E-05    1.786824705729E-05   -1.157163113647E-05
   -2.852170804367E-05    9.425974996561E-06   -2.781585705670E-05   -5.863012828413E-05    3.829627621522E-01    6.858399936369E-05    3.877390697043E-05    2.839504813556E-05   -2.058064464160E-05    1.271298672070E-05
   -6.383072005474E-06    8.635327614620E-06   -2.431023291032E-05   -3.798419863520E-05    6.858399936369E-05    6.294709123502E-01    6.786756932828E-05    3.355197412037E-05   -2.202505254805E-05    1.255728437831E-05
    1.488739881623E-05    7.405885896265E-06   -2.055893460824E-05   -3.024536629206E-05    3.877390697043E-05    6.786756932828E-05    9.349810294772E-01    6.088399983527E-05   -2.534598445190E-05    1.213115573450E-05
    3.220230170507E-05    6.005130647561E-06   -1.656450665155E-05   -2.387451224201E-05    2.839504813556E-05    3.355197412037E-05    6.088399983527E-05    1.298788970167E+00   -5.049809807412E-05    1.372912604609E-05
   -4.601688505934E-05   -4.586113986126E-06    1.257328113287E-05    1.786824705729E-05   -2.058064464160E-05   -2.202505254805E-05   -2.534598445190E-05   -5.049809807412E-05    1.720401989017E+00   -3.473392823285E-05
    6.102016521837E-05    3.102412245369E-06   -8.383919348191E-06   -1.157163113647E-05    1.271298672070E-05    1.255728437831E-05    1.213115573450E-05    1.372912604609E-05   -3.473392823285E-05    2.199474209273E+00
   33.377931375588091     
   -9.998379118140E-01   -1.682557094784E-05    4.049896403787E-05    4.304572915905E-05   -2.838271127493E-05   -6.710322590617E-06    1.426737697204E-05    3.145999332122E-05   -4.526952651594E-05    6.033200526172E-05
   -1.682557094784E-05    7.806140375208E-03   -9.625734264987E-06   -9.285396628864E-06    9.186699627236E-06    8.436758598442E-06    7.254204757230E-06    5.897421182137E-06   -4.515726688670E-06    3.063508571392E-06
    4.049896403787E-05   -9.625734264987E-06    7.009040672349E-02    3.545841809718E-05   -2.714811892638E-05   -2.377922449331E-05   -2.016006729014E-05   -1.628528510848E-05    1.239482977359E-05   -8.290652564731E-06
    4.304572915905E-05   -9.285396628864E-06    3.545841809718E-05    1.939041256990E-01   -5.738565409271E-05   -3.722970961617E-05   -2.971176016168E-05   -2.351291762176E-05    1.764698035376E-05   -1.146921932402E-05
   -2.838271127493E-05    9.186699627236E-06   -2.714811892638E-05   -5.738565409271E-05    3.780981402078E-01    6.739436890001E-05    3.816620815569E-05    2.801627577491E-05   -2.036384316624E-05    1.263111238063E-05
   -6.710322590617E-06    8.436758598442E-06   -2.377922449331E-05   -3.722970961617E-05    6.739436890001E-05    6.215232778045E-01    6.692653517013E-05    3.315546359028E-05   -2.182516623739E-05    1.250126753765E-05
    1.426737697204E-05    7.254204757230E-06   -2.016006729014E-05   -2.971176016168E-05    3.816620815569E-05    6.692653517013E-05    9.232386649452E-01    6.021666571088E-05   -2.513559973019E-05    1.209060955163E-05
    3.145999332122E-05    5.897421182137E-06   -1.628528510848E-05   -2.351291762176E-05    2.801627577491E-05    3.315546359028E-05    6.021666571088E-05    1.282550155284E+00   -5.006377100231E-05    1.367649483848E-05
   -4.526952651594E-05   -4.515726688670E-06    1.239482977359E-05    1.764698035376E-05   -2.036384316624E-05   -2.182516623739E-05   -2.513559973019E-05   -5.006377100231E-05    1.698970300362E+00   -3.450829393916E-05
    6.033200526172E-05    3.063508571392E-06   -8.290652564731E-06   -1.146921932402E-05    1.263111238063E-05    1.250126753765E-05    1.209060955163E-05    1.367649483848E-05   -3.450829393916E-05    2.172155949750E+00
   33.583018022952118     
   -9.998405971690E-01   -1.646379145880E-05    3.972145612163E-05    4.242386009327E-05   -2.823606001053E-05   -7.022323102470E-06    1.366376969245E-05    3.073159528098E-05   -4.453209545406E-05    5.964899041531E-05
   -1.646379145880E-05    7.705794787977E-03   -9.360600988246E-06   -9.032288087113E-06    8.953690719286E-06    8.242702399070E-06    7.105406654141E-06    5.791321519752E-06   -4.446057070929E-06    3.024740647262E-06
    3.972145612163E-05   -9.360600988246E-06    6.919243387292E-02    3.457357315858E-05   -2.649659146392E-05   -2.325931059621E-05   -1.976800278233E-05   -1.600959874023E-05    1.221765517080E-05   -8.197216241039E-06
    4.242386009327E-05   -9.032288087113E-06    3.457357315858E-05    1.914334430225E-01   -5.616718783594E-05   -3.648876939123E-05   -2.918563367829E-05   -2.315461654356E-05    1.742619775388E-05   -1.136553780525E-05
   -2.823606001053E-05    8.953690719286E-06   -2.649659146392E-05   -5.616718783594E-05    3.733104265081E-01    6.622254759345E-05    3.756521251803E-05    2.763965082750E-05   -2.014640329612E-05    1.254689710750E-05
   -7.022323102470E-06    8.242702399070E-06   -2.325931059621E-05   -3.648876939123E-05    6.622254759345E-05    6.137001994695E-01    6.599439228130E-05    3.276039570586E-05   -2.162403005870E-05    1.244245794961E-05
    1.366376969245E-05    7.105406654141E-06   -1.976800278233E-05   -2.918563367829E-05    3.756521251803E-05    6.599439228130E-05    9.116790781578E-01    5.955239545212E-05   -2.492404077948E-05    1.204743870785E-05
    3.073159528098E-05    5.791321519752E-06   -1.600959874023E-05   -2.315461654356E-05    2.763965082750E-05    3.276039570586E-05    5.955239545212E-05    1.266562824193E+00   -4.962957032358E-05    1.362178818608E-05
   -4.453209545406E-05   -4.446057070929E-06    1.221765517080E-05    1.742619775388E-05   -2.014640329612E-05   -2.162403005870E-05   -2.492404077948E-05   -4.962957032358E-05    1.677869272052E+00   -3.428156403993E-05
    5.964899041531E-05    3.024740647262E-06   -8.197216241039E-06   -1.136553780525E-05    1.254689710750E-05    1.244245794961E-05    1.204743870785E-05    1.362178818608E-05   -3.428156403993E-05    2.145258007287E+00
   33.788732807061514     
   -9.998432428223E-01   -1.611038551149E-05    3.895893806134E-05    4.180782376604E-05   -2.808216405981E-05   -7.319514832181E-06    1.307625315641E-05    3.001692520200E-05   -4.380452940758E-05    5.897115814601E-05
   -1.611038551149E-05    7.607072926046E-03   -9.103528487535E-06   -8.786549332584E-06    8.726784125266E-06    8.053063961452E-06    6.959448647916E-06    5.686821505964E-06   -4.377112321459E-06    2.986122208413E-06
    3.895893806134E-05   -9.103528487535E-06    6.830889874612E-02    3.371217048097E-05   -2.586089788590E-05   -2.275029508825E-05   -1.938267093690E-05   -1.573745351663E-05    1.204180089352E-05   -8.103664553142E-06
    4.180782376604E-05   -8.786549332584E-06    3.371217048097E-05    1.890020975741E-01   -5.497424776313E-05   -3.576121146609E-05   -2.866696770730E-05   -2.279967050785E-05    1.720599584723E-05   -1.126068599906E-05
   -2.808216405981E-05    8.726784125266E-06   -2.586089788590E-05   -5.497424776313E-05    3.685981741350E-01    6.506839678389E-05    3.697095666327E-05    2.726527395366E-05   -1.992844905463E-05    1.246045992942E-05
   -7.319514832181E-06    8.053063961452E-06   -2.275029508825E-05   -3.576121146609E-05    6.506839678389E-05    6.059993587179E-01    6.507119578783E-05    3.236687530700E-05   -2.142175987060E-05    1.238096389605E-05
    1.307625315641E-05    6.959448647916E-06   -1.938267093690E-05   -2.866696770730E-05    3.697095666327E-05    6.507119578783E-05    9.002988906436E-01    5.889129024416E-05   -2.471139859187E-05    1.200172478048E-05
    3.001692520200E-05    5.686821505964E-06   -1.573745351663E-05   -2.279967050785E-05    2.726527395366E-05    3.236687530700E-05    5.889129024416E-05    1.250822349487E+00   -4.919557816718E-05    1.356506045775E-05
   -4.380452940758E-05   -4.377112321459E-06    1.204180089352E-05    1.720599584723E-05   -1.992844905463E-05   -2.142175987060E-05   -2.471139859187E-05   -4.919557816718E-05    1.657092837451E+00   -3.405378619978E-05
    5.897115814601E-05    2.986122208413E-06   -8.103664553142E-06   -1.126068599906E-05    1.246045992942E-05    1.238096389605E-05    1.200172478048E-05    1.356506045775E-05   -3.405378619978E-05    2.118772684937E+00
   33.995075727916287     
   -9.998458499331E-01   -1.576514638880E-05    3.821114096389E-05    4.119771719142E-05   -2.792141943876E-05   -7.602329811467E-06    1.250450719939E-05    2.931580061564E-05   -4.308676369857E-05    5.829854263834E-05
   -1.576514638880E-05    7.509943056649E-03   -8.854250543100E-06   -8.547955453265E-06    8.505819775618E-06    7.867749778254E-06    6.816287860468E-06    5.583910382687E-06   -4.308898868966E-06    2.947666355590E-06
    3.821114096389E-05   -8.854250543100E-06    6.743952228931E-02    3.287357087157E-05   -2.524066876616E-05   -2.225198336007E-05   -1.900400003171E-05   -1.546885266395E-05    1.186730775906E-05   -8.010049553648E-06
    4.119771719142E-05   -8.547955453265E-06    3.287357087157E-05    1.866093408296E-01   -5.380635734979E-05   -3.504686759682E-05   -2.815573881638E-05   -2.244813613942E-05    1.698646690664E-05   -1.115476021825E-05
   -2.792141943876E-05    8.505819775618E-06   -2.524066876616E-05   -5.380635734979E-05    3.639599675356E-01    6.393177330456E-05    3.638347190319E-05    2.689324078199E-05   -1.971010030127E-05    1.237191704590E-05
   -7.602329811467E-06    7.867749778254E-06   -2.225198336007E-05   -3.504686759682E-05    6.393177330456E-05    5.984184866564E-01    6.415699536637E-05    3.197500345828E-05   -2.121846866991E-05    1.231689182568E-05
    1.250450719939E-05    6.816287860468E-06   -1.900400003171E-05   -2.815573881638E-05    3.638347190319E-05    6.415699536637E-05    8.890947959980E-01    5.823344820198E-05   -2.449776266902E-05    1.195354853405E-05
    2.931580061564E-05    5.583910382687E-06   -1.546885266395E-05   -2.244813613942E-05    2.689324078199E-05    3.197500345828E-05    5.823344820198E-05    1.235324202187E+00   -4.876187568451E-05    1.350636594572E-05
   -4.308676369857E-05   -4.308898868966E-06    1.186730775906E-05    1.698646690664E-05   -1.971010030127E-05   -2.121846866991E-05   -2.449776266902E-05   -4.876187568451E-05    1.636635058783E+00   -3.382500820141E-05
    5.829854263834E-05    2.947666355590E-06   -8.010049553648E-06   -1.115476021825E-05    1.237191704590E-05    1.231689182568E-05    1.195354853405E-05    1.350636594572E-05   -3.382500820141E-05    2.092692449112E+00
   34.202046785516416     
   -9.998484185117E-01   -1.542787281799E-05    3.747779954159E-05    4.059362839706E-05   -2.775420878261E-05   -7.871190871025E-06    1.194821547191E-05    2.862803921886E-05   -4.237873172552E-05    5.763117509091E-05
   -1.542787281799E-05    7.414374175629E-03   -8.612510379960E-06   -8.316288599297E-06    8.290641621426E-06    7.686667912131E-06    6.675881526139E-06    5.482576839994E-06   -4.241422422085E-06    2.909385578745E-06
    3.747779954159E-05   -8.612510379960E-06    6.658403174333E-02    3.205715240000E-05   -2.463554206517E-05   -2.176418248943E-05   -1.863191696644E-05   -1.520379683479E-05    1.169421395434E-05   -7.916421239929E-06
    4.059362839706E-05   -8.316288599297E-06    3.205715240000E-05    1.842544407694E-01   -5.266304568691E-05   -3.434556813243E-05   -2.765191957318E-05   -2.210006541580E-05    1.676769903760E-05   -1.104785374069E-05
   -2.775420878261E-05    8.290641621426E-06   -2.463554206517E-05   -5.266304568691E-05    3.593944218184E-01    6.281253002254E-05    3.580278454235E-05    2.652364209622E-05   -1.949147284017E-05    1.228138186256E-05
   -7.871190871025E-06    7.686667912131E-06   -2.176418248943E-05   -3.434556813243E-05    6.281253002254E-05    5.909553630082E-01    6.325183560382E-05    3.158487757653E-05   -2.101426664828E-05    1.225034635638E-05
    1.194821547191E-05    6.675881526139E-06   -1.863191696644E-05   -2.765191957318E-05    3.580278454235E-05    6.325183560382E-05    8.780635582506E-01    5.757896456226E-05   -2.428322105538E-05    1.190298990916E-05
    2.862803921886E-05    5.482576839994E-06   -1.520379683479E-05   -2.210006541580E-05    2.652364209622E-05    3.158487757653E-05    5.757896456226E-05    1.220063949498E+00   -4.832854315330E-05    1.344575885824E-05
   -4.237873172552E-05   -4.241422422085E-06    1.169421395434E-05    1.676769903760E-05   -1.949147284017E-05   -2.101426664828E-05   -2.428322105538E-05   -4.832854315330E-05    1.616490124163E+00   -3.359527800035E-05
    5.763117509091E-05    2.909385578745E-06   -7.916421239929E-06   -1.104785374069E-05    1.228138186256E-05    1.225034635638E-05    1.190298990916E-05    1.344575885824E-05   -3.359527800035E-05    2.067009925791E+00
   34.409645979861942     
   -9.998509489649E-01   -1.509836875893E-05    3.675865200060E-05    3.999563671030E-05   -2.758090163982E-05   -8.126511767534E-06    1.140706540648E-05    2.795345887059E-05   -4.168036496869E-05    5.696908370884E-05
   -1.509836875893E-05    7.320335986958E-03   -8.378060278686E-06   -8.091337737257E-06    8.081097527640E-06    7.509727975282E-06    6.538187008769E-06    5.382809041853E-06   -4.174687990570E-06    2.871291769393E-06
    3.675865200060E-05   -8.378060278686E-06    6.574216047121E-02    3.126230985748E-05   -2.404516299618E-05   -2.128670128279E-05   -1.826634736345E-05   -1.494228420739E-05    1.152255510804E-05   -7.822827592848E-06
    3.999563671030E-05   -8.091337737257E-06    3.126230985748E-05    1.819366814404E-01   -5.154384742288E-05   -3.365714215163E-05   -2.715547870549E-05   -2.175550579932E-05    1.654977626315E-05   -1.094005684442E-05
   -2.758090163982E-05    8.081097527640E-06   -2.404516299618E-05   -5.154384742288E-05    3.549001819593E-01    6.171051591079E-05    3.522891598133E-05    2.615656391129E-05   -1.927267845925E-05    1.218896499089E-05
   -8.126511767534E-06    7.509727975282E-06   -2.128670128279E-05   -3.365714215163E-05    6.171051591079E-05    5.836078148728E-01    6.235575594593E-05    3.119659141741E-05   -2.080926117421E-05    1.218143024503E-05
    1.140706540648E-05    6.538187008769E-06   -1.826634736345E-05   -2.715547870549E-05    3.522891598133E-05    6.235575594593E-05    8.672020100866E-01    5.692793154476E-05   -2.406786027464E-05    1.185012797886E-05
    2.795345887059E-05    5.382809041853E-06   -1.494228420739E-05   -2.175550579932E-05    2.615656391129E-05    3.119659141741E-05    5.692793154476E-05    1.205037252396E+00   -4.789565983431E-05    1.338329326757E-05
   -4.168036496869E-05   -4.174687990570E-06    1.152255510804E-05    1.654977626315E-05   -1.927267845925E-05   -2.080926117421E-05   -2.406786027464E-05   -4.789565983431E-05    1.596652344458E+00   -3.336464362589E-05
    5.696908370884E-05    2.871291769393E-06   -7.822827592848E-06   -1.094005684442E-05    1.218896499089E-05    1.218143024503E-05    1.185012797886E-05    1.338329326757E-05   -3.336464362589E-05    2.041717896567E+00
   34.617873310952824     
   -9.998534424686E-01   -1.477644324795E-05    3.605344003590E-05    3.940381312468E-05   -2.740185479555E-05   -8.368697288889E-06    1.088074824337E-05    2.729187766651E-05   -4.099159308162E-05    5.631229378952E-05
   -1.477644324795E-05    7.227798883871E-03   -8.150661230045E-06   -7.872898431730E-06    7.877039184259E-06    7.336841121349E-06    6.403161827733E-06    5.284594658602E-06   -4.108699911544E-06    2.833396236373E-06
    3.605344003590E-05   -8.150661230045E-06    6.491364779945E-02    3.048845432230E-05   -2.346918393995E-05   -2.081935034838E-05   -1.790721569148E-05   -1.468431060244E-05    1.135236437589E-05   -7.729314624393E-06
    3.940381312468E-05   -7.872898431730E-06    3.048845432230E-05    1.796553625520E-01   -5.044830283745E-05   -3.298141765408E-05   -2.666638129726E-05   -2.141450039553E-05    1.633277862807E-05   -1.083145685539E-05
   -2.740185479555E-05    7.877039184259E-06   -2.346918393995E-05   -5.044830283745E-05    3.504759220651E-01    6.062557626446E-05    3.466188287609E-05    2.579208758458E-05   -1.905382499289E-05    1.209477426197E-05
   -8.368697288889E-06    7.336841121349E-06   -2.081935034838E-05   -3.298141765408E-05    6.062557626446E-05    5.763737155687E-01    6.146879078091E-05    3.081023510979E-05   -2.060355680148E-05    1.211024437032E-05
    1.088074824337E-05    6.403161827733E-06   -1.790721569148E-05   -2.666638129726E-05    3.466188287609E-05    6.146879078091E-05    8.565070511777E-01    5.628043832431E-05   -2.385176529962E-05    1.179504091698E-05
    2.729187766651E-05    5.284594658602E-06   -1.468431060244E-05   -2.141450039553E-05    2.579208758458E-05    3.081023510979E-05    5.628043832431E-05    1.190239863354E+00   -4.746330391008E-05    1.331902307278E-05
   -4.099159308162E-05   -4.108699911544E-06    1.135236437589E-05    1.633277862807E-05   -1.905382499289E-05   -2.060355680148E-05   -2.385176529962E-05   -4.746330391008E-05    1.577116150317E+00   -3.313315313206E-05
    5.631229378952E-05    2.833396236373E-06   -7.729314624393E-06   -1.083145685539E-05    1.209477426197E-05    1.211024437032E-05    1.179504091698E-05    1.331902307278E-05   -3.313315313206E-05    2.016809294882E+00
   34.826728778789082     
   -9.998558987763E-01   -1.446191034107E-05    3.536190903420E-05    3.881822084341E-05   -2.721741267260E-05   -8.598143329771E-06    1.036895916610E-05    2.664311416869E-05   -4.031234415911E-05    5.566082800289E-05
   -1.446191034107E-05    7.136733932584E-03   -7.930082656593E-06   -7.660772670494E-06    7.678322049588E-06    7.167920061617E-06    6.270763702721E-06    5.187920913851E-06   -4.043461886511E-06    2.795709728740E-06
    3.536190903420E-05   -7.930082656593E-06    6.409823888063E-02    2.973501291434E-05   -2.290726445420E-05   -2.036194223573E-05   -1.755444543971E-05   -1.442986963839E-05    1.118367255483E-05   -7.635926444130E-06
    3.881822084341E-05   -7.660772670494E-06    2.973501291434E-05    1.774097991248E-01   -4.937595817762E-05   -3.231822186627E-05   -2.618458906173E-05   -2.107708816793E-05    1.611678234409E-05   -1.072213822122E-05
   -2.721741267260E-05    7.678322049588E-06   -2.290726445420E-05   -4.937595817762E-05    3.461203447278E-01    5.955755320654E-05    3.410169741218E-05    2.543028999883E-05   -1.883501643296E-05    1.199891476832E-05
   -8.598143329771E-06    7.167920061617E-06   -2.036194223573E-05   -3.231822186627E-05    5.955755320654E-05    5.692509836070E-01    6.059096979362E-05    3.042589528654E-05   -2.039725533109E-05    1.203688774216E-05
    1.036895916610E-05    6.270763702721E-06   -1.755444543971E-05   -2.618458906173E-05    3.410169741218E-05    6.059096979362E-05    8.459756466819E-01    5.563657122695E-05   -2.363501959047E-05    1.173780599162E-05
    2.664311416869E-05    5.187920913851E-06   -1.442986963839E-05   -2.107708816793E-05    2.543028999883E-05    3.042589528654E-05    5.563657122695E-05    1.175667624273E+00   -4.703155259272E-05    1.325300199504E-05
   -4.031234415911E-05   -4.043461886511E-06    1.118367255483E-05    1.611678234409E-05   -1.883501643296E-05   -2.039725533109E-05   -2.363501959047E-05   -4.703155259272E-05    1.557876089443E+00   -3.290085465351E-05
    5.566082800289E-05    2.795709728740E-06   -7.635926444130E-06   -1.072213822122E-05    1.199891476832E-05    1.203688774216E-05    1.173780599162E-05    1.325300199504E-05   -3.290085465351E-05    1.992277202544E+00
   35.036212383370710     
   -9.998583193660E-01   -1.415458886000E-05    3.468380782374E-05    3.823891540874E-05   -2.702790755520E-05   -8.815237039241E-06    9.871397192055E-06    2.600698729548E-05   -3.964254462031E-05    5.501470625034E-05
   -1.415458886000E-05    7.047112852289E-03   -7.716102033215E-06   -7.454768617383E-06    7.484805229066E-06    7.002879026034E-06    6.140950553883E-06    5.092774597141E-06   -3.978976993632E-06    2.758242443094E-06
    3.468380782374E-05   -7.716102033215E-06    6.329568452460E-02    2.900142817249E-05   -2.235907107186E-05   -1.991429141466E-05   -1.720795916770E-05   -1.417895279370E-05    1.101650813092E-05   -7.542705285382E-06
    3.823891540874E-05   -7.454768617383E-06    2.900142817249E-05    1.751993210612E-01   -4.832636540526E-05   -3.166738127680E-05   -2.571006043224E-05   -2.074330402343E-05    1.590185984645E-05   -1.061218253403E-05
   -2.702790755520E-05    7.484805229066E-06   -2.235907107186E-05   -4.832636540526E-05    3.418321802471E-01    5.850628556229E-05    3.354836732961E-05    2.507124359317E-05   -1.861635294258E-05    1.190148885510E-05
   -8.815237039241E-06    7.002879026034E-06   -1.991429141466E-05   -3.166738127680E-05    5.850628556229E-05    5.622375814845E-01    5.972231775337E-05    3.004365501900E-05   -2.019045576804E-05    1.196145746387E-05
    9.871397192055E-06    6.140950553883E-06   -1.720795916770E-05   -2.571006043224E-05    3.354836732961E-05    5.972231775337E-05    8.356048255245E-01    5.499641346378E-05   -2.341770499635E-05    1.167849951192E-05
    2.600698729548E-05    5.092774597141E-06   -1.417895279370E-05   -2.074330402343E-05    2.507124359317E-05    3.004365501900E-05    5.499641346378E-05    1.161316464170E+00   -4.660048188218E-05    1.318528350884E-05
   -3.964254462031E-05   -3.978976993632E-06    1.101650813092E-05    1.590185984645E-05   -1.861635294258E-05   -2.019045576804E-05   -2.341770499635E-05   -4.660048188218E-05    1.538926823595E+00   -3.266779624271E-05
    5.501470625034E-05    2.758242443094E-06   -7.542705285382E-06   -1.061218253403E-05    1.190148885510E-05    1.196145746387E-05    1.167849951192E-05    1.318528350884E-05   -3.266779624271E-05    1.968114845967E+00
   35.246324124697715     
   -9.998607042428E-01   -1.385430237886E-05    3.401888894868E-05    3.766594529265E-05   -2.683366001360E-05   -9.020356891440E-06    9.387765341197E-06    2.538331660286E-05   -3.898211953787E-05    5.437394601581E-05
   -1.385430237886E-05    6.958908000671E-03   -7.508504653309E-06   -7.254700463386E-06    7.296351432005E-06    6.841633786405E-06    6.013680550881E-06    4.999142114105E-06   -3.915247727515E-06    2.721004048650E-06
    3.401888894868E-05   -7.508504653309E-06    6.250574107602E-02    2.828715789091E-05   -2.182427733981E-05   -1.947621442909E-05   -1.686767868869E-05   -1.393154956999E-05    1.085089740073E-05   -7.449691577700E-06
    3.766594529265E-05   -7.254700463386E-06    2.828715789091E-05    1.730232728310E-01   -4.729908261342E-05   -3.102872196998E-05   -2.524275085348E-05   -2.041317904202E-05    1.568807995226E-05   -1.050166861461E-05
   -2.683366001360E-05    7.296351432005E-06   -2.182427733981E-05   -4.729908261342E-05    3.376101860498E-01    5.747160946322E-05    3.300189623559E-05    2.471501657171E-05   -1.839793098638E-05    1.180259617534E-05
   -9.020356891440E-06    6.841633786405E-06   -1.947621442909E-05   -3.102872196998E-05    5.747160946322E-05    5.553315147538E-01    5.886285497323E-05    2.966359398701E-05   -1.998325440634E-05    1.188404875465E-05
    9.387765341197E-06    6.013680550881E-06   -1.686767868869E-05   -2.524275085348E-05    3.300189623559E-05    5.886285497323E-05    8.253916790311E-01    5.436004541911E-05   -2.319990182299E-05    1.161719683324E-05
    2.538331660286E-05    4.999142114105E-06   -1.393154956999E-05   -2.041317904202E-05    2.471501657171E-05    2.966359398701E-05    5.436004541911E-05    1.147182397279E+00   -4.617016674412E-05    1.311592085086E-05
   -3.898211953787E-05   -3.915247727515E-06    1.085089740073E-05    1.568807995226E-05   -1.839793098638E-05   -1.998325440634E-05   -2.319990182299E-05   -4.617016674412E-05    1.520263126074E+00   -3.243402596895E-05
    5.437394601581E-05    2.721004048650E-06   -7.449691577700E-06   -1.050166861461E-05    1.180259617534E-05    1.188404875465E-05    1.161719683324E-05    1.311592085086E-05   -3.243402596895E-05    1.944315592948E+00
   35.457064002770082     
   -9.998630537552E-01   -1.356087902834E-05    3.336690852331E-05    3.709935210138E-05   -2.663497916098E-05   -9.213872820574E-06    8.917770578821E-06    2.477192225033E-05   -3.833099260887E-05    5.373856232371E-05
   -1.356087902834E-05    6.872092355990E-03   -7.307083301695E-06   -7.060388211129E-06    7.112826868928E-06    6.684101628563E-06    5.888912120560E-06    4.907009504794E-06   -3.852276015951E-06    2.684003697738E-06
    3.336690852331E-05   -7.307083301695E-06    6.172817026291E-02    2.759167460727E-05   -2.130256366269E-05   -1.904752990207E-05   -1.653352513759E-05   -1.368764756848E-05    1.068686453099E-05   -7.356923981562E-06
    3.709935210138E-05   -7.060388211129E-06    2.759167460727E-05    1.708810130853E-01   -4.629367389750E-05   -3.040206970804E-05   -2.478261290287E-05   -2.008674058564E-05    1.547550793581E-05   -1.039067254877E-05
   -2.663497916098E-05    7.112826868928E-06   -2.130256366269E-05   -4.629367389750E-05    3.334531459872E-01    5.645335836368E-05    3.246228368479E-05    2.436167297012E-05   -1.817984336958E-05    1.170233369752E-05
   -9.213872820574E-06    6.684101628563E-06   -1.904752990207E-05   -3.040206970804E-05    5.645335836368E-05    5.485308309273E-01    5.801259724119E-05    2.928578846555E-05   -1.977574481555E-05    1.180475492757E-05
    8.917770578821E-06    5.888912120560E-06   -1.653352513759E-05   -2.478261290287E-05    3.246228368479E-05    5.801259724119E-05    8.153333593566E-01    5.372754450707E-05   -2.298168877250E-05    1.155397231821E-05
    2.477192225033E-05    4.907009504794E-06   -1.368764756848E-05   -2.008674058564E-05    2.436167297012E-05    2.928578846555E-05    5.372754450707E-05    1.133261520931E+00   -4.574068096129E-05    1.304496696878E-05
   -3.833099260887E-05   -3.852276015951E-06    1.068686453099E-05    1.547550793581E-05   -1.817984336958E-05   -1.977574481555E-05   -2.298168877250E-05   -4.574068096129E-05    1.501879878965E+00   -3.219959181292E-05
    5.373856232371E-05    2.684003697738E-06   -7.356923981562E-06   -1.039067254877E-05    1.170233369752E-05    1.180475492757E-05    1.155397231821E-05    1.304496696878E-05   -3.219959181292E-05    1.920872949187E+00
   35.668432017587833     
   -9.998653690991E-01   -1.327415135514E-05    3.272762619597E-05    3.653917086619E-05   -2.643216294344E-05   -9.396146334963E-06    8.461123818579E-06    2.417262504815E-05   -3.768908621531E-05    5.310856779256E-05
   -1.327415135514E-05    6.786639500711E-03   -7.111637968491E-06   -6.871657485851E-06    6.934101167354E-06    6.530201337768E-06    5.766603964473E-06    4.816362469514E-06   -3.790063242315E-06    2.647250040240E-06
    3.272762619597E-05   -7.111637968491E-06    6.096273905798E-02    2.691446519802E-05   -2.079361719840E-05   -1.862805857570E-05   -1.620541906475E-05   -1.344723258615E-05    1.052443163321E-05   -7.264439433418E-06
    3.653917086619E-05   -6.871657485851E-06    2.691446519802E-05    1.687719143009E-01   -4.530970936394E-05   -2.978725007228E-05   -2.432959645133E-05   -1.976401243608E-05    1.526420562552E-05   -1.027926773829E-05
   -2.643216294344E-05    6.934101167354E-06   -2.079361719840E-05   -4.530970936394E-05    3.293598696873E-01    5.545136320694E-05    3.192952531908E-05    2.401127275998E-05   -1.796217930329E-05    1.160079572959E-05
   -9.396146334963E-06    6.530201337768E-06   -1.862805857570E-05   -2.978725007228E-05    5.545136320694E-05    5.418336184596E-01    5.717155589080E-05    2.891031136230E-05   -1.956801785662E-05    1.172366738352E-05
    8.461123818579E-06    5.766603964473E-06   -1.620541906475E-05   -2.432959645133E-05    3.192952531908E-05    5.717155589080E-05    8.054270780197E-01    5.309898514245E-05   -2.276314291960E-05    1.148889931297E-05
    2.417262504815E-05    4.816362469514E-06   -1.344723258615E-05   -1.976401243608E-05    2.401127275998E-05    2.891031136230E-05    5.309898514245E-05    1.119550013549E+00   -4.531209706935E-05    1.297247448808E-05
   -3.768908621531E-05   -3.790063242315E-06    1.052443163321E-05    1.526420562552E-05   -1.796217930329E-05   -1.956801785662E-05   -2.276314291960E-05   -4.531209706935E-05    1.483772070524E+00   -3.196454161270E-05
    5.310856779256E-05    2.647250040240E-06   -7.264439433418E-06   -1.027926773829E-05    1.160079572959E-05    1.172366738352E-05    1.148889931297E-05    1.297247448808E-05   -3.196454161270E-05    1.897780554990E+00
   35.880428169150946     
   -9.998676495687E-01   -1.299395629511E-05    3.210080536054E-05    3.598543055723E-05   -2.622549853926E-05   -9.567530611167E-06    8.017540046955E-06    2.358524668861E-05   -3.705632170319E-05    5.248397293900E-05
   -1.299395629511E-05    6.702523607973E-03   -6.921975633857E-06   -6.688339393241E-06    6.760047323309E-06    6.379853211930E-06    5.646715098124E-06    4.727186411379E-06   -3.728610280333E-06    2.610751245925E-06
    3.210080536054E-05   -6.921975633857E-06    6.020921956390E-02    2.625503068774E-05   -2.029713186244E-05   -1.821762342867E-05   -1.588328058881E-05   -1.321028875698E-05    1.036361887135E-05   -7.172273211507E-06
    3.598543055723E-05   -6.688339393241E-06    2.625503068774E-05    1.666953624860E-01   -4.434676544891E-05   -2.918408873972E-05   -2.388364891500E-05   -1.944501499898E-05    1.505423154805E-05   -1.016752498006E-05
   -2.622549853926E-05    6.760047323309E-06   -2.029713186244E-05   -4.434676544891E-05    3.253291920095E-01    5.446545293965E-05    3.140361314403E-05    2.366387203771E-05   -1.774502452545E-05    1.149807397319E-05
   -9.567530611167E-06    6.379853211930E-06   -1.821762342867E-05   -2.918408873972E-05    5.446545293965E-05    5.352380058772E-01    5.633973820415E-05    2.853723237136E-05   -1.936016176052E-05    1.164087563382E-05
    8.017540046955E-06    5.646715098124E-06   -1.588328058881E-05   -2.388364891500E-05    3.140361314403E-05    5.633973820415E-05    7.956701046265E-01    5.247443899383E-05   -2.254433977134E-05    1.142205015110E-05
    2.358524668861E-05    4.727186411379E-06   -1.321028875698E-05   -1.944501499898E-05    2.366387203771E-05    2.853723237136E-05    5.247443899383E-05    1.106044132892E+00   -4.488448651103E-05    1.289849571716E-05
   -3.705632170319E-05   -3.728610280333E-06    1.036361887135E-05    1.505423154805E-05   -1.774502452545E-05   -1.936016176052E-05   -2.254433977134E-05   -4.488448651103E-05    1.465934792847E+00   -3.172892314802E-05
    5.248397293900E-05    2.610751245925E-06   -7.172273211507E-06   -1.016752498006E-05    1.149807397319E-05    1.164087563382E-05    1.142205015110E-05    1.289849571716E-05   -3.172892314802E-05    1.875032182276E+00
   36.093052457459443     
   -9.998698969582E-01   -1.272013490659E-05    3.148621281219E-05    3.543815407204E-05   -2.601526250659E-05   -9.728370643523E-06    7.586738165238E-06    2.300960956024E-05   -3.643261917267E-05    5.186478592976E-05
   -1.272013490659E-05    6.619719423318E-03   -6.737909929649E-06   -6.510270290766E-06    6.590541576908E-06    6.232979009760E-06    5.529204837196E-06    4.639466437757E-06   -3.667917498824E-06    2.574515007857E-06
    3.148621281219E-05   -6.737909929649E-06    5.946738885834E-02    2.561288560779E-05   -1.981280808278E-05   -1.781604960365E-05   -1.556702940120E-05   -1.297679858055E-05    1.020444448872E-05   -7.080458952161E-06
    3.543815407204E-05   -6.510270290766E-06    2.561288560779E-05    1.646507567841E-01   -4.340442452370E-05   -2.859241143241E-05   -2.344471528471E-05   -1.912976534819E-05    1.484564096167E-05   -1.005551248146E-05
   -2.601526250659E-05    6.590541576908E-06   -1.981280808278E-05   -4.340442452370E-05    3.213599723293E-01    5.349545423819E-05    3.088453549302E-05    2.331952302176E-05   -1.752846129803E-05    1.139425751326E-05
   -9.728370643522E-06    6.232979009760E-06   -1.781604960365E-05   -2.859241143241E-05    5.349545423819E-05    5.287421606712E-01    5.551714708803E-05    2.816661787440E-05   -1.915226207140E-05    1.155646726237E-05
    7.586738165238E-06    5.529204837196E-06   -1.556702940120E-05   -2.344471528471E-05    3.088453549302E-05    5.551714708803E-05    7.860597652998E-01    5.185397463064E-05   -2.232535314821E-05    1.135349609786E-05
    2.300960956024E-05    4.639466437757E-06   -1.297679858055E-05   -1.912976534819E-05    2.331952302176E-05    2.816661787440E-05    5.185397463064E-05    1.092740213947E+00   -4.445791932435E-05    1.282308256915E-05
   -3.643261917267E-05   -3.667917498824E-06    1.020444448872E-05    1.484564096167E-05   -1.752846129803E-05   -1.915226207140E-05   -2.232535314821E-05   -4.445791932435E-05    1.448363239156E+00   -3.149278392937E-05
    5.186478592976E-05    2.574515007857E-06   -7.080458952161E-06   -1.005551248146E-05    1.139425751326E-05    1.155646726237E-05    1.135349609786E-05    1.282308256915E-05   -3.149278392937E-05    1.852621731189E+00
   36.306304882513302     
   -9.998721110814E-01   -1.245253240673E-05    3.088361908078E-05    3.489735884641E-05   -2.580172122962E-05   -9.879003328770E-06    7.168441172313E-06    2.244553706843E-05   -3.581789786272E-05    5.125101300589E-05
   -1.245253240673E-05    6.538202253227E-03   -6.559260975267E-06   -6.337291677683E-06    6.425463384372E-06    6.089501977515E-06    5.414032846448E-06    4.553187410214E-06   -3.607984802234E-06    2.538548568837E-06
    3.088361908078E-05   -6.559260975267E-06    5.873702889661E-02    2.498755792673E-05   -1.934035285838E-05   -1.742316455871E-05   -1.525658494354E-05   -1.274674308246E-05    1.004692493092E-05   -6.989028726610E-06
    3.489735884641E-05   -6.337291677683E-06    2.498755792673E-05    1.626375092219E-01   -4.248227536029E-05   -2.801204425357E-05   -2.301273841735E-05   -1.881827745994E-05    1.463848602393E-05   -9.943295956097E-06
   -2.580172122962E-05    6.425463384372E-06   -1.934035285838E-05   -4.248227536029E-05    3.174510940677E-01    5.254119219151E-05    3.037227737051E-05    2.297827428470E-05   -1.731256855882E-05    1.128943289227E-05
   -9.879003328770E-06    6.089501977515E-06   -1.742316455871E-05   -2.801204425357E-05    5.254119219151E-05    5.223442885381E-01    5.470378164578E-05    2.779853115666E-05   -1.894440176153E-05    1.147052796825E-05
    7.168441172313E-06    5.414032846448E-06   -1.525658494354E-05   -2.301273841735E-05    3.037227737051E-05    5.470378164578E-05    7.765934415531E-01    5.123765792196E-05   -2.210625529054E-05    1.128330737314E-05
    2.244553706843E-05    4.553187410214E-06   -1.274674308246E-05   -1.881827745994E-05    2.297827428470E-05    2.779853115666E-05    5.123765792196E-05    1.079634667352E+00   -4.403246440852E-05    1.274628659014E-05
   -3.581789786272E-05   -3.607984802234E-06    1.004692493092E-05    1.463848602393E-05   -1.731256855882E-05   -1.894440176153E-05   -2.210625529054E-05   -4.403246440852E-05    1.431052701696E+00   -3.125617135204E-05
    5.125101300589E-05    2.538548568837E-06   -6.989028726610E-06   -9.943295956097E-06    1.128943289227E-05    1.147052796825E-05    1.128330737314E-05    1.274628659014E-05   -3.125617135204E-05    1.830543227386E+00
   36.520185444312538     
   -9.998742921362E-01   -1.219099798073E-05    3.029279823801E-05    3.436305696746E-05   -2.558513112613E-05   -1.001975760342E-05    6.762376079240E-06    2.189285356068E-05   -3.521207607332E-05    5.064265838637E-05
   -1.219099798073E-05    6.457947949205E-03   -6.385855096663E-06   -6.169250002880E-06    6.264695317898E-06    5.949346813799E-06    5.301159138031E-06    4.468333955117E-06   -3.548811642305E-06    2.502858729459E-06
    3.029279823801E-05   -6.385855096663E-06    5.801792637624E-02    2.437858855391E-05   -1.887947958094E-05   -1.703879803780E-05   -1.495186644335E-05   -1.252010186688E-05    9.891074891023E-06   -6.898013069550E-06
    3.436305696746E-05   -6.169250002880E-06    2.437858855391E-05    1.606550443628E-01   -4.157991292100E-05   -2.744281371215E-05   -2.258765911482E-05   -1.851056229391E-05    1.443281585246E-05   -9.830938657095E-06
   -2.558513112613E-05    6.264695317898E-06   -1.887947958094E-05   -4.157991292100E-05    3.136014640610E-01    5.160249023633E-05    2.986682049743E-05    2.264017080161E-05   -1.709742195368E-05    1.118368412077E-05
   -1.001975760342E-05    5.949346813799E-06   -1.703879803780E-05   -2.744281371215E-05    5.160249023633E-05    5.160426323969E-01    5.389963706018E-05    2.743303238199E-05   -1.873666121562E-05    1.138314154846E-05
    6.762376079240E-06    5.301159138031E-06   -1.495186644335E-05   -2.258765911482E-05    2.986682049743E-05    5.389963706018E-05    7.672685688863E-01    5.062555186208E-05   -2.188711679411E-05    1.121155311527E-05
    2.189285356068E-05    4.468333955117E-06   -1.252010186688E-05   -1.851056229391E-05    2.264017080161E-05    2.743303238199E-05    5.062555186208E-05    1.066723977505E+00   -4.360818935019E-05    1.266815890651E-05
   -3.521207607332E-05   -3.548811642305E-06    9.891074891023E-06    1.443281585246E-05   -1.709742195368E-05   -1.873666121562E-05   -2.188711679411E-05   -4.360818935019E-05    1.413998569276E+00   -3.101913257205E-05
    5.064265838637E-05    2.502858729459E-06   -6.898013069550E-06   -9.830938657095E-06    1.118368412077E-05    1.138314154846E-05    1.121155311527E-05    1.266815890651E-05   -3.101913257205E-05    1.808790818945E+00
   36.734694142857144     
   -9.998764410561E-01   -1.193538466443E-05    2.971352786054E-05    3.383525542120E-05   -2.536573891582E-05   -1.015095456216E-05    6.368273903720E-06    2.135138436766E-05   -3.461507122127E-05    5.003972432050E-05
   -1.193538466443E-05    6.378932893726E-03   -6.217524593536E-06   -6.005996504806E-06    6.108122989491E-06    5.812439652611E-06    5.190544083837E-06    4.384890484994E-06   -3.490397037779E-06    2.467451861505E-06
    2.971352786054E-05   -6.217524593536E-06    5.730987261758E-02    2.378553098368E-05   -1.842990792769E-05   -1.666278209117E-05   -1.465279298751E-05   -1.229685319782E-05    9.736907376030E-06   -6.807441021763E-06
    3.383525542120E-05   -6.005996504806E-06    2.378553098368E-05    1.587027989993E-01   -4.069693834398E-05   -2.688454683293E-05   -2.216941626046E-05   -1.820662791627E-05    1.422867661640E-05   -9.718501429700E-06
   -2.536573891582E-05    6.108122989491E-06   -1.842990792769E-05   -4.069693834398E-05    3.098100119976E-01    5.067917030871E-05    2.936814344234E-05    2.230525405228E-05   -1.688309390523E-05    1.107709270918E-05
   -1.015095456216E-05    5.812439652611E-06   -1.666278209117E-05   -2.688454683293E-05    5.067917030871E-05    5.098354715040E-01    5.310470468071E-05    2.707017864092E-05   -1.852911825623E-05    1.129438990137E-05
    6.368273903720E-06    5.190544083837E-06   -1.465279298751E-05   -2.216941626046E-05    2.936814344234E-05    5.310470468071E-05    7.580826355083E-01    5.001771656742E-05   -2.166800659873E-05    1.113830136499E-05
    2.135138436766E-05    4.384890484994E-06   -1.229685319782E-05   -1.820662791627E-05    2.230525405228E-05    2.707017864092E-05    5.001771656742E-05    1.054004700819E+00   -4.318516037997E-05    1.258875019800E-05
   -3.461507122127E-05   -3.490397037779E-06    9.736907376030E-06    1.422867661640E-05   -1.688309390523E-05   -1.852911825623E-05   -2.166800659873E-05   -4.318516037997E-05    1.397196325001E+00   -3.078171446352E-05
    5.003972432050E-05    2.467451861505E-06   -6.807441021763E-06   -9.718501429700E-06    1.107709270918E-05    1.129438990137E-05    1.113830136499E-05    1.258875019800E-05   -3.078171446352E-05    1.787358773488E+00
   36.949830978147126     
   -9.998785578661E-01   -1.168554929118E-05    2.914558913169E-05    3.331395646618E-05   -2.514378195480E-05   -1.027290757170E-05    5.985869728257E-06    2.082095594675E-05   -3.402680002124E-05    4.944221128688E-05
   -1.168554929118E-05    6.301133987922E-03   -6.054107547853E-06   -5.847387078616E-06    5.955634994960E-06    5.678708061684E-06    5.082148439643E-06    4.302841229015E-06   -3.432739600923E-06    2.432333925795E-06
    2.914558913169E-05   -6.054107547853E-06    5.661266345875E-02    2.320795106050E-05   -1.799136381455E-05   -1.629495113793E-05   -1.435928362765E-05   -1.207697410500E-05    9.584433791759E-06   -6.717340184495E-06
    3.331395646618E-05   -5.847387078616E-06    2.320795106050E-05    1.567802218823E-01   -3.983295910033E-05   -2.633707134072E-05   -2.175794700531E-05   -1.790647965931E-05    1.402611165424E-05   -9.606042780263E-06
   -2.514378195480E-05    5.955634994960E-06   -1.799136381455E-05   -3.983295910033E-05    3.060756899186E-01    4.977105319177E-05    2.887622182972E-05    2.197356217155E-05   -1.666965371384E-05    1.096973771790E-05
   -1.027290757170E-05    5.678708061684E-06   -1.629495113793E-05   -2.633707134072E-05    4.977105319177E-05    5.037211206593E-01    5.231897230318E-05    2.671002406695E-05   -1.832184820666E-05    1.120435304807E-05
    5.985869728257E-06    5.082148439643E-06   -1.435928362765E-05   -2.175794700531E-05    2.887622182972E-05    5.231897230318E-05    7.490331811806E-01    4.941420944012E-05   -2.144899202705E-05    1.106361906692E-05
    2.082095594675E-05    4.302841229015E-06   -1.207697410500E-05   -1.790647965931E-05    2.197356217155E-05    2.671002406695E-05    4.941420944012E-05    1.041473464134E+00   -4.276344245975E-05    1.250811069450E-05
   -3.402680002124E-05   -3.432739600923E-06    9.584433791759E-06    1.402611165424E-05   -1.666965371384E-05   -1.832184820666E-05   -2.144899202705E-05   -4.276344245975E-05    1.380641544168E+00   -3.054396365955E-05
    4.944221128688E-05    2.432333925795E-06   -6.717340184495E-06   -9.606042780263E-06    1.096973771790E-05    1.120435304807E-05    1.106361906692E-05    1.250811069450E-05   -3.054396365955E-05    1.766241475507E+00
   37.165595950182471     
   -9.998806438276E-01   -1.144135232448E-05    2.858876667119E-05    3.279915773871E-05   -2.491948843112E-05   -1.038592239916E-05    5.614902626218E-06    2.030139582090E-05   -3.344717842091E-05    4.885011790931E-05
   -1.144135232448E-05    6.224528637112E-03   -5.895447578025E-06   -5.693282104754E-06    5.807122822560E-06    5.548081009487E-06    4.975933343159E-06    4.222170242936E-06   -3.375837548928E-06    2.397510480436E-06
    2.858876667119E-05   -5.895447578025E-06    5.592609913249E-02    2.264542653283E-05   -1.756357922993E-05   -1.593514193552E-05   -1.407125741145E-05   -1.186044043278E-05    9.433663986488E-06   -6.627736748496E-06
    3.279915773871E-05   -5.693282104754E-06    2.264542653283E-05    1.548867734039E-01   -3.898758880244E-05   -2.580021568184E-05   -2.135318684231E-05   -1.761012019995E-05    1.382516153516E-05   -9.493618912417E-06
   -2.491948843112E-05    5.807122822560E-06   -1.756357922993E-05   -3.898758880244E-05    3.023974716397E-01    4.887795847033E-05    2.839102839088E-05    2.164513000247E-05   -1.645716759543E-05    1.086169577418E-05
   -1.038592239916E-05    5.548081009487E-06   -1.593514193552E-05   -2.580021568184E-05    4.887795847033E-05    4.976979293050E-01    5.154242408257E-05    2.635261982451E-05   -1.811492388453E-05    1.111310912253E-05
    5.614902626218E-06    4.975933343159E-06   -1.407125741145E-05   -2.135318684231E-05    2.839102839088E-05    5.154242408257E-05    7.401177959274E-01    4.881508502276E-05   -2.123013873192E-05    1.098757204000E-05
    2.030139582090E-05    4.222170242936E-06   -1.186044043278E-05   -1.761012019995E-05    2.164513000247E-05    2.635261982451E-05    4.881508502276E-05    1.029126962977E+00   -4.234309913000E-05    1.242629012953E-05
   -3.344717842091E-05   -3.375837548928E-06    9.433663986488E-06    1.382516153516E-05   -1.645716759543E-05   -1.811492388453E-05   -2.123013873192E-05   -4.234309913000E-05    1.364329892009E+00   -3.030592643958E-05
    4.885011790931E-05    2.397510480436E-06   -6.627736748496E-06   -9.493618912417E-06    1.086169577418E-05    1.111310912253E-05    1.098757204000E-05    1.242629012953E-05   -3.030592643958E-05    1.745433423518E+00
   37.381989058963200     
   -9.998826985435E-01   -1.120265784574E-05    2.804284871405E-05    3.229085268677E-05   -2.469307773156E-05   -1.049029732546E-05    5.255115752464E-06    1.979253277743E-05   -3.287612185074E-05    4.826344123721E-05
   -1.120265784574E-05    6.149094740015E-03   -5.741393682409E-06   -5.543546338238E-06    5.662480810471E-06    5.420488871827E-06    4.871860343747E-06    4.142861443774E-06   -3.319688733785E-06    2.362986701129E-06
    2.804284871405E-05   -5.741393682409E-06    5.524998417381E-02    2.209754689763E-05   -1.714629222189E-05   -1.558319366197E-05   -1.378863350167E-05   -1.164722695670E-05    9.284606344577E-06   -6.538655554994E-06
    3.229085268677E-05   -5.543546338238E-06    2.209754689763E-05    1.530219253586E-01   -3.816044745154E-05   -2.527380924273E-05   -2.095506981501E-05   -1.731754973676E-05    1.362586419108E-05   -9.381283806524E-06
   -2.469307773156E-05    5.662480810471E-06   -1.714629222189E-05   -3.816044745154E-05    2.987743523077E-01    4.799970498396E-05    2.791253321350E-05    2.131998927382E-05   -1.624569880244E-05    1.075304113564E-05
   -1.049029732546E-05    5.420488871827E-06   -1.558319366197E-05   -2.527380924273E-05    4.799970498396E-05    4.917642808148E-01    5.077504092391E-05    2.599801426688E-05   -1.790841568957E-05    1.102073440708E-05
    5.255115752464E-06    4.871860343747E-06   -1.378863350167E-05   -2.095506981501E-05    2.791253321350E-05    5.077504092391E-05    7.313341189921E-01    4.822039526204E-05   -2.101151076793E-05    1.091022499282E-05
    1.979253277743E-05    4.142861443774E-06   -1.164722695670E-05   -1.731754973676E-05    2.131998927382E-05    2.599801426688E-05    4.822039526204E-05    1.016961960108E+00   -4.192419267567E-05    1.234333775391E-05
   -3.287612185074E-05   -3.319688733785E-06    9.284606344577E-06    1.362586419108E-05   -1.624569880244E-05   -1.790841568957E-05   -2.101151076793E-05   -4.192419267567E-05    1.348257121771E+00   -3.006764882026E-05
    4.826344123721E-05    2.362986701129E-06   -6.538655554994E-06   -9.381283806524E-06    1.075304113564E-05    1.102073440708E-05    1.091022499282E-05    1.234333775391E-05   -3.006764882026E-05    1.724929227608E+00
   37.599010304489290     
   -9.998847230410E-01   -1.096933336692E-05    2.750762687601E-05    3.178903059691E-05   -2.446476059334E-05   -1.058632327498E-05    4.906256236955E-06    1.929419675644E-05   -3.231354509815E-05    4.768217659150E-05
   -1.096933336692E-05    6.074810674444E-03   -5.591799995889E-06   -5.398048736958E-06    5.521606050005E-06    5.295863391107E-06    4.769891392856E-06    4.064898613482E-06   -3.264290649103E-06    2.328767386637E-06
    2.750762687601E-05   -5.591799995889E-06    5.458412729807E-02    2.156391292105E-05   -1.673924670466E-05   -1.523894785834E-05   -1.351133118395E-05   -1.143730741407E-05    9.137267817279E-06   -6.450120117283E-06
    3.178903059691E-05   -5.398048736958E-06    2.156391292105E-05    1.511851606292E-01   -3.735116115795E-05   -2.475768232362E-05   -2.056352855716E-05   -1.702876604354E-05    1.342825496136E-05   -9.269089247233E-06
   -2.446476059334E-05    5.521606050005E-06   -1.673924670466E-05   -3.735116115795E-05    2.952053478293E-01    4.713611068139E-05    2.744070375053E-05    2.099816862748E-05   -1.603530764585E-05    1.064384570015E-05
   -1.058632327498E-05    5.295863391107E-06   -1.523894785834E-05   -2.475768232362E-05    4.713611068139E-05    4.859185916063E-01    5.001680030913E-05    2.564625289479E-05   -1.770239158202E-05    1.092730331692E-05
    4.906256236955E-06    4.769891392856E-06   -1.351133118395E-05   -2.056352855716E-05    2.744070375053E-05    5.001680030913E-05    7.226798375721E-01    4.763018929452E-05   -2.079317051937E-05    1.083164148823E-05
    1.929419675644E-05    4.064898613482E-06   -1.143730741407E-05   -1.702876604354E-05    2.099816862748E-05    2.564625289479E-05    4.763018929452E-05    1.004975283827E+00   -4.150678392032E-05    1.225930228003E-05
   -3.231354509815E-05   -3.264290649103E-06    9.137267817279E-06    1.342825496136E-05   -1.603530764585E-05   -1.770239158202E-05   -2.079317051937E-05   -4.150678392032E-05    1.332419072520E+00   -2.982917640818E-05
    4.768217659150E-05    2.328767386637E-06   -6.450120117283E-06   -9.269089247233E-06    1.064384570015E-05    1.092730331692E-05    1.083164148823E-05    1.225930228003E-05   -2.982917640818E-05    1.704723606668E+00
   37.816659686760765     
   -9.998867170292E-01   -1.074124981664E-05    2.698289631291E-05    3.129367699640E-05   -2.423473945508E-05   -1.067428393324E-05    4.568075261304E-06    1.880621903243E-05   -3.175936253926E-05    4.710631782687E-05
   -1.074124981664E-05    6.001655287050E-03   -5.446525644495E-06   -5.256662356869E-06    5.384398343235E-06    5.174137680110E-06    4.669988870284E-06    3.988265430681E-06   -3.209640457943E-06    2.294856977962E-06
    2.698289631291E-05   -5.446525644495E-06    5.392834131333E-02    2.104413648325E-05   -1.634219243751E-05   -1.490224849887E-05   -1.323926997420E-05   -1.123065461146E-05    8.991654010466E-06   -6.362152678724E-06
    3.129367699640E-05   -5.256662356869E-06    2.104413648325E-05    1.493759729596E-01   -3.655936235697E-05   -2.425166633561E-05   -2.017849448509E-05   -1.674376463504E-05    1.323236671829E-05   -9.157084900375E-06
   -2.423473945508E-05    5.384398343235E-06   -1.634219243751E-05   -3.655936235697E-05    2.916894944485E-01    4.628699303963E-05    2.697550505460E-05    2.067969378747E-05   -1.582605161195E-05    1.053417906890E-05
   -1.067428393324E-05    5.174137680110E-06   -1.490224849887E-05   -2.425166633561E-05    4.628699303963E-05    4.801593104639E-01    4.926767666685E-05    2.529737850834E-05   -1.749691716846E-05    1.083288843642E-05
    4.568075261304E-06    4.669988870284E-06   -1.323926997420E-05   -2.017849448509E-05    2.697550505460E-05    4.926767666685E-05    7.141526858259E-01    4.704451369849E-05   -2.057517876999E-05    1.075188395935E-05
    1.880621903243E-05    3.988265430681E-06   -1.123065461146E-05   -1.674376463504E-05    2.067969378747E-05    2.529737850834E-05    4.704451369849E-05    9.931638265916E-01   -4.109093238434E-05    1.217423189525E-05
   -3.175936253926E-05   -3.209640457943E-06    8.991654010466E-06    1.323236671829E-05   -1.582605161195E-05   -1.749691716846E-05   -2.057517876999E-05   -4.109093238434E-05    1.316811667313E+00   -2.959055448577E-05
    4.710631782687E-05    2.294856977962E-06   -6.362152678724E-06   -9.157084900375E-06    1.053417906890E-05    1.083288843642E-05    1.075188395935E-05    1.217423189525E-05   -2.959055448577E-05    1.684811386062E+00
   38.034937205777595     
   -9.998886816810E-01   -1.051828137071E-05    2.646845551037E-05    3.080477368642E-05   -2.400320860675E-05   -1.075445587101E-05    4.240327963837E-06    1.832843211855E-05   -3.121348803052E-05    4.653585719656E-05
   -1.051828137071E-05    5.929607880014E-03   -5.305434523801E-06   -5.119264193840E-06    5.250760112962E-06    5.055246183972E-06    4.572115575562E-06    3.912945474754E-06   -3.155735000040E-06    2.261259564283E-06
    2.646845551037E-05   -5.305434523801E-06    5.328244300630E-02    2.053784013740E-05   -1.595488484395E-05   -1.457294193698E-05   -1.297236962698E-05   -1.102724045550E-05    8.847769216050E-06   -6.274774235473E-06
    3.080477368642E-05   -5.119264193840E-06    2.053784013740E-05    1.475938666602E-01   -3.578468955450E-05   -2.375559377894E-05   -1.979989783871E-05   -1.646253882181E-05    1.303822991386E-05   -9.045318343231E-06
   -2.400320860675E-05    5.250760112962E-06   -1.595488484395E-05   -3.578468955450E-05    2.882258482102E-01    4.545216894423E-05    2.651689979558E-05    2.036458759331E-05   -1.561798538971E-05    1.042410856108E-05
   -1.075445587101E-05    5.055246183972E-06   -1.457294193698E-05   -2.375559377894E-05    4.545216894423E-05    4.744849177045E-01    4.852764123062E-05    2.495143117817E-05   -1.729205568852E-05    1.073756050935E-05
    4.240327963837E-06    4.572115575562E-06   -1.297236962698E-05   -1.979989783871E-05    2.651689979558E-05    4.852764123062E-05    7.057504436813E-01    4.646341230933E-05   -2.035759464189E-05    1.067101367988E-05
    1.832843211855E-05    3.912945474754E-06   -1.102724045550E-05   -1.646253882181E-05    2.036458759331E-05    2.495143117817E-05    4.646341230933E-05    9.815245434145E-01   -4.067669610169E-05    1.208817421223E-05
   -3.121348803052E-05   -3.155735000040E-06    8.847769216050E-06    1.303822991386E-05   -1.561798538971E-05   -1.729205568852E-05   -2.035759464189E-05   -4.067669610169E-05    1.301430911124E+00   -2.935182787769E-05
    4.653585719656E-05    2.261259564283E-06   -6.274774235473E-06   -9.045318343231E-06    1.042410856108E-05    1.073756050935E-05    1.067101367988E-05    1.208817421223E-05   -2.935182787769E-05    1.665187495018E+00
   38.253842861539816     
   -9.998906167525E-01   -1.030030544426E-05    2.596410644277E-05    3.032229913224E-05   -2.377035453567E-05   -1.082710866643E-05    3.922773510355E-06    1.786066994523E-05   -3.067583514037E-05    4.597078561804E-05
   -1.030030544426E-05    5.858648201452E-03   -5.168395167534E-06   -4.985735087047E-06    5.120596362871E-06    4.939124683356E-06    4.476234752602E-06    3.838922256072E-06   -3.102570818619E-06    2.227978901642E-06
    2.596410644277E-05   -5.168395167534E-06    5.264625306038E-02    2.004465696902E-05   -1.557708499067E-05   -1.425087696987E-05   -1.271055023650E-05   -1.082703605524E-05    8.705616496619E-06   -6.188004593135E-06
    3.032229913224E-05   -4.985735087047E-06    2.004465696902E-05    1.458383563950E-01   -3.502678753579E-05   -2.326929843014E-05   -1.942766786546E-05   -1.618507987025E-05    1.284587270233E-05   -8.933835140896E-06
   -2.377035453567E-05    5.120596362871E-06   -1.557708499067E-05   -3.502678753579E-05    2.848134845636E-01    4.463145510221E-05    2.606484849078E-05    2.005287016713E-05   -1.541116098758E-05    1.031369927857E-05
   -1.082710866643E-05    4.939124683356E-06   -1.425087696987E-05   -2.326929843014E-05    4.463145510221E-05    4.688939245411E-01    4.779666241400E-05    2.460844840040E-05   -1.708786810351E-05    1.064138847805E-05
    3.922773510355E-06    4.476234752602E-06   -1.271055023650E-05   -1.942766786546E-05    2.606484849078E-05    4.779666241400E-05    6.974709359020E-01    4.588692648247E-05   -2.014047567019E-05    1.058909078300E-05
    1.786066994523E-05    3.838922256072E-06   -1.082703605524E-05   -1.618507987025E-05    2.005287016713E-05    2.460844840040E-05    4.588692648247E-05    9.700544505701E-01   -4.026413178901E-05    1.200117628529E-05
   -3.067583514037E-05   -3.102570818619E-06    8.705616496619E-06    1.284587270233E-05   -1.541116098758E-05   -1.708786810351E-05   -2.014047567019E-05   -4.026413178901E-05    1.286272889124E+00   -2.911304104395E-05
    4.597078561804E-05    2.227978901642E-06   -6.188004593135E-06   -8.933835140896E-06    1.031369927857E-05    1.064138847805E-05    1.058909078300E-05    1.200117628529E-05   -2.911304104395E-05    1.645846964428E+00
   38.473376654047392     
   -9.998925231232E-01   -1.008720253632E-05    2.546965438026E-05    2.984622849829E-05   -2.353635607407E-05   -1.089250502635E-05    3.615175005764E-06    1.740276777492E-05   -3.014631705359E-05    4.541109255270E-05
   -1.008720253632E-05    5.788756432939E-03   -5.035280544476E-06   -4.855959572304E-06    4.993814592922E-06    4.825710258221E-06    4.382310081340E-06    3.766179219960E-06   -3.050144167581E-06    2.195018418990E-06
    2.546965438026E-05   -5.035280544476E-06    5.201959594859E-02    1.956423018573E-05   -1.520855941600E-05   -1.393590478593E-05   -1.245373224378E-05   -1.063001175166E-05    8.565197716277E-06   -6.101862389674E-06
    2.984622849829E-05   -4.855959572304E-06    1.956423018573E-05    1.441089669051E-01   -3.428530712781E-05   -2.279261532108E-05   -1.906173285984E-05   -1.591137705657E-05    1.265532098728E-05   -8.822678877806E-06
   -2.353635607407E-05    4.993814592922E-06   -1.520855941600E-05   -3.428530712781E-05    2.814514978574E-01    4.382466793897E-05    2.561930952709E-05    1.974455895028E-05   -1.520562776409E-05    1.020301412383E-05
   -1.089250502635E-05    4.825710258221E-06   -1.393590478593E-05   -2.279261532108E-05    4.382466793897E-05    4.633848722959E-01    4.707470569213E-05    2.426846507700E-05   -1.688441308918E-05    1.054443947791E-05
    3.615175005764E-06    4.382310081340E-06   -1.245373224378E-05   -1.906173285984E-05    2.561930952709E-05    4.707470569213E-05    6.893120309623E-01    4.531509493283E-05   -1.992387775067E-05    1.050617423592E-05
    1.740276777492E-05    3.766179219960E-06   -1.063001175166E-05   -1.591137705657E-05    1.974455895028E-05    2.426846507700E-05    4.531509493283E-05    9.587506240760E-01   -3.985329468159E-05    1.191328456540E-05
   -3.014631705359E-05   -3.050144167581E-06    8.565197716277E-06    1.265532098728E-05   -1.520562776409E-05   -1.688441308918E-05   -1.992387775067E-05   -3.985329468159E-05    1.271333764720E+00   -2.887423795812E-05
    4.541109255270E-05    2.195018418990E-06   -6.101862389674E-06   -8.822678877806E-06    1.020301412383E-05    1.054443947791E-05    1.050617423592E-05    1.191328456540E-05   -2.887423795812E-05    1.626784924376E+00
   38.693538583300359     
   -9.998944010706E-01   -9.878856193405E-06    2.498490796724E-05    2.937653394611E-05   -2.330138469298E-05   -1.095090090947E-05    3.317299525091E-06    1.695456231808E-05   -2.962484672694E-05    4.485676618350E-05
   -9.878856193405E-06    5.719913179818E-03   -4.905967922387E-06   -4.729825781105E-06    4.870324751726E-06    4.714941281755E-06    4.290305693673E-06    3.694699769766E-06   -2.998451033039E-06    2.162381233624E-06
    2.498490796724E-05   -4.905967922387E-06    5.140229985070E-02    1.909621292825E-05   -1.484908007557E-05   -1.362787899862E-05   -1.220183651134E-05   -1.043613719936E-05    8.426513610522E-06   -6.016365143351E-06
    2.937653394611E-05   -4.729825781105E-06    1.909621292825E-05    1.424052327927E-01   -3.355990530107E-05   -2.232538087075E-05   -1.870202030762E-05   -1.564141779785E-05    1.246659852458E-05   -8.711891223509E-06
   -2.330138469298E-05    4.870324751726E-06   -1.484908007557E-05   -3.355990530107E-05    2.781390009394E-01    4.303162388706E-05    2.518023933973E-05    1.943966883880E-05   -1.500143252480E-05    1.009211385529E-05
   -1.095090090947E-05    4.714941281755E-06   -1.362787899862E-05   -2.232538087075E-05    4.303162388706E-05    4.579563317632E-01    4.636173386606E-05    2.393151363274E-05   -1.668174710463E-05    1.044677886886E-05
    3.317299525091E-06    4.290305693673E-06   -1.220183651134E-05   -1.870202030762E-05    2.518023933973E-05    4.636173386606E-05    6.812716401187E-01    4.474795390740E-05   -1.970785518902E-05    1.042232185138E-05
    1.695456231808E-05    3.694699769766E-06   -1.043613719936E-05   -1.564141779785E-05    1.943966883880E-05    2.393151363274E-05    4.474795390740E-05    9.476101984146E-01   -3.944423863275E-05    1.182454490516E-05
   -2.962484672694E-05   -2.998451033039E-06    8.426513610522E-06    1.246659852458E-05   -1.500143252480E-05   -1.668174710463E-05   -1.970785518902E-05   -3.944423863275E-05    1.256609777867E+00   -2.863546215549E-05
    4.485676618350E-05    2.162381233624E-06   -6.016365143351E-06   -8.711891223509E-06    1.009211385529E-05    1.044677886886E-05    1.042232185138E-05    1.182454490516E-05   -2.863546215549E-05    1.607996601992E+00
   38.914328649298682     
   -9.998962510870E-01   -9.675152906499E-06    2.450967913813E-05    2.891318476369E-05   -2.306560469985E-05   -1.100254564675E-05    3.028918071684E-06    1.651589172664E-05   -2.911133689186E-05    4.430779341131E-05
   -9.675152906499E-06    5.652099460354E-03   -4.780338702307E-06   -4.607225318767E-06    4.750039169175E-06    4.606757396235E-06    4.200186173935E-06    3.624467277513E-06   -2.947487145580E-06    2.130070160704E-06
    2.450967913813E-05   -4.780338702307E-06    5.079419655983E-02    1.864026796154E-05   -1.449842421941E-05   -1.332665562562E-05   -1.195478435341E-05   -1.024538141361E-05    8.289563830533E-06   -5.931529284764E-06
    2.891318476369E-05   -4.607225318767E-06    1.864026796154E-05    1.407266982792E-01   -3.285024506434E-05   -2.186743291896E-05   -1.834845696135E-05   -1.537518773265E-05    1.227972698950E-05   -8.601511977477E-06
   -2.306560469985E-05    4.750039169175E-06   -1.449842421941E-05   -3.285024506435E-05    2.748751247126E-01    4.225213943377E-05    2.474759249321E-05    1.913821225753E-05   -1.479861957909E-05    9.981057121283E-06
   -1.100254564675E-05    4.606757396235E-06   -1.332665562562E-05   -2.186743291896E-05    4.225213943377E-05    4.526069025120E-01    4.565770709713E-05    2.359762405108E-05   -1.647992441709E-05    1.034847024678E-05
    3.028918071684E-06    4.200186173935E-06   -1.195478435341E-05   -1.834845696135E-05    2.474759249321E-05    4.565770709713E-05    6.733477164054E-01    4.418553716094E-05   -1.949246069156E-05    1.033759027920E-05
    1.651589172664E-05    3.624467277513E-06   -1.024538141361E-05   -1.537518773265E-05    1.913821225753E-05    2.359762405108E-05    4.418553716094E-05    9.366303651686E-01   -3.903701605783E-05    1.173500253577E-05
   -2.911133689186E-05   -2.947487145580E-06    8.289563830533E-06    1.227972698950E-05   -1.479861957909E-05   -1.647992441709E-05   -1.949246069156E-05   -3.903701605783E-05    1.242097243287E+00   -2.839675668072E-05
    4.430779341131E-05    2.130070160704E-06   -5.931529284764E-06   -8.601511977477E-06    9.981057121283E-06    1.034847024678E-05    1.033759027920E-05    1.173500253577E-05   -2.839675668072E-05    1.589477319197E+00
   39.135746852042388     
   -9.998980731633E-01   -9.475982050734E-06    2.404378312731E-05    2.845614758385E-05   -2.282917348766E-05   -1.104768206624E-05    2.749805573043E-06    1.608659565576E-05   -2.860570014566E-05    4.376415995973E-05
   -9.475982050734E-06    5.585296696034E-03   -4.658278279295E-06   -4.488053160249E-06    4.632872502267E-06    4.501099498869E-06    4.111916567047E-06    3.555465100477E-06   -2.897247996941E-06    2.098087725560E-06
    2.404378312731E-05   -4.658278279295E-06    5.019512139940E-02    1.819606744574E-05   -1.415637430900E-05   -1.303209309569E-05   -1.171249758700E-05   -1.005771283328E-05    8.154346999336E-06   -5.847370196298E-06
    2.845614758385E-05   -4.488053160249E-06    1.819606744574E-05    1.390729169891E-01   -3.215599547469E-05   -2.141861080919E-05   -1.800096894861E-05   -1.511267082563E-05    1.209472606123E-05   -8.491579124279E-06
   -2.282917348766E-05    4.632872502267E-06   -1.415637430900E-05   -3.215599547469E-05    2.716590177355E-01    4.148603130277E-05    2.432132181427E-05    1.884019926665E-05   -1.459723081849E-05    9.869900505863E-06
   -1.104768206624E-05    4.501099498869E-06   -1.303209309569E-05   -2.141861080919E-05    4.148603130277E-05    4.473352122525E-01    4.496258307696E-05    2.326682395752E-05   -1.627899715261E-05    1.024957546673E-05
    2.749805573043E-06    4.111916567047E-06   -1.171249758700E-05   -1.800096894861E-05    2.432132181427E-05    4.496258307696E-05    6.655382537153E-01    4.362787605318E-05   -1.927774539224E-05    1.025203500991E-05
    1.608659565576E-05    3.555465100477E-06   -1.005771283328E-05   -1.511267082563E-05    1.884019926665E-05    2.326682395752E-05    4.362787605318E-05    9.258083717631E-01   -3.863167797649E-05    1.164470206107E-05
   -2.860570014566E-05   -2.897247996941E-06    8.154346999336E-06    1.209472606123E-05   -1.459723081849E-05   -1.627899715261E-05   -1.927774539224E-05   -3.863167797649E-05    1.227792548819E+00   -2.815816409952E-05
    4.376415995973E-05    2.098087725560E-06   -5.847370196298E-06   -8.491579124279E-06    9.869900505863E-06    1.024957546673E-05    1.025203500991E-05    1.164470206107E-05   -2.815816409952E-05    1.571222490609E+00
   39.357793191531457     
   -9.998998677155E-01   -9.281235785163E-06    2.358703837821E-05    2.800538649310E-05   -2.259224171681E-05   -1.108654660973E-05    2.479740835494E-06    1.566651525025E-05   -2.810784894452E-05    4.322585035877E-05
   -9.281235785163E-06    5.519486701217E-03   -4.539675887592E-06   -4.372207535071E-06    4.518741669952E-06    4.397909717109E-06    4.025462377444E-06    3.487676590288E-06   -2.847728851147E-06    2.066436172660E-06
    2.358703837821E-05   -4.539675887592E-06    4.960491313410E-02    1.776329263773E-05   -1.382271789424E-05   -1.274405222273E-05   -1.147489855596E-05   -9.873099362656E-06    8.020860752618E-06   -5.763902242587E-06
    2.800538649310E-05   -4.372207535071E-06    1.776329263773E-05    1.374434517186E-01   -3.147683152009E-05   -2.097875541104E-05   -1.765948183811E-05   -1.485384944118E-05    1.191161348597E-05   -8.382128877149E-06
   -2.259224171681E-05    4.518741669952E-06   -1.382271789424E-05   -3.147683152009E-05    2.684898457969E-01    4.073311648355E-05    2.390137846400E-05    1.854563763087E-05   -1.439730577126E-05    9.758698563207E-06
   -1.108654660973E-05    4.397909717109E-06   -1.274405222273E-05   -2.097875541104E-05    4.073311648355E-05    4.421399161690E-01    4.427631704986E-05    2.293913865268E-05   -1.607901532064E-05    1.015015465628E-05
    2.479740835494E-06    4.025462377444E-06   -1.147489855596E-05   -1.765948183811E-05    2.390137846400E-05    4.427631704986E-05    6.578412858410E-01    4.307499951747E-05   -1.906375884338E-05    1.016571036843E-05
    1.566651525025E-05    3.487676590288E-06   -9.873099362656E-06   -1.485384944118E-05    1.854563763087E-05    2.293913865268E-05    4.307499951747E-05    9.151415201622E-01   -3.822827395141E-05    1.155368743584E-05
   -2.810784894452E-05   -2.847728851147E-06    8.020860752618E-06    1.191161348597E-05   -1.439730577126E-05   -1.607901532064E-05   -1.906375884338E-05   -3.822827395141E-05    1.213692153720E+00   -2.791972644236E-05
    4.322585035877E-05    2.066436172660E-06   -5.763902242587E-06   -8.382128877149E-06    9.758698563207E-06    1.015015465628E-05    1.016571036843E-05    1.155368743584E-05   -2.791972644236E-05    1.553227621396E+00
   39.580467667765909     
   -9.999016357075E-01   -9.090808976787E-06    2.313926650372E-05    2.756086318661E-05   -2.235495352355E-05   -1.111936945223E-05    2.218506518141E-06    1.525549316729E-05   -2.761769564457E-05    4.269284798906E-05
   -9.090808976787E-06    5.454651673569E-03   -4.424424462376E-06   -4.259589823176E-06    4.407565795547E-06    4.297131389187E-06    3.940789571734E-06    3.421085104799E-06   -2.798924757652E-06    2.035117475752E-06
    2.313926650372E-05   -4.424424462376E-06    4.902341388752E-02    1.734163363881E-05   -1.349724751215E-05   -1.246239619366E-05   -1.124191016478E-05   -9.691508420367E-06    7.889101784743E-06   -5.681138803995E-06
    2.756086318661E-05   -4.259589823176E-06    1.734163363881E-05    1.358378742213E-01   -3.081243406367E-05   -2.054770916709E-05   -1.732392072107E-05   -1.459870442808E-05    1.173040514770E-05   -8.273195725837E-06
   -2.235495352355E-05    4.407565795547E-06   -1.349724751215E-05   -3.081243406367E-05    2.653667915207E-01    3.999321233188E-05    2.348771203615E-05    1.825453290433E-05   -1.419888166718E-05    9.647503857209E-06
   -1.111936945223E-05    4.297131389187E-06   -1.246239619366E-05   -2.054770916709E-05    3.999321233188E-05    4.370196962955E-01    4.359886190921E-05    2.261459117033E-05   -1.588002685168E-05    1.005026623399E-05
    2.218506518141E-06    3.940789571734E-06   -1.124191016478E-05   -1.732392072107E-05    2.348771203615E-05    4.359886190921E-05    6.502548855718E-01    4.252693409730E-05   -1.885054902595E-05    1.007866951326E-05
    1.525549316729E-05    3.421085104799E-06   -9.691508420367E-06   -1.459870442808E-05    1.825453290433E-05    2.261459117033E-05    4.252693409730E-05    9.046271656384E-01   -3.782685208270E-05    1.146200195260E-05
   -2.761769564457E-05   -2.798924757652E-06    7.889101784743E-06    1.173040514770E-05   -1.419888166718E-05   -1.588002685168E-05   -1.885054902595E-05   -3.782685208270E-05    1.199792587059E+00   -2.768148518472E-05
    4.269284798906E-05    2.035117475752E-06   -5.681138803995E-06   -8.273195725837E-06    9.647503857209E-06    1.005026623399E-05    1.007866951326E-05    1.146200195260E-05   -2.768148518472E-05    1.535488305239E+00
   39.803770280745724     
   -9.999033769337E-01   -8.904599169055E-06    2.270029234691E-05    2.712253722109E-05   -2.211744678729E-05   -1.114637462930E-05    1.965889145591E-06    1.485337367195E-05   -2.713515263845E-05    4.216513524296E-05
   -8.904599169055E-06    5.390774185651E-03   -4.312420528016E-06   -4.150104468828E-06    4.299266163109E-06    4.198709055633E-06    3.857864590046E-06    3.355674026790E-06   -2.750830569721E-06    2.004133351563E-06
    2.270029234691E-05   -4.312420528016E-06    4.845046906980E-02    1.693078922538E-05   -1.317976062846E-05   -1.218699058719E-05   -1.101345593632E-05   -9.512907007133E-06    7.759065909084E-06   -5.599092319640E-06
    2.712253722109E-05   -4.150104468828E-06    1.693078922538E-05    1.342557650194E-01   -3.016248991145E-05   -2.012531619440E-05   -1.699421033016E-05   -1.434721523229E-05    1.155111516007E-05   -8.164812497970E-06
   -2.211744678729E-05    4.299266163109E-06   -1.317976062846E-05   -3.016248991145E-05    2.622890540149E-01    3.926613681569E-05    2.308027071386E-05    1.796688855317E-05   -1.400199352851E-05    9.536367016663E-06
   -1.114637462930E-05    4.198709055633E-06   -1.218699058719E-05   -2.012531619440E-05    3.926613681569E-05    4.319732609573E-01    4.293016844101E-05    2.229320238918E-05   -1.568207766599E-05    9.949966944130E-06
    1.965889145591E-06    3.857864590046E-06   -1.101345593632E-05   -1.699421033016E-05    2.308027071386E-05    4.293016844101E-05    6.427771638794E-01    4.198370411498E-05   -1.863816240160E-05    9.990964452067E-06
    1.485337367195E-05    3.355674026790E-06   -9.512907007133E-06   -1.434721523229E-05    1.796688855317E-05    2.229320238918E-05    4.198370411498E-05    8.942627156514E-01   -3.742745910895E-05    1.136968825020E-05
   -2.713515263845E-05   -2.750830569721E-06    7.759065909084E-06    1.155111516007E-05   -1.400199352851E-05   -1.568207766599E-05   -1.863816240160E-05   -3.742745910895E-05    1.186090446232E+00   -2.744348129715E-05
    4.216513524296E-05    2.004133351563E-06   -5.599092319640E-06   -8.164812497970E-06    9.536367016663E-06    9.949966944130E-06    9.990964452067E-06    1.136968825020E-05   -2.744348129715E-05    1.518000222440E+00
   40.027701030470915     
   -9.999050919514E-01   -8.722506465192E-06    2.226994383354E-05    2.669036604752E-05   -2.187985326292E-05   -1.116778014723E-05    1.721679036438E-06    1.446000257792E-05   -2.666013229065E-05    4.164269343983E-05
   -8.722506465192E-06    5.327837174868E-03   -4.203564047396E-06   -4.043658867476E-06    4.193766149038E-06    4.102588428334E-06    3.776654338129E-06    3.291426767085E-06   -2.703440950995E-06    1.973485265834E-06
    2.226994383354E-05   -4.203564047396E-06    4.788592729113E-02    1.653046652796E-05   -1.287005949399E-05   -1.191770332474E-05   -1.078946001410E-05   -9.337261729566E-06    7.630748085583E-06   -5.517774309707E-06
    2.669036604752E-05   -4.043658867476E-06    1.653046652796E-05    1.326967131783E-01   -2.952669161848E-05   -1.971142226267E-05   -1.667027507157E-05   -1.409935994495E-05    1.137375591153E-05   -8.057010392487E-06
   -2.187985326292E-05    4.193766149038E-06   -1.287005949399E-05   -2.952669161848E-05    2.592558484586E-01    3.855170844853E-05    2.267900129916E-05    1.768270599737E-05   -1.380667420695E-05    9.425336760999E-06
   -1.116778014723E-05    4.102588428334E-06   -1.191770332474E-05   -1.971142226267E-05    3.855170844853E-05    4.269993441243E-01    4.227018526118E-05    2.197499103558E-05   -1.548521168192E-05    9.849311863116E-06
    1.721679036438E-06    3.776654338129E-06   -1.078946001410E-05   -1.667027507157E-05    2.267900129916E-05    4.227018526118E-05    6.354062689916E-01    4.144533157210E-05   -1.842664388387E-05    9.902646029194E-06
    1.446000257792E-05    3.291426767085E-06   -9.337261729566E-06   -1.409935994495E-05    1.768270599737E-05    2.197499103558E-05    4.144533157210E-05    8.840456285958E-01   -3.703014029339E-05    1.127678828287E-05
   -2.666013229065E-05   -2.703440950995E-06    7.630748085583E-06    1.137375591153E-05   -1.380667420695E-05   -1.548521168192E-05   -1.842664388387E-05   -3.703014029339E-05    1.172582395341E+00   -2.720575515463E-05
    4.164269343983E-05    1.973485265834E-06   -5.517774309707E-06   -8.057010392487E-06    9.425336760999E-06    9.849311863116E-06    9.902646029194E-06    1.127678828287E-05   -2.720575515463E-05    1.500759137882E+00
   40.252259916941476     
   -9.999067810462E-01   -8.544433484740E-06    2.184805199361E-05    2.626430521259E-05   -2.164229881507E-05   -1.118379810681E-05    1.485670297214E-06    1.407522731122E-05   -2.619254703452E-05    4.112550294110E-05
   -8.544433484740E-06    5.265823935253E-03   -4.097758311820E-06   -3.940163280267E-06    4.090991175915E-06    4.008716377678E-06    3.697126194011E-06    3.228326779144E-06   -2.656750390703E-06    1.943174444955E-06
    2.184805199361E-05   -4.097758311820E-06    4.732964029070E-02    1.614038084479E-05   -1.256795107165E-05   -1.165440467338E-05   -1.056984720518E-05   -9.164538855585E-06    7.504142471926E-06   -5.437195412735E-06
    2.626430521259E-05   -3.940163280267E-06    1.614038084479E-05    1.311603161214E-01   -2.890473750385E-05   -1.930587486555E-05   -1.635203912069E-05   -1.385511539751E-05    1.119833814463E-05   -7.949819033707E-06
   -2.164229881507E-05    4.090991175915E-06   -1.256795107165E-05   -2.890473750385E-05    2.562664057574E-01    3.784974646944E-05    2.228384934014E-05    1.740198471437E-05   -1.361295446216E-05    9.314459948989E-06
   -1.118379810681E-05    4.008716377678E-06   -1.165440467338E-05   -1.930587486555E-05    3.784974646944E-05    4.220967048645E-01    4.161885900049E-05    2.165997377403E-05   -1.528947087292E-05    9.748354429002E-06
    1.485670297214E-06    3.697126194011E-06   -1.056984720518E-05   -1.635203912069E-05    2.228384934014E-05    4.161885900049E-05    6.281403855974E-01    4.091183627146E-05   -1.821603687639E-05    9.813763936479E-06
    1.407522731122E-05    3.228326779144E-06   -9.164538855585E-06   -1.385511539751E-05    1.740198471437E-05    2.165997377403E-05    4.091183627146E-05    8.739734127104E-01   -3.663493948938E-05    1.118334332217E-05
   -2.619254703452E-05   -2.656750390703E-06    7.504142471926E-06    1.119833814463E-05   -1.361295446216E-05   -1.528947087292E-05   -1.821603687639E-05   -3.663493948938E-05    1.159265163759E+00   -2.696834656367E-05
    4.112550294110E-05    1.943174444955E-06   -5.437195412735E-06   -7.949819033707E-06    9.314459948989E-06    9.748354429002E-06    9.813763936479E-06    1.118334332217E-05   -2.696834656367E-05    1.483760899200E+00
   40.477446940157414     
   -9.999084447822E-01   -8.370285284374E-06    2.143445089238E-05    2.584430846057E-05   -2.140490358908E-05   -1.119463481648E-05    1.257660781342E-06    1.369889690658E-05   -2.573230938010E-05    4.061354315385E-05
   -8.370285284374E-06    5.204718108596E-03   -3.994909816813E-06   -3.839530738829E-06    3.990868656654E-06    3.917040910362E-06    3.619248006404E-06    3.166357566908E-06   -2.610753213807E-06    1.913201884450E-06
    2.143445089238E-05   -3.994909816813E-06    4.678146286050E-02    1.576025539401E-05   -1.227324692828E-05   -1.139696721960E-05   -1.035454299878E-05   -8.994704350615E-06    7.379242460571E-06   -5.357365414377E-06
    2.584430846057E-05   -3.839530738829E-06    1.576025539401E-05    1.296461794307E-01   -2.829633155213E-05   -1.890852323775E-05   -1.603942647956E-05   -1.361445722852E-05    1.102487101540E-05   -7.843266514199E-06
   -2.140490358908E-05    3.990868656654E-06   -1.227324692828E-05   -2.829633155213E-05    2.533199721770E-01    3.716007088479E-05    2.189475920254E-05    1.712472230773E-05   -1.342086301767E-05    9.203781616218E-06
   -1.119463481648E-05    3.917040910362E-06   -1.139696721960E-05   -1.890852323775E-05    3.716007088479E-05    4.172641267652E-01    4.097613435395E-05    2.134816525080E-05   -1.509489529973E-05    9.647146460777E-06
    1.257660781342E-06    3.619248006404E-06   -1.035454299878E-05   -1.603942647956E-05    2.189475920254E-05    4.097613435395E-05    6.209777340137E-01    4.038323582006E-05   -1.800638327705E-05    9.724366714128E-06
    1.369889690658E-05    3.166357566908E-06   -8.994704350615E-06   -1.361445722852E-05    1.712472230773E-05    2.134816525080E-05    4.038323582006E-05    8.640436249446E-01   -3.624189910968E-05    1.108939394359E-05
   -2.573230938010E-05   -2.610753213807E-06    7.379242460571E-06    1.102487101540E-05   -1.342086301767E-05   -1.509489529973E-05   -1.800638327705E-05   -3.624189910968E-05    1.146135544651E+00   -2.673129472594E-05
    4.061354315385E-05    1.913201884450E-06   -5.357365414377E-06   -7.843266514199E-06    9.203781616218E-06    9.647146460777E-06    9.724366714128E-06    1.108939394359E-05   -2.673129472594E-05    1.467001434912E+00
   40.703262100118714     
   -9.999100839251E-01   -8.199969295743E-06    2.102897759730E-05    2.543032786748E-05   -2.116778220136E-05   -1.120049090948E-05    1.037452059681E-06    1.333086202853E-05   -2.527933195612E-05    4.010679257908E-05
   -8.199969295743E-06    5.144503676219E-03   -3.894928149793E-06   -3.741676957951E-06    3.893327944032E-06    3.827511150798E-06    3.542988095591E-06    3.105502694429E-06   -2.565443592434E-06    1.883568358215E-06
    2.102897759730E-05   -3.894928149793E-06    4.624125277401E-02    1.538982109833E-05   -1.198576314146E-05   -1.114526585252E-05   -1.014347359136E-05   -8.827723918386E-06    7.256040719088E-06   -5.278293278058E-06
    2.543032786748E-05   -3.741676957951E-06    1.538982109833E-05    1.281539166610E-01   -2.770118335742E-05   -1.851921838850E-05   -1.573236104429E-05   -1.337735995739E-05    1.085336215762E-05   -7.737379440340E-06
   -2.116778220136E-05    3.893327944032E-06   -1.198576314146E-05   -2.770118335742E-05    2.504158089978E-01    3.648250255947E-05    2.151167415891E-05    1.685091458663E-05   -1.323042662376E-05    9.093345015995E-06
   -1.120049090948E-05    3.827511150798E-06   -1.114526585252E-05   -1.851921838850E-05    3.648250255947E-05    4.125004173887E-01    4.034195418290E-05    2.103957815523E-05   -1.490152315188E-05    9.545738181475E-06
    1.037452059681E-06    3.542988095591E-06   -1.014347359136E-05   -1.573236104429E-05    2.151167415891E-05    4.034195418290E-05    6.139165693966E-01    3.985954568190E-05   -1.779772349652E-05    9.634501755665E-06
    1.333086202853E-05    3.105502694429E-06   -8.827723918386E-06   -1.337735995739E-05    1.685091458663E-05    2.103957815523E-05    3.985954568190E-05    8.542538698823E-01   -3.585106013755E-05    1.099498001958E-05
   -2.527933195612E-05   -2.565443592434E-06    7.256040719088E-06    1.085336215762E-05   -1.323042662376E-05   -1.490152315188E-05   -1.779772349652E-05   -3.585106013755E-05    1.133190393564E+00   -2.649463822982E-05
    4.010679257908E-05    1.883568358215E-06   -5.278293278058E-06   -7.737379440340E-06    9.093345015995E-06    9.545738181475E-06    9.634501755665E-06    1.099498001958E-05   -2.649463822982E-05    1.450476752634E+00
   40.929705396825405     
   -9.999116974217E-01   -8.033395305307E-06    2.063147224175E-05    2.502231407319E-05   -2.093104399237E-05   -1.120156147426E-05    8.248494245651E-07    1.297097506164E-05   -2.483352764660E-05    3.960522897942E-05
   -8.033395305307E-06    5.085164951800E-03   -3.797725901675E-06   -3.646520264664E-06    3.798300293164E-06    3.740077332875E-06    3.468315262608E-06    3.045745802087E-06   -2.520815562358E-06    1.854274431153E-06
    2.063147224175E-05   -3.797725901675E-06    4.570887072434E-02    1.502881644732E-05   -1.170532024698E-05   -1.089917777653E-05   -9.936565934679E-06   -8.663563059894E-06    7.134529244376E-06   -5.199987184771E-06
    2.502231407319E-05   -3.646520264664E-06    1.502881644732E-05    1.266831491772E-01   -2.711900818602E-05   -1.813781318783E-05   -1.543076670895E-05   -1.314379708573E-05    1.068381776764E-05   -7.632182990868E-06
   -2.093104399237E-05    3.798300293164E-06   -1.170532024698E-05   -2.711900818602E-05    2.475531922129E-01    3.581686344995E-05    2.113453653494E-05    1.658055568202E-05   -1.304167014583E-05    8.983191675278E-06
   -1.120156147426E-05    3.740077332875E-06   -1.089917777653E-05   -1.813781318783E-05    3.581686344995E-05    4.078044077899E-01    3.971625976326E-05    2.073422333434E-05   -1.470939081985E-05    9.444178256869E-06
    8.248494245651E-07    3.468315262608E-06   -9.936565934679E-06   -1.543076670895E-05    2.113453653494E-05    3.971625976326E-05    6.069551810367E-01    3.934077936420E-05   -1.759009651868E-05    9.544215329051E-06
    1.297097506164E-05    3.045745802087E-06   -8.663563059894E-06   -1.314379708573E-05    1.658055568202E-05    2.073422333434E-05    3.934077936420E-05    8.446017987689E-01   -3.546246224731E-05    1.090014073453E-05
   -2.483352764660E-05   -2.520815562358E-06    7.134529244376E-06    1.068381776764E-05   -1.304167014583E-05   -1.470939081985E-05   -1.759009651868E-05   -3.546246224731E-05    1.120426627140E+00   -2.625841511453E-05
    3.960522897942E-05    1.854274431153E-06   -5.199987184771E-06   -7.632182990868E-06    8.983191675278E-06    9.444178256869E-06    9.544215329051E-06    1.090014073453E-05   -2.625841511453E-05    1.434182937431E+00
   41.156776830277444     
   -9.999132864890E-01   -7.870475305666E-06    2.024177777414E-05    2.462021617472E-05   -2.069479305934E-05   -1.119803613922E-05    6.196617805032E-07    1.261908997053E-05   -2.439480941563E-05    3.910882915412E-05
   -7.870475305666E-06    5.026686571577E-03   -3.703218518679E-06   -3.553981486188E-06    3.705718787187E-06    3.654690758776E-06    3.395198770194E-06    2.987070599780E-06   -2.476863021860E-06    1.825320460314E-06
    2.024177777414E-05   -3.703218518679E-06    4.518418023964E-02    1.467698713277E-05   -1.143174306050E-05   -1.065858242459E-05   -9.733747702433E-06   -8.502187067331E-06    7.014699367815E-06   -5.122454541684E-06
    2.462021617472E-05   -3.553981486188E-06    1.467698713277E-05    1.252335059339E-01   -2.654952664855E-05   -1.776416227002E-05   -1.513456734018E-05   -1.291374110121E-05    1.051624261816E-05   -7.527700932580E-06
   -2.069479305934E-05    3.705718787187E-06   -1.143174306050E-05   -2.654952664855E-05    2.447314121243E-01    3.516297636152E-05    2.076328766181E-05    1.631363803889E-05   -1.285461656906E-05    8.873361404373E-06
   -1.119803613922E-05    3.654690758776E-06   -1.065858242459E-05   -1.776416227002E-05    3.516297636152E-05    4.031749518872E-01    3.909899055494E-05    2.043210973583E-05   -1.451853287145E-05    9.342513789129E-06
    6.196617805032E-07    3.395198770194E-06   -9.733747702433E-06   -1.513456734018E-05    2.076328766181E-05    3.909899055494E-05    6.000918914658E-01    3.882694817519E-05   -1.738353983116E-05    9.453552552296E-06
    1.261908997053E-05    2.987070599780E-06   -8.502187067331E-06   -1.291374110121E-05    1.631363803889E-05    2.043210973583E-05    3.882694817519E-05    8.350851083159E-01   -3.507614357615E-05    1.080491453556E-05
   -2.439480941563E-05   -2.476863021860E-06    7.014699367815E-06    1.051624261816E-05   -1.285461656906E-05   -1.451853287145E-05   -1.738353983116E-05   -3.507614357615E-05    1.107841221583E+00   -2.602266270328E-05
    3.910882915412E-05    1.825320460314E-06   -5.122454541684E-06   -7.527700932580E-06    8.873361404372E-06    9.342513789129E-06    9.453552552296E-06    1.080491453556E-05   -2.602266270328E-05    1.418116149902E+00
   41.384476400474874     
   -9.999148517963E-01   -7.711123497542E-06    1.985974006568E-05    2.422398199418E-05   -2.045912852876E-05   -1.119009920552E-05    4.217016633696E-07    1.227506241998E-05   -2.396309048442E-05    3.861756915782E-05
   -7.711123497542E-06    4.969053488022E-03   -3.611324231261E-06   -3.463983890783E-06    3.615518307486E-06    3.571303795599E-06    3.323608355113E-06    2.929460885321E-06   -2.433579749818E-06    1.796706608599E-06
    1.985974006568E-05   -3.611324231261E-06    4.466704762828E-02    1.433408595550E-05   -1.116486064546E-05   -1.042336148277E-05   -9.534947345960E-06   -8.343561088410E-06    6.896541813508E-06   -5.045702024621E-06
    2.422398199418E-05   -3.463983890783E-06    1.433408595550E-05    1.238046233313E-01   -2.599246481506E-05   -1.739812213926E-05   -1.484368689257E-05   -1.268716358708E-05    1.035064014921E-05   -7.423955682948E-06
   -2.045912852876E-05    3.615518307486E-06   -1.116486064546E-05   -2.599246481506E-05    2.419497730725E-01    3.452066523932E-05    2.039786804347E-05    1.605015254561E-05   -1.266928709593E-05    8.763892358503E-06
   -1.119009920552E-05    3.571303795599E-06   -1.042336148277E-05   -1.739812213926E-05    3.452066523932E-05    3.986109260293E-01    3.849008451249E-05    2.013324454489E-05   -1.432898213686E-05    9.240790362251E-06
    4.217016633696E-07    3.323608355113E-06   -9.534947345960E-06   -1.484368689257E-05    2.039786804347E-05    3.849008451249E-05    5.933250558191E-01    3.831806146988E-05   -1.717808950478E-05    9.362557421984E-06
    1.227506241998E-05    2.929460885321E-06   -8.343561088410E-06   -1.268716358708E-05    1.605015254561E-05    2.013324454489E-05    3.831806146988E-05    8.257015398139E-01   -3.469214089422E-05    1.070933915754E-05
   -2.396309048442E-05   -2.433579749818E-06    6.896541813508E-06    1.035064014921E-05   -1.266928709593E-05   -1.432898213686E-05   -1.717808950478E-05   -3.469214089422E-05    1.095431211476E+00   -2.578741770031E-05
    3.861756915782E-05    1.796706608599E-06   -5.045702024621E-06   -7.423955682948E-06    8.763892358503E-06    9.240790362251E-06    9.362557421984E-06    1.070933915754E-05   -2.578741770031E-05    1.402272624665E+00
   41.612804107417666     
   -9.999163935399E-01   -7.555256229556E-06    1.948520786462E-05    2.383355818063E-05   -2.022414472224E-05   -1.117792976036E-05    2.307852014007E-07    1.193874978137E-05   -2.353828435690E-05    3.813142433131E-05
   -7.555256229556E-06    4.912250962354E-03   -3.521963955229E-06   -3.376453109406E-06    3.527635486203E-06    3.489869855736E-06    3.253514226373E-06    2.872900551274E-06   -2.390959414924E-06    1.768432852649E-06
    1.948520786462E-05   -3.521963955229E-06    4.415734191402E-02    1.399987262301E-05   -1.090450621952E-05   -1.019339886534E-05   -9.340094109025E-06   -8.187650157941E-06    6.780046731787E-06   -4.969735604754E-06
    2.383355818063E-05   -3.376453109406E-06    1.399987262301E-05    1.223961450451E-01   -2.544755413834E-05   -1.703955118422E-05   -1.455804945931E-05   -1.246403528276E-05    1.018701252353E-05   -7.320968351155E-06
   -2.022414472224E-05    3.527635486203E-06   -1.090450621952E-05   -2.544755413834E-05    2.392075931218E-01    3.388975522618E-05    2.003821742815E-05    1.579008860184E-05   -1.248570120245E-05    8.654821076385E-06
   -1.117792976036E-05    3.489869855736E-06   -1.019339886534E-05   -1.703955118422E-05    3.388975522618E-05    3.941112284972E-01    3.788947816366E-05    1.983763323762E-05   -1.414076974688E-05    9.139052065380E-06
    2.307852014007E-07    3.253514226373E-06   -9.340094109025E-06   -1.455804945931E-05    2.003821742815E-05    3.788947816366E-05    5.866530611152E-01    3.781412669061E-05   -1.697378021050E-05    9.271272819686E-06
    1.193874978137E-05    2.872900551274E-06   -8.187650157941E-06   -1.246403528276E-05    1.579008860184E-05    1.983763323762E-05    3.781412669061E-05    8.164488781520E-01   -3.431048960934E-05    1.061345161729E-05
   -2.353828435690E-05   -2.390959414924E-06    6.780046731787E-06    1.018701252353E-05   -1.248570120245E-05   -1.414076974688E-05   -1.697378021050E-05   -3.431048960934E-05    1.083193688498E+00   -2.555271617885E-05
    3.813142433131E-05    1.768432852649E-06   -4.969735604754E-06   -7.320968351155E-06    8.654821076385E-06    9.139052065380E-06    9.271272819686E-06    1.061345161729E-05   -2.555271617885E-05    1.386648668730E+00
   41.841759951105836     
   -9.999179108130E-01   -7.402791953243E-06    1.911803278328E-05    2.344889034219E-05   -1.998993134089E-05   -1.116170179399E-05    4.673208721666E-08    1.161001116190E-05   -2.312030487668E-05    3.765036937146E-05
   -7.402791953243E-06    4.856264557506E-03   -3.435061203143E-06   -3.291317064520E-06    3.442008663954E-06    3.410343380986E-06    3.184887066197E-06    2.817373593890E-06   -2.348995586542E-06    1.740498991905E-06
    1.911803278328E-05   -3.435061203143E-06    4.365493477517E-02    1.367411357681E-05   -1.065051707595E-05   -9.968580699846E-06   -9.149118049881E-06   -8.034419234992E-06    6.665203737104E-06   -4.894560578400E-06
    2.344889034219E-05   -3.291317064520E-06    1.367411357681E-05    1.210077218668E-01   -2.491453141729E-05   -1.668830970959E-05   -1.427757933405E-05   -1.224432615295E-05    1.002536068849E-05   -7.218758783707E-06
   -1.998993134089E-05    3.442008663954E-06   -1.065051707595E-05   -2.491453141729E-05    2.365042037637E-01    3.327007276643E-05    1.968427489817E-05    1.553343419854E-05   -1.230387670302E-05    8.546182524564E-06
   -1.116170179399E-05    3.410343380986E-06   -9.968580699846E-06   -1.668830970959E-05    3.327007276643E-05    3.896747790342E-01    3.729710673646E-05    1.954527965267E-05   -1.395392518252E-05    9.037341522611E-06
    4.673208721666E-08    3.184887066197E-06   -9.149118049881E-06   -1.427757933405E-05    1.968427489817E-05    3.729710673646E-05    5.800743255753E-01    3.731514945278E-05   -1.677064525185E-05    9.179740525323E-06
    1.161001116190E-05    2.817373593890E-06   -8.034419234992E-06   -1.224432615295E-05    1.553343419854E-05    1.954527965267E-05    3.731514945278E-05    8.073249508858E-01   -3.393122380891E-05    1.051728821665E-05
   -2.312030487668E-05   -2.348995586542E-06    6.665203737104E-06    1.002536068849E-05   -1.230387670302E-05   -1.395392518252E-05   -1.677064525185E-05   -3.393122380891E-05    1.071125800205E+00   -2.531859359394E-05
    3.765036937146E-05    1.740498991905E-06   -4.894560578400E-06   -7.218758783707E-06    8.546182524564E-06    9.037341522611E-06    9.179740525323E-06    1.051728821665E-05   -2.531859359394E-05    1.371240659949E+00
   42.071343931539374     
   -9.999194057813E-01   -7.253651087261E-06    1.875806905977E-05    2.306992292939E-05   -1.975657348020E-05   -1.114158427187E-05   -1.306345233872E-07    1.128870727054E-05   -2.270906605551E-05    3.717437810714E-05
   -7.253651087261E-06    4.801080129255E-03   -3.350541954869E-06   -3.208505870890E-06    3.358577822137E-06    3.332679803561E-06    3.117698010902E-06    2.762864105450E-06   -2.307681732706E-06    1.712904649229E-06
    1.875806905977E-05   -3.350541954869E-06    4.315970046784E-02    1.335658166179E-05   -1.040273441704E-05   -9.748795241754E-06   -8.961950004926E-06   -7.883833192879E-06    6.552001909942E-06   -4.820181573722E-06
    2.306992292939E-05   -3.208505870890E-06    1.335658166179E-05    1.196390115031E-01   -2.439313848218E-05   -1.634425983645E-05   -1.400220097905E-05   -1.202800538543E-05    9.865684385541E-06   -7.117345577959E-06
   -1.975657348020E-05    3.358577822137E-06   -1.040273441704E-05   -2.439313848218E-05    2.338389495486E-01    3.266144536445E-05    1.933597881781E-05    1.528017590648E-05   -1.212382975284E-05    8.438010106775E-06
   -1.114158427187E-05    3.332679803561E-06   -9.748795241754E-06   -1.634425983645E-05    3.266144536445E-05    3.853005182725E-01    3.671290393334E-05    1.925618593555E-05   -1.376847625264E-05    8.935699888427E-06
   -1.306345233872E-07    3.117698010902E-06   -8.961950004926E-06   -1.400220097905E-05    1.933597881781E-05    3.671290393334E-05    5.735872978074E-01    3.682113331090E-05   -1.656871649932E-05    9.088001195657E-06
    1.128870727054E-05    2.762864105450E-06   -7.883833192879E-06   -1.202800538543E-05    1.528017590648E-05    1.925618593555E-05    3.682113331090E-05    7.983276271449E-01   -3.355437603889E-05    1.042088449644E-05
   -2.270906605551E-05   -2.307681732706E-06    6.552001909942E-06    9.865684385541E-06   -1.212382975284E-05   -1.376847625264E-05   -1.656871649932E-05   -3.355437603889E-05    1.059224748622E+00   -2.508508461960E-05
    3.717437810714E-05    1.712904649229E-06   -4.820181573722E-06   -7.117345577959E-06    8.438010106775E-06    8.935699888427E-06    9.088001195657E-06    1.042088449644E-05   -2.508508461960E-05    1.356045045259E+00
   42.301556048718290     
   -9.999208778962E-01   -7.107756077589E-06    1.840517379327E-05    2.269659962630E-05   -1.952415198526E-05   -1.111774129463E-05   -3.014879593839E-07    1.097470062376E-05   -2.230448237716E-05    3.670342388779E-05
   -7.107756077589E-06    4.746683821864E-03   -3.268334625064E-06   -3.127951802843E-06    3.277284571996E-06    3.256835556004E-06    3.051918672919E-06    2.709356300025E-06   -2.267011243839E-06    1.685649288353E-06
    1.840517379327E-05   -3.268334625064E-06    4.267151578790E-02    1.304705614418E-05   -1.016100337640E-05   -9.533932934539E-06   -8.778521670050E-06   -7.735856903096E-06    6.440429870102E-06   -4.746602603166E-06
    2.269659962630E-05   -3.127951802843E-06    1.304705614418E-05    1.182896784749E-01   -2.388312246181E-05   -1.600726566997E-05   -1.373183918125E-05   -1.181504153084E-05    9.707982264142E-06   -7.016746159497E-06
   -1.952415198526E-05    3.277284571996E-06   -1.016100337640E-05   -2.388312246181E-05    2.312111878929E-01    3.206370205672E-05    1.899326707026E-05    1.503029905017E-05   -1.194557497700E-05    8.330335744342E-06
   -1.111774129463E-05    3.256835556004E-06   -9.533932934539E-06   -1.600726566997E-05    3.206370205672E-05    3.809874074149E-01    3.613680243905E-05    1.897035274674E-05   -1.358444922030E-05    8.834166914480E-06
   -3.014879593839E-07    3.051918672919E-06   -8.778521670050E-06   -1.373183918125E-05    1.899326707026E-05    3.613680243905E-05    5.671904563266E-01    3.633208019455E-05   -1.636802453018E-05    8.996094416152E-06
    1.097470062376E-05    2.709356300025E-06   -7.735856903096E-06   -1.181504153084E-05    1.503029905017E-05    1.897035274674E-05    3.633208019455E-05    7.894548169499E-01   -3.317997763585E-05    1.032427529393E-05
   -2.230448237716E-05   -2.267011243839E-06    6.440429870102E-06    9.707982264142E-06   -1.194557497700E-05   -1.358444922030E-05   -1.636802453018E-05   -3.317997763585E-05    1.047487789318E+00   -2.485222335565E-05
    3.670342388779E-05    1.685649288353E-06   -4.746602603166E-06   -7.016746159497E-06    8.330335744342E-06    8.834166914480E-06    8.996094416152E-06    1.032427529393E-05   -2.485222335565E-05    1.341058339471E+00
   42.532396302642567     
   -9.999223271894E-01   -6.965031281109E-06    1.805920674608E-05    2.232886326972E-05   -1.929274348872E-05   -1.109033217810E-05   -4.659981262573E-07    1.066785543718E-05   -2.190646866521E-05    3.623747941345E-05
   -6.965031281109E-06    4.693062059961E-03   -3.188369947967E-06   -3.049589204788E-06    3.198072093431E-06    3.182768036326E-06    2.987521124339E-06    2.656834507648E-06   -2.226977432058E-06    1.658732215280E-06
    1.805920674608E-05   -3.188369947967E-06    4.219026000070E-02    1.274532241916E-05   -9.925172870062E-06   -9.323886334668E-06   -8.598765570878E-06   -7.590455229879E-06    6.330475781928E-06   -4.673827072091E-06
    2.232886326972E-05   -3.049589204788E-06    1.274532241916E-05    1.169593939326E-01   -2.338423551612E-05   -1.567719321715E-05   -1.346641903054E-05   -1.160540250751E-05    9.552251896292E-06   -6.916976798549E-06
   -1.929274348872E-05    3.198072093431E-06   -9.925172870062E-06   -2.338423551612E-05    2.286202887397E-01    3.147667322467E-05    1.865607702461E-05    1.478378770791E-05   -1.176912548069E-05    8.223189889651E-06
   -1.109033217810E-05    3.182768036326E-06   -9.323886334668E-06   -1.567719321715E-05    3.147667322467E-05    3.767344277060E-01    3.556873375534E-05    1.868777922672E-05   -1.340186879193E-05    8.732780950148E-06
   -4.659981262573E-07    2.987521124339E-06   -8.598765570878E-06   -1.346641903054E-05    1.865607702461E-05    3.556873375534E-05    5.608823088012E-01    3.584799023461E-05   -1.616859858111E-05    8.904058685417E-06
    1.066785543718E-05    2.656834507648E-06   -7.590455229879E-06   -1.160540250751E-05    1.478378770791E-05    1.868777922672E-05    3.584799023461E-05    7.807044702002E-01   -3.280805855836E-05    1.022749470603E-05
   -2.190646866521E-05   -2.226977432058E-06    6.330475781927E-06    9.552251896292E-06   -1.176912548069E-05   -1.340186879193E-05   -1.616859858111E-05   -3.280805855836E-05    1.035912230097E+00   -2.462004320069E-05
    3.623747941345E-05    1.658732215280E-06   -4.673827072091E-06   -6.916976798549E-06    8.223189889651E-06    8.732780950148E-06    8.904058685417E-06    1.022749470603E-05   -2.462004320069E-05    1.326277123636E+00
   42.763864693312229     
   -9.999237544399E-01   -6.825402913112E-06    1.772003029688E-05    2.196665592582E-05   -1.906242055005E-05   -1.105951155455E-05   -6.243315443989E-07    1.036803762696E-05   -2.151494009964E-05    3.577651675127E-05
   -6.825402913112E-06    4.640201541932E-03   -3.110580895809E-06   -2.973354425111E-06    3.120885093347E-06    3.110435589553E-06    2.924477894042E-06    2.605283179462E-06   -2.187573538989E-06    1.632152585458E-06
    1.772003029688E-05   -3.110580895809E-06    4.171581478372E-02    1.245117183504E-05   -9.695095510811E-06   -9.118550084492E-06   -8.422615071374E-06   -7.447593055341E-06    6.222127382981E-06   -4.601857803070E-06
    2.196665592582E-05   -2.973354425111E-06    1.245117183504E-05    1.156478355061E-01   -2.289623475610E-05   -1.535391039064E-05   -1.320586595866E-05   -1.139905565236E-05    9.398489825437E-06   -6.818052648530E-06
   -1.906242055005E-05    3.120885093347E-06   -9.695095510811E-06   -2.289623475610E-05    2.260656342794E-01    3.090019063262E-05    1.832434559513E-05    1.454062477187E-05   -1.159449290136E-05    8.116601564831E-06
   -1.105951155455E-05    3.110435589553E-06   -9.118550084492E-06   -1.535391039064E-05    3.090019063262E-05    3.725405799892E-01    3.500862826513E-05    1.840846304552E-05   -1.322075815567E-05    8.631578969073E-06
   -6.243315443989E-07    2.924477894042E-06   -8.422615071374E-06   -1.320586595866E-05    1.832434559513E-05    3.500862826513E-05    5.546613914130E-01    3.536886179694E-05   -1.597046656723E-05    8.811931426538E-06
    1.036803762696E-05    2.605283179462E-06   -7.447593055341E-06   -1.139905565236E-05    1.454062477187E-05    1.840846304552E-05    3.536886179694E-05    7.720745758017E-01   -3.243864738754E-05    1.013057608803E-05
   -2.151494009964E-05   -2.187573538989E-06    6.222127382981E-06    9.398489825438E-06   -1.159449290136E-05   -1.322075815567E-05   -1.597046656723E-05   -3.243864738754E-05    1.024495429861E+00   -2.438857683734E-05
    3.577651675127E-05    1.632152585458E-06   -4.601857803070E-06   -6.818052648530E-06    8.116601564831E-06    8.631578969073E-06    8.811931426538E-06    1.013057608803E-05   -2.438857683734E-05    1.311698043602E+00
   42.995961220727253     
   -9.999251593695E-01   -6.688799031636E-06    1.738750948175E-05    2.160991906023E-05   -1.883325186049E-05   -1.102542949641E-05   -7.766513653393E-07    1.007511487097E-05   -2.112981232316E-05    3.532050747431E-05
   -6.688799031636E-06    4.588089234335E-03   -3.034902616702E-06   -2.899185763247E-06    3.045669774524E-06    3.039797497785E-06    2.862761971672E-06    2.554686898276E-06   -2.148792747644E-06    1.605909413446E-06
    1.738750948175E-05   -3.034902616702E-06    4.124806417793E-02    1.216440158312E-05   -9.470627556431E-06   -8.917820909900E-06   -8.250004401744E-06   -7.307235319667E-06    6.115372023933E-06   -4.530697066867E-06
    2.160991906023E-05   -2.899185763247E-06    1.216440158312E-05    1.143546871758E-01   -2.241888226898E-05   -1.503728705841E-05   -1.295010580913E-05   -1.119596779466E-05    9.246691631957E-06   -6.719987793871E-06
   -1.883325186049E-05    3.045669774524E-06   -9.470627556431E-06   -2.241888226898E-05    2.235466187092E-01    3.033408759622E-05    1.799800935100E-05    1.430079203971E-05   -1.142168748182E-05    8.010598410987E-06
   -1.102542949641E-05    3.039797497785E-06   -8.917820909900E-06   -1.503728705841E-05    3.033408759622E-05    3.684048843232E-01    3.445641543540E-05    1.813240050045E-05   -1.304113904577E-05    8.530596606557E-06
   -7.766513653392E-07    2.862761971672E-06   -8.250004401744E-06   -1.295010580913E-05    1.799800935100E-05    3.445641543540E-05    5.485262682957E-01    3.489469164786E-05   -1.577365513966E-05    8.719749010003E-06
    1.007511487097E-05    2.554686898276E-06   -7.307235319667E-06   -1.119596779466E-05    1.430079203971E-05    1.813240050045E-05    3.489469164786E-05    7.635631608921E-01   -3.207177143997E-05    1.003355207073E-05
   -2.112981232316E-05   -2.148792747644E-06    6.115372023933E-06    9.246691631957E-06   -1.142168748182E-05   -1.304113904577E-05   -1.577365513966E-05   -3.207177143997E-05    1.013234797585E+00   -2.415785629390E-05
    3.532050747431E-05    1.605909413446E-06   -4.530697066867E-06   -6.719987793871E-06    8.010598410987E-06    8.530596606557E-06    8.719749010003E-06    1.003355207073E-05   -2.415785629390E-05    1.297317808704E+00
   43.228685884887661     
   -9.999265429293E-01   -6.555149448776E-06    1.706151185258E-05    2.125859350346E-05   -1.860530230416E-05   -1.098823159637E-05   -9.231174420262E-07    9.788956539294E-06   -2.075100135990E-05    3.486942255356E-05
   -6.555149448776E-06    4.536712364788E-03   -2.961272340196E-06   -2.827023394788E-06    2.972373784573E-06    2.970813952037E-06    2.802346795664E-06    2.505030375879E-06   -2.110628184034E-06    1.580001575889E-06
    1.706151185258E-05   -2.961272340196E-06    4.078689452614E-02    1.188481446219E-05   -9.251628788536E-06   -8.721597562190E-06   -8.080868639802E-06   -7.169347023538E-06    6.010196679604E-06   -4.460346595051E-06
    2.125859350346E-05   -2.827023394788E-06    1.188481446219E-05    1.130796391106E-01   -2.195194492005E-05   -1.472719498834E-05   -1.269906483184E-05   -1.099610527248E-05    9.096851956304E-06   -6.622795272276E-06
   -1.860530230416E-05    2.972373784573E-06   -9.251628788536E-06   -2.195194492005E-05    2.210626479334E-01    2.977819886921E-05    1.767700451069E-05    1.406427023180E-05   -1.125071809257E-05    7.905206709496E-06
   -1.098823159637E-05    2.970813952037E-06   -8.721597562190E-06   -1.472719498834E-05    2.977819886921E-05    3.643263795114E-01    3.391202372886E-05    1.785958650895E-05   -1.286303174836E-05    8.429868169543E-06
   -9.231174420262E-07    2.802346795664E-06   -8.080868639802E-06   -1.269906483184E-05    1.767700451069E-05    3.391202372886E-05    5.424755308624E-01    3.442547485264E-05   -1.557818966214E-05    8.627546748732E-06
    9.788956539294E-06    2.505030375879E-06   -7.169347023538E-06   -1.099610527248E-05    1.406427023180E-05    1.785958650895E-05    3.442547485264E-05    7.551682899344E-01   -3.170745665879E-05    9.936454537401E-06
   -2.075100135990E-05   -2.110628184034E-06    6.010196679604E-06    9.096851956304E-06   -1.125071809257E-05   -1.286303174836E-05   -1.557818966214E-05   -3.170745665879E-05    1.002127791144E+00   -2.392791285688E-05
    3.486942255356E-05    1.580001575889E-06   -4.460346595051E-06   -6.622795272276E-06    7.905206709496E-06    8.429868169543E-06    8.627546748732E-06    9.936454537401E-06   -2.392791285688E-05    1.283133190293E+00
   43.462038685793431     
   -9.999279052514E-01   -6.424385721191E-06    1.674190752700E-05    2.091261962332E-05   -1.837863316212E-05   -1.094805909045E-05   -1.063886343486E-06    9.509433759568E-06   -2.037842372853E-05    3.442323250635E-05
   -6.424385721191E-06    4.486058416760E-03   -2.889629322436E-06   -2.756809323777E-06    2.900946187842E-06    2.903446043642E-06    2.743206257646E-06    2.456298463668E-06   -2.073072929048E-06    1.554427821239E-06
    1.674190752700E-05   -2.889629322436E-06    4.033219442764E-02    1.161221878373E-05   -9.037962467187E-06   -8.529780817891E-06   -7.915143739101E-06   -7.033893267961E-06    5.906587988555E-06   -4.390807610978E-06
    2.091261962332E-05   -2.756809323777E-06    1.161221878373E-05    1.118223875484E-01   -2.149519438808E-05   -1.442350789948E-05   -1.245266975267E-05   -1.079943400586E-05    8.948964564225E-06   -6.526487122804E-06
   -1.837863316212E-05    2.900946187842E-06   -9.037962467187E-06   -2.149519438808E-05    2.186131393394E-01    2.923236081921E-05    1.736126705310E-05    1.383103908363E-05   -1.108159230596E-05    7.800451432519E-06
   -1.094805909045E-05    2.903446043642E-06   -8.529780817891E-06   -1.442350789948E-05    2.923236081921E-05    3.603041227434E-01    3.337538081717E-05    1.759001471040E-05   -1.268645516877E-05    8.329426676486E-06
   -1.063886343486E-06    2.743206257646E-06   -7.915143739101E-06   -1.245266975267E-05    1.736126705310E-05    3.337538081717E-05    5.365077972791E-01    3.396120495346E-05   -1.538409427384E-05    8.535358924288E-06
    9.509433759568E-06    2.456298463668E-06   -7.033893267961E-06   -1.079943400586E-05    1.383103908363E-05    1.759001471040E-05    3.396120495346E-05    7.468880639886E-01   -3.134572773846E-05    9.839314644967E-06
   -2.037842372853E-05   -2.073072929048E-06    5.906587988555E-06    8.948964564225E-06   -1.108159230596E-05   -1.268645516877E-05   -1.538409427384E-05   -3.134572773846E-05    9.911719163485E-01   -2.369877714104E-05
    3.442323250635E-05    1.554427821239E-06   -4.390807610978E-06   -6.526487122804E-06    7.800451432519E-06    8.329426676486E-06    8.535358924288E-06    9.839314644967E-06   -2.369877714104E-05    1.269141020498E+00
   43.696019623444577     
   -9.999292463339E-01   -6.296441092374E-06    1.642856911687E-05    2.057193735994E-05   -1.815330221935E-05   -1.090504895154E-05   -1.199111405518E-06    9.236419395082E-06   -2.001199643020E-05    3.398190738012E-05
   -6.296441092374E-06    4.436115123434E-03   -2.819914770537E-06   -2.688487320931E-06    2.831337424319E-06    2.837655743575E-06    2.685314696149E-06    2.408476154324E-06   -2.036120023373E-06    1.529186774918E-06
    1.642856911687E-05   -2.819914770537E-06    3.988385468476E-02    1.134642819479E-05   -8.829495239652E-06   -8.342273441282E-06   -7.752766525678E-06   -6.900839268487E-06    5.804532273057E-06   -4.322080848220E-06
    2.057193735994E-05   -2.688487320931E-06    1.134642819479E-05    1.105826346546E-01   -2.104840705198E-05   -1.412610144280E-05   -1.221084779216E-05   -1.060591953106E-05    8.803022383178E-06   -6.431074416471E-06
   -1.815330221935E-05    2.831337424319E-06   -8.829495239652E-06   -2.104840705198E-05    2.161975215352E-01    2.869641141520E-05    1.705073275103E-05    1.360107738800E-05   -1.091431643592E-05    7.696356274481E-06
   -1.090504895154E-05    2.837655743575E-06   -8.342273441282E-06   -1.412610144280E-05    2.869641141520E-05    3.563371891804E-01    3.284641359941E-05    1.732367749749E-05   -1.251142685954E-05    8.229303878659E-06
   -1.199111405518E-06    2.685314696149E-06   -7.752766525678E-06   -1.221084779216E-05    1.705073275103E-05    3.284641359941E-05    5.306217118691E-01    3.350187396962E-05   -1.519139189809E-05    8.443218794331E-06
    9.236419395082E-06    2.408476154324E-06   -6.900839268487E-06   -1.060591953106E-05    1.360107738800E-05    1.732367749749E-05    3.350187396962E-05    7.387206199019E-01   -3.098660810198E-05    9.742162818355E-06
   -2.001199643020E-05   -2.036120023373E-06    5.804532273057E-06    8.803022383178E-06   -1.091431643592E-05   -1.251142685954E-05   -1.519139189809E-05   -3.098660810198E-05    9.803647258885E-01   -2.347047906044E-05
    3.398190738012E-05    1.529186774918E-06   -4.322080848220E-06   -6.431074416471E-06    7.696356274481E-06    8.229303878659E-06    8.443218794331E-06    9.742162818355E-06   -2.347047906044E-05    1.255338190895E+00
   43.930628697841094     
   -9.999305665991E-01   -6.171250439682E-06    1.612137166543E-05    2.023648626608E-05   -1.792936387333E-05   -1.085933398214E-05   -1.328942778394E-06    8.969788028134E-06   -1.965163694355E-05    3.354541674556E-05
   -6.171250439682E-06    4.386870461779E-03   -2.752071771266E-06   -2.622002864906E-06    2.763499270487E-06    2.773405882846E-06    2.628646890854E-06    2.361548583767E-06   -1.999762472560E-06    1.504276944561E-06
    1.612137166543E-05   -2.752071771266E-06    3.944176825129E-02    1.108726151158E-05   -8.626097053970E-06   -8.158980149279E-06   -7.593674695879E-06   -6.770150369927E-06    5.704015559313E-06   -4.254166569108E-06
    2.023648626608E-05   -2.622002864906E-06    1.108726151158E-05    1.093600883864E-01   -2.061136388790E-05   -1.383485318503E-05   -1.197352668544E-05   -1.041552703536E-05    8.659017539082E-06   -6.336567286998E-06
   -1.792936387333E-05    2.763499270487E-06   -8.626097053970E-06   -2.061136388790E-05    2.138152340972E-01    2.817019022450E-05    1.674533720739E-05    1.337436303862E-05   -1.074889557862E-05    7.592943684056E-06
   -1.085933398214E-05    2.773405882846E-06   -8.158980149279E-06   -1.383485318503E-05    2.817019022450E-05    3.524246715568E-01    3.232504823104E-05    1.706056605112E-05   -1.233796305020E-05    8.129530282414E-06
   -1.328942778394E-06    2.628646890854E-06   -7.593674695879E-06   -1.197352668544E-05    1.674533720739E-05    3.232504823104E-05    5.248159445357E-01    3.304747240820E-05   -1.500010425453E-05    8.351158601382E-06
    8.969788028134E-06    2.361548583767E-06   -6.770150369927E-06   -1.041552703536E-05    1.337436303862E-05    1.706056605112E-05    3.304747240820E-05    7.306641295248E-01   -3.063011988752E-05    9.645028746809E-06
   -1.965163694355E-05   -1.999762472560E-06    5.704015559313E-06    8.659017539082E-06   -1.074889557862E-05   -1.233796305020E-05   -1.500010425453E-05   -3.063011988752E-05    9.697038183112E-01   -2.324304780574E-05
    3.354541674556E-05    1.504276944561E-06   -4.254166569108E-06   -6.336567286998E-06    7.592943684056E-06    8.129530282414E-06    8.351158601382E-06    9.645028746809E-06   -2.324304780574E-05    1.241721651213E+00
   44.165865908982987     
   -9.999318661270E-01   -6.048750244655E-06    1.582019263920E-05    1.990620560516E-05   -1.770686928255E-05   -1.081104292031E-05   -1.453527460245E-06    8.709415980874E-06   -1.929726327550E-05    3.311372976421E-05
   -6.048750244655E-06    4.338312647258E-03   -2.686045232485E-06   -2.557303092429E-06    2.697384807268E-06    2.710660138571E-06    2.573178061386E-06    2.315501036718E-06   -1.963993254863E-06    1.479696727084E-06
    1.582019263920E-05   -2.686045232485E-06    3.900583018646E-02    1.083454259549E-05   -8.427641094882E-06   -7.979807592591E-06   -7.437806826876E-06   -6.641792071035E-06    5.605023605281E-06   -4.187064588194E-06
    1.990620560516E-05   -2.557303092429E-06    1.083454259549E-05    1.081544623712E-01   -2.018385043280E-05   -1.354964262191E-05   -1.174063472239E-05   -1.022822140706E-05    8.516941404380E-06   -6.242974968592E-06
   -1.770686928255E-05    2.697384807268E-06   -8.427641094882E-06   -2.018385043280E-05    2.114657273426E-01    2.765353849108E-05    1.644501592364E-05    1.315087309440E-05   -1.058533366751E-05    7.490234904421E-06
   -1.081104292031E-05    2.710660138571E-06   -7.979807592591E-06   -1.354964262191E-05    2.765353849108E-05    3.485656798177E-01    3.181121023911E-05    1.680067040637E-05   -1.216607869497E-05    8.030135180317E-06
   -1.453527460245E-06    2.573178061386E-06   -7.437806826876E-06   -1.174063472239E-05    1.644501592364E-05    3.181121023911E-05    5.190891902375E-01    3.259798935658E-05   -1.481025189673E-05    8.259209591167E-06
    8.709415980874E-06    2.315501036718E-06   -6.641792071035E-06   -1.022822140706E-05    1.315087309440E-05    1.680067040637E-05    3.259798935658E-05    7.227167989906E-01   -3.027628400437E-05    9.547941393791E-06
   -1.929726327550E-05   -1.963993254863E-06    5.605023605281E-06    8.516941404380E-06   -1.058533366751E-05   -1.216607869497E-05   -1.481025189673E-05   -3.027628400437E-05    9.591868370748E-01   -2.301651186878E-05
    3.311372976421E-05    1.479696727084E-06   -4.187064588194E-06   -6.242974968592E-06    7.490234904421E-06    8.030135180317E-06    8.259209591167E-06    9.547941393791E-06   -2.301651186878E-05    1.228288408131E+00
   44.401731256870242     
   -9.999331462075E-01   -5.928878526899E-06    1.552491182708E-05    1.958103434155E-05   -1.748586643596E-05   -1.076030051792E-05   -1.573009354765E-06    8.455181270105E-06   -1.894879391403E-05    3.268681512538E-05
   -5.928878526899E-06    4.290430127856E-03   -2.621781809477E-06   -2.494336738214E-06    2.632948378371E-06    2.649383010950E-06    2.518883857908E-06    2.270318945299E-06   -1.928805323582E-06    1.455444412092E-06
    1.552491182708E-05   -2.621781809477E-06    3.857593760293E-02    1.058810016807E-05   -8.234003685457E-06   -7.804664308561E-06   -7.285102362953E-06   -6.515730029170E-06    5.507541912948E-06   -4.120774285585E-06
    1.958103434155E-05   -2.494336738214E-06    1.058810016807E-05    1.069654757689E-01   -1.976565663481E-05   -1.327035113716E-05   -1.151210074804E-05   -1.004396725470E-05    8.376784623021E-06   -6.150305819405E-06
   -1.748586643596E-05    2.632948378371E-06   -8.234003685457E-06   -1.976565663481E-05    2.091484620746E-01    2.714629906763E-05    1.614970430719E-05    1.293058380379E-05   -1.042363350066E-05    7.388249997739E-06
   -1.076030051792E-05    2.649383010950E-06   -7.804664308561E-06   -1.327035113716E-05    2.714629906763E-05    3.447593407181E-01    3.130482448419E-05    1.654397946240E-05   -1.199578748843E-05    7.931146666731E-06
   -1.573009354765E-06    2.518883857908E-06   -7.285102362953E-06   -1.151210074804E-05    1.614970430719E-05    3.130482448419E-05    5.134401684112E-01    3.215341243336E-05   -1.462185420613E-05    8.167402015161E-06
    8.455181270105E-06    2.270318945299E-06   -6.515730029170E-06   -1.004396725470E-05    1.293058380379E-05    1.654397946240E-05    3.215341243336E-05    7.148768679346E-01   -2.992512007057E-05    9.450928984602E-06
   -1.894879391403E-05   -1.928805323582E-06    5.507541912948E-06    8.376784623021E-06   -1.042363350066E-05   -1.199578748843E-05   -1.462185420613E-05   -2.992512007057E-05    9.488114695335E-01   -2.279089898705E-05
    3.268681512538E-05    1.455444412092E-06   -4.120774285585E-06   -6.150305819405E-06    7.388249997739E-06    7.931146666731E-06    8.167402015161E-06    9.450928984602E-06   -2.279089898705E-05    1.215035524000E+00
   44.638224741502881     
   -9.999344055140E-01   -5.811574864512E-06    1.523541145203E-05    1.926091136798E-05   -1.726640039463E-05   -1.070722768172E-05   -1.687529278262E-06    8.206963708116E-06   -1.860614800276E-05    3.226464128526E-05
   -5.811574864512E-06    4.243211580181E-03   -2.559229872874E-06   -2.433054103332E-06    2.570145572921E-06    2.589539821236E-06    2.465740369526E-06    2.225987902257E-06   -1.894191620760E-06    1.431518192707E-06
    1.523541145203E-05   -2.559229872874E-06    3.815198963263E-02    1.034776777696E-05   -8.045064270204E-06   -7.633460736896E-06   -7.135501653108E-06   -6.391930106329E-06    5.411555772350E-06   -4.055294640545E-06
    1.926091136798E-05   -2.433054103332E-06    1.034776777696E-05    1.057928531815E-01   -1.935657696097E-05   -1.299686207923E-05   -1.128785424628E-05   -9.862728989760E-06    8.238537182655E-06   -6.058567373699E-06
   -1.726640039463E-05    2.570145572921E-06   -8.045064270204E-06   -1.935657696097E-05    2.068629094102E-01    2.664831667293E-05    1.585933781039E-05    1.271347071403E-05   -1.026379682656E-05    7.287007902208E-06
   -1.070722768172E-05    2.589539821236E-06   -7.633460736896E-06   -1.299686207923E-05    2.664831667293E-05    3.410047975433E-01    3.080581546823E-05    1.629048111698E-05   -1.182710195168E-05    7.832591686846E-06
   -1.687529278262E-06    2.465740369526E-06   -7.135501653108E-06   -1.128785424628E-05    1.585933781039E-05    3.080581546823E-05    5.078676225571E-01    3.171372806574E-05   -1.443492948608E-05    8.075765168340E-06
    8.206963708116E-06    2.225987902257E-06   -6.391930106329E-06   -9.862728989760E-06    1.271347071403E-05    1.629048111698E-05    3.171372806574E-05    7.071426089131E-01   -2.957664662792E-05    9.354019045238E-06
   -1.860614800276E-05   -1.894191620760E-06    5.411555772350E-06    8.238537182655E-06   -1.026379682656E-05   -1.182710195168E-05   -1.443492948608E-05   -2.957664662792E-05    9.385754461594E-01   -2.256623627759E-05
    3.226464128526E-05    1.431518192707E-06   -4.055294640545E-06   -6.058567373699E-06    7.287007902208E-06    7.832591686846E-06    8.075765168340E-06    9.354019045238E-06   -2.256623627759E-05    1.201960115835E+00
   44.875346362880883     
   -9.999356461802E-01   -5.696780259116E-06    1.495157589331E-05    1.894577528806E-05   -1.704851320453E-05   -1.065194149109E-05   -1.797225056783E-06    7.964644734851E-06   -1.826924510491E-05    3.184717614303E-05
   -5.696780259116E-06    4.196645902120E-03   -2.498339406972E-06   -2.373406976562E-06    2.508933166503E-06    2.531096672282E-06    2.413724100076E-06    2.182493647041E-06   -1.860145069734E-06    1.407916162724E-06
    1.495157589331E-05   -2.498339406972E-06    3.773388736284E-02    1.011338349713E-05   -7.860705253901E-06   -7.466109120952E-06   -6.988945893380E-06   -6.270358337584E-06    5.317050246013E-06   -3.990624227522E-06
    1.894577528806E-05   -2.373406976562E-06    1.011338349713E-05    1.046363244843E-01   -1.895641003446E-05   -1.272906061980E-05   -1.106782526750E-05   -9.684470789815E-06    8.102188398264E-06   -5.967766341033E-06
   -1.704851320453E-05    2.508933166503E-06   -7.860705253901E-06   -1.895641003446E-05    2.046085504710E-01    2.615943754530E-05    1.557385182381E-05    1.249950862189E-05   -1.010582432148E-05    7.186526430187E-06
   -1.065194149109E-05    2.531096672282E-06   -7.466109120952E-06   -1.272906061980E-05    2.615943754530E-05    3.373012096280E-01    3.031410700031E-05    1.604016217083E-05   -1.166003338971E-05    7.734496026767E-06
   -1.797225056783E-06    2.413724100076E-06   -6.988945893380E-06   -1.106782526750E-05    1.557385182381E-05    3.031410700031E-05    5.023703195597E-01    3.127892116258E-05   -1.424949487339E-05    7.984327365872E-06
    7.964644734851E-06    2.182493647041E-06   -6.270358337584E-06   -9.684470789815E-06    1.249950862189E-05    1.604016217083E-05    3.127892116258E-05    6.995123265004E-01   -2.923088084384E-05    9.257238350615E-06
   -1.826924510491E-05   -1.860145069734E-06    5.317050246013E-06    8.102188398264E-06   -1.010582432148E-05   -1.166003338971E-05   -1.424949487339E-05   -2.923088084384E-05    9.284765393906E-01   -2.234255002048E-05
    3.184717614303E-05    1.407916162724E-06   -3.990624227522E-06   -5.967766341033E-06    7.186526430187E-06    7.734496026767E-06    7.984327365872E-06    9.257238350615E-06   -2.234255002048E-05    1.189059353892E+00
   45.113096121004268     
   -9.999368670187E-01   -5.584437203643E-06    1.467329191207E-05    1.863556476794E-05   -1.683224422946E-05   -1.059455537598E-05   -1.902231511314E-06    7.728107593221E-06   -1.793800549674E-05    3.143438744865E-05
   -5.584437203643E-06    4.150722210258E-03   -2.439062002349E-06   -2.315348619627E-06    2.449269117312E-06    2.474020457423E-06    2.362811985286E-06    2.139822085943E-06   -1.826658594052E-06    1.384636330617E-06
    1.467329191207E-05   -2.439062002349E-06    3.732153381363E-02    9.884789981119E-06   -7.680812028468E-06   -7.302523555278E-06   -6.845377189185E-06   -6.150980996440E-06    5.224010227403E-06   -3.926761258288E-06
    1.863556476794E-05   -2.315348619627E-06    9.884789981119E-06    1.034956247657E-01   -1.856495887839E-05   -1.246683388958E-05   -1.085194455224E-05   -9.509156710976E-06    7.967727005846E-06   -5.877908670415E-06
   -1.683224422946E-05    2.449269117312E-06   -7.680812028468E-06   -1.856495887839E-05    2.023848762643E-01    2.567950987027E-05    1.529318188100E-05    1.228867172407E-05   -9.949715702829E-06    7.086822339090E-06
   -1.059455537598E-05    2.474020457423E-06   -7.302523555278E-06   -1.246683388958E-05    2.567950987027E-05    3.336477521577E-01    2.982962268946E-05    1.579300852626E-05   -1.149459201254E-05    7.636884377172E-06
   -1.902231511314E-06    2.362811985286E-06   -6.845377189185E-06   -1.085194455224E-05    1.529318188100E-05    2.982962268946E-05    4.969470493811E-01    3.084897557132E-05   -1.406556648518E-05    7.893115996918E-06
    7.728107593221E-06    2.139822085943E-06   -6.150980996440E-06   -9.509156710976E-06    1.228867172407E-05    1.579300852626E-05    3.084897557132E-05    6.919843568440E-01   -2.888783888253E-05    9.160612989197E-06
   -1.793800549674E-05   -1.826658594052E-06    5.224010227403E-06    7.967727005846E-06   -9.949715702829E-06   -1.149459201254E-05   -1.406556648518E-05   -2.888783888253E-05    9.185125630156E-01   -2.211986590072E-05
    3.143438744865E-05    1.384636330617E-06   -3.926761258288E-06   -5.877908670415E-06    7.086822339090E-06    7.636884377172E-06    7.893115996918E-06    9.160612989197E-06   -2.211986590072E-05    1.176330460843E+00
   45.351474015873016     
   -9.999380679653E-01   -5.474489575374E-06    1.440044843840E-05    1.833021838527E-05   -1.661763010873E-05   -1.053517914902E-05   -2.002680537941E-06    7.497237205063E-06   -1.761234999646E-05    3.102624256562E-05
   -5.474489575374E-06    4.105429833358E-03   -2.381350770360E-06   -2.258833700000E-06    2.391112516213E-06    2.418278828054E-06    2.312981374054E-06    2.097959282475E-06   -1.793725113332E-06    1.361676618951E-06
    1.440044843840E-05   -2.381350770360E-06    3.691483388098E-02    9.661834212704E-06   -7.505272839506E-06   -7.142619906671E-06   -6.704738512734E-06   -6.033764575022E-06    5.132420434383E-06   -3.863703584010E-06
    1.833021838527E-05   -2.258833700000E-06    9.661834212704E-06    1.023704941765E-01   -1.818203063209E-05   -1.221007087157E-05   -1.064014348251E-05   -9.336750668781E-06    7.835141159422E-06   -5.788999558184E-06
   -1.661763010873E-05    2.391112516213E-06   -7.505272839506E-06   -1.818203063209E-05    2.001913874067E-01    2.520838352857E-05    1.501726358937E-05    1.208093359236E-05   -9.795469723806E-06    6.987911340044E-06
   -1.053517914902E-05    2.418278828054E-06   -7.142619906671E-06   -1.221007087157E-05    2.520838352857E-05    3.300436157368E-01    2.935228571072E-05    1.554900512848E-05   -1.133078691436E-05    7.539780335166E-06
   -2.002680537941E-06    2.312981374054E-06   -6.704738512734E-06   -1.064014348251E-05    1.501726358937E-05    2.935228571072E-05    4.915966244487E-01    3.042387384666E-05   -1.388315936155E-05    7.802157514301E-06
    7.497237205063E-06    2.097959282475E-06   -6.033764575022E-06   -9.336750668781E-06    1.208093359236E-05    1.554900512848E-05    3.042387384666E-05    6.845570668465E-01   -2.854753568828E-05    9.064168328981E-06
   -1.761234999646E-05   -1.793725113332E-06    5.132420434383E-06    7.835141159422E-06   -9.795469723806E-06   -1.133078691436E-05   -1.388315936155E-05   -2.854753568828E-05    9.086813711256E-01   -2.189820884755E-05
    3.102624256562E-05    1.361676618951E-06   -3.863703584010E-06   -5.788999558184E-06    6.987911340044E-06    7.539780335166E-06    7.802157514301E-06    9.064168328981E-06   -2.189820884755E-05    1.163770710482E+00
   45.590480047487141     
   -9.999392508398E-01   -5.366882591163E-06    1.413293651128E-05    1.802967464908E-05   -1.640470484059E-05   -1.047391908640E-05   -2.098701155814E-06    7.271920149450E-06   -1.729219995360E-05    3.062270845976E-05
   -5.366882591163E-06    4.060758307427E-03   -2.325160287435E-06   -2.203818243697E-06    2.334423553519E-06    2.363840175373E-06    2.264210021502E-06    2.056891457195E-06   -1.761337546211E-06    1.339034867974E-06
    1.413293651128E-05   -2.325160287435E-06    3.651369429369E-02    9.444367368217E-06   -7.333978709331E-06   -6.986315777764E-06   -6.566973694388E-06   -5.918675790986E-06    5.042265422438E-06   -3.801448708589E-06
    1.802967464908E-05   -2.203818243697E-06    9.444367368217E-06    1.012606778164E-01   -1.780743645058E-05   -1.195866237509E-05   -1.043235408845E-05   -9.167216460190E-06    7.704418457283E-06   -5.701043471367E-06
   -1.640470484059E-05    2.334423553519E-06   -7.333978709331E-06   -1.780743645058E-05    1.980275939108E-01    2.474591007640E-05    1.474603265097E-05    1.187626720440E-05   -9.643084204355E-06    6.889808123462E-06
   -1.047391908640E-05    2.363840175373E-06   -6.986315777764E-06   -1.195866237509E-05    2.474591007640E-05    3.264880060508E-01    2.888201882060E-05    1.530813599181E-05   -1.116862609755E-05    7.443206422816E-06
   -2.098701155814E-06    2.264210021502E-06   -6.566973694388E-06   -1.043235408845E-05    1.474603265097E-05    2.888201882060E-05    4.863178791670E-01    3.000359725799E-05   -1.370228747588E-05    7.711477441869E-06
    7.271920149450E-06    2.056891457195E-06   -5.918675790986E-06   -9.167216460190E-06    1.187626720440E-05    1.530813599181E-05    3.000359725799E-05    6.772288535015E-01   -2.820998497484E-05    8.967929013864E-06
   -1.729219995360E-05   -1.761337546211E-06    5.042265422438E-06    7.704418457283E-06   -9.643084204355E-06   -1.116862609755E-05   -1.370228747588E-05   -2.820998497484E-05    8.989808572481E-01   -2.167760301511E-05
    3.062270845976E-05    1.339034867974E-06   -3.801448708589E-06   -5.701043471367E-06    6.889808123462E-06    7.443206422816E-06    7.711477441869E-06    8.967929013864E-06   -2.167760301511E-05    1.151377426625E+00
   45.830114215846635     
   -9.999404151913E-01   -5.261562832604E-06    1.387064939181E-05    1.773387221574E-05   -1.619350001176E-05   -1.041087806638E-05   -2.190419518531E-06    7.052044758560E-06   -1.697747742112E-05    3.022375193941E-05
   -5.261562832604E-06    4.016697372437E-03   -2.270446572556E-06   -2.150259611006E-06    2.279163505575E-06    2.310673629499E-06    2.216476096964E-06    2.016604999966E-06   -1.729488823145E-06    1.316708845905E-06
    1.387064939181E-05   -2.270446572556E-06    3.611802358457E-02    9.232244799476E-06   -7.166823426586E-06   -6.833530522766E-06   -6.432027457147E-06   -5.805681629778E-06    4.953529625588E-06   -3.739993820469E-06
    1.773387221574E-05   -2.150259611006E-06    9.232244799476E-06    1.001659256562E-01   -1.744099161335E-05   -1.171250110751E-05   -1.022850912517E-05   -9.000517840093E-06    7.575546009713E-06   -5.614044197629E-06
   -1.619350001176E-05    2.279163505575E-06   -7.166823426586E-06   -1.744099161335E-05    1.958930150389E-01    2.429194299309E-05    1.447942499400E-05    1.167464504764E-05   -9.492556113976E-06    6.792526415429E-06
   -1.041087806638E-05    2.310673629499E-06   -6.833530522766E-06   -1.171250110751E-05    2.429194299309E-05    3.229801436281E-01    2.841874465962E-05    1.507038433249E-05   -1.100811655909E-05    7.347184138082E-06
   -2.190419518531E-06    2.216476096964E-06   -6.432027457147E-06   -1.022850912517E-05    1.447942499400E-05    2.841874465962E-05    4.811096695628E-01    2.958812606976E-05   -1.352296383239E-05    7.621100416239E-06
    7.052044758560E-06    2.016604999966E-06   -5.805681629778E-06   -9.000517840093E-06    1.167464504764E-05    1.507038433249E-05    2.958812606976E-05    6.699981433943E-01   -2.787519944766E-05    8.871919007767E-06
   -1.697747742112E-05   -1.729488823145E-06    4.953529625588E-06    7.575546009713E-06   -9.492556113976E-06   -1.100811655909E-05   -1.352296383239E-05   -2.787519944766E-05    8.894089536745E-01   -2.145807192362E-05
    3.022375193941E-05    1.316708845905E-06   -3.739993820469E-06   -5.614044197629E-06    6.792526415429E-06    7.347184138082E-06    7.621100416239E-06    8.871919007767E-06   -2.145807192362E-05    1.139147982236E+00
   46.070376520951505     
   -9.999415611156E-01   -5.158478170490E-06    1.361348242241E-05    1.744274981143E-05   -1.598404480622E-05   -1.034615562110E-05   -2.277958980454E-06    6.837501038868E-06   -1.666810505743E-05    2.982933952430E-05
   -5.158478170490E-06    3.973236966861E-03   -2.217167020261E-06   -2.098116442023E-06    2.225294694313E-06    2.258749033916E-06    2.169758170188E-06    1.977086463851E-06   -1.698171884665E-06    1.294696249500E-06
    1.361348242241E-05   -2.217167020261E-06    3.572773204286E-02    9.025325845995E-06   -7.003703441769E-06   -6.684185187523E-06   -6.299845387315E-06   -5.694749334178E-06    4.866197356142E-06   -3.679335797510E-06
    1.744274981143E-05   -2.098116442023E-06    9.025325845995E-06    9.908599241275E-02   -1.708251532667E-05   -1.147148160140E-05   -1.002854204478E-05   -8.836618516258E-06    7.448510445146E-06   -5.528004856722E-06
   -1.598404480622E-05    2.225294694313E-06   -7.003703441769E-06   -1.708251532667E-05    1.937871790691E-01    2.384633753160E-05    1.421737673951E-05    1.147603911495E-05   -9.343881578715E-06    6.696078990517E-06
   -1.034615562110E-05    2.258749033916E-06   -6.684185187523E-06   -1.147148160140E-05    2.384633753160E-05    3.195192634727E-01    2.796238563007E-05    1.483573254545E-05   -1.084926428716E-05    7.251733961372E-06
   -2.277958980454E-06    2.169758170188E-06   -6.299845387315E-06   -1.002854204478E-05    1.421737673951E-05    2.796238563007E-05    4.759708727600E-01    2.917743942089E-05   -1.334520043857E-05    7.531050182389E-06
    6.837501038868E-06    1.977086463851E-06   -5.694749334178E-06   -8.836618516258E-06    1.147603911495E-05    1.483573254545E-05    2.917743942089E-05    6.628633919958E-01   -2.754319068562E-05    8.776161573274E-06
   -1.666810505743E-05   -1.698171884665E-06    4.866197356142E-06    7.448510445146E-06   -9.343881578715E-06   -1.084926428716E-05   -1.334520043857E-05   -2.754319068562E-05    8.799636305490E-01   -2.123963836695E-05
    2.982933952430E-05    1.294696249500E-06   -3.679335797510E-06   -5.528004856722E-06    6.696078990517E-06    7.251733961372E-06    7.531050182389E-06    8.776161573274E-06   -2.123963836695E-05    1.127079798290E+00
   46.311266962801739     
   -9.999426884482E-01   -5.057577742849E-06    1.336133301796E-05    1.715624630234E-05   -1.577636612230E-05   -1.027984802925E-05   -2.361440132973E-06    6.628180682631E-06   -1.636400616651E-05    2.943943750247E-05
   -5.057577742849E-06    3.930367223493E-03   -2.165280359452E-06   -2.047348620073E-06    2.172780462202E-06    2.208036933315E-06    2.124035208971E-06    1.938322568471E-06   -1.667379687102E-06    1.272994709702E-06
    1.336133301796E-05   -2.165280359452E-06    3.534273167765E-02    8.823473741047E-06   -6.844517814163E-06   -6.538202489628E-06   -6.170373938096E-06   -5.585846420712E-06    4.780252825434E-06   -3.619471225875E-06
    1.715624630234E-05   -2.047348620073E-06    8.823473741047E-06    9.802063745088E-02   -1.673183068578E-05   -1.123550021622E-05   -9.832387021714E-06   -8.675482185566E-06    7.323297947661E-06   -5.442927932064E-06
   -1.577636612230E-05    2.172780462202E-06   -6.844517814163E-06   -1.673183068578E-05    1.917096231129E-01    2.340895077176E-05    1.395982425186E-05    1.128042095546E-05   -9.197055927245E-06    6.600477707923E-06
   -1.027984802925E-05    2.208036933315E-06   -6.538202489628E-06   -1.123550021622E-05    2.340895077176E-05    3.161046147740E-01    2.751286399004E-05    1.460416226135E-05   -1.069207430487E-05    7.156875386657E-06
   -2.361440132973E-06    2.124035208971E-06   -6.170373938096E-06   -9.832387021714E-06    1.395982425186E-05    2.751286399004E-05    4.709003865574E-01    2.877151540901E-05   -1.316900834323E-05    7.441349615337E-06
    6.628180682631E-06    1.938322568471E-06   -5.585846420712E-06   -8.675482185566E-06    1.128042095546E-05    1.460416226135E-05    2.877151540901E-05    6.558230830833E-01   -2.721396919668E-05    8.680679286335E-06
   -1.636400616651E-05   -1.667379687102E-06    4.780252825434E-06    7.323297947661E-06   -9.197055927245E-06   -1.069207430487E-05   -1.316900834323E-05   -2.721396919668E-05    8.706428951082E-01   -2.102232443977E-05
    2.943943750247E-05    1.272994709702E-06   -3.619471225875E-06   -5.442927932064E-06    6.600477707923E-06    7.156875386657E-06    7.441349615337E-06    8.680679286335E-06   -2.102232443977E-05    1.115170342802E+00
   46.552785541397355     
   -9.999437983721E-01   -4.958811901259E-06    1.311410057544E-05    1.687430066836E-05   -1.557048861552E-05   -1.021204837840E-05   -2.440980857618E-06    6.423977022809E-06   -1.606510465013E-05    2.905401186690E-05
   -4.958811901259E-06    3.888078464678E-03   -2.114746599101E-06   -1.997917226253E-06    2.121585138877E-06    2.158508553489E-06    2.079286569531E-06    1.900300197086E-06   -1.637105203236E-06    1.251601793768E-06
    1.311410057544E-05   -2.114746599101E-06    3.496293617605E-02    8.626555465104E-06   -6.689168129056E-06   -6.395506773729E-06   -6.043560411627E-06   -5.478940677847E-06    4.695680150041E-06   -3.560396409027E-06
    1.687430066836E-05   -1.997917226253E-06    8.626555465104E-06    9.696962467297E-02   -1.638876453876E-05   -1.100445509206E-05   -9.639978942351E-06   -8.517072541885E-06    7.199894272619E-06   -5.358815288006E-06
   -1.557048861552E-05    2.121585138877E-06   -6.689168129056E-06   -1.638876453876E-05    1.896598929089E-01    2.297964154359E-05    1.370670413365E-05    1.108776168793E-05   -9.052073710118E-06    6.505733531288E-06
   -1.021204837840E-05    2.158508553489E-06   -6.395506773729E-06   -1.100445509206E-05    2.297964154359E-05    3.127354605800E-01    2.707010180824E-05    1.437565435088E-05   -1.053655068259E-05    7.062626935914E-06
   -2.440980857618E-06    2.079286569531E-06   -6.043560411627E-06   -9.639978942351E-06    1.370670413365E-05    2.707010180824E-05    4.658971289594E-01    2.837033104361E-05   -1.299439763206E-05    7.352020724637E-06
    6.423977022809E-06    1.900300197086E-06   -5.478940677847E-06   -8.517072541885E-06    1.108776168793E-05    1.437565435088E-05    2.837033104361E-05    6.488757281051E-01   -2.688754436284E-05    8.585494027715E-06
   -1.606510465013E-05   -1.637105203236E-06    4.695680150041E-06    7.199894272619E-06   -9.052073710118E-06   -1.053655068259E-05   -1.299439763206E-05   -2.688754436284E-05    8.614447908554E-01   -2.080615148860E-05
    2.905401186690E-05    1.251601793768E-06   -3.560396409027E-06   -5.358815288006E-06    6.505733531288E-06    7.062626935914E-06    7.352020724637E-06    8.585494027715E-06   -2.080615148860E-05    1.103417129790E+00
   46.794932256738335     
   -9.999448910295E-01   -4.862132211987E-06    1.287168652003E-05    1.659685213271E-05   -1.536643486028E-05   -1.014284667795E-05   -2.516696355090E-06    6.224785078223E-06   -1.577132510558E-05    2.867302845778E-05
   -4.862132211987E-06    3.846361198866E-03   -2.065526999683E-06   -1.949784511613E-06    2.071674022901E-06    2.110135794420E-06    2.035491998164E-06    1.863006403026E-06   -1.607341430278E-06    1.230515012218E-06
    1.287168652003E-05   -2.065526999683E-06    3.458826087305E-02    8.434441693806E-06   -6.537558466140E-06   -6.256024006602E-06   -5.919352973733E-06   -5.374000190833E-06    4.612463378650E-06   -3.502107390028E-06
    1.659685213271E-05   -1.949784511613E-06    8.434441693806E-06    9.593272243815E-02   -1.605314751404E-05   -1.077824617867E-05   -9.451253448216E-06   -8.361353325223E-06    7.078284793314E-06   -5.275668206151E-06
   -1.536643486028E-05    2.071674022901E-06   -6.537558466140E-06   -1.605314751404E-05    1.876375426699E-01    2.255827056142E-05    1.345795330631E-05    1.089803207011E-05   -8.908928757979E-06    6.411856570485E-06
   -1.014284667795E-05    2.110135794420E-06   -6.256024006602E-06   -1.077824617867E-05    2.255827056142E-05    3.094110775521E-01    2.663402114760E-05    1.415018901216E-05   -1.038269659789E-05    6.969006196552E-06
   -2.516696355090E-06    2.035491998164E-06   -5.919352973733E-06   -9.451253448216E-06    1.345795330631E-05    2.663402114760E-05    4.609600378151E-01    2.797386241979E-05   -1.282137749166E-05    7.263084683453E-06
    6.224785078223E-06    1.863006403026E-06   -5.374000190833E-06   -8.361353325223E-06    1.089803207011E-05    1.415018901216E-05    2.797386241979E-05    6.420198656801E-01   -2.656392457584E-05    8.490627010446E-06
   -1.577132510558E-05   -1.607341430278E-06    4.612463378650E-06    7.078284793314E-06   -8.908928757979E-06   -1.038269659789E-05   -1.282137749166E-05   -2.656392457584E-05    8.523673968960E-01   -2.059114019527E-05
    2.867302845778E-05    1.230515012218E-06   -3.502107390028E-06   -5.275668206151E-06    6.411856570485E-06    6.969006196552E-06    7.263084683453E-06    8.490627010446E-06   -2.059114019527E-05    1.091817718422E+00
   47.037707108824698     
   -9.999459658771E-01   -4.767491419434E-06    1.263399425447E-05    1.632384017707E-05   -1.516422542241E-05   -1.007232993381E-05   -2.588699191448E-06    6.030501533507E-06   -1.548259281854E-05    2.829645295672E-05
   -4.767491419434E-06    3.805206116364E-03   -2.017584028886E-06   -1.902913858919E-06    2.023013354075E-06    2.062891214532E-06    1.992631624961E-06    1.826428409373E-06   -1.578081392522E-06    1.209731822344E-06
    1.263399425447E-05   -2.017584028886E-06    3.421862271438E-02    8.247006683719E-06   -6.389595333952E-06   -6.119681744598E-06   -5.797700645104E-06   -5.270993346992E-06    4.530586503760E-06   -3.444599964259E-06
    1.632384017707E-05   -1.902913858919E-06    8.247006683719E-06    9.490970346376E-02   -1.572481393243E-05   -1.055677521037E-05   -9.266146939846E-06   -8.208288340347E-06    6.958454524803E-06   -5.193487408051E-06
   -1.516422542241E-05    2.023013354075E-06   -6.389595333952E-06   -1.572481393243E-05    1.856421348990E-01    2.214470040531E-05    1.321350902811E-05    1.071120252718E-05   -8.767614211688E-06    6.318856108242E-06
   -1.007232993381E-05    2.062891214532E-06   -6.119681744598E-06   -1.055677521037E-05    2.214470040531E-05    3.061307556732E-01    2.620454408348E-05    1.392774579862E-05   -1.023051436210E-05    6.876029843795E-06
   -2.588699191448E-06    1.992631624961E-06   -5.797700645104E-06   -9.266146939846E-06    1.321350902811E-05    2.620454408348E-05    4.560880703960E-01    2.758208473406E-05   -1.264995622602E-05    7.174561842165E-06
    6.030501533507E-06    1.826428409373E-06   -5.270993346992E-06   -8.208288340347E-06    1.071120252718E-05    1.392774579862E-05    2.758208473406E-05    6.352540610232E-01   -2.624311723716E-05    8.396098783920E-06
   -1.548259281854E-05   -1.578081392522E-06    4.530586503760E-06    6.958454524803E-06   -8.767614211688E-06   -1.023051436210E-05   -1.264995622602E-05   -2.624311723716E-05    8.434088271878E-01   -2.037731056678E-05
    2.829645295672E-05    1.209731822344E-06   -3.444599964259E-06   -5.193487408051E-06    6.318856108242E-06    6.876029843795E-06    7.174561842165E-06    8.396098783920E-06   -2.037731056678E-05    1.080369712065E+00
   47.281110097656416     
   -9.999470236289E-01   -4.674843391354E-06    1.240092906062E-05    1.605520449765E-05   -1.496387888380E-05   -1.000058220082E-05   -2.657099351015E-06    5.841024686888E-06   -1.519883370288E-05    2.792425080495E-05
   -4.674843391354E-06    3.764604084792E-03   -1.970881310426E-06   -1.857269739861E-06    1.975570281315E-06    2.016748010533E-06    1.950685953377E-06    1.790553604971E-06   -1.549318141004E-06    1.189249629658E-06
    1.240092906062E-05   -1.970881310426E-06    3.385394021667E-02    8.064128129052E-06   -6.245187587930E-06   -5.986409087070E-06   -5.678553279988E-06   -5.169888830293E-06    4.450033464748E-06   -3.387869686341E-06
    1.605520449765E-05   -1.857269739861E-06    8.064128129052E-06    9.390034471933E-02   -1.540360166219E-05   -1.033994565298E-05   -9.084596559591E-06   -8.057841458476E-06    6.840388134640E-06   -5.112273069446E-06
   -1.496387888380E-05    1.975570281315E-06   -6.245187587930E-06   -1.540360166219E-05    1.836732401918E-01    2.173879542459E-05    1.297330887864E-05    1.052724315764E-05   -8.628122536277E-06    6.226740617129E-06
   -1.000058220082E-05    2.016748010533E-06   -5.986409087070E-06   -1.033994565298E-05    2.173879542459E-05    3.028937979354E-01    2.578159263641E-05    1.370830361469E-05   -1.008000542796E-05    6.783713653298E-06
   -2.657099351015E-06    1.950685953377E-06   -5.678553279988E-06   -9.084596559591E-06    1.297330887864E-05    2.578159263641E-05    4.512802029484E-01    2.719497221848E-05   -1.248014124691E-05    7.086471731914E-06
    5.841024686888E-06    1.790553604971E-06   -5.169888830293E-06   -8.057841458476E-06    1.052724315764E-05    1.370830361469E-05    2.719497221848E-05    6.285769053401E-01   -2.592512868791E-05    8.301929224001E-06
   -1.519883370288E-05   -1.549318141004E-06    4.450033464748E-06    6.840388134640E-06   -8.628122536277E-06   -1.008000542796E-05   -1.248014124691E-05   -2.592512868791E-05    8.345672297567E-01   -2.016468187664E-05
    2.792425080495E-05    1.189249629658E-06   -3.387869686341E-06   -5.112273069446E-06    6.226740617129E-06    6.783713653298E-06    7.086471731914E-06    8.301929224001E-06   -2.016468187664E-05    1.069070757305E+00
   47.525141223233526     
   -9.999480646111E-01   -4.584143111471E-06    1.217239811920E-05    1.579088509742E-05   -1.476541197207E-05   -9.927684681550E-06   -2.722004270607E-06    5.656254475134E-06   -1.491997436709E-05    2.755638730322E-05
   -4.584143111471E-06    3.724546145684E-03   -1.925383594943E-06   -1.812817687394E-06    1.929312843545E-06    1.971680008609E-06    1.909635859501E-06    1.755369548499E-06   -1.521044759480E-06    1.169065793484E-06
    1.217239811920E-05   -1.925383594943E-06    3.349413343766E-02    7.885687099750E-06   -6.104246392496E-06   -5.856136663999E-06   -5.561861573048E-06   -5.070655638861E-06    4.370788168750E-06   -3.331911888454E-06
    1.579088509742E-05   -1.812817687394E-06    7.885687099750E-06    9.290442734711E-02   -1.508935211552E-05   -1.012766271579E-05   -8.906540220625E-06   -7.909976654613E-06    6.724069980379E-06   -5.032024850864E-06
   -1.476541197207E-05    1.929312843545E-06   -6.104246392496E-06   -1.508935211552E-05    1.817304370864E-01    2.134042182457E-05    1.273729081777E-05    1.034612378772E-05   -8.490445568647E-06    6.135517795447E-06
   -9.927684681550E-06    1.971680008609E-06   -5.856136663999E-06   -1.012766271579E-05    2.134042182457E-05    2.996995200998E-01    2.536508890494E-05    1.349184078396E-05   -9.931170438630E-06    6.692072533603E-06
   -2.722004270607E-06    1.909635859501E-06   -5.561861573048E-06   -8.906540220625E-06    1.273729081777E-05    2.536508890494E-05    4.465354303415E-01    2.681249826878E-05   -1.231193912430E-05    6.998833089502E-06
    5.656254475134E-06    1.755369548499E-06   -5.070655638861E-06   -7.909976654613E-06    1.034612378772E-05    1.349184078396E-05    2.681249826878E-05    6.219870153413E-01   -2.560996430741E-05    8.208137554703E-06
   -1.491997436709E-05   -1.521044759480E-06    4.370788168750E-06    6.724069980379E-06   -8.490445568647E-06   -9.931170438630E-06   -1.231193912430E-05   -2.560996430741E-05    8.258407860542E-01   -1.995327272354E-05
    2.755638730322E-05    1.169065793484E-06   -3.331911888454E-06   -5.032024850864E-06    6.135517795447E-06    6.692072533603E-06    6.998833089502E-06    8.208137554703E-06   -1.995327272354E-05    1.057918543117E+00
   47.769800485555990     
   -9.999490888310E-01   -4.495346649930E-06    1.194831047208E-05    1.553082230901E-05   -1.456883963530E-05   -9.853715800651E-06   -2.783518883119E-06    5.476092459738E-06   -1.464594211781E-05    2.719282762205E-05
   -4.495346649930E-06    3.685023510663E-03   -1.881056722068E-06   -1.769524262286E-06    1.884209945176E-06    1.927661650420E-06    1.869462586566E-06    1.720863968411E-06   -1.493254367102E-06    1.149177630370E-06
    1.194831047208E-05   -1.881056722068E-06    3.313912394263E-02    7.711567943692E-06   -5.966685163384E-06   -5.728796607207E-06   -5.447577051920E-06   -4.973263090487E-06    4.292834502082E-06   -3.276721692576E-06
    1.553082230901E-05   -1.769524262286E-06    7.711567943692E-06    9.192173657266E-02   -1.478191017661E-05   -9.919833330898E-06   -8.731916611939E-06   -7.764658025975E-06    6.609484132788E-06   -4.952741919473E-06
   -1.456883963530E-05    1.884209945176E-06   -5.966685163384E-06   -1.478191017661E-05    1.798133118961E-01    2.094944766135E-05    1.250539320620E-05    1.016781400045E-05   -8.354574547672E-06    6.045194593338E-06
   -9.853715800651E-06    1.927661650420E-06   -5.728796607207E-06   -9.919833330898E-06    2.094944766135E-05    2.965472504302E-01    2.495495509830E-05    1.327833508080E-05   -9.784009255924E-06    6.601120548882E-06
   -2.783518883119E-06    1.869462586566E-06   -5.447577051920E-06   -8.731916611939E-06    1.250539320620E-05    2.495495509830E-05    4.418527656811E-01    2.643463547668E-05   -1.214535560751E-05    6.911663872357E-06
    5.476092459738E-06    1.720863968411E-06   -4.973263090487E-06   -7.764658025975E-06    1.016781400045E-05    1.327833508080E-05    2.643463547668E-05    6.154830327165E-01   -2.529762852962E-05    8.114742355272E-06
   -1.464594211781E-05   -1.493254367102E-06    4.292834502082E-06    6.609484132788E-06   -8.354574547672E-06   -9.784009255924E-06   -1.214535560751E-05   -2.529762852962E-05    8.172277102697E-01   -1.974310103352E-05
    2.719282762205E-05    1.149177630370E-06   -3.276721692576E-06   -4.952741919473E-06    6.045194593338E-06    6.601120548882E-06    6.911663872357E-06    8.114742355272E-06   -1.974310103352E-05    1.046910800001E+00
   48.015087884623846     
   -9.999500965590E-01   -4.408411128522E-06    1.172857696974E-05    1.527495679752E-05   -1.437417509923E-05   -9.778751270326E-06   -2.841745662274E-06    5.300441803057E-06   -1.437666494583E-05    2.683353678644E-05
   -4.408411128522E-06    3.646027557578E-03   -1.837867581228E-06   -1.727357018999E-06    1.840231330708E-06    1.884667977959E-06    1.830147738215E-06    1.687024761715E-06   -1.465940120129E-06    1.129582416867E-06
    1.172857696974E-05   -1.837867581228E-06    3.278883477051E-02    7.541658181696E-06   -5.832419505855E-06   -5.604322517562E-06   -5.335652065891E-06   -4.877680824605E-06    4.216156338808E-06   -3.222294020875E-06
    1.527495679752E-05   -1.727357018999E-06    7.541658181696E-06    9.095206161439E-02   -1.448112411252E-05   -9.716366123865E-06   -8.560665196420E-06   -7.621849804753E-06    6.496614394686E-06   -4.874422968268E-06
   -1.437417509923E-05    1.840231330708E-06   -5.832419505855E-06   -1.448112411252E-05    1.779214585399E-01    2.056574281109E-05    1.227755481496E-05    9.992283157207E-06   -8.220500139010E-06    5.955777235982E-06
   -9.778751270326E-06    1.884667977959E-06   -5.604322517562E-06   -9.716366123865E-06    2.056574281109E-05    2.934363294239E-01    2.455111354056E-05    1.306776375149E-05   -9.638520982625E-06    6.510870938989E-06
   -2.841745662274E-06    1.830147738215E-06   -5.335652065891E-06   -8.560665196420E-06    1.227755481496E-05    2.455111354056E-05    4.372312399219E-01    2.606135563515E-05   -1.198039563823E-05    6.824981270953E-06
    5.300441803057E-06    1.687024761715E-06   -4.877680824605E-06   -7.621849804753E-06    9.992283157207E-06    1.306776375149E-05    2.606135563515E-05    6.090636236056E-01   -2.498812483616E-05    8.021761563454E-06
   -1.437666494583E-05   -1.465940120129E-06    4.216156338808E-06    6.496614394686E-06   -8.220500139010E-06   -9.638520982625E-06   -1.198039563823E-05   -2.498812483616E-05    8.087262486413E-01   -1.953418404588E-05
    2.683353678644E-05    1.129582416867E-06   -3.222294020875E-06   -4.874422968268E-06    5.955777235982E-06    6.510870938989E-06    6.824981270953E-06    8.021761563454E-06   -1.953418404588E-05    1.036045299111E+00
   48.261003420437056     
   -9.999510885043E-01   -4.323294692314E-06    1.151311023350E-05    1.502322957889E-05   -1.418142993574E-05   -9.702864160855E-06   -2.896784665614E-06    5.129207253098E-06   -1.411207152744E-05    2.647847968368E-05
   -4.323294692314E-06    3.607549826839E-03   -1.795784076185E-06   -1.686284474206E-06    1.797347561337E-06    1.842674619867E-06    1.791673272808E-06    1.653839993484E-06   -1.439095214119E-06    1.110277392520E-06
    1.151311023350E-05   -1.795784076185E-06    3.244319040189E-02    7.375848414574E-06   -5.701367159013E-06   -5.482649436187E-06   -5.226039777305E-06   -4.783878806200E-06    4.140737550572E-06   -3.168623606633E-06
    1.502322957889E-05   -1.686284474206E-06    7.375848414574E-06    8.999519559834E-02   -1.418684550170E-05   -9.517171391333E-06   -8.392726213174E-06   -7.481516373696E-06    6.385444321587E-06   -4.797066235900E-06
   -1.418142993574E-05    1.797347561337E-06   -5.701367159013E-06   -1.418684550170E-05    1.760544783822E-01    2.018917896049E-05    1.205371484219E-05    9.819500423454E-06   -8.088212462395E-06    5.867271247589E-06
   -9.702864160855E-06    1.842674619867E-06   -5.482649436187E-06   -9.517171391333E-06    2.018917896049E-05    2.903661095575E-01    2.415348669827E-05    1.286010354268E-05   -9.494703988403E-06    6.421336140499E-06
   -2.896784665614E-06    1.791673272808E-06   -5.226039777305E-06   -8.392726213174E-06    1.205371484219E-05    2.415348669827E-05    4.326699014985E-01    2.569262976748E-05   -1.181706337000E-05    6.738801722581E-06
    5.129207253098E-06    1.653839993484E-06   -4.783878806200E-06   -7.481516373696E-06    9.819500423454E-06    1.286010354268E-05    2.569262976748E-05    6.027274780963E-01   -2.468145577119E-05    7.929212481721E-06
   -1.411207152744E-05   -1.439095214119E-06    4.140737550572E-06    6.385444321587E-06   -8.088212462395E-06   -9.494703988403E-06   -1.181706337000E-05   -2.468145577119E-05    8.003346787983E-01   -1.932653831460E-05
    2.647847968368E-05    1.110277392520E-06   -3.168623606633E-06   -4.797066235900E-06    5.867271247589E-06    6.421336140499E-06    6.738801722581E-06    7.929212481721E-06   -1.932653831460E-05    1.025319851416E+00
   48.507547092995651     
   -9.999520642014E-01   -4.239956502352E-06    1.130182467030E-05    1.477558209853E-05   -1.399061417872E-05   -9.626124993694E-06   -2.948733571452E-06    4.962295161144E-06   -1.385209128203E-05    2.612762115429E-05
   -4.239956502352E-06    3.569582018363E-03   -1.754775099672E-06   -1.646276082331E-06    1.755529997504E-06    1.801657782835E-06    1.754021502033E-06    1.621297899912E-06   -1.412712888934E-06    1.091259764745E-06
    1.130182467030E-05   -1.754775099672E-06    3.210211673190E-02    7.214032266710E-06   -5.573447959917E-06   -5.363713830880E-06   -5.118694165394E-06   -4.691827339802E-06    4.066562024327E-06   -3.115705010322E-06
    1.477558209853E-05   -1.646276082331E-06    7.214032266710E-06    8.905093548562E-02   -1.389892922506E-05   -9.322161107313E-06   -8.228040700151E-06   -7.343622297408E-06    6.275957254282E-06   -4.720669533975E-06
   -1.399061417872E-05    1.755529997504E-06   -5.573447959917E-06   -1.389892922506E-05    1.742119800963E-01    1.981962967816E-05    1.183381296288E-05    9.649434816059E-06   -7.957701134204E-06    5.779681484200E-06
   -9.626124993694E-06    1.801657782835E-06   -5.363713830880E-06   -9.322161107313E-06    1.981962967816E-05    2.873359550675E-01    2.376199729753E-05    1.265533076264E-05   -9.352555954820E-06    6.332527817286E-06
   -2.948733571452E-06    1.754021502033E-06   -5.118694165394E-06   -8.228040700151E-06    1.183381296288E-05    2.376199729753E-05    4.281678160039E-01    2.532842824448E-05   -1.165536221559E-05    6.653140935655E-06
    4.962295161144E-06    1.621297899912E-06   -4.691827339802E-06   -7.343622297408E-06    9.649434816059E-06    1.265533076264E-05    2.532842824448E-05    5.964733097806E-01   -2.437762303406E-05    7.837111798918E-06
   -1.385209128203E-05   -1.412712888934E-06    4.066562024327E-06    6.275957254282E-06   -7.957701134204E-06   -9.352555954820E-06   -1.165536221559E-05   -2.437762303406E-05    7.920513091750E-01   -1.912017976481E-05
    2.612762115429E-05    1.091259764745E-06   -3.115705010322E-06   -4.720669533975E-06    5.779681484200E-06    6.332527817286E-06    6.653140935655E-06    7.837111798918E-06   -1.912017976481E-05    1.014732306958E+00
   48.754718902299608     
   -9.999530242395E-01   -4.158356684050E-06    1.109463637287E-05    1.453195617141E-05   -1.380173632683E-05   -9.548601778946E-06   -2.997687727121E-06    4.799613426411E-06   -1.359665430316E-05    2.578092589508E-05
   -4.158356684050E-06    3.532115987488E-03   -1.714810489676E-06   -1.607302198945E-06    1.714750770528E-06    1.761594232852E-06    1.717175080343E-06    1.589386883517E-06   -1.386786427461E-06    1.072526709617E-06
    1.109463637287E-05   -1.714810489676E-06    3.176554103464E-02    7.056106257418E-06   -5.448583768526E-06   -5.247453550731E-06   -5.013570002839E-06   -4.601497060656E-06    3.993613662121E-06   -3.063532624305E-06
    1.453195617141E-05   -1.607302198945E-06    7.056106257418E-06    8.811908197757E-02   -1.361723332213E-05   -9.131248866417E-06   -8.066550470781E-06   -7.208132317555E-06    6.168136324129E-06   -4.645230257938E-06
   -1.380173632683E-05    1.714750770528E-06   -5.448583768526E-06   -1.361723332213E-05    1.723935794870E-01    1.945697030379E-05    1.161778930361E-05    9.482055201401E-06   -7.828955275767E-06    5.693012147823E-06
   -9.548601778946E-06    1.761594232852E-06   -5.247453550731E-06   -9.131248866417E-06    1.945697030379E-05    2.843452416702E-01    2.337656823836E-05    1.245342126917E-05   -9.212073878774E-06    6.244456872099E-06
   -2.997687727121E-06    1.717175080343E-06   -5.013570002839E-06   -8.066550470781E-06    1.161778930361E-05    2.337656823836E-05    4.237240657888E-01    2.496872070344E-05   -1.149529483406E-05    6.568013893997E-06
    4.799613426411E-06    1.589386883517E-06   -4.601497060656E-06   -7.208132317555E-06    9.482055201401E-06    1.245342126917E-05    2.496872070344E-05    5.902998552138E-01   -2.407662739793E-05    7.745475581406E-06
   -1.359665430316E-05   -1.386786427461E-06    3.993613662121E-06    6.168136324129E-06   -7.828955275767E-06   -9.212073878774E-06   -1.149529483406E-05   -2.407662739793E-05    7.838744783122E-01   -1.891512362714E-05
    2.578092589508E-05    1.072526709617E-06   -3.063532624305E-06   -4.645230257938E-06    5.693012147823E-06    6.244456872099E-06    6.568013893997E-06    7.745475581406E-06   -1.891512362714E-05    1.004280553970E+00
   49.002518848348949     
   -9.999539690126E-01   -4.078456317568E-06    1.089146312608E-05    1.429229404701E-05   -1.361480344667E-05   -9.470360102399E-06   -3.043740187618E-06    4.641071506223E-06   -1.334569140526E-05    2.543835853657E-05
   -4.078456317568E-06    3.495143742009E-03   -1.675861004705E-06   -1.569334056956E-06    1.674982765164E-06    1.722461285981E-06    1.681117002561E-06    1.558095515078E-06   -1.361309159560E-06    1.054075375880E-06
    1.089146312608E-05   -1.675861004705E-06    3.143339193696E-02    6.901969743031E-06   -5.326698430254E-06   -5.133807809779E-06   -4.910622856128E-06   -4.512858945175E-06    3.921876395618E-06   -3.012100686365E-06
    1.429229404701E-05   -1.569334056956E-06    6.901969743031E-06    8.719943944557E-02   -1.334161897232E-05   -8.944349883439E-06   -7.908198130227E-06   -7.075011378301E-06    6.061964480613E-06   -4.570745410493E-06
   -1.361480344667E-05    1.674982765164E-06   -5.326698430254E-06   -1.334161897232E-05    1.705988993583E-01    1.910107800235E-05    1.140558448275E-05    9.317330335265E-06   -7.701963549987E-06    5.607266814833E-06
   -9.470360102399E-06    1.722461285981E-06   -5.133807809779E-06   -8.944349883439E-06    1.910107800235E-05    2.813933563494E-01    2.299712269308E-05    1.225435052204E-05   -9.073254111408E-06    6.157133472906E-06
   -3.043740187618E-06    1.681117002561E-06   -4.910622856128E-06   -7.908198130227E-06    1.140558448275E-05    2.299712269308E-05    4.193377496507E-01    2.461347614922E-05   -1.133686317154E-05    6.483434877246E-06
    4.641071506223E-06    1.558095515078E-06   -4.512858945175E-06   -7.075011378301E-06    9.317330335265E-06    1.225435052204E-05    2.461347614922E-05    5.842058734867E-01   -2.377846879033E-05    7.654319290624E-06
   -1.334569140526E-05   -1.361309159560E-06    3.921876395618E-06    6.061964480613E-06   -7.701963549987E-06   -9.073254111408E-06   -1.133686317154E-05   -2.377846879033E-05    7.758025542910E-01   -1.871138448631E-05
    2.543835853657E-05    1.054075375880E-06   -3.012100686365E-06   -4.570745410493E-06    5.607266814833E-06    6.157133472906E-06    6.483434877246E-06    7.654319290624E-06   -1.871138448631E-05    9.939625181559E-01
   49.250946931143645     
   -9.999548982499E-01   -4.000217418406E-06    1.069222438699E-05    1.405653844096E-05   -1.342982124742E-05   -9.391463197614E-06   -3.086981755494E-06    4.486580409867E-06   -1.309913414042E-05    2.509988367387E-05
   -4.000217418406E-06    3.458657438994E-03   -1.637898295677E-06   -1.532343740848E-06    1.636199600326E-06    1.684236797265E-06    1.645830599699E-06    1.527412534023E-06   -1.336274464821E-06    1.035902888337E-06
    1.069222438699E-05   -1.637898295677E-06    3.110559939052E-02    6.751524844346E-06   -5.207717731038E-06   -5.022717164411E-06   -4.809809080426E-06   -4.425884316796E-06    3.851334197184E-06   -2.961403291493E-06
    1.405653844096E-05   -1.532343740848E-06    6.751524844346E-06    8.629181585637E-02   -1.307195044608E-05   -8.761380979392E-06   -7.752927081894E-06   -6.944224644304E-06    5.957424513652E-06   -4.497211622647E-06
   -1.342982124742E-05    1.636199600326E-06   -5.207717731038E-06   -1.307195044608E-05    1.688275693725E-01    1.875183177567E-05    1.119713963405E-05    9.155228892459E-06   -7.576714191499E-06    5.522448462061E-06
   -9.391463197614E-06    1.684236797265E-06   -5.022717164411E-06   -8.761380979392E-06    1.875183177567E-05    2.784796971325E-01    2.262358415642E-05    1.205809361950E-05   -8.936092389216E-06    6.070567077429E-06
   -3.086981755494E-06    1.645830599699E-06   -4.809809080426E-06   -7.752927081894E-06    1.119713963405E-05    2.262358415642E-05    4.150079825084E-01    2.426266300781E-05   -1.118006848979E-05    6.399417479624E-06
    4.486580409867E-06    1.527412534023E-06   -4.425884316796E-06   -6.944224644304E-06    9.155228892459E-06    1.205809361950E-05    2.426266300781E-05    5.781901457799E-01   -2.348314633141E-05    7.563657796452E-06
   -1.309913414042E-05   -1.336274464821E-06    3.851334197184E-06    5.957424513652E-06   -7.576714191499E-06   -8.936092389216E-06   -1.118006848979E-05   -2.348314633141E-05    7.678339341494E-01   -1.850897630032E-05
    2.509988367387E-05    1.035902888337E-06   -2.961403291493E-06   -4.497211622647E-06    5.522448462061E-06    6.070567077429E-06    6.399417479624E-06    7.563657796452E-06   -1.850897630032E-05    9.837761619513E-01
   49.500003150683732     
   -9.999558125745E-01   -3.923602896953E-06    1.049684120978E-05    1.382463249853E-05   -1.324679409879E-05   -9.311971989224E-06   -3.127501025184E-06    4.336052657224E-06   -1.285691475330E-05    2.476546580595E-05
   -3.923602896953E-06    3.422649381197E-03   -1.600894869524E-06   -1.496304155465E-06    1.598375604731E-06    1.646899144733E-06    1.611299530212E-06    1.497326844810E-06   -1.311675772040E-06    1.018006348996E-06
    1.049684120978E-05   -1.600894869524E-06    3.078209464029E-02    6.604676340412E-06   -5.091569333828E-06   -4.914123475223E-06   -4.711085800722E-06   -4.340544840076E-06    3.781971081495E-06   -2.911434397367E-06
    1.382463249853E-05   -1.496304155465E-06    6.604676340412E-06    8.539602268793E-02   -1.280809499125E-05   -8.582260536437E-06   -7.600681510644E-06   -6.815737500006E-06    5.854499061389E-06   -4.424625165519E-06
   -1.324679409879E-05    1.598375604731E-06   -5.091569333828E-06   -1.280809499125E-05    1.670792258930E-01    1.840911238498E-05    1.099239639248E-05    8.995719470969E-06   -7.453195018580E-06    5.438559482187E-06
   -9.311971989224E-06    1.646899144733E-06   -4.914123475223E-06   -8.582260536437E-06    1.840911238498E-05    2.756036728402E-01    2.225587639594E-05    1.186462529749E-05   -8.800583843238E-06    5.984766446654E-06
   -3.127501025184E-06    1.611299530212E-06   -4.711085800722E-06   -7.600681510644E-06    1.099239639248E-05    2.225587639594E-05    4.107338950422E-01    2.391624908227E-05   -1.102491136378E-05    6.315974617174E-06
    4.336052657224E-06    1.497326844810E-06   -4.340544840076E-06   -6.815737500006E-06    8.995719470969E-06    1.186462529749E-05    2.391624908227E-05    5.722514748772E-01   -2.319065828688E-05    7.473505374021E-06
   -1.285691475329E-05   -1.311675772040E-06    3.781971081495E-06    5.854499061389E-06   -7.453195018580E-06   -8.800583843238E-06   -1.102491136378E-05   -2.319065828688E-05    7.599670432504E-01   -1.830791235953E-05
    2.476546580595E-05    1.018006348996E-06   -2.911434397367E-06   -4.424625165519E-06    5.438559482187E-06    5.984766446654E-06    6.315974617174E-06    7.473505374021E-06   -1.830791235953E-05    9.737194837249E-01
   49.749687506969174     
   -9.999567112974E-01   -3.848576559605E-06    1.030523627634E-05    1.359651988403E-05   -1.306572515195E-05   -9.231945189258E-06   -3.165384420732E-06    4.189402301431E-06   -1.261896625236E-05    2.443506945236E-05
   -3.848576559605E-06    3.387112014520E-03   -1.564824071294E-06   -1.461189007276E-06    1.561485803297E-06    1.610427222873E-06    1.577507779436E-06    1.467827520117E-06   -1.287506564027E-06    1.000382841574E-06
    1.030523627634E-05   -1.564824071294E-06    3.046281020221E-02    6.461331631866E-06   -4.978182752282E-06   -4.807969897828E-06   -4.614410916940E-06   -4.256812534386E-06    3.713771122291E-06   -2.862187839093E-06
    1.359651988403E-05   -1.461189007276E-06    6.461331631866E-06    8.451187486937E-02   -1.254992284370E-05   -8.406908509240E-06   -7.451406406036E-06   -6.689515579756E-06    5.753170640976E-06   -4.352981975403E-06
   -1.306572515195E-05    1.561485803297E-06   -4.978182752282E-06   -1.254992284370E-05    1.653535118701E-01    1.807280243886E-05    1.079129694627E-05    8.838770638885E-06   -7.331393474427E-06    5.355601714421E-06
   -9.231945189258E-06    1.610427222873E-06   -4.807969897828E-06   -8.406908509240E-06    1.807280243886E-05    2.727647029035E-01    2.189392358832E-05    1.167391999495E-05   -8.666723045088E-06    5.899739674350E-06
   -3.165384420732E-06    1.577507779436E-06   -4.614410916940E-06   -7.451406406036E-06    1.079129694627E-05    2.189392358832E-05    4.065146334242E-01    2.357420169409E-05   -1.087139173484E-05    6.233118552505E-06
    4.189402301431E-06    1.467827520117E-06   -4.256812534386E-06   -6.689515579756E-06    8.838770638885E-06    1.167391999495E-05    2.357420169409E-05    5.663886847908E-01   -2.290100218644E-05    7.383875728647E-06
   -1.261896625236E-05   -1.287506564027E-06    3.713771122291E-06    5.753170640976E-06   -7.331393474427E-06   -8.666723045088E-06   -1.087139173484E-05   -2.290100218644E-05    7.522003347840E-01   -1.810820536334E-05
    2.443506945236E-05    1.000382841574E-06   -2.862187839093E-06   -4.352981975403E-06    5.355601714421E-06    5.899739674350E-06    6.233118552505E-06    7.383875728647E-06   -1.810820536334E-05    9.637905171408E-01
   50.000000000000000     
   -9.999575957026E-01   -3.775103051547E-06    1.011733377564E-05    1.337214468461E-05   -1.288661630444E-05   -9.151439310265E-06   -3.200716239040E-06    4.046544860319E-06   -1.238522231147E-05    2.410865900770E-05
   -3.775103051547E-06    3.352037924121E-03   -1.529660042242E-06   -1.426972769969E-06    1.525505889680E-06    1.574800423362E-06    1.544439647624E-06    1.438903794323E-06   -1.263760374757E-06    9.830294312786E-07
    1.011733377564E-05   -1.529660042242E-06    3.014767982893E-02    6.321400610156E-06   -4.867489274431E-06   -4.704200833670E-06   -4.519743075058E-06   -4.174659759330E-06    3.646718447197E-06   -2.813657330795E-06
    1.337214468461E-05   -1.426972769969E-06    6.321400610156E-06    8.363919068969E-02   -1.229730706169E-05   -8.235246355798E-06   -7.305047527624E-06   -6.565524752904E-06    5.653421645829E-06   -4.282277659999E-06
   -1.288661630444E-05    1.525505889680E-06   -4.867489274431E-06   -1.229730706169E-05    1.636500766703E-01    1.774278624026E-05    1.059378399218E-05    8.684350918773E-06   -7.211296625833E-06    5.273576453897E-06
   -9.151439310265E-06    1.574800423362E-06   -4.704200833670E-06   -8.235246355798E-06    1.774278624026E-05    2.699622170948E-01    2.153765018261E-05    1.148595182265E-05   -8.534504000096E-06    5.815494195088E-06
   -3.200716239040E-06    1.544439647624E-06   -4.519743075058E-06   -7.305047527624E-06    1.059378399218E-05    2.153765018261E-05    4.023493589340E-01    2.323648755181E-05   -1.071950888392E-05    6.150860896620E-06
    4.046544860319E-06    1.438903794323E-06   -4.174659759330E-06   -6.565524752904E-06    8.684350918773E-06    1.148595182265E-05    2.323648755181E-05    5.606006202455E-01   -2.261417469846E-05    7.294781982485E-06
   -1.238522231147E-05   -1.263760374757E-06    3.646718447197E-06    5.653421645829E-06   -7.211296625833E-06   -8.534504000096E-06   -1.071950888392E-05   -2.261417469846E-05    7.445322891042E-01   -1.790986732402E-05
    2.410865900770E-05    9.830294312786E-07   -2.813657330795E-06   -4.282277659999E-06    5.273576453897E-06    5.815494195088E-06    6.150860896620E-06    7.294781982485E-06   -1.790986732402E-05    9.539873303311E-01
