   9.9999999999999995E-007
    0.000000000000E+00   -8.902605029397E-25    7.233366586498E-25    9.397194197848E-25   -9.945879056446E-25   -5.475102093171E-25    6.213276426872E-25   -8.130440307597E-25    5.911886152432E-26   -1.387597388864E-25
    2.158881719654E-23    0.000000000000E+00    9.570300406768E-24    6.398747364993E-25    1.454092154826E-24    2.828431806262E-25   -5.214382945879E-25   -5.865518417906E-25    1.130489527562E-25   -9.041708233141E-26
   -8.902605029533E-25   -9.421923656272E-24    0.000000000000E+00   -9.792865532499E-25    3.301382698458E-24    3.179501796267E-25    1.425807836763E-25   -1.236472920772E-25   -5.044809516746E-25    1.156182471370E-25
   -1.718697359870E-24   -4.729508921953E-25    2.136625207094E-24    0.000000000000E+00   -1.357647267006E-23   -2.309113179539E-24    3.956713346466E-25   -7.483752352963E-25    5.301096631231E-25   -5.564128143461E-26
    9.250363038511E-25   -1.023799578398E-24   -3.681598121595E-24    1.548417374782E-23    0.000000000000E+00    7.863967776101E-24   -5.731051987775E-25    1.740054619412E-24   -9.366282374836E-25   -5.204599863428E-25
    7.656240325411E-25    4.636773452896E-26   -3.921385548731E-25    2.886391474424E-24   -5.687775435543E-24    0.000000000000E+00   -7.081617637132E-25   -3.338476886083E-25   -3.024602990810E-25    7.213494700282E-25
   -5.100450798179E-25    4.960022802177E-25   -1.669238443041E-25   -5.522912379443E-25    8.902605029551E-25    9.509600827021E-25    0.000000000000E+00    1.061464445830E-24   -1.657315311304E-24   -8.704769362226E-25
    7.948754490668E-25    6.004621621493E-25    1.038637253447E-25    6.259644161401E-25   -1.625399857668E-24    8.717134091436E-25   -1.592196668747E-24    0.000000000000E+00   -3.857795512798E-25   -6.050989356021E-25
   -1.095437728245E-25   -6.005725615173E-26    3.505400730385E-25   -5.179697471738E-25    1.029363706542E-24    1.426699523966E-25    1.657315311304E-24    7.418837524623E-25    0.000000000000E+00    5.184458223091E-24
    1.099087040679E-26    1.251928832280E-25   -7.804231681750E-26    2.009268496247E-26    5.889415634932E-25   -6.339131706307E-25    7.567214275117E-25    7.407245590993E-25   -4.948801031132E-24    0.000000000000E+00
   5.0766293780460086E-003
    0.000000000000E+00    1.658518597647E-18   -1.384097921794E-20   -1.123593831749E-20    4.131112844289E-21   -1.130333260947E-22   -9.415180440667E-22    2.351966973422E-21   -7.414792790497E-22   -5.160975778044E-22
   -1.640440910465E-18    0.000000000000E+00    3.969915213275E-19    5.225635015909E-21    7.532463018386E-22   -6.308451314973E-21    2.905400998999E-22   -2.400974687691E-21   -3.586744890072E-23   -5.508145791097E-22
    2.047882641534E-20   -4.233550709389E-19    0.000000000000E+00   -2.409063776618E-19    2.400919839199E-21   -1.162146582447E-20   -2.295028070593E-21   -1.330714220802E-21    4.236946030038E-22   -1.643439783980E-21
    1.041991837852E-20   -4.943086430271E-21    2.492674721089E-19    0.000000000000E+00    1.804695320431E-19    4.978457517990E-21    5.523794595457E-21    1.285232804254E-21   -4.930310913244E-22    8.866328119971E-22
   -1.941964872411E-21   -1.205206032911E-21   -5.555200811974E-21   -1.840204703010E-19    0.000000000000E+00   -1.161357900413E-19    7.146369673599E-21    3.971643986446E-21   -1.871340796281E-21    5.301671167089E-21
   -1.898171270032E-21    5.861183548914E-21    1.097583253895E-20   -4.237004146101E-21    1.146294032447E-19    0.000000000000E+00   -1.033401783421E-19    3.742672256649E-21   -4.809167531743E-21    2.411031999290E-21
    2.416639389038E-21   -5.488052573815E-22    2.189109111138E-21   -6.193369684881E-21   -8.728224997988E-21    1.052916528915E-19    0.000000000000E+00   -7.788122795849E-20   -2.219353215882E-21   -2.761894144265E-21
   -2.893856057397E-21    2.295045808829E-21    1.481383646743E-21   -7.767853888098E-22   -3.252614765143E-21   -6.143659781221E-21    7.457852057017E-20    0.000000000000E+00    6.177247225214E-20    1.369959184389E-20
    3.529616701205E-23   -8.968249275203E-23   -6.873272610002E-22    1.848789698487E-22    1.953715323954E-21    4.867089446840E-21    7.262942342680E-22   -6.410744840369E-20    0.000000000000E+00    7.816574946890E-20
    8.578496670029E-22    3.107205412888E-22    1.672783259629E-21   -9.886430842955E-22   -5.458121868702E-21   -3.238271452391E-21    2.736790664399E-21   -1.429983394037E-20   -8.261876832498E-20    0.000000000000E+00
   2.0303517512184035E-002
    0.000000000000E+00    2.812736454125E-14   -2.428705327236E-20   -1.355194549443E-20    2.838620056613E-22    1.797220248072E-22   -7.530070950332E-21    1.097210921106E-20   -6.565016294862E-21   -2.008087943957E-21
   -2.812718142942E-14    0.000000000000E+00    6.629575166864E-15    1.949266897977E-20    3.611356653519E-21    7.436505550542E-21   -1.226271910845E-20    5.365259177184E-21   -2.147170880097E-22    5.026168847609E-21
   -2.768228715218E-20   -6.629599267184E-15    0.000000000000E+00   -3.977887872280E-15   -1.885185775587E-21    5.811185112616E-21    1.637827316327E-20   -1.495897425877E-20    9.408188416283E-22   -1.050247815627E-20
    2.484748995602E-20   -3.501601858971E-20    3.977871611857E-15    0.000000000000E+00    2.841310420765E-15    2.089298417035E-20   -1.840988423041E-21    1.807989962672E-21   -1.068301502651E-21   -2.195978669787E-21
   -8.049658332024E-21   -1.867525770027E-20    1.111315241607E-20   -2.841307831292E-15    0.000000000000E+00   -2.209825263269E-15   -6.889927710551E-21   -1.985092643307E-20    6.353997621469E-21    3.057968818607E-21
   -9.031115421847E-22   -3.952534623279E-21    1.721024819145E-21   -2.188466442519E-20    2.209855385464E-15    0.000000000000E+00   -1.808033514624E-15    3.209433604411E-20   -1.540569378897E-20   -1.613578525702E-20
    3.072922627531E-21    1.290878180269E-20   -1.461322985444E-20    2.677335552162E-21   -2.823495865063E-21    1.808040495767E-15    0.000000000000E+00   -1.529922824288E-15   -1.298733040160E-20    2.308314890657E-21
   -1.028095973272E-20   -3.576635366460E-21    1.034001890403E-20   -1.582674404308E-21    1.943953497807E-20   -2.748148763555E-20    1.529877291939E-15    0.000000000000E+00    1.325943346847E-15   -5.787587718417E-21
    7.201096257370E-21    7.883806501638E-22   -1.091471232107E-21    2.875035460186E-21   -7.483457491654E-21    1.401606719091E-20    1.791203527424E-20   -1.325956000549E-15    0.000000000000E+00    1.169716153378E-15
    1.394159659859E-21   -4.319551215526E-21    9.798064155269E-21    3.639621236188E-21   -1.180387710690E-21    1.718456195567E-20    2.410963890972E-21    3.811081478001E-21   -1.169716950528E-15    0.000000000000E+00
   4.5681664402414078E-002
    0.000000000000E+00    8.188769460787E-12   -1.270167466266E-20   -4.008196892334E-20   -1.681983117776E-20    1.320161373702E-20    9.725573248169E-21    2.747457437038E-20   -3.807123328180E-21    1.265631801581E-20
   -8.188768804636E-12    0.000000000000E+00    1.930111733294E-12    2.406532830671E-20    1.285322632679E-20   -1.664286461839E-21   -8.717598867213E-21   -1.035325880729E-20    1.806156290913E-20   -1.358576637195E-20
    1.117877997474E-19   -1.930111726473E-12    0.000000000000E+00   -1.158067096614E-12   -5.583705286909E-20    1.002165860814E-21   -2.063999454359E-20    2.888956179430E-20   -4.731242275597E-21    1.662376383044E-20
    1.411297184741E-20    5.138907807089E-21    1.158067159653E-12    0.000000000000E+00    8.271912331691E-13    4.440460830186E-20    4.128193772162E-21   -1.664398347063E-20    3.128585866536E-21    1.191786145193E-20
    2.540062792619E-20   -2.234062679918E-20    4.652563617772E-20   -8.271912025806E-13    0.000000000000E+00   -6.433704411248E-13    2.185573403840E-20    3.505425361851E-20   -1.714103181432E-20    2.171637051132E-20
   -8.734455985780E-21    3.781534616637E-21   -5.048842498684E-22   -6.156710893177E-20    6.433704084866E-13    0.000000000000E+00   -5.263935644641E-13   -3.917498722860E-20    9.139638286163E-20   -6.309277685168E-20
   -1.282413759877E-20    9.006015288282E-21    2.620491462272E-20   -1.393221722198E-20    9.648628222402E-21    5.263935515056E-13    0.000000000000E+00   -4.454101789012E-13   -3.797906208407E-21    1.782512088040E-20
   -2.591586089164E-20    1.839846918007E-20   -2.730961852702E-20    7.585445181920E-22   -4.677067201491E-20    2.348582159197E-20    4.454102375668E-13    0.000000000000E+00    3.860223804352E-13   -5.028316957544E-20
    6.586068227167E-21   -1.692957625896E-20    8.718937966150E-21   -6.652747649268E-21    1.629422326570E-20   -8.436131147658E-20    2.176989334690E-20   -3.860223506803E-13    0.000000000000E+00    3.406078280484E-13
   -1.165018445445E-20    1.199279566741E-20   -1.728057516276E-20   -7.965685054825E-21   -1.828143508380E-20    6.890788742052E-20   -2.303746612690E-20    5.569285654020E-20   -3.406078549691E-13    0.000000000000E+00
   8.1211070048736136E-002
    0.000000000000E+00    4.564491293801E-10   -1.037447818348E-19   -8.077573930208E-20    2.053769839836E-20   -3.743389024169E-21    5.648489651220E-20   -2.000338356657E-20   -1.640036265068E-21   -2.587634532743E-20
   -4.564491308717E-10    0.000000000000E+00    1.075860921778E-10   -1.800296622147E-19   -1.403347565020E-19    1.659719201705E-20   -3.600271703835E-20   -1.498488614281E-20   -2.116149064002E-20   -4.134488854576E-21
    2.207604928497E-19   -1.075860923662E-10    0.000000000000E+00   -6.455165571301E-11    1.726954444448E-18   -7.464520782722E-20   -6.665784044612E-20   -5.362993696320E-20    1.336950884591E-20    4.183087191037E-20
    2.272903193439E-19    3.178897834117E-19    6.455165574216E-11    0.000000000000E+00    4.610832552568E-11    6.166521218615E-20   -3.144986582595E-20    3.541438220332E-20    1.669850733803E-20   -1.318900745616E-22
    6.872072435197E-20    1.512407689601E-19   -1.798691466748E-18   -4.610832529899E-11    0.000000000000E+00   -3.586203044978E-11   -5.445639418915E-20   -2.879979249845E-20   -1.871508393281E-20   -5.782373023632E-21
    1.774448127755E-21   -4.933856715747E-20    9.434743859569E-20   -6.277194871919E-20    3.586203033949E-11    0.000000000000E+00   -2.934166144275E-11   -1.378009308559E-20    9.464840146213E-20    4.201168399467E-20
   -6.056394351216E-20    3.490565475556E-20    6.253338084870E-20    3.140739273706E-20    3.684727225359E-20    2.934166127038E-11    0.000000000000E+00   -2.482755961448E-11    3.840919797279E-20    4.779159705805E-21
    2.571716259751E-20    9.120533780222E-21    4.486066890558E-20   -4.874909890929E-20    5.175676137362E-20   -1.440627955963E-20    2.482755956822E-11    0.000000000000E+00    2.151721851486E-11   -5.869420079752E-21
    1.690852661360E-20    2.603006735515E-20   -1.340238301671E-20   -1.252804330120E-20    1.325022437191E-20   -7.801106209895E-20   -5.719009201275E-20   -2.151721843550E-11    0.000000000000E+00    1.898578079831E-11
    3.760222222453E-20   -1.750699898179E-21   -4.019247844765E-20    2.911149218905E-21    1.305461623281E-20   -5.603551067342E-20   -5.559036872593E-21   -9.444224471415E-21   -1.898578083859E-11    0.000000000000E+00
  0.12689173445115023     
    0.000000000000E+00    1.023150656549E-08   -5.494032038625E-17    2.018013971216E-19   -1.572495848559E-20   -3.406023246741E-20   -5.060306359845E-20    3.639778276291E-20   -2.491826552351E-20    4.087171558165E-21
   -1.023150656451E-08    0.000000000000E+00    2.411589225792E-09    1.950561105663E-17   -2.249492689062E-19    1.416202832969E-19    3.342808252134E-21   -5.799690809210E-21    1.702044023637E-20   -7.024022414316E-21
    5.489846182268E-17   -2.411589225435E-09    0.000000000000E+00   -1.446953533415E-09    1.308583656544E-17    3.520411697380E-19   -1.279640530072E-19   -1.290524172085E-20   -2.586224249455E-20    7.667369417826E-21
   -1.588416123544E-19   -1.942060606064E-17    1.446953533474E-09    0.000000000000E+00    1.033538238364E-09    8.922363204921E-18    2.570574004732E-19    4.329278816973E-20   -4.720841482745E-20    5.665926651704E-22
   -1.940086859867E-21    2.046418663109E-19   -1.308824603264E-17   -1.033538238159E-09    0.000000000000E+00   -8.038630761337E-10   -7.058220334840E-18    1.418611895427E-19   -3.091775708975E-20    4.796276403947E-20
    3.415023431288E-20   -1.264160332597E-19   -3.608897855739E-19   -8.895760005456E-18    8.038630759658E-10    0.000000000000E+00   -6.577061515120E-10   -6.366771349860E-18    1.183902035558E-20    1.948051186752E-20
    3.248511227916E-20    3.448573629808E-20    9.628315955477E-20   -2.745405594800E-19    7.065807099954E-18    6.577061516291E-10    0.000000000000E+00   -5.565205902815E-10    5.558976721211E-18    4.662378682253E-21
   -4.885374120840E-20    6.089208730516E-21    1.517172653927E-20   -5.067263123439E-20   -1.512072092769E-19    6.355358615903E-18    5.565205901479E-10    0.000000000000E+00    4.823178445513E-10   -4.807305992395E-18
    2.099577501125E-20   -4.891978952907E-21    2.987434528897E-20    3.852803763037E-20    4.467420347469E-20    1.815532475844E-20   -5.544199583648E-18   -4.823178445803E-10    0.000000000000E+00    4.255745688603E-10
   -1.606626035148E-20    1.006682451669E-20   -2.503431500860E-21   -9.339232546459E-21   -4.586613517948E-20   -1.999682626779E-20   -1.283601655815E-20    4.774826538052E-18   -4.255745687877E-10    0.000000000000E+00
  0.18272365760965631     
    0.000000000000E+00    1.280254162212E-07   -6.109097345974E-15    2.655058306934E-19    1.859864773578E-20   -8.223802269459E-20    2.628908993287E-20    5.543240473529E-20   -2.285802333157E-20   -4.192632976330E-20
   -1.280254162188E-07    0.000000000000E+00    3.017587999359E-08    2.148426414096E-15   -1.693483754824E-20    1.268356607503E-19   -6.508941478109E-20    1.192920524474E-20    1.760281948297E-20    1.474665840625E-20
    6.109539468112E-15   -3.017587999465E-08    0.000000000000E+00   -1.810552799977E-08    1.430007231810E-15    5.475137784885E-19   -8.674996634756E-20   -2.376535818454E-20   -4.904244523094E-20    3.957278422276E-20
   -2.721918598582E-19   -2.148407183177E-15    1.810552799953E-08    0.000000000000E+00    1.293251999503E-08    1.073085538795E-15   -9.509071418090E-20    3.309567132298E-20   -2.902271808013E-19   -1.856346082561E-20
    4.035494257398E-20    9.162328043721E-20   -1.430103362107E-15   -1.293251999535E-08    0.000000000000E+00   -1.005862666353E-08   -8.582736479419E-16    2.840059895793E-20   -6.458015953486E-20    3.415408512782E-20
    8.617477175338E-20   -3.797135692601E-20   -5.783219273609E-19   -1.073223802631E-15    1.005862666389E-08    0.000000000000E+00   -8.229785451090E-09   -7.152474335452E-16    4.023049975883E-19   -2.858407300687E-20
   -9.137709448627E-21    5.920009505558E-20    5.351860888006E-20    1.214801993777E-19    8.582568466740E-16    8.229785451255E-09    0.000000000000E+00   -6.963664613521E-09    6.128070174392E-16    1.019475158012E-19
   -7.465205512013E-20   -2.586253148090E-20   -4.296627531108E-20   -3.218347177355E-20    5.943480610176E-20    7.152588348026E-16    6.963664613533E-09    0.000000000000E+00    6.035176000697E-09   -5.360990959497E-16
    2.820117602821E-20   -3.353446413931E-20    5.119195014068E-20    2.795375759187E-19    5.114786354655E-20   -4.116660835046E-19   -6.127827040909E-16   -6.035176000583E-09    0.000000000000E+00    5.325155292994E-09
    3.643094540203E-20   -4.223538827659E-21   -3.481939169702E-20   -1.009742928954E-20   -2.971730217704E-20    1.456666561588E-22   -1.113105955184E-19    5.360822117684E-16   -5.325155292962E-09    0.000000000000E+00
  0.24870683952425446     
    0.000000000000E+00    1.062482743669E-06   -3.184610034479E-13    2.092239688717E-19   -3.744607311504E-20   -4.294057166609E-20    9.178170462338E-20   -6.505815640133E-21   -2.073961023929E-20   -4.211968376147E-20
   -1.062482743665E-06    0.000000000000E+00    2.504295843150E-07    1.114018222097E-13   -6.971315343750E-20   -1.544148556802E-19    1.157465236440E-19   -4.553035389206E-20    1.434017177672E-21   -3.134065888916E-20
    3.184598132410E-13   -2.504295843148E-07    0.000000000000E+00   -1.502577505909E-07    7.415410452190E-14    1.295406896140E-19    6.441020075936E-20   -2.875702867609E-20    2.938083214540E-20   -8.890597139159E-20
   -1.977198331849E-19   -1.114020506322E-13    1.502577505903E-07    0.000000000000E+00    1.073269647049E-07    5.558687623185E-14   -4.399593486834E-19    1.112303506010E-19    1.237959024911E-20   -2.645780029872E-20
   -1.599837523224E-20   -5.437803102026E-20   -7.415402293767E-14   -1.073269647051E-07    0.000000000000E+00   -8.347652810675E-08   -4.446022504603E-14   -8.556379937584E-20   -9.003600184607E-20    1.295919958777E-20
    1.377818115627E-20    7.439613667461E-20   -1.588767789455E-19   -5.558689405863E-14    8.347652810673E-08    0.000000000000E+00   -6.829897754207E-08   -3.704467604404E-14   -8.751964765719E-20    6.593451628263E-20
   -1.681078305497E-19   -1.142715108225E-19   -6.873916433323E-20    4.000402761183E-19    4.446020932188E-14    6.829897754205E-08    0.000000000000E+00   -5.779144253457E-08    3.175030134416E-14    1.135238581881E-19
   -1.340667951687E-20    3.244485776702E-20    5.539171008398E-20   -7.361221082086E-20    4.315135441917E-20    3.704475006973E-14    5.779144253465E-08    0.000000000000E+00    5.008591686365E-08   -2.778021399459E-14
    1.853703297421E-20   -3.808594956109E-20    5.587936449588E-21   -4.677552118141E-21    8.603864494170E-20    6.445753764417E-20   -3.175030596891E-14   -5.008591686369E-08    0.000000000000E+00    4.419345605576E-08
    4.286679504402E-20    1.296001154908E-20    6.210641310553E-20    4.185368786587E-20   -1.000730525839E-20   -8.542193453115E-20   -1.527333607476E-19    2.778012712388E-14   -4.419345605608E-08    0.000000000000E+00
  0.32484128019494457     
    0.000000000000E+00    6.466420946676E-06   -9.440783838942E-12   -1.578327285218E-17    1.054128212213E-19   -7.750889923447E-20   -1.828364717080E-19    1.988345171362E-19   -7.518049569983E-20   -5.119426091185E-20
   -6.466420946671E-06    0.000000000000E+00    1.524150033835E-06    3.279449323379E-12   -6.494180626889E-18   -3.753953541017E-19   -1.244547685591E-19    8.495246246656E-20    3.174793591361E-20   -9.668822652140E-20
    9.440782773319E-12   -1.524150033835E-06    0.000000000000E+00   -9.144900202851E-07    2.180740851356E-12    5.776955161026E-18   -2.321778177189E-19    3.254064453169E-20   -3.726587338266E-20    4.057474216618E-20
    1.619960872709E-17   -3.279449202455E-12    9.144900202845E-07    0.000000000000E+00    6.532071573439E-07    1.634162789039E-12    3.828130944826E-18   -3.753800294659E-19   -4.564171775331E-20    1.148129645208E-20
   -1.212730682045E-19    6.633320408977E-18   -2.180740877168E-12   -6.532071573441E-07    0.000000000000E+00   -5.080500112727E-07   -1.306826596183E-12   -2.936208432667E-18    1.679022260781E-19   -7.416777973305E-20
    3.280135563120E-20    4.096018054685E-19   -5.906138817615E-18   -1.634162621493E-12    5.080500112720E-07    0.000000000000E+00   -4.156772819467E-07   -1.088796021117E-12    2.546289815317E-18   -1.763330620725E-19
    1.858385125233E-19    1.121758955616E-19    2.621624202993E-19   -3.811303543271E-18    1.306826572283E-12    4.156772819466E-07    0.000000000000E+00   -3.517269308791E-07    9.331367819055E-13   -2.164465925791E-18
   -2.240374387215E-19   -7.523880737641E-20    1.957123786861E-22    4.275804712997E-19    2.954502799105E-18    1.088795906400E-12    3.517269308790E-07    0.000000000000E+00    3.048300067614E-07   -8.164283782494E-13
    6.987351259249E-20   -2.681401586782E-20    2.220371913855E-20   -1.187669792442E-20   -1.541436206113E-19   -2.556180206848E-18   -9.331368311357E-13   -3.048300067614E-07    0.000000000000E+00    2.689676530247E-07
    5.833483773869E-20    9.338055059128E-20   -8.179084991655E-21   -3.315193102644E-20    6.593016066528E-20    1.590746253659E-19    2.204476888820E-18    8.164283150747E-13   -2.689676530248E-07    0.000000000000E+00
  0.41112697962172673     
    0.000000000000E+00    3.073285709201E-05   -1.793339267118E-10   -1.188351417575E-15   -6.680269923164E-19   -2.368910394291E-19    1.466537756139E-19    1.792227070469E-19   -3.834243285233E-20   -1.079952534868E-19
   -3.073285709201E-05    0.000000000000E+00    7.243803886610E-06    6.170529263151E-11   -4.793422159999E-16    5.366949249978E-20    1.308855373621E-19   -2.228828124516E-19    7.229783270535E-20   -1.087145234217E-19
    1.793339268703E-10   -7.243803886609E-06    0.000000000000E+00   -4.346282330816E-06    4.097507153361E-11    3.397388772247E-16   -1.459238321752E-19   -2.357427961349E-19    5.202112361192E-21   -1.672590666716E-20
    1.188298917112E-15   -6.170529243867E-11    4.346282330815E-06    0.000000000000E+00    3.104487379155E-06    3.069085273176E-11    2.632456764945E-16    2.705919658290E-19    9.946482577694E-20    7.870156445216E-20
    7.493468456424E-19    4.792771130166E-16   -4.097507137052E-11   -3.104487379154E-06    0.000000000000E+00   -2.414601294905E-06   -2.453797512606E-11   -2.153136485105E-16   -1.272773838411E-19   -7.653318372430E-20
    2.671830748601E-19   -5.425729184242E-20   -3.396542136115E-16   -3.069085253956E-11    2.414601294905E-06    0.000000000000E+00   -1.975582877651E-06   -2.044171224334E-11    1.819754105559E-16    4.890557893130E-20
   -1.608238680056E-19   -1.522650926584E-19    8.055746838593E-20   -2.633138987432E-16    2.453797505701E-11    1.975582877651E-06    0.000000000000E+00   -1.671647050319E-06    1.751807341947E-11   -1.576208305428E-16
   -1.276513398923E-19    2.212519856169E-19    2.518574805958E-19   -2.345248283102E-19    2.152793891541E-16    2.044171223319E-11    1.671647050319E-06    0.000000000000E+00    1.448760776945E-06   -1.532639259333E-11
    4.446848679407E-20   -8.317078946570E-20   -1.758867405372E-20   -7.729180904808E-20    8.404673613021E-20   -1.820567494554E-16   -1.751807347996E-11   -1.448760776944E-06    0.000000000000E+00    1.278318332598E-06
    9.807623510646E-20    1.324829087189E-19    3.455107444265E-20   -8.750237379695E-20    6.863236776448E-20   -5.387567954032E-20    1.575966388640E-16    1.532639268737E-11   -1.278318332598E-06    0.000000000000E+00
  0.50756393780460096     
    0.000000000000E+00    1.188877990370E-04   -2.362212995901E-09   -5.326412705543E-14    3.474547493902E-19   -9.466194815833E-20    4.601425566797E-19   -1.006901019718E-19    4.330339200719E-20   -1.127615089972E-19
   -1.188877990370E-04    0.000000000000E+00    2.802212302016E-05    8.030193311202E-10   -2.098810137577E-14   -1.100217734576E-19    3.497906184960E-19    1.462417880705E-19    1.324489232892E-20    1.570642907991E-19
    2.362212996128E-09   -2.802212302016E-05    0.000000000000E+00   -1.681327376749E-05    5.322844025890E-10    1.479437319407E-14    3.579037213898E-19   -6.189464672216E-21   -1.682963777759E-19    1.549482216804E-19
    5.326414821405E-14   -8.030193311592E-10    1.681327376749E-05    0.000000000000E+00    1.200948126308E-05    3.984478489704E-10    1.145071869776E-14    2.363082935398E-19   -8.570568144456E-20    1.912715349059E-19
   -9.623589402333E-20    2.098804338026E-14   -5.322844032024E-10   -1.200948126308E-05    0.000000000000E+00   -9.340707649231E-06   -3.184799327418E-10   -9.346704224633E-15    2.646794404108E-19    1.722341002053E-19
    1.689670203414E-19    1.008927601669E-19   -1.479418243112E-14   -3.984478490423E-10    9.340707649232E-06    0.000000000000E+00   -7.642397167619E-06   -2.652750452980E-10    7.898140408437E-15   -2.193203711062E-19
   -5.013814933000E-19   -2.377901740059E-19   -3.321362910268E-19   -1.145069484588E-14    3.184799329776E-10    7.642397167619E-06    0.000000000000E+00   -6.466643757248E-06    2.273143751064E-10   -6.839101158158E-15
    1.852005590716E-19   -1.194400395508E-19    1.941630547650E-20   -1.936386818329E-19    9.346764104969E-15    2.652750451825E-10    6.466643757248E-06    0.000000000000E+00    5.604424589632E-06   -1.988637108831E-10
   -6.854276689910E-20   -2.986508221371E-20    2.092536848116E-19    8.674818115104E-20   -2.845098190404E-19   -7.898176401317E-15   -2.273143750777E-10   -5.604424589632E-06    0.000000000000E+00    4.945080520274E-06
    4.627573514553E-20   -1.591930847428E-19   -1.070261081819E-19   -2.277916859297E-19   -1.911571911765E-19    2.912099140229E-19    6.838940457381E-15    1.988637108930E-10   -4.945080520274E-06    0.000000000000E+00
  0.61415215474356710     
    0.000000000000E+00    3.852869310533E-04   -2.279078646768E-08   -1.525040645787E-12    1.015520932501E-16   -4.184357466711E-19   -2.473113069700E-19   -1.326180888997E-19    1.403629908782E-19   -1.412602429668E-19
   -3.852869310533E-04    0.000000000000E+00    9.081300160464E-05    7.636370366788E-09   -5.851549789402E-13   -4.240210144197E-17    4.820998102461E-20    1.106091522557E-19   -6.749712319245E-20   -1.050202465247E-19
    2.279078646851E-08   -9.081300160464E-05    0.000000000000E+00   -5.448779990983E-05    5.050781204726E-09    4.103909889810E-13    3.155585784637E-17    6.574286880287E-20   -4.810267776773E-20   -3.724322530429E-20
    1.525040810043E-12   -7.636370366800E-09    5.448779990983E-05    0.000000000000E+00    3.891985710099E-05    3.778052823471E-09    3.170321431124E-13    2.464314355791E-17   -2.193263173325E-21   -1.595565055705E-19
   -1.017170688478E-16    5.851550596273E-13   -5.050781204603E-09   -3.891985710099E-05    0.000000000000E+00   -3.027099997388E-05   -3.018793864722E-09   -2.585364224396E-13    2.013925607976E-17   -1.261434458285E-19
    3.087196773574E-19    4.248598456702E-17   -4.103910205526E-13   -3.778052823386E-09    3.027099997388E-05    0.000000000000E+00   -2.476718179936E-05   -2.514024456916E-09    2.183571058161E-13   -1.749603161000E-17
    3.587448607374E-19   -1.575767053043E-19   -3.149629315002E-17   -3.170321076949E-13    3.018793864599E-09    2.476718179936E-05    0.000000000000E+00   -2.095684613913E-05    2.154036167426E-09   -1.890263325676E-13
    1.606404029168E-19   -2.174087239110E-19   -3.933785130200E-20   -2.468708382422E-17    2.585364415352E-13    2.514024457070E-09    2.095684613913E-05    0.000000000000E+00    1.816259998790E-05   -1.884304963162E-09
   -6.315186837428E-20    5.717021710608E-20    8.983171061981E-20   -6.737387918343E-20   -2.022030863000E-17   -2.183570154483E-13   -2.154036167332E-09   -1.816259998790E-05    0.000000000000E+00    1.602582351911E-05
    1.648122528871E-19    7.098604583825E-20    4.067508246000E-20    1.757605519950E-19    1.416836083891E-19    1.754410441193E-17    1.890263736574E-13    1.884304963114E-09   -1.602582351911E-05    0.000000000000E+00
  0.73089163043862526     
    0.000000000000E+00    1.068568032283E-03   -1.676021548079E-07   -2.961175965847E-11    5.315358032509E-15   -4.493371200528E-19   -5.056044895979E-19   -4.540476123387E-19   -5.444543697791E-20   -1.600954737896E-19
   -1.068568032283E-03    0.000000000000E+00    2.518639123945E-04    5.524835938561E-08   -1.103001883562E-11   -2.105422956722E-15    1.048961046412E-19    3.592020578104E-19   -1.859259896620E-20    3.548227421416E-20
    1.676021548078E-07   -2.518639123945E-04    0.000000000000E+00   -1.511183316453E-04    3.645052823694E-08    7.691213829822E-12    1.523417838720E-15    3.198663773858E-19    4.465679315820E-20   -1.515040892201E-19
    2.961175920345E-11   -5.524835938588E-08    1.511183316453E-04    0.000000000000E+00    1.079416660169E-04    2.724246885363E-08    5.928651068069E-12    1.201863869179E-15    2.894079058506E-21   -2.518277550852E-19
   -5.315601008943E-15    1.103001909662E-11   -3.645052823706E-08   -1.079416660169E-04    0.000000000000E+00   -8.395462928335E-05   -2.175927423624E-08   -4.829635682515E-12    9.936485039276E-16   -5.565562006632E-20
    2.054821749794E-19    2.105375251986E-15   -7.691214000767E-12   -2.724246885350E-08    8.395462928335E-05    0.000000000000E+00   -6.869015129477E-05   -1.811715763396E-08    4.076609187421E-12   -8.482091852957E-16
    4.416006400094E-19   -8.567976143105E-20   -1.523433114421E-15   -5.928650936343E-12    2.175927423645E-08    6.869015129477E-05    0.000000000000E+00   -5.812243574088E-05    1.552098436855E-08   -3.527699534671E-12
    3.985371681401E-19   -3.191704185272E-19   -3.195541016433E-19   -1.201906144529E-15    4.829635528237E-12    1.811715763420E-08    5.812243574088E-05    0.000000000000E+00    5.037277765814E-05   -1.357632744458E-08
   -2.591464450321E-20    4.436199702764E-20   -4.993327603439E-21    8.356079386617E-20   -9.935233592684E-16   -4.076609122327E-12   -1.552098436839E-08   -5.037277765814E-05    0.000000000000E+00    4.444656853127E-05
    9.891956802123E-20   -2.063053441411E-20    1.476018170580E-19    2.916361161566E-19    5.462049567551E-20    8.482238205045E-16    3.527699596791E-12    1.357632744468E-08   -4.444656853127E-05    0.000000000000E+00
  0.85778236488977566     
    0.000000000000E+00    2.579608298251E-03   -9.687224892073E-07   -4.076559816710E-10    1.735529233437E-13    7.010590210459E-17   -1.318937805307E-18   -6.247530272673E-19    5.897190810347E-20   -1.927157569881E-19
   -2.579608298251E-03    0.000000000000E+00    6.080195691641E-04    3.138004267027E-07   -1.471614687685E-10   -6.600023061581E-14   -2.684358161216E-17    6.449906594002E-19   -4.627400318510E-19    3.036226422095E-19
    9.687224892084E-07   -6.080195691640E-04    0.000000000000E+00   -3.648115889564E-04    2.064674254401E-07    1.019710314677E-10    4.727254407629E-14    1.979795812738E-17   -4.921769815254E-20   -4.357132385815E-19
    4.076559818044E-10   -3.138004267023E-07    3.648115889564E-04    0.000000000000E+00    2.605797156992E-04    1.541673659992E-07    7.841524863283E-11    3.712530070074E-14   -1.678732449571E-17   -4.381839187924E-19
   -1.735530541918E-13    1.471614688667E-10   -2.064674254408E-07   -2.605797156992E-04    0.000000000000E+00   -2.026731148736E-04   -1.230854550839E-07   -6.380457422407E-11    3.064930860360E-14   -1.343418625017E-17
   -7.001205785941E-17    6.600025476714E-14   -1.019710315248E-10   -1.541673659992E-07    2.026731148736E-04    0.000000000000E+00   -1.658234586777E-04   -1.024597340655E-07    5.382077889929E-11   -2.612615703136E-14
    1.370999584193E-18    2.681865395851E-17   -4.727255134840E-14   -7.841524884096E-11    1.230854550838E-07    1.658234586777E-04    0.000000000000E+00   -1.403121578437E-04    8.776529739076E-08   -4.655481321638E-11
    6.806934202580E-19   -5.350614462529E-19   -1.980763559713E-17   -3.712533460080E-14    6.380457402448E-11    1.024597340658E-07    1.403121578437E-04    0.000000000000E+00    1.216038704000E-04   -7.676217528876E-08
   -5.714553554262E-20    5.220406797216E-19    1.586476207235E-19    1.667948412803E-17   -3.064933772884E-14   -5.382077889124E-11   -8.776529739077E-08   -1.216038704000E-04    0.000000000000E+00    1.072975328630E-04
    1.811039134647E-19   -2.591294101474E-19    3.723099082804E-19    4.838350177423E-19    1.343859849594E-17    2.612623801586E-14    4.655481329757E-11    7.676217528854E-08   -1.072975328630E-04    0.000000000000E+00
  0.99482435809701786     
    0.000000000000E+00    5.499721117859E-03   -4.512957404840E-06   -4.124961535033E-09    3.792670183356E-12    3.457776560567E-15    4.099548602599E-19   -1.109938376500E-18    5.118225056518E-19   -3.291956966936E-19
   -5.499721117859E-03    0.000000000000E+00    1.296296582170E-03    1.436094321085E-06   -1.442796468678E-09   -1.384773695107E-12   -1.290872692702E-15    3.784033777963E-19   -6.728832438761E-19    3.243272381960E-19
    4.512957404839E-06   -1.296296582170E-03    0.000000000000E+00   -7.777770374636E-04    9.422078069099E-07    9.932068880565E-10    9.820714209003E-13    9.350578801940E-16    3.554259867282E-20   -3.881786894885E-19
    4.124961535705E-09   -1.436094321086E-06    7.777770374636E-04    0.000000000000E+00    5.555551369455E-04    7.028588979964E-07    7.618609567945E-10    7.681305231539E-13   -7.424115917626E-16    2.149143815057E-19
   -3.792670370299E-12    1.442796468840E-09   -9.422078069099E-07   -5.555551369455E-04    0.000000000000E+00   -4.320984714050E-04   -5.609064006401E-07   -6.191466195689E-10    6.327805912165E-13   -6.183233418527E-16
   -3.457853034068E-15    1.384773593602E-12   -9.932068883070E-10   -7.028588979964E-07    4.320984714050E-04    0.000000000000E+00   -3.535351254607E-04   -4.668024466510E-07    5.219030172251E-10   -5.387551745166E-13
   -3.246941225768E-19    1.290891572752E-15   -9.820714582565E-13   -7.618609569115E-10    5.609064006406E-07    3.535351254607E-04    0.000000000000E+00   -2.991451120998E-04    3.997977548630E-07   -4.512496459958E-10
    1.081269464399E-18   -3.144458866232E-19   -9.350026096554E-16   -7.681303742881E-13    6.191466196645E-10    4.668024466509E-07    2.991451120998E-04    0.000000000000E+00    2.592591003402E-04   -3.496426357498E-07
   -5.429184502093E-19    6.984497365726E-19   -1.066703641547E-20    7.424436618891E-16   -6.327804890663E-13   -5.219030172820E-10   -3.997977548630E-07   -2.592591003402E-04    0.000000000000E+00    2.287580315751E-04
    3.137791052459E-19   -3.035339388977E-19    3.493520493287E-19   -2.406710324063E-19    6.182885368809E-16    5.387552728598E-13    4.512496460450E-10    3.496426357499E-07   -2.287580315751E-04    0.000000000000E+00
   1.1420176100603519     
    0.000000000000E+00    1.049252013364E-02   -1.732307351891E-05   -3.164838883600E-08    5.782035004057E-11    1.045886607138E-13    1.822601669400E-16   -1.895876834797E-18    1.150435138440E-18   -4.134468660489E-19
   -1.049252013364E-02    0.000000000000E+00    2.473106263471E-03    5.417511852858E-06   -1.073704514824E-08   -2.030332381725E-11   -3.736632026727E-14   -6.480103715428E-17   -9.709997951590E-19    6.259841798722E-19
    1.732307351891E-05   -2.473106263471E-03    0.000000000000E+00   -1.483861233012E-03    3.544335974376E-06    7.343082811848E-09    1.425840036338E-11    2.670097932483E-14   -4.711493914070E-17   -6.831968040001E-19
    3.164838883651E-08   -5.417511852859E-06    1.483861233012E-03    0.000000000000E+00    1.059901839863E-03    2.641417963778E-06    5.618508772085E-09    1.110672660250E-11   -2.106894400244E-14    3.835637683486E-17
   -5.782034994123E-11    1.073704514859E-08   -3.544335974376E-06   -1.059901839863E-03    0.000000000000E+00   -8.243683724965E-04   -2.107012804026E-06   -4.560378688093E-09    9.130281492445E-12   -1.748924615462E-14
   -1.045889040132E-13    2.030332364936E-11   -7.343082811609E-09   -2.641417963778E-06    8.243683724965E-04    0.000000000000E+00   -6.744833226899E-04   -1.753097128145E-06    3.841425067932E-09   -7.763945077917E-12
   -1.823100649350E-16    3.736651737515E-14   -1.425840044506E-11   -5.618508772276E-09    2.107012804025E-06    6.744833226899E-04    0.000000000000E+00   -5.707167094230E-04    1.501241997867E-06   -3.319936950400E-09
    1.873244393244E-18    6.472955480714E-17   -2.670117865268E-14   -1.110672665375E-11    4.560378688239E-09    1.753097128146E-06    5.707167094230E-04    0.000000000000E+00    4.946211759385E-04   -1.312786918474E-06
   -1.222887980290E-18    9.929148967373E-19    4.709588547931E-17    2.106892550353E-14   -9.130281590403E-12   -3.841425067658E-09   -1.501241997867E-06   -4.946211759385E-04    0.000000000000E+00    4.364304655955E-04
    3.551928684946E-19   -5.529280304841E-19    6.464175401568E-19   -3.826382445246E-17    1.748924755446E-14    7.763945072382E-12    3.319936950191E-09    1.312786918474E-06   -4.364304655955E-04    0.000000000000E+00
   1.2993621207797783     
    0.000000000000E+00    1.813559510784E-02   -5.590232890603E-05   -1.893793915920E-07    6.378405073877E-10    2.119698585534E-12    6.951070059679E-15    1.898251221685E-17    1.447998581081E-18   -7.525951404259E-19
   -1.813559510784E-02    0.000000000000E+00    4.274564799717E-03    1.719926986199E-05   -6.244649355702E-08   -2.160233318907E-10   -7.266846345217E-13   -2.395099124100E-15    5.505708859244E-18    1.196096754825E-18
    5.590232890603E-05   -4.274564799717E-03    0.000000000000E+00   -2.564747608981E-03    1.122202054803E-05    4.243993071295E-08    1.502874092204E-10    5.130584853163E-13   -1.709115057394E-15    4.239304796434E-18
    1.893793915919E-07   -1.719926986199E-05    2.564747608981E-03    0.000000000000E+00    1.831968923957E-03    8.355466865204E-06    3.239359606410E-08    1.166051990868E-10   -4.026715026526E-13    1.353021033954E-15
   -6.378405075724E-10    6.244649355675E-08   -1.122202054803E-05   -1.831968923957E-03    0.000000000000E+00   -1.424866537816E-03   -6.662172706087E-06   -2.626133173279E-08    9.565806096177E-11   -3.332694279307E-13
   -2.119698425796E-12    2.160233318732E-10   -4.243993071267E-08   -8.355466865205E-06    1.424866537816E-03    0.000000000000E+00   -1.165800615188E-03   -5.541848472452E-06    2.210608175824E-08   -8.124438191945E-11
   -6.951118271248E-15    7.266846341007E-13   -1.502874092856E-10   -3.239359606407E-08    6.662172706087E-06    1.165800615188E-03    0.000000000000E+00   -9.864470172016E-04    4.745032401460E-06   -1.909698045972E-08
   -1.902315818688E-17    2.395040554556E-15   -5.130585166506E-13   -1.166051992638E-10    2.626133173277E-08    5.541848472452E-06    9.864470172016E-04    0.000000000000E+00    8.549209321931E-04   -4.149002565432E-06
   -1.382701429281E-18   -5.564974197271E-18    1.709057418431E-15    4.026715297466E-13   -9.565806099845E-11   -2.210608175833E-08   -4.745032401459E-06   -8.549209321931E-04    0.000000000000E+00    7.543421065583E-04
    7.797304023743E-19   -1.136721305018E-18   -4.191149888831E-18   -1.353041916250E-15    3.332694334283E-13    8.124438194649E-11    1.909698045967E-08    4.149002565432E-06   -7.543421065583E-04    0.000000000000E+00
   1.4668578902552964     
    0.000000000000E+00    2.873202556990E-02   -1.545448484373E-04   -9.073370473083E-07    5.266833690794E-09    3.006524503891E-11    1.691879180927E-13    9.351190278900E-16   -2.539265139458E-18   -1.207502555161E-18
   -2.873202556990E-02    0.000000000000E+00    6.772032075700E-03    4.684521435721E-05   -2.915726896778E-07   -1.726601119125E-09   -9.931866499818E-12   -5.604258496407E-14    3.079951154116E-16    1.302580737102E-19
    1.545448484373E-04   -6.772032075700E-03    0.000000000000E+00   -4.063360113088E-03    3.048953221465E-05    1.970097791075E-07    1.190782598481E-09    6.934907380826E-12   -3.944470573130E-14    2.184703984365E-16
    9.073370473089E-07   -4.684521435721E-05    4.063360113088E-03    0.000000000000E+00    2.902433007445E-03    2.268181069089E-05    1.500313339439E-07    9.204827885855E-10   -5.415576531847E-12    3.102784889886E-14
   -5.266833690670E-09    2.915726896783E-07   -3.048953221465E-05   -2.902433007445E-03    0.000000000000E+00   -2.257457338075E-03   -1.807804082924E-05   -1.214924189467E-07    7.536632267832E-10   -4.469948921565E-12
   -3.006524478144E-11    1.726601119059E-09   -1.970097791075E-07   -2.268181069089E-05    2.257457338075E-03    0.000000000000E+00   -1.847014291131E-03   -1.503478493777E-05    1.022034169734E-07   -6.393700314535E-10
   -1.691879454554E-13    9.931866537905E-12   -1.190782598235E-09   -1.500313339440E-07    1.807804082924E-05    1.847014291131E-03    0.000000000000E+00   -1.562860026736E-03    1.287140132015E-05   -8.825607884986E-08
   -9.352659403032E-16    5.604260615749E-14   -6.934907224114E-12   -9.204827886506E-10    1.214924189466E-07    1.503478493777E-05    1.562860026736E-03    0.000000000000E+00    1.354479645305E-03   -1.125366786290E-05
    2.552912804807E-18   -3.080243915952E-16    3.944465032367E-14    5.415576611981E-12   -7.536632268104E-10   -1.022034169734E-07   -1.287140132015E-05   -1.354479645305E-03    0.000000000000E+00    1.195129657546E-03
    1.208645206798E-18   -1.138683418344E-19   -2.185429729206E-16   -3.102788888126E-14    4.469948902228E-12    6.393700313619E-10    8.825607884983E-08    1.125366786290E-05   -1.195129657546E-03    0.000000000000E+00
   1.6445049184869069     
    0.000000000000E+00    4.218252976626E-02   -3.725489718090E-04   -3.567498662112E-06    3.360235825720E-08    3.102989882382E-10    2.819385073718E-12    2.528295939435E-14   -2.203547964777E-16   -6.425390182938E-20
   -4.218252976626E-02    0.000000000000E+00    9.941975360031E-03    1.114354733968E-04   -1.120502613409E-06   -1.070346709679E-08   -9.921419659016E-11   -9.015223000463E-13    8.070480511592E-15   -6.871123800480E-17
    3.725489718090E-04   -9.941975360031E-03    0.000000000000E+00   -5.966069943815E-03    7.237284635404E-05    7.531835225352E-07    7.324460474624E-09    6.859160670017E-11   -6.271492597706E-13    5.637197268194E-15
    3.567498662112E-06   -1.114354733968E-04    5.966069943815E-03    0.000000000000E+00    4.261616423795E-03    5.379845507496E-05    5.723945558453E-07    5.642737373150E-09   -5.331986464362E-11    4.905501870630E-13
   -3.360235825744E-08    1.120502613409E-06   -7.237284635404E-05   -4.261616423795E-03    0.000000000000E+00   -3.314630121265E-03   -4.286370765663E-05   -4.630369455450E-07    4.611909669964E-09   -4.389961957180E-11
   -3.102989882664E-10    1.070346709687E-08   -7.531835225353E-07   -5.379845507496E-05    3.314630121265E-03    0.000000000000E+00   -2.711985782198E-03   -3.564119149187E-05    3.892936026938E-07   -3.908408420592E-09
   -2.819385188600E-12    9.921419667974E-11   -7.324460474631E-09   -5.723945558453E-07    4.286370765663E-05    2.711985782198E-03    0.000000000000E+00   -2.294764663751E-03    3.050918431007E-05   -3.360451742940E-07
   -2.528272049041E-14    9.015224725470E-13   -6.859160683672E-11   -5.642737373248E-09    4.630369455449E-07    3.564119149187E-05    2.294764663751E-03    0.000000000000E+00    1.988800047683E-03   -2.667265680380E-05
    2.204013904063E-16   -8.070543870159E-15    6.271492759688E-13    5.331986470662E-11   -4.611909669876E-09   -3.892936026937E-07   -3.050918431007E-05   -1.988800047683E-03    0.000000000000E+00    1.754825914190E-03
   -7.797084864056E-20    6.872481127235E-17   -5.637196607105E-15   -4.905501782238E-13    4.389961966959E-11    3.908408420519E-09    3.360451742939E-07    2.667265680380E-05   -1.754825914190E-03    0.000000000000E+00
   1.8323032054746093     
    0.000000000000E+00    5.796817846931E-02   -7.961109893547E-04   -1.177884568619E-05    1.706139485276E-07    2.416208317881E-09    3.360875784858E-11    4.609831213094E-13   -6.247894209252E-15    8.112671919376E-17
   -5.796817846931E-02    0.000000000000E+00    1.366213305938E-02    2.353543263325E-04   -3.626300095727E-06   -5.300180594983E-08   -7.509613131445E-10   -1.042246314482E-11    1.425181984898E-13   -1.923096437483E-15
    7.961109893547E-04   -1.366213305938E-02    0.000000000000E+00   -8.201115219678E-03    1.525945871442E-04    2.426830704348E-06    3.602638589937E-08    5.147291634537E-10   -7.177472841069E-12    9.840872581706E-14
    1.177884568619E-05   -2.353543263325E-04    8.201115219678E-03    0.000000000000E+00    5.858418094744E-03    1.133569598979E-04    1.840941358899E-06    2.767130894536E-08   -3.985010235529E-10    5.586121703136E-12
   -1.706139485280E-07    3.626300095726E-06   -1.525945871442E-04   -5.858418094744E-03    0.000000000000E+00   -4.556684846341E-03   -9.028913260073E-05   -1.487864532515E-06    2.258043696340E-08   -3.273626508978E-10
   -2.416208317917E-09    5.300180594991E-08   -2.426830704348E-06   -1.133569598979E-04    4.556684846341E-03    0.000000000000E+00   -3.728251178827E-03   -7.506298113108E-05    1.250254902255E-06   -1.911804038416E-08
   -3.360875791452E-11    7.509613132137E-10   -3.602638589953E-08   -1.840941358898E-06    9.028913260073E-05    3.728251178827E-03    0.000000000000E+00   -3.154700008129E-03    6.424815508309E-05   -1.078890926988E-06
   -4.609831313765E-13    1.042246317367E-11   -5.147291634060E-10   -2.767130894537E-08    1.487864532515E-06    7.506298113108E-05    3.154700008129E-03    0.000000000000E+00    2.734087260902E-03   -5.616529982314E-05
    6.247834333968E-15   -1.425181322959E-13    7.177472878578E-12    3.985010234762E-10   -2.258043696338E-08   -1.250254902255E-06   -6.424815508309E-05   -2.734087260902E-03    0.000000000000E+00    2.412438077821E-03
   -8.107884923854E-17    1.923080499639E-15   -9.840873031157E-14   -5.586121671623E-12    3.273626508855E-10    1.911804038419E-08    1.078890926988E-06    5.616529982314E-05   -2.412438077821E-03    0.000000000000E+00
   2.0302527512184039     
    0.000000000000E+00    7.523673272502E-02   -1.531049566321E-03   -3.335596884761E-05    7.084502922056E-07    1.467543049520E-08    2.981212441205E-10    5.965581348867E-12   -1.179651043998E-13    2.306742314719E-15
   -7.523673272502E-02    0.000000000000E+00    1.773268726435E-02    4.479468213486E-04   -1.009155977189E-05   -2.153546239582E-07   -4.450788049160E-09   -9.004057549110E-11    1.793777847631E-12   -3.531785059204E-14
    1.531049566321E-03   -1.773268726435E-02    0.000000000000E+00   -1.065261671798E-02    2.901283457457E-04    6.730478363059E-06    1.455835882891E-07    3.029118820251E-09   -6.148777837044E-11    1.226921499303E-12
    3.335596884761E-05   -4.479468213486E-04    1.065261671798E-02    0.000000000000E+00    7.610422799861E-03    2.154116903462E-04    5.097605253997E-06    1.115295308327E-07   -2.336836630382E-09    4.764671919179E-11
   -7.084502922058E-07    1.009155977189E-05   -2.901283457457E-04   -7.610422799861E-03    0.000000000000E+00   -5.919623128905E-03   -1.715330319526E-04   -4.116679390575E-06    9.088485304331E-08   -1.915913687734E-09
   -1.467543049526E-08    2.153546239584E-07   -6.730478363059E-06   -2.154116903462E-04    5.919623128905E-03    0.000000000000E+00   -4.843488767886E-03   -1.425865431806E-04    3.457689558400E-06   -7.688560863432E-08
   -2.981212441246E-10    4.450788049092E-09   -1.455835882893E-07   -5.097605253997E-06    1.715330319526E-04    4.843488767886E-03    0.000000000000E+00   -4.098413174268E-03    1.220330184488E-04   -2.982924127434E-06
   -5.965581416909E-12    9.004057545466E-11   -3.029118820193E-09   -1.115295308327E-07    4.116679390575E-06    1.425865431806E-04    4.098413174268E-03    0.000000000000E+00    3.551999164457E-03   -1.066746764742E-04
    1.179651891083E-13   -1.793777818330E-12    6.148777834196E-11    2.336836630363E-09   -9.088485304340E-08   -3.457689558400E-06   -1.220330184488E-04   -3.551999164457E-03    0.000000000000E+00    3.134140937925E-03
   -2.306721151714E-15    3.531784789604E-14   -1.226921399819E-12   -4.764671919577E-11    1.915913687813E-09    7.688560863438E-08    2.982924127434E-06    1.066746764742E-04   -3.134140937925E-03    0.000000000000E+00
   2.2383535557182901     
    0.000000000000E+00    9.294469412487E-02   -2.686240322902E-03   -8.258412858496E-05    2.465934581116E-06    7.166043545718E-08    2.039414027077E-09    5.711924070860E-11   -1.579900781660E-12    4.326035763622E-14
   -9.294469412487E-02    0.000000000000E+00    2.191134120241E-02    7.785548990864E-04   -2.460456986979E-05   -7.355412901463E-07   -2.127645148317E-08   -6.020440136853E-10    1.676760305687E-11   -4.614178111682E-13
    2.686240322902E-03   -2.191134120241E-02    0.000000000000E+00   -1.318335471778E-02    5.042063306546E-04    1.637402593439E-05    4.952788554134E-07    1.440288378399E-08   -4.084701034481E-10    1.138428288376E-11
    8.258412858496E-05   -7.785548990864E-04    1.318335471778E-02    0.000000000000E+00    9.420290857195E-03    3.742152168786E-04    1.238556032985E-05    3.785932827205E-07   -1.107777541748E-08    3.153453382851E-10
   -2.465934581116E-06    2.460456986979E-05   -5.042063306546E-04   -9.420290857195E-03    0.000000000000E+00   -7.327930650959E-03   -2.979326028802E-04   -9.995625293600E-06    3.081497236573E-07   -9.067088074456E-09
   -7.166043545748E-08    7.355412901465E-07   -1.637402593439E-05   -3.742152168786E-04    7.327930650959E-03    0.000000000000E+00   -5.995991235148E-03   -2.476300249494E-04    8.392354496776E-06   -2.605006993089E-07
   -2.039414027177E-09    2.127645148334E-08   -4.952788554136E-07   -1.238556032985E-05    2.979326028802E-04    5.995991235148E-03    0.000000000000E+00   -5.073727016070E-03    2.119211855354E-04   -7.238297270160E-06
   -5.711924074497E-11    6.020440137032E-10   -1.440288378412E-08   -3.785932827205E-07    9.995625293601E-06    2.476300249494E-04    5.073727016070E-03    0.000000000000E+00    4.397335291871E-03   -1.852423316473E-04
    1.579900865499E-12   -1.676760313543E-11    4.084701034231E-10    1.107777541750E-08   -3.081497236574E-07   -8.392354496776E-06   -2.119211855354E-04   -4.397335291871E-03    0.000000000000E+00    3.880063270871E-03
   -4.326042946223E-14    4.614177515771E-13   -1.138428286117E-11   -3.153453383429E-10    9.067088074490E-09    2.605006993088E-07    7.238297270160E-06    1.852423316473E-04   -3.880063270871E-03    0.000000000000E+00
   2.4566056189742684     
    0.000000000000E+00    1.100026314519E-01   -4.351911119522E-03   -1.818395833307E-04    7.355612584343E-06    2.890359902587E-07    1.110962849761E-08    4.198996887242E-10   -1.566417272161E-11    5.782779278241E-13
   -1.100026314519E-01    0.000000000000E+00    2.594954121668E-02    1.250093587600E-03   -5.343262214710E-05   -2.157545344218E-06   -8.422776564361E-08   -3.214629865312E-09    1.207049573039E-10   -4.476626385001E-12
    4.351911119522E-03   -2.594954121668E-02    0.000000000000E+00   -1.565799703136E-02    8.105932721784E-04    3.553843806384E-05    1.449739773871E-06    5.682827263364E-08   -2.171712719528E-09    8.153841386313E-11
    1.818395833307E-04   -1.250093587600E-03    1.565799703136E-02    0.000000000000E+00    1.119245146167E-02    6.014865741408E-04    2.685497958620E-05    1.106209635361E-06   -4.359986365329E-08    1.671396528667E-09
   -7.355612584343E-06    5.343262214710E-05   -8.105932721784E-04   -1.119245146167E-02    0.000000000000E+00   -8.707590470085E-03   -4.788190404231E-04   -2.166157430703E-05    8.994991454188E-07   -3.563563267975E-08
   -2.890359902588E-07    2.157545344218E-06   -3.553843806384E-05   -6.014865741408E-04    8.707590470085E-03    0.000000000000E+00   -7.125324741616E-03   -3.979486633289E-04    1.818152570563E-05   -7.599613940613E-07
   -1.110962849779E-08    8.422776564359E-08   -1.449739773871E-06   -2.685497958620E-05    4.788190404231E-04    7.125324741616E-03    0.000000000000E+00   -6.029564993964E-03    3.405490687663E-04   -1.567828751533E-05
   -4.198996887695E-10    3.214629865203E-09   -5.682827263381E-08   -1.106209635361E-06    2.166157430703E-05    3.979486633289E-04    6.029564993964E-03    0.000000000000E+00    5.225861420850E-03   -2.976688513657E-04
    1.566417275711E-11   -1.207049573581E-10    2.171712719567E-09    4.359986365335E-08   -8.994991454187E-07   -1.818152570563E-05   -3.405490687663E-04   -5.225861420850E-03    0.000000000000E+00    4.611193669882E-03
   -5.782779764599E-13    4.476626425665E-12   -8.153841390395E-11   -1.671396528677E-09    3.563563267984E-08    7.599613940613E-07    1.567828751533E-05    2.976688513657E-04   -4.611193669882E-03    0.000000000000E+00
   2.6850089409863389     
    0.000000000000E+00    1.253932987832E-01   -6.579143292857E-03   -3.614689398341E-04    1.917259890061E-05    9.862746189885E-07    4.957790056461E-08    2.448915919775E-09   -1.193315235264E-10    5.752289126007E-12
   -1.253932987832E-01    0.000000000000E+00    2.962152809124E-02    1.872940337355E-03   -1.048534137703E-04   -5.538317667419E-06   -2.826055744090E-07   -1.409063081185E-08    6.909127916170E-10   -3.345113223665E-11
    6.579143292857E-03   -2.962152809124E-02    0.000000000000E+00   -1.796083767057E-02    1.218254774693E-03    6.984426301147E-05    3.722088706436E-06    1.905079006537E-07   -9.503095400371E-09    4.656245276266E-10
    3.614689398341E-04   -1.872940337355E-03    1.796083767057E-02    0.000000000000E+00    1.284580754098E-02    9.039866995676E-04    5.274219931984E-05    2.836215085931E-06   -1.458728435487E-07    7.295481488917E-09
   -1.917259890061E-05    1.048534137703E-04   -1.218254774693E-03   -1.284580754098E-02    0.000000000000E+00   -9.995974504602E-03   -7.196018643407E-04   -4.252588780625E-05    2.304424966723E-06   -1.190884474828E-07
   -9.862746189886E-07    5.538317667420E-06   -6.984426301147E-05   -9.039866995676E-04    9.995974504602E-03    0.000000000000E+00   -8.180426077837E-03   -5.980486866065E-04    3.568553260232E-05   -1.946012789776E-06
   -4.957790056426E-08    2.826055744090E-07   -3.722088706436E-06   -5.274219931984E-05    7.196018643407E-04    8.180426077837E-03    0.000000000000E+00   -6.922804615645E-03    5.117777451768E-04   -3.076774442099E-05
   -2.448915919734E-09    1.409063081197E-08   -1.905079006538E-07   -2.836215085931E-06    4.252588780625E-05    5.980486866065E-04    6.922804615645E-03    0.000000000000E+00    6.000250309619E-03   -4.473317095892E-04
    1.193315235953E-10   -6.909127915750E-10    9.503095400344E-09    1.458728435488E-07   -2.304424966723E-06   -3.568553260232E-05   -5.117777451768E-04   -6.000250309619E-03    0.000000000000E+00    5.294623012129E-03
   -5.752289011352E-12    3.345113225708E-11   -4.656245276466E-10   -7.295481488891E-09    1.190884474828E-07    1.946012789776E-06    3.076774442099E-05    4.473317095892E-04   -5.294623012129E-03    0.000000000000E+00
   2.9235635217545011     
    0.000000000000E+00    1.382575925619E-01   -9.366223091176E-03   -6.572358529451E-04    4.441801254959E-05    2.907469023434E-06    1.858101774903E-07    1.166168516688E-08   -7.217064364830E-10    4.416938550709E-11
   -1.382575925619E-01    0.000000000000E+00    3.274365016522E-02    2.640794888245E-03   -1.882544759022E-04   -1.264613844954E-05   -8.200957831333E-07   -5.194032116457E-08    3.233925919863E-09   -1.987595872898E-10
    9.366223091176E-03   -3.274365016522E-02    0.000000000000E+00   -2.000573178040E-02    1.727332437792E-03    1.259187053327E-04    8.524262357663E-06    5.539768709162E-07   -3.507713181358E-08    2.181125939447E-09
    6.572358529451E-04   -2.640794888245E-03    2.000573178040E-02    0.000000000000E+00    1.432077009737E-02    1.282068588218E-03    9.505277225305E-05    6.489329943874E-06   -4.235610860086E-07    2.687691103781E-08
   -4.441801254959E-05    1.882544759022E-04   -1.727332437792E-03   -1.432077009737E-02    0.000000000000E+00   -1.114729605918E-02   -1.020630231629E-03   -7.662163437672E-05    5.269481584165E-06   -3.454732483114E-07
   -2.907469023434E-06    1.264613844954E-05   -1.259187053327E-04   -1.282068588218E-03    1.114729605918E-02    0.000000000000E+00   -9.124056777117E-03   -8.482473898783E-04    6.428675821528E-05   -4.448265522156E-06
   -1.858101774903E-07    8.200957831333E-07   -8.524262357664E-06   -9.505277225305E-05    1.020630231629E-03    9.124056777117E-03    0.000000000000E+00   -7.722043022663E-03    7.258917900573E-04   -5.542171613444E-05
   -1.166168516667E-08    5.194032116447E-08   -5.539768709163E-07   -6.489329943874E-06    7.662163437672E-05    8.482473898783E-04    7.722043022663E-03    0.000000000000E+00    6.693343468285E-03   -6.344867411833E-04
    7.217064363899E-10   -3.233925919809E-09    3.507713181364E-08    4.235610860085E-07   -5.269481584165E-06   -6.428675821528E-05   -7.258917900573E-04   -6.693343468285E-03    0.000000000000E+00    5.906421484772E-03
   -4.416938550344E-11    1.987595871908E-10   -2.181125939443E-09   -2.687691103779E-08    3.454732483115E-07    4.448265522156E-06    5.542171613444E-05    6.344867411833E-04   -5.906421484772E-03    0.000000000000E+00
   3.1722693612787549     
    0.000000000000E+00    1.479563887817E-01   -1.265491218050E-02   -1.105480807517E-03    9.282633087746E-05    7.540862684357E-06    5.976610572287E-07    4.649526221523E-08   -3.565420032292E-09    2.703042211783E-10
   -1.479563887817E-01    0.000000000000E+00    3.518506422638E-02    3.529552827166E-03   -3.125639149152E-04   -2.605180471533E-05   -2.094755431649E-06   -1.644240680698E-07    1.268352949764E-08   -9.655575677701E-10
    1.265491218050E-02   -3.518506422638E-02    0.000000000000E+00   -2.173878815695E-02    2.328805070369E-03    2.106041820721E-04    1.767127622554E-05    1.422803631351E-06   -1.115835270740E-07    8.591975041560E-09
    1.105480807517E-03   -3.529552827166E-03    2.173878815695E-02    0.000000000000E+00    1.558103097757E-02    1.729470361377E-03    1.589824698099E-04    1.344606526994E-05   -1.086818466814E-06    8.538351699413E-08
   -9.282633087746E-05    3.125639149152E-04   -2.328805070369E-03   -1.558103097757E-02    0.000000000000E+00   -1.213394335163E-02   -1.377040438347E-03   -1.281421893495E-04    1.091420587279E-05   -8.858543879507E-07
   -7.540862684357E-06    2.605180471533E-05   -2.106041820721E-04   -1.729470361377E-03    1.213394335163E-02    0.000000000000E+00   -9.933876760671E-03   -1.144551479470E-03    1.075047444850E-04   -9.210878554365E-06
   -5.976610572287E-07    2.094755431649E-06   -1.767127622554E-05   -1.589824698099E-04    1.377040438347E-03    9.933876760671E-03    0.000000000000E+00   -8.408497287775E-03    9.794976810710E-04   -9.267474272337E-05
   -4.649526221509E-08    1.644240680698E-07   -1.422803631351E-06   -1.344606526994E-05    1.281421893495E-04    1.144551479470E-03    8.408497287775E-03    0.000000000000E+00    7.288927066806E-03   -8.561807263119E-04
    3.565420032262E-09   -1.268352949765E-08    1.115835270740E-07    1.086818466814E-06   -1.091420587279E-05   -1.075047444850E-04   -9.794976810710E-04   -7.288927066806E-03    0.000000000000E+00    6.432320679047E-03
   -2.703042212516E-10    9.655575677792E-10   -8.591975041587E-09   -8.538351699417E-08    8.858543879508E-07    9.210878554365E-06    9.267474272337E-05    8.561807263119E-04   -6.432320679047E-03    0.000000000000E+00
   3.4311264595591027     
    0.000000000000E+00    1.541143463886E-01   -1.633677581748E-02   -1.737020718072E-03    1.772465668466E-04    1.748184992986E-05    1.681212321174E-06    1.586341031913E-07   -1.474977739781E-08    1.355539985734E-09
   -1.541143463886E-01    0.000000000000E+00    3.687193282064E-02    4.499448036443E-03   -4.843483004608E-04   -4.901408237450E-05   -4.781828555209E-06   -4.552184164889E-07    4.257531525648E-08   -3.928808182135E-09
    1.633677581748E-02   -3.687193282064E-02    0.000000000000E+00   -2.313582729424E-02    3.005676317077E-03    3.299759984418E-04    3.358420816087E-05    3.278543286816E-06   -3.116684772326E-07    2.908460952139E-08
    1.737020718072E-03   -4.499448036443E-03    2.313582729424E-02    0.000000000000E+00    1.661154759022E-02    2.234220346847E-03    2.492015773695E-04    2.555359071846E-05   -2.503292758059E-06    2.383085861637E-07
   -1.772465668466E-04    4.843483004608E-04   -3.005676317077E-03   -1.661154759022E-02    0.000000000000E+00   -1.294485181962E-02   -1.779481599152E-03   -2.008717398123E-04    2.073779988834E-05   -2.039507284400E-06
   -1.748184992986E-05    4.901408237450E-05   -3.299759984418E-04   -2.234220346847E-03    1.294485181962E-02    0.000000000000E+00   -1.060108937990E-02   -1.479262374706E-03    1.685215241557E-04   -1.749861366070E-05
   -1.681212321174E-06    4.781828555209E-06   -3.358420816087E-05   -2.492015773695E-04    1.779481599152E-03    1.060108937990E-02    0.000000000000E+00   -8.974847038838E-03    1.266042884860E-03   -1.452732276201E-04
   -1.586341031912E-07    4.552184164887E-07   -3.278543286816E-06   -2.555359071846E-05    2.008717398123E-04    1.479262374706E-03    8.974847038838E-03    0.000000000000E+00    7.780723091062E-03   -1.106705723564E-03
    1.474977739789E-08   -4.257531525652E-08    3.116684772326E-07    2.503292758059E-06   -2.073779988834E-05   -1.685215241557E-04   -1.266042884860E-03   -7.780723091062E-03    0.000000000000E+00    6.866820069685E-03
   -1.355539985762E-09    3.928808182047E-09   -2.908460952142E-08   -2.383085861637E-07    2.039507284400E-06    1.749861366070E-05    1.452732276201E-04    1.106705723564E-03   -6.866820069685E-03    0.000000000000E+00
   3.7001348165955412     
    0.000000000000E+00    1.566424802806E-01   -2.026739100755E-02   -2.571344012832E-03    3.126828459191E-04    3.672669118609E-05    4.204153645212E-06    4.720265695149E-07   -5.221064410126E-08    5.706955801220E-09
   -1.566424802806E-01    0.000000000000E+00    3.778658039106E-02    5.499970743056E-03   -7.060835434260E-04   -8.511452288415E-05   -9.885093058766E-06   -1.119788969704E-06    1.245899622921E-07   -1.367430437563E-08
    2.026739100755E-02   -3.778658039106E-02    0.000000000000E+00   -2.419687756557E-02    3.735188813824E-03    4.883920591209E-04    5.915883742294E-05    6.870506674192E-06   -7.768167798467E-07    8.620519079682E-08
    2.571344012832E-03   -5.499970743056E-03    2.419687756557E-02    0.000000000000E+00    1.741441178385E-02    2.780275903575E-03    3.691665810760E-04    4.503459201244E-05   -5.246618269805E-06    5.938799836802E-07
   -3.126828459191E-04    7.060835434260E-04   -3.735188813824E-03   -1.741441178385E-02    0.000000000000E+00   -1.358223153442E-02   -2.215416498765E-03   -2.976385144419E-04    3.654746255524E-05   -4.273673717399E-06
   -3.672669118609E-05    8.511452288415E-05   -4.883920591209E-04   -2.780275903575E-03    1.358223153442E-02    0.000000000000E+00   -1.112774091038E-02   -1.842055881333E-03    2.497263109799E-04   -3.083728835479E-05
   -4.204153645212E-06    9.885093058765E-06   -5.915883742293E-05   -3.691665810760E-04    2.215416498765E-03    1.112774091038E-02    0.000000000000E+00   -9.422938716819E-03    1.576739116948E-03   -2.152846534474E-04
   -4.720265695149E-07    1.119788969704E-06   -6.870506674192E-06   -4.503459201244E-05    2.976385144419E-04    1.842055881333E-03    9.422938716819E-03    0.000000000000E+00    8.170394022422E-03   -1.378405713551E-03
    5.221064410136E-08   -1.245899622921E-07    7.768167798468E-07    5.246618269805E-06   -3.654746255524E-05   -2.497263109799E-04   -1.576739116948E-03   -8.170394022422E-03    0.000000000000E+00    7.211423141490E-03
   -5.706955801219E-09    1.367430437552E-08   -8.620519079683E-08   -5.938799836803E-07    4.273673717399E-06    3.083728835479E-05    2.152846534474E-04    1.378405713551E-03   -7.211423141490E-03    0.000000000000E+00
   3.9792944323880715     
    0.000000000000E+00    1.557301514586E-01   -2.428487015710E-02   -3.612617728246E-03    5.145809737285E-04    7.076233467127E-05    9.480067137930E-06    1.245358660029E-06   -1.611361184704E-07    2.060033617545E-08
   -1.557301514586E-01    0.000000000000E+00    3.796221976998E-02    6.476477518200E-03   -9.750937338107E-04   -1.376872832927E-04   -1.871939125175E-05   -2.481417163833E-06    3.229875392597E-07   -4.146335703510E-08
    2.428487015710E-02   -3.796221976998E-02    0.000000000000E+00   -2.493959883345E-02    4.491468393673E-03    6.877726352840E-04    9.750428759070E-05    1.324808042045E-05   -1.752034802803E-06    2.273783074624E-07
    3.612617728246E-03   -6.476477518200E-03    2.493959883345E-02    0.000000000000E+00    1.800398935130E-02    3.349452711158E-03    5.206027065074E-04    7.430163966355E-05   -1.012415454093E-05    1.340067922642E-06
   -5.145809737285E-04    9.750937338107E-04   -4.491468393673E-03   -1.800398935130E-02    0.000000000000E+00   -1.405774129997E-02   -2.670645387249E-03   -4.199044754064E-04    6.031124716050E-05   -8.246859857550E-06
   -7.076233467127E-05    1.376872832927E-04   -6.877726352840E-04   -3.349452711158E-03    1.405774129997E-02    0.000000000000E+00   -1.152357259494E-02   -2.221243742541E-03    3.523741538310E-04   -5.089106920884E-05
   -9.480067137931E-06    1.871939125175E-05   -9.750428759070E-05   -5.206027065074E-04    2.670645387249E-03    1.152357259494E-02    0.000000000000E+00   -9.761113747927E-03    1.901639599910E-03   -3.038047895770E-04
   -1.245358660029E-06    2.481417163833E-06   -1.324808042045E-05   -7.430163966355E-05    4.199044754064E-04    2.221243742541E-03    9.761113747927E-03    0.000000000000E+00    8.465222940569E-03   -1.662616954582E-03
    1.611361184705E-07   -3.229875392596E-07    1.752034802803E-06    1.012415454093E-05   -6.031124716050E-05   -3.523741538310E-04   -1.901639599910E-03   -8.465222940569E-03    0.000000000000E+00    7.472587925651E-03
   -2.060033617542E-08    4.146335703511E-08   -2.273783074625E-07   -1.340067922642E-06    8.246859857550E-06    5.089106920884E-05    3.038047895770E-04    1.662616954582E-03   -7.472587925651E-03    0.000000000000E+00
   4.2686053069366938     
    0.000000000000E+00    1.518005509511E-01   -2.822871665368E-02   -4.848448563920E-03    7.967245965233E-04    1.263554130281E-04    1.951764496148E-05    2.955597955327E-06   -4.407661721734E-07    6.493783509784E-08
   -1.518005509511E-01    0.000000000000E+00    3.747367891939E-02    7.377087449591E-03   -1.283459990892E-03   -2.091752451142E-04   -3.280251427796E-05   -5.013594858608E-06    7.522476465789E-07   -1.112981250956E-07
    2.822871665368E-02   -3.747367891939E-02    0.000000000000E+00   -2.539292956896E-02    5.248086400655E-03    9.272295270307E-04    1.515927118061E-04    2.374426986198E-05   -3.619126800897E-06    5.412536073639E-07
    4.848448563920E-03   -7.377087449591E-03    2.539292956896E-02    0.000000000000E+00    1.840227095754E-02    3.923269301185E-03    7.032412227272E-04    1.157071192034E-04   -1.816987037062E-05    2.771254849816E-06
   -7.967245965233E-04    1.283459990892E-03   -5.248086400655E-03   -1.840227095754E-02    0.000000000000E+00   -1.438884797028E-02   -3.130756755863E-03   -5.675574477189E-04    9.395944250756E-05   -1.480436983092E-05
   -1.263554130281E-04    2.091752451142E-04   -9.272295270307E-04   -3.923269301185E-03    1.438884797028E-02    0.000000000000E+00   -1.180303197884E-02   -2.604972149312E-03    4.764131809530E-04   -7.929668777257E-05
   -1.951764496148E-05    3.280251427796E-05   -1.515927118061E-04   -7.032412227272E-04    3.130756755863E-03    1.180303197884E-02    0.000000000000E+00   -1.000167517603E-02    2.230661245034E-03   -4.108096209134E-04
   -2.955597955327E-06    5.013594858608E-06   -2.374426986198E-05   -1.157071192034E-04    5.675574477189E-04    2.604972149312E-03    1.000167517603E-02    0.000000000000E+00    8.675915599927E-03   -1.950559587068E-03
    4.407661721735E-07   -7.522476465790E-07    3.619126800897E-06    1.816987037062E-05   -9.395944250756E-05   -4.764131809530E-04   -2.230661245034E-03   -8.675915599927E-03    0.000000000000E+00    7.659786315491E-03
   -6.493783509785E-08    1.112981250956E-07   -5.412536073639E-07   -2.771254849816E-06    1.480436983092E-05    7.929668777257E-05    4.108096209134E-04    1.950559587068E-03   -7.659786315491E-03    0.000000000000E+00
   4.5680674402414070     
    0.000000000000E+00    1.454352079293E-01   -3.195555577527E-02   -6.251483821788E-03    1.169244350525E-03    2.110307389424E-04    3.709058060701E-05    6.390020940627E-06   -1.084008129176E-06    1.816541541232E-07
   -1.454352079293E-01    0.000000000000E+00    3.642510165173E-02    8.158503885941E-03   -1.618905925249E-03   -3.005815754283E-04   -5.366425059538E-05   -9.334450887837E-06    1.593517107439E-06   -2.682048619246E-07
    3.195555577527E-02   -3.642510165173E-02    0.000000000000E+00   -2.559169420001E-02    5.980198890233E-03    1.203070850761E-03    2.238835136873E-04    3.990138878032E-05   -6.918713730376E-06    1.176937069552E-06
    6.251483821788E-03   -8.158503885941E-03    2.559169420001E-02    0.000000000000E+00    1.863495666708E-02    4.484460850761E-03    9.148264359176E-04    1.712745123686E-04   -3.059565975093E-05    5.307475896216E-06
   -1.169244350525E-03    1.618905925249E-03   -5.980198890233E-03   -1.863495666708E-02    0.000000000000E+00   -1.459577704169E-02   -3.582312946189E-03   -7.389168166925E-04    1.391709315629E-04   -2.494066170780E-05
   -2.110307389424E-04    3.005815754283E-04   -1.203070850761E-03   -4.484460850761E-03    1.459577704169E-02    0.000000000000E+00   -1.198277571681E-02   -2.982198951091E-03    6.204893623061E-04   -1.174850269772E-04
   -3.709058060701E-05    5.366425059538E-05   -2.238835136873E-04   -9.148264359176E-04    3.582312946189E-03    1.198277571681E-02    0.000000000000E+00   -1.015877376197E-02    2.554417012226E-03   -5.351594886874E-04
   -6.390020940627E-06    9.334450887837E-06   -3.990138878032E-05   -1.712745123686E-04    7.389168166925E-04    2.982198951091E-03    1.015877376197E-02    0.000000000000E+00    8.814767976718E-03   -2.234063083627E-03
    1.084008129176E-06   -1.593517107439E-06    6.918713730376E-06    3.059565975093E-05   -1.391709315629E-04   -6.204893623061E-04   -2.554417012226E-03   -8.814767976718E-03    0.000000000000E+00    7.783886985716E-03
   -1.816541541232E-07    2.682048619246E-07   -1.176937069552E-06   -5.307475896216E-06    2.494066170780E-05    1.174850269772E-04    5.351594886874E-04    2.234063083627E-03   -7.783886985716E-03    0.000000000000E+00
   4.8776808323022154     
    0.000000000000E+00    1.372845469729E-01   -3.534958155156E-02   -7.783158403225E-03    1.637188741375E-03    3.323265397532E-04    6.568677871063E-05    1.272541071532E-05   -2.427278034353E-06    4.573162704604E-07
   -1.372845469729E-01    0.000000000000E+00    3.493633496034E-02    8.789811738097E-03   -1.966392183171E-03   -4.111581681585E-04   -8.261054768991E-05   -1.616505734471E-05    3.103698335919E-06   -5.874255666742E-07
    3.534958155156E-02   -3.493633496034E-02    0.000000000000E+00   -2.557247527073E-02    6.666100118587E-03    1.509131504152E-03    3.159885395043E-04    6.334366400074E-05   -1.235137996711E-05    2.362429963153E-06
    7.783158403225E-03   -8.789811738097E-03    2.557247527073E-02    0.000000000000E+00    1.872847825258E-02    5.018049038949E-03    1.151351893864E-03    2.424581611445E-04   -4.870422975912E-05    9.499232577163E-06
   -1.637188741375E-03    1.966392183171E-03   -6.666100118587E-03   -1.872847825258E-02    0.000000000000E+00   -1.469920830597E-02   -4.013683815667E-03   -9.309201969472E-04    1.971819683450E-04   -3.973096405563E-05
   -3.323265397532E-04    4.111581681585E-04   -1.509131504152E-03   -5.018049038949E-03    1.469920830597E-02    0.000000000000E+00   -1.207978794040E-02   -3.343378806727E-03    7.821014294391E-04   -1.665213078104E-04
   -6.568677871063E-05    8.261054768991E-05   -3.159885395043E-04   -1.151351893864E-03    4.013683815667E-03    1.207978794040E-02    0.000000000000E+00   -1.024681767651E-02    2.864798532143E-03   -6.747318448608E-04
   -1.272541071532E-05    1.616505734471E-05   -6.334366400074E-05   -2.424581611445E-04    9.309201969472E-04    3.343378806727E-03    1.024681767651E-02    0.000000000000E+00    8.894289057473E-03   -2.506073519100E-03
    2.427278034353E-06   -3.103698335919E-06    1.235137996711E-05    4.870422975912E-05   -1.971819683450E-04   -7.821014294391E-04   -2.864798532143E-03   -8.894289057473E-03    0.000000000000E+00    7.855940847818E-03
   -4.573162704603E-07    5.874255666742E-07   -2.362429963153E-06   -9.499232577163E-06    3.973096405563E-05    1.665213078104E-04    6.747318448608E-04    2.506073519100E-03   -7.855940847818E-03    0.000000000000E+00
   5.1974454831191128     
    0.000000000000E+00    1.279853310044E-01   -3.832718680134E-02   -9.398474621931E-03    2.199902840656E-03    4.969764134093E-04    1.093253182106E-04    2.357050427706E-05   -5.003195143487E-06    1.048943861136E-06
   -1.279853310044E-01    0.000000000000E+00    3.313004286568E-02    9.253920246429E-03   -2.310003217217E-03   -5.383960285295E-04   -1.204971926429E-04   -2.625415102406E-05    5.611459729337E-06   -1.182103231144E-06
    3.832718680134E-02   -3.313004286568E-02    0.000000000000E+00   -2.537076280435E-02    7.288169538670E-03    1.837334776250E-03    4.284310336524E-04    9.561414343546E-05   -2.075171571822E-05    4.417321103858E-06
    9.398474621931E-03   -9.253920246429E-03    2.537076280435E-02    0.000000000000E+00    1.870795503616E-02    5.511959281133E-03    1.407453993001E-03    3.299680506304E-04   -7.377552135911E-05    1.601318885556E-05
   -2.199902840656E-03    2.310003217217E-03   -7.288169538670E-03   -1.870795503616E-02    0.000000000000E+00   -1.471870607240E-02   -4.415523692896E-03   -1.139433961336E-03    2.686463380165E-04   -6.024161176025E-05
   -4.969764134093E-04    5.383960285295E-04   -1.837334776250E-03   -5.511959281133E-03    1.471870607240E-02    0.000000000000E+00   -1.211010322855E-02   -3.680853299415E-03    9.578583661413E-04   -2.269880084176E-04
   -1.093253182106E-04    1.204971926429E-04   -4.284310336524E-04   -1.407453993001E-03    4.415523692896E-03    1.211010322855E-02    0.000000000000E+00   -1.027939535641E-02    3.155306893885E-03   -8.266417495550E-04
   -2.357050427706E-05    2.625415102406E-05   -9.561414343546E-05   -3.299680506304E-04    1.139433961336E-03    3.680853299415E-03    1.027939535641E-02    0.000000000000E+00    8.926269202228E-03   -2.760941068321E-03
    5.003195143487E-06   -5.611459729337E-06    2.075171571822E-05    7.377552135911E-05   -2.686463380165E-04   -9.578583661413E-04   -3.155306893885E-03   -8.926269202228E-03    0.000000000000E+00    7.886360145454E-03
   -1.048943861136E-06    1.182103231144E-06   -4.417321103858E-06   -1.601318885556E-05    6.024161176025E-05    2.269880084176E-04    8.266417495550E-04    2.760941068321E-03   -7.886360145454E-03    0.000000000000E+00
   5.5273613926921037     
    0.000000000000E+00    1.181004313490E-01   -4.083663313997E-02   -1.105071857519E-02    2.851218761744E-03    7.101753019477E-04    1.722634768870E-04    4.095309836754E-05   -9.585185160501E-06    2.215778671111E-06
   -1.181004313490E-01    0.000000000000E+00    3.112125722898E-02    9.546909588527E-03   -2.634716581172E-03   -6.782953875648E-04   -1.675640311508E-04   -4.028234392588E-05    9.497310162440E-06   -2.206578067324E-06
    4.083663313997E-02   -3.112125722898E-02    0.000000000000E+00   -2.501922151517E-02    7.833281911043E-03    2.178377355624E-03    5.605283535357E-04    1.380010180891E-04   -3.303455329294E-05    7.754792285656E-06
    1.105071857519E-02   -9.546909588527E-03    2.501922151517E-02    0.000000000000E+00    1.859596198400E-02    5.957243181531E-03    1.676883444193E-03    4.336793201344E-04   -1.069438353170E-04    2.559784261435E-05
   -2.851218761744E-03    2.634716581172E-03   -7.833281911043E-03   -1.859596198400E-02    0.000000000000E+00   -1.467178269781E-02   -4.780938367709E-03   -1.359624630989E-03    3.535624748012E-04   -8.743270198276E-05
   -7.101753019477E-04    6.782953875648E-04   -2.178377355624E-03   -5.957243181531E-03    1.467178269781E-02    0.000000000000E+00   -1.208804911125E-02   -3.988985371648E-03    1.143787146215E-03   -2.989234785739E-04
   -1.722634768870E-04    1.675640311508E-04   -5.605283535357E-04   -1.676883444193E-03    4.780938367709E-03    1.208804911125E-02    0.000000000000E+00   -1.026863848995E-02    3.421165502552E-03   -9.875052541469E-04
   -4.095309836754E-05    4.028234392588E-05   -1.380010180891E-04   -4.336793201344E-04    1.359624630989E-03    3.988985371648E-03    1.026863848995E-02    0.000000000000E+00    8.921230214840E-03   -2.994517482177E-03
    9.585185160501E-06   -9.497310162440E-06    3.303455329294E-05    1.069438353170E-04   -3.535624748012E-04   -1.143787146215E-03   -3.421165502552E-03   -8.921230214840E-03    0.000000000000E+00    7.884434502057E-03
   -2.215778671111E-06    2.206578067324E-06   -7.754792285656E-06   -2.559784261435E-05    8.743270198276E-05    2.989234785739E-04    9.875052541469E-04    2.994517482177E-03   -7.884434502057E-03    0.000000000000E+00
   5.8674285610211854     
    0.000000000000E+00    1.080863447690E-01   -4.285437804263E-02   -1.269534194869E-02    3.580278953679E-03    9.750470598475E-04    2.586410849841E-04    6.724456676718E-05   -1.721230405292E-05    4.351381477153E-06
   -1.080863447690E-01    0.000000000000E+00    2.901028545502E-02    9.675908645766E-03   -2.927766714963E-03   -8.258296248266E-04   -2.233615304521E-04   -5.876498226800E-05    1.515910992121E-05   -3.852941072858E-06
    4.285437804263E-02   -2.901028545502E-02    0.000000000000E+00   -2.454683705908E-02    8.292793550099E-03    2.522439575581E-03    7.104042880482E-04    1.913798772832E-04   -5.011866105051E-05    1.286946906876E-05
    1.269534194869E-02   -9.675908645766E-03    2.454683705908E-02    0.000000000000E+00    1.841193831539E-02    6.347996169619E-03    1.952984305696E-03    5.526290056840E-04   -1.490835684824E-04    3.903231636037E-05
   -3.580278953679E-03    2.927766714963E-03   -8.292793550099E-03   -1.841193831539E-02    0.000000000000E+00   -1.457345669505E-02   -5.105413244817E-03   -1.586335545530E-03    4.512694390892E-04   -1.220672461320E-04
   -9.750470598475E-04    8.258296248266E-04   -2.522439575581E-03   -6.347996169619E-03    1.457345669505E-02    0.000000000000E+00   -1.202589292571E-02   -4.264097267405E-03    1.335644664138E-03   -3.818178306280E-04
   -2.586410849841E-04    2.233615304521E-04   -7.104042880482E-04   -1.952984305696E-03    5.105413244817E-03    1.202589292571E-02    0.000000000000E+00   -1.022492692464E-02    3.659265691686E-03   -1.153706242401E-03
   -6.724456676718E-05    5.876498226800E-05   -1.913798772832E-04   -5.526290056840E-04    1.586335545530E-03    4.264097267405E-03    1.022492692464E-02    0.000000000000E+00    8.888171598826E-03   -3.204107855572E-03
    1.721230405292E-05   -1.515910992121E-05    5.011866105051E-05    1.490835684824E-04   -4.512694390892E-04   -1.335644664138E-03   -3.659265691686E-03   -8.888171598826E-03    0.000000000000E+00    7.858108220869E-03
   -4.351381477153E-06    3.852941072858E-06   -1.286946906876E-05   -3.903231636037E-05    1.220672461320E-04    3.818178306280E-04    1.153706242401E-03    3.204107855572E-03   -7.858108220869E-03    0.000000000000E+00
   6.2176469881063614     
    0.000000000000E+00    9.828511991793E-02   -4.437976184147E-02   -1.429265943121E-02    4.372732274148E-03    1.292369885953E-03    3.721188695495E-04    1.050277035866E-04   -2.918511834197E-05    8.009903516938E-06
   -9.828511991793E-02    0.000000000000E+00    2.687903779096E-02    9.656229858076E-03   -3.179476573131E-03   -9.754921400171E-04   -2.867762588454E-04   -8.197267682657E-05    2.296834568882E-05   -6.339917895285E-06
    4.437976184147E-02   -2.687903779096E-02    0.000000000000E+00   -2.397868760357E-02    8.662226967300E-03    2.859844542352E-03    8.751168785781E-04    2.560942242482E-04   -7.283788474080E-05    2.031021881712E-05
    1.429265943121E-02   -9.656229858076E-03    2.397868760357E-02    0.000000000000E+00    1.817205812687E-02    6.681067100173E-03    2.229128408352E-03    6.850889810937E-04   -2.007184030969E-04    5.706459137020E-05
   -4.372732274148E-03    3.179476573131E-03   -8.662226967300E-03   -1.817205812687E-02    0.000000000000E+00   -1.443616379061E-02   -5.386578553410E-03   -1.814427550018E-03    5.605028976465E-04   -1.646385448880E-04
   -1.292369885953E-03    9.754921400171E-04   -2.859844542352E-03   -6.681067100173E-03    1.443616379061E-02    0.000000000000E+00   -1.193377608627E-02   -4.504274810763E-03    1.529199736308E-03   -4.746587466250E-04
   -3.721188695495E-04    2.867762588454E-04   -8.751168785781E-04   -2.229128408352E-03    5.386578553410E-03    1.193377608627E-02    0.000000000000E+00   -1.015683613676E-02    3.867998767616E-03   -1.321637558690E-03
   -1.050277035866E-04    8.197267682657E-05   -2.560942242482E-04   -6.850889810937E-04    1.814427550018E-03    4.504274810763E-03    1.015683613676E-02    0.000000000000E+00    8.834526659499E-03   -3.388323549492E-03
    2.918511834197E-05   -2.296834568882E-05    7.283788474080E-05    2.007184030969E-04   -5.605028976465E-04   -1.529199736308E-03   -3.867998767616E-03   -8.834526659499E-03    0.000000000000E+00    7.813942521304E-03
   -8.009903516938E-06    6.339917895285E-06   -2.031021881712E-05   -5.706459137020E-05    1.646385448880E-04    4.746587466250E-04    1.321637558690E-03    3.388323549492E-03   -7.813942521304E-03    0.000000000000E+00
   6.5780166739476273     
    0.000000000000E+00    8.893295096325E-02   -4.542939414922E-02   -1.580936150051E-02    5.212051381902E-03    1.660557876256E-03    5.155620734640E-04    1.569246564330E-04   -4.702845754971E-05    1.392026730044E-05
   -8.893295096325E-02    0.000000000000E+00    2.479021894409E-02    9.508382502924E-03   -3.383569099823E-03   -1.121824825541E-03   -3.561400324766E-04   -1.098831993808E-04    3.322481249495E-05   -9.894986205557E-06
    4.542939414922E-02   -2.479021894409E-02    0.000000000000E+00   -2.333611214261E-02    8.940765045233E-03    3.181615130503E-03    1.050874528016E-03    3.318887732613E-04   -1.018521339867E-04    3.063995491838E-05
    1.580936150051E-02   -9.508382502924E-03    2.333611214261E-02    0.000000000000E+00    1.788940312533E-02    6.955647734053E-03    2.499073203852E-03    8.286959250940E-04   -2.619634783175E-04    8.034713963758E-05
   -5.212051381902E-03    3.383569099823E-03   -8.940765045233E-03   -1.788940312533E-02    0.000000000000E+00   -1.426989599510E-02   -5.623880344743E-03   -2.039058375721E-03    6.794957792614E-04   -2.153232713733E-04
   -1.660557876256E-03    1.121824825541E-03   -3.181615130503E-03   -6.955647734053E-03    1.426989599510E-02    0.000000000000E+00   -1.181983300587E-02   -4.709094712692E-03    1.720464268815E-03   -5.760144672272E-04
   -5.155620734640E-04    3.561400324766E-04   -1.050874528016E-03   -2.499073203852E-03    5.623880344743E-03    1.181983300587E-02    0.000000000000E+00   -1.007124016389E-02    4.047022847747E-03   -1.487898587212E-03
   -1.569246564330E-04    1.098831993808E-04   -3.318887732613E-04   -8.286959250940E-04    2.039058375721E-03    4.709094712692E-03    1.007124016389E-02    0.000000000000E+00    8.766252889996E-03   -3.546878453636E-03
    4.702845754971E-05   -3.322481249495E-05    1.018521339867E-04    2.619634783175E-04   -6.794957792614E-04   -1.720464268815E-03   -4.047022847747E-03   -8.766252889996E-03    0.000000000000E+00    7.757195991109E-03
   -1.392026730044E-05    9.894986205557E-06   -3.063995491838E-05   -8.034713963758E-05    2.153232713733E-04    5.760144672272E-04    1.487898587212E-03    3.546878453636E-03   -7.757195991109E-03    0.000000000000E+00
   6.9485376185449867     
    0.000000000000E+00    8.017738766103E-02   -4.603206157670E-02   -1.721904999626E-02    6.080779915839E-03    2.075856470992E-03    6.908057864936E-04    2.254077801175E-04   -7.242275625689E-05    2.298339909847E-05
   -8.017738766103E-02    0.000000000000E+00    2.278854908119E-02    9.255387927246E-03   -3.537057180966E-03   -1.259856351590E-03   -4.293943699005E-04   -1.421705521716E-04    4.611747943728E-05   -1.473224070365E-05
    4.603206157670E-02   -2.278854908119E-02    0.000000000000E+00   -2.263709243728E-02    9.130645496080E-03    3.479901245499E-03    1.233307127573E-03    4.179009361205E-04   -1.375704175995E-04    4.438707454950E-05
    1.721904999626E-02   -9.255387927246E-03    2.263709243728E-02    0.000000000000E+00    1.757430807259E-02    7.172813359569E-03    2.757229009112E-03    9.806162406010E-04   -3.325041729249E-04    1.093778690630E-04
   -6.080779915839E-03    3.537057180966E-03   -9.130645496080E-03   -1.757430807259E-02    0.000000000000E+00   -1.408246915458E-02   -5.818213053059E-03   -2.255889591096E-03    8.061059833336E-04   -2.739630440054E-04
   -2.075856470992E-03    1.259856351590E-03   -3.479901245499E-03   -7.172813359569E-03    1.408246915458E-02    0.000000000000E+00   -1.169041306865E-02   -4.879320756181E-03    1.905864421516E-03   -6.841393206180E-04
   -6.908057864936E-04    4.293943699005E-04   -1.233307127573E-03   -2.757229009112E-03    5.818213053059E-03    1.169041306865E-02    0.000000000000E+00   -9.973500972048E-03    4.197003556365E-03   -1.649441490873E-03
   -2.254077801175E-04    1.421705521716E-04   -4.179009361205E-04   -9.806162406010E-04    2.255889591096E-03    4.879320756181E-03    9.973500972048E-03    0.000000000000E+00    8.687996838399E-03   -3.680362643993E-03
    7.242275625689E-05   -4.611747943728E-05    1.375704175995E-04    3.325041729249E-04   -8.061059833336E-04   -1.905864421516E-03   -4.197003556365E-03   -8.687996838399E-03    0.000000000000E+00    7.691970496950E-03
   -2.298339909847E-05    1.473224070365E-05   -4.438707454950E-05   -1.093778690630E-04    2.739630440054E-04    6.841393206180E-04    1.649441490873E-03    3.680362643993E-03   -7.691970496950E-03    0.000000000000E+00
   7.3292098218984369     
    0.000000000000E+00    7.209704066784E-02   -4.622451917768E-02   -1.850207894041E-02    6.961592178433E-03    2.532689671906E-03    8.985202853686E-04    3.126170580241E-04   -1.071109673356E-04    3.625019876931E-05
   -7.209704066784E-02    0.000000000000E+00    2.090317566112E-02    8.920619091334E-03   -3.639845086320E-03   -1.385413307170E-03   -5.042782721101E-04   -1.782293087302E-04    6.169757261134E-05   -2.102943895255E-05
    4.622451917768E-02   -2.090317566112E-02    0.000000000000E+00   -2.189671648786E-02    9.236524042764E-03    3.748268721753E-03    1.417758745504E-03    5.127074370402E-04   -1.800957347446E-04    6.199474749335E-05
    1.850207894041E-02   -8.920619091334E-03    2.189671648786E-02    0.000000000000E+00    1.723478282566E-02    7.335066862950E-03    2.998835259848E-03    1.137724957585E-03   -4.116099276248E-04    1.444529120833E-04
   -6.961592178433E-03    3.639845086320E-03   -9.236524042764E-03   -1.723478282566E-02    0.000000000000E+00   -1.387984631488E-02   -5.971554809224E-03   -2.461220879029E-03    9.379544426279E-04   -3.400731411135E-04
   -2.532689671906E-03    1.385413307170E-03   -3.748268721753E-03   -7.335066862950E-03    1.387984631488E-02    0.000000000000E+00   -1.155034629167E-02   -5.016602602743E-03    2.082351564403E-03   -7.970879083951E-04
   -8.985202853686E-04    5.042782721101E-04   -1.417758745504E-03   -2.998835259848E-03    5.971554809224E-03    1.155034629167E-02    0.000000000000E+00   -9.867694122033E-03    4.319357282603E-03   -1.803665980327E-03
   -3.126170580241E-04    1.782293087302E-04   -5.127074370402E-04   -1.137724957585E-03    2.461220879029E-03    5.016602602743E-03    9.867694122033E-03    0.000000000000E+00    8.603290078203E-03   -3.790018444303E-03
    1.071109673356E-04   -6.169757261134E-05    1.800957347446E-04    4.116099276248E-04   -9.379544426279E-04   -2.082351564403E-03   -4.319357282603E-03   -8.603290078203E-03    0.000000000000E+00    7.621384319749E-03
   -3.625019876931E-05    2.102943895255E-05   -6.199474749335E-05   -1.444529120833E-04    3.400731411135E-04    7.970879083951E-04    1.803665980327E-03    3.790018444303E-03   -7.621384319749E-03    0.000000000000E+00
   7.7200332840079788     
    0.000000000000E+00    6.472008922226E-02   -4.604821658401E-02   -1.964497015161E-02    7.838113356468E-03    3.024093791713E-03    1.138177978723E-03    4.202043013791E-04   -1.527915630923E-04    5.488094586782E-05
   -6.472008922226E-02    0.000000000000E+00    1.915059014149E-02    8.526229763771E-03   -3.694171171446E-03   -1.495297328516E-03   -5.785110231657E-04   -2.172266637019E-04    7.986710115448E-05   -2.890771570914E-05
    4.604821658401E-02   -1.915059014149E-02    0.000000000000E+00   -2.112763861392E-02    9.264854498342E-03    3.981855183050E-03    1.599572372141E-03    6.144164525832E-04   -2.291978378927E-04    8.377461742177E-05
    1.964497015161E-02   -8.526229763771E-03    2.112763861392E-02    0.000000000000E+00    1.687694545181E-02    7.445920683303E-03    3.220054357587E-03    1.296781199907E-03   -4.981777519957E-04    1.856356007774E-04
   -7.838113356468E-03    3.694171171446E-03   -9.264854498342E-03   -1.687694545181E-02    0.000000000000E+00   -1.366646833638E-02   -6.086632966408E-03   -2.652058649579E-03    1.072559750708E-03   -4.128740369620E-04
   -3.024093791713E-03    1.495297328516E-03   -3.981855183050E-03   -7.445920683303E-03    1.366646833638E-02    0.000000000000E+00   -1.140321321157E-02   -5.123199630878E-03    2.247458789961E-03   -9.128264684513E-04
   -1.138177978723E-03    5.785110231657E-04   -1.599572372141E-03   -3.220054357587E-03    6.086632966408E-03    1.140321321157E-02    0.000000000000E+00   -9.756837452146E-03    4.416016018886E-03   -1.948467570535E-03
   -4.202043013791E-04    2.172266637019E-04   -6.144164525832E-04   -1.296781199907E-03    2.652058649579E-03    5.123199630878E-03    9.756837452146E-03    0.000000000000E+00    8.514747523680E-03   -3.877535446678E-03
    1.527915630923E-04   -7.986710115448E-05    2.291978378927E-04    4.981777519957E-04   -1.072559750708E-03   -2.247458789961E-03   -4.416016018886E-03   -8.514747523680E-03    0.000000000000E+00    7.547747191482E-03
   -5.488094586782E-05    2.890771570914E-05   -8.377461742177E-05   -1.856356007774E-04    4.128740369620E-04    9.128264684513E-04    1.948467570535E-03    3.877535446678E-03   -7.547747191482E-03    0.000000000000E+00
   8.1210080048736160     
    0.000000000000E+00    5.803987668065E-02   -4.554684605623E-02   -2.063961816480E-02    8.695495405750E-03    3.542180097195E-03    1.408110902670E-03    5.492183197482E-04   -2.110095078565E-04    8.008962805264E-05
   -5.803987668065E-02    0.000000000000E+00    1.753756684853E-02    8.092137658938E-03   -3.703997932289E-03   -1.587342207316E-03   -6.499494364438E-04   -2.581717406622E-04    1.003830865160E-04   -3.841676181318E-05
    4.554684605623E-02   -1.753756684853E-02    0.000000000000E+00   -2.034048941246E-02    9.223317274725E-03    4.177407576059E-03    1.774343586222E-03    7.207916413836E-04   -2.843156227801E-04    1.098706386033E-04
    2.063961816480E-02   -8.092137658938E-03    2.034048941246E-02    0.000000000000E+00    1.650542604700E-02    7.509536027347E-03    3.417996584015E-03    1.454587387294E-03   -5.907978908518E-04    2.327435439932E-04
   -8.695495405750E-03    3.703997932289E-03   -9.223317274725E-03   -1.650542604700E-02    0.000000000000E+00   -1.344556256226E-02   -6.166635672641E-03   -2.826130039586E-03    1.207459335978E-03   -4.913397839631E-04
   -3.542180097195E-03    1.587342207316E-03   -4.177407576059E-03   -7.509536027347E-03    1.344556256226E-02    0.000000000000E+00   -1.125159549657E-02   -5.201742675844E-03    2.399312074412E-03   -1.029333054943E-03
   -1.408110902670E-03    6.499494364438E-04   -1.774343586222E-03   -3.417996584015E-03    6.166635672641E-03    1.125159549657E-02    0.000000000000E+00   -9.643102993540E-03    4.489224649990E-03   -2.082247108053E-03
   -5.492183197482E-04    2.581717406622E-04   -7.207916413836E-04   -1.454587387294E-03    2.826130039586E-03    5.201742675844E-03    9.643102993540E-03    0.000000000000E+00    8.424251023671E-03   -3.944873936682E-03
    2.110095078565E-04   -1.003830865160E-04    2.843156227801E-04    5.907978908518E-04   -1.207459335978E-03   -2.399312074412E-03   -4.489224649990E-03   -8.424251023671E-03    0.000000000000E+00    7.472722225681E-03
   -8.008962805264E-05    3.841676181318E-05   -1.098706386033E-04   -2.327435439932E-04    4.913397839631E-04    1.029333054943E-03    2.082247108053E-03    3.944873936682E-03   -7.472722225681E-03    0.000000000000E+00
   8.5321339844953421     
    0.000000000000E+00    5.202715480635E-02   -4.476454365576E-02   -2.148243405254E-02    9.520772307310E-03    4.078581451460E-03    1.705639889721E-03    7.000383440523E-04   -2.830564177642E-04    1.130787057785E-04
   -5.202715480635E-02    0.000000000000E+00    1.606383129355E-02    7.635473262335E-03   -3.674424974214E-03   -1.660376233092E-03   -7.167077990254E-04   -2.999913853435E-04    1.228753255666E-04   -4.952712248927E-05
    4.476454365576E-02   -1.606383129355E-02    0.000000000000E+00   -1.954421666420E-02    9.120315047326E-03    4.333221684981E-03    1.938127364377E-03    8.293929181754E-04   -3.445869805007E-04    1.402370609855E-04
    2.148243405254E-02   -7.635473262335E-03    1.954421666420E-02    0.000000000000E+00    1.612371988256E-02    7.530427128291E-03    3.590691343817E-03    1.608123957711E-03   -6.878333999187E-04    2.853534976548E-04
   -9.520772307310E-03    3.674424974214E-03   -9.120315047326E-03   -1.612371988256E-02    0.000000000000E+00   -1.321941459004E-02   -6.214976265877E-03   -2.981854899018E-03    1.340310962834E-03   -5.742567890480E-04
   -4.078581451460E-03    1.660376233092E-03   -4.333221684981E-03   -7.530427128291E-03    1.321941459004E-02    0.000000000000E+00   -1.109729550848E-02   -5.255039147415E-03    2.536606471248E-03   -1.144681326012E-03
   -1.705639889721E-03    7.167077990254E-04   -1.938127364377E-03   -3.590691343817E-03    6.214976265877E-03    1.109729550848E-02    0.000000000000E+00   -9.528002238400E-03    4.541375257827E-03   -2.203890435484E-03
   -7.000383440523E-04    2.999913853435E-04   -8.293929181754E-04   -1.608123957711E-03    2.981854899018E-03    5.255039147415E-03    9.528002238400E-03    0.000000000000E+00    8.333109731871E-03   -3.994120666357E-03
    2.830564177642E-04   -1.228753255666E-04    3.445869805007E-04    6.878333999187E-04   -1.340310962834E-03   -2.536606471248E-03   -4.541375257827E-03   -8.333109731871E-03    0.000000000000E+00    7.397467282618E-03
   -1.130787057785E-04    4.952712248927E-05   -1.402370609855E-04   -2.853534976548E-04    5.742567890480E-04    1.144681326012E-03    2.203890435484E-03    3.994120666357E-03   -7.397467282618E-03    0.000000000000E+00
   8.9534112228731590     
    0.000000000000E+00    4.663921124133E-02   -4.374458044285E-02   -2.217352017982E-02    1.030303226939E-02    4.624851993900E-03    2.027253151989E-03    8.723565084233E-04   -3.698889325839E-04    1.549708245164E-04
   -4.663921124133E-02    0.000000000000E+00    1.472431371721E-02    7.170387884440E-03   -3.611171399558E-03   -1.714118512979E-03   -7.772366560334E-04   -3.416031933273E-04    1.468739852957E-04   -6.213001728187E-05
    4.374458044285E-02   -1.472431371721E-02    0.000000000000E+00   -1.874635612668E-02    8.964544820154E-03    4.449006525805E-03    2.087589524493E-03    9.377194638018E-04   -4.089009342993E-04    1.746324298746E-04
    2.217352017982E-02   -7.170387884440E-03    1.874635612668E-02    0.000000000000E+00    1.573448168387E-02    7.513230151615E-03    3.737019684669E-03    1.754655429558E-03   -7.875057523633E-04    3.428219727766E-04
   -1.030303226939E-02    3.611171399558E-03   -8.964544820154E-03   -1.573448168387E-02    0.000000000000E+00   -1.298959779074E-02   -6.235110736140E-03   -3.118288171304E-03    1.468971654842E-03   -6.602869389931E-04
   -4.624851993900E-03    1.714118512979E-03   -4.449006525805E-03   -7.513230151615E-03    1.298959779074E-02    0.000000000000E+00   -1.094152091540E-02   -5.285921708093E-03    2.658557592332E-03   -1.257105490447E-03
   -2.027253151989E-03    7.772366560334E-04   -2.087589524493E-03   -3.737019684669E-03    6.235110736140E-03    1.094152091540E-02    0.000000000000E+00   -9.412541538327E-03    4.574878504372E-03   -2.312726935152E-03
   -8.723565084233E-04    3.416031933273E-04   -9.377194638018E-04   -1.754655429558E-03    3.118288171304E-03    5.285921708093E-03    9.412541538327E-03    0.000000000000E+00    8.242194501929E-03   -4.027376990593E-03
    3.698889325839E-04   -1.468739852957E-04    4.089009342993E-04    7.875057523633E-04   -1.468971654842E-03   -2.658557592332E-03   -4.574878504372E-03   -8.242194501929E-03    0.000000000000E+00    7.322753373999E-03
   -1.549708245164E-04    6.213001728187E-05   -1.746324298746E-04   -3.428219727766E-04    6.602869389931E-04    1.257105490447E-03    2.312726935152E-03    4.027376990593E-03   -7.322753373999E-03    0.000000000000E+00
   9.3848397200070703     
    0.000000000000E+00    4.182639001946E-02   -4.252841308501E-02   -2.271592419338E-02    1.103344826291E-02    5.172801658825E-03    2.368812107739E-03    1.065204992360E-03   -4.720712701487E-04    2.067439376169E-04
   -4.182639001946E-02    0.000000000000E+00    1.351094645746E-02    6.708117354573E-03   -3.520150545742E-03   -1.749036290856E-03   -8.303624971916E-04   -3.819790247177E-04    1.718427377355E-04   -7.604399430169E-05
    4.252841308501E-02   -1.351094645746E-02    0.000000000000E+00   -1.795324108227E-02    8.764648843970E-03    4.525696793877E-03    2.220100741754E-03    1.043342662585E-03   -4.759650571926E-04    2.126293178297E-04
    2.271592419338E-02   -6.708117354573E-03    1.795324108227E-02    0.000000000000E+00    1.533976127827E-02    7.462531173361E-03    3.856621486771E-03    1.891806811820E-03   -8.879796733587E-04    4.043183675551E-04
   -1.103344826291E-02    3.520150545742E-03   -8.764648843970E-03   -1.533976127827E-02    0.000000000000E+00   -1.275716111838E-02   -6.230404215731E-03   -3.235043801036E-03    1.591553726343E-03   -7.480299854762E-04
   -5.172801658825E-03    1.749036290856E-03   -4.525696793877E-03   -7.462531173361E-03    1.275716111838E-02    0.000000000000E+00   -1.078503525786E-02   -5.297137244733E-03    2.764837621417E-03   -1.365046136988E-03
   -2.368812107739E-03    8.303624971916E-04   -2.220100741754E-03   -3.856621486771E-03    6.230404215731E-03    1.078503525786E-02    0.000000000000E+00   -9.297348474113E-03    4.592069236319E-03   -2.408474823537E-03
   -1.065204992360E-03    3.819790247177E-04   -1.043342662585E-03   -1.891806811820E-03    3.235043801036E-03    5.297137244733E-03    9.297348474113E-03    0.000000000000E+00    8.152047061152E-03   -4.046676837732E-03
    4.720712701487E-04   -1.718427377355E-04    4.759650571926E-04    8.879796733587E-04   -1.591553726343E-03   -2.764837621417E-03   -4.592069236319E-03   -8.152047061152E-03    0.000000000000E+00    7.249060794356E-03
   -2.067439376169E-04    7.604399430169E-05   -2.126293178297E-04   -4.043183675551E-04    7.480299854762E-04    1.365046136988E-03    2.408474823537E-03    4.046676837732E-03   -7.249060794356E-03    0.000000000000E+00
   9.8264194758970742     
    0.000000000000E+00    3.753656751576E-02   -4.115500060280E-02   -2.311499093583E-02    1.170520608376E-02    5.714757819619E-03    2.725764730809E-03    1.277019867313E-03   -5.897446553511E-04    2.691753928427E-04
   -3.753656751576E-02    0.000000000000E+00    1.241402693223E-02    6.257211488884E-03   -3.407142967574E-03   -1.766185734255E-03   -8.752941202609E-04   -4.201949996774E-04    1.972133342215E-04   -9.102696744083E-05
    4.115500060280E-02   -1.241402693223E-02    0.000000000000E+00   -1.717016358911E-02    8.528942086713E-03    4.565235077650E-03    2.333776266250E-03    1.144019777894E-03   -5.443805463592E-04    2.536377031913E-04
    2.311499093583E-02   -6.257211488884E-03    1.717016358911E-02    0.000000000000E+00    1.494118566883E-02    7.382744884599E-03    3.949788555007E-03    2.017611678460E-03   -9.874418337681E-04    4.688668287969E-04
   -1.170520608376E-02    3.407142967574E-03   -8.528942086713E-03   -1.494118566883E-02    0.000000000000E+00   -1.252277894285E-02   -6.204040010697E-03   -3.332209463700E-03    1.706459434258E-03   -8.360813090772E-04
   -5.714757819619E-03    1.766185734255E-03   -4.565235077650E-03   -7.382744884599E-03    1.252277894285E-02    0.000000000000E+00   -1.062827791820E-02   -5.291270908693E-03    2.855503627700E-03   -1.467178214558E-03
   -2.725764730809E-03    8.752941202609E-04   -2.333776266250E-03   -3.949788555007E-03    6.204040010697E-03    1.062827791820E-02    0.000000000000E+00   -9.182772199713E-03    4.595141815927E-03   -2.491179807212E-03
   -1.277019867313E-03    4.201949996774E-04   -1.144019777894E-03   -2.017611678460E-03    3.332209463700E-03    5.291270908693E-03    9.182772199713E-03    0.000000000000E+00    8.062966579567E-03   -4.053930560061E-03
    5.897446553511E-04   -1.972133342215E-04    5.443805463592E-04    9.874418337681E-04   -1.706459434258E-03   -2.855503627700E-03   -4.595141815927E-03   -8.062966579567E-03    0.000000000000E+00    7.176655300909E-03
   -2.691753928427E-04    9.102696744083E-05   -2.536377031913E-04   -4.688668287969E-04    8.360813090772E-04    1.467178214558E-03    2.491179807212E-03    4.053930560061E-03   -7.176655300909E-03    0.000000000000E+00
   10.278150490543169     
    0.000000000000E+00    3.371809431694E-02   -3.966032545321E-02   -2.337781304576E-02    1.231336388119E-02    6.243754232966E-03    3.093350493948E-03    1.505731800440E-03   -7.226233185091E-04    3.427990558109E-04
   -3.371809431694E-02    0.000000000000E+00    1.142320142089E-02    5.823857326532E-03   -3.277562521354E-03   -1.767053083495E-03   -9.116032045720E-04   -4.554664345201E-04    2.224182267232E-04   -1.067917953487E-04
    3.966032545321E-02   -1.142320142089E-02    0.000000000000E+00   -1.640150068253E-02    8.265210737657E-03    4.570342868845E-03    2.427468207346E-03    1.237782620083E-03   -6.127177425040E-04    2.969386638378E-04
    2.337781304576E-02   -5.823857326532E-03    1.640150068253E-02    0.000000000000E+00    1.454009488842E-02    7.278034684388E-03    4.017352521966E-03    2.130534743204E-03   -1.084169562987E-03    5.353929567481E-04
   -1.231336388119E-02    3.277562521354E-03   -8.265210737657E-03   -1.454009488842E-02    0.000000000000E+00   -1.228686801732E-02   -6.158963638746E-03   -3.410259381892E-03    1.812396893957E-03   -9.230824179786E-04
   -6.243754232966E-03    1.767053083495E-03   -4.570342868845E-03   -7.278034684388E-03    1.228686801732E-02    0.000000000000E+00   -1.047145797818E-02   -5.270699165800E-03    2.930924301411E-03   -1.562423402944E-03
   -3.093350493948E-03    9.116032045720E-04   -2.427468207346E-03   -4.017352521966E-03    6.158963638746E-03    1.047145797818E-02    0.000000000000E+00   -9.068961646592E-03    4.586110004748E-03   -2.561152313960E-03
   -1.505731800440E-03    4.554664345201E-04   -1.237782620083E-03   -2.130534743204E-03    3.410259381892E-03    5.270699165800E-03    9.068961646592E-03    0.000000000000E+00    7.975077012728E-03   -4.050890126225E-03
    7.226233185091E-04   -2.224182267232E-04    6.127177425040E-04    1.084169562987E-03   -1.812396893957E-03   -2.930924301411E-03   -4.586110004748E-03   -7.975077012728E-03    0.000000000000E+00    7.105647328803E-03
   -3.427990558109E-04    1.067917953487E-04   -2.969386638378E-04   -5.353929567481E-04    9.230824179786E-04    1.562423402944E-03    2.561152313960E-03    4.050890126225E-03   -7.105647328803E-03    0.000000000000E+00
   10.740032763945356     
    0.000000000000E+00    3.032162463975E-02   -3.807707929088E-02   -2.351277161682E-02    1.285467071022E-02    6.753652873162E-03    3.466785284952E-03    1.748873327371E-03   -8.700143699054E-04    4.278778117762E-04
   -3.032162463975E-02    0.000000000000E+00    1.052813788216E-02    5.412242151337E-03   -3.136304175343E-03   -1.753407635738E-03   -9.391869129410E-04   -4.871680959963E-04    2.469188041761E-04   -1.230235082642E-04
    3.807707929088E-02   -1.052813788216E-02    0.000000000000E+00   -1.565081698300E-02    7.980574180113E-03    4.544295965016E-03    2.500719530842E-03    1.322998748204E-03   -6.795860413794E-04    3.417244373223E-04
    2.351277161682E-02   -5.412242151337E-03    1.565081698300E-02    0.000000000000E+00    1.413763966633E-02    7.152265040587E-03    4.060574252205E-03    2.229472648155E-03   -1.176587189603E-03    6.027717451958E-04
   -1.285467071022E-02    3.136304175343E-03   -7.980574180113E-03   -1.413763966633E-02    0.000000000000E+00   -1.204967696684E-02   -6.097854282244E-03   -3.469970521588E-03    1.908380470884E-03   -1.007762656959E-03
   -6.753652873162E-03    1.753407635738E-03   -4.544295965016E-03   -7.152265040587E-03    1.204967696684E-02    0.000000000000E+00   -1.031462656672E-02   -5.237565750198E-03    2.991709619790E-03   -1.649949611344E-03
   -3.466785284952E-03    9.391869129410E-04   -2.500719530842E-03   -4.060574252205E-03    6.097854282244E-03    1.031462656672E-02    0.000000000000E+00   -8.955925576240E-03    4.566786217143E-03   -2.618907147832E-03
   -1.748873327371E-03    4.871680959963E-04   -1.322998748204E-03   -2.229472648155E-03    3.469970521588E-03    5.237565750198E-03    8.955925576240E-03    0.000000000000E+00    7.888378685131E-03   -4.039131118905E-03
    8.700143699054E-04   -2.469188041761E-04    6.795860413794E-04    1.176587189603E-03   -1.908380470884E-03   -2.991709619790E-03   -4.566786217143E-03   -7.888378685131E-03    0.000000000000E+00    7.036037302020E-03
   -4.278778117762E-04    1.230235082642E-04   -3.417244373223E-04   -6.027717451958E-04    1.007762656959E-03    1.649949611344E-03    2.618907147832E-03    4.039131118905E-03   -7.036037302020E-03    0.000000000000E+00
   11.212066296103632     
    0.000000000000E+00    2.730116256690E-02   -3.643448699464E-02   -2.352915454374E-02    1.332736530212E-02    7.239207530965E-03    3.841418897774E-03    2.003693078784E-03   -1.030857230822E-03    5.243920841741E-04
   -2.730116256690E-02    0.000000000000E+00    9.718956397503E-03    5.024918416801E-03   -2.987659417539E-03   -1.727173393038E-03   -9.582196679400E-04   -5.148414426044E-04    2.702278064652E-04   -1.393964881882E-04
    3.643448699464E-02   -9.718956397503E-03    0.000000000000E+00   -1.492095249426E-02    7.681401723092E-03    4.490716096869E-03    2.553689881783E-03    1.398405545665E-03   -7.436937296723E-04    3.871408634477E-04
    2.352915454374E-02   -5.024918416801E-03    1.492095249426E-02    0.000000000000E+00    1.373484865649E-02    7.008977941076E-03    4.081039475568E-03    2.313737066874E-03   -1.263308885921E-03    6.698736708949E-04
   -1.332736530212E-02    2.987659417539E-03   -7.681401723092E-03   -1.373484865649E-02    0.000000000000E+00   -1.181135335804E-02   -6.023116646367E-03   -3.512345702546E-03    1.993719005781E-03   -1.088971529942E-03
   -7.239207530965E-03    1.727173393038E-03   -4.490716096869E-03   -7.008977941076E-03    1.181135335804E-02    0.000000000000E+00   -1.015773192206E-02   -5.193774869112E-03    3.038646493490E-03   -1.729160480143E-03
   -3.841418897774E-03    9.582196679400E-04   -2.553689881783E-03   -4.081039475568E-03    6.023116646367E-03    1.015773192206E-02    0.000000000000E+00   -8.843578144584E-03    4.538775370378E-03   -2.665108186126E-03
   -2.003693078784E-03    5.148414426044E-04   -1.398405545665E-03   -2.313737066874E-03    3.512345702546E-03    5.193774869112E-03    8.843578144584E-03    0.000000000000E+00    7.802787303668E-03   -4.020047369615E-03
    1.030857230822E-03   -2.702278064652E-04    7.436937296723E-04    1.263308885921E-03   -1.993719005781E-03   -3.038646493490E-03   -4.538775370378E-03   -7.802787303668E-03    0.000000000000E+00    6.967749853258E-03
   -5.243920841741E-04    1.393964881882E-04   -3.871408634477E-04   -6.698736708949E-04    1.088971529942E-03    1.729160480143E-03    2.665108186126E-03    4.020047369615E-03   -6.967749853258E-03    0.000000000000E+00
   11.694251087018003     
    0.000000000000E+00    2.461457269635E-02   -3.475824904147E-02   -2.343683978904E-02    1.373097050343E-02    7.696079623073E-03    4.212861446441E-03    2.267268760125E-03   -1.203777443992E-03    6.320435415515E-04
   -2.461457269635E-02    0.000000000000E+00    8.986479112775E-03    4.663145997389E-03   -2.835284688767E-03   -1.690322572409E-03   -9.691000641231E-04   -5.381912342804E-04    2.919253616207E-04   -1.555902595905E-04
    3.475824904147E-02   -8.986479112775E-03    0.000000000000E+00   -1.421410159467E-02    7.373274936648E-03    4.413386878612E-03    2.587063233017E-03    1.463119636634E-03   -8.038949923386E-04    4.323286485971E-04
    2.343683978904E-02   -4.663145997389E-03    1.421410159467E-02    0.000000000000E+00    1.333267218212E-02    6.851386553002E-03    4.080563732673E-03    2.383024254389E-03   -1.343167932163E-03    7.356065017422E-04
   -1.373097050343E-02    2.835284688767E-03   -7.373274936648E-03   -1.333267218212E-02    0.000000000000E+00   -1.157199280445E-02   -5.936887147937E-03   -3.538545685842E-03    2.067995088035E-03   -1.165701750802E-03
   -7.696079623073E-03    1.690322572409E-03   -4.413386878612E-03   -6.851386553002E-03    1.157199280445E-02    0.000000000000E+00   -1.000066079848E-02   -5.140996733197E-03    3.072642206235E-03   -1.799677645858E-03
   -4.212861446441E-03    9.691000641231E-04   -2.587063233017E-03   -4.080563732673E-03    5.936887147937E-03    1.000066079848E-02    0.000000000000E+00   -8.731773127926E-03    4.503479193105E-03   -2.700519692874E-03
   -2.267268760125E-03    5.381912342804E-04   -1.463119636634E-03   -2.383024254389E-03    3.538545685842E-03    5.140996733197E-03    8.731773127926E-03    0.000000000000E+00    7.718163149319E-03   -3.994854627155E-03
    1.203777443992E-03   -2.919253616207E-04    8.038949923386E-04    1.343167932163E-03   -2.067995088035E-03   -3.072642206235E-03   -4.503479193105E-03   -7.718163149319E-03    0.000000000000E+00    6.900659376663E-03
   -6.320435415515E-04    1.555902595905E-04   -4.323286485971E-04   -7.356065017422E-04    1.165701750802E-03    1.799677645858E-03    2.700519692874E-03    3.994854627155E-03   -6.900659376663E-03    0.000000000000E+00
   12.186587136688470     
    0.000000000000E+00    2.222373618896E-02   -3.307058460367E-02   -2.324603215077E-02    1.406609398065E-02    8.120816940358E-03    4.577078099723E-03    2.536612491157E-03   -1.387149503470E-03    7.502720554697E-04
   -2.222373618896E-02    0.000000000000E+00    8.322351663077E-03    4.327197550680E-03   -2.682209227511E-03   -1.644791552311E-03   -9.723975147231E-04   -5.570741398777E-04    3.116687854073E-04   -1.713029608033E-04
    3.307058460367E-02   -8.322351663077E-03    0.000000000000E+00   -1.353188680359E-02    7.060986536010E-03    4.316098758997E-03    2.601946449807E-03    1.516625511505E-03   -8.592229492595E-04    4.764606129507E-04
    2.324603215077E-02   -4.327197550680E-03    1.353188680359E-02    0.000000000000E+00    1.293200844849E-02    6.682380593185E-03    4.061108399088E-03    2.437374963559E-03   -1.415233117971E-03    7.989510919594E-04
   -1.406609398065E-02    2.682209227511E-03   -7.060986536010E-03   -1.293200844849E-02    0.000000000000E+00   -1.133167387817E-02   -5.841049440212E-03   -3.549831143976E-03    2.131038269255E-03   -1.237103641516E-03
   -8.120816940358E-03    1.644791552311E-03   -4.316098758997E-03   -6.682380593185E-03    1.133167387817E-02    0.000000000000E+00   -9.843269207930E-03   -5.080681325821E-03    3.094676469476E-03   -1.861318252054E-03
   -4.577078099723E-03    9.723975147231E-04   -2.601946449807E-03   -4.061108399088E-03    5.841049440212E-03    9.843269207930E-03    0.000000000000E+00   -8.620329400958E-03    4.462107573782E-03   -2.725964986327E-03
   -2.536612491157E-03    5.570741398777E-04   -1.516625511505E-03   -2.437374963559E-03    3.549831143976E-03    5.080681325821E-03    8.620329400958E-03    0.000000000000E+00    7.634332714277E-03   -3.964600293381E-03
    1.387149503470E-03   -3.116687854073E-04    8.592229492595E-04    1.415233117971E-03   -2.131038269255E-03   -3.094676469476E-03   -4.462107573782E-03   -7.634332714277E-03    0.000000000000E+00    6.834608914266E-03
   -7.502720554697E-04    1.713029608033E-04   -4.764606129507E-04   -7.989510919594E-04    1.237103641516E-03    1.861318252054E-03    2.725964986327E-03    3.964600293381E-03   -6.834608914266E-03    0.000000000000E+00
   12.689074445115018     
    0.000000000000E+00    2.009448140425E-02   -3.139035800693E-02   -2.296704414701E-02    1.433424189273E-02    8.510805446553E-03    4.930453810970E-03    2.808764023637E-03   -1.579163684423E-03    8.782832632680E-04
   -2.009448140425E-02    0.000000000000E+00    7.719077460349E-03    4.016620418653E-03   -2.530870415172E-03   -1.592418083102E-03   -9.688019081755E-04   -5.714818896139E-04    3.291967641223E-04   -1.862619705014E-04
    3.139035800693E-02   -7.719077460349E-03    0.000000000000E+00   -1.287542904286E-02    6.748567272311E-03    4.202524737000E-03    2.599766441848E-03    1.558747952406E-03   -9.089089302890E-04    5.187729424805E-04
    2.296704414701E-02   -4.016620418653E-03    1.287542904286E-02    0.000000000000E+00    1.253371714029E-02    6.504539220157E-03    4.024708544435E-03    2.477128274952E-03   -1.478813574092E-03    8.589901083123E-04
   -1.433424189273E-02    2.530870415172E-03   -6.748567272311E-03   -1.253371714029E-02    0.000000000000E+00   -1.109048194219E-02   -5.737255358283E-03   -3.547514563611E-03    2.182894693073E-03   -1.302491821375E-03
   -8.510805446554E-03    1.592418083102E-03   -4.202524737000E-03   -6.504539220157E-03    1.109048194219E-02    0.000000000000E+00   -9.685404891609E-03   -5.014077163320E-03    3.105762165825E-03   -1.914069823128E-03
   -4.930453810970E-03    9.688019081755E-04   -2.599766441848E-03   -4.024708544435E-03    5.737255358283E-03    9.685404891609E-03    0.000000000000E+00   -8.509049732187E-03    4.415694241467E-03   -2.742292563331E-03
   -2.808764023637E-03    5.714818896139E-04   -1.558747952406E-03   -2.477128274952E-03    3.547514563611E-03    5.014077163320E-03    8.509049732187E-03    0.000000000000E+00    7.551104598076E-03   -3.930176886832E-03
    1.579163684423E-03   -3.291967641223E-04    9.089089302890E-04    1.478813574092E-03   -2.182894693073E-03   -3.105762165825E-03   -4.415694241467E-03   -7.551104598076E-03    0.000000000000E+00    6.769423978891E-03
   -8.782832632680E-04    1.862619705014E-04   -5.187729424805E-04   -8.589901083123E-04    1.302491821375E-03    1.914069823128E-03    2.742292563331E-03    3.930176886832E-03   -6.769423978891E-03    0.000000000000E+00
   13.201713012297668     
    0.000000000000E+00    1.819637932560E-02   -2.973327095377E-02   -2.261011373933E-02    1.453764925714E-02    8.864203063434E-03    5.269831243915E-03    3.080869158481E-03   -1.777892547409E-03    1.015083762009E-03
   -1.819637932560E-02    0.000000000000E+00    7.169996318833E-03    3.730453822150E-03   -2.383166714153E-03   -1.534897542058E-03   -9.590783895438E-04   -5.815212325434E-04    3.443288251532E-04   -2.002315138726E-04
    2.973327095377E-02   -7.169996318833E-03    0.000000000000E+00   -1.224541485165E-02    6.439333095192E-03    4.076126303265E-03    2.582171907304E-03    1.589613003737E-03   -9.523892108068E-04    5.585893325384E-04
    2.261011373933E-02   -3.730453822150E-03    1.224541485165E-02    0.000000000000E+00    1.213862435440E-02    6.320148396167E-03    3.973412641486E-03    2.502872421647E-03   -1.533453699053E-03    9.149292389778E-04
   -1.453764925714E-02    2.383166714153E-03   -6.439333095192E-03   -1.213862435440E-02    0.000000000000E+00   -1.084852443961E-02   -5.626948360112E-03   -3.532921545521E-03    2.223795169635E-03   -1.361345310141E-03
   -8.864203063434E-03    1.534897542058E-03   -4.076126303265E-03   -6.320148396167E-03    1.084852443961E-02    0.000000000000E+00   -9.526923407446E-03   -4.942252570248E-03    3.106914329155E-03   -1.958064218466E-03
   -5.269831243915E-03    9.590783895438E-04   -2.582171907304E-03   -3.973412641486E-03    5.626948360112E-03    9.526923407446E-03    0.000000000000E+00   -8.397734508358E-03    4.365114718443E-03   -2.750349333130E-03
   -3.080869158481E-03    5.815212325434E-04   -1.589613003737E-03   -2.502872421647E-03    3.532921545521E-03    4.942252570248E-03    8.397734508358E-03    0.000000000000E+00    7.468281082018E-03   -3.892337462916E-03
    1.777892547409E-03   -3.443288251532E-04    9.523892108068E-04    1.533453699053E-03   -2.223795169635E-03   -3.106914329155E-03   -4.365114718443E-03   -7.468281082018E-03    0.000000000000E+00    6.704922570443E-03
   -1.015083762009E-03    2.002315138726E-04   -5.585893325384E-04   -9.149292389778E-04    1.361345310141E-03    1.958064218466E-03    2.750349333130E-03    3.892337462916E-03   -6.704922570443E-03    0.000000000000E+00
   13.724502838236411     
    0.000000000000E+00    1.650246524156E-02   -2.811210296771E-02   -2.218525341934E-02    1.467912855411E-02    9.179862910376E-03    5.592525957445E-03    3.350242241011E-03   -1.981353679434E-03    1.159520954755E-03
   -1.650246524156E-02    0.000000000000E+00    6.669230330864E-03    3.467403543011E-03   -2.240520307144E-03   -1.473755485349E-03   -9.440284350028E-04   -5.873925681514E-04    3.569611195024E-04   -2.130173461634E-04
    2.811210296771E-02   -6.669230330864E-03    0.000000000000E+00   -1.164216022955E-02    6.135945826780E-03    3.940087390446E-03    2.550943968201E-03    1.609601956823E-03   -9.893010892291E-04    5.953376812962E-04
    2.218525341934E-02   -3.467403543011E-03    1.164216022955E-02    0.000000000000E+00    1.174752193607E-02    6.131220585824E-03    3.909233618569E-03    2.515395177705E-03   -1.578920041684E-03    9.661109485265E-04
   -1.467912855411E-02    2.240520307144E-03   -6.135945826780E-03   -1.174752193607E-02    0.000000000000E+00   -1.060593967218E-02   -5.511387385037E-03   -3.507360602966E-03    2.254123284749E-03   -1.413302235503E-03
   -9.179862910376E-03    1.473755485349E-03   -3.940087390446E-03   -6.131220585824E-03    1.060593967218E-02    0.000000000000E+00   -9.367699294767E-03   -4.866117659220E-03    3.099126571674E-03   -1.993551989746E-03
   -5.592525957445E-03    9.440284350028E-04   -2.550943968201E-03   -3.909233618569E-03    5.511387385037E-03    9.367699294767E-03    0.000000000000E+00   -8.286191619799E-03    4.311105036800E-03   -2.750960319275E-03
   -3.350242241011E-03    5.873925681514E-04   -1.609601956823E-03   -2.515395177705E-03    3.507360602966E-03    4.866117659220E-03    8.286191619799E-03    0.000000000000E+00    7.385666469839E-03   -3.851711702501E-03
    1.981353679434E-03   -3.569611195024E-04    9.893010892291E-04    1.578920041684E-03   -2.254123284749E-03   -3.099126571674E-03   -4.311105036800E-03   -7.385666469839E-03    0.000000000000E+00    6.640922352539E-03
   -1.159520954755E-03    2.130173461634E-04   -5.953376812962E-04   -9.661109485265E-04    1.413302235503E-03    1.993551989746E-03    2.750960319275E-03    3.851711702501E-03   -6.640922352539E-03    0.000000000000E+00
   14.257443922931238     
    0.000000000000E+00    1.498892759586E-02   -2.653698342880E-02   -2.170212663479E-02    1.476193663216E-02    9.457251927035E-03    5.896323237583E-03    3.614412854214E-03   -2.187566179825E-03    1.310324806578E-03
   -1.498892759586E-02    0.000000000000E+00    6.211613030704E-03    3.225978318984E-03   -2.103943427045E-03   -1.410333593129E-03   -9.244576643470E-04   -5.893687024567E-04    3.670595383631E-04   -2.244688019516E-04
    2.653698342880E-02   -6.211613030704E-03    0.000000000000E+00   -1.106567047355E-02    5.840481668990E-03    3.797273038356E-03    2.507918415248E-03    1.619302259368E-03   -1.019470525398E-03    6.285596118206E-04
    2.170212663479E-02   -3.225978318984E-03    1.106567047355E-02    0.000000000000E+00    1.136116356061E-02    5.939515376335E-03    3.834110410991E-03    2.515635860189E-03   -1.615182052329E-03    1.012021246017E-03
   -1.476193663216E-02    2.103943427045E-03   -5.840481668990E-03   -1.136116356061E-02    0.000000000000E+00   -1.036290070147E-02   -5.391669749681E-03   -3.472100375747E-03    2.274384732384E-03   -1.458150322100E-03
   -9.457251927035E-03    1.410333593129E-03   -3.797273038356E-03   -5.939515376335E-03    1.036290070147E-02    0.000000000000E+00   -9.207633450885E-03   -4.786445759340E-03    3.083353986334E-03   -2.020878101081E-03
   -5.896323237583E-03    9.244576643470E-04   -2.507918415248E-03   -3.834110410991E-03    5.391669749681E-03    9.207633450885E-03    0.000000000000E+00   -8.174243443287E-03    4.254280166520E-03   -2.744914023685E-03
   -3.614412854214E-03    5.893687024567E-04   -1.619302259368E-03   -2.515635860189E-03    3.472100375747E-03    4.786445759340E-03    8.174243443287E-03    0.000000000000E+00    7.303073021440E-03   -3.808821776047E-03
    2.187566179825E-03   -3.670595383631E-04    1.019470525398E-03    1.615182052329E-03   -2.274384732384E-03   -3.083353986334E-03   -4.254280166520E-03   -7.303073021440E-03    0.000000000000E+00    6.577245726818E-03
   -1.310324806578E-03    2.244688019516E-04   -6.285596118206E-04   -1.012021246017E-03    1.458150322100E-03    2.020878101081E-03    2.744914023685E-03    3.808821776047E-03   -6.577245726818E-03    0.000000000000E+00
   14.800536266382164     
    0.000000000000E+00    1.363479032307E-02   -2.501568016718E-02   -2.116994854658E-02    1.478965903488E-02    9.696369337032E-03    6.179460886883E-03    3.871157739220E-03   -2.394599303724E-03    1.466149163422E-03
   -1.363479032307E-02    0.000000000000E+00    5.792612541883E-03    3.004593147413E-03   -1.974104012144E-03   -1.345786188831E-03   -9.011503146229E-04   -5.877747799890E-04    3.746511019825E-04   -2.344786127995E-04
    2.501568016718E-02   -5.792612541883E-03    0.000000000000E+00   -1.051569532336E-02    5.554502947568E-03    3.650208909629E-03    2.454920916618E-03    1.619458547698E-03   -1.042893631416E-03    6.579135485958E-04
    2.116994854658E-02   -3.004593147413E-03    1.051569532336E-02    0.000000000000E+00    1.098025928450E-02    5.746560127154E-03    3.749878966570E-03    2.504640494141E-03   -1.642388553003E-03    1.052290226314E-03
   -1.478965903488E-02    1.974104012144E-03   -5.554502947568E-03   -1.098025928450E-02    0.000000000000E+00   -1.011961567435E-02   -5.268752244516E-03   -3.428353122894E-03    2.285178707931E-03   -1.495814270688E-03
   -9.696369337032E-03    1.345786188831E-03   -3.650208909629E-03   -5.746560127154E-03    1.011961567435E-02    0.000000000000E+00   -9.046657598000E-03   -4.703893476815E-03    3.060501487890E-03   -2.040459654465E-03
   -6.179460886883E-03    9.011503146229E-04   -2.454920916618E-03   -3.749878966570E-03    5.268752244516E-03    9.046657598000E-03    0.000000000000E+00   -8.061731627525E-03    4.195151460864E-03   -2.732952580373E-03
   -3.871157739220E-03    5.877747799890E-04   -1.619458547698E-03   -2.504640494141E-03    3.428353122894E-03    4.703893476815E-03    8.061731627525E-03    0.000000000000E+00    7.220325099869E-03   -3.764097398932E-03
    2.394599303724E-03   -3.746511019825E-04    1.042893631416E-03    1.642388553003E-03   -2.285178707931E-03   -3.060501487890E-03   -4.195151460864E-03   -7.220325099869E-03    0.000000000000E+00    6.513723360227E-03
   -1.466149163422E-03    2.344786127995E-04   -6.579135485958E-04   -1.052290226314E-03    1.495814270688E-03    2.040459654465E-03    2.732952580373E-03    3.764097398932E-03   -6.513723360227E-03    0.000000000000E+00
   15.353779868589175     
    0.000000000000E+00    1.242160485180E-02   -2.355389171864E-02   -2.059740873841E-02    1.476611033256E-02    9.897668097508E-03    6.440601927162E-03    4.118519568453E-03   -2.600612473164E-03    1.625610766036E-03
   -1.242160485180E-02    0.000000000000E+00    5.408255435516E-03    2.801644936001E-03   -1.851387699584E-03   -1.281084746722E-03   -8.748499462575E-04   -5.829700914191E-04    3.798144281132E-04   -2.429809465211E-04
    2.355389171864E-02   -5.408255435516E-03    0.000000000000E+00   -9.991778840501E-03    5.279129519081E-03    3.501077626586E-03    2.393715447883E-03    1.610926237878E-03   -1.059714182410E-03    6.831723517574E-04
    2.059740873841E-02   -2.801644936001E-03    9.991778840501E-03    0.000000000000E+00    1.060546977182E-02    5.553670114982E-03    3.658251561069E-03    2.483521227013E-03   -1.660841628140E-03    1.086687333009E-03
   -1.476611033256E-02    1.851387699584E-03   -5.279129519081E-03   -1.060546977182E-02    0.000000000000E+00   -9.876325597338E-03   -5.143469996418E-03   -3.377263390699E-03    2.287171903477E-03   -1.526341031350E-03
   -9.897668097508E-03    1.281084746722E-03   -3.501077626586E-03   -5.553670114982E-03    9.876325597338E-03    0.000000000000E+00   -8.884736516399E-03   -4.619018906301E-03    3.031416574286E-03   -2.052765998112E-03
   -6.440601927162E-03    8.748499462575E-04   -2.393715447883E-03   -3.658251561069E-03    5.143469996418E-03    8.884736516399E-03    0.000000000000E+00   -7.948520206588E-03    4.134142696520E-03   -2.715765830864E-03
   -4.118519568453E-03    5.829700914191E-04   -1.610926237878E-03   -2.483521227013E-03    3.377263390699E-03    4.619018906301E-03    7.948520206588E-03    0.000000000000E+00    7.137261990729E-03   -3.717889725623E-03
    2.600612473164E-03   -3.798144281132E-04    1.059714182410E-03    1.660841628140E-03   -2.287171903477E-03   -3.031416574286E-03   -4.134142696520E-03   -7.137261990729E-03    0.000000000000E+00    6.450196578432E-03
   -1.625610766036E-03    2.429809465211E-04   -6.831723517574E-04   -1.086687333009E-03    1.526341031350E-03    2.052765998112E-03    2.715765830864E-03    3.717889725623E-03   -6.450196578432E-03    0.000000000000E+00
   15.917174729552285     
    0.000000000000E+00    1.133316112103E-02   -2.215553286565E-02   -1.999261388092E-02    1.469524882355E-02    1.006198138399E-02    6.678800657823E-03    4.354814524375E-03   -2.803886519233E-03    1.787324591039E-03
   -1.133316112103E-02    0.000000000000E+00    5.055055235995E-03    2.615565726907E-03   -1.735954288801E-03   -1.217028118872E-03   -8.462457393004E-04   -5.753321658562E-04    3.826699368019E-04   -2.499481235933E-04
    2.215553286565E-02   -5.055055235995E-03    0.000000000000E+00   -9.493303687427E-03    5.015107211113E-03    3.351728043990E-03    2.325965384037E-03    1.594629380642E-03   -1.070199062475E-03    7.042166422047E-04
    1.999261388092E-02   -2.615565726907E-03    9.493303687427E-03    0.000000000000E+00    1.023740101263E-02    5.361967884162E-03    3.560803260286E-03    2.453420670673E-03   -1.670969431652E-03    1.115112386816E-03
   -1.469524882355E-02    1.735954288801E-03   -5.015107211113E-03   -1.023740101263E-02    0.000000000000E+00   -9.633300375216E-03   -5.016552954283E-03   -3.319900845865E-03    2.281075407426E-03   -1.549883850280E-03
   -1.006198138399E-02    1.217028118872E-03   -3.351728043990E-03   -5.361967884162E-03    9.633300375216E-03    0.000000000000E+00   -8.721868575317E-03   -4.532297762676E-03    2.996885566048E-03   -2.058301385204E-03
   -6.678800657823E-03    8.462457393004E-04   -2.325965384037E-03   -3.560803260286E-03    5.016552954283E-03    8.721868575317E-03    0.000000000000E+00   -7.834497437667E-03    4.071604488332E-03   -2.693988507564E-03
   -4.354814524375E-03    5.753321658562E-04   -1.594629380642E-03   -2.453420670673E-03    3.319900845865E-03    4.532297762676E-03    7.834497437667E-03    0.000000000000E+00    7.053739734667E-03   -3.670483900682E-03
    2.803886519233E-03   -3.826699368019E-04    1.070199062475E-03    1.670969431652E-03   -2.281075407426E-03   -2.996885566048E-03   -4.071604488332E-03   -7.053739734667E-03    0.000000000000E+00    6.386518932218E-03
   -1.787324591039E-03    2.499481235933E-04   -7.042166422047E-04   -1.115112386816E-03    1.549883850280E-03    2.058301385204E-03    2.693988507564E-03    3.670483900682E-03   -6.386518932218E-03    0.000000000000E+00
   16.490720849271483     
    0.000000000000E+00    1.035522238968E-02   -2.082300564446E-02   -1.936304852602E-02    1.458110395589E-02    1.019045529047E-02    6.893464927923E-03    4.578630749865E-03   -3.002846518471E-03    1.949934627125E-03
   -1.035522238968E-02    0.000000000000E+00    4.729947597152E-03    2.444858230363E-03   -1.627787675296E-03   -1.154256562241E-03   -8.159636273500E-04   -5.652433280189E-04    3.833702969292E-04   -2.553864351577E-04
    2.082300564446E-02   -4.729947597152E-03    0.000000000000E+00   -9.019529729124E-03    4.762871487310E-03    3.203693917838E-03    2.253206137573E-03    1.571523833470E-03   -1.074713239086E-03    7.210249635392E-04
    1.936304852602E-02   -2.444858230363E-03    9.019529729124E-03    0.000000000000E+00    9.876600046110E-03    5.172401663656E-03    3.458964398878E-03    2.415481501104E-03   -1.673299166172E-03    1.137583440761E-03
   -1.458110395589E-02    1.627787675296E-03   -4.762871487310E-03   -9.876600046110E-03    0.000000000000E+00   -9.390833760428E-03   -4.888640051246E-03   -3.257256386564E-03    2.267624624332E-03   -1.566685836753E-03
   -1.019045529047E-02    1.154256562241E-03   -3.203693917838E-03   -5.172401663656E-03    9.390833760428E-03    0.000000000000E+00   -8.558084983003E-03   -4.444137381882E-03    2.957632490042E-03   -2.057590191614E-03
   -6.893464927923E-03    8.159636273500E-04   -2.253206137573E-03   -3.458964398878E-03    4.888640051246E-03    8.558084983003E-03    0.000000000000E+00   -7.719576664202E-03    4.007827002944E-03   -2.668199795269E-03
   -4.578630749865E-03    5.652433280189E-04   -1.571523833470E-03   -2.415481501104E-03    3.257256386564E-03    4.444137381882E-03    7.719576664202E-03    0.000000000000E+00    6.969632225583E-03   -3.622110204609E-03
    3.002846518471E-03   -3.833702969292E-04    1.074713239086E-03    1.673299166172E-03   -2.267624624332E-03   -2.957632490042E-03   -4.007827002944E-03   -6.969632225583E-03    0.000000000000E+00    6.322557164099E-03
   -1.949934627125E-03    2.553864351577E-04   -7.210249635392E-04   -1.137583440761E-03    1.566685836753E-03    2.057590191614E-03    2.668199795269E-03    3.622110204609E-03   -6.322557164099E-03    0.000000000000E+00
   17.074418227746772     
    0.000000000000E+00    9.475285598065E-03   -1.955745030947E-02   -1.871555219339E-02    1.442771489913E-02    1.028448825419E-02    7.084316883359E-03    4.788819686064E-03   -3.196076936065E-03    2.112139615770E-03
   -9.475285598065E-03    0.000000000000E+00    4.430232881933E-03    2.288117763687E-03   -1.526738895735E-03   -1.093267992785E-03   -7.845614801236E-04   -5.530797279462E-04    3.820914791949E-04   -2.593314352068E-04
    1.955745030947E-02   -4.430232881933E-03    0.000000000000E+00   -8.569627059552E-03    4.522605197309E-03    3.058218882844E-03    2.176827888779E-03    1.542566254992E-03   -1.073695512463E-03    7.336618540700E-04
    1.871555219339E-02   -2.288117763687E-03    8.569627059552E-03    0.000000000000E+00    9.523551933576E-03    4.985762784537E-03    3.354018007269E-03    2.370821357587E-03   -1.668431235162E-03    1.154222477835E-03
   -1.442771489913E-02    1.526738895735E-03   -4.522605197309E-03   -9.523551933576E-03    0.000000000000E+00   -9.149237699457E-03   -4.760291210666E-03   -3.190240773404E-03    2.247562188329E-03   -1.577063662215E-03
   -1.028448825419E-02    1.093267992785E-03   -3.058218882844E-03   -4.985762784537E-03    9.149237699457E-03    0.000000000000E+00   -8.393448079108E-03   -4.354888655176E-03    2.914319894463E-03   -2.051164585925E-03
   -7.084316883359E-03    7.845614801236E-04   -2.176827888779E-03   -3.354018007269E-03    4.760291210666E-03    8.393448079108E-03    0.000000000000E+00   -7.603696425655E-03    3.943050990668E-03   -2.638924637694E-03
   -4.788819686064E-03    5.530797279462E-04   -1.542566254992E-03   -2.370821357587E-03    3.190240773404E-03    4.354888655176E-03    7.603696425655E-03    0.000000000000E+00    6.884831755084E-03   -3.572953810411E-03
    3.196076936065E-03   -3.820914791949E-04    1.073695512463E-03    1.668431235162E-03   -2.247562188329E-03   -2.914319894463E-03   -3.943050990668E-03   -6.884831755084E-03    0.000000000000E+00    6.258191737448E-03
   -2.112139615770E-03    2.593314352068E-04   -7.336618540700E-04   -1.154222477835E-03    1.577063662215E-03    2.051164585925E-03    2.638924637694E-03    3.572953810411E-03   -6.258191737448E-03    0.000000000000E+00
   17.668266864978158     
    0.000000000000E+00    8.682367239650E-03   -1.835897292026E-02   -1.805631091807E-02    1.423907888035E-02    1.034567725223E-02    7.251353901138E-03    4.984482157334E-03   -3.382330005812E-03    2.272713635853E-03
   -8.682367239650E-03    0.000000000000E+00    4.153526135544E-03    2.144044038837E-03   -1.432562390632E-03   -1.034435225658E-03   -7.525275649563E-04   -5.392027300943E-04    3.790246584813E-04   -2.618430182197E-04
    1.835897292026E-02   -4.153526135544E-03    0.000000000000E+00   -8.142703772914E-03    4.294289837254E-03    2.916285167695E-03    2.098066805491E-03    1.508688998023E-03   -1.067635951856E-03    7.422647761143E-04
    1.805631091807E-02   -2.144044038837E-03    8.142703772914E-03    0.000000000000E+00    9.178678076266E-03    4.802702083250E-03    3.247101210481E-03    2.320512862368E-03   -1.657015319331E-03    1.165239876801E-03
   -1.423907888035E-02    1.432562390632E-03   -4.294289837254E-03   -9.178678076266E-03    0.000000000000E+00   -8.908836461537E-03   -4.631997434084E-03   -3.119685155224E-03    2.221623743751E-03   -1.581391875661E-03
   -1.034567725223E-02    1.034435225658E-03   -2.916285167695E-03   -4.802702083250E-03    8.908836461537E-03    0.000000000000E+00   -8.228048934505E-03   -4.264856040740E-03    2.867551008042E-03   -2.039554470329E-03
   -7.251353901138E-03    7.525275649563E-04   -2.098066805491E-03   -3.247101210481E-03    4.631997434084E-03    8.228048934505E-03    0.000000000000E+00   -7.486819987920E-03    3.877477220902E-03   -2.606636259353E-03
   -4.984482157334E-03    5.392027300943E-04   -1.508688998023E-03   -2.320512862368E-03    3.119685155224E-03    4.264856040740E-03    7.486819987920E-03    0.000000000000E+00    6.799249138667E-03   -3.523163219446E-03
    3.382330005812E-03   -3.790246584813E-04    1.067635951856E-03    1.657015319331E-03   -2.221623743751E-03   -2.867551008042E-03   -3.877477220902E-03   -6.799249138667E-03    0.000000000000E+00    6.193317048041E-03
   -2.272713635853E-03    2.618430182197E-04   -7.422647761143E-04   -1.165239876801E-03    1.581391875661E-03    2.039554470329E-03    2.606636259353E-03    3.523163219446E-03   -6.193317048041E-03    0.000000000000E+00
   18.272266760965628     
    0.000000000000E+00    7.966813590192E-03   -1.722684796388E-02   -1.739086138623E-02    1.401910809018E-02    1.037577050849E-02    7.394810937982E-03    5.164950841483E-03   -3.560528384488E-03    2.430521685556E-03
   -7.966813590192E-03    0.000000000000E+00    3.897713997823E-03    2.011445601045E-03   -1.344945897585E-03   -9.780232578647E-04   -7.202815701698E-04   -5.239524685713E-04    3.743691072753E-04   -2.630005298570E-04
    1.722684796388E-02   -3.897713997823E-03    0.000000000000E+00   -7.737828929234E-03    4.077750174983E-03    2.778643988529E-03    2.018003136083E-03    1.470780659536E-03   -1.057055628080E-03    7.470306951063E-04
    1.739086138623E-02   -2.011445601045E-03    7.737828929234E-03    0.000000000000E+00    8.842335853815E-03    4.623745295677E-03    3.139209724199E-03    2.265568418657E-03   -1.639728895537E-03    1.170918451732E-03
   -1.401910809018E-02    1.344945897585E-03   -4.077750174983E-03   -8.842335853815E-03    0.000000000000E+00   -8.669960845233E-03   -4.504189237713E-03   -3.046342985531E-03    2.190526398960E-03   -1.580088201125E-03
   -1.037577050849E-02    9.780232578647E-04   -2.778643988529E-03   -4.623745295677E-03    8.669960845233E-03    0.000000000000E+00   -8.062004474959E-03   -4.174305841592E-03    2.817872775213E-03   -2.023279467188E-03
   -7.394810937982E-03    7.202815701698E-04   -2.018003136083E-03   -3.139209724199E-03    4.504189237713E-03    8.062004474959E-03    0.000000000000E+00   -7.368934432072E-03    3.811274445782E-03   -2.571759472629E-03
   -5.164950841483E-03    5.239524685713E-04   -1.470780659536E-03   -2.265568418657E-03    3.046342985531E-03    4.174305841592E-03    7.368934432072E-03    0.000000000000E+00    6.712813525221E-03   -3.472857475662E-03
    3.560528384488E-03   -3.743691072753E-04    1.057055628080E-03    1.639728895537E-03   -2.190526398960E-03   -2.817872775213E-03   -3.811274445782E-03   -6.712813525221E-03    0.000000000000E+00    6.127841405555E-03
   -2.430521685556E-03    2.630005298570E-04   -7.470306951063E-04   -1.170918451732E-03    1.580088201125E-03    2.023279467188E-03    2.571759472629E-03    3.472857475662E-03   -6.127841405555E-03    0.000000000000E+00
   18.886417915709199     
    0.000000000000E+00    7.320133518151E-03   -1.615969577019E-02   -1.672410574259E-02    1.377159413792E-02    1.037662625785E-02    7.515125109950E-03    5.329770509198E-03   -3.729763138729E-03    2.584530613991E-03
   -7.320133518151E-03    0.000000000000E+00    3.660917866090E-03    1.889239135073E-03   -1.263534570992E-03   -9.242059066120E-04   -6.881775457260E-04   -5.076433274310E-04    3.683261411109E-04   -2.628980975329E-04
    1.615969577019E-02   -3.660917866090E-03    0.000000000000E+00   -7.354051221795E-03    3.872692401801E-03    2.645846034878E-03    1.937564640623E-03    1.429671827014E-03   -1.042488992376E-03    7.482029372368E-04
    1.672410574259E-02   -1.889239135073E-03    7.354051221795E-03    0.000000000000E+00    8.514819465146E-03    4.449307446825E-03    3.031204675808E-03    2.206929332486E-03   -1.617258507411E-03    1.171597733904E-03
   -1.377159413792E-02    1.263534570992E-03   -3.872692401801E-03   -8.514819465146E-03    0.000000000000E+00   -8.432942672636E-03   -4.377243700191E-03   -2.970892928803E-03    2.154959616467E-03   -1.573600075889E-03
   -1.037662625785E-02    9.242059066120E-04   -2.645846034878E-03   -4.449307446825E-03    8.432942672636E-03    0.000000000000E+00   -7.895454297774E-03   -4.083472956045E-03    2.765779403627E-03   -2.002842705342E-03
   -7.515125109950E-03    6.881775457260E-04   -1.937564640623E-03   -3.031204675808E-03    4.377243700191E-03    7.895454297774E-03    0.000000000000E+00   -7.250049406316E-03    3.744586035256E-03   -2.534674429995E-03
   -5.329770509198E-03    5.076433274310E-04   -1.429671827014E-03   -2.206929332486E-03    2.970892928803E-03    4.083472956045E-03    7.250049406316E-03    0.000000000000E+00    6.625471963007E-03   -3.422132271425E-03
    3.729763138729E-03   -3.683261411109E-04    1.042488992376E-03    1.617258507411E-03   -2.154959616467E-03   -2.765779403627E-03   -3.744586035256E-03   -6.625471963007E-03    0.000000000000E+00    6.061686846384E-03
   -2.584530613991E-03    2.628980975329E-04   -7.482029372368E-04   -1.171597733904E-03    1.573600075889E-03    2.002842705342E-03    2.534674429995E-03    3.422132271425E-03   -6.061686846384E-03    0.000000000000E+00
   19.510720329208862     
    0.000000000000E+00    6.734851807138E-03   -1.515563546387E-02   -1.606033513699E-02    1.350017917705E-02    1.035017701073E-02    7.612902985514E-03    5.478677154852E-03   -3.889288077954E-03    2.733815885317E-03
   -6.734851807138E-03    0.000000000000E+00    3.441462527058E-03    1.776445346226E-03   -1.187950014738E-03   -8.730813323308E-04   -6.565081992791E-04   -4.905610819956E-04    3.610941153269E-04   -2.616403129152E-04
    1.515563546387E-02   -3.441462527058E-03    0.000000000000E+00   -6.990413863299E-03    3.678736182034E-03    2.518270881685E-03    1.857533967763E-03    1.386125426155E-03   -1.024469040706E-03    7.460587955991E-04
    1.606033513699E-02   -1.776445346226E-03    6.990413863299E-03    0.000000000000E+00    8.196361785964E-03    4.279706233077E-03    2.923821078727E-03    2.145458736151E-03   -1.590283918111E-03    1.167659022384E-03
   -1.350017917705E-02    1.187950014738E-03   -3.678736182034E-03   -8.196361785964E-03    0.000000000000E+00   -8.198109704553E-03   -4.251490361643E-03   -2.893942441596E-03    2.115578278964E-03   -1.562392593797E-03
   -1.035017701073E-02    8.730813323308E-04   -2.518270881685E-03   -4.279706233077E-03    8.198109704553E-03    0.000000000000E+00   -7.728557308033E-03   -3.992566306268E-03    2.711716149624E-03   -1.978726156766E-03
   -7.612902985514E-03    6.565081992791E-04   -1.857533967763E-03   -2.923821078727E-03    4.251490361643E-03    7.728557308033E-03    0.000000000000E+00   -7.130195618064E-03    3.677535431211E-03   -2.495720559872E-03
   -5.478677154852E-03    4.905610819956E-04   -1.386125426155E-03   -2.145458736151E-03    2.893942441596E-03    3.992566306268E-03    7.130195618064E-03    0.000000000000E+00    6.537188771748E-03   -3.371065060921E-03
    3.889288077954E-03   -3.610941153269E-04    1.024469040706E-03    1.590283918111E-03   -2.115578278964E-03   -2.711716149624E-03   -3.677535431211E-03   -6.537188771748E-03    0.000000000000E+00    5.994788817463E-03
   -2.733815885317E-03    2.616403129152E-04   -7.460587955991E-04   -1.167659022384E-03    1.562392593797E-03    1.978726156766E-03    2.495720559872E-03    3.371065060921E-03   -5.994788817463E-03    0.000000000000E+00
   20.145174001464607     
    0.000000000000E+00    6.204380929971E-03   -1.421241503943E-02   -1.540326024085E-02    1.320833301607E-02    1.029839877034E-02    7.688890842375E-03    5.611576906615E-03   -4.038511367345E-03    2.877564734317E-03
   -6.204380929971E-03    0.000000000000E+00    3.237849543033E-03    1.672182726479E-03   -1.117804953583E-03   -8.246861597998E-04   -6.255100766851E-04   -4.729614359146E-04    3.528644295485E-04   -2.593383525820E-04
    1.421241503943E-02   -3.237849543033E-03    0.000000000000E+00   -6.645966294780E-03    3.495441146994E-03    2.396154541576E-03    1.778558775262E-03    1.340831016684E-03   -1.003515244426E-03    7.408982135821E-04
    1.540326024085E-02   -1.672182726479E-03    6.645966294780E-03    0.000000000000E+00    7.887137108369E-03    4.115174422954E-03    2.817677404677E-03    2.081937771975E-03   -1.559465136569E-03    1.159511595649E-03
   -1.320833301607E-02    1.117804953583E-03   -3.495441146994E-03   -7.887137108369E-03    0.000000000000E+00   -7.965781111746E-03   -4.127216208390E-03   -2.816031797162E-03    2.072997670755E-03   -1.546937942656E-03
   -1.029839877034E-02    8.246861597998E-04   -2.396154541576E-03   -4.115174422954E-03    7.965781111746E-03    0.000000000000E+00   -7.561488310321E-03   -3.901773157335E-03    2.656083151153E-03   -1.951387288823E-03
   -7.688890842375E-03    6.255100766851E-04   -1.778558775262E-03   -2.817677404677E-03    4.127216208390E-03    7.561488310321E-03    0.000000000000E+00   -7.009423152153E-03    3.610230577366E-03   -2.455200498665E-03
   -5.611576906615E-03    4.729614359146E-04   -1.340831016684E-03   -2.081937771975E-03    2.816031797162E-03    3.901773157335E-03    7.009423152153E-03    0.000000000000E+00    6.447944775346E-03   -3.319719303139E-03
    4.038511367345E-03   -3.528644295485E-04    1.003515244426E-03    1.559465136569E-03   -2.072997670755E-03   -2.656083151153E-03   -3.610230577366E-03   -6.447944775346E-03    0.000000000000E+00    5.927095771477E-03
   -2.877564734317E-03    2.593383525820E-04   -7.408982135821E-04   -1.159511595649E-03    1.546937942656E-03    1.951387288823E-03    2.455200498665E-03    3.319719303139E-03   -5.927095771477E-03    0.000000000000E+00
   20.789778932476452     
    0.000000000000E+00    5.722909140486E-03   -1.332752036526E-02   -1.475604690418E-02    1.289933553271E-02    1.022328461553E-02    7.743947922034E-03    5.728525366215E-03   -4.176985236021E-03    3.015076295620E-03
   -5.722909140486E-03    0.000000000000E+00    3.048734635186E-03    1.575660133637E-03   -1.052714229589E-03   -7.790080399428E-04   -5.953692342933E-04   -4.550696942317E-04    3.438184637634E-04   -2.561065832361E-04
    1.332752036526E-02   -3.048734635186E-03    0.000000000000E+00   -6.319773150449E-03    3.322328398192E-03    2.279614639087E-03    1.701163568016E-03    1.294402360872E-03   -9.801241047640E-04    7.330337470972E-04
    1.475604690418E-02   -1.575660133637E-03    6.319773150449E-03    0.000000000000E+00    7.587264507600E-03    3.955871257340E-03    2.713285769335E-03    2.017064483579E-03   -1.525432189544E-03    1.147580345916E-03
   -1.289933553271E-02    1.052714229589E-03   -3.322328398192E-03   -7.587264507600E-03    0.000000000000E+00   -7.736263514563E-03   -4.004669913714E-03   -2.737638363149E-03    2.027790108878E-03   -1.527706353878E-03
   -1.022328461553E-02    7.790080399428E-04   -2.279614639087E-03   -3.955871257340E-03    7.736263514563E-03    0.000000000000E+00   -7.394434613431E-03   -3.811262501553E-03    2.599239166874E-03   -1.921256808530E-03
   -7.743947922034E-03    5.953692342933E-04   -1.701163568016E-03   -2.713285769335E-03    4.004669913714E-03    7.394434613431E-03    0.000000000000E+00   -6.887799649845E-03    3.542767458546E-03   -2.413383879472E-03
   -5.728525366215E-03    4.550696942317E-04   -1.294402360872E-03   -2.017064483579E-03    2.737638363149E-03    3.811262501553E-03    6.887799649845E-03    0.000000000000E+00    6.357736412278E-03   -3.268147938974E-03
    4.176985236021E-03   -3.438184637634E-04    9.801241047640E-04    1.525432189544E-03   -2.027790108878E-03   -2.599239166874E-03   -3.542767458546E-03   -6.357736412278E-03    0.000000000000E+00    5.858568684151E-03
   -3.015076295620E-03    2.561065832361E-04   -7.330337470972E-04   -1.147580345916E-03    1.527706353878E-03    1.921256808530E-03    2.413383879472E-03    3.268147938974E-03   -5.858568684151E-03    0.000000000000E+00
   21.444535122244393     
    0.000000000000E+00    5.285303002784E-03   -1.249826537598E-02   -1.412135543428E-02    1.257626388408E-02    1.012682216316E-02    7.779022620518E-03    5.829707855991E-03   -4.304394482958E-03    3.145759284518E-03
   -5.285303002784E-03    0.000000000000E+00    2.872908479723E-03    1.486168879576E-03   -9.923027809856E-04   -7.359966130563E-04   -5.662270961203E-04   -4.370813349339E-04    3.341253534916E-04   -2.520596688138E-04
    1.249826537598E-02   -2.872908479723E-03    0.000000000000E+00   -6.010921012945E-03    3.158897670795E-03    2.168672954485E-03    1.625762434753E-03    1.247377624444E-03   -9.547621149823E-04    7.227819085898E-04
    1.412135543428E-02   -1.486168879576E-03    6.010921012945E-03    0.000000000000E+00    7.296811709645E-03    3.801892881998E-03    2.611062358908E-03    1.951454900256E-03   -1.488777439898E-03    1.132294991858E-03
   -1.257626388408E-02    9.923027809856E-04   -3.158897670795E-03   -7.296811709645E-03    0.000000000000E+00   -7.509847656476E-03   -3.884065507748E-03   -2.659181005395E-03    1.980482980760E-03   -1.505158536757E-03
   -1.012682216316E-02    7.359966130563E-04   -2.168672954485E-03   -3.801892881998E-03    7.509847656476E-03    0.000000000000E+00   -7.227592746621E-03   -3.721187688549E-03    2.541505141043E-03   -1.888737305111E-03
   -7.779022620518E-03    5.662270961203E-04   -1.625762434753E-03   -2.611062358908E-03    3.884065507748E-03    7.227592746621E-03    0.000000000000E+00   -6.765408415341E-03    3.475232889894E-03   -2.370510892898E-03
   -5.829707855991E-03    4.370813349339E-04   -1.247377624444E-03   -1.951454900256E-03    2.659181005395E-03    3.721187688549E-03    6.765408415341E-03    0.000000000000E+00    6.266574763862E-03   -3.216396211471E-03
    4.304394482958E-03   -3.341253534916E-04    9.547621149823E-04    1.488777439898E-03   -1.980482980760E-03   -2.541505141043E-03   -3.475232889894E-03   -6.266574763862E-03    0.000000000000E+00    5.789180519973E-03
   -3.145759284518E-03    2.520596688138E-04   -7.227819085898E-04   -1.132294991858E-03    1.505158536757E-03    1.888737305111E-03    2.370510892898E-03    3.216396211471E-03   -5.789180519973E-03    0.000000000000E+00
   22.109442570768412     
    0.000000000000E+00    4.887022549541E-03   -1.172186562674E-02   -1.350138202970E-02    1.224198398513E-02    1.001097443797E-02    7.795131447705E-03    5.915420879906E-03   -4.420544353720E-03    3.269127770341E-03
   -4.887022549541E-03    0.000000000000E+00    2.709280347279E-03    1.403074784675E-03   -9.362111803220E-04   -6.955729042600E-04   -5.381862556962E-04   -4.191632622703E-04    3.239405000798E-04   -2.473101725724E-04
    1.172186562674E-02   -2.709280347279E-03    0.000000000000E+00   -5.718523337544E-03    3.004640758524E-03    2.063275242979E-03    1.552672029889E-03    1.200221612288E-03   -9.278608619618E-04    7.104559124715E-04
    1.350138202970E-02   -1.403074784675E-03    5.718523337544E-03    0.000000000000E+00    7.015799265541E-03    3.653281817420E-03    2.511337786183E-03    1.885645829798E-03   -1.450050192890E-03    1.114080928668E-03
   -1.224198398513E-02    9.362111803220E-04   -3.004640758524E-03   -7.015799265541E-03    0.000000000000E+00   -7.286805691513E-03   -3.765585595112E-03   -2.581024512918E-03    1.931557955138E-03   -1.479739525935E-03
   -1.001097443797E-02    6.955729042600E-04   -2.063275242979E-03   -3.653281817420E-03    7.286805691513E-03    0.000000000000E+00   -7.061165328895E-03   -3.631688444371E-03    2.483167541170E-03   -1.854202616278E-03
   -7.795131447705E-03    5.381862556962E-04   -1.552672029889E-03   -2.511337786183E-03    3.765585595112E-03    7.061165328895E-03    0.000000000000E+00   -6.642346479956E-03    3.407706672500E-03   -2.326795564786E-03
   -5.915420879906E-03    4.191632622703E-04   -1.200221612288E-03   -1.885645829798E-03    2.581024512918E-03    3.631688444371E-03    6.642346479956E-03    0.000000000000E+00    6.174484515054E-03   -3.164503920408E-03
    4.420544353720E-03   -3.239405000798E-04    9.278608619618E-04    1.450050192890E-03   -1.931557955138E-03   -2.483167541170E-03   -3.407706672500E-03   -6.174484515054E-03    0.000000000000E+00    5.718915653165E-03
   -3.269127770341E-03    2.473101725724E-04   -7.104559124715E-04   -1.114080928668E-03    1.479739525935E-03    1.854202616278E-03    2.326795564786E-03    3.164503920408E-03   -5.718915653165E-03    0.000000000000E+00
   22.784501278048534     
    0.000000000000E+00    4.524047468404E-03   -1.099549739407E-02   -1.289790112972E-02    1.189914578325E-02    9.877663747722E-03    7.793340546363E-03    5.986054981066E-03   -4.525348245328E-03    3.384795533031E-03
   -4.524047468404E-03    0.000000000000E+00    2.556864120070E-03    1.325810505555E-03   -8.840992396958E-04   -6.576372384451E-04   -5.113160463535E-04   -4.014555524338E-04    3.134047097276E-04   -2.419666305842E-04
    1.099549739407E-02   -2.556864120070E-03    0.000000000000E+00   -5.441723901431E-03    2.859051781962E-03    1.963308373437E-03    1.482124309386E-03    1.153329508254E-03   -8.998139774105E-04    6.963597812697E-04
    1.289790112972E-02   -1.325810505555E-03    5.441723901431E-03    0.000000000000E+00    6.744204885974E-03    3.510035489144E-03    2.414367139447E-03    1.820098927443E-03   -1.409753304618E-03    1.093351700203E-03
   -1.189914578325E-02    8.840992396958E-04   -2.859051781962E-03   -6.744204885974E-03    0.000000000000E+00   -7.067389064369E-03   -3.649384218894E-03   -2.503483969239E-03    1.881451155016E-03   -1.451873843131E-03
   -9.877663747722E-03    6.576372384451E-04   -1.963308373437E-03   -3.510035489144E-03    7.067389064369E-03    0.000000000000E+00   -6.895358132029E-03   -3.542892407414E-03    2.424481444580E-03   -1.817997769226E-03
   -7.793340546363E-03    5.113160463535E-04   -1.482124309386E-03   -2.414367139447E-03    3.649384218894E-03    6.895358132029E-03    0.000000000000E+00   -6.518722656471E-03    3.340263222632E-03   -2.282428724726E-03
   -5.986054981066E-03    4.014555524338E-04   -1.153329508254E-03   -1.820098927443E-03    2.503483969239E-03    3.542892407414E-03    6.518722656471E-03    0.000000000000E+00    6.081502864975E-03   -3.112507195317E-03
    4.525348245328E-03   -3.134047097276E-04    8.998139774105E-04    1.409753304618E-03   -1.881451155016E-03   -2.424481444580E-03   -3.340263222632E-03   -6.081502864975E-03    0.000000000000E+00    5.647769252129E-03
   -3.384795533031E-03    2.419666305842E-04   -6.963597812697E-04   -1.093351700203E-03    1.451873843131E-03    1.817997769226E-03    2.282428724726E-03    3.112507195317E-03   -5.647769252129E-03    0.000000000000E+00
   23.469711244084742     
    0.000000000000E+00    4.192812908597E-03   -1.031634442728E-02   -1.231230767261E-02    1.155018190779E-02    9.728758235361E-03    7.774749552451E-03    6.042079087447E-03   -4.618815594756E-03    3.492469436123E-03
   -4.192812908597E-03    0.000000000000E+00    2.414766312184E-03    1.253868332724E-03   -8.356481201167E-04   -6.220757987485E-04   -4.856577584901E-04   -3.840735305041E-04    3.026438576052E-04   -2.361320618684E-04
    1.031634442728E-02   -2.414766312184E-03    0.000000000000E+00   -5.179699109100E-03    2.721634847178E-03    1.868614929033E-03    1.414278670861E-03    1.107031662900E-03   -8.709756471180E-04    6.807837293919E-04
    1.231230767261E-02   -1.253868332724E-03    5.179699109100E-03    0.000000000000E+00    6.481967841943E-03    3.372113862327E-03    2.320339555067E-03    1.755205667232E-03   -1.368341499068E-03    1.070503022135E-03
   -1.155018190779E-02    8.356481201167E-04   -2.721634847178E-03   -6.481967841943E-03    0.000000000000E+00   -6.851826971069E-03   -3.535589455872E-03   -2.426829020311E-03    1.830554106152E-03   -1.421961857198E-03
   -9.728758235361E-03    6.220757987485E-04   -1.868614929033E-03   -3.372113862327E-03    6.851826971069E-03    0.000000000000E+00   -6.730377384528E-03   -3.454916296833E-03    2.365673372839E-03   -1.780439372833E-03
   -7.774749552451E-03    4.856577584901E-04   -1.414278670861E-03   -2.320339555067E-03    3.535589455872E-03    6.730377384528E-03    0.000000000000E+00   -6.394655624250E-03    3.272972774591E-03   -2.237580662476E-03
   -6.042079087447E-03    3.840735305041E-04   -1.107031662900E-03   -1.755205667232E-03    2.426829020311E-03    3.454916296833E-03    6.394655624250E-03    0.000000000000E+00    5.987678411773E-03   -3.060439866008E-03
    4.618815594756E-03   -3.026438576052E-04    8.709756471180E-04    1.368341499068E-03   -1.830554106152E-03   -2.365673372839E-03   -3.272972774591E-03   -5.987678411773E-03    0.000000000000E+00    5.575746641236E-03
   -3.492469436123E-03    2.361320618684E-04   -6.807837293919E-04   -1.070503022135E-03    1.421961857198E-03    1.780439372833E-03    2.237580662476E-03    3.060439866008E-03   -5.575746641236E-03    0.000000000000E+00
   24.165072468877050     
    0.000000000000E+00    3.890153611755E-03   -9.681634174322E-03   -1.174565834525E-02    1.119730921675E-02    9.566060781579E-03    7.740477545019E-03    6.084026345593E-03   -4.701040201834E-03    3.591942178590E-03
   -3.890153611755E-03    0.000000000000E+00    2.282175734190E-03    1.186793547732E-03   -7.905612989625E-04   -5.887659646080E-04   -4.612294221889E-04   -3.671100415973E-04    2.917689773018E-04   -2.299028719409E-04
    9.681634174322E-03   -2.282175734190E-03    0.000000000000E+00   -4.931659348876E-03    2.591909548540E-03    1.779005451149E-03    1.349233250910E-03    1.061599038643E-03   -8.416603921842E-04    6.640007095135E-04
    1.174565834525E-02   -1.186793547732E-03    4.931659348876E-03    0.000000000000E+00    6.228993280108E-03    3.239446198884E-03    2.229387178034E-03    1.691292886723E-03   -1.326221097743E-03    1.045908239339E-03
   -1.119730921675E-02    7.905612989625E-04   -2.591909548540E-03   -6.228993280108E-03    0.000000000000E+00   -6.640325314651E-03   -3.424305781708E-03   -2.351287989544E-03    1.779215287359E-03   -1.390377210008E-03
   -9.566060781579E-03    5.887659646080E-04   -1.779005451149E-03   -3.239446198884E-03    6.640325314651E-03    0.000000000000E+00   -6.566427306872E-03   -3.367866790998E-03    2.306943874413E-03   -1.741816351621E-03
   -7.740477545019E-03    4.612294221889E-04   -1.349233250910E-03   -2.229387178034E-03    3.424305781708E-03    6.566427306872E-03    0.000000000000E+00   -6.270272046592E-03    3.205902230263E-03   -2.192403475339E-03
   -6.084026345593E-03    3.671100415973E-04   -1.061599038643E-03   -1.691292886723E-03    2.351287989544E-03    3.367866790998E-03    6.270272046592E-03    0.000000000000E+00    5.893070008739E-03   -3.008334489666E-03
    4.701040201834E-03   -2.917689773018E-04    8.416603921842E-04    1.326221097743E-03   -1.779215287359E-03   -2.306943874413E-03   -3.205902230263E-03   -5.893070008739E-03    0.000000000000E+00    5.502862633190E-03
   -3.591942178590E-03    2.299028719409E-04   -6.640007095135E-04   -1.045908239339E-03    1.390377210008E-03    1.741816351621E-03    2.192403475339E-03    3.008334489666E-03   -5.502862633190E-03    0.000000000000E+00
   24.870584952425446     
    0.000000000000E+00    3.613255302864E-03   -9.088665273441E-03   -1.119871123496E-02    1.084253288016E-02    9.391300039167E-03    7.691650885263E-03    6.112481416353E-03   -4.772189174066E-03    3.683084733823E-03
   -3.613255302864E-03    0.000000000000E+00    2.158354567904E-03    1.124178399982E-03   -7.485647004074E-04   -5.575805822467E-04   -4.380301150524E-04   -3.506378081910E-04    2.808766862604E-04   -2.233681042870E-04
    9.088665273441E-03   -2.158354567904E-03    0.000000000000E+00   -4.696849667581E-03    2.469414760371E-03    1.694268568509E-03    1.287035242161E-03    1.017249002412E-03   -8.121438624732E-04    6.462639940947E-04
    1.119871123496E-02   -1.124178399982E-03    4.696849667581E-03    0.000000000000E+00    5.985156433722E-03    3.111937009347E-03    2.141593443630E-03    1.628628645551E-03   -1.283750890685E-03    1.019915079779E-03
   -1.084253288016E-02    7.485647004074E-04   -2.469414760371E-03   -5.985156433722E-03    0.000000000000E+00   -6.433066151222E-03   -3.315616265487E-03   -2.277051821394E-03    1.727742142102E-03   -1.357465178787E-03
   -9.391300039167E-03    5.575805822467E-04   -1.694268568509E-03   -3.111937009347E-03    6.433066151222E-03    0.000000000000E+00   -6.403707925274E-03   -3.281841204450E-03    2.248469878566E-03   -1.702390939678E-03
   -7.691650885263E-03    4.380301150524E-04   -1.287035242161E-03   -2.141593443630E-03    3.315616265487E-03    6.403707925274E-03    0.000000000000E+00   -6.145704765897E-03    3.139115737201E-03   -2.147033130366E-03
   -6.112481416353E-03    3.506378081910E-04   -1.017249002412E-03   -1.628628645551E-03    2.277051821394E-03    3.281841204450E-03    6.145704765897E-03    0.000000000000E+00    5.797745622670E-03   -2.956223100556E-03
    4.772189174066E-03   -2.808766862604E-04    8.121438624732E-04    1.283750890685E-03   -1.727742142102E-03   -2.248469878566E-03   -3.139115737201E-03   -5.797745622670E-03    0.000000000000E+00    5.429140851229E-03
   -3.683084733823E-03    2.233681042870E-04   -6.462639940947E-04   -1.019915079779E-03    1.357465178787E-03    1.702390939678E-03    2.147033130366E-03    2.956223100556E-03   -5.429140851229E-03    0.000000000000E+00
   25.586248694729932     
    0.000000000000E+00    3.359612352694E-03   -8.534827769904E-03   -1.067196334194E-02    1.048765257066E-02    9.206123359419E-03    7.629392726309E-03    6.128069151090E-03   -4.832492603049E-03    3.765838716549E-03
   -3.359612352694E-03    0.000000000000E+00    2.042630606628E-03    1.065656697422E-03   -7.094062222153E-04   -5.283913112343E-04   -4.160437779908E-04   -3.347117855601E-04    2.700498652149E-04   -2.166089917596E-04
    8.534827769904E-03   -2.042630606628E-03    0.000000000000E+00   -4.474549892100E-03    2.353711060647E-03    1.614179244639E-03    1.227690152377E-03    9.741512122349E-04   -7.826644027007E-04    6.278056538018E-04
    1.067196334194E-02   -1.065656697422E-03    4.474549892100E-03    0.000000000000E+00    5.750306636975E-03    2.989471238864E-03    2.057000628205E-03    1.567428176585E-03   -1.241243892417E-03    9.928435471165E-04
   -1.048765257066E-02    7.094062222153E-04   -2.353711060647E-03   -5.750306636975E-03    0.000000000000E+00   -6.230207545467E-03   -3.209584610319E-03   -2.204277826793E-03    1.676403420939E-03   -1.323541840054E-03
   -9.206123359419E-03    5.283913112343E-04   -1.614179244639E-03   -2.989471238864E-03    6.230207545467E-03    0.000000000000E+00   -6.242413150179E-03   -3.196928014608E-03    2.190406835143E-03   -1.662399861049E-03
   -7.629392726309E-03    4.160437779908E-04   -1.227690152377E-03   -2.057000628205E-03    3.209584610319E-03    6.242413150179E-03    0.000000000000E+00   -6.021091079342E-03    3.072675049922E-03   -2.101591261704E-03
   -6.128069151090E-03    3.347117855601E-04   -9.741512122349E-04   -1.567428176585E-03    2.204277826793E-03    3.196928014608E-03    6.021091079342E-03    0.000000000000E+00    5.701781195182E-03   -2.904137728320E-03
    4.832492603049E-03   -2.700498652149E-04    7.826644027007E-04    1.241243892417E-03   -1.676403420939E-03   -2.190406835143E-03   -3.072675049922E-03   -5.701781195182E-03    0.000000000000E+00    5.354613038133E-03
   -3.765838716549E-03    2.166089917596E-04   -6.278056538018E-04   -9.928435471165E-04    1.323541840054E-03    1.662399861049E-03    2.101591261704E-03    2.904137728320E-03   -5.354613038133E-03    0.000000000000E+00
   26.312063695790510     
    0.000000000000E+00    3.126990876665E-03   -8.017617377402E-03   -1.016568560935E-02    1.013427038282E-02    9.012091417518E-03    7.554814007736E-03    6.131444553404E-03   -4.882234034559E-03    3.840208866201E-03
   -3.126990876665E-03    0.000000000000E+00    1.934390479302E-03    1.010898989543E-03   -6.728548477960E-04   -5.010711868424E-04   -3.952425446092E-04   -3.193714490355E-04    2.593585204427E-04   -2.096987611859E-04
    8.017617377402E-03   -1.934390479302E-03    0.000000000000E+00   -4.264074332724E-03    2.244382090641E-03    1.538505385599E-03    1.171169989165E-03    9.324334054673E-04   -7.534251822373E-04    6.088357958988E-04
    1.016568560935E-02   -1.010898989543E-03    4.264074332724E-03    0.000000000000E+00    5.524271103091E-03    2.871918745874E-03    1.975616653839E-03    1.507859759343E-03   -1.198969756260E-03    9.649847906867E-04
   -1.013427038282E-02    6.728548477960E-04   -2.244382090641E-03   -5.524271103091E-03    0.000000000000E+00   -6.031883780449E-03   -3.106257058408E-03   -2.133093216004E-03    1.625431746580E-03   -1.288893907261E-03
   -9.012091417518E-03    5.010711868424E-04   -1.538505385599E-03   -2.871918745874E-03    6.031883780449E-03    0.000000000000E+00   -6.082729118975E-03   -3.113207284790E-03    2.132890660618E-03   -1.622055639144E-03
   -7.554814007736E-03    3.952425446092E-04   -1.171169989165E-03   -1.975616653839E-03    3.106257058408E-03    6.082729118975E-03    0.000000000000E+00   -5.896571108280E-03    3.006639725186E-03   -2.056186729574E-03
   -6.131444553404E-03    3.193714490355E-04   -9.324334054673E-04   -1.507859759343E-03    2.133093216004E-03    3.113207284790E-03    5.896571108280E-03    0.000000000000E+00    5.605259516343E-03   -2.852110728174E-03
    4.882234034559E-03   -2.593585204427E-04    7.534251822373E-04    1.198969756260E-03   -1.625431746580E-03   -2.132890660618E-03   -3.006639725186E-03   -5.605259516343E-03    0.000000000000E+00    5.279318355974E-03
   -3.840208866201E-03    2.096987611859E-04   -6.088357958988E-04   -9.649847906867E-04    1.288893907261E-03    1.622055639144E-03    2.056186729574E-03    2.852110728174E-03   -5.279318355974E-03    0.000000000000E+00
   27.048029955607177     
    0.000000000000E+00    2.913396549717E-03   -7.534644928257E-03   -9.679955268889E-03    9.783800134548E-03    8.810674371486E-03    7.469005775609E-03    6.123283925154E-03   -4.921741757168E-03    3.906255789086E-03
   -2.913396549717E-03    0.000000000000E+00    1.833073713710E-03    9.596083074886E-04   -6.386994915515E-04   -4.754965279391E-04   -3.755896055402E-04   -3.046429650556E-04    2.488607680667E-04   -2.027026469054E-04
    7.534644928257E-03   -1.833073713710E-03    0.000000000000E+00   -4.064771184591E-03    2.141035107401E-03    1.467013042783E-03    1.117420396770E-03    8.921869478213E-04   -7.245967100776E-04    5.895424315195E-04
    9.679955268889E-03   -9.596083074886E-04    4.064771184591E-03    0.000000000000E+00    5.306858451314E-03    2.759138139498E-03    1.897421157110E-03    1.450050388132E-03   -1.157157650823E-03    9.366007945880E-04
   -9.783800134548E-03    6.386994915515E-04   -2.141035107401E-03   -5.306858451314E-03    0.000000000000E+00   -5.838205877095E-03   -3.005664176716E-03   -2.063598412204E-03    1.575026312168E-03   -1.253779123051E-03
   -8.810674371486E-03    4.754965279391E-04   -1.467013042783E-03   -2.759138139498E-03    5.838205877095E-03    0.000000000000E+00   -5.924832805742E-03   -3.030751023016E-03    2.076039512784E-03   -1.581547990344E-03
   -7.469005775609E-03    3.755896055402E-04   -1.117420396770E-03   -1.897421157110E-03    3.005664176716E-03    5.924832805742E-03    0.000000000000E+00   -5.772286278642E-03    2.941067196609E-03   -2.010916970017E-03
   -6.123283925154E-03    3.046429650556E-04   -8.921869478213E-04   -1.450050388132E-03    2.063598412204E-03    3.030751023016E-03    5.772286278642E-03    0.000000000000E+00    5.508269124650E-03   -2.800174962551E-03
    4.921741757168E-03   -2.488607680667E-04    7.245967100776E-04    1.157157650823E-03   -1.575026312168E-03   -2.076039512784E-03   -2.941067196609E-03   -5.508269124650E-03    0.000000000000E+00    5.203302684776E-03
   -3.906255789086E-03    2.027026469054E-04   -5.895424315195E-04   -9.366007945880E-04    1.253779123051E-03    1.581547990344E-03    2.010916970017E-03    2.800174962551E-03   -5.203302684776E-03    0.000000000000E+00
   27.794147474179947     
    0.000000000000E+00    2.717046504874E-03   -7.083641966202E-03   -9.214685387914E-03    9.437477713752E-03    8.603249393398E-03    7.373032682047E-03    6.104277088134E-03   -4.951380901597E-03    3.964089058720E-03
   -2.717046504874E-03    0.000000000000E+00    1.738167510970E-03    9.115164133568E-04   -6.067476882354E-04   -4.515483058270E-04   -3.570416384292E-04   -2.905412125529E-04    2.386038890797E-04   -1.956780719173E-04
    7.083641966202E-03   -1.738167510970E-03    0.000000000000E+00   -3.876021703769E-03    2.043300932620E-03    1.399470425220E-03    1.066366797580E-03    8.534720433261E-04   -6.963195842662E-04    5.700918489163E-04
    9.214685387914E-03   -9.115164133568E-04    3.876021703769E-03    0.000000000000E+00    5.097861962123E-03    2.650980035118E-03    1.822370845189E-03    1.394091140143E-03   -1.115999430251E-03    9.079247342397E-04
   -9.437477713752E-03    6.067476882354E-04   -2.043300932620E-03   -5.097861962123E-03    0.000000000000E+00   -5.649262365999E-03   -2.907822528333E-03   -1.995870139506E-03    1.525355636663E-03   -1.218427095226E-03
   -8.603249393398E-03    4.515483058270E-04   -1.399470425220E-03   -2.650980035118E-03    5.649262365999E-03    0.000000000000E+00   -5.768890884715E-03   -2.949623501809E-03    2.019955412182E-03   -1.541045264421E-03
   -7.373032682047E-03    3.570416384292E-04   -1.066366797580E-03   -1.822370845189E-03    2.907822528333E-03    5.768890884715E-03    0.000000000000E+00   -5.648377917445E-03    2.876012762293E-03   -1.965869161676E-03
   -6.104277088134E-03    2.905412125529E-04   -8.534720433261E-04   -1.394091140143E-03    1.995870139506E-03    2.949623501809E-03    5.648377917445E-03    0.000000000000E+00    5.410903238957E-03   -2.748363865050E-03
    4.951380901597E-03   -2.386038890797E-04    6.963195842662E-04    1.115999430251E-03   -1.525355636663E-03   -2.019955412182E-03   -2.876012762293E-03   -5.410903238957E-03    0.000000000000E+00    5.126617922283E-03
   -3.964089058720E-03    1.956780719173E-04   -5.700918489163E-04   -9.079247342397E-04    1.218427095226E-03    1.541045264421E-03    1.965869161676E-03    2.748363865050E-03   -5.126617922283E-03    0.000000000000E+00
   28.550416251508803     
    0.000000000000E+00    2.536344767056E-03   -6.662463278846E-03   -8.769651586651E-03    9.096372155691E-03    8.391099417865E-03    7.267927533505E-03    6.075120572965E-03   -4.971546320264E-03    4.013860738280E-03
   -2.536344767056E-03    0.000000000000E+00    1.649202123471E-03    8.663805065747E-04   -5.768242081320E-04   -4.291130753415E-04   -3.395508404147E-04   -2.770716336500E-04    2.286254129165E-04   -1.886749590911E-04
    6.662463278846E-03   -1.649202123471E-03    0.000000000000E+00   -3.697239212708E-03    1.950833459748E-03    1.335650915000E-03    1.017919609178E-03    8.163225401328E-04   -6.687073520622E-04    5.506293808034E-04
    8.769651586651E-03   -8.663805065747E-04    3.697239212708E-03    0.000000000000E+00    4.897062544832E-03    2.547289785131E-03    1.750404173833E-03    1.340042177988E-03   -1.075652957738E-03    8.791618600074E-04
   -9.096372155691E-03    5.768242081320E-04   -1.950833459748E-03   -4.897062544832E-03    0.000000000000E+00   -5.465120253354E-03   -2.812736230046E-03   -1.929964281711E-03    1.476560314594E-03   -1.183040475969E-03
   -8.391099417865E-03    4.291130753415E-04   -1.335650915000E-03   -2.547289785131E-03    5.465120253354E-03    0.000000000000E+00   -5.615058827728E-03   -2.869881555524E-03    1.964725725790E-03   -1.500695901519E-03
   -7.267927533505E-03    3.395508404147E-04   -1.017919609178E-03   -1.750404173833E-03    2.812736230046E-03    5.615058827728E-03    0.000000000000E+00   -5.524985966042E-03    2.811529511765E-03   -1.921121233914E-03
   -6.075120572965E-03    2.770716336500E-04   -8.163225401328E-04   -1.340042177988E-03    1.929964281711E-03    2.869881555524E-03    5.524985966042E-03    0.000000000000E+00    5.313258725695E-03   -2.696711412091E-03
    4.971546320264E-03   -2.286254129165E-04    6.687073520622E-04    1.075652957738E-03   -1.476560314594E-03   -1.964725725790E-03   -2.811529511765E-03   -5.313258725695E-03    0.000000000000E+00    5.049321286034E-03
   -4.013860738280E-03    1.886749590911E-04   -5.506293808034E-04   -8.791618600074E-04    1.183040475969E-03    1.500695901519E-03    1.921121233914E-03    2.696711412091E-03   -5.049321286034E-03    0.000000000000E+00
   29.316836287593748     
    0.000000000000E+00    2.369860761513E-03   -6.269087064831E-03   -8.344515998788E-03    8.761397196352E-03    8.175412982425E-03    7.154686788012E-03    6.036511682746E-03   -4.982656209323E-03    4.055759365945E-03
   -2.369860761513E-03    0.000000000000E+00    1.565746759944E-03    8.239803417773E-04   -5.487696608338E-04   -4.080835580601E-04   -3.230666046405E-04   -2.642319037718E-04    2.189541965338E-04   -1.817361395322E-04
    6.269087064831E-03   -1.565746759944E-03    0.000000000000E+00   -3.527868001966E-03    1.863308859127E-03    1.275335264819E-03    9.719786229099E-04    7.807502982315E-04   -6.418493839195E-04    5.312804676673E-04
    8.344515998788E-03   -8.239803417773E-04    3.527868001966E-03    0.000000000000E+00    4.704231437098E-03    2.447909752354E-03    1.681445397372E-03    1.287937350184E-03   -1.036245471116E-03    8.504907833251E-04
   -8.761397196352E-03    5.487696608338E-04   -1.863308859127E-03   -4.704231437098E-03    0.000000000000E+00   -5.285826150888E-03   -2.720398405335E-03   -1.865918516750E-03    1.428755713362E-03   -1.147796397657E-03
   -8.175412982425E-03    4.080835580601E-04   -1.275335264819E-03   -2.447909752354E-03    5.285826150888E-03    0.000000000000E+00   -5.463480232173E-03   -2.791574873650E-03    1.910424530824E-03   -1.460629884419E-03
   -7.154686788012E-03    3.230666046405E-04   -9.719786229099E-04   -1.681445397372E-03    2.720398405335E-03    5.463480232173E-03    0.000000000000E+00   -5.402247822539E-03    2.747668218795E-03   -1.876742741822E-03
   -6.036511682746E-03    2.642319037718E-04   -7.807502982315E-04   -1.287937350184E-03    1.865918516750E-03    2.791574873650E-03    5.402247822539E-03    0.000000000000E+00    5.215435114283E-03   -2.645252027922E-03
    4.982656209323E-03   -2.189541965338E-04    6.418493839195E-04    1.036245471116E-03   -1.428755713362E-03   -1.910424530824E-03   -2.747668218795E-03   -5.215435114283E-03    0.000000000000E+00    4.971474626558E-03
   -4.055759365945E-03    1.817361395322E-04   -5.312804676673E-04   -8.504907833251E-04    1.147796397657E-03    1.460629884419E-03    1.876742741822E-03    2.645252027922E-03   -4.971474626558E-03    0.000000000000E+00
   30.093407582434789     
    0.000000000000E+00    2.216310488489E-03   -5.901613286532E-03   -7.938848573673E-03    8.433323057388E-03    7.957285026360E-03    7.034266905651E-03    5.989143340822E-03   -4.985146423334E-03    4.090004419803E-03
   -2.216310488489E-03    0.000000000000E+00    1.487405944221E-03    7.841157095241E-04   -5.224391296193E-04   -3.883589526327E-04   -3.075368821404E-04   -2.520134185794E-04    2.096114730825E-04   -1.748978291747E-04
    5.901613286532E-03   -1.487405944221E-03    0.000000000000E+00   -3.367382162958E-03    1.780424582993E-03    1.218313129806E-03    9.284366317538E-04    7.467491054852E-04   -6.158136853071E-04    5.121519310032E-04
    7.938848573673E-03   -7.841157095241E-04    3.367382162958E-03    0.000000000000E+00    4.519132640358E-03    2.352681181799E-03    1.615408041177E-03    1.237788370191E-03   -9.978769015027E-04    8.220650546604E-04
   -8.433323057388E-03    5.224391296193E-04   -1.780424582993E-03   -4.519132640358E-03    0.000000000000E+00   -5.111407527190E-03   -2.630792534350E-03   -1.803754730504E-03    1.382034579889E-03   -1.112848088584E-03
   -7.957285026360E-03    3.883589526327E-04   -1.218313129806E-03   -2.352681181799E-03    5.111407527190E-03    0.000000000000E+00   -5.314286361862E-03   -2.714746298781E-03    1.857113871604E-03   -1.420960168179E-03
   -7.034266905651E-03    3.075368821404E-04   -9.284366317538E-04   -1.615408041177E-03    2.630792534350E-03    5.314286361862E-03    0.000000000000E+00   -5.280297315308E-03    2.684477218354E-03   -1.832795629342E-03
   -5.989143340822E-03    2.520134185794E-04   -7.467491054852E-04   -1.237788370191E-03    1.803754730504E-03    2.714746298781E-03    5.280297315308E-03    0.000000000000E+00    5.117533666971E-03   -2.594020442464E-03
    4.985146423334E-03   -2.096114730825E-04    6.158136853071E-04    9.978769015027E-04   -1.382034579889E-03   -1.857113871604E-03   -2.684477218354E-03   -5.117533666971E-03    0.000000000000E+00    4.893143756497E-03
   -4.090004419803E-03    1.748978291747E-04   -5.121519310032E-04   -8.220650546604E-04    1.112848088584E-03    1.420960168179E-03    1.832795629342E-03    2.594020442464E-03   -4.893143756497E-03    0.000000000000E+00
   30.880130136031912     
    0.000000000000E+00    2.074540006227E-03   -5.558260645537E-03   -7.552145839498E-03    8.112788234326E-03    7.737718506408E-03    6.907581456744E-03    5.933699632359E-03   -4.979465422353E-03    4.116841257807E-03
   -2.074540006227E-03    0.000000000000E+00    1.413816259119E-03    7.466042311656E-04   -4.977008624899E-04   -3.698450337505E-04   -2.929092686278E-04   -2.404026005251E-04    2.006118504056E-04   -1.681901485350E-04
    5.558260645537E-03   -1.413816259119E-03    0.000000000000E+00   -3.215284362994E-03    1.701898241278E-03    1.164384060402E-03    8.871823927384E-04    7.142981433202E-04   -5.906495882790E-04    4.933333821257E-04
    7.552145839498E-03   -7.466042311656E-04    3.215284362994E-03    0.000000000000E+00    4.341525081257E-03    2.261445714507E-03    1.552197844655E-03    1.189588566919E-03   -9.606230747991E-04    7.940149363661E-04
   -8.112788234326E-03    4.977008624899E-04   -1.701898241278E-03   -4.341525081257E-03    0.000000000000E+00   -4.941874024295E-03   -2.543893694025E-03   -1.743481210857E-03    1.336469524438E-03   -1.078326600706E-03
   -7.737718506408E-03    3.698450337505E-04   -1.164384060402E-03   -2.261445714507E-03    4.941874024295E-03    0.000000000000E+00   -5.167595865237E-03   -2.639432126615E-03    1.804844915859E-03   -1.381784070233E-03
   -6.907581456744E-03    2.929092686278E-04   -8.871823927384E-04   -1.552197844655E-03    2.543893694025E-03    5.167595865237E-03    0.000000000000E+00   -5.159263793066E-03    2.622002275191E-03   -1.789334895210E-03
   -5.933699632359E-03    2.404026005251E-04   -7.142981433202E-04   -1.189588566919E-03    1.743481210857E-03    2.639432126615E-03    5.159263793066E-03    0.000000000000E+00    5.019656496047E-03   -2.543051512624E-03
    4.979465422353E-03   -2.006118504056E-04    5.906495882790E-04    9.606230747991E-04   -1.336469524438E-03   -1.804844915859E-03   -2.622002275191E-03   -5.019656496047E-03    0.000000000000E+00    4.814397789764E-03
   -4.116841257807E-03    1.681901485350E-04   -4.933333821257E-04   -7.940149363661E-04    1.078326600706E-03    1.381784070233E-03    1.789334895210E-03    2.543051512624E-03   -4.814397789764E-03    0.000000000000E+00
   31.677003948385142     
    0.000000000000E+00    1.943510931867E-03   -5.237362580048E-03   -7.183847327110E-03    7.800311140047E-03    7.517626731462E-03    6.775498929434E-03    5.870851978726E-03   -4.966069804947E-03    4.136536526439E-03
   -1.943510931867E-03    0.000000000000E+00    1.344643438534E-03    7.112794338701E-04   -4.744350416301E-04   -3.524540943315E-04   -2.791318562964E-04   -2.293820340813E-04    1.919642465695E-04   -1.616376655010E-04
    5.237362580048E-03   -1.344643438534E-03    0.000000000000E+00   -3.071104611527E-03    1.627466420535E-03    1.113358075581E-03    8.481030141453E-04    6.833650211436E-04   -5.663902848581E-04    4.748987069580E-04
    7.183847327110E-03   -7.112794338701E-04    3.071104611527E-03    0.000000000000E+00    4.171164542110E-03    2.174046605711E-03    1.491715236659E-03    1.143316220237E-03   -9.245387499967E-04    7.664492925291E-04
   -7.800311140047E-03    4.744350416301E-04   -1.627466420535E-03   -4.171164542110E-03    0.000000000000E+00   -4.777218834938E-03   -2.459669702784E-03   -1.685094636828E-03    1.292115365459E-03   -1.044342597442E-03
   -7.517626731462E-03    3.524540943315E-04   -1.113358075581E-03   -2.174046605711E-03    4.777218834938E-03    0.000000000000E+00   -5.023514675011E-03   -2.565662420464E-03    1.753659025463E-03   -1.343184614121E-03
   -6.775498929434E-03    2.791318562964E-04   -8.481030141453E-04   -1.491715236659E-03    2.459669702784E-03    5.023514675011E-03    0.000000000000E+00   -5.039271348680E-03    2.560286462850E-03   -1.746409182570E-03
   -5.870851978726E-03    2.293820340813E-04   -6.833650211436E-04   -1.143316220237E-03    1.685094636828E-03    2.565662420464E-03    5.039271348680E-03    0.000000000000E+00    4.921905747603E-03   -2.492380026916E-03
    4.966069804947E-03   -1.919642465695E-04    5.663902848581E-04    9.245387499967E-04   -1.292115365459E-03   -1.753659025463E-03   -2.560286462850E-03   -4.921905747603E-03    0.000000000000E+00    4.735308506699E-03
   -4.136536526439E-03    1.616376655010E-04   -4.748987069580E-04   -7.664492925291E-04    1.044342597442E-03    1.343184614121E-03    1.746409182570E-03    2.492380026916E-03   -4.735308506699E-03    0.000000000000E+00
   32.484029019494464     
    0.000000000000E+00    1.822287689151E-03   -4.937362558537E-03   -6.833349808912E-03    7.496301433310E-03    7.297836282700E-03    6.638841154550E-03    5.801255869788E-03   -4.945420366056E-03    4.149374012060E-03
   -1.822287689151E-03    0.000000000000E+00    1.279579754052E-03    6.779890642297E-04   -4.525326382752E-04   -3.361047715206E-04   -2.661538849836E-04   -2.189314397503E-04    1.836727530180E-04   -1.552599437864E-04
    4.937362558537E-03   -1.279579754052E-03    0.000000000000E+00   -2.934399012210E-03    1.556883479795E-03    1.065055904375E-03    8.110858441059E-04    6.539084014167E-04   -5.430551740045E-04    4.569075755965E-04
    6.833349808912E-03   -6.779890642297E-04    2.934399012210E-03    0.000000000000E+00    4.007805349975E-03    2.090329680169E-03    1.433857389541E-03    1.098937494479E-03   -8.896604573785E-04    7.394575276056E-04
   -7.496301433310E-03    4.525326382752E-04   -1.556883479795E-03   -4.007805349975E-03    0.000000000000E+00   -4.617420089006E-03   -2.378082161979E-03   -1.628581865816E-03    1.249011317514E-03   -1.010988153388E-03
   -7.297836282700E-03    3.361047715206E-04   -1.065055904375E-03   -2.090329680169E-03    4.617420089006E-03    0.000000000000E+00   -4.882136049067E-03   -2.493461331210E-03    1.703588743655E-03   -1.305231815276E-03
   -6.638841154550E-03    2.661538849836E-04   -8.110858441059E-04   -1.433857389541E-03    2.378082161979E-03    4.882136049067E-03    0.000000000000E+00   -4.920438156080E-03    2.499370052910E-03   -1.704061301232E-03
   -5.801255869788E-03    2.189314397503E-04   -6.539084014167E-04   -1.098937494479E-03    1.628581865816E-03    2.493461331210E-03    4.920438156080E-03    0.000000000000E+00    4.824382840688E-03   -2.442040497664E-03
    4.945420366056E-03   -1.836727530180E-04    5.430551740045E-04    8.896604573785E-04   -1.249011317514E-03   -1.703588743655E-03   -2.499370052910E-03   -4.824382840688E-03    0.000000000000E+00    4.655949736984E-03
   -4.149374012060E-03    1.552599437864E-04   -4.569075755965E-04   -7.394575276056E-04    1.010988153388E-03    1.305231815276E-03    1.704061301232E-03    2.442040497664E-03   -4.655949736984E-03    0.000000000000E+00
   33.301205349359861     
    0.000000000000E+00    1.710026284315E-03   -4.656808924825E-03   -6.500019562087E-03    7.201070933594E-03    7.079090425643E-03    6.498382296434E-03    5.725548105308E-03   -4.917978634675E-03    4.155650912868E-03
   -1.710026284315E-03    0.000000000000E+00    1.218341667972E-03    6.465936123323E-04   -4.318943596651E-04   -3.207217922514E-04   -2.539262260586E-04   -2.090285004790E-04    1.757374209909E-04   -1.490720838995E-04
    4.656808924825E-03   -1.218341667972E-03    0.000000000000E+00   -2.804748529988E-03    1.489920362921E-03    1.019308978281E-03    7.760199377043E-04    6.258802475849E-04   -5.206520084049E-04    4.394069379430E-04
    6.500019562087E-03   -6.465936123323E-04    2.804748529988E-03    0.000000000000E+00    3.851201858948E-03    2.010144072892E-03    1.378519907517E-03    1.056408996654E-03   -8.560091176846E-04    7.131115221734E-04
   -7.201070933594E-03    4.318943596651E-04   -1.489920362921E-03   -3.851201858948E-03    0.000000000000E+00   -4.462442243327E-03   -2.299087405278E-03   -1.573921533952E-03    1.207183017084E-03   -9.783385313970E-04
   -7.079090425643E-03    3.207217922514E-04   -1.019308978281E-03   -2.010144072892E-03    4.462442243327E-03    0.000000000000E+00   -4.743540748259E-03   -2.422847428098E-03    1.654658708785E-03   -1.267983905509E-03
   -6.498382296434E-03    2.539262260586E-04   -7.760199377043E-04   -1.378519907517E-03    2.299087405278E-03    4.743540748259E-03    0.000000000000E+00   -4.802875928003E-03    2.439290425021E-03   -1.662328697067E-03
   -5.725548105308E-03    2.090285004790E-04   -6.258802475849E-04   -1.056408996654E-03    1.573921533952E-03    2.422847428098E-03    4.802875928003E-03    0.000000000000E+00    4.727187773947E-03   -2.392066953675E-03
    4.917978634675E-03   -1.757374209909E-04    5.206520084049E-04    8.560091176846E-04   -1.207183017084E-03   -1.654658708785E-03   -2.439290425021E-03   -4.727187773947E-03    0.000000000000E+00    4.576396771413E-03
   -4.155650912868E-03    1.490720838995E-04   -4.394069379430E-04   -7.131115221734E-04    9.783385313970E-04    1.267983905509E-03    1.662328697067E-03    2.392066953675E-03   -4.576396771413E-03    0.000000000000E+00
   34.128532937981369     
    0.000000000000E+00    1.605964411289E-03   -4.394349473408E-03   -6.183202835069E-03    6.914844022661E-03    6.862052905641E-03    6.354848346233E-03    5.644344491382E-03   -4.884203841343E-03    4.155674500151E-03
   -1.605964411289E-03    0.000000000000E+00    1.160667717575E-03    6.169650161634E-04   -4.124296871522E-04   -3.062356647930E-04   -2.424017274043E-04   -1.996495540893E-04    1.681549692707E-04   -1.430852460024E-04
    4.394349473408E-03   -1.160667717575E-03    0.000000000000E+00   -2.681757774437E-03    1.426363445597E-03    9.759592362167E-04    7.427971681427E-04    5.992277272212E-04   -4.991788341591E-04    4.224324742169E-04
    6.183202835069E-03   -6.169650161634E-04    2.681757774437E-03    0.000000000000E+00    3.701109732244E-03    1.933342786057E-03    1.325598194368E-03    1.015679985205E-03   -8.235924303740E-04    6.874675233716E-04
   -6.914844022661E-03    4.124296871522E-04   -1.426363445597E-03   -3.701109732244E-03    0.000000000000E+00   -4.312237446103E-03   -2.222637355912E-03   -1.521085478438E-03    1.166644381243E-03   -9.464539072487E-04
   -6.862052905641E-03    3.062356647930E-04   -9.759592362167E-04   -1.933342786057E-03    4.312237446103E-03    0.000000000000E+00   -4.607797324191E-03   -2.353834034533E-03    1.606886497588E-03   -1.231488490713E-03
   -6.354848346233E-03    2.424017274043E-04   -7.427971681427E-04   -1.325598194368E-03    2.222637355912E-03    4.607797324191E-03    0.000000000000E+00   -4.686689481983E-03    2.380081997811E-03   -1.621243875994E-03
   -5.644344491382E-03    1.996495540893E-04   -5.992277272212E-04   -1.015679985205E-03    1.521085478438E-03    2.353834034533E-03    4.686689481983E-03    0.000000000000E+00    4.630418495371E-03   -2.342492737474E-03
    4.884203841343E-03   -1.681549692707E-04    4.991788341591E-04    8.235924303740E-04   -1.166644381243E-03   -1.606886497588E-03   -2.380081997811E-03   -4.630418495371E-03    0.000000000000E+00    4.496725800557E-03
   -4.155674500151E-03    1.430852460024E-04   -4.224324742169E-04   -6.874675233716E-04    9.464539072487E-04    1.231488490713E-03    1.621243875994E-03    2.342492737474E-03   -4.496725800557E-03    0.000000000000E+00
   34.966011785358951     
    0.000000000000E+00    1.509412721804E-03   -4.148725913062E-03   -5.882234716682E-03    6.637767480530E-03    6.647312044978E-03    6.208917072534E-03    5.558237954841E-03   -4.844550277850E-03    4.149759142255E-03
   -1.509412721804E-03    0.000000000000E+00    1.106316609409E-03    5.889855245424E-04   -3.940560045189E-04   -2.925823385631E-04   -2.315354455755E-04   -1.907701665004E-04    1.609194143845E-04   -1.373071471464E-04
    4.148725913062E-03   -1.106316609409E-03    0.000000000000E+00   -2.565053817900E-03    1.366013437077E-03    9.348587971197E-04    7.113130438482E-04    5.738948065448E-04   -4.786257251568E-04    4.060099782822E-04
    5.882234716682E-03   -5.889855245424E-04    2.565053817900E-03    0.000000000000E+00    3.557287053858E-03    1.859783099202E-03    1.274988548178E-03    9.766942614847E-04   -7.924070301809E-04    6.625679597504E-04
   -6.637767480530E-03    3.940560045189E-04   -1.366013437077E-03   -3.557287053858E-03    0.000000000000E+00   -4.166746873446E-03   -2.148680302337E-03   -1.470039997348E-03    1.127399301913E-03   -9.153810216773E-04
   -6.647312044978E-03    2.925823385631E-04   -9.348587971197E-04   -1.859783099202E-03    4.166746873446E-03    0.000000000000E+00   -4.474962510533E-03   -2.286429571375E-03    1.560283405379E-03   -1.195783641150E-03
   -6.208917072534E-03    2.315354455755E-04   -7.113130438482E-04   -1.274988548178E-03    2.148680302337E-03    4.474962510533E-03    0.000000000000E+00   -4.571976417760E-03    2.321776186571E-03   -1.580834792610E-03
   -5.558237954841E-03    1.907701665004E-04   -5.738948065448E-04   -9.766942614847E-04    1.470039997348E-03    2.286429571375E-03    4.571976417760E-03    0.000000000000E+00    4.534170343519E-03   -2.293350315662E-03
    4.844550277850E-03   -1.609194143845E-04    4.786257251568E-04    7.924070301809E-04   -1.127399301913E-03   -1.560283405379E-03   -2.321776186571E-03   -4.534170343519E-03    0.000000000000E+00    4.417013389000E-03
   -4.149759142255E-03    1.373071471464E-04   -4.060099782822E-04   -6.625679597504E-04    9.153810216773E-04    1.195783641150E-03    1.580834792610E-03    2.293350315662E-03   -4.417013389000E-03    0.000000000000E+00
   35.813641891492637     
    0.000000000000E+00    1.419747104784E-03   -3.918768307576E-03   -5.596446555131E-03    6.369919682047E-03    6.435385031595E-03    6.061218358565E-03    5.467797021712E-03   -4.799464999554E-03    4.138223652792E-03
   -1.419747104784E-03    0.000000000000E+00    1.055065489269E-03    5.625466917945E-04   -3.766978087207E-04   -2.797028463060E-04   -2.212847856277E-04   -1.823655987611E-04    1.540226251275E-04   -1.317425268549E-04
    3.918768307576E-03   -1.055065489269E-03    0.000000000000E+00   -2.454285030073E-03    1.308684334200E-03    8.958695347999E-04    6.814672794577E-04    5.498235677646E-04   -4.589763159143E-04    3.901566560683E-04
    5.596446555131E-03   -5.625466917945E-04    2.454285030073E-03    0.000000000000E+00    3.419495257287E-03    1.789326846239E-03    1.226589015322E-03    9.393917694161E-04   -7.624404122578E-04    6.384431552468E-04
   -6.369919682047E-03    3.766978087207E-04   -1.308684334200E-03   -3.419495257287E-03    0.000000000000E+00   -4.025901997497E-03   -2.077161584596E-03   -1.420746951618E-03    1.089443174241E-03   -8.851547405044E-04
   -6.435385031595E-03    2.797028463060E-04   -8.958695347999E-04   -1.789326846239E-03    4.025901997497E-03    0.000000000000E+00   -4.345081675902E-03   -2.220637893591E-03    1.514855160340E-03   -1.160898908646E-03
   -6.061218358565E-03    2.212847856277E-04   -6.814672794577E-04   -1.226589015322E-03    2.077161584596E-03    4.345081675902E-03    0.000000000000E+00   -4.458826877692E-03    2.264401378649E-03   -1.541125203910E-03
   -5.467797021712E-03    1.823655987611E-04   -5.498235677646E-04   -9.393917694161E-04    1.420746951618E-03    2.220637893591E-03    4.458826877692E-03    0.000000000000E+00    4.438535542579E-03   -2.244671098404E-03
    4.799464999554E-03   -1.540226251275E-04    4.589763159143E-04    7.624404122578E-04   -1.089443174241E-03   -1.514855160340E-03   -2.264401378649E-03   -4.438535542579E-03    0.000000000000E+00    4.337335972961E-03
   -4.138223652792E-03    1.317425268549E-04   -3.901566560683E-04   -6.384431552468E-04    8.851547405044E-04    1.160898908646E-03    1.541125203910E-03    2.244671098404E-03   -4.337335972961E-03    0.000000000000E+00
   36.671423256382418     
    0.000000000000E+00    1.336401860597E-03   -3.703389610735E-03   -5.325172133445E-03    6.111319166073E-03    6.226722354841E-03    5.912334902841E-03    5.373564644255E-03   -4.749385850516E-03    4.121388944595E-03
   -1.336401860597E-03    0.000000000000E+00    1.006708382849E-03    5.375484933007E-04   -3.602860020117E-04   -2.675429438161E-04   -2.116095694244E-04   -1.744111827538E-04    1.474548063557E-04   -1.263935782368E-04
    3.703389610735E-03   -1.006708382849E-03    0.000000000000E+00   -2.349119964314E-03    1.254202447569E-03    8.588625969104E-04    6.531641721970E-04    5.269552867686E-04   -4.402091455364E-04    3.748823306815E-04
    5.325172133445E-03   -5.375484933007E-04    2.349119964314E-03    0.000000000000E+00    3.287499924268E-03    1.721840599710E-03    1.180300050163E-03    9.037099405677E-04   -7.336726391720E-04    6.151129302467E-04
   -6.111319166073E-03    3.602860020117E-04   -1.254202447569E-03   -3.287499924268E-03    0.000000000000E+00   -3.889625813524E-03   -2.008024213466E-03   -1.373164731532E-03    1.052764271345E-03   -8.557995165517E-04
   -6.226722354841E-03    2.675429438161E-04   -8.588625969104E-04   -1.721840599710E-03    3.889625813524E-03    0.000000000000E+00   -4.218189355198E-03   -2.156458631984E-03    1.470602583895E-03   -1.126856275976E-03
   -5.912334902841E-03    2.116095694244E-04   -6.531641721970E-04   -1.180300050163E-03    2.008024213466E-03    4.218189355198E-03    0.000000000000E+00   -4.347323409983E-03    2.207982938247E-03   -1.502135000016E-03
   -5.373564644255E-03    1.744111827538E-04   -5.269552867686E-04   -9.037099405677E-04    1.373164731532E-03    2.156458631984E-03    4.347323409983E-03    0.000000000000E+00    4.343602772773E-03   -2.196485280630E-03
    4.749385850516E-03   -1.474548063557E-04    4.402091455364E-04    7.336726391720E-04   -1.052764271345E-03   -1.470602583895E-03   -2.207982938247E-03   -4.343602772773E-03    0.000000000000E+00    4.257769401009E-03
   -4.121388944595E-03    1.263935782368E-04   -3.748823306815E-04   -6.151129302467E-04    8.557995165517E-04    1.126856275976E-03    1.502135000016E-03    2.196485280630E-03   -4.257769401009E-03    0.000000000000E+00
   37.539355880028282     
    0.000000000000E+00    1.258863652067E-03   -3.501580338178E-03   -5.067752730921E-03    5.861932542270E-03    6.021712299376E-03    5.762803221114E-03    5.276057333009E-03   -4.694739772233E-03    4.099575955514E-03
   -1.258863652067E-03    0.000000000000E+00    9.610547800602E-04    5.138985414876E-04   -3.447572565196E-04   -2.560527543801E-04   -2.024720471144E-04   -1.668826173372E-04    1.412049162923E-04   -1.212603422455E-04
    3.501580338178E-03   -9.610547800602E-04    0.000000000000E+00   -2.249246278527E-03    1.202405492006E-03    8.237178878267E-04    6.263128190046E-04    5.052313001718E-04   -4.222988233355E-04    3.601905470263E-04
    5.067752730921E-03   -5.138985414876E-04    2.249246278527E-03    0.000000000000E+00    3.161071444599E-03    1.657195770972E-03    1.136025006111E-03    8.695848099252E-04   -7.060778388131E-04    5.925880784179E-04
   -5.861932542270E-03    3.447572565196E-04   -1.202405492006E-03   -3.161071444599E-03    0.000000000000E+00   -3.757833996149E-03   -1.941209417579E-03   -1.327249093952E-03    1.017344969111E-03   -8.273307440912E-04
   -6.021712299376E-03    2.560527543801E-04   -8.237178878267E-04   -1.657195770972E-03    3.757833996149E-03    0.000000000000E+00   -4.094309824848E-03   -2.093887528329E-03    1.427522195054E-03   -1.093671035594E-03
   -5.762803221114E-03    2.024720471144E-04   -6.263128190046E-04   -1.136025006111E-03    1.941209417579E-03    4.094309824848E-03    0.000000000000E+00   -4.237540910068E-03    2.152543232006E-03   -1.463880511282E-03
   -5.276057333009E-03    1.668826173372E-04   -5.052313001718E-04   -8.695848099252E-04    1.327249093952E-03    2.093887528329E-03    4.237540910068E-03    0.000000000000E+00    4.249456801135E-03   -2.148821700737E-03
    4.694739772233E-03   -1.412049162923E-04    4.222988233355E-04    7.060778388131E-04   -1.017344969111E-03   -1.427522195054E-03   -2.152543232006E-03   -4.249456801135E-03    0.000000000000E+00    4.178388508324E-03
   -4.099575955514E-03    1.212603422455E-04   -3.601905470263E-04   -5.925880784179E-04    8.273307440912E-04    1.093671035594E-03    1.463880511282E-03    2.148821700737E-03   -4.178388508324E-03    0.000000000000E+00
   38.417439762430242     
    0.000000000000E+00    1.186666135649E-03   -3.312403418591E-03   -4.823541208326E-03    5.621681732269E-03    5.820685431660E-03    5.613114900606E-03    5.175764560517E-03   -4.635941365320E-03    4.073103817564E-03
   -1.186666135649E-03    0.000000000000E+00    9.179283459998E-04    4.915113878303E-04   -3.300534443451E-04   -2.451864239095E-04   -1.938368647885E-04   -1.597561963055E-04    1.352610225688E-04   -1.163410642989E-04
    3.312403418591E-03   -9.179283459998E-04    0.000000000000E+00   -2.154369688319E-03    1.153141738575E-03    7.903235335373E-04    6.008272065810E-04    4.845936902264E-04   -4.052170294635E-04    3.460795733280E-04
    4.823541208326E-03   -4.915113878303E-04    2.154369688319E-03    0.000000000000E+00    3.039985545108E-03    1.595268639905E-03    1.093670484463E-03    8.369519290128E-04   -6.796255064242E-04    5.708717142549E-04
   -5.621681732269E-03    3.300534443451E-04   -1.153141738575E-03   -3.039985545108E-03    0.000000000000E+00   -3.630435973392E-03   -1.876657120884E-03   -1.282953880323E-03    9.831628284212E-04   -7.997560017574E-04
   -5.820685431660E-03    2.451864239095E-04   -7.903235335373E-04   -1.595268639905E-03    3.630435973392E-03    0.000000000000E+00   -3.973457702062E-03   -2.032916758212E-03    1.385606759677E-03   -1.061352597601E-03
   -5.613114900606E-03    1.938368647885E-04   -6.008272065810E-04   -1.093670484463E-03    1.876657120884E-03    3.973457702062E-03    0.000000000000E+00   -4.129546625562E-03    2.098101670650E-03   -1.426374792729E-03
   -5.175764560517E-03    1.597561963055E-04   -4.845936902264E-04   -8.369519290128E-04    1.282953880323E-03    2.032916758212E-03    4.129546625562E-03    0.000000000000E+00    4.156178164631E-03   -2.101707714968E-03
    4.635941365320E-03   -1.352610225688E-04    4.052170294635E-04    6.796255064242E-04   -9.831628284212E-04   -1.385606759677E-03   -2.098101670650E-03   -4.156178164632E-03    0.000000000000E+00    4.099266720052E-03
   -4.073103817564E-03    1.163410642989E-04   -3.460795733280E-04   -5.708717142549E-04    7.997560017574E-04    1.061352597601E-03    1.426374792729E-03    2.101707714968E-03   -4.099266720052E-03    0.000000000000E+00
   39.305674903588297     
    0.000000000000E+00    1.119385197856E-03   -3.134989277100E-03   -4.591905274642E-03    5.390450586887E-03    5.623919053154E-03    5.463718086432E-03    5.073148427002E-03   -4.573391693533E-03    4.042288256372E-03
   -1.119385197856E-03    0.000000000000E+00    8.771657558152E-04    4.703079047163E-04   -3.161211302837E-04   -2.349017933399E-04   -1.856710008876E-04   -1.530089797908E-04    1.296106034776E-04   -1.116325142389E-04
    3.134989277100E-03   -8.771657558152E-04    0.000000000000E+00   -2.064212976703E-03    1.106269237584E-03    7.585753502514E-04    5.766262069913E-04    4.649858175849E-04   -3.889333676780E-04    3.325433020576E-04
    4.591905274642E-03   -4.703079047163E-04    2.064212976703E-03    0.000000000000E+00    2.924023729644E-03    1.535940341739E-03    1.053146574060E-03    8.057471080475E-04   -6.542816301813E-04    5.499604937823E-04
   -5.390450586887E-03    3.161211302837E-04   -1.106269237584E-03   -2.924023729644E-03    0.000000000000E+00   -3.507335945543E-03   -1.814306369823E-03   -1.240231635413E-03    9.501915500515E-04   -7.730761876135E-04
   -5.623919053154E-03    2.349017933399E-04   -7.585753502514E-04   -1.535940341739E-03    3.507335945543E-03    0.000000000000E+00   -3.855638584159E-03   -1.973535252139E-03    1.344845795149E-03   -1.029905233900E-03
   -5.463718086432E-03    1.856710008876E-04   -5.766262069913E-04   -1.053146574060E-03    1.814306369823E-03    3.855638584159E-03    0.000000000000E+00   -4.023400241141E-03    2.044674775766E-03   -1.389627894613E-03
   -5.073148427002E-03    1.530089797908E-04   -4.649858175849E-04   -8.057471080475E-04    1.240231635413E-03    1.973535252139E-03    4.023400241141E-03    0.000000000000E+00    4.063842923992E-03   -2.055169097244E-03
    4.573391693533E-03   -1.296106034776E-04    3.889333676780E-04    6.542816301813E-04   -9.501915500515E-04   -1.344845795149E-03   -2.044674775766E-03   -4.063842923992E-03    0.000000000000E+00    4.020475701728E-03
   -4.042288256372E-03    1.116325142389E-04   -3.325433020576E-04   -5.499604937823E-04    7.730761876135E-04    1.029905233900E-03    1.389627894613E-03    2.055169097244E-03   -4.020475701728E-03    0.000000000000E+00
   40.204061303502435     
    0.000000000000E+00    1.056634715652E-03   -2.968531147533E-03   -4.372230021258E-03    5.168090869101E-03    5.431641548668E-03    5.315019138103E-03    4.968643544633E-03   -4.507477294600E-03    4.007440188940E-03
   -1.056634715652E-03    0.000000000000E+00    8.386156301129E-04    4.502147314520E-04   -3.029111175801E-04   -2.251600886792E-04   -1.779436787315E-04   -1.466189173325E-04    1.242407992878E-04   -1.071302701519E-04
    2.968531147533E-03   -8.386156301129E-04    0.000000000000E+00   -1.978515036057E-03    1.061655097317E-03    7.283763199147E-04    5.536334969922E-04    4.463527223798E-04   -3.734160826138E-04    3.195720513330E-04
    4.372230021258E-03   -4.502147314520E-04    1.978515036057E-03    0.000000000000E+00    2.812973611182E-03    1.479096807747E-03    1.014366994137E-03    7.759070051230E-04   -6.300096522113E-04    5.298457079836E-04
   -5.168090869101E-03    3.029111175801E-04   -1.061655097317E-03   -2.812973611182E-03    0.000000000000E+00   -3.388433815874E-03   -1.754095700863E-03   -1.199034129030E-03    9.184018064149E-04   -7.472865442067E-04
   -5.431641548668E-03    2.251600886792E-04   -7.283763199147E-04   -1.479096807747E-03    3.388433815874E-03    0.000000000000E+00   -3.740849688160E-03   -1.915728999675E-03    1.305226025206E-03   -9.993287555471E-04
   -5.315019138103E-03    1.779436787315E-04   -5.536334969922E-04   -1.014366994137E-03    1.754095700863E-03    3.740849688160E-03    0.000000000000E+00   -3.919154009593E-03    1.992276257837E-03   -1.353647113756E-03
   -4.968643544633E-03    1.466189173325E-04   -4.463527223798E-04   -7.759070051230E-04    1.199034129030E-03    1.915728999675E-03    3.919154009593E-03    0.000000000000E+00    3.972522463405E-03   -2.009229954393E-03
    4.507477294600E-03   -1.242407992878E-04    3.734160826138E-04    6.300096522113E-04   -9.184018064149E-04   -1.305226025206E-03   -1.992276257837E-03   -3.972522463405E-03    0.000000000000E+00    3.942085038586E-03
   -4.007440188940E-03    1.071302701519E-04   -3.195720513330E-04   -5.298457079836E-04    7.472865442067E-04    9.993287555471E-04    1.353647113756E-03    2.009229954393E-03   -3.942085038586E-03    0.000000000000E+00
   41.112598962172676     
    0.000000000000E+00    9.980627841337E-04   -2.812280641750E-03   -4.163919850065E-03    4.954427652657E-03    5.244036614088E-03    5.167384436600E-03    4.862657130366E-03   -4.438569389387E-03    3.968864508991E-03
   -9.980627841337E-04    0.000000000000E+00    8.021375687139E-04    4.311637801283E-04   -2.903780436584E-04   -2.159256319799E-04   -1.706262636625E-04   -1.405649317752E-04    1.191386198390E-04   -1.028289682521E-04
    2.812280641750E-03   -8.021375687139E-04    0.000000000000E+00   -1.897029960422E-03    1.019174823778E-03    6.996360857301E-04    5.317774239002E-04    4.286414175406E-04   -3.586326580960E-04    3.071532727555E-04
    4.163919850065E-03   -4.311637801283E-04    1.897029960422E-03    0.000000000000E+00    2.706629169658E-03    1.424628679982E-03    9.772491651523E-04    7.473695885587E-04   -6.067712842365E-04    5.105142560531E-04
   -4.954427652657E-03    2.903780436584E-04   -1.019174823778E-03   -2.706629169658E-03    0.000000000000E+00   -3.273626056533E-03   -1.695963464355E-03   -1.159312797667E-03    8.877619647393E-04   -7.223775803605E-04
   -5.244036614088E-03    2.159256319799E-04   -6.996360857301E-04   -1.424628679982E-03    3.273626056533E-03    0.000000000000E+00   -3.629080503334E-03   -1.859481345116E-03    1.266731793676E-03   -9.696191300126E-04
   -5.167384436600E-03    1.706262636625E-04   -5.317774239002E-04   -9.772491651523E-04    1.695963464355E-03    3.629080503334E-03    0.000000000000E+00   -3.816852940401E-03    1.940917111952E-03   -1.318437232060E-03
   -4.862657130366E-03    1.405649317752E-04   -4.286414175406E-04   -7.473695885587E-04    1.159312797667E-03    1.859481345116E-03    3.816852940401E-03    0.000000000000E+00    3.882283349135E-03   -1.963912663590E-03
    4.438569389387E-03   -1.191386198390E-04    3.586326580960E-04    6.067712842365E-04   -8.877619647393E-04   -1.266731793676E-03   -1.940917111952E-03   -3.882283349135E-03    0.000000000000E+00    3.864161957190E-03
   -3.968864508991E-03    1.028289682521E-04   -3.071532727555E-04   -5.105142560531E-04    7.223775803605E-04    9.696191300126E-04    1.318437232060E-03    1.963912663590E-03   -3.864161957190E-03    0.000000000000E+00
   42.031287879598999     
    0.000000000000E+00    9.433483512974E-04   -2.665543566879E-03   -3.966399869461E-03    4.749264148480E-03    5.061247316445E-03    5.021142292922E-03    4.755569272465E-03   -4.367023262177E-03    3.926859035136E-03
   -9.433483512974E-04    0.000000000000E+00    7.676012664931E-04    4.130917905260E-04   -2.784800183750E-04   -2.071655723752E-04   -1.636921495808E-04   -1.348269704834E-04    1.142911131971E-04   -9.872252054234E-05
    2.665543566879E-03   -7.676012664931E-04    0.000000000000E+00   -1.819526172607E-03    9.787117099671E-04    6.722704680844E-04    5.109908303894E-04    4.118010908350E-04   -3.445503089106E-04    2.952721701582E-04
    3.966399869461E-03   -4.130917905260E-04    1.819526172607E-03    0.000000000000E+00    2.604790926327E-03    1.372431198395E-03    9.417142173380E-04    7.200744880680E-04   -5.845271908218E-04    4.919495029309E-04
   -4.749264148480E-03    2.784800183750E-04   -9.787117099671E-04   -2.604790926327E-03    0.000000000000E+00   -3.162806490319E-03   -1.639848099987E-03   -1.121019109985E-03    8.582387079161E-04   -6.983358918613E-04
   -5.061247316445E-03    2.071655723752E-04   -6.722704680844E-04   -1.372431198395E-03    3.162806490319E-03    0.000000000000E+00   -3.520313429513E-03   -1.804773264645E-03    1.229345434455E-03   -9.407690377715E-04
   -5.021142292922E-03    1.636921495808E-04   -5.109908303894E-04   -9.417142173380E-04    1.639848099987E-03    3.520313429513E-03    0.000000000000E+00   -3.716535021066E-03    1.890605720938E-03   -1.284000738318E-03
   -4.755569272465E-03    1.348269704834E-04   -4.118010908350E-04   -7.200744880680E-04    1.121019109985E-03    1.804773264645E-03    3.716535021066E-03    0.000000000000E+00    3.793187228495E-03   -1.919237824288E-03
    4.367023262177E-03   -1.142911131971E-04    3.445503089106E-04    5.845271908218E-04   -8.582387079161E-04   -1.229345434455E-03   -1.890605720938E-03   -3.793187228495E-03    0.000000000000E+00    3.786771076036E-03
   -3.926859035136E-03    9.872252054234E-05   -2.952721701582E-04   -4.919495029310E-04    6.983358918613E-04    9.407690377715E-04    1.284000738318E-03    1.919237824288E-03   -3.786771076036E-03    0.000000000000E+00
   42.960128055781418     
    0.000000000000E+00    8.921982188272E-04   -2.527676008810E-03   -3.779116865670E-03    4.552386021007E-03    4.883379989441E-03    4.876584949425E-03    4.647733367999E-03   -4.293177811284E-03    3.881713618645E-03
   -8.921982188272E-04    0.000000000000E+00    7.348857126640E-04    3.959399327721E-04   -2.671783031071E-04   -1.988496392494E-04   -1.571166409470E-04   -1.293860312224E-04    1.096855011897E-04   -9.480430324804E-05
    2.527676008810E-03   -7.348857126640E-04    0.000000000000E+00   -1.745785606919E-03    9.401562814312E-04    6.462010108704E-04    4.912108554149E-04    3.957832352591E-04   -3.311363817058E-04    2.839122375100E-04
    3.779116865670E-03   -3.959399327721E-04    1.745785606919E-03    0.000000000000E+00    2.507266071554E-03    1.322404079977E-03    9.076869583188E-04    6.939632577551E-04   -5.632375592935E-04    4.741320316481E-04
   -4.552386021007E-03    2.671783031071E-04   -9.401562814312E-04   -2.507266071554E-03    0.000000000000E+00   -3.055867019852E-03   -1.585688382346E-03   -1.084104873700E-03    8.297975686966E-04   -6.751448909978E-04
   -4.883379989441E-03    1.988496392494E-04   -6.462010108704E-04   -1.322404079977E-03    3.055867019852E-03    0.000000000000E+00   -3.414524423136E-03   -1.751583637447E-03    1.193047608542E-03   -9.127683769258E-04
   -4.876584949425E-03    1.571166409470E-04   -4.912108554149E-04   -9.076869583188E-04    1.585688382346E-03    3.414524423136E-03    0.000000000000E+00   -3.618231490061E-03    1.841347975690E-03   -1.250338041285E-03
   -4.647733367999E-03    1.293860312224E-04   -3.957832352591E-04   -6.939632577551E-04    1.084104873700E-03    1.751583637447E-03    3.618231490061E-03    0.000000000000E+00    3.705290788284E-03   -1.875224233985E-03
    4.293177811284E-03   -1.096855011897E-04    3.311363817058E-04    5.632375592935E-04   -8.297975686966E-04   -1.193047608542E-03   -1.841347975690E-03   -3.705290788284E-03    0.000000000000E+00    3.709974203917E-03
   -3.881713618645E-03    9.480430324804E-05   -2.839122375100E-04   -4.741320316481E-04    6.751448909978E-04    9.127683769258E-04    1.250338041285E-03    1.875224233985E-03   -3.709974203917E-03    0.000000000000E+00
   43.899119490719940     
    0.000000000000E+00    8.443443570996E-04   -2.398080651214E-03   -3.601539884810E-03    4.363565191906E-03    4.710507910878E-03    4.733970613672E-03    4.539476684300E-03   -4.217355233784E-03    3.833709379955E-03
   -8.443443570996E-04    0.000000000000E+00    7.038784525139E-04    3.796534453868E-04   -2.564370219209E-04   -1.909499140209E-04   -1.508768316722E-04   -1.242241665067E-04    1.053092852937E-04   -9.106731767207E-05
    2.398080651214E-03   -7.038784525139E-04    0.000000000000E+00   -1.675602916489E-03    9.034057789215E-04    6.213545503751E-04    4.723787147211E-04    3.805417171734E-04   -3.183586738571E-04    2.730557202078E-04
    3.601539884810E-03   -3.796534453868E-04    1.675602916489E-03    0.000000000000E+00    2.413868515301E-03    1.274451375852E-03    8.750957988320E-04    6.689795581642E-04   -5.428625646917E-04    4.570402944096E-04
   -4.363565191906E-03    2.564370219209E-04   -9.034057789215E-04   -2.413868515301E-03    0.000000000000E+00   -2.952698264615E-03   -1.533423620821E-03   -1.048522479842E-03    8.024033783953E-04   -6.527854453915E-04
   -4.710507910878E-03    1.909499140209E-04   -6.213545503751E-04   -1.274451375852E-03    2.952698264615E-03    0.000000000000E+00   -3.311683604690E-03   -1.699889491250E-03    1.157817599232E-03   -8.856047114182E-04
   -4.733970613672E-03    1.508768316722E-04   -4.723787147211E-04   -8.750957988320E-04    1.533423620821E-03    3.311683604690E-03    0.000000000000E+00   -3.521967117492E-03    1.793147393368E-03   -1.217447664111E-03
   -4.539476684300E-03    1.242241665067E-04   -3.805417171734E-04   -6.689795581642E-04    1.048522479842E-03    1.699889491250E-03    3.521967117492E-03    0.000000000000E+00    3.618645735978E-03   -1.831888871489E-03
    4.217355233784E-03   -1.053092852937E-04    3.183586738571E-04    5.428625646917E-04   -8.024033783953E-04   -1.157817599232E-03   -1.793147393368E-03   -3.618645735978E-03    0.000000000000E+00    3.633830156551E-03
   -3.833709379955E-03    9.106731767207E-05   -2.730557202078E-04   -4.570402944096E-04    6.527854453915E-04    8.856047114182E-04    1.217447664111E-03    1.831888871489E-03   -3.633830156551E-03    0.000000000000E+00
   44.848262184414530     
    0.000000000000E+00    7.995415060866E-04   -2.276203345855E-03   -3.433160519523E-03    4.182563201888E-03    4.542674781969E-03    4.593525526891E-03    4.431101047965E-03   -4.139860849276E-03    3.783118076444E-03
   -7.995415060866E-04    0.000000000000E+00    6.744749167514E-04    3.641813101505E-04   -2.462229047068E-04   -1.834406222726E-04   -1.449514854259E-04   -1.193244722924E-04    1.011503280850E-04   -8.750432678251E-05
    2.276203345855E-03   -6.744749167514E-04    0.000000000000E+00   -1.608784730302E-03    8.683636875069E-04    5.976628156794E-04    4.544394744798E-04    3.660327982698E-04   -3.061856845089E-04    2.626840089428E-04
    3.433160519523E-03   -3.641813101505E-04    1.608784730302E-03    0.000000000000E+00    2.324418901787E-03    1.228481326718E-03    8.438726557418E-04    6.450692776738E-04   -5.233627478274E-04    4.406511745739E-04
   -4.182563201888E-03    2.462229047068E-04   -8.683636875069E-04   -2.324418901787E-03    0.000000000000E+00   -2.853190145232E-03   -1.482993834877E-03   -1.014225102407E-03    7.760206461980E-04   -6.312364379220E-04
   -4.542674781969E-03    1.834406222726E-04   -5.976628156794E-04   -1.228481326718E-03    2.853190145232E-03    0.000000000000E+00   -3.211755858173E-03   -1.649666238399E-03    1.123633578075E-03   -8.592636730481E-04
   -4.593525526891E-03    1.449514854259E-04   -4.544394744798E-04   -8.438726557418E-04    1.482993834877E-03    3.211755858173E-03    0.000000000000E+00   -3.427760519316E-03    1.746005246268E-03   -1.185326429553E-03
   -4.431101047965E-03    1.193244722924E-04   -3.660327982698E-04   -6.450692776738E-04    1.014225102407E-03    1.649666238399E-03    3.427760519316E-03    0.000000000000E+00    3.533298827953E-03   -1.789246899242E-03
    4.139860849276E-03   -1.011503280850E-04    3.061856845089E-04    5.233627478274E-04   -7.760206461980E-04   -1.123633578075E-03   -1.746005246268E-03   -3.533298827953E-03    0.000000000000E+00    3.558394614413E-03
   -3.783118076444E-03    8.750432678251E-05   -2.626840089428E-04   -4.406511745739E-04    6.312364379220E-04    8.592636730481E-04    1.185326429553E-03    1.789246899242E-03   -3.558394614413E-03    0.000000000000E+00
   45.807556136865237     
    0.000000000000E+00    7.575650273548E-04   -2.161529918323E-03   -3.273492945411E-03    4.009134158366E-03    4.379897993039E-03    4.455446037446E-03    4.322883637411E-03   -4.060983045451E-03    3.730201586973E-03
   -7.575650273548E-04    0.000000000000E+00    6.465778090751E-04    3.494759580383E-04   -2.365050576816E-04   -1.762979444240E-04   -1.393209188390E-04   -1.146710644441E-04    9.719691377266E-05   -8.410796985558E-05
    2.161529918323E-03   -6.465778090751E-04    0.000000000000E+00   -1.545148951216E-03    8.349393047664E-04    5.750620580734E-04    4.373418225675E-04    3.522151204542E-04   -2.945868071302E-04    2.527779724113E-04
    3.273492945411E-03   -3.494759580383E-04    1.545148951216E-03    0.000000000000E+00    2.238744585573E-03    1.184406215151E-03    8.139528368702E-04    6.221806028803E-04   -5.046993170822E-04    4.249404670379E-04
   -4.009134158366E-03    2.365050576816E-04   -8.349393047664E-04   -2.238744585573E-03    0.000000000000E+00   -2.757232408275E-03   -1.434339903424E-03   -9.811668572337E-04    7.506138755011E-04   -6.104752531604E-04
   -4.379897993039E-03    1.762979444240E-04   -5.750620580734E-04   -1.184406215151E-03    2.757232408275E-03    0.000000000000E+00   -3.114701409400E-03   -1.600887897929E-03    1.090472841481E-03   -8.337293189715E-04
   -4.455446037446E-03    1.393209188390E-04   -4.373418225675E-04   -8.139528368702E-04    1.434339903424E-03    3.114701409400E-03    0.000000000000E+00   -3.335624490791E-03    1.699920695565E-03   -1.153969633955E-03
   -4.322883637411E-03    1.146710644441E-04   -3.522151204542E-04   -6.221806028803E-04    9.811668572337E-04    1.600887897929E-03    3.335624490791E-03    0.000000000000E+00    3.449291933236E-03   -1.747311679773E-03
    4.060983045451E-03   -9.719691377266E-05    2.945868071302E-04    5.046993170822E-04   -7.506138755011E-04   -1.090472841481E-03   -1.699920695565E-03   -3.449291933236E-03    0.000000000000E+00    3.483720013629E-03
   -3.730201586973E-03    8.410796985558E-05   -2.527779724113E-04   -4.249404670379E-04    6.104752531604E-04    8.337293189715E-04    1.153969633955E-03    1.747311679773E-03   -3.483720013629E-03    0.000000000000E+00
   46.777001348072012     
    0.000000000000E+00    7.182089778258E-04   -2.053583195909E-03   -3.122073750181E-03    3.843027300981E-03    4.222171668526E-03    4.319900656161E-03    4.215077859050E-03   -3.980993331382E-03    3.675211501641E-03
   -7.182089778258E-04    0.000000000000E+00    6.200965454027E-04    3.354930021343E-04   -2.272547577389E-04   -1.694998434875E-04   -1.339668888528E-04   -1.102490460158E-04    9.343779110603E-05   -8.087085755023E-05
    2.053583195909E-03   -6.200965454027E-04    0.000000000000E+00   -1.484524090936E-03    8.030473433244E-04    5.534927079107E-04    4.210378415503E-04    3.390496618253E-04   -2.835324724000E-04    2.433182353368E-04
    3.122073750181E-03   -3.354930021343E-04    1.484524090936E-03    0.000000000000E+00    2.156679571751E-03    1.142142215522E-03    7.852749126095E-04    6.002640472416E-04   -4.868343843777E-04    4.098832850460E-04
   -3.843027300981E-03    2.272547577389E-04   -8.030473433244E-04   -2.156679571751E-03    0.000000000000E+00   -2.664715091634E-03   -1.387403689806E-03   -9.493029251521E-04    7.261478244077E-04   -5.904781966326E-04
   -4.222171668526E-03    1.694998434875E-04   -5.534927079107E-04   -1.142142215522E-03    2.664715091634E-03    0.000000000000E+00   -3.020476377120E-03   -1.553527302347E-03    1.058312019648E-03   -8.089844476332E-04
   -4.319900656161E-03    1.339668888528E-04   -4.210378415503E-04   -7.852749126095E-04    1.387403689806E-03    3.020476377120E-03    0.000000000000E+00   -3.245566351278E-03    1.654890927141E-03   -1.123371209727E-03
   -4.215077859050E-03    1.102490460158E-04   -3.390496618253E-04   -6.002640472416E-04    9.493029251521E-04    1.553527302347E-03    3.245566351278E-03    0.000000000000E+00    3.366662126887E-03   -1.706094803994E-03
    3.980993331382E-03   -9.343779110603E-05    2.835324724000E-04    4.868343843777E-04   -7.261478244077E-04   -1.058312019648E-03   -1.654890927141E-03   -3.366662126887E-03    0.000000000000E+00    3.409855466817E-03
   -3.675211501641E-03    8.087085755023E-05   -2.433182353368E-04   -4.098832850460E-04    5.904781966326E-04    8.089844476332E-04    1.123371209727E-03    1.706094803994E-03   -3.409855466817E-03    0.000000000000E+00
   47.756597818034898     
    0.000000000000E+00    6.812843786473E-04   -1.951920241384E-03   -2.978461588469E-03    3.683989211656E-03    4.069469482828E-03    4.187032068207E-03    4.107914283416E-03   -3.900146480520E-03    3.618388801972E-03
   -6.812843786473E-04    0.000000000000E+00    5.949467369582E-04    3.221909929336E-04   -2.184452668391E-04   -1.630259079184E-04   -1.288724846515E-04   -1.060444675353E-04    8.986220131993E-05   -7.778564947931E-05
    1.951920241384E-03   -5.949467369582E-04    0.000000000000E+00   -1.426748633586E-03    7.726075609602E-04    5.328990553747E-04    4.054827851044E-04    3.264996696233E-04   -2.729942485023E-04    2.342854073758E-04
    2.978461588469E-03   -3.221909929336E-04    1.426748633586E-03    0.000000000000E+00    2.078064416069E-03    1.101609238508E-03    7.577805759373E-04    5.792724442011E-04   -4.697311433997E-04    3.954544001348E-04
   -3.683989211656E-03    2.184452668391E-04   -7.726075609602E-04   -2.078064416069E-03    0.000000000000E+00   -2.575528922972E-03   -1.342128139684E-03   -9.185896411969E-04    7.025877149841E-04   -5.712208516049E-04
   -4.069469482828E-03    1.630259079184E-04   -5.328990553747E-04   -1.101609238508E-03    2.575528922972E-03    0.000000000000E+00   -2.929033283072E-03   -1.507556283617E-03    1.027127256573E-03   -7.850108739719E-04
   -4.187032068207E-03    1.288724846515E-04   -4.054827851044E-04   -7.577805759373E-04    1.342128139684E-03    2.929033283072E-03    0.000000000000E+00   -3.157588283991E-03    1.610911282379E-03   -1.093523873143E-03
   -4.107914283416E-03    1.060444675353E-04   -3.264996696233E-04   -5.792724442011E-04    9.185896411969E-04    1.507556283617E-03    3.157588283991E-03    0.000000000000E+00    3.285441797931E-03   -1.665606124527E-03
    3.900146480520E-03   -8.986220131993E-05    2.729942485023E-04    4.697311433997E-04   -7.025877149841E-04   -1.027127256573E-03   -1.610911282379E-03   -3.285441797931E-03    0.000000000000E+00    3.336846701426E-03
   -3.618388801972E-03    7.778564947931E-05   -2.342854073758E-04   -3.954544001348E-04    5.712208516049E-04    7.850108739719E-04    1.093523873143E-03    1.665606124527E-03   -3.336846701426E-03    0.000000000000E+00
   48.746345546753879     
    0.000000000000E+00    6.466176620699E-04   -1.856129794131E-03   -2.842236715557E-03    3.531765723901E-03    3.921747271197E-03    4.056959106592E-03    4.001601643296E-03   -3.818680767107E-03    3.559963635213E-03
   -6.466176620699E-04    0.000000000000E+00    5.710497202455E-04    3.095311972650E-04   -2.100516664611E-04   -1.568572100162E-04   -1.240220260547E-04   -1.020442833487E-04    8.645989443791E-05   -7.484511699347E-05
    1.856129794131E-03   -5.710497202455E-04    0.000000000000E+00   -1.371670443192E-03    7.435444240457E-04    5.132289593241E-04    3.906348642299E-04    3.145305788872E-04   -2.629449080520E-04    2.256602704823E-04
    2.842236715557E-03   -3.095311972650E-04    1.371670443192E-03    0.000000000000E+00    2.002746112413E-03    1.062730782827E-03    7.314145017603E-04    5.591609169307E-04   -4.533540024088E-04    3.816285255205E-04
   -3.531765723901E-03    2.100516664611E-04   -7.435444240457E-04   -2.002746112413E-03    0.000000000000E+00   -2.489565680387E-03   -1.298457366614E-03   -8.889845622982E-04    6.798994030965E-04   -5.526783835959E-04
   -3.921747271197E-03    1.568572100162E-04   -5.132289593241E-04   -1.062730782827E-03    2.489565680387E-03    0.000000000000E+00   -2.840321545330E-03   -1.462945851008E-03    9.968943710688E-04   -7.617896724918E-04
   -4.056959106592E-03    1.240220260547E-04   -3.906348642299E-04   -7.314145017603E-04    1.298457366614E-03    2.840321545330E-03    0.000000000000E+00   -3.071687691162E-03    1.567975394259E-03   -1.064419265019E-03
   -4.001601643296E-03    1.020442833487E-04   -3.145305788872E-04   -5.591609169307E-04    8.889845622982E-04    1.462945851008E-03    3.071687691162E-03    0.000000000000E+00    3.205658790916E-03   -1.625853803267E-03
    3.818680767107E-03   -8.645989443791E-05    2.629449080520E-04    4.533540024088E-04   -6.798994030965E-04   -9.968943710688E-04   -1.567975394259E-03   -3.205658790916E-03    0.000000000000E+00    3.264736034061E-03
   -3.559963635213E-03    7.484511699347E-05   -2.256602704823E-04   -3.816285255205E-04    5.526783835959E-04    7.617896724918E-04    1.064419265019E-03    1.625853803267E-03   -3.264736034061E-03    0.000000000000E+00
   49.746244534228936     
    0.000000000000E+00    6.140492751034E-04   -1.765829901486E-03   -2.713000421962E-03    3.386103555215E-03    3.778945433689E-03    3.929778668932E-03    3.896327874768E-03   -3.736818281497E-03    3.500155171636E-03
   -6.140492751034E-04    0.000000000000E+00    5.483321272366E-04    2.974773971193E-04   -2.020507090500E-04   -1.509761780180E-04   -1.194009682772E-04   -9.823630541257E-05    8.322113595578E-05   -7.204219299429E-05
    1.765829901486E-03   -5.483321272366E-04    0.000000000000E+00   -1.319146207379E-03    7.157867985628E-04    4.944335806849E-04    3.764550435937E-04    3.031099206662E-04   -2.533584670974E-04    2.174239296737E-04
    2.713000421962E-03   -2.974773971193E-04    1.319146207379E-03    0.000000000000E+00    1.930577963881E-03    1.025433791294E-03    7.061242060928E-04    5.398868290279E-04   -4.376686781029E-04    3.683805490885E-04
   -3.386103555215E-03    2.020507090500E-04   -7.157867985628E-04   -1.930577963881E-03    0.000000000000E+00   -2.406718510279E-03   -1.256336723433E-03   -8.604465150136E-04    6.580495129232E-04   -5.348257973025E-04
   -3.778945433689E-03    1.509761780180E-04   -4.944335806849E-04   -1.025433791294E-03    2.406718510279E-03    0.000000000000E+00   -2.754287945552E-03   -1.419666357287E-03    9.675889985285E-04   -7.393013897115E-04
   -3.929778668932E-03    1.194009682772E-04   -3.764550435937E-04   -7.061242060928E-04    1.256336723433E-03    2.754287945552E-03    0.000000000000E+00   -2.987857553106E-03    1.526075323974E-03   -1.036048082457E-03
   -3.896327874768E-03    9.823630541257E-05   -3.031099206662E-04   -5.398868290279E-04    8.604465150136E-04    1.419666357287E-03    2.987857553106E-03    0.000000000000E+00    3.127336570562E-03   -1.586844368606E-03
    3.736818281497E-03   -8.322113595578E-05    2.533584670974E-04    4.376686781029E-04   -6.580495129232E-04   -9.675889985285E-04   -1.526075323974E-03   -3.127336570562E-03    0.000000000000E+00    3.193562372606E-03
   -3.500155171636E-03    7.204219299429E-05   -2.174239296737E-04   -3.683805490885E-04    5.348257973025E-04    7.393013897115E-04    1.036048082457E-03    1.586844368606E-03   -3.193562372606E-03    0.000000000000E+00
   50.756294780460074     
    0.000000000000E+00    5.834324184685E-04   -1.680665715905E-03   -2.590374375292E-03    3.246751670886E-03    3.640991117459E-03    3.805567547182E-03    3.792261169945E-03   -3.654765298592E-03    3.439171523975E-03
   -5.834324184685E-04    0.000000000000E+00    5.267254852709E-04    2.859957027102E-04   -1.944206821665E-04   -1.453664790124E-04   -1.149958119599E-04   -9.460915496354E-05    8.013670513916E-05   -6.937001004638E-05
    1.680665715905E-03   -5.267254852709E-04    0.000000000000E+00   -1.269040899669E-03    6.892676579483E-04    4.764671333157E-04    3.629068452215E-04    2.922072208339E-04   -2.442101993732E-04    2.095579305466E-04
    2.590374375292E-03   -2.859957027102E-04    1.269040899669E-03    0.000000000000E+00    1.861419419181E-03    9.896485008666E-04    6.818599002147E-04    5.214097161650E-04   -4.226422535584E-04    3.556857196858E-04
   -3.246751670886E-03    1.944206821665E-04   -6.892676579483E-04   -1.861419419181E-03    0.000000000000E+00   -2.326882180901E-03   -1.215712849057E-03   -8.329356190556E-04    6.370055359070E-04   -5.176381474810E-04
   -3.640991117459E-03    1.453664790124E-04   -4.764671333157E-04   -9.896485008666E-04    2.326882180901E-03    0.000000000000E+00   -2.670877043607E-03   -1.377687641227E-03    9.391867076051E-04   -7.175262235552E-04
   -3.805567547182E-03    1.149958119599E-04   -3.629068452215E-04   -6.818599002147E-04    1.215712849057E-03    2.670877043607E-03    0.000000000000E+00   -2.906086762585E-03    1.485201685093E-03   -1.008400194575E-03
   -3.792261169945E-03    9.460915496354E-05   -2.922072208339E-04   -5.214097161650E-04    8.329356190556E-04    1.377687641227E-03    2.906086762585E-03    0.000000000000E+00    3.050494382525E-03   -1.548582769918E-03
    3.654765298592E-03   -8.013670513916E-05    2.442101993732E-04    4.226422535584E-04   -6.370055359070E-04   -9.391867076051E-04   -1.485201685093E-03   -3.050494382525E-03    0.000000000000E+00    3.123361222570E-03
   -3.439171523975E-03    6.937001004638E-05   -2.095579305466E-04   -3.556857196858E-04    5.176381474810E-04    7.175262235552E-04    1.008400194575E-03    1.548582769918E-03   -3.123361222570E-03    0.000000000000E+00
   51.776496285447330     
    0.000000000000E+00    5.546319139471E-04   -1.600307469037E-03   -2.473999923012E-03    3.113462444569E-03    3.507800224422E-03    3.684384198864E-03    3.689551062165E-03   -3.572712717949E-03    3.377209745667E-03
   -5.546319139471E-04    0.000000000000E+00    5.061658560880E-04    2.750543846390E-04   -1.871412879565E-04   -1.400129145524E-04   -1.107940206473E-04   -9.115221478304E-05    7.719788785828E-05   -6.682192941863E-05
    1.600307469037E-03   -5.061658560880E-04    0.000000000000E+00   -1.221227287840E-03    6.639238206301E-04    4.592866604590E-04    3.499561670202E-04    2.817938976830E-04   -2.354766342046E-04    2.020443510328E-04
    2.473999923012E-03   -2.750543846390E-04    1.221227287840E-03    0.000000000000E+00    1.795135917160E-03    9.553083070075E-04    6.585743541915E-04    5.036912117106E-04   -4.082432126337E-04    3.435197976048E-04
   -3.113462444569E-03    1.871412879565E-04   -6.639238206301E-04   -1.795135917160E-03    0.000000000000E+00   -2.249953320061E-03   -1.176533714413E-03   -8.064133035635E-04    6.167359084574E-04   -5.010907160171E-04
   -3.507800224422E-03    1.400129145524E-04   -4.592866604590E-04   -9.553083070075E-04    2.249953320061E-03    0.000000000000E+00   -2.590031585880E-03   -1.336979169170E-03    9.116631075648E-04   -6.964441821552E-04
   -3.684384198864E-03    1.107940206473E-04   -3.499561670202E-04   -6.585743541915E-04    1.176533714413E-03    2.590031585880E-03    0.000000000000E+00   -2.826360476468E-03    1.445343775603E-03   -9.814647558046E-04
   -3.689551062165E-03    9.115221478304E-05   -2.817938976830E-04   -5.036912117106E-04    8.064133035635E-04    1.336979169170E-03    2.826360476468E-03    0.000000000000E+00    2.975147448659E-03   -1.511072447547E-03
    3.572712717949E-03   -7.719788785828E-05    2.354766342046E-04    4.082432126337E-04   -6.167359084574E-04   -9.116631075648E-04   -1.445343775603E-03   -2.975147448659E-03    0.000000000000E+00    3.054164733102E-03
   -3.377209745667E-03    6.682192941863E-05   -2.020443510328E-04   -3.435197976048E-04    5.010907160171E-04    6.964441821552E-04    9.814647558046E-04    1.511072447547E-03   -3.054164733102E-03    0.000000000000E+00
   52.806849049190674     
    0.000000000000E+00    5.275231792041E-04   -1.524448590142E-03   -2.363537342458E-03    2.985992605170E-03    3.379279217316E-03    3.566270419749E-03    3.588329502584E-03   -3.490836540268E-03    3.314455879001E-03
   -5.275231792041E-04    0.000000000000E+00    4.865934992245E-04    2.646237173631E-04   -1.801935324146E-04   -1.349013250680E-04   -1.067839434866E-04   -8.785558130981E-05    7.439646416440E-05   -6.439156159665E-05
    1.524448590142E-03   -4.865934992245E-04    0.000000000000E+00   -1.175585459481E-03    6.396957011227E-04    4.428518259499E-04    3.375711098548E-04    2.718431559619E-04   -2.271355383266E-04    1.948658686706E-04
    2.363537342458E-03   -2.646237173631E-04    1.175585459481E-03    0.000000000000E+00    1.731598705063E-03    9.223496239759E-04    6.362227589972E-04    4.866949612781E-04   -3.944414496796E-04    3.318591699270E-04
   -2.985992605170E-03    1.801935324146E-04   -6.396957011227E-04   -1.731598705063E-03    0.000000000000E+00   -2.175830597911E-03   -1.138748648246E-03   -7.808423056333E-04    5.972100633484E-04   -4.851591531690E-04
   -3.379279217316E-03    1.349013250680E-04   -4.428518259499E-04   -9.223496239759E-04    2.175830597911E-03    0.000000000000E+00   -2.511692863705E-03   -1.297510155205E-03    8.849939349017E-04   -6.760352155949E-04
   -3.566270419749E-03    1.067839434866E-04   -3.375711098548E-04   -6.362227589972E-04    1.138748648246E-03    2.511692863705E-03    0.000000000000E+00   -2.748660439796E-03    1.406489697013E-03   -9.552303046527E-04
   -3.588329502584E-03    8.785558130981E-05   -2.718431559619E-04   -4.866949612781E-04    7.808423056333E-04    1.297510155205E-03    2.748660439796E-03    0.000000000000E+00    2.901307154291E-03   -1.474315398607E-03
    3.490836540268E-03   -7.439646416440E-05    2.271355383266E-04    3.944414496796E-04   -5.972100633484E-04   -8.849939349017E-04   -1.406489697013E-03   -2.901307154291E-03    0.000000000000E+00    2.986001744662E-03
   -3.314455879001E-03    6.439156159665E-05   -1.948658686706E-04   -3.318591699270E-04    4.851591531690E-04    6.760352155949E-04    9.552303046527E-04    1.474315398607E-03   -2.986001744662E-03    0.000000000000E+00
   53.847353071690115     
    0.000000000000E+00    5.019913044772E-04   -1.452803975302E-03   -2.258665077704E-03    2.864104022606E-03    3.255326764511E-03    3.451252942581E-03    3.488711944757E-03   -3.409298394487E-03    3.251085066146E-03
   -5.019913044772E-04    0.000000000000E+00    4.679525667910E-04    2.546758376794E-04   -1.735596264472E-04   -1.300185044206E-04   -1.029547446248E-04   -8.471001850022E-05    7.172469277084E-05   -6.207278034361E-05
    1.452803975302E-03   -4.679525667910E-04    0.000000000000E+00   -1.132002385477E-03    6.165270844800E-04    4.271247261629E-04    3.257218184717E-04    2.623298832006E-04   -2.191658878955E-04    1.880058093272E-04
    2.258665077704E-03   -2.546758376794E-04    1.132002385477E-03    0.000000000000E+00    1.670684663508E-03    8.907117566106E-04    6.147625979698E-04    4.703865358731E-04   -3.812082640039E-04    3.206809394364E-04
   -2.864104022606E-03    1.735596264472E-04   -6.165270844800E-04   -1.670684663508E-03    0.000000000000E+00   -2.104414892972E-03   -1.102308361277E-03   -7.561866642175E-04    5.783984660049E-04   -4.698195928642E-04
   -3.255326764511E-03    1.300185044206E-04   -4.271247261629E-04   -8.907117566106E-04    2.104414892972E-03    0.000000000000E+00   -2.435801058782E-03   -1.259249677980E-03    8.591551317449E-04   -6.562793306742E-04
   -3.451252942581E-03    1.029547446248E-04   -3.257218184717E-04   -6.147625979698E-04    1.102308361277E-03    2.435801058782E-03    0.000000000000E+00   -2.672965315589E-03    1.368626476699E-03   -9.296848588123E-04
   -3.488711944757E-03    8.471001850022E-05   -2.623298832006E-04   -4.703865358731E-04    7.561866642175E-04    1.259249677980E-03    2.672965315589E-03    0.000000000000E+00    2.828981257712E-03   -1.438312252997E-03
    3.409298394487E-03   -7.172469277084E-05    2.191658878955E-04    3.812082640039E-04   -5.783984660049E-04   -8.591551317449E-04   -1.368626476699E-03   -2.828981257712E-03    0.000000000000E+00    2.918897866121E-03
   -3.251085066146E-03    6.207278034361E-05   -1.880058093272E-04   -3.206809394364E-04    4.698195928642E-04    6.562793306742E-04    9.296848588123E-04    1.438312252997E-03   -2.918897866121E-03    0.000000000000E+00
   54.898008352945645     
    0.000000000000E+00    4.779302151216E-04   -1.385108381425E-03   -2.159078951996E-03    2.747564326457E-03    3.135835206056E-03    3.339344932398E-03    3.390798404691E-03   -3.328246086351E-03    3.187261698977E-03
   -4.779302151216E-04    0.000000000000E+00    4.501908185142E-04    2.451846123884E-04   -1.672228945887E-04   -1.253521215752E-04   -9.929633745863E-05   -8.170691270491E-05    6.917529250934E-05   -5.985973075310E-05
    1.385108381425E-03   -4.501908185142E-04    0.000000000000E+00   -1.090371499700E-03    5.943649119651E-04    4.120697143246E-04    3.143803311221E-04    2.532305461514E-04   -2.115478306987E-04    1.814481784443E-04
    2.159078951996E-03   -2.451846123884E-04    1.090371499700E-03    0.000000000000E+00    1.612276112469E-03    8.603367696456E-04    5.941535191208E-04    4.547333394421E-04   -3.685163380588E-04    3.099629878066E-04
   -2.747564326457E-03    1.672228945887E-04   -5.943649119651E-04   -1.612276112469E-03    0.000000000000E+00   -2.035609412431E-03   -1.067164954173E-03   -7.324117013151E-04    5.602726318330E-04   -4.550487407796E-04
   -3.135835206056E-03    1.253521215752E-04   -4.120697143246E-04   -8.603367696456E-04    2.035609412431E-03    0.000000000000E+00   -2.362295543004E-03   -1.222166778688E-03    8.341229074497E-04   -6.371566839800E-04
   -3.339344932398E-03    9.929633745863E-05   -3.143803311221E-04   -5.941535191208E-04    1.067164954173E-03    2.362295543004E-03    0.000000000000E+00   -2.599250986157E-03    1.331740177555E-03   -9.048159974208E-04
   -3.390798404691E-03    8.170691270491E-05   -2.532305461514E-04   -4.547333394421E-04    7.324117013151E-04    1.222166778688E-03    2.599250986157E-03    0.000000000000E+00    2.758174088920E-03   -1.403062344350E-03
    3.328246086351E-03   -6.917529250934E-05    2.115478306987E-04    3.685163380588E-04   -5.602726318330E-04   -8.341229074497E-04   -1.331740177555E-03   -2.758174088920E-03    0.000000000000E+00    2.852875551592E-03
   -3.187261698977E-03    5.985973075310E-05   -1.814481784443E-04   -3.099629878066E-04    4.550487407796E-04    6.371566839800E-04    9.048159974208E-04    1.403062344350E-03   -2.852875551592E-03    0.000000000000E+00
   55.958814892957243     
    0.000000000000E+00    4.552419161847E-04   -1.321114950595E-03   -2.064491388013E-03    2.636147403347E-03    3.020691879581E-03    3.230547404013E-03    3.294674513778E-03   -3.247814182802E-03    3.123139620634E-03
   -4.552419161847E-04    0.000000000000E+00    4.332593634350E-04    2.361255185834E-04   -1.611676933216E-04   -1.208906506550E-04   -9.579932495581E-05   -7.883823004171E-05    6.674142246702E-05   -5.774683300419E-05
    1.321114950595E-03   -4.332593634350E-04    0.000000000000E+00   -1.050592313308E-03    5.731590868657E-04    3.976532425901E-04    3.035204423228E-04    2.445230920059E-04   -2.042626435830E-04    1.751776797327E-04
    2.064491388013E-03   -2.361255185834E-04    1.050592313308E-03    0.000000000000E+00    1.556260627555E-03    8.311693684477E-04    5.743572175912E-04    4.397045188795E-04   -3.563397071581E-04    2.996840204346E-04
   -2.636147403347E-03    1.611676933216E-04   -5.731590868657E-04   -1.556260627555E-03    0.000000000000E+00   -1.969319801299E-03   -1.033271925972E-03   -7.094840020061E-04    5.428051343002E-04   -4.408239438373E-04
   -3.020691879581E-03    1.208906506550E-04   -3.976532425901E-04   -8.311693684477E-04    1.969319801299E-03    0.000000000000E+00   -2.291115166908E-03   -1.186230556864E-03    8.098737947863E-04   -6.186476623981E-04
   -3.230547404013E-03    9.579932495581E-05   -3.035204423228E-04   -5.743572175912E-04    1.033271925972E-03    2.291115166908E-03    0.000000000000E+00   -2.527490857236E-03    1.295816010107E-03   -8.806109405874E-04
   -3.294674513778E-03    7.883823004171E-05   -2.445230920059E-04   -4.397045188795E-04    7.094840020061E-04    1.186230556864E-03    2.527490857236E-03    0.000000000000E+00    2.688886765951E-03   -1.368563789446E-03
    3.247814182802E-03   -6.674142246702E-05    2.042626435830E-04    3.563397071581E-04   -5.428051343002E-04   -8.098737947863E-04   -1.295816010107E-03   -2.688886765951E-03    0.000000000000E+00    2.787954202821E-03
   -3.123139620634E-03    5.774683300419E-05   -1.751776797327E-04   -2.996840204346E-04    4.408239438373E-04    6.186476623981E-04    8.806109405874E-04    1.368563789446E-03   -2.787954202821E-03    0.000000000000E+00
   57.029772691724951     
    0.000000000000E+00    4.338358063944E-04   -1.260593843143E-03   -1.974630625340E-03    2.529633768543E-03    2.909780294005E-03    3.124850539472E-03    3.200412538366E-03   -3.168124607608E-03    3.058862358108E-03
   -4.338358063944E-04    0.000000000000E+00    4.171124192828E-04    2.274755318788E-04   -1.553793356872E-04   -1.166233069050E-04   -9.245494443331E-05   -7.609647550248E-05    6.441666071338E-05   -5.572878210549E-05
    1.260593843143E-03   -4.171124192828E-04    0.000000000000E+00   -1.012570045916E-03    5.528622906138E-04    3.838437149823E-04    2.931175742537E-04    2.361868521804E-04   -1.972926847204E-04    1.691797219951E-04
    1.974630625340E-03   -2.274755318788E-04    1.012570045916E-03    0.000000000000E+00    1.502530845533E-03    8.031567796746E-04    5.553373209931E-04    4.252708725778E-04   -3.446537194378E-04    2.898235932747E-04
   -2.529633768543E-03    1.553793356872E-04   -5.528622906138E-04   -1.502530845533E-03    0.000000000000E+00   -1.905454216865E-03   -1.000584170931E-03   -6.873713864168E-04    5.259696003101E-04   -4.271232399285E-04
   -2.909780294005E-03    1.166233069050E-04   -3.838437149823E-04   -8.031567796746E-04    1.905454216865E-03    0.000000000000E+00   -2.222198510273E-03   -1.151410251226E-03    7.863846935303E-04   -6.007329471200E-04
   -3.124850539472E-03    9.245494443331E-05   -2.931175742537E-04   -5.553373209931E-04    1.000584170931E-03    2.222198510273E-03    0.000000000000E+00   -2.457656136745E-03    1.260838433864E-03   -8.570566185361E-04
   -3.200412538366E-03    7.609647550248E-05   -2.361868521804E-04   -4.252708725778E-04    6.873713864168E-04    1.151410251226E-03    2.457656136745E-03    0.000000000000E+00    2.621117401111E-03   -1.334813563180E-03
    3.168124607608E-03   -6.441666071338E-05    1.972926847204E-04    3.446537194378E-04   -5.259696003101E-04   -7.863846935303E-04   -1.260838433864E-03   -2.621117401111E-03    0.000000000000E+00    2.724150271774E-03
   -3.058862358108E-03    5.572878210549E-05   -1.691797219951E-04   -2.898235932747E-04    4.271232399285E-04    6.007329471200E-04    8.570566185361E-04    1.334813563180E-03   -2.724150271774E-03    0.000000000000E+00
   58.110881749248755     
    0.000000000000E+00    4.136280564875E-04   -1.203330977113E-03   -1.889239950710E-03    2.427810838315E-03    2.802981173198E-03    3.022234917442E-03    3.108072371019E-03   -3.089287251031E-03    2.994563388504E-03
   -4.136280564875E-04    0.000000000000E+00    4.017070913297E-04    2.192130236167E-04   -1.498440226530E-04   -1.125399887656E-04   -8.925501709336E-05   -7.347465440505E-05    6.219498252785E-05   -5.380054467882E-05
    1.203330977113E-03   -4.017070913297E-04    0.000000000000E+00   -9.762152806052E-04    5.334298123978E-04    3.706113528519E-04    2.831486582697E-04    2.282024507076E-04   -1.906213434081E-04    1.634404170897E-04
    1.889239950710E-03   -2.192130236167E-04    9.762152806052E-04    0.000000000000E+00    1.450984271946E-03    7.762486376155E-04    5.370592814369E-04    4.114047612184E-04   -3.334349902301E-04    2.803621261075E-04
   -2.427810838315E-03    1.498440226530E-04   -5.334298123978E-04   -1.450984271946E-03    0.000000000000E+00   -1.843923384329E-03   -9.690579712045E-04   -6.660428789540E-04    5.097406978594E-04   -4.139253928149E-04
   -2.802981173198E-03    1.125399887656E-04   -3.706113528519E-04   -7.762486376155E-04    1.843923384329E-03    0.000000000000E+00   -2.155484110180E-03   -1.117675312976E-03    7.636329068391E-04   -5.833935658996E-04
   -3.022234917442E-03    8.925501709336E-05   -2.831486582697E-04   -5.370592814369E-04    9.690579712045E-04    2.155484110180E-03    0.000000000000E+00   -2.389716101353E-03    1.226791254355E-03   -8.341397349484E-04
   -3.108072371019E-03    7.347465440505E-05   -2.282024507076E-04   -4.114047612184E-04    6.660428789540E-04    1.117675312976E-03    2.389716101353E-03    0.000000000000E+00    2.554861308442E-03   -1.301807574617E-03
    3.089287251031E-03   -6.219498252785E-05    1.906213434081E-04    3.334349902301E-04   -5.097406978594E-04   -7.636329068391E-04   -1.226791254355E-03   -2.554861308442E-03    0.000000000000E+00    2.661477373627E-03
   -2.994563388504E-03    5.380054467882E-05   -1.634404170897E-04   -2.803621261075E-04    4.139253928149E-04    5.833935658996E-04    8.341397349484E-04    1.301807574617E-03   -2.661477373627E-03    0.000000000000E+00
   59.202142065528655     
    0.000000000000E+00    3.945410455992E-04   -1.149126866697E-03   -1.808076946909E-03    2.330473118275E-03    2.700173381473E-03    2.922672657765E-03    3.017702490894E-03   -3.011400589415E-03    2.930366435577E-03
   -3.945410455992E-04    0.000000000000E+00    3.870031694423E-04    2.113176664595E-04   -1.445487806743E-04   -1.086312255320E-04   -8.619190203987E-05   -7.096623629527E-05    6.007073859155E-05   -5.195735345897E-05
    1.149126866697E-03   -3.870031694423E-04    0.000000000000E+00   -9.414436422859E-04    5.148193916448E-04    3.579280720550E-04    2.735920261461E-04    2.205517177245E-04   -1.842329887769E-04    1.579465709538E-04
    1.808076946909E-03   -2.113176664595E-04    9.414436422859E-04    0.000000000000E+00    1.401523093164E-03    7.503968767209E-04    5.194902745681E-04    3.980800218613E-04   -3.226613528786E-04    2.712809049435E-04
   -2.330473118275E-03    1.445487806743E-04   -5.148193916448E-04   -1.401523093164E-03    0.000000000000E+00   -1.784640637398E-03   -9.386509868039E-04   -6.454686762150E-04    4.940941180391E-04   -4.012099148977E-04
   -2.700173381473E-03    1.086312255320E-04   -3.579280720550E-04   -7.503968767209E-04    1.784640637398E-03    0.000000000000E+00   -2.090910669440E-03   -1.084995472904E-03    7.415961719044E-04   -5.666109355054E-04
   -2.922672657765E-03    8.619190203987E-05   -2.735920261461E-04   -5.194902745681E-04    9.386509868039E-04    2.090910669440E-03    0.000000000000E+00   -2.323638352004E-03    1.193657716545E-03   -8.118468254435E-04
   -3.017702490894E-03    7.096623629527E-05   -2.205517177245E-04   -3.980800218613E-04    6.454686762150E-04    1.084995472904E-03    2.323638352004E-03    0.000000000000E+00    2.490111212432E-03   -1.269540744245E-03
    3.011400589415E-03   -6.007073859155E-05    1.842329887769E-04    3.226613528786E-04   -4.940941180391E-04   -7.415961719044E-04   -1.193657716545E-03   -2.490111212432E-03    0.000000000000E+00    2.599946409953E-03
   -2.930366435577E-03    5.195735345897E-05   -1.579465709538E-04   -2.712809049435E-04    4.012099148977E-04    5.666109355054E-04    8.118468254435E-04    1.269540744245E-03   -2.599946409953E-03    0.000000000000E+00
   60.303553640564637     
    0.000000000000E+00    3.765028489723E-04   -1.097795549429E-03   -1.730912760096E-03    2.237422315242E-03    2.601234735791E-03    2.826128478518E-03    2.929340885252E-03   -2.934552305507E-03    2.866385788482E-03
   -3.765028489723E-04    0.000000000000E+00    3.729629404191E-04    2.037703469121E-04   -1.394814043494E-04   -1.048881296965E-04   -8.325845417510E-05   -6.856512109937E-05    5.803863332044E-05   -5.019469993577E-05
    1.097795549429E-03   -3.729629404191E-04    0.000000000000E+00   -9.081754947872E-04    4.969910706585E-04    3.457673696838E-04    2.644273096199E-04    2.132176076125E-04   -1.781129179337E-04    1.526856688761E-04
    1.730912760096E-03   -2.037703469121E-04    9.081754947872E-04    0.000000000000E+00    1.354053989103E-03    7.255556278252E-04    5.025991039240E-04    3.852718847948E-04   -3.123118066712E-04    2.625620751363E-04
   -2.237422315242E-03    1.394814043494E-04   -4.969910706585E-04   -1.354053989103E-03    0.000000000000E+00   -1.727521940547E-03   -9.093222407847E-04   -6.256201126393E-04    4.790065516523E-04   -3.889570791104E-04
   -2.601234735791E-03    1.048881296965E-04   -3.457673696838E-04   -7.255556278252E-04    1.727521940547E-03    0.000000000000E+00   -2.028417241048E-03   -1.053340800115E-03    7.202526840421E-04   -5.503668946043E-04
   -2.826128478518E-03    8.325845417510E-05   -2.644273096199E-04   -5.025991039240E-04    9.093222407847E-04    2.028417241048E-03    0.000000000000E+00   -2.259389052607E-03    1.161420591966E-03   -7.901643099933E-04
   -2.929340885252E-03    6.856512109937E-05   -2.132176076125E-04   -3.852718847948E-04    6.256201126393E-04    1.053340800115E-03    2.259389052607E-03    0.000000000000E+00    2.426857451472E-03   -1.238007079523E-03
    2.934552305507E-03   -5.803863332044E-05    1.781129179337E-04    3.123118066712E-04   -4.790065516523E-04   -7.202526840421E-04   -1.161420591966E-03   -2.426857451472E-03    0.000000000000E+00    2.539565695918E-03
   -2.866385788482E-03    5.019469993577E-05   -1.526856688761E-04   -2.625620751363E-04    3.889570791104E-04    5.503668946043E-04    7.901643099933E-04    1.238007079523E-03   -2.539565695918E-03    0.000000000000E+00
   61.415116474356701     
    0.000000000000E+00    3.594467705949E-04   -1.049163591591E-03   -1.657531382928E-03    2.148467376821E-03    2.506042706620E-03    2.732560660504E-03    2.843015921751E-03   -2.858819897583E-03    2.802726631664E-03
   -3.594467705949E-04    0.000000000000E+00    3.595510118863E-04    1.965530828638E-04   -1.346304027714E-04   -1.013023528471E-04   -8.044798517125E-05   -6.626560710975E-05    5.609370329199E-05   -4.850832535396E-05
    1.049163591591E-03   -3.595510118863E-04    0.000000000000E+00   -8.763356497877E-04    4.799070534926E-04    3.341042173667E-04    2.556353460965E-04    2.061841206699E-04   -1.722473033943E-04    1.476458555866E-04
    1.657531382928E-03   -1.965530828638E-04    8.763356497877E-04    0.000000000000E+00    1.308487939153E-03    7.016811136172E-04    4.863561075232E-04    3.729568914083E-04   -3.023664614706E-04    2.541886257941E-04
   -2.148467376821E-03    1.346304027714E-04   -4.799070534926E-04   -1.308487939153E-03    0.000000000000E+00   -1.672485884825E-03   -8.810320950771E-04   -6.064696211292E-04    4.644556592080E-04   -3.771479199081E-04
   -2.506042706620E-03    1.013023528471E-04   -3.341042173667E-04   -7.016811136172E-04    1.672485884825E-03    0.000000000000E+00   -1.967943378764E-03   -1.022681747278E-03    6.995811113221E-04   -5.346437256973E-04
   -2.732560660504E-03    8.044798517125E-05   -2.556353460965E-04   -4.863561075232E-04    8.810320950771E-04    1.967943378764E-03    0.000000000000E+00   -2.196933139950E-03    1.130062253727E-03   -7.690785358974E-04
   -2.843015921751E-03    6.626560710975E-05   -2.061841206699E-04   -3.729568914083E-04    6.064696211292E-04    1.022681747278E-03    2.196933139950E-03    0.000000000000E+00    2.365088162919E-03   -1.207199742414E-03
    2.858819897583E-03   -5.609370329199E-05    1.722473033943E-04    3.023664614706E-04   -4.644556592080E-04   -6.995811113221E-04   -1.130062253727E-03   -2.365088162919E-03    0.000000000000E+00    2.480341078312E-03
   -2.802726631664E-03    4.850832535396E-05   -1.476458555866E-04   -2.541886257941E-04    3.771479199081E-04    5.346437256973E-04    7.690785358974E-04    1.207199742414E-03   -2.480341078312E-03    0.000000000000E+00
   62.536830566904868     
    0.000000000000E+00    3.433109224536E-04   -1.003069183397E-03   -1.587728983052E-03    2.063424502365E-03    2.414475053815E-03    2.641921960344E-03    2.758747206212E-03   -2.784271307360E-03    2.739485412761E-03
   -3.433109224536E-04    0.000000000000E+00    3.467341577789E-04    1.896489516173E-04   -1.299849531202E-04   -9.786604758700E-05   -7.775422940583E-05   -6.406236244105E-05    5.423129730535E-05   -4.689421153730E-05
    1.003069183397E-03   -3.467341577789E-04    0.000000000000E+00   -8.458531130966E-04    4.635315844662E-04    3.229149698150E-04    2.471980968614E-04    1.994362335491E-04   -1.666231445333E-04    1.428159145523E-04
    1.587728983052E-03   -1.896489516173E-04    8.458531130966E-04    0.000000000000E+00    1.264740060008E-03    6.787315628971E-04    4.707330794677E-04    3.611128227684E-04   -2.928064871815E-04    2.461443726913E-04
   -2.063424502365E-03    1.299849531202E-04   -4.635315844662E-04   -1.264740060008E-03    0.000000000000E+00   -1.619453704892E-03   -8.537422405999E-04   -5.879907042588E-04    4.504200461972E-04   -3.657642331988E-04
   -2.414475053815E-03    9.786604758700E-05   -3.229149698150E-04   -6.787315628971E-04    1.619453704892E-03    0.000000000000E+00   -1.909429305529E-03   -9.929892078065E-04    6.795606165187E-04   -5.194241787477E-04
   -2.641921960344E-03    7.775422940583E-05   -2.471980968614E-04   -4.707330794677E-04    8.537422405999E-04    1.909429305529E-03    0.000000000000E+00   -2.136234556843E-03    1.099564764806E-03   -7.485758279315E-04
   -2.758747206212E-03    6.406236244105E-05   -1.994362335491E-04   -3.611128227684E-04    5.879907042588E-04    9.929892078065E-04    2.136234556843E-03    0.000000000000E+00    2.304789500187E-03   -1.177111133335E-03
    2.784271307360E-03   -5.423129730535E-05    1.666231445333E-04    2.928064871815E-04   -4.504200461972E-04   -6.795606165187E-04   -1.099564764806E-03   -2.304789500187E-03    0.000000000000E+00    2.422276092369E-03
   -2.739485412761E-03    4.689421153730E-05   -1.428159145523E-04   -2.461443726913E-04    3.657642331988E-04    5.194241787476E-04    7.485758279315E-04    1.177111133335E-03   -2.422276092369E-03    0.000000000000E+00
   63.668695918209139     
    0.000000000000E+00    3.280378346229E-04   -9.593612845148E-04   -1.521313227422E-03    1.982117071101E-03    2.326410337169E-03    2.554160405727E-03    2.676546357045E-03   -2.710965500376E-03    2.676750187960E-03
   -3.280378346229E-04    0.000000000000E+00    3.344811635543E-04    1.830420167753E-04   -1.255348536790E-04   -9.457182972282E-05   -7.517131052449E-05   -6.195039672574E-05    5.244705572885E-05   -4.534856986419E-05
    9.593612845148E-04   -3.344811635543E-04    0.000000000000E+00   -8.166608180462E-04    4.478308194485E-04    3.121772703335E-04    2.390985644428E-04    1.929598286235E-04   -1.612282159088E-04    1.381852413589E-04
    1.521313227422E-03   -1.830420167753E-04    8.166608180462E-04    0.000000000000E+00    1.222729405728E-03    6.566671071809E-04    4.557031822830E-04    3.497186216163E-04   -2.836140555976E-04    2.384139307018E-04
   -1.982117071101E-03    1.255348536790E-04   -4.478308194485E-04   -1.222729405728E-03    0.000000000000E+00   -1.568349234369E-03   -8.274156594487E-04   -5.701578886397E-04    4.368792244763E-04   -3.547885614552E-04
   -2.326410337169E-03    9.457182972282E-05   -3.121772703335E-04   -6.566671071809E-04    1.568349234369E-03    0.000000000000E+00   -1.852816008377E-03   -9.642345396071E-04    6.601708573966E-04   -5.046914763535E-04
   -2.554160405727E-03    7.517131052449E-05   -2.390985644428E-04   -4.557031822830E-04    8.274156594487E-04    1.852816008377E-03    0.000000000000E+00   -2.077256413170E-03    1.069909933132E-03   -7.286425162281E-04
   -2.676546357045E-03    6.195039672574E-05   -1.929598286235E-04   -3.497186216163E-04    5.701578886397E-04    9.642345396071E-04    2.077256413170E-03    0.000000000000E+00    2.245945786632E-03   -1.147732945638E-03
    2.710965500376E-03   -5.244705572885E-05    1.612282159088E-04    2.836140555976E-04   -4.368792244763E-04   -6.601708573966E-04   -1.069909933132E-03   -2.245945786632E-03    0.000000000000E+00    2.365372065696E-03
   -2.676750187960E-03    4.534856986419E-05   -1.381852413589E-04   -2.384139307018E-04    3.547885614552E-04    5.046914763535E-04    7.286425162281E-04    1.147732945638E-03   -2.365372065696E-03    0.000000000000E+00
   64.810712528269491     
    0.000000000000E+00    3.135741061480E-04   -9.178988534701E-04   -1.458102662984E-03    1.904375568609E-03    2.241728390583E-03    2.469220058908E-03    2.596417775122E-03   -2.638953069763E-03    2.614601008475E-03
   -3.135741061480E-04    0.000000000000E+00    3.227626944246E-04    1.767172665573E-04   -1.212704845787E-04   -9.141274664896E-05   -7.269371310866E-05   -5.992503663328E-05    5.073689214705E-05   -4.386783099558E-05
    9.178988534701E-04   -3.227626944246E-04    0.000000000000E+00   -7.886954025761E-04    4.327727199385E-04    3.018699731678E-04    2.313207235734E-04    1.867416335329E-04   -1.560510217138E-04    1.337438190382E-04
    1.458102662984E-03   -1.767172665573E-04    7.886954025761E-04    0.000000000000E+00    1.182378812695E-03    6.354497020580E-04    4.412408778842E-04    3.387543282503E-04   -2.747722907390E-04    2.309826890149E-04
   -1.904375568609E-03    1.212704845787E-04   -4.327727199385E-04   -1.182378812695E-03    0.000000000000E+00   -1.519098900219E-03   -8.020166095986E-04   -5.529466954464E-04    4.238135839844E-04   -3.442041830051E-04
   -2.241728390583E-03    9.141274664896E-05   -3.018699731678E-04   -6.354497020580E-04    1.519098900219E-03    0.000000000000E+00   -1.798045370015E-03   -9.363896097332E-04    6.413920006572E-04   -4.904293262306E-04
   -2.469220058908E-03    7.269371310866E-05   -2.313207235734E-04   -4.412408778842E-04    8.020166095986E-04    1.798045370015E-03    0.000000000000E+00   -2.019961187475E-03    1.041079388364E-03   -7.092649773143E-04
   -2.596417775122E-03    5.992503663328E-05   -1.867416335329E-04   -3.387543282503E-04    5.529466954464E-04    9.363896097332E-04    2.019961187475E-03    0.000000000000E+00    2.188539716702E-03   -1.119056243998E-03
    2.638953069763E-03   -5.073689214705E-05    1.560510217138E-04    2.747722907390E-04   -4.238135839844E-04   -6.413920006572E-04   -1.041079388364E-03   -2.188539716702E-03    0.000000000000E+00    2.309628274773E-03
   -2.614601008475E-03    4.386783099558E-05   -1.337438190382E-04   -2.309826890149E-04    3.442041830051E-04    4.904293262306E-04    7.092649773143E-04    1.119056243998E-03   -2.309628274773E-03    0.000000000000E+00
   65.962880397085939     
    0.000000000000E+00    2.998700823521E-04   -8.785501240341E-04   -1.397926105636E-03    1.830037458260E-03    2.160310701330E-03    2.387041685080E-03    2.518359343700E-03   -2.568276800025E-03    2.553110289786E-03
   -2.998700823521E-04    0.000000000000E+00    3.115511658685E-04    1.706605524960E-04   -1.171827688575E-04   -8.838224647944E-05   -7.031625531424E-05   -5.798190208200E-05    4.909697497722E-05   -4.244863364824E-05
    8.785501240341E-04   -3.115511658685E-04    0.000000000000E+00   -7.618969820139E-04    4.183269442987E-04    2.919730652689E-04    2.238494529658E-04    1.807691613601E-04   -1.510807492714E-04    1.294821901435E-04
    1.397926105636E-03   -1.706605524960E-04    7.618969820139E-04    0.000000000000E+00    1.143614722530E-03    6.150430383339E-04    4.273218538179E-04    3.282010135157E-04   -2.662652153952E-04    2.238367801128E-04
   -1.830037458260E-03    1.171827688575E-04   -4.183269442987E-04   -1.143614722530E-03    0.000000000000E+00   -1.471631676278E-03   -7.775105914450E-04   -5.363336005403E-04    4.112043560479E-04   -3.339950918795E-04
   -2.160310701330E-03    8.838224647944E-05   -2.919730652689E-04   -6.150430383339E-04    1.471631676278E-03    0.000000000000E+00   -1.745060249102E-03   -9.094268161458E-04    6.232047214373E-04   -4.766219213249E-04
   -2.387041685080E-03    7.031625531424E-05   -2.238494529658E-04   -4.273218538179E-04    7.775105914450E-04    1.745060249102E-03    0.000000000000E+00   -1.964310877219E-03    1.013054635474E-03   -6.904296597679E-04
   -2.518359343700E-03    5.798190208200E-05   -1.807691613601E-04   -3.282010135157E-04    5.363336005403E-04    9.094268161458E-04    1.964310877219E-03    0.000000000000E+00    2.132552512406E-03   -1.091071522312E-03
    2.568276800025E-03   -4.909697497722E-05    1.510807492714E-04    2.662652153952E-04   -4.112043560479E-04   -6.232047214373E-04   -1.013054635474E-03   -2.132552512406E-03    0.000000000000E+00    2.255042065200E-03
   -2.553110289786E-03    4.244863364824E-05   -1.294821901435E-04   -2.238367801128E-04    3.339950918795E-04    4.766219213249E-04    6.904296597679E-04    1.091071522312E-03   -2.255042065200E-03    0.000000000000E+00
   67.125199524658456     
    0.000000000000E+00    2.868795628678E-04   -8.411919446930E-04   -1.340622069468E-03    1.758947043042E-03    2.082040745212E-03    2.307563374531E-03    2.442363102305E-03   -2.498972229610E-03    2.492343198198E-03
   -2.868795628678E-04    0.000000000000E+00    3.008206286755E-04    1.648585351679E-04   -1.132631382380E-04   -8.547415105159E-05   -6.803406483237E-05   -5.611688503902E-05    4.752371068451E-05   -4.108781386796E-05
    8.411919446930E-04   -3.008206286755E-04    0.000000000000E+00   -7.362089477581E-04    4.044647522148E-04    2.824675980762E-04    2.166704755830E-04    1.750306574482E-04   -1.463072266090E-04    1.253914299780E-04
    1.340622069468E-03   -1.648585351679E-04    7.362089477581E-04    0.000000000000E+00    1.106367027797E-03    5.954124659468E-04    4.139229598595E-04    3.180407199937E-04   -2.580777027207E-04    2.169630499657E-04
   -1.758947043042E-03    1.132631382380E-04   -4.044647522148E-04   -1.106367027797E-03    0.000000000000E+00   -1.425879051220E-03   -7.538643238401E-04   -5.202960022961E-04    3.990335816641E-04   -3.241459788958E-04
   -2.082040745212E-03    8.547415105159E-05   -2.824675980762E-04   -5.954124659468E-04    1.425879051220E-03    0.000000000000E+00   -1.693804570088E-03   -8.833191166051E-04    6.055902079425E-04   -4.632539419862E-04
   -2.307563374531E-03    6.803406483237E-05   -2.166704755830E-04   -4.139229598595E-04    7.538643238401E-04    1.693804570088E-03    0.000000000000E+00   -1.910267160086E-03    9.858171155785E-04   -6.721231142397E-04
   -2.442363102305E-03    5.611688503902E-05   -1.750306574482E-04   -3.180407199937E-04    5.202960022961E-04    8.833191166051E-04    1.910267160086E-03    0.000000000000E+00    2.077964096311E-03   -1.063768770770E-03
    2.498972229610E-03   -4.752371068451E-05    1.463072266090E-04    2.580777027207E-04   -3.990335816641E-04   -6.055902079425E-04   -9.858171155785E-04   -2.077964096311E-03    0.000000000000E+00    2.201608994222E-03
   -2.492343198198E-03    4.108781386796E-05   -1.253914299780E-04   -2.169630499657E-04    3.241459788958E-04    4.632539419862E-04    6.721231142397E-04    1.063768770770E-03   -2.201608994222E-03    0.000000000000E+00
   68.297669910987096     
    0.000000000000E+00    2.745595317714E-04   -8.057091596177E-04   -1.286038209568E-03    1.690955289590E-03    2.006804247029E-03    2.230721084298E-03    2.368415857455E-03   -2.431068174833E-03    2.432358019267E-03
   -2.745595317714E-04    0.000000000000E+00    2.905466568129E-04    1.592986307251E-04   -1.095034994167E-04   -8.268262968032E-05   -6.584255577545E-05   -5.432612908182E-05    4.601372724502E-05   -3.978239383775E-05
    8.057091596177E-04   -2.905466568129E-04    0.000000000000E+00   -7.115777648963E-04    3.911589079232E-04    2.733356194002E-04    2.097703000386E-04    1.695150473218E-04   -1.417208800255E-04    1.214631180427E-04
    1.286038209568E-03   -1.592986307251E-04    7.115777648963E-04    0.000000000000E+00    1.070568903038E-03    5.765249109339E-04    4.010221416456E-04    3.082564017423E-04   -2.501954258287E-04    2.103490243436E-04
   -1.690955289590E-03    1.095034994167E-04   -3.911589079232E-04   -1.070568903038E-03    0.000000000000E+00   -1.381774966192E-03   -7.310457065934E-04   -5.048121819556E-04    3.872840740265E-04   -3.146422062364E-04
   -2.006804247029E-03    8.268262968032E-05   -2.733356194002E-04   -5.765249109339E-04    1.381774966192E-03    0.000000000000E+00   -1.644223372842E-03   -8.580400396786E-04    5.885301550705E-04   -4.503105489118E-04
   -2.230721084298E-03    6.584255577545E-05   -2.097703000386E-04   -4.010221416456E-04    7.310457065934E-04    1.644223372842E-03    0.000000000000E+00   -1.857791513594E-03    9.593482480451E-04   -6.543320112740E-04
   -2.368415857455E-03    5.432612908182E-05   -1.695150473218E-04   -3.082564017423E-04    5.048121819556E-04    8.580400396786E-04    1.857791513594E-03    0.000000000000E+00    2.024753227439E-03   -1.037137526030E-03
    2.431068174833E-03   -4.601372724502E-05    1.417208800255E-04    2.501954258287E-04   -3.872840740265E-04   -5.885301550705E-04   -9.593482480451E-04   -2.024753227439E-03    0.000000000000E+00    2.149322942954E-03
   -2.432358019267E-03    3.978239383775E-05   -1.214631180427E-04   -2.103490243436E-04    3.146422062364E-04    4.503105489118E-04    6.543320112740E-04    1.037137526030E-03   -2.149322942954E-03    0.000000000000E+00
   69.480291556071819     
    0.000000000000E+00    2.628699146442E-04   -7.719940479034E-04   -1.234030810096E-03    1.625919659174E-03    1.934489417612E-03    2.156449150474E-03    2.296499777732E-03   -2.364587258136E-03    2.373206546910E-03
   -2.628699146442E-04    0.000000000000E+00    2.807062506874E-04    1.539689650682E-04   -1.058962054292E-04   -8.000217693700E-05   -6.373740896318E-05   -5.260601169718E-05    4.456385952111E-05   -3.852957167708E-05
    7.719940479034E-04   -2.807062506874E-04    0.000000000000E+00   -6.879527996576E-04    3.783835987603E-04    2.645601164391E-04    2.031361711627E-04    1.642118919641E-04   -1.373126968020E-04    1.176893121330E-04
    1.234030810096E-03   -1.539689650682E-04    6.879527996576E-04    0.000000000000E+00    1.036156667045E-03    5.583488091999E-04    3.885983870345E-04    2.988318741201E-04   -2.426048144932E-04    2.039828788241E-04
   -1.625919659174E-03    1.058962054292E-04   -3.783835987603E-04   -1.036156667045E-03    0.000000000000E+00   -1.339255779155E-03   -7.090237982085E-04   -4.898612754113E-04    3.759393892299E-04   -3.054697865501E-04
   -1.934489417612E-03    8.000217693700E-05   -2.645601164391E-04   -5.583488091999E-04    1.339255779155E-03    0.000000000000E+00   -1.596262885720E-03   -8.335637094564E-04    5.720067676709E-04   -4.377773820361E-04
   -2.156449150474E-03    6.373740896318E-05   -2.031361711627E-04   -3.885983870345E-04    7.090237982085E-04    1.596262885720E-03    0.000000000000E+00   -1.806845359213E-03    9.336294863562E-04   -6.370431680292E-04
   -2.296499777732E-03    5.260601169718E-05   -1.642118919641E-04   -2.988318741201E-04    4.898612754113E-04    8.335637094564E-04    1.806845359213E-03    0.000000000000E+00    1.972897665900E-03   -1.011166936546E-03
    2.364587258136E-03   -4.456385952111E-05    1.373126968020E-04    2.426048144932E-04   -3.759393892299E-04   -5.720067676709E-04   -9.336294863562E-04   -1.972897665900E-03    0.000000000000E+00    2.098176261951E-03
   -2.373206546910E-03    3.852957167708E-05   -1.176893121330E-04   -2.039828788241E-04    3.054697865501E-04    4.377773820361E-04    6.370431680292E-04    1.011166936546E-03   -2.098176261951E-03    0.000000000000E+00
   70.673064459912638     
    0.000000000000E+00    2.517733528064E-04   -7.399457953754E-04   -1.184464282986E-03    1.563703906572E-03    1.864987124739E-03    2.084680724896E-03    2.226592924621E-03   -2.299546392220E-03    2.314934447194E-03
   -2.517733528064E-04    0.000000000000E+00    2.712777410992E-04    1.488583277926E-04   -1.024340267973E-04   -7.742759054140E-05   -6.171455259779E-05   -5.095312698126E-05    4.317113475385E-05   -3.732671087367E-05
    7.399457953754E-04   -2.712777410992E-04    0.000000000000E+00   -6.652861423126E-04    3.661143505923E-04    2.561249573320E-04    1.967560203766E-04    1.591113433054E-04   -1.330741876073E-04    1.140625209614E-04
    1.184464282986E-03   -1.488583277926E-04    6.652861423126E-04    0.000000000000E+00    1.003069627784E-03    5.408540315763E-04    3.766316679883E-04    2.897517611178E-04   -2.352930095295E-04    1.978534053929E-04
   -1.563703906572E-03    1.024340267973E-04   -3.661143505923E-04   -1.003069627784E-03    0.000000000000E+00   -1.298260197258E-03   -6.877687787350E-04   -4.754232364959E-04    3.649837908430E-04   -2.966153559723E-04
   -1.864987124739E-03    7.742759054140E-05   -2.561249573320E-04   -5.408540315763E-04    1.298260197258E-03    0.000000000000E+00   -1.549870556637E-03   -8.098648510822E-04    5.560027520624E-04   -4.256405501823E-04
   -2.084680724896E-03    6.171455259779E-05   -1.967560203766E-04   -3.766316679883E-04    6.877687787350E-04    1.549870556637E-03    0.000000000000E+00   -1.757390161726E-03    9.086423535327E-04   -6.202435619351E-04
   -2.226592924621E-03    5.095312698126E-05   -1.591113433054E-04   -2.897517611178E-04    4.754232364959E-04    8.098648510822E-04    1.757390161726E-03    0.000000000000E+00    1.922374295856E-03   -9.858458087443E-04
    2.299546392220E-03   -4.317113475385E-05    1.330741876073E-04    2.352930095295E-04   -3.649837908430E-04   -5.560027520624E-04   -9.086423535327E-04   -1.922374295856E-03    0.000000000000E+00    2.048159880964E-03
   -2.314934447194E-03    3.732671087367E-05   -1.140625209614E-04   -1.978534053929E-04    2.966153559723E-04    4.256405501823E-04    6.202435619351E-04    9.858458087443E-04   -2.048159880964E-03    0.000000000000E+00
   71.875988622509539     
    0.000000000000E+00    2.412349988673E-04   -7.094700130741E-04   -1.137210703679E-03    1.504177884256E-03    1.798191041442E-03    2.015348180311E-03    2.158669760424E-03   -2.235957257504E-03    2.257581630542E-03
   -2.412349988673E-04    0.000000000000E+00    2.622407045045E-04    1.439561316903E-04   -9.911012632456E-05   -7.495395215053E-05   -5.977014543101E-05   -4.936427040860E-05    4.183275956460E-05   -3.617133055739E-05
    7.094700130741E-04   -2.622407045045E-04    0.000000000000E+00   -6.435324515926E-04    3.543279541286E-04    2.480148406117E-04    1.906184226937E-04    1.542041052050E-04   -1.289973529125E-04    1.105756789977E-04
    1.137210703679E-03   -1.439561316903E-04    6.435324515926E-04    0.000000000000E+00    9.712499487747E-04    5.240118202922E-04    3.651028912855E-04    2.810014499478E-04   -2.282478225171E-04    1.919499819843E-04
   -1.504177884256E-03    9.911012632456E-05   -3.543279541286E-04   -9.712499487747E-04    0.000000000000E+00   -1.258729225599E-03   -6.672519221666E-04   -4.614788078231E-04    3.544022201464E-04   -2.880661503693E-04
   -1.798191041442E-03    7.495395215053E-05   -2.480148406117E-04   -5.240118202922E-04    1.258729225599E-03    0.000000000000E+00   -1.504995096342E-03   -7.869188040223E-04    5.405013133905E-04   -4.138866243821E-04
   -2.015348180311E-03    5.977014543101E-05   -1.906184226937E-04   -3.651028912855E-04    6.672519221666E-04    1.504995096342E-03    0.000000000000E+00   -1.709387540430E-03    8.843684849093E-04   -6.039203493325E-04
   -2.158669760424E-03    4.936427040860E-05   -1.542041052050E-04   -2.810014499478E-04    4.614788078231E-04    7.869188040223E-04    1.709387540430E-03    0.000000000000E+00    1.873159263275E-03   -9.611626615249E-04
    2.235957257504E-03   -4.183275956460E-05    1.289973529125E-04    2.282478225171E-04   -3.544022201464E-04   -5.405013133905E-04   -8.843684849093E-04   -1.873159263275E-03    0.000000000000E+00    1.999263437544E-03
   -2.257581630542E-03    3.617133055739E-05   -1.105756789977E-04   -1.919499819843E-04    2.880661503693E-04    4.138866243821E-04    6.039203493325E-04    9.611626615249E-04   -1.999263437544E-03    0.000000000000E+00
   73.089064043862521     
    0.000000000000E+00    2.312223274872E-04   -6.804782866297E-04   -1.092149363384E-03    1.447217329786E-03    1.733997748089E-03    1.948383458109E-03    2.092701605234E-03   -2.173826744077E-03    2.201182604348E-03
   -2.312223274872E-04    0.000000000000E+00    2.535758809848E-04    1.392523732136E-04   -9.591803444654E-05   -7.257660874417E-05   -5.790056063827E-05   -4.783642427785E-05    4.054610739813E-05   -3.506109582011E-05
    6.804782866297E-04   -2.535758809848E-04    0.000000000000E+00   -6.226488006248E-04    3.430023913875E-04    2.402152451883E-04    1.847125548314E-04    1.494813956898E-04   -1.250746501916E-04    1.072221211161E-04
    1.092149363384E-03   -1.392523732136E-04    6.226488006248E-04    0.000000000000E+00    9.406425088069E-04    5.077947220633E-04    3.539938480177E-04    2.725670455095E-04   -2.214576953281E-04    1.862625408314E-04
   -1.447217329786E-03    9.591803444654E-05   -3.430023913875E-04   -9.406425088069E-04    0.000000000000E+00   -1.220606098578E-03   -6.474455609502E-04   -4.480094875759E-04    3.441802636852E-04   -2.798099786554E-04
   -1.733997748089E-03    7.257660874417E-05   -2.402152451883E-04   -5.077947220633E-04    1.220606098578E-03    0.000000000000E+00   -1.461586496163E-03   -7.647015240105E-04    5.254861463908E-04   -4.025026260455E-04
   -1.948383458109E-03    5.790056063827E-05   -1.847125548314E-04   -3.539938480177E-04    6.474455609502E-04    1.461586496163E-03    0.000000000000E+00   -1.662799352025E-03    8.607896583481E-04   -5.880608762923E-04
   -2.092701605234E-03    4.783642427785E-05   -1.494813956898E-04   -2.725670455095E-04    4.480094875759E-04    7.647015240105E-04    1.662799352025E-03    0.000000000000E+00    1.825228087346E-03   -9.371057689984E-04
    2.173826744077E-03   -4.054610739813E-05    1.250746501916E-04    2.214576953281E-04   -3.441802636852E-04   -5.254861463908E-04   -8.607896583481E-04   -1.825228087346E-03    0.000000000000E+00    1.951475383792E-03
   -2.201182604348E-03    3.506109582011E-05   -1.072221211161E-04   -1.862625408314E-04    2.798099786554E-04    4.025026260455E-04    5.880608762923E-04    9.371057689984E-04   -1.951475383792E-03    0.000000000000E+00
   74.312290723971614     
    0.000000000000E+00    2.217049632713E-04   -6.528877637219E-04   -1.049166352642E-03    1.392703658661E-03    1.672306814979E-03    1.883718386033E-03    2.028657068472E-03   -2.113157380942E-03    2.145766826252E-03
   -2.217049632713E-04    0.000000000000E+00    2.452651007954E-04    1.347375971189E-04   -9.285162729485E-05   -7.029115615757E-05   -5.610237156430E-05   -4.636674475623E-05    3.930870718446E-05   -3.399380877217E-05
    6.528877637219E-04   -2.452651007954E-04    0.000000000000E+00   -6.025945390036E-04    3.321167702016E-04    2.327123861318E-04    1.790281582532E-04    1.449349134025E-04   -1.212989643365E-04    1.039955591698E-04
    1.049166352642E-03   -1.347375971189E-04    6.025945390036E-04    0.000000000000E+00    9.111947771302E-04    4.921765292726E-04    3.432871694374E-04    2.644353302607E-04   -2.149116638269E-04    1.807815392949E-04
   -1.392703658661E-03    9.285162729485E-05   -3.321167702016E-04   -9.111947771302E-04    0.000000000000E+00   -1.183836221754E-03   -6.283230566940E-04   -4.349975014788E-04    3.343041249382E-04   -2.718351985971E-04
   -1.672306814979E-03    7.029115615757E-05   -2.327123861318E-04   -4.921765292726E-04    1.183836221754E-03    0.000000000000E+00   -1.419596051781E-03   -7.431895893076E-04    5.109414297711E-04   -3.914760175128E-04
   -1.883718386033E-03    5.610237156430E-05   -1.790281582532E-04   -3.432871694374E-04    6.283230566940E-04    1.419596051781E-03    0.000000000000E+00   -1.617587778224E-03    8.378878280864E-04   -5.726526921442E-04
   -2.028657068472E-03    4.636674475623E-05   -1.449349134025E-04   -2.644353302607E-04    4.349975014788E-04    7.431895893076E-04    1.617587778224E-03    0.000000000000E+00    1.778555778444E-03   -9.136632074576E-04
    2.113157380942E-03   -3.930870718446E-05    1.212989643365E-04    2.149116638269E-04   -3.343041249382E-04   -5.109414297711E-04   -8.378878280864E-04   -1.778555778444E-03    0.000000000000E+00    1.904783103004E-03
   -2.145766826252E-03    3.399380877217E-05   -1.039955591698E-04   -1.807815392949E-04    2.718351985971E-04    3.914760175128E-04    5.726526921442E-04    9.136632074576E-04   -1.904783103004E-03    0.000000000000E+00
   75.545668662836803     
    0.000000000000E+00    2.126545218796E-04   -6.266207696972E-04   -1.008154163880E-03    1.340523750211E-03    1.613020852779E-03    1.821284951863E-03    1.966502439301E-03   -2.053947735731E-03    2.091359041233E-03
   -2.126545218796E-04    0.000000000000E+00    2.372912145023E-04    1.304028626383E-04   -8.990510568738E-05   -6.809342342513E-05   -5.437233829449E-05   -4.495254970170E-05    3.811823259190E-05   -3.296739987690E-05
    6.266207696972E-04   -2.372912145023E-04    0.000000000000E+00   -5.833311595031E-04    3.216512606053E-04    2.254931720072E-04    1.735555039338E-04    1.405568057824E-04   -1.176635794045E-04    1.008900591117E-04
    1.008154163880E-03   -1.304028626383E-04    5.833311595031E-04    0.000000000000E+00    8.828566881531E-04    4.771322208340E-04    3.329662834057E-04    2.565937252385E-04   -2.085993225530E-04    1.754979308281E-04
   -1.340523750211E-03    8.990510568738E-05   -3.216512606053E-04   -8.828566881531E-04    0.000000000000E+00   -1.148367105235E-03   -6.098587672390E-04   -4.224257733621E-04    3.247605953546E-04   -2.641306916404E-04
   -1.613020852779E-03    6.809342342513E-05   -2.254931720072E-04   -4.771322208340E-04    1.148367105235E-03    0.000000000000E+00   -1.378976371906E-03   -7.223602005623E-04    4.968518172000E-04   -3.807946900410E-04
   -1.821284951863E-03    5.437233829449E-05   -1.735555039338E-04   -3.329662834057E-04    6.098587672390E-04    1.378976371906E-03    0.000000000000E+00   -1.573715395561E-03    8.156451510212E-04   -5.576835585201E-04
   -1.966502439301E-03    4.495254970170E-05   -1.405568057824E-04   -2.565937252385E-04    4.224257733621E-04    7.223602005623E-04    1.573715395561E-03    0.000000000000E+00    1.733116939474E-03   -8.908228952516E-04
    2.053947735731E-03   -3.811823259190E-05    1.176635794045E-04    2.085993225530E-04   -3.247605953546E-04   -4.968518172000E-04   -8.156451510212E-04   -1.733116939474E-03    0.000000000000E+00    1.859173013159E-03
   -2.091359041233E-03    3.296739987690E-05   -1.008900591117E-04   -1.754979308281E-04    2.641306916404E-04    3.807946900410E-04    5.576835585201E-04    8.908228952516E-04   -1.859173013159E-03    0.000000000000E+00
   76.789197860458074     
    0.000000000000E+00    2.040444643739E-04   -6.016044526450E-04   -9.690113177911E-04    1.290569735581E-03    1.556045542576E-03    1.761015545202E-03    1.906202046588E-03   -1.996192793671E-03    2.037979609691E-03
   -2.040444643739E-04    0.000000000000E+00    2.296380286059E-04    1.262397122417E-04   -8.707297575983E-05   -6.597945843541E-05   -5.270739541393E-05   -4.359130754652E-05    3.697249212197E-05   -3.197991980929E-05
    6.016044526450E-04   -2.296380286059E-04    0.000000000000E+00   -5.648221744095E-04    3.115870358135E-04    2.185451655371E-04    1.682853600972E-04    1.363396399283E-04   -1.141621525104E-04    9.790001943029E-05
    9.690113177911E-04   -1.262397122417E-04    5.648221744095E-04    0.000000000000E+00    8.555805235944E-04    4.626379068277E-04    3.230153740752E-04    2.490302541284E-04   -2.025107919087E-04    1.704031374322E-04
   -1.290569735581E-03    8.707297575983E-05   -3.115870358135E-04   -8.555805235944E-04    0.000000000000E+00   -1.114148298968E-03   -5.920280152571E-04   -4.102778976509E-04    3.155370272157E-04   -2.566858387877E-04
   -1.556045542576E-03    6.597945843541E-05   -2.185451655371E-04   -4.626379068277E-04    1.114148298968E-03    0.000000000000E+00   -1.339681383762E-03   -7.021911800748E-04    4.832024286660E-04   -3.704469520389E-04
   -1.761015545202E-03    5.270739541393E-05   -1.682853600972E-04   -3.230153740752E-04    5.920280152571E-04    1.339681383762E-03    0.000000000000E+00   -1.531145239767E-03    7.940440114092E-04   -5.431414578020E-04
   -1.906202046588E-03    4.359130754652E-05   -1.363396399283E-04   -2.490302541284E-04    4.102778976509E-04    7.021911800748E-04    1.531145239767E-03    0.000000000000E+00    1.688885862655E-03   -8.685726313734E-04
    1.996192793671E-03   -3.697249212197E-05    1.141621525104E-04    2.025107919087E-04   -3.155370272157E-04   -4.832024286660E-04   -7.940440114092E-04   -1.688885862655E-03    0.000000000000E+00    1.814630668616E-03
   -2.037979609691E-03    3.197991980929E-05   -9.790001943029E-05   -1.704031374322E-04    2.566858387877E-04    3.704469520389E-04    5.431414578020E-04    8.685726313734E-04   -1.814630668616E-03    0.000000000000E+00
   78.042878316835441     
    0.000000000000E+00    1.958499631161E-04   -5.777704541278E-04   -9.316420100730E-04    1.242738786065E-03    1.501289644981E-03    1.702843166482E-03    1.847718586320E-03   -1.939884312317E-03    1.985644822170E-03
   -1.958499631161E-04    0.000000000000E+00    2.222902452615E-04    1.222401422729E-04   -8.435003075568E-05   -6.394551452280E-05   -5.110464064684E-05   -4.228062699605E-05    3.586941986668E-05   -3.102953172837E-05
    5.777704541278E-04   -2.222902452615E-04    0.000000000000E+00   -5.470329985052E-04    3.019062162183E-04    2.118565464743E-04    1.632089620385E-04    1.322763754437E-04   -1.107886893474E-04    9.502015058011E-05
    9.316420100730E-04   -1.222401422729E-04    5.470329985052E-04    0.000000000000E+00    8.293207983812E-04    4.486707749208E-04    3.134193433783E-04    2.417335092808E-04   -1.966366870497E-04    1.654890230922E-04
   -1.242738786065E-03    8.435003075568E-05   -3.019062162183E-04   -8.293207983812E-04    0.000000000000E+00   -1.081131325913E-03   -5.748070562004E-04   -3.985381122506E-04    3.066213072235E-04   -2.494904967941E-04
   -1.501289644981E-03    6.394551452280E-05   -2.118565464743E-04   -4.486707749208E-04    1.081131325913E-03    0.000000000000E+00   -1.301666331018E-03   -6.826609681574E-04    4.699788406595E-04   -3.604215165056E-04
   -1.702843166482E-03    5.110464064684E-05   -1.632089620385E-04   -3.134193433783E-04    5.748070562004E-04    1.301666331018E-03    0.000000000000E+00   -1.489840859931E-03    7.730670415307E-04   -5.290145993970E-04
   -1.847718586320E-03    4.228062699605E-05   -1.322763754437E-04   -2.417335092808E-04    3.985381122506E-04    6.826609681574E-04    1.489840859931E-03    0.000000000000E+00    1.645836616523E-03   -8.469001301581E-04
    1.939884312317E-03   -3.586941986668E-05    1.107886893474E-04    1.966366870497E-04   -3.066213072235E-04   -4.699788406595E-04   -7.730670415307E-04   -1.645836616523E-03    0.000000000000E+00    1.771140854500E-03
   -1.985644822170E-03    3.102953172837E-05   -9.502015058011E-05   -1.654890230922E-04    2.494904967941E-04    3.604215165056E-04    5.290145993970E-04    8.469001301581E-04   -1.771140854500E-03    0.000000000000E+00
   79.306710031968905     
    0.000000000000E+00    1.880477791798E-04   -5.550546064207E-04   -8.959557821122E-04    1.196932908894E-03    1.448664997905E-03    1.646701613546E-03    1.791013425967E-03   -1.885011160162E-03    1.934367207589E-03
   -1.880477791798E-04    0.000000000000E+00    2.152334077630E-04    1.183965763993E-04   -8.173133461505E-05   -6.198803845394E-05   -4.956132471440E-05   -4.101824780874E-05    3.480706715915E-05   -3.011450418402E-05
    5.550546064207E-04   -2.152334077630E-04    0.000000000000E+00   -5.299308430866E-04    2.925918188175E-04    2.054160782956E-04    1.583179851844E-04    1.283603401462E-04   -1.075375220859E-04    9.224545609918E-05
    8.959557821122E-04   -1.183965763993E-04    5.299308430866E-04    0.000000000000E+00    8.040341573321E-04    4.352090422614E-04    3.041637767432E-04    2.346926214398E-04   -1.909680898896E-04    1.607478694305E-04
   -1.196932908894E-03    8.173133461505E-05   -2.925918188175E-04   -8.040341573321E-04    0.000000000000E+00   -1.049269622471E-03   -5.581730503521E-04   -3.871912749353E-04    2.980018331208E-04   -2.425349765740E-04
   -1.448664997905E-03    6.198803845394E-05   -2.054160782956E-04   -4.352090422614E-04    1.049269622471E-03    0.000000000000E+00   -1.264887775213E-03   -6.637486220708E-04    4.571670787726E-04   -3.507074903721E-04
   -1.646701613546E-03    4.956132471440E-05   -1.583179851844E-04   -3.041637767432E-04    5.581730503521E-04    1.264887775213E-03    0.000000000000E+00   -1.449766374309E-03    7.526971441482E-04   -5.152914276753E-04
   -1.791013425967E-03    4.101824780874E-05   -1.283603401462E-04   -2.346926214398E-04    3.871912749353E-04    6.637486220708E-04    1.449766374309E-03    0.000000000000E+00    1.603943135158E-03   -8.257930579777E-04
    1.885011160162E-03   -3.480706715915E-05    1.075375220859E-04    1.909680898896E-04   -2.980018331208E-04   -4.571670787726E-04   -7.526971441482E-04   -1.603943135158E-03    0.000000000000E+00    1.728687685524E-03
   -1.934367207589E-03    3.011450418402E-05   -9.224545609918E-05   -1.607478694305E-04    2.425349765740E-04    3.507074903721E-04    5.152914276753E-04    8.257930579777E-04   -1.728687685524E-03    0.000000000000E+00
   80.580693005858436     
    0.000000000000E+00    1.806161478961E-04   -5.333966472399E-04   -8.618672033460E-04    1.153058736813E-03    1.398086488476E-03    1.592525630017E-03    1.736046868613E-03   -1.831559620858E-03    1.884155816343E-03
   -1.806161478961E-04    0.000000000000E+00    2.084538465789E-04    1.147018390720E-04   -7.921220546467E-05   -6.010365838995E-05   -4.807484129479E-05   -3.980203176161E-05    3.378359440041E-05   -2.923320409292E-05
    5.333966472399E-04   -2.084538465789E-04    0.000000000000E+00   -5.134846087038E-04    2.836277054276E-04    1.992130741285E-04    1.536045179129E-04    1.245852059050E-04   -1.044032874749E-04    8.957121370493E-05
    8.618672033460E-04   -1.147018390720E-04    5.134846087038E-04    0.000000000000E+00    7.796792649974E-04    4.222319034999E-04    2.952349066161E-04    2.278972283596E-04   -1.854965204750E-04    1.561723506627E-04
   -1.153058736813E-03    7.921220546467E-05   -2.836277054276E-04   -7.796792649974E-04    0.000000000000E+00   -1.018518464528E-03   -5.421040276983E-04   -3.762228356036E-04    2.896674876966E-04   -2.358100195106E-04
   -1.398086488476E-03    6.010365838995E-05   -1.992130741285E-04   -4.222319034999E-04    1.018518464528E-03    0.000000000000E+00   -1.229303576021E-03   -6.454338049086E-04    4.447536043081E-04   -3.412943596196E-04
   -1.592525630017E-03    4.807484129479E-05   -1.536045179129E-04   -2.952349066161E-04    5.421040276983E-04    1.229303576021E-03    0.000000000000E+00   -1.410886500975E-03    7.329175032505E-04   -5.019606227035E-04
   -1.736046868613E-03    3.980203176161E-05   -1.245852059050E-04   -2.278972283596E-04    3.762228356036E-04    6.454338049086E-04    1.410886500975E-03    0.000000000000E+00    1.563179281480E-03   -8.052390579394E-04
    1.831559620858E-03   -3.378359440041E-05    1.044032874749E-04    1.854965204750E-04   -2.896674876966E-04   -4.447536043081E-04   -7.329175032505E-04   -1.563179281480E-03    0.000000000000E+00    1.687254680570E-03
   -1.884155816343E-03    2.923320409292E-05   -8.957121370493E-05   -1.561723506627E-04    2.358100195106E-04    3.412943596196E-04    5.019606227035E-04    8.052390579394E-04   -1.687254680570E-03    0.000000000000E+00
   81.864827238504077     
    0.000000000000E+00    1.735346751733E-04   -5.127399604089E-04   -8.292955804070E-04    1.111027333039E-03    1.349472025476E-03    1.540251044175E-03    1.682778405654E-03   -1.779513690561E-03    1.835016503965E-03
   -1.735346751733E-04    0.000000000000E+00    2.019386326352E-04    1.111491326626E-04   -7.678820150019E-05   -5.828917365743E-05   -4.664271849246E-05   -3.862995491790E-05    3.279726397794E-05   -2.838409055871E-05
    5.127399604089E-04   -2.019386326352E-04    0.000000000000E+00   -4.976647931021E-04    2.749985386539E-04    1.932373680310E-04    1.490610386688E-04    1.209449681299E-04   -1.013809079957E-04    8.699295875169E-05
    8.292955804070E-04   -1.111491326626E-04    4.976647931021E-04    0.000000000000E+00    7.562167134256E-04    4.097194880191E-04    2.866195826079E-04    2.213374488304E-04   -1.802139128375E-04    1.517555120236E-04
   -1.111027333039E-03    7.678820150019E-05   -2.749985386539E-04   -7.562167134256E-04    0.000000000000E+00   -9.888349106761E-04   -5.265788618720E-04   -3.656188152248E-04    2.816076181703E-04   -2.293067779418E-04
   -1.349472025476E-03    5.828917365743E-05   -1.932373680310E-04   -4.097194880191E-04    9.888349106761E-04    0.000000000000E+00   -1.194872886871E-03   -6.276967828793E-04    4.327253070806E-04   -3.321719791541E-04
   -1.540251044175E-03    4.664271849246E-05   -1.490610386688E-04   -2.866195826079E-04    5.265788618720E-04    1.194872886871E-03    0.000000000000E+00   -1.373166602858E-03    7.137116027969E-04   -4.890111067060E-04
   -1.682778405654E-03    3.862995491790E-05   -1.209449681299E-04   -2.213374488304E-04    3.656188152248E-04    6.276967828793E-04    1.373166602858E-03    0.000000000000E+00    1.523518925512E-03   -7.852257827671E-04
    1.779513690561E-03   -3.279726397794E-05    1.013809079957E-04    1.802139128375E-04   -2.816076181702E-04   -4.327253070806E-04   -7.137116027969E-04   -1.523518925512E-03    0.000000000000E+00    1.646824853918E-03
   -1.835016503965E-03    2.838409055871E-05   -8.699295875169E-05   -1.517555120236E-04    2.293067779418E-04    3.321719791541E-04    4.890111067060E-04    7.852257827671E-04   -1.646824853918E-03    0.000000000000E+00
   83.159112729905814     
    0.000000000000E+00    1.667842406876E-04   -4.930313317147E-04   -7.981646776225E-04    1.070753993453E-03    1.302742492423E-03    1.489814876970E-03    1.631166935361E-03   -1.728855344855E-03    1.786952191713E-03
   -1.667842406876E-04    0.000000000000E+00    1.956755312478E-04    1.077320147155E-04   -7.445510684844E-05   -5.654154453142E-05   -4.526261040960E-05   -3.750010006729E-05    3.184643336276E-05   -2.756570880058E-05
    4.930313317147E-04   -1.956755312478E-04    0.000000000000E+00   -4.824433986324E-04    2.666897371129E-04    1.874792857712E-04    1.446803929553E-04    1.174339254342E-04   -9.846557328419E-05    8.450646781937E-05
    7.981646776225E-04   -1.077320147155E-04    4.824433986324E-04    0.000000000000E+00    7.336089250699E-04    3.976528143082E-04    2.783052400112E-04    2.150038559247E-04   -1.751125904912E-04    1.474907478420E-04
   -1.070753993453E-03    7.445510684844E-05   -2.666897371129E-04   -7.336089250699E-04    0.000000000000E+00   -9.601777344038E-04   -5.115772385093E-04   -3.553657815782E-04    2.738120136185E-04   -2.230167941676E-04
   -1.302742492423E-03    5.654154453142E-05   -1.874792857712E-04   -3.976528143082E-04    9.601777344038E-04    0.000000000000E+00   -1.161556133704E-03   -6.105184145206E-04    4.210694934462E-04   -3.233305594054E-04
   -1.489814876970E-03    4.526261040960E-05   -1.446803929553E-04   -2.783052400112E-04    5.115772385093E-04    1.161556133704E-03    0.000000000000E+00   -1.336572712170E-03    6.950632358365E-04   -4.764320446640E-04
   -1.631166935361E-03    3.750010006729E-05   -1.174339254342E-04   -2.150038559247E-04    3.553657815782E-04    6.105184145206E-04    1.336572712170E-03    0.000000000000E+00    1.484936000910E-03   -7.657409176443E-04
    1.728855344855E-03   -3.184643336276E-05    9.846557328419E-05    1.751125904912E-04   -2.738120136185E-04   -4.210694934462E-04   -6.950632358365E-04   -1.484936000910E-03    0.000000000000E+00    1.607380785848E-03
   -1.786952191713E-03    2.756570880058E-05   -8.450646781937E-05   -1.474907478420E-04    2.230167941676E-04    3.233305594054E-04    4.764320446640E-04    7.657409176443E-04   -1.607380785848E-03    0.000000000000E+00
   84.463549480063648     
    0.000000000000E+00    1.603469090552E-04   -4.742207237667E-04   -7.684024562815E-04    1.032158057318E-03    1.257821695594E-03    1.441155434932E-03    1.581170963079E-03   -1.679564790095E-03    1.739963117642E-03
   -1.603469090552E-04    0.000000000000E+00    1.896529601676E-04    1.044443772201E-04   -7.220891870848E-05   -5.485788298502E-05   -4.393228954926E-05   -3.641064991512E-05    3.092954885797E-05   -2.677668459482E-05
    4.742207237667E-04   -1.896529601676E-04    0.000000000000E+00   -4.677938477352E-04    2.586874346091E-04    1.819296183144E-04    1.404557725712E-04    1.140466613058E-04   -9.565272330462E-05    8.210774368382E-05
    7.684024562815E-04   -1.044443772201E-04    4.677938477352E-04    0.000000000000E+00    7.118200639340E-04    3.860137484080E-04    2.702798713456E-04    2.088874528972E-04   -1.701852442630E-04    1.433717814716E-04
   -1.032158057318E-03    7.220891870848E-05   -2.586874346091E-04   -7.118200639340E-04    0.000000000000E+00   -9.325073621319E-04   -4.970796267045E-04   -3.454508275556E-04    2.662708847033E-04   -2.169319813345E-04
   -1.257821695594E-03    5.485788298502E-05   -1.819296183144E-04   -3.860137484080E-04    9.325073621319E-04    0.000000000000E+00   -1.129314996550E-03   -5.938801417785E-04    4.097738761122E-04   -3.147606544886E-04
   -1.441155434932E-03    4.393228954926E-05   -1.404557725712E-04   -2.702798713456E-04    4.970796267045E-04    1.129314996550E-03    0.000000000000E+00   -1.301071555622E-03    6.769565146685E-04   -4.642128460525E-04
   -1.581170963079E-03    3.641064991512E-05   -1.140466613058E-04   -2.088874528972E-04    3.454508275556E-04    5.938801417785E-04    1.301071555622E-03    0.000000000000E+00    1.447404561969E-03   -7.467722039567E-04
    1.679564790095E-03   -3.092954885797E-05    9.565272330462E-05    1.701852442630E-04   -2.662708847033E-04   -4.097738761122E-04   -6.769565146685E-04   -1.447404561969E-03    0.000000000000E+00    1.568904694787E-03
   -1.739963117642E-03    2.677668459482E-05   -8.210774368382E-05   -1.433717814716E-04    2.169319813345E-04    3.147606544886E-04    4.642128460525E-04    7.467722039567E-04   -1.568904694787E-03    0.000000000000E+00
   85.778137488977563     
    0.000000000000E+00    1.542058482614E-04   -4.562610682499E-04   -7.399408313767E-04    9.951627263804E-04    1.214636308031E-03    1.394212389494E-03    1.532748784267E-03   -1.631620699675E-03    1.694047077990E-03
   -1.542058482614E-04    0.000000000000E+00    1.838599513098E-04    1.012804276937E-04   -7.004583563489E-05   -5.323544429919E-05   -4.264963995841E-05   -3.535988094183E-05    3.004513993746E-05   -2.601571919045E-05
    4.562610682499E-04   -1.838599513098E-04    0.000000000000E+00   -4.536909056723E-04    2.509784428533E-04    1.765795977232E-04    1.363806968461E-04    1.107780275746E-04   -9.293803311010E-05    7.979300156605E-05
    7.399408313767E-04   -1.012804276937E-04    4.536909056723E-04    0.000000000000E+00    6.908159541017E-04    3.747849659870E-04    2.625320005955E-04    2.029796514556E-04   -1.654249122357E-04    1.393926469399E-04
   -9.951627263804E-04    7.004583563489E-05   -2.509784428533E-04   -6.908159541017E-04    0.000000000000E+00   -9.057858164266E-04   -4.830672531864E-04   -3.358615517293E-04    2.589748454639E-04   -2.110446060467E-04
   -1.214636308031E-03    5.323544429919E-05   -1.765795977232E-04   -3.747849659870E-04    9.057858164266E-04    0.000000000000E+00   -1.098112393433E-03   -5.777639826434E-04    3.988265654900E-04   -3.064531517670E-04
   -1.394212389494E-03    4.264963995841E-05   -1.363806968461E-04   -2.625320005955E-04    4.830672531864E-04    1.098112393433E-03    0.000000000000E+00   -1.266630579985E-03    6.593758817532E-04   -4.523431675142E-04
   -1.532748784267E-03    3.535988094183E-05   -1.107780275746E-04   -2.029796514556E-04    3.358615517293E-04    5.777639826434E-04    1.266630579985E-03    0.000000000000E+00    1.410898840501E-03   -7.283074636144E-04
    1.631620699675E-03   -3.004513993746E-05    9.293803311010E-05    1.654249122357E-04   -2.589748454639E-04   -3.988265654900E-04   -6.593758817532E-04   -1.410898840501E-03    0.000000000000E+00    1.531378510273E-03
   -1.694047077990E-03    2.601571919045E-05   -7.979300156605E-05   -1.393926469399E-04    2.110446060467E-04    3.064531517670E-04    4.523431675142E-04    7.283074636144E-04   -1.531378510273E-03    0.000000000000E+00
   87.102876756647547     
    0.000000000000E+00    1.483452530746E-04   -4.391080693587E-04   -7.127154370228E-04    9.596948822260E-04    1.173115798557E-03    1.348926830954E-03    1.485858637668E-03   -1.585000421641E-03    1.649199644780E-03
   -1.483452530746E-04    0.000000000000E+00    1.782861124305E-04    9.823467005393E-05   -6.796224559184E-05   -5.167161850568E-05   -4.141265029941E-05   -3.434615727409E-05    2.919181363620E-05   -2.528158426105E-05
    4.391080693587E-04   -1.782861124305E-04    0.000000000000E+00   -4.401106015804E-04    2.435502128851E-04    1.714208721250E-04    1.324489933289E-04    1.076231276524E-04   -9.031739755121E-05    7.755865533406E-05
    7.127154370228E-04   -9.823467005393E-05    4.401106015804E-04    0.000000000000E+00    6.705639927084E-04    3.639499111600E-04    2.550506553935E-04    1.972722488070E-04   -1.608249589656E-04    1.355476700497E-04
   -9.596948822260E-04    6.796224559184E-05   -2.435502128851E-04   -6.705639927084E-04    0.000000000000E+00   -8.799766483012E-04   -4.695220707996E-04   -3.265860354479E-04    2.519148928789E-04   -2.053472693613E-04
   -1.173115798557E-03    5.167161850568E-05   -1.714208721250E-04   -3.639499111600E-04    8.799766483012E-04    0.000000000000E+00   -1.067912448085E-03   -5.621525158064E-04    3.882160561763E-04   -2.983992580788E-04
   -1.348926830954E-03    4.141265029941E-05   -1.324489933289E-04   -2.550506553935E-04    4.695220707996E-04    1.067912448085E-03    0.000000000000E+00   -1.233217957646E-03    6.423061110474E-04   -4.408129096179E-04
   -1.485858637668E-03    3.434615727409E-05   -1.076231276524E-04   -1.972722488070E-04    3.265860354479E-04    5.621525158064E-04    1.233217957646E-03    0.000000000000E+00    1.375393281000E-03   -7.103346131233E-04
    1.585000421641E-03   -2.919181363620E-05    9.031739755121E-05    1.608249589656E-04   -2.519148928789E-04   -3.882160561763E-04   -6.423061110474E-04   -1.375393281000E-03    0.000000000000E+00    1.494783924417E-03
   -1.649199644780E-03    2.528158426105E-05   -7.755865533406E-05   -1.355476700497E-04    2.053472693613E-04    2.983992580788E-04    4.408129096179E-04    7.103346131233E-04   -1.494783924417E-03    0.000000000000E+00
   88.437767283073654     
    0.000000000000E+00    1.427502756078E-04   -4.227200251380E-04   -6.866654122444E-04    9.256849184453E-04    1.133192366352E-03    1.305241320021E-03    1.440458852434E-03   -1.539680181153E-03    1.605414382113E-03
   -1.427502756078E-04    0.000000000000E+00    1.729215941590E-04    9.530188824829E-05   -6.595471580483E-05   -5.016392316812E-05   -4.021940801695E-05   -3.336792549930E-05    2.836824975534E-05   -2.457311753342E-05
    4.227200251380E-04   -1.729215941590E-04    0.000000000000E+00   -4.270301611651E-04    2.363908024867E-04    1.664454847602E-04    1.286547816793E-04    1.045773024782E-04   -8.778691830565E-05    7.540130562986E-05
    6.866654122444E-04   -9.530188824829E-05    4.270301611651E-04    0.000000000000E+00    6.510330774268E-04    3.534927627339E-04    2.478253444166E-04    1.917574088962E-04   -1.563790582289E-04    1.318314523933E-04
   -9.256849184453E-04    6.595471580483E-05   -2.363908024867E-04   -6.510330774268E-04    0.000000000000E+00   -8.550448843803E-04   -4.564267346781E-04   -3.176128254531E-04    2.450823908735E-04   -1.998328914112E-04
   -1.133192366352E-03    5.016392316812E-05   -1.664454847602E-04   -3.534927627339E-04    8.550448843803E-04    0.000000000000E+00   -1.038680471667E-03   -5.470288727257E-04    3.779312188017E-04   -2.905904901939E-04
   -1.305241320021E-03    4.021940801695E-05   -1.286547816793E-04   -2.478253444166E-04    4.564267346781E-04    1.038680471667E-03    0.000000000000E+00   -1.200802605399E-03    6.257323164657E-04   -4.296122187231E-04
   -1.440458852434E-03    3.336792549930E-05   -1.045773024782E-04   -1.917574088962E-04    3.176128254531E-04    5.470288727257E-04    1.200802605399E-03    0.000000000000E+00    1.340862589054E-03   -6.928416847873E-04
    1.539680181153E-03   -2.836824975534E-05    8.778691830565E-05    1.563790582289E-04   -2.450823908735E-04   -3.779312188017E-04   -6.257323164657E-04   -1.340862589054E-03    0.000000000000E+00    1.459102457428E-03
   -1.605414382113E-03    2.457311753342E-05   -7.540130562986E-05   -1.318314523933E-04    1.998328914112E-04    2.905904901939E-04    4.296122187231E-04    6.928416847873E-04   -1.459102457428E-03    0.000000000000E+00
   89.782809068255858     
    0.000000000000E+00    1.374069602277E-04   -4.070576588716E-04   -6.617331954922E-04    8.930665734993E-04    1.094800865337E-03    1.263099920019E-03    1.396507971206E-03   -1.495635259042E-03    1.562683042093E-03
   -1.374069602277E-04    0.000000000000E+00    1.677570573406E-04    9.247712990404E-05   -6.401998254985E-05   -4.870999611238E-05   -3.906809350853E-05   -3.242370954026E-05    2.757319615773E-05   -2.388921849718E-05
    4.070576588716E-04   -1.677570573406E-04    0.000000000000E+00   -4.144279388974E-04    2.294888429956E-04    1.616458525614E-04    1.249924573162E-04    1.016361164391E-04   -8.534289101361E-05    7.331772811129E-05
    6.617331954922E-04   -9.247712990404E-05    4.144279388974E-04    0.000000000000E+00    6.321935306883E-04    3.433983984301E-04    2.408460335061E-04    1.864276429390E-04   -1.520811754298E-04    1.282388551700E-04
   -8.930665734993E-04    6.401998254985E-05   -2.294888429956E-04   -6.321935306883E-04    0.000000000000E+00   -8.309569666589E-04   -4.437645744911E-04   -3.089309141282E-04    2.384690528688E-04   -1.944946950403E-04
   -1.094800865337E-03    4.870999611238E-05   -1.616458525614E-04   -3.433983984301E-04    8.309569666589E-04    0.000000000000E+00   -1.010382932799E-03   -5.323767238943E-04    3.679612883819E-04   -2.830186629428E-04
   -1.263099920019E-03    3.906809350853E-05   -1.249924573162E-04   -2.408460335061E-04    4.437645744911E-04    1.010382932799E-03    0.000000000000E+00   -1.169354188250E-03    6.096399531644E-04   -4.187314844650E-04
   -1.396507971206E-03    3.242370954026E-05   -1.016361164391E-04   -1.864276429390E-04    3.089309141282E-04    5.323767238944E-04    1.169354188250E-03    0.000000000000E+00    1.307281763105E-03   -6.758168400809E-04
    1.495635259042E-03   -2.757319615773E-05    8.534289101361E-05    1.520811754298E-04   -2.384690528688E-04   -3.679612883819E-04   -6.096399531644E-04   -1.307281763105E-03    0.000000000000E+00    1.424315506447E-03
   -1.562683042093E-03    2.388921849718E-05   -7.331772811129E-05   -1.282388551700E-04    1.944946950403E-04    2.830186629428E-04    4.187314844650E-04    6.758168400809E-04   -1.424315506447E-03    0.000000000000E+00
   91.138002112194144     
    0.000000000000E+00    1.323021841713E-04   -3.920839648173E-04   -6.378643355252E-04    8.617767753537E-04    1.057878732343E-03    1.222448225561E-03    1.353964865764E-03   -1.452840162913E-03    1.520995756144E-03
   -1.323021841713E-04    0.000000000000E+00    1.627836443848E-04    8.975569203016E-05   -6.215494227258E-05   -4.730758914268E-05   -3.795697510362E-05   -3.151210623329E-05    2.680546468143E-05   -2.322884463926E-05
    3.920839648173E-04   -1.627836443848E-04    0.000000000000E+00   -4.022833588457E-04    2.228335105297E-04    1.570147477211E-04    1.214566774165E-04    9.879534529601E-05   -8.298179416318E-05    7.130486317838E-05
    6.378643355252E-04   -8.975569203016E-05    4.022833588457E-04    0.000000000000E+00    6.140170344920E-04    3.336523644745E-04    2.341031255529E-04    1.812757930136E-04   -1.479255526306E-04    1.247649852195E-04
   -8.617767753537E-04    6.215494227258E-05   -2.228335105297E-04   -6.140170344920E-04    0.000000000000E+00   -8.076807027635E-04   -4.315195720866E-04   -3.005297236551E-04    2.320669275448E-04   -1.893261921277E-04
   -1.057878732343E-03    4.730758914268E-05   -1.570147477211E-04   -3.336523644745E-04    8.076807027635E-04    0.000000000000E+00   -9.829874369975E-04   -5.181802701085E-04    3.582958563718E-04   -2.756758803517E-04
   -1.222448225561E-03    3.795697510362E-05   -1.214566774165E-04   -2.341031255529E-04    4.315195720866E-04    9.829874369975E-04    0.000000000000E+00   -1.138843131640E-03    5.940148234503E-04   -4.081613406676E-04
   -1.353964865764E-03    3.151210623329E-05   -9.879534529601E-05   -1.812757930136E-04    3.005297236551E-04    5.181802701085E-04    1.138843131640E-03    0.000000000000E+00    1.274626134358E-03   -6.592483875569E-04
    1.452840162913E-03   -2.680546468143E-05    8.298179416318E-05    1.479255526306E-04   -2.320669275448E-04   -3.582958563718E-04   -5.940148234503E-04   -1.274626134358E-03    0.000000000000E+00    1.390404403085E-03
   -1.520995756144E-03    2.322884463926E-05   -7.130486317838E-05   -1.247649852195E-04    1.893261921277E-04    2.756758803517E-04    4.081613406676E-04    6.592483875569E-04   -1.390404403085E-03    0.000000000000E+00
   92.503346414888526     
    0.000000000000E+00    1.274236012238E-04   -3.777640607803E-04   -6.150073073447E-04    8.317554838951E-04    1.022365903229E-03    1.183233370466E-03    1.312788826818E-03   -1.411268771511E-03    1.480341201968E-03
   -1.274236012238E-04    0.000000000000E+00    1.579929494911E-04    8.713310598055E-05   -6.035664213406E-05   -4.595456131817E-05   -3.688440372757E-05   -3.063178069686E-05    2.606392691720E-05   -2.259100757636E-05
    3.777640607803E-04   -1.579929494911E-04    0.000000000000E+00   -3.905768517390E-04    2.164144948638E-04    1.525452775657E-04    1.180423457037E-04    9.605096328190E-05   -8.070027741315E-05    6.935980527507E-05
    6.150073073447E-04   -8.713310598055E-05    3.905768517390E-04    0.000000000000E+00    5.964765574729E-04    3.242408407766E-04    2.275874374099E-04    1.762950136046E-04   -1.439066921493E-04    1.214051799778E-04
   -8.317554838951E-04    6.035664213406E-05   -2.164144948638E-04   -5.964765574729E-04    0.000000000000E+00   -7.851852035348E-04   -4.196763323916E-04   -2.923990858013E-04    2.258683815857E-04   -1.843211676921E-04
   -1.022365903229E-03    4.595456131817E-05   -1.525452775657E-04   -3.242408407766E-04    7.851852035348E-04    0.000000000000E+00   -9.564626885150E-04   -5.044242247860E-04    3.489248570141E-04   -2.685545227715E-04
   -1.183233370466E-03    3.688440372757E-05   -1.180423457037E-04   -2.275874374099E-04    4.196763323916E-04    9.564626885150E-04    0.000000000000E+00   -1.109240612123E-03    5.788430720484E-04   -3.978926594967E-04
   -1.312788826818E-03    3.063178069686E-05   -9.605096328190E-05   -1.762950136046E-04    2.923990858013E-04    5.044242247860E-04    1.109240612123E-03    0.000000000000E+00    1.242871382770E-03   -6.431247891427E-04
    1.411268771511E-03   -2.606392691720E-05    8.070027741315E-05    1.439066921493E-04   -2.258683815857E-04   -3.489248570141E-04   -5.788430720484E-04   -1.242871382770E-03    0.000000000000E+00    1.357350446296E-03
   -1.480341201968E-03    2.259100757636E-05   -6.935980527507E-05   -1.214051799778E-04    1.843211676921E-04    2.685545227715E-04    3.978926594967E-04    6.431247891427E-04   -1.357350446296E-03    0.000000000000E+00
   93.878841976338961     
    0.000000000000E+00    1.227595913285E-04   -3.640650562071E-04   -5.931133477078E-04    8.029455511609E-04    9.882047415711E-04    1.145404042757E-03    1.272939657559E-03   -1.370894482426E-03    1.440706775751E-03
   -1.227595913285E-04    0.000000000000E+00    1.533769948008E-04    8.460512554578E-05   -5.862227263256E-05   -4.464887377106E-05   -3.584880880135E-05   -2.978146274046E-05    2.534751087934E-05   -2.197476994885E-05
    3.640650562071E-04   -1.533769948008E-04    0.000000000000E+00   -3.792898055790E-04    2.102219754529E-04    1.482308693123E-04    1.147446009961E-04    9.339913329591E-05   -7.849515254515E-05    6.747979442084E-05
    5.931133477078E-04   -8.460512554578E-05    3.792898055790E-04    0.000000000000E+00    5.795463003307E-04    3.151506156621E-04    2.212901834116E-04    1.714787583071E-04   -1.400193444217E-04    1.181549960060E-04
   -8.029455511609E-04    5.862227263256E-05   -2.102219754529E-04   -5.795463003307E-04    0.000000000000E+00   -7.634408415639E-04   -4.082200651654E-04   -2.845292292659E-04    2.198660883381E-04   -1.794736688214E-04
   -9.882047415711E-04    4.464887377106E-05   -1.482308693123E-04   -3.151506156621E-04    7.634408415639E-04    0.000000000000E+00   -9.307784742954E-04   -4.910938077624E-04    3.398385616881E-04   -2.616472402014E-04
   -1.145404042757E-03    3.584880880135E-05   -1.147446009961E-04   -2.212901834116E-04    4.082200651654E-04    9.307784742954E-04    0.000000000000E+00   -1.080518570772E-03    5.641111931853E-04   -3.879165537949E-04
   -1.272939657559E-03    2.978146274046E-05   -9.339913329591E-05   -1.714787583071E-04    2.845292292659E-04    4.910938077624E-04    1.080518570772E-03    0.000000000000E+00    1.211993576458E-03   -6.274346785737E-04
    1.370894482426E-03   -2.534751087934E-05    7.849515254515E-05    1.400193444217E-04   -2.198660883381E-04   -3.398385616881E-04   -5.641111931853E-04   -1.211993576458E-03    0.000000000000E+00    1.325134959615E-03
   -1.440706775751E-03    2.197476994885E-05   -6.747979442084E-05   -1.181549960060E-04    1.794736688214E-04    2.616472402014E-04    3.879165537949E-04    6.274346785737E-04   -1.325134959615E-03    0.000000000000E+00
   95.264488796545535     
    0.000000000000E+00    1.182992114861E-04   -3.509559223522E-04   -5.721362892109E-04    7.752925723630E-04    9.553399483326E-04    1.108910471803E-03    1.234377733650E-03   -1.331690324408E-03    1.402078730406E-03
   -1.182992114861E-04    0.000000000000E+00    1.489282026798E-04    8.216771282345E-05   -5.694915864545E-05   -4.338858332724E-05   -3.484869321988E-05   -2.895994256288E-05    2.465519712187E-05   -2.137924186513E-05
    3.509559223522E-04   -1.489282026798E-04    0.000000000000E+00   -3.684045059511E-04    2.042465915698E-04    1.440652506712E-04    1.115588026509E-04    9.083619473567E-05   -7.636338258544E-05    6.566220627095E-05
    5.721362892109E-04   -8.216771282345E-05    3.684045059511E-04    0.000000000000E+00    5.632016240863E-04    3.063690511591E-04    2.152029524167E-04    1.668207617820E-04   -1.362584922577E-04    1.150101946706E-04
   -7.752925723630E-04    5.694915864545E-05   -2.042465915698E-04   -5.632016240863E-04    0.000000000000E+00   -7.424191853536E-04   -3.971365538382E-04   -2.769107583871E-04    2.140530101947E-04   -1.747779887970E-04
   -9.553399483326E-04    4.338858332724E-05   -1.440652506712E-04   -3.063690511591E-04    7.424191853536E-04    0.000000000000E+00   -9.059056168076E-04   -4.781747230891E-04    3.310275627290E-04   -2.549469379741E-04
   -1.108910471803E-03    3.484869321988E-05   -1.115588026509E-04   -2.152029524167E-04    3.971365538382E-04    9.059056168076E-04    0.000000000000E+00   -1.052649690034E-03    5.498060192886E-04   -3.782243674243E-04
   -1.234377733650E-03    2.895994256288E-05   -9.083619473567E-05   -1.668207617820E-04    2.769107583871E-04    4.781747230891E-04    1.052649690034E-03    0.000000000000E+00    1.181969170918E-03   -6.121668599229E-04
    1.331690324408E-03   -2.465519712187E-05    7.636338258544E-05    1.362584922577E-04   -2.140530101947E-04   -3.310275627290E-04   -5.498060192886E-04   -1.181969170918E-03    0.000000000000E+00    1.293739306478E-03
   -1.402078730406E-03    2.137924186513E-05   -6.566220627095E-05   -1.150101946706E-04    1.747779887970E-04    2.549469379741E-04    3.782243674243E-04    6.121668599229E-04   -1.293739306478E-03    0.000000000000E+00
   96.660286875508191     
    0.000000000000E+00    1.140321532334E-04   -3.384073802817E-04   -5.520324187479E-04    7.487447625862E-04    9.237184949221E-04    1.073704435505E-03    1.197064080962E-03   -1.293629087014E-03    1.364442332427E-03
   -1.140321532334E-04    0.000000000000E+00    1.446393766208E-04    7.981702871350E-05   -5.533475358250E-05   -4.217183844480E-05   -3.388263017108E-05   -2.816606797481E-05    2.398601614575E-05   -2.080357844517E-05
    3.384073802817E-04   -1.446393766208E-04    0.000000000000E+00   -3.579040966594E-04    1.984794233469E-04    1.400424379468E-04    1.084805217361E-04    8.835865597089E-05   -7.430207480940E-05    6.390454545906E-05
    5.520324187479E-04   -7.981702871350E-05    3.579040966594E-04    0.000000000000E+00    5.474190072247E-04    2.978840635116E-04    2.093176953471E-04    1.623150297868E-04   -1.326193416587E-04    1.119667332820E-04
   -7.487447625862E-04    5.533475358250E-05   -1.984794233469E-04   -5.474190072247E-04    0.000000000000E+00   -7.220929684020E-04   -3.864121425405E-04   -2.695346443705E-04    2.084223905916E-04   -1.702286589740E-04
   -9.237184949221E-04    4.217183844480E-05   -1.400424379468E-04   -2.978840635116E-04    7.220929684020E-04    0.000000000000E+00   -8.818159659021E-04   -4.656531570023E-04    3.224827710686E-04   -2.484467729724E-04
   -1.073704435505E-03    3.388263017108E-05   -1.084805217361E-04   -2.093176953471E-04    3.864121425405E-04    8.818159659021E-04    0.000000000000E+00   -1.025607412447E-03    5.359147312006E-04   -3.688076802427E-04
   -1.197064080962E-03    2.816606797481E-05   -8.835865597089E-05   -1.623150297868E-04    2.695346443705E-04    4.656531570023E-04    1.025607412447E-03    0.000000000000E+00    1.152775052288E-03   -5.973103286148E-04
    1.293629087014E-03   -2.398601614575E-05    7.430207480940E-05    1.326193416587E-04   -2.084223905916E-04   -3.224827710686E-04   -5.359147312006E-04   -1.152775052288E-03    0.000000000000E+00    1.263144951366E-03
   -1.364442332427E-03    2.080357844517E-05   -6.390454545906E-05   -1.119667332820E-04    1.702286589740E-04    2.484467729724E-04    3.688076802427E-04    5.973103286148E-04   -1.263144951366E-03    0.000000000000E+00
   98.066236213226944     
    0.000000000000E+00    1.099487004489E-04   -3.263917884702E-04   -5.327603314850E-04    7.232528215326E-04    8.932895351491E-04    1.039739237966E-03    1.160960417999E-03   -1.256683412557E-03    1.327781981689E-03
   -1.099487004489E-04    0.000000000000E+00    1.405036771444E-04    7.754942058987E-05   -5.377663155382E-05   -4.099687364892E-05   -3.294925878497E-05   -2.739874070075E-05    2.333904507301E-05   -2.024697676551E-05
    3.263917884702E-04   -1.405036771444E-04    0.000000000000E+00   -3.477725274435E-04    1.929119655303E-04    1.361567190087E-04    1.055055283367E-04    8.596318382470E-05   -7.230847138551E-05    6.220443702831E-05
    5.327603314850E-04   -7.754942058987E-05    3.477725274435E-04    0.000000000000E+00    5.321759820249E-04    2.896840923150E-04    2.036267048917E-04    1.579558233866E-04   -1.290973081508E-04    1.090207526621E-04
   -7.232528215326E-04    5.377663155382E-05   -1.929119655303E-04   -5.321759820249E-04    0.000000000000E+00   -7.024360295772E-04   -3.760337079209E-04   -2.623922062591E-04    2.029677384691E-04   -1.658204348423E-04
   -8.932895351491E-04    4.099687364892E-05   -1.361567190087E-04   -2.896840923150E-04    7.024360295772E-04    0.000000000000E+00   -8.584823546890E-04   -4.535157573268E-04    3.141954015521E-04   -2.421401408328E-04
   -1.039739237966E-03    3.294925878497E-05   -1.055055283367E-04   -2.036267048917E-04    3.760337079209E-04    8.584823546890E-04    0.000000000000E+00   -9.993659174644E-04    5.224248472034E-04   -3.596582991570E-04
   -1.160960417999E-03    2.739874070075E-05   -8.596318382470E-05   -1.579558233866E-04    2.623922062591E-04    4.535157573268E-04    9.993659174644E-04    0.000000000000E+00    1.124388534597E-03   -5.828542695071E-04
    1.256683412557E-03   -2.333904507301E-05    7.230847138551E-05    1.290973081508E-04   -2.029677384691E-04   -3.141954015521E-04   -5.224248472034E-04   -1.124388534597E-03    0.000000000000E+00    1.233333472697E-03
   -1.327781981689E-03    2.024697676551E-05   -6.220443702831E-05   -1.090207526621E-04    1.658204348423E-04    2.421401408328E-04    3.596582991570E-04    5.828542695071E-04   -1.233333472697E-03    0.000000000000E+00
   99.482336809701792     
    0.000000000000E+00    1.060396916219E-04   -3.148830423163E-04   -5.142808005450E-04    6.987698136574E-04    8.640043293981E-04    1.006969695398E-03    1.126029203552E-03   -1.220825892085E-03    1.292081335885E-03
   -1.060396916219E-04    0.000000000000E+00    1.365146024876E-04    7.536141251565E-05   -5.227248123181E-05   -3.986200522148E-05   -3.204728078091E-05   -2.665691351543E-05    2.271340503725E-05   -1.970867342235E-05
    3.148830423163E-04   -1.365146024876E-04    0.000000000000E+00   -3.379945127843E-04    1.875361071154E-04    1.324026402760E-04    1.026297819296E-04    8.364659556270E-05   -7.037994214569E-05    6.055961968430E-05
    5.142808005450E-04   -7.536141251565E-05    3.379945127843E-04    0.000000000000E+00    5.174510862109E-04    2.817580776373E-04    1.981226007005E-04    1.537376474200E-04   -1.256880066202E-04    1.061685676690E-04
   -6.987698136574E-04    5.227248123181E-05   -1.875361071154E-04   -5.174510862109E-04    0.000000000000E+00   -6.834232713383E-04   -3.659886401869E-04   -2.554750982757E-04    1.976828176846E-04   -1.615482861414E-04
   -8.640043293981E-04    3.986200522148E-05   -1.324026402760E-04   -2.817580776373E-04    6.834232713383E-04    0.000000000000E+00   -8.358785745635E-04   -4.417496227519E-04    3.061569650826E-04   -2.360206684300E-04
   -1.006969695398E-03    3.204728078091E-05   -1.026297819296E-04   -1.981226007005E-04    3.659886401869E-04    8.358785745635E-04    0.000000000000E+00   -9.739001180788E-04    5.093242222576E-04   -3.507682562153E-04
   -1.126029203552E-03    2.665691351543E-05   -8.364659556270E-05   -1.537376474200E-04    2.554750982757E-04    4.417496227519E-04    9.739001180788E-04    0.000000000000E+00    1.096787377311E-03   -5.687880654300E-04
    1.220825892085E-03   -2.271340503725E-05    7.037994214569E-05    1.256880066202E-04   -1.976828176846E-04   -3.061569650826E-04   -5.093242222576E-04   -1.096787377311E-03    0.000000000000E+00    1.204286596634E-03
   -1.292081335885E-03    1.970867342235E-05   -6.055961968430E-05   -1.061685676690E-04    1.615482861414E-04    2.360206684300E-04    3.507682562153E-04    5.687880654300E-04   -1.204286596634E-03    0.000000000000E+00
   100.90858866493269     
    0.000000000000E+00    1.022964843856E-04   -3.038564792371E-04   -4.965566525732E-04    6.752510511806E-04    8.358161665370E-04    9.753521143522E-04    1.092233672614E-03   -1.186029147749E-03    1.257323421585E-03
   -1.022964843856E-04    0.000000000000E+00    1.326659696004E-04    7.324969555665E-05   -5.082009973652E-05   -3.876562689323E-05   -3.117545712579E-05   -2.593958741127E-05    2.210825862429E-05   -1.918794215360E-05
    3.038564792371E-04   -1.326659696004E-04    0.000000000000E+00   -3.285554909079E-04    1.823441109118E-04    1.287749935887E-04    9.984942168663E-05    8.140585088806E-05   -6.851397743288E-05    5.896793916482E-05
    4.965566525732E-04   -7.324969555665E-05    3.285554909079E-04    0.000000000000E+00    5.032238137123E-04    2.740954364603E-04    1.927983140965E-04    1.496552386853E-04   -1.223872410434E-04    1.034066577247E-04
   -6.752510511806E-04    5.082009973652E-05   -1.823441109118E-04   -5.032238137123E-04    0.000000000000E+00   -6.650306151517E-04   -3.562648225319E-04   -2.487752961380E-04    1.925616358007E-04   -1.574073866151E-04
   -8.358161665370E-04    3.876562689323E-05   -1.287749935887E-04   -2.740954364603E-04    6.650306151517E-04    0.000000000000E+00   -8.139793451344E-04   -4.303422894561E-04    2.983592591316E-04   -2.300822053116E-04
   -9.753521143522E-04    3.117545712579E-05   -9.984942168663E-05   -1.927983140965E-04    3.562648225319E-04    8.139793451344E-04    0.000000000000E+00   -9.491856502472E-04    4.966010436801E-04   -3.421298045180E-04
   -1.092233672614E-03    2.593958741127E-05   -8.140585088806E-05   -1.496552386853E-04    2.487752961380E-04    4.303422894561E-04    9.491856502472E-04    0.000000000000E+00    1.069949794201E-03   -5.551013015522E-04
    1.186029147749E-03   -2.210825862429E-05    6.851397743288E-05    1.223872410434E-04   -1.925616358007E-04   -2.983592591316E-04   -4.966010436801E-04   -1.069949794201E-03    0.000000000000E+00    1.175986221507E-03
   -1.257323421585E-03    1.918794215360E-05   -5.896793916482E-05   -1.034066577247E-04    1.574073866151E-04    2.300822053116E-04    3.421298045180E-04    5.551013015522E-04   -1.175986221507E-03    0.000000000000E+00
   102.34499177891972     
    0.000000000000E+00    9.871092297924E-05   -2.932887914159E-04   -4.795526528422E-04    6.526539853086E-04    8.086802904534E-04    9.448442703781E-04    1.059537869402E-03   -1.152265910653E-03    1.223490740903E-03
   -9.871092297924E-05    0.000000000000E+00    1.289518972787E-04    7.121111920133E-05   -4.941738723850E-05   -3.770620605972E-05   -3.033260511161E-05   -2.524580912611E-05    2.152280763383E-05   -1.868409174731E-05
    2.932887914159E-04   -1.289518972787E-04    0.000000000000E+00   -3.194415875116E-04    1.773285955350E-04    1.252688047010E-04    9.716075802249E-05    7.923804498114E-05   -6.670818186930E-05    5.742734242779E-05
    4.795526528422E-04   -7.121111920133E-05    3.194415875116E-04    0.000000000000E+00    4.894745714405E-04    2.666860421529E-04    1.876470748610E-04    1.457035557721E-04   -1.191909956294E-04    1.007316585871E-04
   -6.526539853086E-04    4.941738723850E-05   -1.773285955350E-04   -4.894745714405E-04    0.000000000000E+00   -6.472349631197E-04   -3.468506136887E-04   -2.422850855685E-04    1.875984346579E-04   -1.533931053026E-04
   -8.086802904534E-04    3.770620605972E-05   -1.252688047010E-04   -2.666860421529E-04    6.472349631197E-04    0.000000000000E+00   -7.927602898578E-04   -4.192817206488E-04    2.907943603553E-04   -2.243188168662E-04
   -9.448442703781E-04    3.033260511161E-05   -9.716075802249E-05   -1.876470748610E-04    3.468506136887E-04    7.927602898578E-04    0.000000000000E+00   -9.251988672912E-04    4.842438294456E-04   -3.337354160676E-04
   -1.059537869402E-03    2.524580912611E-05   -7.923804498114E-05   -1.457035557721E-04    2.422850855685E-04    4.192817206488E-04    9.251988672912E-04    0.000000000000E+00    1.043854466640E-03   -5.417837721655E-04
    1.152265910653E-03   -2.152280763383E-05    6.670818186930E-05    1.191909956294E-04   -1.875984346579E-04   -2.907943603553E-04   -4.842438294456E-04   -1.043854466640E-03    0.000000000000E+00    1.148414446545E-03
   -1.223490740903E-03    1.868409174731E-05   -5.742734242779E-05   -1.007316585871E-04    1.533931053026E-04    2.243188168662E-04    3.337354160676E-04    5.417837721655E-04   -1.148414446545E-03    0.000000000000E+00
   103.79154615166283     
    0.000000000000E+00    9.527530720517E-05   -2.831579420769E-04   -4.632353935207E-04    6.309380975817E-04    7.825538218790E-04    9.154053768288E-04    1.027906666462E-03   -1.119509082555E-03    1.190565361728E-03
   -9.527530720517E-05    0.000000000000E+00    1.253667885366E-04    6.924268230458E-05   -4.806234119624E-05   -3.668227970687E-05   -2.951759520796E-05   -2.457466850401E-05    2.095629072218E-05   -1.819646386530E-05
    2.831579420769E-04   -1.253667885366E-04    0.000000000000E+00   -3.106395771652E-04    1.724825159669E-04    1.218793207136E-04    9.456026333875E-05    7.714040094293E-05   -6.496026769370E-05    5.593587152582E-05
    4.632353935207E-04   -6.924268230458E-05    3.106395771652E-04    0.000000000000E+00    4.761846315677E-04    2.595202013415E-04    1.826623961903E-04    1.418777675640E-04   -1.160954249948E-04    9.814035340726E-05
   -6.309380975817E-04    4.806234119624E-05   -1.724825159669E-04   -4.761846315677E-04    0.000000000000E+00   -6.300141523806E-04   -3.377348265315E-04   -2.359970481441E-04    1.827876790532E-04   -1.495009964391E-04
   -7.825538218790E-04    3.668227970687E-05   -1.218793207136E-04   -2.595202013415E-04    6.300141523806E-04    0.000000000000E+00   -7.721979015113E-04   -4.085562907998E-04    2.834546137279E-04   -2.187247750212E-04
   -9.154053768288E-04    2.951759520796E-05   -9.456026333875E-05   -1.826623961903E-04    3.377348265315E-04    7.721979015113E-04    0.000000000000E+00   -9.019168214835E-04    4.722414199982E-04   -3.255777754214E-04
   -1.027906666462E-03    2.457466850401E-05   -7.714040094293E-05   -1.418777675640E-04    2.359970481441E-04    4.085562907998E-04    9.019168214835E-04    0.000000000000E+00    1.018480542086E-03   -5.288254801254E-04
    1.119509082555E-03   -2.095629072218E-05    6.496026769370E-05    1.160954249948E-04   -1.827876790532E-04   -2.834546137279E-04   -4.722414199982E-04   -1.018480542086E-03    0.000000000000E+00    1.121553584620E-03
   -1.190565361728E-03    1.819646386530E-05   -5.593587152582E-05   -9.814035340726E-05    1.495009964391E-04    2.187247750212E-04    3.255777754214E-04    5.288254801254E-04   -1.121553584620E-03    0.000000000000E+00
   105.24825178316203     
    0.000000000000E+00    9.198236410926E-05   -2.734430890046E-04   -4.475731913630E-04    6.100648000794E-04    7.573956864607E-04    8.869960565310E-04    9.973057837393E-04   -1.087731795911E-03    1.158529006090E-03
   -9.198236410926E-05    0.000000000000E+00    1.219053153888E-04    6.734152529943E-05   -4.675305142810E-05   -3.569245094919E-05   -2.872934840141E-05   -2.392529626694E-05    2.040798140458E-05   -1.772443118467E-05
    2.734430890046E-04   -1.219053153888E-04    0.000000000000E+00   -3.021368502000E-04    1.677991469873E-04    1.186019994462E-04    9.204456424539E-05    7.511026345678E-05   -6.326804915146E-05    5.449165840590E-05
    4.475731913630E-04   -6.734152529943E-05    3.021368502000E-04    0.000000000000E+00    4.633360911628E-04    2.525886345594E-04    1.778380622355E-04    1.381732437538E-04   -1.130968460268E-04    9.562966524891E-05
   -6.100648000794E-04    4.675305142810E-05   -1.677991469873E-04   -4.633360911628E-04    0.000000000000E+00   -6.133469177040E-04   -3.289067108550E-04   -2.299040500352E-04    1.781240477022E-04   -1.457267912761E-04
   -7.573956864607E-04    3.569245094919E-05   -1.186019994462E-04   -2.525886345594E-04    6.133469177040E-04    0.000000000000E+00   -7.522695159627E-04   -3.981547741119E-04    2.763326246461E-04   -2.132945513012E-04
   -8.869960565310E-04    2.872934840141E-05   -9.204456424539E-05   -1.778380622355E-04    3.289067108550E-04    7.522695159627E-04    0.000000000000E+00   -8.793172536795E-04    4.605829742218E-04   -3.176497762818E-04
   -9.973057837393E-04    2.392529626694E-05   -7.511026345678E-05   -1.381732437538E-04    2.299040500352E-04    3.981547741119E-04    8.793172536795E-04    0.000000000000E+00    9.938076403744E-04   -5.162166403753E-04
    1.087731795911E-03   -2.040798140458E-05    6.326804915146E-05    1.130968460268E-04   -1.781240477022E-04   -2.763326246461E-04   -4.605829742218E-04   -9.938076403744E-04    0.000000000000E+00    1.095386182790E-03
   -1.158529006090E-03    1.772443118467E-05   -5.449165840590E-05   -9.562966524891E-05    1.457267912761E-04    2.132945513012E-04    3.176497762818E-04    5.162166403753E-04   -1.095386182790E-03    0.000000000000E+00
   106.71510867341735     
    0.000000000000E+00    8.882522152316E-05   -2.641245128508E-04   -4.325359910826E-04    5.899973398518E-04    7.331665438531E-04    8.595783106896E-04    9.677018016586E-04   -1.056907466000E-03    1.127363130158E-03
   -8.882522152316E-05    0.000000000000E+00    1.185624043508E-04    6.550492275395E-05   -4.548769538862E-05   -3.473538570729E-05   -2.796683364678E-05   -2.329686189023E-05    1.987718616028E-05   -1.726739564030E-05
    2.641245128508E-04   -1.185624043508E-04    0.000000000000E+00   -2.939213809813E-04    1.632720672368E-04    1.154324991904E-04    8.961043407133E-05    7.314509271516E-05   -6.162943715056E-05    5.309291997462E-05
    4.325359910826E-04   -6.550492275395E-05    2.939213809813E-04    0.000000000000E+00    4.509118330894E-04    2.458824574101E-04    1.731681159643E-04    1.345855456484E-04   -1.101917300527E-04    9.319664993105E-05
   -5.899973398518E-04    4.548769538862E-05   -1.632720672368E-04   -4.509118330894E-04    0.000000000000E+00   -5.972128545212E-04   -3.203559362487E-04   -2.239992308355E-04    1.736024243626E-04   -1.420663901304E-04
   -7.331665438531E-04    3.473538570729E-05   -1.154324991904E-04   -2.458824574101E-04    5.972128545212E-04    0.000000000000E+00   -7.329532851158E-04   -3.880663325088E-04    2.694212507928E-04   -2.080228098272E-04
   -8.595783106896E-04    2.796683364678E-05   -8.961043407133E-05   -1.731681159643E-04    3.203559362487E-04    7.329532851158E-04    0.000000000000E+00   -8.573785808079E-04    4.492579643509E-04   -3.099445175057E-04
   -9.677018016586E-04    2.329686189023E-05   -7.314509271516E-05   -1.345855456484E-04    2.239992308355E-04    3.880663325088E-04    8.573785808079E-04    0.000000000000E+00    9.698158568142E-04   -5.039476819707E-04
    1.056907466000E-03   -1.987718616028E-05    6.162943715056E-05    1.101917300527E-04   -1.736024243626E-04   -2.694212507928E-04   -4.492579643509E-04   -9.698158568142E-04    0.000000000000E+00    1.069895039055E-03
   -1.127363130158E-03    1.726739564030E-05   -5.309291997462E-05   -9.319664993105E-05    1.420663901304E-04    2.080228098272E-04    3.099445175057E-04    5.039476819707E-04   -1.069895039055E-03    0.000000000000E+00
   108.19211682242870     
    0.000000000000E+00    8.579738332290E-05   -2.551835498694E-04   -4.180952740327E-04    5.707007073813E-04    7.098287179297E-04    8.331154853892E-04    9.390621687280E-04   -1.027009835622E-03    1.097048996218E-03
   -8.579738332290E-05    0.000000000000E+00    1.153332225443E-04    6.373027621476E-05   -4.426453361059E-05   -3.380980949581E-05   -2.722906540601E-05   -2.268857155981E-05    1.936324262026E-05   -1.682478675003E-05
    2.551835498694E-04   -1.153332225443E-04    0.000000000000E+00   -2.859816973148E-04    1.588951437800E-04    1.123666687551E-04    8.725478559200E-05    7.124245854722E-05   -6.004243412473E-05    5.173795337565E-05
    4.180952740327E-04   -6.373027621476E-05    2.859816973148E-04    0.000000000000E+00    4.388954878534E-04    2.393931620849E-04    1.686468472318E-04    1.311104171640E-04   -1.073766952261E-04    9.083848911382E-05
   -5.707007073813E-04    4.426453361059E-05   -1.588951437800E-04   -4.388954878534E-04    0.000000000000E+00   -5.815923820726E-04   -3.120725748957E-04   -2.182759923515E-04    1.692178890031E-04   -1.385158545564E-04
   -7.098287179297E-04    3.380980949581E-05   -1.123666687551E-04   -2.393931620849E-04    5.815923820726E-04    0.000000000000E+00   -7.142281487244E-04   -3.782805029625E-04    2.627135936195E-04   -2.029044001340E-04
   -8.331154853892E-04    2.722906540601E-05   -8.725478559200E-05   -1.686468472318E-04    3.120725748957E-04    7.142281487244E-04    0.000000000000E+00   -8.360798809013E-04    4.382561696298E-04   -3.024552983823E-04
   -9.390621687280E-04    2.268857155981E-05   -7.124245854722E-05   -1.311104171640E-04    2.182759923515E-04    3.782805029625E-04    8.360798809013E-04    0.000000000000E+00    9.464857617240E-04   -4.920092483817E-04
    1.027009835622E-03   -1.936324262026E-05    6.004243412473E-05    1.073766952261E-04   -1.692178890031E-04   -2.627135936195E-04   -4.382561696298E-04   -9.464857617240E-04    0.000000000000E+00    1.045063214858E-03
   -1.097048996218E-03    1.682478675003E-05   -5.173795337565E-05   -9.083848911382E-05    1.385158545564E-04    2.029044001340E-04    3.024552983823E-04    4.920092483817E-04   -1.045063214858E-03    0.000000000000E+00
   109.67927623019621     
    0.000000000000E+00    8.289270637362E-05   -2.466025290611E-04   -4.042239723499E-04    5.521415495690E-04    6.873461290278E-04    8.075722369919E-04    9.113552052022E-04   -9.980130140086E-04    1.067567738218E-03
   -8.289270637362E-05    0.000000000000E+00    1.122131646967E-04    6.201510750131E-05   -4.308190542882E-05   -3.291450440999E-05   -2.651510134430E-05   -2.209966626698E-05    1.886551788301E-05   -1.639606006066E-05
    2.466025290611E-04   -1.122131646967E-04    0.000000000000E+00   -2.783068517419E-04    1.546625175971E-04    1.094005381071E-04    8.497466420440E-05    6.940003492908E-05   -5.850512925049E-05    5.042513160177E-05
    4.042239723499E-04   -6.201510750131E-05    2.783068517419E-04    0.000000000000E+00    4.272713976160E-04    2.331125999020E-04    1.642687815223E-04    1.277437763630E-04   -1.046484994062E-04    8.855248385243E-05
   -5.521415495690E-04    4.308190542882E-05   -1.546625175971E-04   -4.272713976160E-04    0.000000000000E+00   -5.664667083492E-04   -3.040470851930E-04   -2.127279879650E-04    1.649657094775E-04   -1.350714000061E-04
   -6.873461290278E-04    3.291450440999E-05   -1.094005381071E-04   -2.331125999020E-04    5.664667083492E-04    0.000000000000E+00   -6.960738071921E-04   -3.687871852660E-04    2.562029901942E-04   -1.979343503657E-04
   -8.075722369919E-04    2.651510134430E-05   -8.497466420440E-05   -1.642687815223E-04    3.040470851930E-04    6.960738071920E-04    0.000000000000E+00   -8.154008781618E-04    4.275676700024E-04   -2.951756140389E-04
   -9.113552052022E-04    2.209966626698E-05   -6.940003492908E-05   -1.277437763630E-04    2.127279879650E-04    3.687871852660E-04    8.154008781618E-04    0.000000000000E+00    9.237983991923E-04   -4.803921974913E-04
    9.980130140086E-04   -1.886551788301E-05    5.850512925049E-05    1.046484994062E-04   -1.649657094775E-04   -2.562029901942E-04   -4.275676700024E-04   -9.237983991923E-04    0.000000000000E+00    1.020874046330E-03
   -1.067567738218E-03    1.639606006066E-05   -5.042513160177E-05   -8.855248385243E-05    1.350714000061E-04    1.979343503657E-04    2.951756140389E-04    4.803921974913E-04   -1.020874046330E-03    0.000000000000E+00
   111.17658689671978     
    0.000000000000E+00    8.010537921851E-05   -2.383647139527E-04   -3.908963890914E-04    5.342880882244E-04    6.656842297092E-04    7.829144983683E-04    8.845501050712E-04   -9.698915123327E-04    1.038900423238E-03
   -8.010537921851E-05    0.000000000000E+00    1.091978413537E-04    6.035705262859E-05   -4.193822510992E-05   -3.204830640540E-05   -2.582404025749E-05   -2.152942010005E-05    1.838340700630E-05   -1.598069575456E-05
    2.383647139527E-04   -1.091978413537E-04    0.000000000000E+00   -2.708863955220E-04    1.505685904515E-04    1.065303099221E-04    8.276724178937E-05    6.761559506470E-05   -5.701569416880E-05    4.915289956496E-05
    3.908963890914E-04   -6.035705262859E-05    2.708863955220E-04    0.000000000000E+00    4.160245836366E-04    2.270329655575E-04    1.600286698411E-04    1.244817078905E-04   -1.020040338104E-04    8.633604884501E-05
   -5.342880882244E-04    4.193822510992E-05   -1.505685904515E-04   -4.160245836366E-04    0.000000000000E+00   -5.518177985518E-04   -2.962702971071E-04   -2.073491131894E-04    1.608413341660E-04   -1.317293893372E-04
   -6.656842297092E-04    3.204830640540E-05   -1.065303099221E-04   -2.270329655575E-04    5.518177985518E-04    0.000000000000E+00   -6.784706974964E-04   -3.595766313603E-04    2.498830061575E-04   -1.931078613937E-04
   -7.829144983683E-04    2.582404025749E-05   -8.276724178937E-05   -1.600286698411E-04    2.962702971071E-04    6.784706974964E-04    0.000000000000E+00   -7.953219305449E-04    4.171828410937E-04   -2.880991518074E-04
   -8.845501050712E-04    2.152942010005E-05   -6.761559506470E-05   -1.244817078905E-04    2.073491131894E-04    3.595766313603E-04    7.953219305449E-04    0.000000000000E+00    9.017352877946E-04   -4.690876026536E-04
    9.698915123327E-04   -1.838340700630E-05    5.701569416880E-05    1.020040338104E-04   -1.608413341660E-04   -2.498830061575E-04   -4.171828410937E-04   -9.017352877946E-04    0.000000000000E+00    9.973111571479E-04
   -1.038900423238E-03    1.598069575456E-05   -4.915289956496E-05   -8.633604884501E-05    1.317293893372E-04    1.931078613937E-04    2.880991518074E-04    4.690876026536E-04   -9.973111571479E-04    0.000000000000E+00
   112.68404882199945     
    0.000000000000E+00    7.742990195579E-05   -2.304542474268E-04   -3.780881219475E-04    5.171100410379E-04    6.448099406227E-04    7.591094422702E-04    8.586169324446E-04   -9.426202716841E-04    1.011028104556E-03
   -7.742990195579E-05    0.000000000000E+00    1.062830671694E-04    5.875385573822E-05   -4.083197796304E-05   -3.121010255025E-05   -2.515501997577E-05   -2.097713852273E-05    1.791633149837E-05   -1.557819726615E-05
    2.304542474268E-04   -1.062830671694E-04    0.000000000000E+00   -2.637103525489E-04    1.466080116246E-04    1.037523509932E-04    8.062981045394E-05    6.588700638642E-05   -5.557237866995E-05    4.791977016663E-05
    3.780881219475E-04   -5.875385573822E-05    2.637103525489E-04    0.000000000000E+00    4.051407130366E-04    2.211467808803E-04    1.559214782221E-04    1.213204551325E-04   -9.944031648811E-05    8.418670658364E-05
   -5.171100410379E-04    4.083197796304E-05   -1.466080116246E-04   -4.051407130366E-04    0.000000000000E+00   -5.376283417970E-04   -2.887333964793E-04   -2.021334954987E-04    1.568403841139E-04   -1.284863259870E-04
   -6.448099406227E-04    3.121010255025E-05   -1.037523509932E-04   -2.211467808803E-04    5.376283417970E-04    0.000000000000E+00   -6.613999659922E-04   -3.506394329556E-04    2.437474275549E-04   -1.884203001670E-04
   -7.591094422702E-04    2.515501997577E-05   -8.062981045394E-05   -1.559214782221E-04    2.887333964793E-04    6.613999659922E-04    0.000000000000E+00   -7.758240128056E-04    4.070923468424E-04   -2.812197860828E-04
   -8.586169324446E-04    2.097713852273E-05   -6.588700638642E-05   -1.213204551325E-04    2.021334954987E-04    3.506394329556E-04    7.758240128056E-04    0.000000000000E+00    8.802784155489E-04   -4.580867508693E-04
    9.426202716841E-04   -1.791633149837E-05    5.557237866995E-05    9.944031648811E-05   -1.568403841139E-04   -2.437474275549E-04   -4.070923468424E-04   -8.802784155489E-04    0.000000000000E+00    9.743584647688E-04
   -1.011028104556E-03    1.557819726615E-05   -4.791977016663E-05   -8.418670658364E-05    1.284863259870E-04    1.884203001670E-04    2.812197860828E-04    4.580867508693E-04   -9.743584647688E-04    0.000000000000E+00
   114.20166200603522     
    0.000000000000E+00    7.486106775570E-05   -2.228561009806E-04   -3.657759929017E-04    5.005785484520E-04    6.246915908820E-04    7.361254471293E-04    8.335266182750E-04   -9.161746898470E-04    9.839318727997E-04
   -7.486106775570E-05    0.000000000000E+00    1.034648506868E-04    5.720336381769E-05   -3.976171697131E-05   -3.039882865936E-05   -2.450721556875E-05   -2.044215690503E-05    1.746373802996E-05   -1.518809009590E-05
    2.228561009806E-04   -1.034648506868E-04    0.000000000000E+00   -2.567691966959E-04    1.427756664540E-04    1.010631848562E-04    7.855977719538E-05    6.421222630989E-05   -5.417350702973E-05    4.672432094634E-05
    3.657759929017E-04   -5.720336381769E-05    2.567691966959E-04    0.000000000000E+00    3.946060702317E-04    2.154468809886E-04    1.519423788681E-04    1.182564136375E-04   -9.695448685120E-05    8.210208242853E-05
   -5.005785484520E-04    3.976171697131E-05   -1.427756664540E-04   -3.946060702317E-04    0.000000000000E+00   -5.238817231185E-04   -2.814279120248E-04   -1.970754860055E-04    1.529586466251E-04   -1.253388483757E-04
   -6.246915908820E-04    3.039882865936E-05   -1.010631848562E-04   -2.154468809886E-04    5.238817231185E-04    0.000000000000E+00   -6.448434466517E-04   -3.419665119187E-04    2.377902545931E-04   -1.838671945922E-04
   -7.361254471293E-04    2.450721556875E-05   -7.855977719538E-05   -1.519423788681E-04    2.814279120248E-04    6.448434466517E-04    0.000000000000E+00   -7.568887048514E-04    3.972871348563E-04   -2.745315750986E-04
   -8.335266182750E-04    2.044215690503E-05   -6.421222630989E-05   -1.182564136375E-04    1.970754860055E-04    3.419665119187E-04    7.568887048514E-04    0.000000000000E+00    8.594102399920E-04   -4.473811436237E-04
    9.161746898470E-04   -1.746373802996E-05    5.417350702973E-05    9.695448685120E-05   -1.529586466251E-04   -2.377902545931E-04   -3.972871348563E-04   -8.594102399920E-04    0.000000000000E+00    9.520001917073E-04
   -9.839318727997E-04    1.518809009590E-05   -4.672432094634E-05   -8.210208242853E-05    1.253388483757E-04    1.838671945922E-04    2.745315750986E-04    4.473811436237E-04   -9.520001917073E-04    0.000000000000E+00
   115.72942644882704     
    0.000000000000E+00    7.239394493345E-05   -2.155560252487E-04   -3.539379788147E-04    4.846660998389E-04    6.052988551124E-04    7.139320564344E-04    8.092509477775E-04   -8.905306366172E-04    9.575928944651E-04
   -7.239394493345E-05    0.000000000000E+00    1.007393829870E-04    5.570352076851E-05   -3.872605895263E-05   -2.961346655996E-05   -2.387983725460E-05   -1.992383881533E-05    1.702509695398E-05   -1.480992046944E-05
    2.155560252487E-04   -1.007393829870E-04    0.000000000000E+00   -2.500538261547E-04    1.390666631297E-04    9.845948315091E-05    7.655465758132E-05    6.258929720717E-05   -5.281747372079E-05    4.556519022872E-05
    3.539379788147E-04   -5.570352076851E-05    2.500538261547E-04    0.000000000000E+00    3.844075233136E-04    2.099263976021E-04    1.480867392696E-04    1.152861229970E-04   -9.454379899772E-05    8.007989872261E-05
   -4.846660998389E-04    3.872605895263E-05   -1.390666631297E-04   -3.844075233136E-04    0.000000000000E+00   -5.105619881330E-04   -2.743456983270E-04   -1.921696483633E-04    1.491920667759E-04   -1.222837226961E-04
   -6.052988551124E-04    2.961346655996E-05   -9.845948315091E-05   -2.099263976021E-04    5.105619881330E-04    0.000000000000E+00   -6.287836295831E-04   -3.335491055001E-04    2.320056918934E-04   -1.794442258198E-04
   -7.139320564344E-04    2.387983725460E-05   -7.655465758132E-05   -1.480867392696E-04    2.743456983270E-04    6.287836295831E-04    0.000000000000E+00   -7.384981680949E-04    3.877584255471E-04   -2.680287535443E-04
   -8.092509477775E-04    1.992383881533E-05   -6.258929720717E-05   -1.152861229970E-04    1.921696483633E-04    3.335491055001E-04    7.384981680949E-04    0.000000000000E+00    8.391136743006E-04   -4.369624906234E-04
    8.905306366172E-04   -1.702509695398E-05    5.281747372079E-05    9.454379899772E-05   -1.491920667759E-04   -2.320056918934E-04   -3.877584255471E-04   -8.391136743006E-04    0.000000000000E+00    9.302208613666E-04
   -9.575928944651E-04    1.480992046944E-05   -4.556519022872E-05   -8.007989872261E-05    1.222837226961E-04    1.794442258198E-04    2.680287535443E-04    4.369624906234E-04   -9.302208613666E-04    0.000000000000E+00
   117.26734215037499     
    0.000000000000E+00    7.002386109217E-05   -2.085405063136E-04   -3.425531503979E-04    4.693464692437E-04    5.866026999396E-04    6.924999465933E-04    7.857625551158E-04   -8.656644753907E-04    9.319924562042E-04
   -7.002386109217E-05    0.000000000000E+00    9.810302927634E-05    5.425236306400E-05   -3.772368179731E-05   -2.885304216111E-05   -2.327212894572E-05   -1.942157483839E-05    1.659990127349E-05   -1.444325438624E-05
    2.085405063136E-04   -9.810302927634E-05    0.000000000000E+00   -2.435555448155E-04    1.354763232997E-04    9.593805960817E-05    7.461207143276E-05    6.101634299933E-05   -5.150274048575E-05    4.444107444400E-05
    3.425531503979E-04   -5.425236306400E-05    2.435555448155E-04    0.000000000000E+00    3.745325006699E-04    2.045787477817E-04    1.443501150652E-04    1.124062615968E-04   -9.220561737679E-05    7.811797088640E-05
   -4.693464692437E-04    3.772368179731E-05   -1.354763232997E-04   -3.745325006699E-04    0.000000000000E+00   -4.976538203909E-04   -2.674789254548E-04   -1.874107522221E-04    1.455367424322E-04   -1.193178385647E-04
   -5.866026999396E-04    2.885304216111E-05   -9.593805960817E-05   -2.045787477817E-04    4.976538203909E-04    0.000000000000E+00   -6.132036440144E-04   -3.253787590430E-04    2.263881438757E-04   -1.751472244780E-04
   -6.924999465933E-04    2.327212894572E-05   -7.461207143276E-05   -1.443501150652E-04    2.674789254548E-04    6.132036440144E-04    0.000000000000E+00   -7.206351375414E-04    3.784977093566E-04   -2.617057307180E-04
   -7.857625551158E-04    1.942157483839E-05   -6.101634299933E-05   -1.124062615968E-04    1.874107522221E-04    3.253787590430E-04    7.206351375414E-04    0.000000000000E+00    8.193720900730E-04   -4.268227120687E-04
    8.656644753907E-04   -1.659990127349E-05    5.150274048575E-05    9.220561737679E-05   -1.455367424322E-04   -2.263881438757E-04   -3.784977093566E-04   -8.193720900730E-04    0.000000000000E+00    9.090053112722E-04
   -9.319924562042E-04    1.444325438624E-05   -4.444107444400E-05   -7.811797088640E-05    1.193178385647E-04    1.751472244780E-04    2.617057307180E-04    4.268227120687E-04   -9.090053112722E-04    0.000000000000E+00
   118.81540911067903     
    0.000000000000E+00    6.774638787629E-05   -2.017967235127E-04   -3.316016126972E-04    4.545946515717E-04    5.685753289457E-04    6.718008908174E-04    7.630349117356E-04   -8.415530765410E-04    9.071119998142E-04
   -6.774638787629E-05    0.000000000000E+00    9.555231985770E-05    5.284801504448E-05   -3.675332143767E-05   -2.811662331000E-05   -2.268336662176E-05   -1.893478125470E-05    1.618766549988E-05   -1.408767658244E-05
    2.017967235127E-04   -9.555231985770E-05    0.000000000000E+00   -2.372660419456E-04    1.320001716684E-04    9.349586329438E-05    7.272973792361E-05    5.949156528648E-05   -5.022783304574E-05    4.335072516339E-05
    3.316016126972E-04   -5.284801504448E-05    2.372660419456E-04    0.000000000000E+00    3.649689646208E-04    1.993976209585E-04    1.407282416735E-04    1.096136404323E-04   -8.993741172672E-05    7.621420294611E-05
   -4.545946515717E-04    3.675332143767E-05   -1.320001716684E-04   -3.649689646208E-04    0.000000000000E+00   -4.851425142163E-04   -2.608200660877E-04   -1.827937649488E-04    1.419889179723E-04   -1.164382036821E-04
   -5.685753289457E-04    2.811662331000E-05   -9.349586329438E-05   -1.993976209585E-04    4.851425142163E-04    0.000000000000E+00   -5.980872350962E-04   -3.174473153880E-04    2.209322079020E-04   -1.709721652579E-04
   -6.718008908174E-04    2.268336662176E-05   -7.272973792361E-05   -1.407282416735E-04    2.608200660877E-04    5.980872350962E-04    0.000000000000E+00   -7.032829060491E-04    3.694967399132E-04   -2.555570859692E-04
   -7.630349117356E-04    1.893478125470E-05   -5.949156528648E-05   -1.096136404323E-04    1.827937649488E-04    3.174473153880E-04    7.032829060491E-04    0.000000000000E+00    8.001693108441E-04   -4.169539362101E-04
    8.415530765410E-04   -1.618766549988E-05    5.022783304574E-05    8.993741172672E-05   -1.419889179723E-04   -2.209322079020E-04   -3.694967399132E-04   -8.001693108441E-04    0.000000000000E+00    8.883386959282E-04
   -9.071119998142E-04    1.408767658244E-05   -4.335072516339E-05   -7.621420294611E-05    1.164382036821E-04    1.709721652579E-04    2.555570859692E-04    4.169539362101E-04   -8.883386959282E-04    0.000000000000E+00
   120.37362732973916     
    0.000000000000E+00    6.555732634575E-05   -1.953125088053E-04   -3.210644472757E-04    4.403867996042E-04    5.511901267124E-04    6.518077198728E-04    7.410423093503E-04   -8.181738236590E-04    8.829331489694E-04
   -6.555732634575E-05    0.000000000000E+00    9.308394071568E-05    5.148868397774E-05   -3.581376863866E-05   -2.740331750248E-05   -2.211285658328E-05   -1.846289862355E-05    1.578792443574E-05   -1.374278943631E-05
    1.953125088053E-04   -9.308394071568E-05    0.000000000000E+00   -2.311773707549E-04    1.286339249152E-04    9.112997134116E-05    7.090547027153E-05    5.801323915269E-05   -4.899133755492E-05    4.229294593922E-05
    3.210644472757E-04   -5.148868397774E-05    2.311773707549E-04    0.000000000000E+00    3.557053829869E-04    1.943769647516E-04    1.372170250438E-04    1.069051962456E-04   -8.773675148918E-05    7.436658265824E-05
   -4.403867996042E-04    3.581376863866E-05   -1.286339249152E-04   -3.557053829869E-04    0.000000000000E+00   -4.730139442644E-04   -2.543618808006E-04   -1.783138420574E-04    1.385449770470E-04   -1.136419377584E-04
   -5.511901267124E-04    2.740331750248E-05   -9.112997134116E-05   -1.943769647516E-04    4.730139442644E-04    0.000000000000E+00   -5.834187360367E-04   -3.097469017600E-04    2.156326657030E-04   -1.669151602420E-04
   -6.518077198728E-04    2.211285658328E-05   -7.090547027153E-05   -1.372170250438E-04    2.543618808006E-04    5.834187360367E-04    0.000000000000E+00   -6.864253025148E-04    3.607475240105E-04   -2.495775620205E-04
   -7.410423093503E-04    1.846289862355E-05   -5.801323915269E-05   -1.069051962456E-04    1.783138420574E-04    3.097469017600E-04    6.864253025148E-04    0.000000000000E+00    7.814895982562E-04   -4.073484931542E-04
    8.181738236590E-04   -1.578792443574E-05    4.899133755492E-05    8.773675148918E-05   -1.385449770470E-04   -2.156326657030E-04   -3.607475240105E-04   -7.814895982562E-04    0.000000000000E+00    8.682064813314E-04
   -8.829331489694E-04    1.374278943631E-05   -4.229294593922E-05   -7.436658265824E-05    1.136419377584E-04    1.669151602420E-04    2.495775620205E-04    4.073484931542E-04   -8.682064813314E-04    0.000000000000E+00
   121.94199680755538     
    0.000000000000E+00    6.345269404425E-05   -1.890763109047E-04   -3.109236613953E-04    4.267001691533E-04    5.344216111034E-04    6.324942904440E-04    7.197598496058E-04   -7.955046256156E-04    8.594377412486E-04
   -6.345269404425E-05    0.000000000000E+00    9.069472652307E-05    5.017265643202E-05   -3.490386667903E-05   -2.671227025862E-05   -2.155993423158E-05   -1.800539080044E-05    1.540023232732E-05   -1.340821219474E-05
    1.890763109047E-04   -9.069472652307E-05    0.000000000000E+00   -2.252819327761E-04    1.253734837645E-04    8.883758385104E-05    6.913717208672E-05    5.657971030962E-05   -4.779189817873E-05    4.126659011331E-05
    3.109236613953E-04   -5.017265643202E-05    2.252819327761E-04    0.000000000000E+00    3.467307091519E-04    1.895109752938E-04    1.338125355133E-04    1.042779870457E-04   -8.560130216322E-05    7.257317827338E-05
   -4.267001691533E-04    3.490386667903E-05   -1.253734837645E-04   -3.467307091519E-04    0.000000000000E+00   -4.612545456538E-04   -2.480974088737E-04   -1.739663214342E-04    1.352014382542E-04   -1.109262688188E-04
   -5.344216111034E-04    2.671227025862E-05   -8.883758385104E-05   -1.895109752938E-04    4.612545456538E-04    0.000000000000E+00   -5.691830523463E-04   -3.022699229168E-04    2.104844790951E-04   -1.629724555252E-04
   -6.324942904440E-04    2.155993423158E-05   -6.913717208672E-05   -1.338125355133E-04    2.480974088737E-04    5.691830523463E-04    0.000000000000E+00   -6.700466832677E-04    3.522423183729E-04   -2.437620629275E-04
   -7.197598496058E-04    1.800539080044E-05   -5.657971030962E-05   -1.042779870457E-04    1.739663214342E-04    3.022699229168E-04    6.700466832677E-04    0.000000000000E+00    7.633176522302E-04   -3.979989158333E-04
    7.955046256156E-04   -1.540023232732E-05    4.779189817873E-05    8.560130216322E-05   -1.352014382542E-04   -2.104844790951E-04   -3.522423183729E-04   -7.633176522302E-04    0.000000000000E+00    8.485944540904E-04
   -8.594377412486E-04    1.340821219474E-05   -4.126659011331E-05   -7.257317827338E-05    1.109262688188E-04    1.629724555252E-04    2.437620629275E-04    3.979989158333E-04   -8.485944540904E-04    0.000000000000E+00
   123.52051754412766     
    0.000000000000E+00    6.142871258783E-05   -1.830771607262E-04   -3.011621386544E-04    4.135130649767E-04    5.182453848740E-04    6.138354509552E-04    6.991634292932E-04   -7.735239225773E-04    8.366078530659E-04
   -6.142871258783E-05    0.000000000000E+00    8.838165328149E-05    4.889829442955E-05   -3.402250886692E-05   -2.604266336435E-05   -2.102396273903E-05   -1.756174386597E-05    1.502416194719E-05   -1.308358014630E-05
    1.830771607262E-04   -8.838165328149E-05    0.000000000000E+00   -2.195724612095E-04    1.222149244312E-04    8.661601833366E-05    6.742283334800E-05    5.518939194298E-05   -4.662821443880E-05    4.027055844548E-05
    3.011621386544E-04   -4.889829442955E-05    2.195724612095E-04    0.000000000000E+00    3.380343602456E-04    1.847940864643E-04    1.305110008704E-04    1.017291870178E-04   -8.352882118544E-05    7.083213493426E-05
   -4.135130649767E-04    3.402250886692E-05   -1.222149244312E-04   -3.380343602456E-04    0.000000000000E+00   -4.498512911669E-04   -2.420199574619E-04   -1.697467164120E-04    1.319549499543E-04   -1.082885288529E-04
   -5.182453848740E-04    2.604266336435E-05   -8.661601833366E-05   -1.847940864643E-04    4.498512911669E-04    0.000000000000E+00   -5.553656419570E-04   -2.950090520733E-04    2.054827841805E-04   -1.591404267251E-04
   -6.138354509552E-04    2.102396273903E-05   -6.742283334800E-05   -1.305110008704E-04    2.420199574619E-04    5.553656419570E-04    0.000000000000E+00   -6.541319181227E-04    3.439736236269E-04   -2.381056501732E-04
   -6.991634292932E-04    1.756174386597E-05   -5.518939194298E-05   -1.017291870178E-04    1.697467164120E-04    2.950090520733E-04    6.541319181227E-04    0.000000000000E+00    7.456386046979E-04   -3.888979376870E-04
    7.735239225773E-04   -1.502416194719E-05    4.662821443880E-05    8.352882118544E-05   -1.319549499543E-04   -2.054827841805E-04   -3.439736236269E-04   -7.456386046979E-04    0.000000000000E+00    8.294887232332E-04
   -8.366078530659E-04    1.308358014630E-05   -4.027055844548E-05   -7.083213493426E-05    1.082885288529E-04    1.591404267251E-04    2.381056501732E-04    3.888979376870E-04   -8.294887232332E-04    0.000000000000E+00
   125.10918953945605     
    0.000000000000E+00    5.948179553358E-05   -1.773046374552E-04   -2.917635900044E-04    4.008047860933E-04    5.026380850392E-04    5.958070031242E-04    6.792297192429E-04   -7.522106839619E-04    8.144258153282E-04
   -5.948179553358E-05    0.000000000000E+00    8.614183004715E-05    4.766403107886E-05   -3.316863568186E-05   -2.539371282107E-05   -2.050433148251E-05   -1.713146486005E-05    1.465930351669E-05   -1.276854366213E-05
    1.773046374552E-04   -8.614183004715E-05    0.000000000000E+00   -2.140420018824E-04    1.191544886952E-04    8.446270314822E-05    6.576052560033E-05    5.384076093050E-05   -4.549903804501E-05    3.930379632147E-05
    2.917635900044E-04   -4.766403107886E-05    2.140420018824E-04    0.000000000000E+00    3.296061914023E-04    1.802209569165E-04    1.273087978437E-04    9.925608021675E-05   -8.151715284085E-05    6.914167028905E-05
   -4.008047860933E-04    3.316863568186E-05   -1.191544886952E-04   -3.296061914023E-04    0.000000000000E+00   -4.387916628490E-04   -2.361230877008E-04   -1.656507067001E-04    1.288022834542E-04   -1.057261481776E-04
   -5.026380850392E-04    2.539371282107E-05   -8.446270314822E-05   -1.802209569165E-04    4.387916628490E-04    0.000000000000E+00   -5.419524879872E-04   -2.879572178966E-04    2.006228828488E-04   -1.554155724646E-04
   -5.958070031242E-04    2.050433148251E-05   -6.576052560033E-05   -1.273087978437E-04    2.361230877008E-04    5.419524879872E-04    0.000000000000E+00   -6.386663673636E-04    3.359341735275E-04   -2.326035355534E-04
   -6.792297192429E-04    1.713146486005E-05   -5.384076093050E-05   -9.925608021675E-05    1.656507067001E-04    2.879572178966E-04    6.386663673636E-04    0.000000000000E+00    7.284380027124E-04   -3.800384848817E-04
    7.522106839619E-04   -1.465930351669E-05    4.549903804501E-05    8.151715284085E-05   -1.288022834542E-04   -2.006228828488E-04   -3.359341735275E-04   -7.284380027124E-04    0.000000000000E+00    8.108757101142E-04
   -8.144258153282E-04    1.276854366213E-05   -3.930379632147E-05   -6.914167028905E-05    1.057261481776E-04    1.554155724646E-04    2.326035355534E-04    3.800384848817E-04   -8.108757101142E-04    0.000000000000E+00
   126.70801279354056     
    0.000000000000E+00    5.760853774684E-05   -1.717488388712E-04   -2.827125111394E-04    3.885555787233E-04    4.875773402726E-04    5.783856713062E-04    6.599361504262E-04   -7.315444129747E-04    7.928742352248E-04
   -5.760853774684E-05    0.000000000000E+00    8.397249301670E-05    4.646836749159E-05   -3.234123279187E-05   -2.476466745089E-05   -2.000045499657E-05   -1.671408094483E-05    1.430526399210E-05   -1.246276755221E-05
    1.717488388712E-04   -8.397249301670E-05    0.000000000000E+00   -2.086838999161E-04    1.161885770844E-04    8.237517309989E-05    6.414839879665E-05    5.253235538698E-05   -4.440317083906E-05    3.836529191597E-05
    2.827125111394E-04   -4.646836749159E-05    2.086838999161E-04    0.000000000000E+00    3.214364784439E-04    1.757864616010E-04    1.242024466977E-04    9.685605664245E-05   -7.956422510914E-05    6.750007173593E-05
   -3.885555787233E-04    3.234123279187E-05   -1.161885770844E-04   -3.214364784439E-04    0.000000000000E+00   -4.280636342308E-04   -2.304006063852E-04   -1.616741331480E-04    1.257403291329E-04   -1.032366521950E-04
   -4.875773402726E-04    2.476466745089E-05   -8.237517309989E-05   -1.757864616010E-04    4.280636342308E-04    0.000000000000E+00   -5.289300838418E-04   -2.811075979000E-04    1.959002386612E-04   -1.517945112161E-04
   -5.783856713062E-04    2.000045499657E-05   -6.414839879665E-05   -1.242024466977E-04    2.304006063852E-04    5.289300838418E-04    0.000000000000E+00   -6.236358723601E-04    3.281169312023E-04   -2.272510788526E-04
   -6.599361504262E-04    1.671408094483E-05   -5.253235538698E-05   -9.685605664245E-05    1.616741331480E-04    2.811075979000E-04    6.236358723601E-04    0.000000000000E+00    7.117018061728E-04   -3.714136760146E-04
    7.315444129747E-04   -1.430526399210E-05    4.440317083906E-05    7.956422510914E-05   -1.257403291329E-04   -1.959002386612E-04   -3.281169312023E-04   -7.117018061728E-04    0.000000000000E+00    7.927421536935E-04
   -7.928742352248E-04    1.246276755221E-05   -3.836529191597E-05   -6.750007173593E-05    1.032366521950E-04    1.517945112161E-04    2.272510788526E-04    3.714136760146E-04   -7.927421536935E-04    0.000000000000E+00
   128.31698730638115     
    0.000000000000E+00    5.580570524860E-05   -1.664003529293E-04   -2.739941414201E-04    3.767465903934E-04    4.730417284911E-04    5.615490706453E-04    6.412608973732E-04   -7.115051471373E-04    7.719360130518E-04
   -5.580570524860E-05    0.000000000000E+00    8.187099945956E-05    4.530986960047E-05   -3.153932899128E-05   -2.415480743469E-05   -1.951177186996E-05   -1.630913852108E-05    1.396166631482E-05   -1.216593039507E-05
    1.664003529293E-04   -8.187099945956E-05    0.000000000000E+00   -2.034917859123E-04    1.133137417505E-04    8.035106479455E-05    6.258467794228E-05    5.126277204995E-05   -4.333946261385E-05    3.745407426296E-05
    2.739941414201E-04   -4.530986960047E-05    2.034917859123E-04    0.000000000000E+00    3.135158995950E-04    1.714856827006E-04    1.211886053884E-04    9.452660797279E-05   -7.766804624550E-05    6.590569346632E-05
   -3.767465903934E-04    3.153932899128E-05   -1.133137417505E-04   -3.135158995950E-04    0.000000000000E+00   -4.176556509091E-04   -2.248465567044E-04   -1.578129918357E-04    1.227660920616E-04   -1.008176577670E-04
   -4.730417284911E-04    2.415480743469E-05   -8.035106479455E-05   -1.714856827006E-04    4.176556509091E-04    0.000000000000E+00   -5.162854158549E-04   -2.744536104865E-04    1.913104718066E-04   -1.482739774620E-04
   -5.615490706453E-04    1.951177186996E-05   -6.258467794228E-05   -1.211886053884E-04    2.248465567044E-04    5.162854158549E-04    0.000000000000E+00   -6.090267428531E-04    3.205150836316E-04   -2.220437843360E-04
   -6.412608973732E-04    1.630913852108E-05   -5.126277204995E-05   -9.452660797279E-05    1.578129918357E-04    2.744536104865E-04    6.090267428531E-04    0.000000000000E+00    6.954163813881E-04   -3.630168196724E-04
    7.115051471373E-04   -1.396166631482E-05    4.333946261385E-05    7.766804624550E-05   -1.227660920616E-04   -1.913104718066E-04   -3.205150836316E-04   -6.954163813881E-04    0.000000000000E+00    7.750751109594E-04
   -7.719360130518E-04    1.216593039507E-05   -3.745407426296E-05   -6.590569346632E-05    1.008176577670E-04    1.482739774620E-04    2.220437843360E-04    3.630168196724E-04   -7.750751109594E-04    0.000000000000E+00
   129.93611307797784     
    0.000000000000E+00    5.407022536959E-05   -1.612502300919E-04   -2.655944235497E-04    3.653598242137E-04    4.590107334910E-04    5.452756727965E-04    6.231828575858E-04   -6.920734533986E-04    7.515943525612E-04
   -5.407022536959E-05    0.000000000000E+00    7.983482112315E-05    4.418716467399E-05   -3.076199391816E-05   -2.356344267566E-05   -1.903774349917E-05   -1.591620222681E-05    1.362814856442E-05   -1.187772378806E-05
    1.612502300919E-04   -7.983482112315E-05    0.000000000000E+00   -1.984595607389E-04    1.105266785290E-04    7.838811139486E-05    6.106765926533E-05    5.003066328053E-05   -4.230680861860E-05    3.656921106979E-05
    2.655944235497E-04   -4.418716467399E-05    1.984595607389E-04    0.000000000000E+00    3.058355148372E-04    1.673138992227E-04    1.182640627518E-04    9.226532254355E-05   -7.582670075962E-05    6.435695302268E-05
   -3.653598242137E-04    3.076199391816E-05   -1.105266785290E-04   -3.058355148372E-04    0.000000000000E+00   -4.075566076730E-04   -2.194552070672E-04   -1.540634268166E-04    1.198766865951E-04   -9.846686877998E-05
   -4.590107334910E-04    2.356344267566E-05   -7.838811139486E-05   -1.673138992227E-04    4.075566076730E-04    0.000000000000E+00   -5.040059412868E-04   -2.679889044909E-04    1.868493523289E-04   -1.448508165588E-04
   -5.452756727965E-04    1.903774349917E-05   -6.106765926533E-05   -1.182640627518E-04    2.194552070672E-04    5.040059412868E-04    0.000000000000E+00   -5.948257383868E-04    3.131220330455E-04   -2.169772951513E-04
   -6.231828575858E-04    1.591620222681E-05   -5.003066328053E-05   -9.226532254355E-05    1.540634268166E-04    2.679889044909E-04    5.948257383868E-04    0.000000000000E+00    6.795684876604E-04   -3.548414083876E-04
    6.920734533986E-04   -1.362814856442E-05    4.230680861860E-05    7.582670075962E-05   -1.198766865951E-04   -1.868493523289E-04   -3.131220330455E-04   -6.795684876604E-04    0.000000000000E+00    7.578619494137E-04
   -7.515943525612E-04    1.187772378806E-05   -3.656921106979E-05   -6.435695302268E-05    9.846686877998E-05    1.448508165588E-04    2.169772951513E-04    3.548414083876E-04   -7.578619494137E-04    0.000000000000E+00
   131.56539010833058     
    0.000000000000E+00    5.239917771727E-05   -1.562899579358E-04   -2.574999665354E-04    3.543780968435E-04    4.454647050736E-04    5.295447744850E-04    6.056816329068E-04   -6.732304243259E-04    7.318327717005E-04
   -5.239917771727E-05    0.000000000000E+00    7.786153853144E-05    4.309893831084E-05   -3.000833609365E-05   -2.298991140049E-05   -1.857785302857E-05   -1.553485408920E-05    1.330436324275E-05   -1.159785171293E-05
    1.562899579358E-04   -7.786153853144E-05    0.000000000000E+00   -1.935813824335E-04    1.078242201339E-04    7.648413815000E-05    5.959570697135E-05    4.883473453407E-05   -4.130414745992E-05    3.570980687632E-05
    2.574999665354E-04   -4.309893831084E-05    1.935813824335E-04    0.000000000000E+00    2.983867482870E-04    1.632665781750E-04    1.154257327693E-04    9.006988114950E-05   -7.403834606482E-05    6.285232842865E-05
   -3.543780968435E-04    3.000833609365E-05   -1.078242201339E-04   -2.983867482870E-04    0.000000000000E+00   -3.977558292698E-04   -2.142210417987E-04   -1.504217241342E-04    1.170693319412E-04   -9.618207251420E-05
   -4.454647050736E-04    2.298991140049E-05   -7.648413815000E-05   -1.632665781750E-04    3.977558292698E-04    0.000000000000E+00   -4.920795703104E-04   -2.617073507524E-04    1.825127947395E-04   -1.415219806691E-04
   -5.295447744850E-04    1.857785302857E-05   -5.959570697135E-05   -1.154257327693E-04    2.142210417987E-04    4.920795703104E-04    0.000000000000E+00   -5.810200538783E-04    3.059313904224E-04   -2.120473891660E-04
   -6.056816329068E-04    1.553485408920E-05   -4.883473453407E-05   -9.006988114950E-05    1.504217241342E-04    2.617073507524E-04    5.810200538783E-04    0.000000000000E+00    6.641452680279E-04   -3.468811147065E-04
    6.732304243259E-04   -1.330436324275E-05    4.130414745992E-05    7.403834606482E-05   -1.170693319412E-04   -1.825127947395E-04   -3.059313904224E-04   -6.641452680279E-04    0.000000000000E+00    7.410903436883E-04
   -7.318327717005E-04    1.159785171293E-05   -3.570980687632E-05   -6.285232842865E-05    9.618207251420E-05    1.415219806691E-04    2.120473891660E-04    3.468811147065E-04   -7.410903436883E-04    0.000000000000E+00
   133.20481839743945     
    0.000000000000E+00    5.078978609310E-05   -1.515114384521E-04   -2.496980126630E-04    3.437850012141E-04    4.323848240887E-04    5.143364706818E-04    5.887375149386E-04   -6.549576777281E-04    7.126351162890E-04
   -5.078978609310E-05    0.000000000000E+00    7.594883663679E-05    4.204393216981E-05   -2.927750146131E-05   -2.243357913451E-05   -1.813160458657E-05   -1.516469292075E-05    1.298997676610E-05   -1.132603008270E-05
    1.515114384521E-04   -7.594883663679E-05    0.000000000000E+00   -1.888516563714E-04    1.052033311262E-04    7.463705915170E-05    5.816725093240E-05    4.767374258525E-05   -4.033045963646E-05    3.487500176167E-05
    2.496980126630E-04   -4.204393216981E-05    1.888516563714E-04    0.000000000000E+00    2.911613753689E-04    1.593393682916E-04    1.126706505925E-04    8.793805419442E-05   -7.230121022586E-05    6.139035625003E-05
   -3.437850012141E-04    2.927750146131E-05   -1.052033311262E-04   -2.911613753689E-04    0.000000000000E+00   -3.882430571778E-04   -2.091387549802E-04   -1.468843079985E-04    1.143413493891E-04   -9.396113737099E-05
   -4.323848240887E-04    2.243357913451E-05   -7.463705915170E-05   -1.593393682916E-04    3.882430571778E-04    0.000000000000E+00   -4.804946549239E-04   -2.556030372721E-04    1.782968550854E-04   -1.382845265841E-04
   -5.143364706818E-04    1.813160458657E-05   -5.816725093240E-05   -1.126706505925E-04    2.091387549802E-04    4.804946549239E-04    0.000000000000E+00   -5.675973127764E-04    2.989369728885E-04   -2.072499774745E-04
   -5.887375149386E-04    1.516469292075E-05   -4.767374258525E-05   -8.793805419442E-05    1.468843079985E-04    2.556030372721E-04    5.675973127764E-04    0.000000000000E+00    6.491342480744E-04   -3.391297913905E-04
    6.549576777281E-04   -1.298997676610E-05    4.033045963646E-05    7.230121022586E-05   -1.143413493891E-04   -1.782968550854E-04   -2.989369728885E-04   -6.491342480744E-04    0.000000000000E+00    7.247482805891E-04
   -7.126351162890E-04    1.132603008270E-05   -3.487500176167E-05   -6.139035625003E-05    9.396113737099E-05    1.382845265841E-04    2.072499774745E-04    3.391297913905E-04   -7.247482805891E-04    0.000000000000E+00
   134.85439794530441     
    0.000000000000E+00    4.923941016594E-05   -1.469069645059E-04   -2.421764027383E-04    3.335648662440E-04    4.197530628468E-04    4.996316213163E-04    5.723314621623E-04   -6.372373463370E-04    6.939855624612E-04
   -4.923941016594E-05    0.000000000000E+00    7.409449876482E-05    4.102094074841E-05   -2.856867125992E-05   -2.189383716451E-05   -1.769852210898E-05   -1.480533337403E-05    1.268466867045E-05   -1.106198604532E-05
    1.469069645059E-04   -7.409449876482E-05    0.000000000000E+00   -1.842650211416E-04    1.026611004745E-04    7.284487237588E-05    5.678078304341E-05    4.654649267191E-05   -3.938476517600E-05    3.406396929532E-05
    2.421764027383E-04   -4.102094074841E-05    1.842650211416E-04    0.000000000000E+00    2.841515032663E-04    1.555280900610E-04    1.099959659556E-04    8.586769681916E-05   -7.061358807256E-05    5.996962830290E-05
   -3.335648662440E-04    2.856867125992E-05   -1.026611004745E-04   -2.841515032663E-04    0.000000000000E+00   -3.790084272668E-04   -2.042032393728E-04   -1.434477335295E-04    1.116901569057E-04   -9.180200848524E-05
   -4.197530628468E-04    2.189383716451E-05   -7.284487237588E-05   -1.555280900610E-04    3.790084272668E-04    0.000000000000E+00   -4.692399664233E-04   -2.496702583038E-04    1.741977238334E-04   -1.351356103645E-04
   -4.996316213163E-04    1.769852210898E-05   -5.678078304341E-05   -1.099959659556E-04    2.042032393728E-04    4.692399664233E-04    0.000000000000E+00   -5.545455465958E-04    2.921327939988E-04   -2.025810980498E-04
   -5.723314621623E-04    1.480533337403E-05   -4.654649267191E-05   -8.586769681916E-05    1.434477335295E-04    2.496702583038E-04    5.545455465958E-04    0.000000000000E+00    6.345233191542E-04   -3.315814635773E-04
    6.372373463370E-04   -1.268466867045E-05    3.938476517600E-05    7.061358807256E-05   -1.116901569057E-04   -1.741977238334E-04   -2.921327939988E-04   -6.345233191542E-04    0.000000000000E+00    7.088240468930E-04
   -6.939855624612E-04    1.106198604532E-05   -3.406396929532E-05   -5.996962830290E-05    9.180200848524E-05    1.351356103645E-04    2.025810980498E-04    3.315814635773E-04   -7.088240468930E-04    0.000000000000E+00
   136.51412875192548     
    0.000000000000E+00    4.774553809246E-05   -1.424691990012E-04   -2.349235454286E-04    3.237027215419E-04    4.075521508814E-04    4.854118232599E-04    5.564450819642E-04   -6.200520719284E-04    6.758686231310E-04
   -4.774553809246E-05    0.000000000000E+00    7.229640201488E-05    4.002880895435E-05   -2.788106043702E-05   -2.137010140682E-05   -1.727814848328E-05   -1.445640526053E-05    1.238813104065E-05   -1.080545748136E-05
    1.424691990012E-04   -7.229640201488E-05    0.000000000000E+00   -1.798163379489E-04    1.001947360388E-04    7.110565605713E-05    5.543485459506E-05    4.545183645791E-05   -3.846612195744E-05    3.327591507655E-05
    2.349235454286E-04   -4.002880895435E-05    1.798163379489E-04    0.000000000000E+00    2.773495565921E-04    1.518287285414E-04    1.073989385117E-04    8.385674550293E-05   -6.897383850851E-05    5.858878936838E-05
   -3.237027215419E-04    2.788106043702E-05   -1.001947360388E-04   -2.773495565921E-04    0.000000000000E+00   -3.700424540569E-04   -1.994095788021E-04   -1.401086818791E-04    1.091132655522E-04   -8.970270481936E-05
   -4.075521508814E-04    2.137010140682E-05   -7.110565605713E-05   -1.518287285414E-04    3.700424540569E-04    0.000000000000E+00   -4.583046805531E-04   -2.439035074223E-04    1.702117214758E-04   -1.320724840641E-04
   -4.854118232599E-04    1.727814848328E-05   -5.543485459506E-05   -1.073989385117E-04    1.994095788021E-04    4.583046805531E-04    0.000000000000E+00   -5.418531829385E-04    2.855130583789E-04   -1.980369123684E-04
   -5.564450819642E-04    1.445640526053E-05   -4.545183645791E-05   -8.385674550293E-05    1.401086818791E-04    2.439035074223E-04    5.418531829385E-04    0.000000000000E+00    6.203007306950E-04   -3.242303255829E-04
    6.200520719284E-04   -1.238813104065E-05    3.846612195744E-05    6.897383850851E-05   -1.091132655522E-04   -1.702117214758E-04   -2.855130583789E-04   -6.203007306950E-04    0.000000000000E+00    6.933062266571E-04
   -6.758686231310E-04    1.080545748136E-05   -3.327591507655E-05   -5.858878936838E-05    8.970270481936E-05    1.320724840641E-04    1.980369123684E-04    3.242303255829E-04   -6.933062266571E-04    0.000000000000E+00
   138.18401081730261     
    0.000000000000E+00    4.630577973270E-05   -1.381911557213E-04   -2.279283890503E-04    3.141842649053E-04    3.957655434225E-04    4.716593845917E-04    5.410606143136E-04   -6.033850004232E-04    6.582691548642E-04
   -4.630577973270E-05    0.000000000000E+00    7.055251335429E-05    3.906643005160E-05   -2.721391631496E-05   -2.086181146265E-05   -1.687004484039E-05   -1.411755299096E-05    1.210006804350E-05   -1.055619259312E-05
    1.381911557213E-04   -7.055251335429E-05    0.000000000000E+00   -1.755006816735E-04    9.780155994551E-05    6.941756567439E-05    5.412807410968E-05    4.438867036908E-05   -3.757362434739E-05    3.251007554836E-05
    2.279283890503E-04   -3.906643005160E-05    1.755006816735E-04    0.000000000000E+00    2.707482654505E-04    1.482374274324E-04    1.048769340299E-04    8.190321532250E-05   -6.738038235739E-05    5.724653536694E-05
   -3.141842649053E-04    2.721391631496E-05   -9.780155994551E-05   -2.707482654505E-04    0.000000000000E+00   -3.613360178998E-04   -1.947530420554E-04   -1.368639563851E-04    1.066082766957E-04   -8.766131691253E-05
   -3.957655434225E-04    2.086181146265E-05   -6.941756567439E-05   -1.482374274324E-04    3.613360178998E-04    0.000000000000E+00   -4.476783659205E-04   -2.382974722646E-04    1.663352952782E-04   -1.290924933383E-04
   -4.716593845917E-04    1.687004484039E-05   -5.412807410968E-05   -1.048769340299E-04    1.947530420554E-04    4.476783659205E-04    0.000000000000E+00   -5.295090369702E-04    2.790721581309E-04   -1.936137032438E-04
   -5.410606143136E-04    1.411755299096E-05   -4.438867036908E-05   -8.190321532250E-05    1.368639563851E-04    2.382974722646E-04    5.295090369702E-04    0.000000000000E+00    6.064550860487E-04   -3.170707395141E-04
    6.033850004232E-04   -1.210006804350E-05    3.757362434739E-05    6.738038235739E-05   -1.066082766957E-04   -1.663352952782E-04   -2.790721581309E-04   -6.064550860487E-04    0.000000000000E+00    6.781837021235E-04
   -6.582691548642E-04    1.055619259312E-05   -3.251007554836E-05   -5.724653536694E-05    8.766131691253E-05    1.290924933383E-04    1.936137032438E-04    3.170707395141E-04   -6.781837021235E-04    0.000000000000E+00
   139.86404414143581     
    0.000000000000E+00    4.491785958239E-05   -1.340661792360E-04   -2.211803915552E-04    3.049958268609E-04    3.843773854846E-04    4.583572928754E-04    5.261609078251E-04   -5.872197678792E-04    6.411723544120E-04
   -4.491785958239E-05    0.000000000000E+00    6.886088400703E-05    3.813274265716E-05   -2.656651659251E-05   -2.036842916287E-05   -1.647378943434E-05   -1.378843467372E-05    1.182019517215E-05   -1.031394924742E-05
    1.340661792360E-04   -6.886088400703E-05    0.000000000000E+00   -1.713133276506E-04    9.547900156675E-05    6.777882923057E-05    5.285910384878E-05    4.335593284815E-05   -3.670640093490E-05    3.176571604750E-05
    2.211803915552E-04   -3.813274265716E-05    1.713133276506E-04    0.000000000000E+00    2.643406468180E-04    1.447504794771E-04    1.024274179963E-04    8.000519519624E-05   -6.583169857298E-05    5.594161017006E-05
   -3.049958268609E-04    2.656651659251E-05   -9.547900156675E-05   -2.643406468180E-04    0.000000000000E+00   -3.528803431309E-04   -1.902290719059E-04   -1.337104753167E-04    1.041728765953E-04   -8.567600250934E-05
   -3.843773854846E-04    2.036842916287E-05   -6.777882923057E-05   -1.447504794771E-04    3.528803431309E-04    0.000000000000E+00   -4.373509611037E-04   -2.328470232656E-04    1.625650118732E-04   -1.261930718785E-04
   -4.583572928754E-04    1.647378943434E-05   -5.285910384878E-05   -1.024274179963E-04    1.902290719059E-04    4.373509611037E-04    0.000000000000E+00   -5.175022894364E-04    2.728046621879E-04   -1.893078678315E-04
   -5.261609078251E-04    1.378843467372E-05   -4.335593284815E-05   -8.000519519624E-05    1.337104753167E-04    2.328470232656E-04    5.175022894364E-04    0.000000000000E+00    5.929753229198E-04   -3.100972258987E-04
    5.872197678792E-04   -1.182019517215E-05    3.670640093490E-05    6.583169857298E-05   -1.041728765953E-04   -1.625650118732E-04   -2.728046621879E-04   -5.929753229198E-04    0.000000000000E+00    6.634456374921E-04
   -6.411723544120E-04    1.031394924742E-05   -3.176571604750E-05   -5.594161017006E-05    8.567600250934E-05    1.261930718785E-04    1.893078678315E-04    3.100972258987E-04   -6.634456374921E-04    0.000000000000E+00
   141.55422872432516     
    0.000000000000E+00    4.357961133600E-05   -1.300879295791E-04   -2.146694980880E-04    2.961243450871E-04    3.733724876018E-04    4.454891963343E-04    5.117294095453E-04   -5.715405007373E-04    6.245637698514E-04
   -4.357961133600E-05    0.000000000000E+00    6.721964748360E-05    3.722672974021E-05   -2.593816872802E-05   -1.988943815996E-05   -1.608897735877E-05   -1.346872190510E-05    1.154823907656E-05   -1.007849482386E-05
    1.300879295791E-04   -6.721964748360E-05    0.000000000000E+00   -1.672497474098E-04    9.322459544177E-05    6.618774600041E-05    5.162665899222E-05    4.235260377386E-05   -3.586361407640E-05    3.104213040255E-05
    2.146694980880E-04   -3.722672974021E-05    1.672497474098E-04    0.000000000000E+00    2.581199995051E-04    1.413643242097E-04    1.000479543458E-04    7.816084708550E-05   -6.432632366504E-05    5.467280511160E-05
   -2.961243450871E-04    2.593816872802E-05   -9.322459544177E-05   -2.581199995051E-04    0.000000000000E+00   -3.446669939303E-04   -1.858332835548E-04   -1.306452711502E-04    1.018048360087E-04   -8.374498626635E-05
   -3.733724876018E-04    1.988943815996E-05   -6.618774600041E-05   -1.413643242097E-04    3.446669939303E-04    0.000000000000E+00   -4.273127731045E-04   -2.275472135948E-04    1.588975575651E-04   -1.233717417524E-04
   -4.454891963343E-04    1.608897735877E-05   -5.162665899222E-05   -1.000479543458E-04    1.858332835548E-04    4.273127731045E-04    0.000000000000E+00   -5.058224891662E-04    2.667053183858E-04   -1.851159193351E-04
   -5.117294095453E-04    1.346872190510E-05   -4.235260377386E-05   -7.816084708550E-05    1.306452711502E-04    2.275472135948E-04    5.058224891662E-04    0.000000000000E+00    5.798507209500E-04   -3.033044683040E-04
    5.715405007373E-04   -1.154823907656E-05    3.586361407640E-05    6.432632366504E-05   -1.018048360087E-04   -1.588975575651E-04   -2.667053183858E-04   -5.798507209500E-04    0.000000000000E+00    6.490814920799E-04
   -6.245637698514E-04    1.007849482386E-05   -3.104213040255E-05   -5.467280511160E-05    8.374498626635E-05    1.233717417524E-04    1.851159193351E-04    3.033044683040E-04   -6.490814920799E-04    0.000000000000E+00
   143.25456456597055     
    0.000000000000E+00    4.228897141497E-05   -1.262503637753E-04   -2.083861131493E-04    2.875573310512E-04    3.627362912756E-04    4.330393722251E-04    4.977501395516E-04   -5.563317987558E-04    6.084292926705E-04
   -4.228897141497E-05    0.000000000000E+00    6.562701395293E-05    3.634741559543E-05   -2.532820791288E-05   -1.942434244258E-05   -1.571521939714E-05   -1.315809884143E-05    1.128393678660E-05   -9.849605542050E-06
    1.262503637753E-04   -6.562701395293E-05    0.000000000000E+00   -1.633055953109E-04    9.103597413164E-05    6.464268169193E-05    5.042950403622E-05    4.137770161993E-05   -3.504445755211E-05    3.033863892523E-05
    2.083861131493E-04   -3.634741559543E-05    1.633055953109E-04    0.000000000000E+00    2.520798850776E-04    1.380755380342E-04    9.773619879727E-05    7.636840101552E-05   -6.286284772802E-05    5.343895565919E-05
   -2.875573310512E-04    2.532820791288E-05   -9.103597413164E-05   -2.520798850776E-04    0.000000000000E+00   -3.366878514771E-04   -1.815614530334E-04   -1.276654828420E-04    9.950200440682E-05   -8.186655509197E-05
   -3.627362912756E-04    1.942434244258E-05   -6.464268169193E-05   -1.380755380342E-04    3.366878514771E-04    0.000000000000E+00   -4.175544527168E-04   -2.223932668846E-04    1.553297302012E-04   -1.206261072920E-04
   -4.330393722251E-04    1.571521939714E-05   -5.042950403622E-05   -9.773619879727E-05    1.815614530334E-04    4.175544527168E-04    0.000000000000E+00   -4.944595284712E-04    2.607690413769E-04   -1.810344790147E-04
   -4.977501395516E-04    1.315809884143E-05   -4.137770161993E-05   -7.636840101552E-05    1.276654828420E-04    2.223932668846E-04    4.944595284712E-04    0.000000000000E+00    5.670708786044E-04   -2.966873020853E-04
    5.563317987558E-04   -1.128393678660E-05    3.504445755211E-05    6.286284772802E-05   -9.950200440682E-05   -1.553297302012E-04   -2.607690413769E-04   -5.670708786044E-04    0.000000000000E+00    6.350809996769E-04
   -6.084292926705E-04    9.849605542050E-06   -3.033863892523E-05   -5.343895565919E-05    8.186655509197E-05    1.206261072920E-04    1.810344790147E-04    2.966873020853E-04   -6.350809996769E-04    0.000000000000E+00
   144.96505166637206     
    0.000000000000E+00    4.104397365822E-05   -1.225477207565E-04   -2.023210781118E-04    2.792828435724E-04    3.524548424900E-04    4.209927040144E-04    4.842076747609E-04   -5.415787273396E-04    5.927551593154E-04
   -4.104397365822E-05    0.000000000000E+00    6.408126705860E-05    3.549386415943E-05   -2.473599597032E-05   -1.897266555057E-05   -1.535214143197E-05   -1.285626173289E-05    1.102703532606E-05   -9.627066126197E-06
    1.225477207565E-04   -6.408126705860E-05    0.000000000000E+00   -1.594767011872E-04    8.891086438342E-05    6.314206592640E-05    4.926645097484E-05    4.043028205721E-05   -3.424815542890E-05    2.965458743355E-05
    2.023210781118E-04   -3.549386415943E-05    1.594767011872E-04    0.000000000000E+00    2.462141178613E-04    1.348808292100E-04    9.548989560886E-05    7.462615273166E-05   -6.143991260978E-05    5.223893988218E-05
   -2.792828435724E-04    2.473599597032E-05   -8.891086438342E-05   -2.462141178613E-04    0.000000000000E+00   -3.289351029072E-04   -1.774095118716E-04   -1.247683524415E-04    9.726230752221E-05   -8.003905619269E-05
   -3.524548424900E-04    1.897266555057E-05   -6.314206592640E-05   -1.348808292100E-04    3.289351029072E-04    0.000000000000E+00   -4.080669840655E-04   -2.173805723819E-04    1.518584361463E-04   -1.179538528888E-04
   -4.209927040144E-04    1.535214143197E-05   -4.926645097484E-05   -9.548989560886E-05    1.774095118716E-04    4.080669840655E-04    0.000000000000E+00   -4.834036347285E-04    2.549909089344E-04   -1.770602739320E-04
   -4.842076747609E-04    1.285626173289E-05   -4.043028205721E-05   -7.462615273166E-05    1.247683524415E-04    2.173805723819E-04    4.834036347285E-04    0.000000000000E+00    5.546257079256E-04   -2.902407123265E-04
    5.415787273396E-04   -1.102703532606E-05    3.424815542890E-05    6.143991260978E-05   -9.726230752221E-05   -1.518584361463E-04   -2.549909089344E-04   -5.546257079256E-04    0.000000000000E+00    6.214341671551E-04
   -5.927551593154E-04    9.627066126197E-06   -2.965458743355E-05   -5.223893988218E-05    8.003905619269E-05    1.179538528888E-04    1.770602739320E-04    2.902407123265E-04   -6.214341671551E-04    0.000000000000E+00
   146.68569002552965     
    0.000000000000E+00    3.984274434677E-05   -1.189745072115E-04   -1.964656500755E-04    2.712894638694E-04    3.425147665766E-04    4.093346595341E-04    4.710871331937E-04   -5.272668097555E-04    5.775279521009E-04
   -3.984274434677E-05    0.000000000000E+00    6.258076098749E-05    3.466517746065E-05   -2.416092034226E-05   -1.853394985352E-05   -1.499938390296E-05   -1.256291849722E-05    1.077729136090E-05   -9.410669500294E-06
    1.189745072115E-04   -6.258076098749E-05    0.000000000000E+00   -1.557590635702E-04    8.684708359977E-05    6.168438992196E-05    4.813635763190E-05    3.950943667536E-05   -3.347396102416E-05    2.898934636485E-05
    1.964656500755E-04   -3.466517746065E-05    1.557590635702E-04    0.000000000000E+00    2.405167557418E-04    1.317770332415E-04    9.330687460288E-05    7.293246155680E-05   -6.005621024438E-05    5.107167706240E-05
   -2.712894638694E-04    2.416092034226E-05   -8.684708359977E-05   -2.405167557418E-04    0.000000000000E+00   -3.214012311704E-04   -1.733735422130E-04   -1.219512219982E-04    9.508374512174E-05   -7.826089530780E-05
   -3.425147665766E-04    1.853394985352E-05   -6.168438992196E-05   -1.317770332415E-04    3.214012311704E-04    0.000000000000E+00   -3.988416750415E-04   -2.125046805369E-04    1.484806875497E-04   -1.153527410165E-04
   -4.093346595341E-04    1.499938390296E-05   -4.813635763190E-05   -9.330687460288E-05    1.733735422130E-04    3.988416750415E-04    0.000000000000E+00   -4.726453627744E-04    2.493661586513E-04   -1.731901349613E-04
   -4.710871331937E-04    1.256291849722E-05   -3.950943667536E-05   -7.293246155680E-05    1.219512219982E-04    2.125046805369E-04    4.726453627744E-04    0.000000000000E+00    5.425054299627E-04   -2.839598321101E-04
    5.272668097555E-04   -1.077729136090E-05    3.347396102416E-05    6.005621024438E-05   -9.508374512174E-05   -1.484806875497E-04   -2.493661586513E-04   -5.425054299627E-04    0.000000000000E+00    6.081312736031E-04
   -5.775279521009E-04    9.410669500294E-06   -2.898934636485E-05   -5.107167706240E-05    7.826089530780E-05    1.153527410165E-04    1.731901349613E-04    2.839598321101E-04   -6.081312736031E-04    0.000000000000E+00
   148.41647964344335     
    0.000000000000E+00    3.868349719669E-05   -1.155254832856E-04   -1.908114803062E-04    2.635662697139E-04    3.329032414960E-04    3.980512666981E-04    4.583741548628E-04   -5.133820150474E-04    5.627345950063E-04
   -3.868349719669E-05    0.000000000000E+00    6.112391677538E-05    3.386049364314E-05   -2.360239277605E-05   -1.810775559731E-05   -1.465660107671E-05   -1.227778813619E-05    1.053447071422E-05   -9.200216369481E-06
    1.155254832856E-04   -6.112391677538E-05    0.000000000000E+00   -1.521488409896E-04    8.484253522394E-05    6.026820339989E-05    4.703812538383E-05    3.861429120611E-05   -3.272115545227E-05    2.834230953454E-05
    1.908114803062E-04   -3.386049364314E-05    1.521488409896E-04    0.000000000000E+00    2.349820879299E-04    1.287611065884E-04    9.118504699443E-05    7.128574731522E-05   -5.871048022356E-05    4.993612566943E-05
   -2.635662697139E-04    2.360239277605E-05   -8.484253522394E-05   -2.349820879299E-04    0.000000000000E+00   -3.140790007291E-04   -1.694497696692E-04   -1.192115288790E-04    9.296438754828E-05   -7.653053394648E-05
   -3.329032414960E-04    1.810775559731E-05   -6.026820339989E-05   -1.287611065884E-04    3.140790007291E-04    0.000000000000E+00   -3.898701424504E-04   -2.077612957654E-04    1.451935976460E-04   -1.128206087457E-04
   -3.980512666981E-04    1.465660107671E-05   -4.703812538383E-05   -9.118504699443E-05    1.694497696692E-04    3.898701424504E-04    0.000000000000E+00   -4.621755809060E-04    2.438901812684E-04   -1.694209924838E-04
   -4.583741548628E-04    1.227778813619E-05   -3.861429120611E-05   -7.128574731522E-05    1.192115288790E-04    2.077612957654E-04    4.621755809060E-04    0.000000000000E+00    5.307005627620E-04   -2.778399369154E-04
    5.133820150474E-04   -1.053447071422E-05    3.272115545227E-05    5.871048022356E-05   -9.296438754828E-05   -1.451935976460E-04   -2.438901812684E-04   -5.307005627620E-04    0.000000000000E+00    5.951628610796E-04
   -5.627345950063E-04    9.200216369481E-06   -2.834230953454E-05   -4.993612566943E-05    7.653053394648E-05    1.128206087457E-04    1.694209924838E-04    2.778399369154E-04   -5.951628610796E-04    0.000000000000E+00
   150.15742052011313     
    0.000000000000E+00    3.756452874217E-05   -1.121956493916E-04   -1.853505943371E-04    2.561028115614E-04    3.236079731528E-04    3.871290910776E-04    4.460548841820E-04   -4.999107470550E-04    5.483623501599E-04
   -3.756452874217E-05    0.000000000000E+00    5.970921908662E-05    3.307898524674E-05   -2.305984818464E-05   -1.769366007937E-05   -1.432346041757E-05   -1.200060023488E-05    1.029834795145E-05   -8.995514862498E-06
    1.121956493916E-04   -5.970921908662E-05    0.000000000000E+00   -1.486423444116E-04    8.289520474038E-05    5.889211191371E-05    4.597069720216E-05    3.774400400254E-05   -3.198904638477E-05    2.771289307940E-05
    1.853505943371E-04   -3.307898524674E-05    1.486423444116E-04    0.000000000000E+00    2.296046243840E-04    1.258301212513E-04    8.912240181836E-05    6.968448771126E-05   -5.740150773633E-05    4.883128164706E-05
   -2.561028115614E-04    2.305984818464E-05   -8.289520474038E-05   -2.296046243840E-04    0.000000000000E+00   -3.069614453052E-04   -1.656345572364E-04   -1.165468018074E-04    9.090237281306E-05   -7.484648707408E-05
   -3.236079731528E-04    1.769366007937E-05   -5.889211191371E-05   -1.258301212513E-04    3.069614453052E-04    0.000000000000E+00   -3.811442994749E-04   -2.031462703941E-04    1.419943768575E-04   -1.103553648729E-04
   -3.871290910776E-04    1.432346041757E-05   -4.597069720216E-05   -8.912240181836E-05    1.656345572364E-04    3.811442994749E-04    0.000000000000E+00   -4.519854593515E-04    2.385585152567E-04   -1.657498729314E-04
   -4.460548841820E-04    1.200060023488E-05   -3.774400400254E-05   -6.968448771126E-05    1.165468018074E-04    2.031462703941E-04    4.519854593515E-04    0.000000000000E+00    5.192019118993E-04   -2.718764403043E-04
    4.999107470550E-04   -1.029834795145E-05    3.198904638477E-05    5.740150773633E-05   -9.090237281306E-05   -1.419943768575E-04   -2.385585152567E-04   -5.192019118993E-04    0.000000000000E+00    5.825197279252E-04
   -5.483623501599E-04    8.995514862498E-06   -2.771289307940E-05   -4.883128164706E-05    7.484648707408E-05    1.103553648729E-04    1.657498729314E-04    2.718764403043E-04   -5.825197279252E-04    0.000000000000E+00
   151.90851265553900     
    0.000000000000E+00    3.648421428235E-05   -1.089802346506E-04   -1.800753746032E-04    2.488890918826E-04    3.146171743132E-04    3.765552172388E-04    4.341159561048E-04   -4.868398370149E-04    5.343988177167E-04
   -3.648421428235E-05    0.000000000000E+00    5.833521400039E-05    3.231985803907E-05   -2.253274388602E-05   -1.729125711032E-05   -1.399964218657E-05   -1.173109464925E-05    1.006870612523E-05   -8.796380312577E-06
    1.089802346506E-04   -5.833521400039E-05    0.000000000000E+00   -1.452360321386E-04    8.100315702729E-05    5.755477512263E-05    4.493305642092E-05    3.689776510469E-05   -3.127696730172E-05    2.710053482270E-05
    1.800753746032E-04   -3.231985803907E-05    1.452360321386E-04    0.000000000000E+00    2.243790889313E-04    1.229812613481E-04    8.711700374166E-05    6.812721677396E-05   -5.612812237527E-05    4.775617743022E-05
   -2.488890918826E-04    2.253274388602E-05   -8.100315702729E-05   -2.243790889313E-04    0.000000000000E+00   -3.000418603983E-04   -1.619244017360E-04   -1.139546586466E-04    8.889590502893E-05   -7.320732189042E-05
   -3.146171743132E-04    1.729125711032E-05   -5.755477512263E-05   -1.229812613481E-04    3.000418603983E-04    0.000000000000E+00   -3.726563488125E-04   -1.986556015712E-04    1.388803309362E-04   -1.079549886130E-04
   -3.765552172388E-04    1.399964218657E-05   -4.493305642092E-05   -8.711700374166E-05    1.619244017360E-04    3.726563488125E-04    0.000000000000E+00   -4.420664651606E-04    2.333668447225E-04   -1.621738976042E-04
   -4.341159561048E-04    1.173109464925E-05   -3.689776510469E-05   -6.812721677396E-05    1.139546586466E-04    1.986556015712E-04    4.420664651606E-04    0.000000000000E+00    5.080005680355E-04   -2.660648932158E-04
    4.868398370149E-04   -1.006870612523E-05    3.127696730172E-05    5.612812237527E-05   -8.889590502893E-05   -1.388803309362E-04   -2.333668447225E-04   -5.080005680355E-04    0.000000000000E+00    5.701929295848E-04
   -5.343988177167E-04    8.796380312577E-06   -2.710053482270E-05   -4.775617743022E-05    7.320732189042E-05    1.079549886130E-04    1.621738976042E-04    2.660648932158E-04   -5.701929295848E-04    0.000000000000E+00
   153.66975604972097     
    0.000000000000E+00    3.544100358437E-05   -1.058746845668E-04   -1.749785416826E-04    2.419155423330E-04    3.059195404551E-04    3.663172260000E-04    4.225444771326E-04   -4.741565300154E-04    5.208319286872E-04
   -3.544100358437E-05    0.000000000000E+00    5.700050555417E-05    3.158234915686E-05   -2.202055835954E-05   -1.690015610428E-05   -1.368483874017E-05   -1.146902094376E-05    9.845336308068E-06   -8.602634855774E-06
    1.058746845668E-04   -5.700050555417E-05    0.000000000000E+00   -1.419265016013E-04    7.916453197049E-05    5.625490382742E-05    4.392422453902E-05    3.607479451694E-05   -3.058427608166E-05    2.650469307509E-05
    1.749785416826E-04   -3.158234915686E-05    1.419265016013E-04    0.000000000000E+00    2.193004075537E-04    1.202118170344E-04    8.516698899469E-05    6.661252183718E-05   -5.488919574752E-05    4.670987995953E-05
   -2.419155423330E-04    2.202055835954E-05   -7.916453197049E-05   -2.193004075537E-04    0.000000000000E+00   -2.933137892850E-04   -1.583159267349E-04   -1.114328017148E-04    8.694325093340E-05   -7.161165505579E-05
   -3.059195404551E-04    1.690015610428E-05   -5.625490382742E-05   -1.202118170344E-04    2.933137892850E-04    0.000000000000E+00   -3.643987676648E-04   -1.942854238408E-04    1.358488560926E-04   -1.056175259779E-04
   -3.663172260000E-04    1.368483874017E-05   -4.392422453902E-05   -8.516698899469E-05    1.583159267349E-04    3.643987676648E-04    0.000000000000E+00   -4.324103473961E-04    2.283109922155E-04   -1.586902779812E-04
   -4.225444771326E-04    1.146902094376E-05   -3.607479451694E-05   -6.661252183718E-05    1.114328017148E-04    1.942854238408E-04    4.324103473961E-04    0.000000000000E+00    4.970878933327E-04   -2.604009774729E-04
    4.741565300154E-04   -9.845336308068E-06    3.058427608166E-05    5.488919574752E-05   -8.694325093340E-05   -1.358488560926E-04   -2.283109922155E-04   -4.970878933327E-04    0.000000000000E+00    5.581737669992E-04
   -5.208319286872E-04    8.602634855774E-06   -2.650469307509E-05   -4.670987995953E-05    7.161165505579E-05    1.056175259779E-04    1.586902779812E-04    2.604009774729E-04   -5.581737669992E-04    0.000000000000E+00
   155.44115070265903     
    0.000000000000E+00    3.443341700897E-05   -1.028746499184E-04   -1.700531374155E-04    2.351730032651E-04    2.975042282029E-04    3.564031743135E-04    4.113280088231E-04   -4.618484737302E-04    5.076499397870E-04
   -3.443341700897E-05    0.000000000000E+00    5.570375296654E-05    3.086572561874E-05   -2.152279025668E-05   -1.651998136047E-05   -1.337875398078E-05   -1.121413795376E-05    9.628037230623E-06   -8.414107120817E-06
    1.028746499184E-04   -5.570375296654E-05    0.000000000000E+00   -1.387104828059E-04    7.737754098328E-05    5.499125763659E-05    4.294325950443E-05    3.527434087365E-05   -2.991035391587E-05    2.592484571368E-05
    1.700531374155E-04   -3.086572561874E-05    1.387104828059E-04    0.000000000000E+00    2.143636991448E-04    1.175191797475E-04    8.327056221960E-05    6.513904122245E-05   -5.368363965549E-05    4.569148917534E-05
   -2.351730032651E-04    2.152279025668E-05   -7.737754098328E-05   -2.143636991448E-04    0.000000000000E+00   -2.867710121768E-04   -1.548058771293E-04   -1.089790142439E-04    8.504273728767E-05   -7.005815062906E-05
   -2.975042282029E-04    1.651998136047E-05   -5.499125763659E-05   -1.175191797475E-04    2.867710121768E-04    0.000000000000E+00   -3.563642964420E-04   -1.900320036472E-04    1.328974354463E-04   -1.033410871661E-04
   -3.564031743135E-04    1.337875398078E-05   -4.294325950443E-05   -8.327056221960E-05    1.548058771293E-04    3.563642964420E-04    0.000000000000E+00   -4.230091264719E-04    2.233869136722E-04   -1.552963124852E-04
   -4.113280088231E-04    1.121413795376E-05   -3.527434087365E-05   -6.513904122245E-05    1.089790142439E-04    1.900320036472E-04    4.230091264719E-04    0.000000000000E+00    4.864555123441E-04   -2.548805015763E-04
    4.618484737302E-04   -9.628037230623E-06    2.991035391587E-05    5.368363965549E-05   -8.504273728767E-05   -1.328974354463E-04   -2.233869136722E-04   -4.864555123441E-04    0.000000000000E+00    5.464537797098E-04
   -5.076499397870E-04    8.414107120817E-06   -2.592484571368E-05   -4.569148917534E-05    7.005815062906E-05    1.033410871661E-04    1.552963124852E-04    2.548805015763E-04   -5.464537797098E-04    0.000000000000E+00
   157.22269661435320     
    0.000000000000E+00    3.346004218666E-05   -9.997597725544E-05   -1.652925105501E-04    2.286527064974E-04    2.893608375305E-04    3.468015792125E-04    4.004545554879E-04   -4.499037113414E-04    4.948414324132E-04
   -3.346004218666E-05    0.000000000000E+00    5.444366896975E-05    3.016928344745E-05   -2.103895783195E-05   -1.615037166313E-05   -1.308110306159E-05   -1.096621355842E-05    9.416615098718E-06   -8.230632073697E-06
    9.997597725544E-05   -5.444366896975E-05    0.000000000000E+00   -1.355848345061E-04    7.564046502904E-05    5.376264368615E-05    4.198925480964E-05    3.449568076259E-05   -2.925460477415E-05    2.536048973486E-05
    1.652925105501E-04   -3.016928344745E-05    1.355848345061E-04    0.000000000000E+00    2.095642703889E-04    1.149008396792E-04    8.142599487449E-05    6.370546312229E-05   -5.251040525500E-05    4.470013733532E-05
   -2.286527064974E-04    2.103895783195E-05   -7.564046502904E-05   -2.095642703889E-04    0.000000000000E+00   -2.804075407410E-04   -1.513911165778E-04   -1.065911588148E-04    8.319274979781E-05   -6.854551924600E-05
   -2.893608375305E-04    1.615037166313E-05   -5.376264368615E-05   -1.149008396792E-04    2.804075407410E-04    0.000000000000E+00   -3.485459339137E-04   -1.858917372217E-04    1.300236378065E-04   -1.011238457415E-04
   -3.468015792125E-04    1.308110306159E-05   -4.198925480964E-05   -8.142599487449E-05    1.513911165778E-04    3.485459339137E-04    0.000000000000E+00   -4.138550908676E-04    2.185906971904E-04   -1.519893858752E-04
   -4.004545554879E-04    1.096621355842E-05   -3.449568076259E-05   -6.370546312229E-05    1.065911588148E-04    1.858917372217E-04    4.138550908676E-04    0.000000000000E+00    4.760953110658E-04   -2.494994007077E-04
    4.499037113414E-04   -9.416615098718E-06    2.925460477415E-05    5.251040525500E-05   -8.319274979781E-05   -1.300236378065E-04   -2.185906971904E-04   -4.760953110658E-04    0.000000000000E+00    5.350247477861E-04
   -4.948414324132E-04    8.230632073697E-06   -2.536048973486E-05   -4.470013733532E-05    6.854551924601E-05    1.011238457415E-04    1.519893858752E-04    2.494994007077E-04   -5.350247477861E-04    0.000000000000E+00
   159.01439378480339     
    0.000000000000E+00    3.251953034060E-05   -9.717469831122E-05   -1.606903005024E-04    2.223462552988E-04    2.814793901880E-04    3.375013969251E-04    3.899125459819E-04   -4.383106675232E-04    4.823953037513E-04
   -3.251953034060E-05    0.000000000000E+00    5.321901661918E-05    2.949234594753E-05   -2.056859778430E-05   -1.579097942906E-05   -1.279161172596E-05   -1.072502414903E-05    9.210883151203E-06   -8.052050638649E-06
    9.717469831122E-05   -5.321901661918E-05    0.000000000000E+00   -1.325465365787E-04    7.395165052336E-05    5.256791385279E-05    4.106133741338E-05    3.373811708919E-05   -2.861645406427E-05    2.481114011659E-05
    1.606903005024E-04   -2.949234594753E-05    1.325465365787E-04    0.000000000000E+00    2.048976047580E-04    1.123543800227E-04    7.963162135634E-05    6.231052270716E-05   -5.136848076129E-05    4.373498711074E-05
   -2.223462552988E-04    2.056859778430E-05   -7.395165052336E-05   -2.048976047580E-04    0.000000000000E+00   -2.742176047307E-04   -1.480686206798E-04   -1.042671728090E-04    8.139172972456E-05   -6.707251541428E-05
   -2.814793901880E-04    1.579097942906E-05   -5.256791385279E-05   -1.123543800227E-04    2.742176047307E-04    0.000000000000E+00   -3.409369225404E-04   -1.818611432470E-04    1.272251128242E-04   -9.896403501943E-05
   -3.375013969251E-04    1.279161172596E-05   -4.106133741338E-05   -7.963162135634E-05    1.480686206798E-04    3.409369225404E-04    0.000000000000E+00   -4.049407821976E-04    2.139185556851E-04   -1.487669644211E-04
   -3.899125459819E-04    1.072502414903E-05   -3.373811708919E-05   -6.231052270716E-05    1.042671728090E-04    1.818611432470E-04    4.049407821976E-04    0.000000000000E+00    4.659994226484E-04   -2.442537297934E-04
    4.383106675232E-04   -9.210883151203E-06    2.861645406427E-05    5.136848076129E-05   -8.139172972456E-05   -1.272251128242E-04   -2.139185556851E-04   -4.659994226484E-04    0.000000000000E+00    5.238786788800E-04
   -4.823953037513E-04    8.052050638649E-06   -2.481114011659E-05   -4.373498711074E-05    6.707251541428E-05    9.896403501943E-05    1.487669644211E-04    2.442537297934E-04   -5.238786788800E-04    0.000000000000E+00
   160.81624221400975     
    0.000000000000E+00    3.161059307086E-05   -9.446702075828E-05   -1.562404232297E-04    2.162456070948E-04    2.738503112682E-04    3.284920053625E-04    3.796908189468E-04   -4.270581378485E-04    4.703007612139E-04
   -3.161059307086E-05    0.000000000000E+00    5.202860705785E-05    2.883426250745E-05   -2.011126446010E-05   -1.544147012912E-05   -1.251001586562E-05   -1.049035427822E-05    9.010661371334E-06   -7.878209452030E-06
    9.446702075828E-05   -5.202860705785E-05    0.000000000000E+00   -1.295926847429E-04    7.230950652861E-05    5.140596287297E-05    4.015866635979E-05    3.300097800594E-05   -2.799534776491E-05    2.427632908735E-05
    1.562404232297E-04   -2.883426250745E-05    1.295926847429E-04    0.000000000000E+00    2.003593550525E-04    1.098774731349E-04    7.788583646106E-05    6.095300026353E-05   -5.025688999407E-05    4.279523038935E-05
   -2.162456070948E-04    2.011126446010E-05   -7.230950652861E-05   -2.003593550525E-04    0.000000000000E+00   -2.681956432265E-04   -1.448354726042E-04   -1.020050655583E-04    7.963817180024E-05   -6.563793587305E-05
   -2.738503112682E-04    1.544147012912E-05   -5.140596287297E-05   -1.098774731349E-04    2.681956432265E-04    0.000000000000E+00   -3.335307393479E-04   -1.779368584296E-04    1.244995881462E-04   -9.685994598902E-05
   -3.284920053625E-04    1.251001586562E-05   -4.015866635979E-05   -7.788583646106E-05    1.448354726042E-04    3.335307393479E-04    0.000000000000E+00   -3.962589866188E-04    2.093668228351E-04   -1.456265933338E-04
   -3.796908189468E-04    1.049035427822E-05   -3.300097800594E-05   -6.095300026353E-05    1.020050655583E-04    1.779368584296E-04    3.962589866188E-04    0.000000000000E+00    4.561602201187E-04   -2.391396601814E-04
    4.270581378485E-04   -9.010661371334E-06    2.799534776491E-05    5.025688999407E-05   -7.963817180024E-05   -1.244995881462E-04   -2.093668228351E-04   -4.561602201187E-04    0.000000000000E+00    5.130078028509E-04
   -4.703007612139E-04    7.878209452030E-06   -2.427632908735E-05   -4.279523038935E-05    6.563793587305E-05    9.685994598902E-05    1.456265933338E-04    2.391396601814E-04   -5.130078028509E-04    0.000000000000E+00
   162.62824190197219     
    0.000000000000E+00    3.073199971704E-05   -9.184932066086E-05   -1.519370598113E-04    2.103430597302E-04    2.664644149917E-04    3.197631912981E-04    3.697786130508E-04   -4.161352833669E-04    4.585473221396E-04
   -3.073199971704E-05    0.000000000000E+00    5.087129853105E-05    2.819440809010E-05   -1.966652953195E-05   -1.510152207100E-05   -1.223606136821E-05   -1.026199654914E-05    8.815776401985E-06   -7.708960792629E-06
    9.184932066086E-05   -5.087129853105E-05    0.000000000000E+00   -1.267204883628E-04    7.071250365294E-05    5.027572766050E-05    3.928043232281E-05    3.228361659325E-05   -2.739075218900E-05    2.375560593597E-05
    1.519370598113E-04   -2.819440809010E-05    1.267204883628E-04    0.000000000000E+00    1.959453406332E-04    1.074678792423E-04    7.618709462409E-05    5.963172070848E-05   -4.917469204441E-05    4.188008802346E-05
   -2.103430597302E-04    1.966652953195E-05   -7.071250365294E-05   -1.959453406332E-04    0.000000000000E+00   -2.623363020186E-04   -1.416888619911E-04   -9.980291777095E-05    7.793062390089E-05   -6.424061938290E-05
   -2.664644149917E-04    1.510152207100E-05   -5.027572766050E-05   -1.074678792423E-04    2.623363020186E-04    0.000000000000E+00   -3.263210942380E-04   -1.741156369832E-04    1.218448692710E-04   -9.480992731188E-05
   -3.197631912981E-04    1.223606136821E-05   -3.928043232281E-05   -7.618709462409E-05    1.416888619911E-04    3.263210942380E-04    0.000000000000E+00   -3.878027348154E-04    2.049319534969E-04   -1.425658972611E-04
   -3.697786130508E-04    1.026199654914E-05   -3.228361659325E-05   -5.963172070848E-05    9.980291777095E-05    1.741156369832E-04    3.878027348154E-04    0.000000000000E+00    4.465703186647E-04   -2.341534812594E-04
    4.161352833669E-04   -8.815776401985E-06    2.739075218900E-05    4.917469204441E-05   -7.793062390089E-05   -1.218448692710E-04   -2.049319534969E-04   -4.465703186647E-04    0.000000000000E+00    5.024045767974E-04
   -4.585473221396E-04    7.708960792629E-06   -2.375560593597E-05   -4.188008802346E-05    6.424061938290E-05    9.480992731188E-05    1.425658972611E-04    2.341534812594E-04   -5.024045767974E-04    0.000000000000E+00
   164.45039284869068     
    0.000000000000E+00    2.988257382488E-05   -8.931813223115E-05   -1.477746405107E-04    2.046312313667E-04    2.593128822743E-04    3.113051275058E-04    3.601655454401E-04   -4.055316117778E-04    4.471247986515E-04
   -2.988257382488E-05    0.000000000000E+00    4.974599235945E-05    2.757218103944E-05   -1.923398050515E-05   -1.477082528474E-05   -1.196950324118E-05   -1.003975090163E-05    8.626060947452E-06   -7.544162067997E-06
    8.931813223115E-05   -4.974599235945E-05    0.000000000000E+00   -1.239272606855E-04    6.915916873608E-05    4.917618363778E-05    3.842585482806E-05    3.158540864382E-05   -2.680215215194E-05    2.324853545328E-05
    1.477746405107E-04   -2.757218103944E-05    1.239272606855E-04    0.000000000000E+00    1.916515329863E-04    1.051234387665E-04    7.453390465799E-05    5.834554960176E-05   -4.812097807755E-05    4.098880716481E-05
   -2.046312313667E-04    1.923398050515E-05   -6.915916873608E-05   -1.916515329863E-04    0.000000000000E+00   -2.566344154358E-04   -1.386260754882E-04   -9.765887509909E-05    7.626768218047E-05   -6.287944281351E-05
   -2.593128822743E-04    1.477082528474E-05   -4.917618363778E-05   -1.051234387665E-04    2.566344154358E-04    0.000000000000E+00   -3.193019090676E-04   -1.703943399085E-04    1.192588323160E-04   -9.281237985980E-05
   -3.113051275058E-04    1.196950324118E-05   -3.842585482806E-05   -7.453390465799E-05    1.386260754882E-04    3.193019090676E-04    0.000000000000E+00   -3.795652793132E-04    2.006105122217E-04   -1.395825725836E-04
   -3.601655454401E-04    1.003975090163E-05   -3.158540864382E-05   -5.834554960176E-05    9.765887509909E-05    1.703943399085E-04    3.795652793132E-04    0.000000000000E+00    4.372225520909E-04   -2.292915886443E-04
    4.055316117778E-04   -8.626060947452E-06    2.680215215194E-05    4.812097807755E-05   -7.626768218047E-05   -1.192588323160E-04   -2.006105122217E-04   -4.372225520909E-04    0.000000000000E+00    4.920616614132E-04
   -4.471247986515E-04    7.544162067997E-06   -2.324853545328E-05   -4.098880716481E-05    6.287944281351E-05    9.281237985980E-05    1.395825725836E-04    2.292915886443E-04   -4.920616614132E-04    0.000000000000E+00
   166.28269505416532     
    0.000000000000E+00    2.906119111962E-05   -8.687014205446E-05   -1.437478361211E-04    1.991030502552E-04    2.523872504809E-04    3.031083640879E-04    3.508416060736E-04   -3.952369758870E-04    4.360233009346E-04
   -2.906119111962E-05    0.000000000000E+00    4.865163306763E-05    2.696700318195E-05   -1.881322081659E-05   -1.444908162299E-05   -1.171010571242E-05   -9.823424710555E-06    8.441353866233E-06   -7.383675898762E-06
    8.687014205446E-05   -4.865163306763E-05    0.000000000000E+00   -1.212104193729E-04    6.764808524966E-05    4.810634510333E-05    3.759418260393E-05    3.090575299646E-05   -2.622905128221E-05    2.275469821253E-05
    1.437478361211E-04   -2.696700318195E-05    1.212104193729E-04    0.000000000000E+00    1.874740570653E-04    1.028420732452E-04    7.292483053627E-05    5.709339384864E-05   -4.709487196672E-05    4.012066182822E-05
   -1.991030502552E-04    1.881322081659E-05   -6.764808524966E-05   -1.874740570653E-04    0.000000000000E+00   -2.510850090435E-04   -1.356444984687E-04   -9.557114951339E-05    7.464799224210E-05   -6.155332215566E-05
   -2.523872504809E-04    1.444908162299E-05   -4.810634510333E-05   -1.028420732452E-04    2.510850090435E-04    0.000000000000E+00   -3.124673223053E-04   -1.667699377953E-04    1.167394261568E-04   -9.086575846718E-05
   -3.031083640879E-04    1.171010571242E-05   -3.759418260393E-05   -7.292483053627E-05    1.356444984687E-04    3.124673223053E-04    0.000000000000E+00   -3.715401016669E-04    1.963991774017E-04   -1.366743904672E-04
   -3.508416060736E-04    9.823424710555E-06   -3.090575299646E-05   -5.709339384864E-05    9.557114951339E-05    1.667699377953E-04    3.715401016669E-04    0.000000000000E+00    4.281099830088E-04   -2.245504898700E-04
    3.952369758870E-04   -8.441353866233E-06    2.622905128221E-05    4.709487196672E-05   -7.464799224210E-05   -1.167394261568E-04   -1.963991774017E-04   -4.281099830088E-04    0.000000000000E+00    4.819719344995E-04
   -4.360233009346E-04    7.383675898762E-06   -2.275469821253E-05   -4.012066182821E-05    6.155332215566E-05    9.086575846718E-05    1.366743904672E-04    2.245504898700E-04   -4.819719344995E-04    0.000000000000E+00
   168.12514851839597     
    0.000000000000E+00    2.826677651382E-05   -8.450218041325E-05   -1.398515444684E-04    1.937517377188E-04    2.456793944590E-04    2.951638092001E-04    3.417971396639E-04   -3.852415580154E-04    4.252332249958E-04
   -2.826677651382E-05    0.000000000000E+00    4.758720521225E-05    2.637831810118E-05   -1.840386866214E-05   -1.413600388806E-05   -1.145764154600E-05   -9.612832229899E-06    8.261499706458E-06   -7.227369720554E-06
    8.450218041325E-05   -4.758720521225E-05    0.000000000000E+00   -1.185674788271E-04    6.617788912711E-05    4.706526236012E-05    3.678469141346E-05    3.024406981225E-05   -2.567097060018E-05    2.227368936307E-05
    1.398515444684E-04   -2.637831810118E-05    1.185674788271E-04    0.000000000000E+00    1.834091799827E-04    1.006217793366E-04    7.135848729469E-05    5.587419860434E-05   -4.609552781922E-05    3.927495083472E-05
   -1.937517377188E-04    1.840386866214E-05   -6.617788912711E-05   -1.834091799827E-04    0.000000000000E+00   -2.456832854827E-04   -1.327416076826E-04   -9.353801432659E-05    7.307024538751E-05   -6.026120951506E-05
   -2.456793944590E-04    1.413600388806E-05   -4.706526236012E-05   -1.006217793366E-04    2.456832854827E-04    0.000000000000E+00   -3.058116728477E-04   -1.632395025663E-04    1.142846668818E-04   -8.896856775882E-05
   -2.951638092001E-04    1.145764154600E-05   -3.678469141346E-05   -7.135848729469E-05    1.327416076826E-04    3.058116728477E-04    0.000000000000E+00   -3.637208950863E-04    1.922947325229E-04   -1.338391910237E-04
   -3.417971396639E-04    9.612832229899E-06   -3.024406981225E-05   -5.587419860434E-05    9.353801432659E-05    1.632395025663E-04    3.637208950863E-04    0.000000000000E+00    4.192258850415E-04   -2.199267955180E-04
    3.852415580154E-04   -8.261499706458E-06    2.567097060018E-05    4.609552781922E-05   -7.307024538751E-05   -1.142846668818E-04   -1.922947325229E-04   -4.192258850415E-04    0.000000000000E+00    4.721284733924E-04
   -4.252332249958E-04    7.227369720554E-06   -2.227368936307E-05   -3.927495083472E-05    6.026120951506E-05    8.896856775882E-05    1.338391910237E-04    2.199267955180E-04   -4.721284733924E-04    0.000000000000E+00
   169.97775324138280     
    0.000000000000E+00    2.749830165598E-05   -8.221121420486E-05   -1.360808794728E-04    1.885707945353E-04    2.391815116589E-04    2.874627143926E-04    3.330228326122E-04   -3.755358596563E-04    4.147452458310E-04
   -2.749830165598E-05    0.000000000000E+00    4.655173154126E-05    2.580559014609E-05   -1.800555633202E-05   -1.383131534557E-05   -1.121189166796E-05   -9.407794294295E-06    8.086348460056E-06   -7.075115575250E-06
    8.221121420486E-05   -4.655173154126E-05    0.000000000000E+00   -1.159960458050E-04    6.474726641604E-05    4.605202012769E-05    3.599668287893E-05    2.959979965800E-05   -2.512744777470E-05    2.180511800575E-05
    1.360808794728E-04   -2.580559014609E-05    1.159960458050E-04    0.000000000000E+00    1.794533047205E-04    9.846062554944E-05    6.983353884562E-05    5.468694565934E-05   -4.512212871036E-05    3.845099677242E-05
   -1.885707945353E-04    1.800555633202E-05   -6.474726641604E-05   -1.794533047205E-04    0.000000000000E+00   -2.404246169111E-04   -1.299149674337E-04   -9.155780167377E-05    7.153317676300E-05   -5.900209165209E-05
   -2.391815116589E-04    1.383131534557E-05   -4.605202012769E-05   -9.846062554944E-05    2.404246169111E-04    0.000000000000E+00   -2.993294918733E-04   -1.598002034577E-04    1.118926351766E-04   -8.711936023144E-05
   -2.874627143926E-04    1.121189166796E-05   -3.599668287893E-05   -6.983353884562E-05    1.299149674337E-04    2.993294918733E-04    0.000000000000E+00   -3.561015563841E-04    1.882940622828E-04   -1.310748808137E-04
   -3.330228326122E-04    9.407794294295E-06   -2.959979965800E-05   -5.468694565934E-05    9.155780167377E-05    1.598002034577E-04    3.561015563841E-04    0.000000000000E+00    4.105637354783E-04   -2.154172157572E-04
    3.755358596563E-04   -8.086348460056E-06    2.512744777470E-05    4.512212871036E-05   -7.153317676300E-05   -1.118926351766E-04   -1.882940622828E-04   -4.105637354783E-04    0.000000000000E+00    4.625245488249E-04
   -4.147452458310E-04    7.075115575250E-06   -2.180511800575E-05   -3.845099677242E-05    5.900209165209E-05    8.711936023144E-05    1.310748808137E-04    2.154172157572E-04   -4.625245488249E-04    0.000000000000E+00
   171.84050922312568     
    0.000000000000E+00    2.675478302629E-05   -7.999434147327E-05   -1.324311628172E-04    1.835539907985E-04    2.328861114652E-04    2.799966647450E-04    3.245097051835E-04   -3.661106966976E-04    4.045503163897E-04
   -2.675478302629E-05    0.000000000000E+00    4.554427250742E-05    2.524830418665E-05   -1.761793006406E-05   -1.353474963265E-05   -1.097264510909E-05   -9.208138283915E-06    7.915755541214E-06   -6.926790096602E-06
    7.999434147327E-05   -4.554427250742E-05    0.000000000000E+00   -1.134938183826E-04    6.335495278702E-05    4.506573726397E-05    3.522948432092E-05    2.897240341571E-05   -2.459803707405E-05    2.134860716516E-05
    1.324311628172E-04   -2.524830418665E-05    1.134938183826E-04    0.000000000000E+00    1.756029689624E-04    9.635675176106E-05    6.834869775032E-05    5.353065334282E-05   -4.417388665766E-05    3.764814600389E-05
   -1.835539907985E-04    1.761793006406E-05   -6.335495278702E-05   -1.756029689624E-04    0.000000000000E+00   -2.353045441968E-04   -1.271622293707E-04   -8.962890251274E-05    7.003556545426E-05   -5.777499011281E-05
   -2.328861114652E-04    1.353474963265E-05   -4.506573726397E-05   -9.635675176106E-05    2.353045441968E-04    0.000000000000E+00   -2.930155029437E-04   -1.564493073560E-04    1.095614767265E-04   -8.531673665944E-05
   -2.799966647450E-04    1.097264510909E-05   -3.522948432092E-05   -6.834869775032E-05    1.271622293707E-04    2.930155029437E-04    0.000000000000E+00   -3.486761875200E-04    1.843941537242E-04   -1.283794338036E-04
   -3.245097051835E-04    9.208138283915E-06   -2.897240341571E-05   -5.353065334282E-05    8.962890251274E-05    1.564493073560E-04    3.486761875200E-04    0.000000000000E+00    4.021172187323E-04   -2.110185624844E-04
    3.661106966976E-04   -7.915755541214E-06    2.459803707405E-05    4.417388665766E-05   -7.003556545426E-05   -1.095614767265E-04   -1.843941537242E-04   -4.021172187323E-04    0.000000000000E+00    4.531536306525E-04
   -4.045503163897E-04    6.926790096602E-06   -2.134860716516E-05   -3.764814600389E-05    5.777499011281E-05    8.531673665944E-05    1.283794338036E-04    2.110185624844E-04   -4.531536306525E-04    0.000000000000E+00
   173.71341646362467     
    0.000000000000E+00    2.603527937116E-05   -7.784878395121E-05   -1.288979122808E-04    1.786953510871E-04    2.267859984719E-04    2.727575615952E-04    3.162490949667E-04   -3.569571847011E-04    3.946396554803E-04
   -2.603527937116E-05    0.000000000000E+00    4.456392343308E-05    2.470596406859E-05   -1.724064899082E-05   -1.324604997195E-05   -1.073969838719E-05   -9.013697621662E-06    7.749581365739E-06   -6.782274149944E-06
    7.784878395121E-05   -4.456392343308E-05    0.000000000000E+00   -1.110585790743E-04    6.199972978524E-05    4.410556417636E-05    3.448244679803E-05    2.836136072067E-05   -2.408230807691E-05    2.090379269564E-05
    1.288979122808E-04   -2.470596406859E-05    1.110585790743E-04    0.000000000000E+00    1.718548349033E-04    9.430836379585E-05    6.690272150123E-05    5.240437370750E-05   -4.325004036763E-05    3.686576679259E-05
   -1.786953510871E-04    1.724064899082E-05   -6.199972978524E-05   -1.718548349033E-04    0.000000000000E+00   -2.303187640670E-04   -1.244811257924E-04   -8.774976207615E-05    6.857623105132E-05   -5.657895847368E-05
   -2.267859984719E-04    1.324604997195E-05   -4.410556417636E-05   -9.430836379585E-05    2.303187640670E-04    0.000000000000E+00   -2.868646071840E-04   -1.531841712052E-04    1.072893971009E-04   -8.355934224058E-05
   -2.727575615952E-04    1.073969838719E-05   -3.448244679803E-05   -6.690272150123E-05    1.244811257924E-04    2.868646071840E-04    0.000000000000E+00   -3.414390795151E-04    1.805920881022E-04   -1.257508859203E-04
   -3.162490949667E-04    9.013697621662E-06   -2.836136072067E-05   -5.240437370750E-05    8.774976207615E-05    1.531841712052E-04    3.414390795151E-04    0.000000000000E+00    3.938802096520E-04   -2.067277409709E-04
    3.569571847011E-04   -7.749581365739E-06    2.408230807691E-05    4.325004036763E-05   -6.857623105132E-05   -1.072893971009E-04   -1.805920881022E-04   -3.938802096520E-04    0.000000000000E+00    4.440093711360E-04
   -3.946396554803E-04    6.782274149944E-06   -2.090379269564E-05   -3.686576679259E-05    5.657895847368E-05    8.355934224058E-05    1.257508859203E-04    2.067277409709E-04   -4.440093711360E-04    0.000000000000E+00
   175.59647496287977     
    0.000000000000E+00    2.533888996074E-05   -7.577188204255E-05   -1.254768340487E-04    1.739891450161E-04    2.208742623859E-04    2.657376129696E-04    3.082326489366E-04   -3.480667335173E-04    3.850047456014E-04
   -2.533888996074E-05    0.000000000000E+00    4.360981397140E-05    2.417809233674E-05   -1.687338496748E-05   -1.296496905795E-05   -1.051285543029E-05   -8.824311720615E-06    7.587691314042E-06   -6.641452804441E-06
    7.577188204255E-05   -4.360981397140E-05    0.000000000000E+00   -1.086881936439E-04    6.068042424340E-05    4.317068246697E-05    3.375494488015E-05    2.776616981329E-05   -2.357984557278E-05    2.047032321007E-05
    1.254768340487E-04   -2.417809233674E-05    1.086881936439E-04    0.000000000000E+00    1.682056877900E-04    9.231373276405E-05    6.549441215528E-05    5.130719231685E-05   -4.234985511062E-05    3.610324922566E-05
   -1.739891450161E-04    1.687338496748E-05   -6.068042424340E-05   -1.682056877900E-04    0.000000000000E+00   -2.254631278183E-04   -1.218694691522E-04   -8.591887965615E-05    6.715403356800E-05   -5.541308232691E-05
   -2.208742623859E-04    1.296496905795E-05   -4.317068246697E-05   -9.231373276405E-05    2.254631278183E-04    0.000000000000E+00   -2.808718826502E-04   -1.500022419234E-04    1.050746618479E-04   -8.184586675844E-05
   -2.657376129696E-04    1.051285543029E-05   -3.375494488015E-05   -6.549441215528E-05    1.218694691522E-04    2.808718826502E-04    0.000000000000E+00   -3.343847129655E-04    1.768850414440E-04   -1.231873355986E-04
   -3.082326489366E-04    8.824311720615E-06   -2.776616981329E-05   -5.130719231685E-05    8.591887965615E-05    1.500022419234E-04    3.343847129655E-04    0.000000000000E+00    3.858467756143E-04   -2.025417512628E-04
    3.480667335173E-04   -7.587691314042E-06    2.357984557278E-05    4.234985511062E-05   -6.715403356800E-05   -1.050746618479E-04   -1.768850414440E-04   -3.858467756143E-04    0.000000000000E+00    4.350856089570E-04
   -3.850047456014E-04    6.641452804441E-06   -2.047032321007E-05   -3.610324922566E-05    5.541308232691E-05    8.184586675844E-05    1.231873355986E-04    2.025417512628E-04   -4.350856089570E-04    0.000000000000E+00
   177.48968472089086     
    0.000000000000E+00    2.466475230481E-05   -7.376108817456E-05   -1.221638122875E-04    1.694298739329E-04    2.151442629452E-04    2.589293179007E-04    3.004523083011E-04   -3.394310336405E-04    3.756373215543E-04
   -2.466475230481E-05    0.000000000000E+00    4.268110557183E-05    2.366422885275E-05   -1.651582162919E-05   -1.269126835264E-05   -1.029192702271E-05   -8.639825532922E-06    7.429955353754E-06   -6.504215009979E-06
    7.376108817456E-05   -4.268110557183E-05    0.000000000000E+00   -1.063806049474E-04    5.939590492447E-05    4.226030261175E-05    3.304637488977E-05    2.718634613691E-05   -2.309024840474E-05    2.004785909810E-05
    1.221638122875E-04   -2.366422885275E-05    1.063806049474E-04    0.000000000000E+00    1.646524267864E-04    9.037119019743E-05    6.412261299502E-05    5.023822571503E-05   -4.147262069540E-05    3.536000353027E-05
   -1.694298739329E-04    1.651582162919E-05   -5.939590492447E-05   -1.646524267864E-04    0.000000000000E+00   -2.207336297710E-04   -1.193251460363E-04   -8.413480451018E-05    6.576787034835E-05   -5.427647679940E-05
   -2.151442629452E-04    1.269126835264E-05   -4.226030261175E-05   -9.037119019743E-05    2.207336297710E-04    0.000000000000E+00   -2.750325709784E-04   -1.469010495546E-04    1.029155918778E-04   -8.017504110331E-05
   -2.589293179007E-04    1.029192702271E-05   -3.304637488977E-05   -6.412261299502E-05    1.193251460363E-04    2.750325709784E-04    0.000000000000E+00   -3.275077435040E-04    1.732702771908E-04   -1.206869388527E-04
   -3.004523083011E-04    8.639825532922E-06   -2.718634613691E-05   -5.023822571503E-05    8.413480451018E-05    1.469010495546E-04    3.275077435040E-04    0.000000000000E+00    3.780111613887E-04   -1.984576805984E-04
    3.394310336405E-04   -7.429955353754E-06    2.309024840474E-05    4.147262069540E-05   -6.576787034835E-05   -1.029155918778E-04   -1.732702771908E-04   -3.780111613887E-04    0.000000000000E+00    4.263763540029E-04
   -3.756373215543E-04    6.504215009979E-06   -2.004785909810E-05   -3.536000353027E-05    5.427647679940E-05    8.017504110331E-05    1.206869388527E-04    1.984576805984E-04   -4.263763540029E-04    0.000000000000E+00
   179.39304573765813     
    0.000000000000E+00    2.401204075868E-05   -7.181396279268E-05   -1.189549030386E-04    1.650122634873E-04    2.095896221134E-04    2.523254592555E-04    2.929003029214E-04   -3.310420530319E-04    3.665293702620E-04
   -2.401204075868E-05    0.000000000000E+00    4.177699150447E-05    2.316393082729E-05   -1.616765443120E-05   -1.242471813204E-05   -1.007673085579E-05   -8.460089602422E-06    7.276248091881E-06   -6.370453646691E-06
    7.181396279268E-05   -4.177699150447E-05    0.000000000000E+00   -1.041338331234E-04    5.814508269257E-05    4.137366413514E-05    3.235615508130E-05    2.662142251788E-05   -2.261312964453E-05    1.963607269082E-05
    1.189549030386E-04   -2.316393082729E-05    1.041338331234E-04    0.000000000000E+00    1.611920655889E-04    8.847912850458E-05    6.278620893825E-05    4.919662181091E-05   -4.061765182886E-05    3.463546040497E-05
   -1.650122634873E-04    1.616765443120E-05   -5.814508269257E-05   -1.611920655889E-04    0.000000000000E+00   -2.161264086551E-04   -1.168461180836E-04   -8.239613662306E-05    6.441667673656E-05   -5.316828714909E-05
   -2.095896221134E-04    1.242471813204E-05   -4.137366413514E-05   -8.847912850458E-05    2.161264086551E-04    0.000000000000E+00   -2.693420799354E-04   -1.438782088470E-04    1.008105646973E-04   -7.854563830914E-05
   -2.523254592555E-04    1.007673085579E-05   -3.235615508130E-05   -6.278620893825E-05    1.168461180836E-04    2.693420799354E-04    0.000000000000E+00   -3.208030059090E-04    1.697451486161E-04   -1.182479110942E-04
   -2.929003029214E-04    8.460089602422E-06   -2.662142251788E-05   -4.919662181091E-05    8.239613662306E-05    1.438782088470E-04    3.208030059090E-04    0.000000000000E+00    3.703677951551E-04   -1.944727068228E-04
    3.310420530319E-04   -7.276248091881E-06    2.261312964453E-05    4.061765182886E-05   -6.441667673656E-05   -1.008105646973E-04   -1.697451486161E-04   -3.703677951551E-04    0.000000000000E+00    4.178757955620E-04
   -3.665293702620E-04    6.370453646691E-06   -1.963607269082E-05   -3.463546040497E-05    5.316828714909E-05    7.854563830914E-05    1.182479110942E-04    1.944727068228E-04   -4.178757955620E-04    0.000000000000E+00
   181.30655801318150     
    0.000000000000E+00    2.337996424792E-05   -6.992816771390E-05   -1.158463237158E-04    1.607312500639E-04    2.042042084263E-04    2.459190870553E-04    2.855691346394E-04   -3.228920213710E-04    3.576731166751E-04
   -2.337996424792E-05    0.000000000000E+00    4.089669386791E-05    2.267677118161E-05   -1.582858952551E-05   -1.216509664133E-05   -9.867090858828E-06   -8.284959516303E-06    7.126448313693E-06   -6.240065128932E-06
    6.992816771390E-05   -4.089669386791E-05    0.000000000000E+00   -1.019459682788E-04    5.692690650230E-05    4.051003281865E-05    3.168372351062E-05    2.607094745542E-05   -2.214811517327E-05    1.923464705261E-05
    1.158463237158E-04   -2.267677118161E-05    1.019459682788E-04    0.000000000000E+00    1.578217214627E-04    8.663599508986E-05    6.148412246965E-05    4.818155677204E-05   -3.978428561382E-05    3.392906893090E-05
   -1.607312500639E-04    1.582858952551E-05   -5.692690650230E-05   -1.578217214627E-04    0.000000000000E+00   -2.116377335480E-04   -1.144304145870E-04   -8.070152163288E-05    6.309942221430E-05   -5.208768565044E-05
   -2.042042084263E-04    1.216509664133E-05   -4.051003281865E-05   -8.663599508986E-05    2.116377335480E-04    0.000000000000E+00   -2.637959668407E-04   -1.409314106621E-04    9.875800856584E-05   -7.695646911806E-05
   -2.459190870553E-04    9.867090858828E-06   -3.168372351062E-05   -6.148412246965E-05    1.144304145870E-04    2.637959668407E-04    0.000000000000E+00   -3.142654956163E-04    1.663070893604E-04   -1.158685207322E-04
   -2.855691346394E-04    8.284959516303E-06   -2.607094745542E-05   -4.818155677204E-05    8.070152163288E-05    1.409314106621E-04    3.142654956163E-04    0.000000000000E+00    3.629112686920E-04   -1.905840883387E-04
    3.228920213710E-04   -7.126448313693E-06    2.214811517327E-05    3.978428561382E-05   -6.309942221430E-05   -9.875800856584E-05   -1.663070893604E-04   -3.629112686920E-04    0.000000000000E+00    4.095782817259E-04
   -3.576731166751E-04    6.240065128932E-06   -1.923464705261E-05   -3.392906893090E-05    5.208768565044E-05    7.695646911806E-05    1.158685207322E-04    1.905840883387E-04   -4.095782817259E-04    0.000000000000E+00
   183.23022154746093     
    0.000000000000E+00    2.276776518017E-05   -6.810146301250E-05   -1.128344483964E-04    1.565819751388E-04    1.989821312232E-04    2.397035134464E-04    2.784515738165E-04   -3.149734288715E-04    3.490610253942E-04
   -2.276776518017E-05    0.000000000000E+00    4.003946410391E-05    2.220233884871E-05   -1.549834398575E-05   -1.191219028089E-05   -9.662837360869E-06   -8.114296049364E-06    6.980439112545E-06   -6.112949522071E-06
    6.810146301250E-05   -4.003946410391E-05    0.000000000000E+00   -9.981517188138E-05    5.574036423039E-05    3.966870133722E-05    3.102853856864E-05    2.553448558786E-05   -2.169484409597E-05    1.884327635131E-05
    1.128344483964E-04   -2.220233884871E-05    9.981517188138E-05    0.000000000000E+00    1.545386176658E-04    8.484029378310E-05    6.021531472802E-05    4.719223592950E-05   -3.897188233168E-05    3.324029725945E-05
   -1.565819751388E-04    1.549834398575E-05   -5.574036423039E-05   -1.545386176658E-04    0.000000000000E+00   -2.072640075961E-04   -1.120761346486E-04   -7.904965244633E-05    6.181511172563E-05   -5.103387272384E-05
   -1.989821312232E-04    1.191219028089E-05   -3.966870133722E-05   -8.484029378310E-05    2.072640075961E-04    0.000000000000E+00   -2.583899438982E-04   -1.380584250049E-04    9.675640472634E-05   -7.540638378102E-05
   -2.397035134464E-04    9.662837360869E-06   -3.102853856864E-05   -6.021531472802E-05    1.120761346486E-04    2.583899438982E-04    0.000000000000E+00   -3.078903759717E-04    1.629536174750E-04   -1.135470921018E-04
   -2.784515738165E-04    8.114296049364E-06   -2.553448558786E-05   -4.719223592950E-05    7.904965244633E-05    1.380584250049E-04    3.078903759717E-04    0.000000000000E+00    3.556363468260E-04   -1.867891692827E-04
    3.149734288715E-04   -6.980439112545E-06    2.169484409597E-05    3.897188233168E-05   -6.181511172563E-05   -9.675640472634E-05   -1.629536174750E-04   -3.556363468260E-04    0.000000000000E+00    4.014783312390E-04
   -3.490610253942E-04    6.112949522071E-06   -1.884327635131E-05   -3.324029725945E-05    5.103387272384E-05    7.540638378102E-05    1.135470921018E-04    1.867891692827E-04   -4.014783312390E-04    0.000000000000E+00
   185.16403634049647     
    0.000000000000E+00    2.217471752332E-05   -6.633170140593E-05   -1.099157989544E-04    1.525597738375E-04    1.939177274683E-04    2.336722987021E-04    2.715406454163E-04   -3.072790132530E-04    3.406857891836E-04
   -2.217471752332E-05    0.000000000000E+00    3.920458068455E-05    2.174023750847E-05   -1.517664494158E-05   -1.166579295679E-05   -9.463806577756E-06   -7.947964744805E-06    6.838107538358E-06   -5.989010241359E-06
    6.633170140593E-05   -3.920458068455E-05    0.000000000000E+00   -9.773967111543E-05    5.458447958671E-05    3.884898711439E-05    3.039007734884E-05    2.501161638625E-05   -2.125296766050E-05    1.846166494047E-05
    1.099157989544E-04   -2.174023750847E-05    9.773967111543E-05    0.000000000000E+00    1.513400750173E-04    8.309058032790E-05    5.897878239440E-05    4.622789140967E-05   -3.817982354072E-05    3.256863102926E-05
   -1.525597738375E-04    1.517664494158E-05   -5.458447958671E-05   -1.513400750173E-04    0.000000000000E+00   -2.030017572520E-04   -1.097814415349E-04   -7.743926538122E-05    6.056278275081E-05   -5.000607458388E-05
   -1.939177274683E-04    1.166579295679E-05   -3.884898711439E-05   -8.309058032790E-05    2.030017572520E-04    0.000000000000E+00   -2.531198655912E-04   -1.352570945176E-04    9.480428299694E-05   -7.389426872473E-05
   -2.336722987021E-04    9.463806577756E-06   -3.039007734884E-05   -5.897878239440E-05    1.097814415349E-04    2.531198655912E-04    0.000000000000E+00   -3.016729642929E-04    1.596823283194E-04   -1.112820006835E-04
   -2.715406454163E-04    7.947964744805E-06   -2.501161638625E-05   -4.622789140967E-05    7.743926538122E-05    1.352570945176E-04    3.016729642929E-04    0.000000000000E+00    3.485379526554E-04   -1.830853720709E-04
    3.072790132530E-04   -6.838107538358E-06    2.125296766050E-05    3.817982354072E-05   -6.056278275081E-05   -9.480428299694E-05   -1.596823283194E-04   -3.485379526554E-04    0.000000000000E+00    3.935706183384E-04
   -3.406857891836E-04    5.989010241359E-06   -1.846166494047E-05   -3.256863102926E-05    5.000607458388E-05    7.389426872473E-05    1.112820006835E-04    1.830853720709E-04   -3.935706183384E-04    0.000000000000E+00
   187.10800239228806     
    0.000000000000E+00    2.160012532109E-05   -6.461682393917E-05   -1.070870383060E-04    1.486601663462E-04    1.890055520801E-04    2.278192412853E-04    2.648296196036E-04   -2.998017515899E-04    3.325403226411E-04
   -2.160012532109E-05    0.000000000000E+00    3.839134795846E-05    2.129008496321E-05   -1.486322915756E-05   -1.142570577056E-05   -9.269840372061E-06   -7.785835722138E-06    6.699344439612E-06   -5.868153918540E-06
    6.461682393917E-05   -3.839134795846E-05    0.000000000000E+00   -9.571775611368E-05    5.345831062209E-05    3.805023130578E-05    2.976783489011E-05    2.450193356166E-05   -2.082214877707E-05    1.808952695780E-05
    1.070870383060E-04   -2.129008496321E-05    9.571775611368E-05    0.000000000000E+00    1.482235078749E-04    8.138546027331E-05    5.777355627176E-05    4.528778107954E-05   -3.740751124830E-05    3.191357268995E-05
   -1.486601663462E-04    1.486322915756E-05   -5.345831062209E-05   -1.482235078749E-04    0.000000000000E+00   -1.988476273477E-04   -1.075445601610E-04   -7.586913849489E-05    5.934150407237E-05   -4.900354227012E-05
   -1.890055520801E-04    1.142570577056E-05   -3.805023130578E-05   -8.138546027331E-05    1.988476273477E-04    0.000000000000E+00   -2.479817232348E-04   -1.325253317614E-04    9.290021998959E-05   -7.241904524413E-05
   -2.278192412853E-04    9.269840372061E-06   -2.976783489011E-05   -5.777355627176E-05    1.075445601610E-04    2.479817232348E-04    0.000000000000E+00   -2.956087262992E-04    1.564908918402E-04   -1.090716713434E-04
   -2.648296196036E-04    7.785835722138E-06   -2.450193356166E-05   -4.528778107954E-05    7.586913849489E-05    1.325253317614E-04    2.956087262992E-04    0.000000000000E+00    3.416111622370E-04   -1.794701948576E-04
    2.998017515899E-04   -6.699344439612E-06    2.082214877707E-05    3.740751124830E-05   -5.934150407237E-05   -9.290021998959E-05   -1.564908918402E-04   -3.416111622370E-04    0.000000000000E+00    3.858499680294E-04
   -3.325403226411E-04    5.868153918540E-06   -1.808952695780E-05   -3.191357268995E-05    4.900354227012E-05    7.241904524413E-05    1.090716713434E-04    1.794701948576E-04   -3.858499680294E-04    0.000000000000E+00
   189.06211970283579     
    0.000000000000E+00    2.104332153133E-05   -6.295485662136E-05   -1.043449652010E-04    1.448788514059E-04    1.842403708062E-04    2.221383708440E-04    2.583120055839E-04   -2.925348556404E-04    3.246177595279E-04
   -2.104332153133E-05    0.000000000000E+00    3.759909584668E-05    2.085151298249E-05   -1.455784293777E-05   -1.119173695767E-05   -9.080786213315E-06   -7.627783651938E-06    6.564044447677E-06   -5.750290392126E-06
    6.295485662136E-05   -3.759909584668E-05    0.000000000000E+00   -9.374777929086E-05    5.236094940370E-05    3.727179860795E-05    2.916132406028E-05    2.400504499558E-05   -2.040206197835E-05    1.772658630340E-05
    1.043449652010E-04   -2.085151298249E-05    9.374777929086E-05    0.000000000000E+00    1.451864233365E-04    7.972358862348E-05    5.659870110268E-05    4.437118845426E-05   -3.665436787116E-05    3.127464149230E-05
   -1.448788514059E-04    1.455784293777E-05   -5.236094940370E-05   -1.451864233365E-04    0.000000000000E+00   -1.947983804359E-04   -1.053637768641E-04   -7.433809151433E-05    5.815037578264E-05   -4.802555169407E-05
   -1.842403708062E-04    1.119173695767E-05   -3.727179860795E-05   -7.972358862348E-05    1.947983804359E-04    0.000000000000E+00   -2.429716447693E-04   -1.298611192737E-04    9.104283925623E-05   -7.097966968354E-05
   -2.221383708440E-04    9.080786213315E-06   -2.916132406028E-05   -5.659870110268E-05    1.053637768641E-04    2.429716447693E-04    0.000000000000E+00   -2.896932766742E-04    1.533770530659E-04   -1.069145787918E-04
   -2.583120055839E-04    7.627783651938E-06   -2.400504499558E-05   -4.437118845426E-05    7.433809151433E-05    1.298611192737E-04    2.896932766742E-04    0.000000000000E+00    3.348512062180E-04   -1.759412126058E-04
    2.925348556404E-04   -6.564044447677E-06    2.040206197835E-05    3.665436787116E-05   -5.815037578264E-05   -9.104283925623E-05   -1.533770530659E-04   -3.348512062180E-04    0.000000000000E+00    3.783113590394E-04
   -3.246177595279E-04    5.750290392126E-06   -1.772658630340E-05   -3.127464149230E-05    4.802555169407E-05    7.097966968354E-05    1.069145787918E-04    1.759412126058E-04   -3.783113590394E-04    0.000000000000E+00
   191.02638827213960     
    0.000000000000E+00    2.050366651878E-05   -6.134390602526E-05   -1.016865072752E-04    1.412116973545E-04    1.796171499265E-04    2.166239373112E-04    2.519815408361E-04   -2.854717618793E-04    3.169114441556E-04
   -2.050366651878E-05    0.000000000000E+00    3.682717825397E-05    2.042416643628E-05   -1.426024153430E-05   -1.096370144537E-05   -8.896496830315E-06   -7.473687473050E-06    6.432105740817E-06   -5.635332506080E-06
    6.134390602526E-05   -3.682717825397E-05    0.000000000000E+00   -9.182815148199E-05    5.129151990780E-05    3.651307580088E-05    2.857007445182E-05    2.352057186051E-05   -1.999239269545E-05    1.737257602768E-05
    1.016865072752E-04   -2.042416643628E-05    9.182815148199E-05    0.000000000000E+00    1.422264155015E-04    7.810366677983E-05    5.545331347052E-05    4.347742110832E-05   -3.591983496632E-05    3.065137243711E-05
   -1.412116973545E-04    1.426024153430E-05   -5.129151990780E-05   -1.422264155015E-04    0.000000000000E+00   -1.908508895241E-04   -1.032374356130E-04   -7.284498326067E-05    5.698852734176E-05   -4.707140208709E-05
   -1.796171499265E-04    1.096370144537E-05   -3.651307580088E-05   -7.810366677983E-05    1.908508895241E-04    0.000000000000E+00   -2.380858863418E-04   -1.272625052520E-04    8.923080838436E-05   -6.957513125529E-05
   -2.166239373112E-04    8.896496830315E-06   -2.857007445182E-05   -5.545331347052E-05    1.032374356130E-04    2.380858863418E-04    0.000000000000E+00   -2.839223698922E-04    1.503386274702E-04   -1.048092444879E-04
   -2.519815408361E-04    7.473687473050E-06   -2.352057186051E-05   -4.347742110832E-05    7.284498326067E-05    1.272625052520E-04    2.839223698922E-04    0.000000000000E+00    3.282534602930E-04   -1.724960723203E-04
    2.854717618793E-04   -6.432105740817E-06    1.999239269545E-05    3.591983496632E-05   -5.698852734176E-05   -8.923080838436E-05   -1.503386274702E-04   -3.282534602930E-04    0.000000000000E+00    3.709499142584E-04
   -3.169114441556E-04    5.635332506080E-06   -1.737257602768E-05   -3.065137243711E-05    4.707140208709E-05    6.957513125529E-05    1.048092444879E-04    1.724960723203E-04   -3.709499142584E-04    0.000000000000E+00
   193.00080810019949     
    0.000000000000E+00    1.998054671856E-05   -5.978215538729E-05   -9.910871490593E-05    1.376547342303E-04    1.751310472210E-04    2.112704014179E-04    2.458321818476E-04   -2.786061230761E-04    3.094149243206E-04
   -1.998054671856E-05    0.000000000000E+00    3.607497185582E-05    2.000770263479E-05   -1.397018869872E-05   -1.074142051928E-05   -8.716829950577E-06   -7.323430182097E-06    6.303429869628E-06   -5.523195961686E-06
    5.978215538729E-05   -3.607497185582E-05    0.000000000000E+00   -8.995733900436E-05    5.024917642402E-05    3.577347065056E-05    2.799363155583E-05    2.304814796679E-05   -1.959283672360E-05    1.702723788234E-05
    9.910871490593E-05   -2.000770263479E-05    8.995733900436E-05    0.000000000000E+00    1.393411611413E-04    7.652444024784E-05    5.433652023643E-05    4.260580950131E-05   -3.520337230004E-05    3.004331550884E-05
   -1.376547342303E-04    1.397018869872E-05   -5.024917642402E-05   -1.393411611413E-04    0.000000000000E+00   -1.870021326558E-04   -1.011639352033E-04   -7.138870976031E-05    5.585511616550E-05   -4.614041488027E-05
   -1.751310472210E-04    1.074142051928E-05   -3.577347065056E-05   -7.652444024784E-05    1.870021326558E-04    0.000000000000E+00   -2.333208261347E-04   -1.247276004217E-04    8.746283691032E-05   -6.820445048684E-05
   -2.112704014179E-04    8.716829950577E-06   -2.799363155583E-05   -5.433652023643E-05    1.011639352033E-04    2.333208261347E-04    0.000000000000E+00   -2.782918936419E-04    1.473734976889E-04   -1.027542344735E-04
   -2.458321818476E-04    7.323430182097E-06   -2.304814796679E-05   -4.260580950131E-05    7.138870976031E-05    1.247276004217E-04    2.782918936419E-04    0.000000000000E+00    3.218134385636E-04   -1.691324897808E-04
    2.786061230761E-04   -6.303429869628E-06    1.959283672360E-05    3.520337230004E-05   -5.585511616550E-05   -8.746283691032E-05   -1.473734976889E-04   -3.218134385636E-04    0.000000000000E+00    3.637608943454E-04
   -3.094149243206E-04    5.523195961686E-06   -1.702723788234E-05   -3.004331550884E-05    4.614041488027E-05    6.820445048684E-05    1.027542344735E-04    1.691324897808E-04   -3.637608943454E-04    0.000000000000E+00
   194.98537918701550     
    0.000000000000E+00    1.947337363681E-05   -5.826786170838E-05   -9.660875669895E-05    1.342041480883E-04    1.707774056681E-04    2.060724283818E-04    2.398580984006E-04   -2.719318037294E-04    3.021219483393E-04
   -1.947337363681E-05    0.000000000000E+00    3.534187579150E-05    1.960179116940E-05   -1.368745658172E-05   -1.052472175599E-05   -8.541648254162E-06   -7.176898801642E-06    6.177921734957E-06   -5.413799301879E-06
    5.826786170838E-05   -3.534187579150E-05    0.000000000000E+00   -8.813386296963E-05    4.923310320992E-05    3.505241169611E-05    2.743155662320E-05    2.258741967059E-05   -1.920310016086E-05    1.669032227882E-05
    9.660875669895E-05   -1.960179116940E-05    8.813386296963E-05    0.000000000000E+00    1.365284188242E-04    7.498469822931E-05    5.324747830548E-05    4.175570683739E-05   -3.450445776356E-05    2.945003562563E-05
   -1.342041480883E-04    1.368745658172E-05   -4.923310320992E-05   -1.365284188242E-04    0.000000000000E+00   -1.832491920769E-04   -9.914172891474E-05   -6.996820407840E-05    5.474932754871E-05   -4.523193367771E-05
   -1.707774056681E-04    1.052472175599E-05   -3.505241169611E-05   -7.498469822931E-05    1.832491920769E-04    0.000000000000E+00   -2.286729638315E-04   -1.222545778904E-04    8.573767630869E-05   -6.686667927207E-05
   -2.060724283818E-04    8.541648254162E-06   -2.743155662320E-05   -5.324747830548E-05    9.914172891474E-05    2.286729638315E-04    0.000000000000E+00   -2.727978688623E-04    1.444796137065E-04   -1.007481596034E-04
   -2.398580984006E-04    7.176898801642E-06   -2.258741967059E-05   -4.175570683739E-05    6.996820407840E-05    1.222545778904E-04    2.727978688623E-04    0.000000000000E+00    3.155267944040E-04   -1.658482501808E-04
    2.719318037294E-04   -6.177921734957E-06    1.920310016086E-05    3.450445776356E-05   -5.474932754871E-05   -8.573767630869E-05   -1.444796137065E-04   -3.155267944040E-04    0.000000000000E+00    3.567396996455E-04
   -3.021219483393E-04    5.413799301879E-06   -1.669032227882E-05   -2.945003562563E-05    4.523193367771E-05    6.686667927207E-05    1.007481596034E-04    1.658482501808E-04   -3.567396996455E-04    0.000000000000E+00
   196.98010153258755     
    0.000000000000E+00    1.898158257651E-05   -5.679935202770E-05   -9.418391358830E-05    1.308562733589E-04    1.665517446085E-04    2.010248784794E-04    2.340536641639E-04   -2.654428712448E-04    2.950264572944E-04
   -1.898158257651E-05    0.000000000000E+00    3.462731034710E-05    1.920611319366E-05   -1.341182524223E-05   -1.031343865599E-05   -8.370819084959E-06   -7.033984145426E-06    6.055489392120E-06   -5.307063744444E-06
    5.679935202770E-05   -3.462731034710E-05    0.000000000000E+00   -8.635629607894E-05    4.824251274153E-05    3.434934703926E-05    2.688342574719E-05    2.213804514348E-05   -1.882289880711E-05    1.636158778085E-05
    9.418391358830E-05   -1.920611319366E-05    8.635629607894E-05    0.000000000000E+00    1.337860241482E-04    7.348327108084E-05    5.218537288147E-05    4.092648774430E-05   -3.382258631854E-05    2.887111176678E-05
   -1.308562733589E-04    1.341182524223E-05   -4.824251274153E-05   -1.337860241482E-04    0.000000000000E+00   -1.795892481908E-04   -9.716932135592E-05   -6.858243417545E-05    5.367037304990E-05   -4.434532296677E-05
   -1.665517446085E-04    1.031343865599E-05   -3.434934703926E-05   -7.348327108084E-05    1.795892481908E-04    0.000000000000E+00   -2.241389136046E-04   -1.198416695533E-04    8.405411757334E-05   -6.556089905618E-05
   -2.010248784794E-04    8.370819084959E-06   -2.688342574719E-05   -5.218537288147E-05    9.716932135592E-05    2.241389136046E-04    0.000000000000E+00   -2.674364420916E-04    1.416549889890E-04   -9.878967296509E-05
   -2.340536641639E-04    7.033984145426E-06   -2.213804514348E-05   -4.092648774430E-05    6.858243417545E-05    1.198416695533E-04    2.674364420916E-04    0.000000000000E+00    3.093893124933E-04   -1.626412041496E-04
    2.654428712448E-04   -6.055489392120E-06    1.882289880711E-05    3.382258631854E-05   -5.367037304990E-05   -8.405411757334E-05   -1.416549889890E-04   -3.093893124933E-04    0.000000000000E+00    3.498818622082E-04
   -2.950264572944E-04    5.307063744444E-06   -1.636158778085E-05   -2.887111176678E-05    4.434532296677E-05    6.556089905618E-05    9.878967296509E-05    1.626412041496E-04   -3.498818622082E-04    0.000000000000E+00
   198.98497513691572     
    0.000000000000E+00    1.850463160718E-05   -5.537502041831E-05   -9.183157411126E-05    1.276075867942E-04    1.624497528545E-04    1.961227998693E-04    2.284134497817E-04   -2.591335898027E-04    2.881225801146E-04
   -1.850463160718E-05    0.000000000000E+00    3.393071625254E-05    1.882036104351E-05   -1.314308239204E-05   -1.010741045640E-05   -8.204214306692E-06   -6.894580704075E-06    5.936043957834E-06   -5.202913104351E-06
    5.537502041831E-05   -3.393071625254E-05    0.000000000000E+00   -8.462326093863E-05    4.727664480826E-05    3.366374373043E-05    2.634882940910E-05    2.169969401980E-05   -1.845195788107E-05    1.604080087091E-05
    9.183157411126E-05   -1.882036104351E-05    8.462326093863E-05    0.000000000000E+00    1.311118873072E-04    7.201902904403E-05    5.114941661738E-05    4.011754764813E-05   -3.315726951188E-05    2.830613658144E-05
   -1.276075867942E-04    1.314308239204E-05   -4.727664480826E-05   -1.311118873072E-04    0.000000000000E+00   -1.760195766019E-04   -9.524526696608E-05   -6.723040192154E-05    5.261748977256E-05   -4.347996756184E-05
   -1.624497528545E-04    1.010741045640E-05   -3.366374373043E-05   -7.201902904403E-05    1.760195766019E-04    0.000000000000E+00   -2.197154008933E-04   -1.174871645024E-04    8.241099019043E-05   -6.428622009466E-05
   -1.961227998693E-04    8.204214306692E-06   -2.634882940910E-05   -5.114941661738E-05    9.524526696608E-05    2.197154008933E-04    0.000000000000E+00   -2.622038822479E-04    1.388976989393E-04   -9.687746890099E-05
   -2.284134497817E-04    6.894580704075E-06   -2.169969401980E-05   -4.011754764813E-05    6.723040192154E-05    1.174871645024E-04    2.622038822479E-04    0.000000000000E+00    3.033969058645E-04   -1.595092663806E-04
    2.591335898027E-04   -5.936043957833E-06    1.845195788107E-05    3.315726951188E-05   -5.261748977256E-05   -8.241099019043E-05   -1.388976989393E-04   -3.033969058645E-04    0.000000000000E+00    3.431830433426E-04
   -2.881225801146E-04    5.202913104351E-06   -1.604080087091E-05   -2.830613658144E-05    4.347996756184E-05    6.428622009466E-05    9.687746890099E-05    1.595092663806E-04   -3.431830433426E-04    0.000000000000E+00
   201.00000000000000     
    0.000000000000E+00    1.804200051611E-05   -5.399332492399E-05   -8.954922956738E-05    1.244547012198E-04    1.584672815031E-04    1.913614209853E-04    2.229322153781E-04   -2.529984134686E-04    2.814046277149E-04
   -1.804200051611E-05    0.000000000000E+00    3.325155380887E-05    1.844423776279E-05   -1.288102307395E-05   -9.906481892186E-06   -8.041710116952E-06   -6.758586495471E-06    5.819499486727E-06   -5.101273689542E-06
    5.399332492399E-05   -3.325155380887E-05    0.000000000000E+00   -8.293342795218E-05    4.633476536952E-05    3.299508698443E-05    2.582737188981E-05    2.127204693325E-05   -1.809001164316E-05    1.572773563498E-05
    8.954922956738E-05   -1.844423776279E-05    8.293342795218E-05    0.000000000000E+00    1.285039899909E-04    7.059088060798E-05    5.013884850304E-05    3.932830194124E-05   -3.250803481945E-05    2.775471585167E-05
   -1.244547012198E-04    1.288102307395E-05   -4.633476536952E-05   -1.285039899909E-04    0.000000000000E+00   -1.725375442550E-04   -9.336816802378E-05   -6.591114176148E-05    5.158993937282E-05   -4.263527182229E-05
   -1.584672815031E-04    9.906481892186E-06   -3.299508698443E-05   -7.059088060798E-05    1.725375442550E-04    0.000000000000E+00   -2.153992580358E-04   -1.151894068216E-04    8.080716067875E-05   -6.304178037523E-05
   -1.913614209853E-04    8.041710116952E-06   -2.582737188981E-05   -5.013884850304E-05    9.336816802378E-05    2.153992580358E-04    0.000000000000E+00   -2.570965760238E-04    1.362058786151E-04   -9.501028151560E-05
   -2.229322153781E-04    6.758586495471E-06   -2.127204693325E-05   -3.932830194124E-05    6.591114176148E-05    1.151894068216E-04    2.570965760238E-04    0.000000000000E+00    2.975456113267E-04   -1.564504134033E-04
    2.529984134686E-04   -5.819499486727E-06    1.809001164316E-05    3.250803481945E-05   -5.158993937282E-05   -8.080716067875E-05   -1.362058786151E-04   -2.975456113267E-04    0.000000000000E+00    3.366390293142E-04
   -2.814046277149E-04    5.101273689542E-06   -1.572773563498E-05   -2.775471585167E-05    4.263527182229E-05    6.304178037523E-05    9.501028151560E-05    1.564504134033E-04   -3.366390293142E-04    0.000000000000E+00
