   9.9999999999999995E-007
    0.000000000000E+00   -3.338476886055E-24    1.251928832278E-24   -3.833066054393E-25   -8.067985808029E-25
    1.135082141261E-23    0.000000000000E+00    1.083150278595E-23    2.392575101691E-24    1.053474928496E-24
    2.726422790297E-24   -1.038637253448E-23    0.000000000000E+00   -4.451302514779E-25    1.177740457034E-24
   -7.047895648393E-25   -2.183920296313E-24    1.914060081356E-24    0.000000000000E+00   -9.156965173251E-24
    6.816056975747E-25   -1.008961903349E-24   -2.012359678554E-24    8.680039903809E-24    0.000000000000E+00
   3.1506837268610122E-004
    0.000000000000E+00    4.137274775600E-21    7.012323791646E-22   -1.558294226865E-22   -1.424378156401E-22
   -9.396517390070E-21    0.000000000000E+00    7.012333428843E-22    6.793187420759E-22   -2.804930358118E-23
   -7.187632154786E-22   -1.285593562664E-21    0.000000000000E+00   -6.311097184015E-22    3.126327268595E-22
    2.025782658841E-22   -4.032085356951E-22    7.012381183266E-23    0.000000000000E+00   -4.006995362600E-23
    2.169437511393E-22   -7.012323108422E-23   -3.739905548448E-22    3.005276543125E-22    0.000000000000E+00
   1.2572734907444049E-003
    0.000000000000E+00    2.483823974118E-20    4.966898436159E-21   -2.456242753623E-21    3.672704352070E-22
   -2.162021830184E-20    0.000000000000E+00    2.629079368879E-21    3.760149028629E-21   -3.730997718127E-22
   -3.637725446435E-21    3.340525821355E-21    0.000000000000E+00    8.608182975919E-21    1.095981058552E-21
    3.933096238937E-21   -4.809493393034E-21   -8.048532098522E-21    0.000000000000E+00    4.684527803797E-21
   -3.235481398743E-22    1.436435197429E-21   -1.375806233846E-21   -2.472985516908E-22    0.000000000000E+00
   2.8276153541749107E-003
    0.000000000000E+00    9.350605884106E-20   -1.117058684038E-20   -1.538377255398E-21   -9.636521995856E-22
   -8.249254477696E-20    0.000000000000E+00    1.825252651692E-19    1.545783122377E-20    1.552334529988E-21
   -2.832008527704E-21   -1.837838898641E-19    0.000000000000E+00   -1.108855703713E-20    3.277736443282E-21
    2.657181279395E-21   -1.553650185633E-20    1.134032739041E-20    0.000000000000E+00    5.556933886090E-20
    2.792637369464E-21   -1.132786554500E-21   -2.727076553983E-21   -4.801739357622E-20    0.000000000000E+00
   5.0260939629776192E-003
    0.000000000000E+00    1.588319734207E-18   -2.516877833924E-20    2.361543189658E-21    5.837766304907E-21
   -1.612371886119E-18    0.000000000000E+00    3.900498899484E-19   -5.243543873101E-21   -4.847379937072E-21
    2.684670622918E-20   -3.743885414894E-19    0.000000000000E+00   -1.971152129178E-19   -1.817759332039E-20
   -3.729790156789E-22    2.096558822249E-22    1.819017855503E-19    0.000000000000E+00    1.548591615857E-19
   -8.040072054394E-21    3.355799409909E-21    1.817759240529E-20   -1.534211525971E-19    0.000000000000E+00
   7.8527093171525293E-003
    0.000000000000E+00    3.636845271336E-17    2.599782888755E-20   -2.009810769909E-20    1.032254800819E-20
   -3.645845603014E-17    0.000000000000E+00    8.602840502084E-18   -1.103219514478E-20   -3.145848421847E-21
   -2.687124951134E-20   -8.602256439093E-18    0.000000000000E+00   -5.050901193441E-18    1.186957981345E-20
    2.514720364198E-20    1.419979157297E-20    5.100886632107E-18    0.000000000000E+00    3.683935488710E-18
   -4.369267674482E-21    7.923027353716E-21   -9.466433895569E-21   -3.686181869750E-18    0.000000000000E+00
   1.1307461416699643E-002
    0.000000000000E+00    4.677757575823E-16   -2.264898545015E-20   -2.237414409605E-21   -1.729374715435E-21
   -4.676234969076E-16    0.000000000000E+00    1.103417311621E-16    6.118263499053E-20    2.012694763258E-21
    1.289728567287E-20   -1.103887111585E-16    0.000000000000E+00   -6.605656988865E-17    3.208486312262E-20
   -8.948447232764E-21   -5.646329739471E-20    6.602737629931E-17    0.000000000000E+00    4.725911553366E-17
    4.953466866767E-21    3.020702129788E-21   -4.036842643317E-20   -4.725084658383E-17    0.000000000000E+00
   1.5390350261618960E-002
    0.000000000000E+00    4.045476567214E-15   -6.636512519628E-20   -1.274874359476E-20    3.104395503304E-21
   -4.045488556781E-15    0.000000000000E+00    9.538088453053E-16   -1.926386505619E-20   -1.803748602820E-20
   -1.413489300050E-20   -9.538670738733E-16    0.000000000000E+00   -5.721805070457E-16   -2.040398555668E-20
    3.995378310044E-21    2.504379165265E-20    5.721784511736E-16    0.000000000000E+00    4.087757061054E-16
   -1.926131670449E-21    1.369949897541E-20    2.953823187849E-20   -4.087972403811E-16    0.000000000000E+00
   2.0101375851910477E-002
    0.000000000000E+00    2.622481810585E-14    8.999332907392E-20   -1.168113472846E-20   -2.515583145733E-21
   -2.622414693964E-14    0.000000000000E+00    6.181205095921E-15   -7.632505042399E-20   -2.266257213181E-20
   -1.716422480078E-19   -6.181309507656E-15    0.000000000000E+00   -3.708686381834E-15    3.932588173565E-20
    7.201883001445E-21    4.276702123170E-20    3.708693541424E-15    0.000000000000E+00    2.648899423835E-15
   -6.154199403280E-21    2.564571102893E-20   -4.752673849303E-20   -2.648893022461E-15    0.000000000000E+00
   2.5440538187574194E-002
    0.000000000000E+00    1.363480262326E-13    6.860943847405E-20   -2.139094502947E-20   -2.759839829570E-20
   -1.363478677660E-13    0.000000000000E+00    3.213722478014E-14    1.022505568587E-19   -1.811206271859E-20
    4.530247686090E-20   -3.213717381604E-14    0.000000000000E+00   -1.928294842160E-14    1.655705549270E-19
   -5.221422445859E-20   -8.102048948037E-20    1.928290428768E-14    0.000000000000E+00    1.377335506545E-14
   -2.658435788744E-21    1.018951703139E-20   -1.551853025552E-19   -1.377343030180E-14    0.000000000000E+00
   3.1407837268610121E-002
    0.000000000000E+00    5.956755947029E-13   -7.166718834640E-20   -2.404145249364E-20   -1.243708764891E-20
   -5.956753363092E-13    0.000000000000E+00    1.404015916227E-13   -4.673898319853E-20    1.771467891112E-20
    4.453436381585E-20   -1.404016476216E-13    0.000000000000E+00   -8.424124697285E-14    6.103352972257E-21
    7.102791860595E-20    1.572300511445E-20    8.424125538453E-14    0.000000000000E+00    6.017201890589E-14
    1.353425164020E-20   -1.724134129882E-20   -4.279779758377E-20   -6.017203086082E-14    0.000000000000E+00
   3.8003273095018247E-002
    0.000000000000E+00    2.260431913762E-12   -7.704675307303E-20   -5.204617478889E-21    2.852697383354E-20
   -2.260432899584E-12    0.000000000000E+00    5.327894690090E-13   -1.473907456163E-20   -3.663178930875E-20
    1.098499143848E-19   -5.327893872514E-13    0.000000000000E+00   -3.196734666816E-13    1.313206424995E-19
   -7.037341621834E-21    4.800369776304E-20    3.196734902500E-13    0.000000000000E+00    2.283380758053E-13
   -4.781707056514E-20    2.983910975293E-20   -1.528361544900E-19   -2.283381640747E-13    0.000000000000E+00
   4.5226845666798576E-002
    0.000000000000E+00    7.635303011279E-12    5.131397161128E-20   -6.038681755000E-20    3.267377866135E-20
   -7.635303403665E-12    0.000000000000E+00    1.799658124810E-12   -1.771619613297E-19   -1.180062438341E-19
    1.032910985239E-20   -1.799658107929E-12    0.000000000000E+00   -1.079794321707E-12    1.638020885562E-19
    4.079601968909E-20    1.620408544493E-19    1.079794235052E-12    0.000000000000E+00    7.712822486416E-13
   -1.822447135670E-20    1.193350881955E-19   -1.864978272382E-19   -7.712822658751E-13    0.000000000000E+00
   5.3078554983951101E-002
    0.000000000000E+00    2.338740911697E-11    6.137634943591E-20   -9.236657565928E-20    1.067530851696E-20
   -2.338740849754E-11    0.000000000000E+00    5.512465647184E-12   -7.133117908108E-19    1.667019517012E-19
    4.789792675630E-20   -5.512465780978E-12    0.000000000000E+00   -3.307479313308E-12   -7.839046171755E-20
    8.707588137056E-20    7.487227040995E-19    3.307479159200E-12    0.000000000000E+00    2.362485990052E-12
    4.478413385911E-21   -1.651346650003E-19    1.015275551516E-19   -2.362485973156E-12    0.000000000000E+00
   6.1558401046475843E-002
    0.000000000000E+00    6.590611730346E-11    6.467883159919E-20    1.449997620788E-20    3.444955421931E-21
   -6.590611790524E-11    0.000000000000E+00    1.553422178237E-11    1.389773766656E-19   -7.764814431455E-20
   -2.015467799182E-20   -1.553422175030E-11    0.000000000000E+00   -9.320532128870E-12    2.634739276617E-19
    7.753803422054E-20   -9.873800297224E-20    9.320532222025E-12    0.000000000000E+00    6.657522105276E-12
    7.751149699344E-21    6.291101217636E-20   -2.371372784889E-19   -6.657522230819E-12    0.000000000000E+00
   7.0666383854372766E-002
    0.000000000000E+00    1.728300803643E-10    3.029734839249E-19    6.632553132585E-20    6.010343172569E-20
   -1.728300814165E-10    0.000000000000E+00    4.073644035215E-11   -2.760720392185E-19   -5.749057403166E-20
   -6.180953350887E-19   -4.073644066057E-11    0.000000000000E+00   -2.444186423590E-11    4.486655093858E-19
   -1.918050488653E-20    2.446857584951E-19    2.444186430912E-11    0.000000000000E+00    1.745847398585E-11
   -1.106808502268E-19    2.812724753044E-20   -4.376436014634E-19   -1.745847428938E-11    0.000000000000E+00
   8.0402503407641907E-002
    0.000000000000E+00    4.256551296789E-10   -5.710226564770E-20   -3.488985050186E-19    2.367800153866E-20
   -4.256551282023E-10    0.000000000000E+00    1.003278754424E-10    2.566221700940E-20   -4.759355495782E-20
    6.803922007379E-20   -1.003278758539E-10    0.000000000000E+00   -6.019672579411E-11   -1.667855790178E-19
    2.276765179926E-19   -1.298499309668E-19    6.019672603016E-11    0.000000000000E+00    4.299766098435E-11
   -3.372977211275E-20    5.226058834053E-20    1.225431739896E-19   -4.299766072397E-11    0.000000000000E+00
   9.0766759706283243E-002
    0.000000000000E+00    9.919814070371E-10   -7.967190562627E-19    8.212573702682E-20    2.354879938701E-20
   -9.919814061582E-10    0.000000000000E+00    2.338122600924E-10    5.596217353153E-19   -3.451171265766E-20
    5.582768613580E-19   -2.338122601941E-10    0.000000000000E+00   -1.402873560569E-10    1.842888345527E-19
    2.215962402100E-20   -5.795295839248E-19    1.402873561212E-10    0.000000000000E+00    1.002052542765E-10
   -6.790077261969E-20    4.944839894033E-20   -1.675115392953E-19   -1.002052542530E-10    0.000000000000E+00
  0.10175915275029679     
    0.000000000000E+00    2.201167983172E-09   -3.223790967690E-18   -2.948763728750E-19   -8.150047241613E-20
   -2.201167982821E-09    0.000000000000E+00    5.188202703681E-10    5.988394874864E-19   -3.608321878831E-20
    3.260431985091E-18   -5.188202702814E-10    0.000000000000E+00   -3.112921615131E-10    6.393904116099E-19
    3.537328397662E-19   -4.983748261609E-19    3.112921614088E-10    0.000000000000E+00    2.223515431810E-10
    6.525820473461E-20   -2.176234413281E-20   -6.656570796545E-19   -2.223515433162E-10    0.000000000000E+00
  0.11337968253968253     
    0.000000000000E+00    4.674772878954E-09   -1.238460540750E-17   -7.314880778939E-20   -6.910951026998E-20
   -4.674772879659E-09    0.000000000000E+00    1.101854531822E-09    4.556632496508E-18   -6.210170960332E-20
    1.201465876170E-17   -1.101854531715E-09    0.000000000000E+00   -6.611127226024E-10    3.003268137051E-18
   -2.961586376838E-21   -4.457931576879E-18    6.611127225552E-10    0.000000000000E+00    4.722233730288E-10
   -2.069291271969E-20    2.822939096116E-20   -2.933544922883E-18   -4.722233727455E-10    0.000000000000E+00
  0.12562834907444048     
    0.000000000000E+00    9.543920213388E-09   -4.806543975409E-17    5.242396534740E-20   -9.012077136212E-22
   -9.543920212218E-09    0.000000000000E+00    2.249523561987E-09    1.651982275377E-17    3.160073879642E-20
    4.801273941241E-17   -2.249523561463E-09    0.000000000000E+00   -1.349714141072E-09    1.138888373957E-17
   -7.596049732960E-21   -1.648015095642E-17    1.349714141189E-09    0.000000000000E+00    9.640815293746E-10
   -1.516273720079E-20   -2.675507483340E-20   -1.139894813925E-17   -9.640815296220E-10    0.000000000000E+00
  0.13850515235457062     
    0.000000000000E+00    1.880050643679E-08   -1.708172614142E-16   -1.126969146814E-19   -1.489738723702E-19
   -1.880050643723E-08    0.000000000000E+00    4.431321863080E-09    6.036010759617E-17   -1.473619374324E-19
    1.715803980471E-16   -4.431321862937E-09    0.000000000000E+00   -2.658793118202E-09    3.956142528010E-17
    1.068772257725E-19   -6.020181398396E-17    2.658793118427E-09    0.000000000000E+00    1.899137942130E-09
    1.952675416270E-19    7.950824065792E-20   -3.953226133653E-17   -1.899137941851E-09    0.000000000000E+00
  0.15201009238007299     
    0.000000000000E+00    3.584884587750E-08   -5.685642749794E-16   -2.011224571621E-19   -1.627795941453E-19
   -3.584884587500E-08    0.000000000000E+00    8.449654003357E-09    2.007183373384E-16    1.322802523631E-19
    5.686273486468E-16   -8.449654003768E-09    0.000000000000E+00   -5.069792402180E-09    1.328666386426E-16
    2.452809867147E-19   -2.007881563165E-16    5.069792402004E-09    0.000000000000E+00    3.621280285937E-09
    1.289474488212E-19   -4.059857438897E-20   -1.329323307638E-16   -3.621280285761E-09    0.000000000000E+00
  0.16614316915094754     
    0.000000000000E+00    6.634985746338E-08   -1.794186364150E-15    3.793294976679E-19   -1.300254530192E-19
   -6.634985746220E-08    0.000000000000E+00    1.563881137896E-08    6.313719978043E-16   -1.054216518429E-19
    1.793373018243E-15   -1.563881138017E-08    0.000000000000E+00   -9.383286826616E-09    4.204290314410E-16
   -3.902474838237E-19   -6.315674745097E-16    9.383286826950E-09    0.000000000000E+00    6.702347735204E-09
    5.190386237151E-20    2.265225706715E-19   -4.203617878392E-16   -6.702347735206E-09    0.000000000000E+00
  0.18090438266719430     
    0.000000000000E+00    1.194819943803E-07   -5.369688062754E-15   -7.411900200280E-20    2.983275154209E-19
   -1.194819943739E-07    0.000000000000E+00    2.816217615170E-08    1.887462032267E-15    6.076544298613E-19
    5.369983320593E-15   -2.816217615135E-08    0.000000000000E+00   -1.689730569383E-08    1.259472677657E-15
    6.034392838496E-20   -1.887369948342E-15    1.689730569423E-08    0.000000000000E+00    1.206950406529E-08
   -3.650921530460E-19   -6.386508761402E-19   -1.259456424080E-15   -1.206950406558E-08    0.000000000000E+00
  0.19629373292881325     
    0.000000000000E+00    2.097823416031E-07   -1.535355773508E-14    1.263584389505E-19   -1.363668434164E-19
   -2.097823416081E-07    0.000000000000E+00    4.944617210517E-08    5.391732721398E-15   -3.831882615418E-19
    1.535344241654E-14   -4.944617210521E-08    0.000000000000E+00   -2.966770326608E-08    3.590912796350E-15
   -3.066057470885E-19   -5.391939704078E-15    2.966770326546E-08    0.000000000000E+00    2.119121662148E-08
    2.952306325791E-19    4.444231208663E-19   -3.590972007972E-15   -2.119121662146E-08    0.000000000000E+00
  0.21231121993580440     
    0.000000000000E+00    3.597777533155E-07   -4.203885910010E-14    1.747717333260E-19   -1.247839066164E-19
   -3.597777533153E-07    0.000000000000E+00    8.480042969904E-08    1.474708215707E-14    3.825995203283E-19
    4.203893500241E-14   -8.480042969907E-08    0.000000000000E+00   -5.088025781959E-08    9.820211916332E-15
   -1.873624908057E-19   -1.474714344629E-14    5.088025782003E-08    0.000000000000E+00    3.634304129493E-08
    6.226731171473E-20   -3.748778598797E-19   -9.820146228523E-15   -3.634304129502E-08    0.000000000000E+00
  0.22895684368816777     
    0.000000000000E+00    6.036690320471E-07   -1.105886825363E-13    5.216025991868E-19    3.457506072139E-20
   -6.036690320482E-07    0.000000000000E+00    1.422861553852E-07    3.874652688992E-14   -1.409260652085E-19
    1.105887254837E-13   -1.422861553853E-07    0.000000000000E+00   -8.537169322608E-08    2.579825541256E-14
   -3.206786019522E-19   -3.874643853410E-14    8.537169322555E-08    0.000000000000E+00    6.097978087704E-08
   -6.260346659505E-20    1.546177686620E-19   -2.579814893947E-14   -6.097978087716E-08    0.000000000000E+00
  0.24623060418590337     
    0.000000000000E+00    9.923895629645E-07   -2.802673777519E-13    1.663559255106E-19   -2.830726776668E-19
   -9.923895629639E-07    0.000000000000E+00    2.339084631835E-07    9.805973716478E-14   -2.490884124101E-20
    2.802670530514E-13   -2.339084631845E-07    0.000000000000E+00   -1.403450779068E-07    6.527501094467E-14
   -5.356514796398E-20   -9.805976619679E-14    1.403450779063E-07    0.000000000000E+00    1.002464842206E-07
    2.662373892363E-19   -9.771767936365E-21   -6.527484200520E-14   -1.002464842208E-07    0.000000000000E+00
  0.26413250142901112     
    0.000000000000E+00    1.600421011347E-06   -6.859169346029E-13    6.287232786667E-20   -1.157188249008E-19
   -1.600421011351E-06    0.000000000000E+00    3.772228499659E-07    2.396316817673E-13   -2.633864753605E-19
    6.859169718996E-13   -3.772228499659E-07    0.000000000000E+00   -2.263337099763E-07    1.594804019609E-13
   -2.266930988187E-19   -2.396319037778E-13    2.263337099773E-07    0.000000000000E+00    1.616669356977E-07
    3.563244359548E-20    1.291014947557E-19   -1.594803352487E-13   -1.616669356978E-07    0.000000000000E+00
  0.28266253541749109     
    0.000000000000E+00    2.534808875308E-06   -1.624576563138E-12   -1.544483680551E-18    8.946989029882E-20
   -2.534808875310E-06    0.000000000000E+00    5.974601815870E-07    5.666263238190E-13   -1.014796201090E-18
    1.624576436063E-12   -5.974601815880E-07    0.000000000000E+00   -3.584761089515E-07    3.770136108558E-13
    1.734413715839E-18   -5.666262843479E-13    3.584761089526E-07    0.000000000000E+00    2.560543635426E-07
   -7.566600022235E-21    1.285690106332E-18   -3.770135438418E-13   -2.560543635422E-07    0.000000000000E+00
  0.30182070615134327     
    0.000000000000E+00    3.946874622944E-06   -3.730842845780E-12   -3.802565292402E-18   -3.632819024455E-19
   -3.946874622949E-06    0.000000000000E+00    9.302872701399E-07    1.298931052285E-12   -1.737353077199E-18
    3.730841873479E-12   -9.302872701381E-07    0.000000000000E+00   -5.581723620766E-07    8.640364632507E-13
    4.127948933334E-18   -1.298930850127E-12    5.581723620780E-07    0.000000000000E+00    3.986945443416E-07
    2.408148601198E-19    1.658772795259E-18   -8.640364731793E-13   -3.986945443413E-07    0.000000000000E+00
  0.32160701363056765     
    0.000000000000E+00    6.047162118240E-06   -8.321836512812E-12   -1.288281532012E-17   -1.797779749094E-19
   -6.047162118230E-06    0.000000000000E+00    1.425329780283E-06    2.891702589580E-12   -5.427601875327E-18
    8.321835070901E-12   -1.425329780282E-06    0.000000000000E+00   -8.551978681521E-07    1.922993079028E-12
    1.291786517232E-17   -2.891702504490E-12    8.551978681523E-07    0.000000000000E+00    6.108556201107E-07
    3.142686731281E-19    5.372425287254E-18   -1.922993213372E-12   -6.108556201109E-07    0.000000000000E+00
  0.34202145785516419     
    0.000000000000E+00    9.124175967877E-06   -1.805716969023E-11   -3.997393788972E-17   -1.413866720123E-19
   -9.124175967882E-06    0.000000000000E+00    2.150588899957E-06    6.261410438090E-12   -1.649698325249E-17
    1.805717081621E-11   -2.150588899959E-06    0.000000000000E+00   -1.290353339929E-06    4.162583494402E-12
    4.010846346879E-17   -6.261410455299E-12    1.290353339930E-06    0.000000000000E+00    9.216809570970E-07
    1.644182996640E-19    1.646874115569E-17   -4.162583336476E-12   -9.216809570970E-07    0.000000000000E+00
  0.36306403882513300     
    0.000000000000E+00    1.356745914612E-05   -3.816861469294E-11   -1.218644888554E-16   -2.950314244747E-20
   -1.356745914612E-05    0.000000000000E+00    3.197880788770E-06    1.320528681606E-11   -4.950591698735E-17
    3.816861371563E-11   -3.197880788769E-06    0.000000000000E+00   -1.918728473136E-06    8.775968401973E-12
    1.216388070319E-16   -1.320528679911E-11    1.918728473135E-06    0.000000000000E+00    1.370520337961E-06
   -1.156801387023E-19    4.960853192237E-17   -8.775968388758E-12   -1.370520337962E-06    0.000000000000E+00
  0.38473475654047395     
    0.000000000000E+00    1.989550708758E-05   -7.869369709736E-11   -3.543704881160E-16    2.567378200749E-19
   -1.989550708758E-05    0.000000000000E+00    4.689415992788E-06    2.716005528008E-11   -1.434581460493E-16
    7.869369797837E-11   -4.689415992787E-06    0.000000000000E+00   -2.813649595317E-06    1.804362100073E-11
    3.544510908846E-16   -2.716005531250E-11    2.813649595318E-06    0.000000000000E+00    2.009749710942E-06
   -2.812334807492E-19    1.436073924579E-16   -1.804362112491E-11   -2.009749710942E-06    0.000000000000E+00
  0.40703361100118712     
    0.000000000000E+00    2.878891591496E-05   -1.584348615247E-10   -9.904789059631E-16    1.693759634310E-19
   -2.878891591497E-05    0.000000000000E+00    6.785612556859E-06    5.454068230837E-11   -4.000621247773E-16
    1.584348601694E-10   -6.785612556858E-06    0.000000000000E+00   -4.071367533151E-06    3.622002759059E-11
    9.909374272453E-16   -5.454068249702E-11    4.071367533151E-06    0.000000000000E+00    2.908119666543E-06
   -3.429196101930E-19    4.002699237327E-16   -3.622002727737E-11   -2.908119666543E-06    0.000000000000E+00
  0.42996060220727256     
    0.000000000000E+00    4.112900536871E-05   -3.118131450676E-10   -2.686200550186E-15   -5.977668477903E-20
   -4.112900536871E-05    0.000000000000E+00    9.694199536661E-06    1.070467197755E-10   -1.079086445474E-15
    3.118131446520E-10   -9.694199536659E-06    0.000000000000E+00   -5.816519719457E-06    7.106011156695E-11
    2.686149429431E-15   -1.070467196451E-10    5.816519719459E-06    0.000000000000E+00    4.154656942483E-06
    2.417458435432E-19    1.079160673685E-15   -7.106011139798E-11   -4.154656942483E-06    0.000000000000E+00
  0.45351573015873009     
    0.000000000000E+00    5.804193652474E-05   -6.004641082698E-10   -7.058465973643E-15    1.932573607949E-20
   -5.804193652474E-05    0.000000000000E+00    1.368061564500E-05    2.055444297927E-10   -2.817372970915E-15
    6.004641084523E-10   -1.368061564501E-05    0.000000000000E+00   -8.208369380569E-06    1.363866021858E-10
    7.058254499800E-15   -2.055444295632E-10    8.208369380570E-06    0.000000000000E+00    5.863120986182E-06
   -2.274792045731E-19    2.817219727058E-15   -1.363866023345E-10   -5.863120986182E-06    0.000000000000E+00
  0.47769899485555994     
    0.000000000000E+00    8.094805843610E-05   -1.132425550909E-09   -1.799029120231E-14   -7.048663194356E-19
   -8.094805843609E-05    0.000000000000E+00    1.907964036790E-05    3.864556976588E-10   -7.139847339418E-15
    1.132425549924E-09   -1.907964036790E-05    0.000000000000E+00   -1.144778420495E-05    2.563116845576E-10
    1.799048717451E-14   -3.864556979797E-10    1.144778420495E-05    0.000000000000E+00    8.176988717990E-06
    5.625352643490E-19    7.139948161631E-15   -2.563116847518E-10   -8.176988717990E-06    0.000000000000E+00
  0.50251039629776195     
    0.000000000000E+00    1.116158692834E-04   -2.093206526677E-09   -4.455379272302E-14    3.201368639413E-19
   -1.116158692834E-04    0.000000000000E+00    2.630811273173E-05    7.120439873729E-10   -1.757753032516E-14
    2.093206527580E-09   -2.630811273173E-05    0.000000000000E+00   -1.578486760142E-05    4.720277745589E-10
    4.455346353735E-14   -7.120439873317E-10    1.578486760142E-05    0.000000000000E+00    1.127490543006E-05
   -4.042989737631E-19    1.757762376957E-14   -4.720277744664E-10   -1.127490543007E-05    0.000000000000E+00
  0.52794993448533611     
    0.000000000000E+00    1.522195753790E-04   -3.795041259221E-09   -1.073140334874E-13    2.189294649234E-18
   -1.522195753790E-04    0.000000000000E+00    3.587849809459E-05    1.286623050349E-09   -4.207594963073E-14
    3.795041259822E-09   -3.587849809459E-05    0.000000000000E+00   -2.152709876991E-05    8.524985443011E-10
    1.073139066078E-13   -1.286623050153E-09    2.152709876991E-05    0.000000000000E+00    1.537649912262E-05
   -2.240514179067E-18    4.207613230812E-14   -8.524985443588E-10   -1.537649912263E-05    0.000000000000E+00
  0.55401760941828249     
    0.000000000000E+00    2.053987910719E-04   -6.753370015162E-09   -2.516609769321E-13    8.701587528733E-18
   -2.053987910719E-04    0.000000000000E+00    4.841295955578E-05    2.281568180421E-09   -9.803618362683E-14
    6.753370015608E-09   -4.841295955577E-05    0.000000000000E+00   -2.904777553885E-05    1.510939864280E-09
    2.516609712393E-13   -2.281568181171E-09    2.904777553885E-05    0.000000000000E+00    2.074841110237E-05
   -8.710244077655E-18    9.803642329173E-14   -1.510939864970E-09   -2.074841110237E-05    0.000000000000E+00
  0.58071342109660118     
    0.000000000000E+00    2.743184667548E-04   -1.180320730110E-08   -5.751260212146E-13    2.689702366035E-17
   -2.743184667547E-04    0.000000000000E+00    6.465748313442E-05    3.973123846484E-09   -2.225488891675E-13
    1.180320729968E-08   -6.465748313443E-05    0.000000000000E+00   -3.879448945709E-05    2.629707304833E-09
    5.751256355598E-13   -3.973123846748E-09    3.879448945709E-05    0.000000000000E+00    2.771034962004E-05
   -2.704092943653E-17    2.225492064538E-13   -2.629707304677E-09   -2.771034962004E-05    0.000000000000E+00
  0.60803736952029186     
    0.000000000000E+00    3.627266896112E-04   -2.027269431544E-08   -1.281971368490E-12    8.124343383967E-17
   -3.627266896112E-04    0.000000000000E+00    8.549550155536E-05    6.798409454462E-09   -4.926530210169E-13
    2.027269431346E-08   -8.549550155536E-05    0.000000000000E+00   -5.129730003732E-05    4.497123375258E-09
    1.281971324647E-12   -6.798409454455E-09    5.129730003732E-05    0.000000000000E+00    3.664092861676E-05
   -8.116653604429E-17    4.926531024290E-13   -4.497123375234E-09   -3.664092861676E-05    0.000000000000E+00
  0.63598945468935497     
    0.000000000000E+00    4.750076062599E-04   -3.423688545637E-08   -2.789409989596E-12    2.290362431671E-16
   -4.750076062599E-04    0.000000000000E+00    1.119603682637E-04    1.143674522859E-08   -1.064369400732E-12
    3.423688545712E-08   -1.119603682637E-04    0.000000000000E+00   -6.717621911571E-05    7.560894656053E-09
    2.789410395851E-12   -1.143674522953E-08    6.717621911571E-05    0.000000000000E+00    4.798301369743E-05
   -2.288538838903E-16    1.064369258117E-12   -7.560894655796E-09   -4.798301369743E-05    0.000000000000E+00
  0.66456967660379018     
    0.000000000000E+00    6.162264046745E-04   -5.688170950255E-08   -5.929139395798E-12    6.273778183799E-16
   -6.162264046745E-04    0.000000000000E+00    1.452459598023E-04    1.892544491932E-08   -2.246013796302E-12
    5.688170950196E-08   -1.452459598023E-04    0.000000000000E+00   -8.714757219542E-05    1.250407955586E-08
    5.929138776440E-12   -1.892544491922E-08    8.714757219542E-05    0.000000000000E+00    6.224826595185E-05
   -6.275236717522E-16    2.246013740321E-12   -1.250407955610E-08   -6.224826595186E-05    0.000000000000E+00
  0.69377803526359760     
    0.000000000000E+00    7.921631012884E-04   -9.301598157307E-08   -1.232032158585E-11    1.657961336245E-15
   -7.921631012884E-04    0.000000000000E+00    1.867146395498E-04    3.082150744187E-08   -4.632509748969E-12
    9.301598157283E-08   -1.867146395498E-04    0.000000000000E+00   -1.120287765546E-04    2.035104165134E-08
    1.232032195981E-11   -3.082150744126E-08    1.120287765546E-04    0.000000000000E+00    8.002055489779E-05
   -1.658074137094E-15    4.632509362536E-12   -2.035104165161E-08   -8.002055489779E-05    0.000000000000E+00
  0.72361453066877723     
    0.000000000000E+00    1.009331841244E-03   -1.497780726844E-07   -2.504333150130E-11    4.255239384735E-15
   -1.009331841244E-03    0.000000000000E+00    2.379018068607E-04    4.942309336755E-08   -9.345495117636E-12
    1.497780726867E-07   -2.379018068607E-04    0.000000000000E+00   -1.427410705221E-04    3.261239869881E-08
    2.504333082099E-11   -4.942309336751E-08    1.427410705221E-04    0.000000000000E+00    1.019579079799E-04
   -4.255270264934E-15    9.345495124246E-12   -3.261239869805E-08   -1.019579079799E-04    0.000000000000E+00
  0.75407916281932896     
    0.000000000000E+00    1.274982561643E-03   -2.375929274169E-07   -4.982807910356E-11    1.061225276682E-14
   -1.274982561643E-03    0.000000000000E+00    3.005162890730E-04    7.806714639547E-08   -1.845238033625E-11
    2.375929274163E-07   -3.005162890730E-04    0.000000000000E+00   -1.803097483741E-04    5.147955736407E-08
    4.982807925818E-11   -7.806714639574E-08    1.803097483741E-04    0.000000000000E+00    1.287926783838E-04
   -1.061221321732E-14    1.845238033606E-11   -5.147955736383E-08   -1.287926783838E-04    0.000000000000E+00
  0.78517193171525301     
    0.000000000000E+00    1.597082205448E-03   -3.714438952759E-07   -9.710168373459E-11    2.575308932729E-14
   -1.597082205448E-03    0.000000000000E+00    3.764359134282E-04    1.215218057660E-07   -3.568082367400E-11
    3.714438952756E-07   -3.764359134282E-04    0.000000000000E+00   -2.258615030600E-04    8.008086912572E-08
    9.710168428851E-11   -1.215218057663E-07    2.258615030600E-04    0.000000000000E+00    1.613296470383E-04
   -2.575319179110E-14    3.568082320217E-11   -8.008086912498E-08   -1.613296470383E-04    0.000000000000E+00
  0.81689283735654927     
    0.000000000000E+00    1.984273210478E-03   -5.725314240537E-07   -1.854369517297E-10    6.086354777299E-14
   -1.984273210478E-03    0.000000000000E+00    4.676977224066E-04    1.864940854212E-07   -6.760924622160E-11
    5.725314240552E-07   -4.676977224066E-04    0.000000000000E+00   -2.806185548580E-04    1.228125821054E-07
    1.854369521966E-10   -1.864940854221E-07    2.806185548580E-04    0.000000000000E+00    2.004418288960E-04
   -6.086346038830E-14    6.760924617781E-11   -1.228125821061E-07   -2.004418288960E-04    0.000000000000E+00
  0.84924187974321752     
    0.000000000000E+00    2.445807721994E-03   -8.703959649292E-07   -3.472309359783E-10    1.401902773654E-13
   -2.445807721994E-03    0.000000000000E+00    5.764824665546E-04    2.822743535615E-07   -1.256063542855E-10
    8.703959649301E-07   -5.764824665546E-04    0.000000000000E+00   -3.458893464536E-04    1.857583910591E-07
    3.472309363638E-10   -2.822743535619E-07    3.458893464536E-04    0.000000000000E+00    2.470638267282E-04
   -1.401905226453E-13    1.256063545317E-10   -1.857583910593E-07   -2.470638267282E-04    0.000000000000E+00
  0.88221905887525820     
    0.000000000000E+00    2.991456861858E-03   -1.305584226679E-06   -6.378514626829E-10    3.149476912648E-13
   -2.991456861858E-03    0.000000000000E+00    7.050932172164E-04    4.215390876898E-07   -2.289220287146E-10
    1.305584226678E-06   -7.050932172164E-04    0.000000000000E+00   -4.230557100274E-04    2.772112831173E-07
    6.378514625191E-10   -4.215390876895E-07    4.230557100274E-04    0.000000000000E+00    3.021826650411E-04
   -3.149478574747E-13    2.289220286835E-10   -2.772112831174E-07   -3.021826650411E-04    0.000000000000E+00
  0.91582437475267109     
    0.000000000000E+00    3.631395390888E-03   -1.932934900392E-06   -1.150053431350E-09    6.905808376007E-13
   -3.631395390888E-03    0.000000000000E+00    8.559281779805E-04    6.213318603332E-07   -4.095074481964E-10
    1.932934900391E-06   -8.559281779805E-04    0.000000000000E+00   -5.135565539401E-04    4.083103212293E-07
    1.150053430632E-09   -6.213318603332E-07    5.135565539401E-04    0.000000000000E+00    3.668261381691E-04
   -6.905812950935E-13    4.095074476232E-10   -4.083103212297E-07   -3.668261381691E-04    0.000000000000E+00
  0.95005782737545608     
    0.000000000000E+00    4.376063170847E-03   -2.825550935054E-06   -2.036221535947E-09    1.478839365889E-12
   -4.376063170847E-03    0.000000000000E+00    1.031448025607E-03    9.042392230514E-07   -7.193738698127E-10
    2.825550935053E-06   -1.031448025607E-03    0.000000000000E+00   -6.188682680398E-04    5.938028079613E-07
    2.036221536404E-09   -9.042392230508E-07    6.188682680398E-04    0.000000000000E+00    4.420488148046E-04
   -1.478839623677E-12    7.193738695726E-10   -5.938028079620E-07   -4.420488148046E-04    0.000000000000E+00
  0.98491941674361339     
    0.000000000000E+00    5.236005907243E-03   -4.079509377907E-06   -3.541976261533E-09    3.094766120823E-12
   -5.236005907243E-03    0.000000000000E+00    1.234138364306E-03    1.299772871296E-06   -1.241595015217E-09
    4.079509377907E-06   -1.234138364306E-03    0.000000000000E+00   -7.404821988880E-04    8.529387894620E-07
    3.541976261065E-09   -1.299772871295E-06    7.404821988880E-04    0.000000000000E+00    5.289159500275E-04
   -3.094765928207E-12    1.241595014807E-09   -8.529387894628E-07   -5.289159500275E-04    0.000000000000E+00
   1.0204091428571429     
    0.000000000000E+00    6.221698669020E-03   -5.819336072800E-06   -6.055911865630E-09    6.332790479027E-12
   -6.221698669020E-03    0.000000000000E+00    1.466468116274E-03    1.845962082429E-06   -2.106423314009E-09
    5.819336072800E-06   -1.466468116274E-03    0.000000000000E+00   -8.798796902049E-04    1.210500032237E-06
    6.055911866025E-09   -1.845962082429E-06    8.798796902049E-04    0.000000000000E+00    6.284856588164E-04
   -6.332790503505E-12    2.106423313990E-09   -1.210500032237E-06   -6.284856588164E-04    0.000000000000E+00
   1.0565270057160445     
    0.000000000000E+00    7.343356573004E-03   -8.204241038185E-06   -1.018173176180E-08    1.267875117016E-11
   -7.343356573004E-03    0.000000000000E+00    1.730844881487E-03    2.591150971434E-06   -3.514426001422E-09
    8.204241038183E-06   -1.730844881487E-03    0.000000000000E+00   -1.038505310714E-03    1.697959475945E-06
    1.018173176116E-08   -2.591150971435E-06    1.038505310714E-03    0.000000000000E+00    7.417897957179E-04
   -1.267875146554E-11    3.514426001240E-09   -1.697959475945E-06   -7.417897957179E-04    0.000000000000E+00
   1.0932730053203183     
    0.000000000000E+00    8.610737733127E-03   -1.143507166770E-05   -1.684079896744E-08    2.484958376743E-11
   -8.610737733127E-03    0.000000000000E+00    2.029568467706E-03    3.595983833790E-06   -5.769047389736E-09
    1.143507166770E-05   -2.029568467706E-03    0.000000000000E+00   -1.217738993399E-03    2.354759892328E-06
    1.684079896801E-08   -3.595983833791E-06    1.217738993399E-03    0.000000000000E+00    8.698140581714E-04
   -2.484958366407E-11    5.769047389603E-09   -2.354759892328E-06   -8.698140581714E-04    0.000000000000E+00
   1.1306471416699644     
    0.000000000000E+00    1.003294406142E-02   -1.576189627175E-05   -2.741508821231E-08    4.770512630955E-11
   -1.003294406142E-02    0.000000000000E+00    2.364783906746E-03    4.935549164347E-06   -9.321553505212E-09
    1.576189627175E-05   -2.364783906746E-03    0.000000000000E+00   -1.418867880608E-03    3.229692346964E-06
    2.741508821211E-08   -4.935549164347E-06    1.418867880608E-03    0.000000000000E+00    1.013477881396E-03
   -4.770512655317E-11    9.321553505035E-09   -3.229692346964E-06   -1.013477881396E-03    0.000000000000E+00
   1.1686494147649826     
    0.000000000000E+00    1.161822573893E-02   -2.149208188161E-05   -4.394263648539E-08    8.975355311842E-11
   -1.161822573893E-02    0.000000000000E+00    2.738435328332E-03    6.701639458778E-06   -1.483188965241E-08
    2.149208188161E-05   -2.738435328332E-03    0.000000000000E+00   -1.643058704240E-03    4.382346464365E-06
    4.394263648450E-08   -6.701639458778E-06    1.643058704240E-03    0.000000000000E+00    1.173614717687E-03
   -8.975355322810E-11    1.483188965284E-08   -4.382346464365E-06   -1.173614717687E-03    0.000000000000E+00
   1.2072798246053731     
    0.000000000000E+00    1.337379513602E-02   -2.899868027642E-05   -6.937972298666E-08    1.655815629879E-10
   -1.337379513602E-02    0.000000000000E+00    3.152222054952E-03    9.005070376059E-06   -2.324954330303E-08
    2.899868027642E-05   -3.152222054952E-03    0.000000000000E+00   -1.891331527339E-03    5.884595933329E-06
    6.937972298542E-08   -9.005070376060E-06    1.891331527339E-03    0.000000000000E+00    1.350953291057E-03
   -1.655815628576E-10    2.324954330329E-08   -5.884595933329E-06   -1.350953291057E-03    0.000000000000E+00
   1.2465383711911358     
    0.000000000000E+00    1.530565565720E-02   -3.872888796020E-05   -1.079460073665E-07    2.996919987453E-10
   -1.530565565720E-02    0.000000000000E+00    3.607558211238E-03    1.197799012485E-05   -3.591900673674E-08
    3.872888796020E-05   -3.607558211238E-03    0.000000000000E+00   -2.164535633575E-03    7.822074714844E-06
    1.079460073667E-07   -1.197799012485E-05    2.164535633575E-03    0.000000000000E+00    1.546100389739E-03
   -2.996919983644E-10    3.591900673703E-08   -7.822074714845E-06   -1.546100389739E-03    0.000000000000E+00
   1.2864250545222706     
    0.000000000000E+00    1.741845043578E-02   -5.121230266566E-05   -1.655705185806E-07    5.324349589810E-10
   -1.741845043578E-02    0.000000000000E+00    4.105537014279E-03    1.577609893023E-05   -5.471481826522E-08
    5.121230266566E-05   -4.105537014279E-03    0.000000000000E+00   -2.463328276822E-03    1.029559261033E-05
    1.655705185799E-07   -1.577609893023E-05    2.463328276822E-03    0.000000000000E+00    1.759525706207E-03
   -5.324349589582E-10    5.471481826506E-08   -1.029559261033E-05   -1.759525706207E-03    0.000000000000E+00
   1.3269398745987775     
    0.000000000000E+00    1.971533504459E-02   -6.706866422469E-05   -2.504574857250E-07    9.289836125950E-10
   -1.971533504459E-02    0.000000000000E+00    4.646900735407E-03    2.058069000092E-05   -8.221136438986E-08
    6.706866422469E-05   -4.646900735407E-03    0.000000000000E+00   -2.788156899514E-03    1.342243376572E-05
    2.504574857254E-07   -2.058069000092E-05    2.788156899514E-03    0.000000000000E+00    1.991549160446E-03
   -9.289836119256E-10    8.221136439034E-08   -1.342243376572E-05   -1.991549160446E-03    0.000000000000E+00
   1.3680828314206568     
    0.000000000000E+00    2.219787746715E-02   -8.701474439047E-05   -3.737912943234E-07    1.592641329314E-09
   -2.219787746715E-02    0.000000000000E+00    5.232017110318E-03    2.660041830464E-05   -1.218925818432E-07
    8.701474439047E-05   -5.232017110318E-03    0.000000000000E+00   -3.139245301801E-03    1.733747880897E-05
    3.737912943231E-07   -2.660041830464E-05    3.139245301801E-03    0.000000000000E+00    2.242331051796E-03
   -1.592641329405E-09    1.218925818433E-07   -1.733747880897E-05   -2.242331051796E-03    0.000000000000E+00
   1.4098539249879083     
    0.000000000000E+00    2.486598754449E-02   -1.118700408687E-04   -5.505990971529E-07    2.684177818901E-09
   -2.486598754449E-02    0.000000000000E+00    5.860862735629E-03    3.407270224241E-05   -1.784063464099E-07
    1.118700408687E-04   -5.860862735629E-03    0.000000000000E+00   -3.516584101314E-03    2.219409100726E-05
    5.505990971529E-07   -3.407270224241E-05    3.516584101314E-03    0.000000000000E+00    2.511865283141E-03
   -2.684177819118E-09    1.784063464103E-07   -2.219409100726E-05   -2.511865283141E-03    0.000000000000E+00
   1.4522531553005318     
    0.000000000000E+00    2.771787703406E-02   -1.425609371143E-04   -8.007875975967E-07    4.449379680577E-09
   -2.771787703406E-02    0.000000000000E+00    6.533013739606E-03    4.326466634042E-05   -2.578676223668E-07
    1.425609371143E-04   -6.533013739606E-03    0.000000000000E+00   -3.919925673306E-03    2.816470929887E-05
    8.007875975972E-07   -4.326466634042E-05    3.919925673306E-03    0.000000000000E+00    2.799975793954E-03
   -4.449379680980E-09    2.578676223670E-07   -2.816470929887E-05   -2.799975793954E-03    0.000000000000E+00
   1.4952805223585279     
    0.000000000000E+00    3.075005034748E-02   -1.801230120391E-04   -1.150367098678E-06    7.257559186163E-09
   -3.075005034748E-02    0.000000000000E+00    7.247643766032E-03    5.447354042641E-05   -3.682133368929E-07
    1.801230120391E-04   -7.247643766032E-03    0.000000000000E+00   -4.348783610811E-03    3.544109634241E-05
    1.150367098678E-06   -5.447354042641E-05    4.348783610811E-03    0.000000000000E+00    3.106316231363E-03
   -7.257559186145E-09    3.682133368928E-07   -3.544109634241E-05   -3.106316231363E-03    0.000000000000E+00
   1.5389360261618958     
    0.000000000000E+00    3.395732502493E-02   -2.257012223235E-04   -1.632870988990E-06    1.165438020918E-08
   -3.395732502493E-02    0.000000000000E+00    8.003529075075E-03    6.802644223952E-05   -5.196104238180E-07
    2.257012223235E-04   -8.003529075075E-03    0.000000000000E+00   -4.802436601322E-03    4.423419769339E-05
    1.632870988990E-06   -6.802644223952E-05    4.802436601322E-03    0.000000000000E+00    3.430372785941E-03
   -1.165438020954E-08    5.196104238177E-07   -4.423419769339E-05   -3.430372785941E-03    0.000000000000E+00
   1.5832196667106362     
    0.000000000000E+00    3.733288010359E-02   -2.805477331051E-04   -2.290972432972E-06    1.843300797993E-08
   -3.733288010359E-02    0.000000000000E+00    8.799060353948E-03    8.427948558064E-05   -7.249165633728E-07
    2.805477331051E-04   -8.799060353948E-03    0.000000000000E+00   -5.279936486364E-03    5.477357855348E-05
    2.290972432972E-06   -8.427948558064E-05    5.279936486364E-03    0.000000000000E+00    3.771470025710E-03
   -1.843300798015E-08    7.249165633729E-07   -5.477357855348E-05   -3.771470025710E-03    0.000000000000E+00
   1.6281314440047485     
    0.000000000000E+00    4.086832977910E-02   -3.460172381219E-04   -3.178292263964E-06    2.872823576017E-08
   -4.086832977910E-02    0.000000000000E+00    9.632260651114E-03    1.036161742742E-04   -1.000190870472E-06
    3.460172381219E-04   -9.632260651114E-03    0.000000000000E+00   -5.780120158031E-03    6.730641678186E-05
    3.178292263964E-06   -1.036161742742E-04    5.780120158031E-03    0.000000000000E+00    4.128779481251E-03
   -2.872823576001E-08    1.000190870471E-06   -6.730641678186E-05   -4.128779481251E-03    0.000000000000E+00
   1.6736713580442331     
    0.000000000000E+00    4.455381916972E-02   -4.235596847889E-04   -4.361383175601E-06    4.413884203090E-08
   -4.455381916972E-02    0.000000000000E+00    1.050080870620E-02    1.264450625331E-04   -1.365249223376E-06
    4.235596847889E-04   -1.050080870620E-02    0.000000000000E+00   -6.301624855411E-03    8.209604443662E-05
    4.361383175599E-06   -1.264450625331E-04    6.301624855411E-03    0.000000000000E+00    4.501330669281E-03
   -4.413884203079E-08    1.365249223376E-06   -8.209604443662E-05   -4.501330669281E-03    0.000000000000E+00
   1.7198394088290903     
    0.000000000000E+00    4.837813858344E-02   -5.147103996218E-04   -5.921865602057E-06    6.688393323727E-08
   -4.837813858344E-02    0.000000000000E+00    1.140206684661E-02    1.531966838481E-04   -1.844256174231E-06
    5.147103996218E-04   -1.140206684661E-02    0.000000000000E+00   -6.842906355688E-03    9.942004437918E-05
    5.921865602057E-06   -1.531966838481E-04    6.842906355688E-03    0.000000000000E+00    4.888024192933E-03
   -6.688393323718E-08    1.844256174232E-06   -9.942004437918E-05   -4.888024192933E-03    0.000000000000E+00
   1.7666355963593192     
    0.000000000000E+00    5.232885246293E-02   -6.210776909741E-04   -7.958680590991E-06    9.999936980773E-08
   -5.232885246293E-02    0.000000000000E+00    1.233311256148E-02    1.843197722708E-04   -2.466342560995E-06
    6.210776909741E-04   -1.233311256148E-02    0.000000000000E+00   -7.402259510138E-03    1.195679227515E-04
    7.958680590990E-06   -1.843197722708E-04    7.402259510138E-03    0.000000000000E+00    5.287646524623E-03
   -9.999936980702E-08    2.466342560996E-06   -1.195679227515E-04   -5.287646524623E-03    0.000000000000E+00
   1.8140599206349204     
    0.000000000000E+00    5.639243913203E-02   -7.443280854637E-04   -1.059041498853E-05    1.475804947569E-07
   -5.639243913203E-02    0.000000000000E+00    1.329077284189E-02    2.202768209804E-04   -3.266235180177E-06
    7.443280854637E-04   -1.329077284189E-02    0.000000000000E+00   -7.977840553446E-03    1.428383917676E-04
    1.059041498853E-05   -2.202768209804E-04    7.977840553446E-03    0.000000000000E+00    5.698886061320E-03
   -1.475804947568E-07    3.266235180177E-06   -1.428383917676E-04   -5.698886061320E-03    0.000000000000E+00
   1.8621123816558942     
    0.000000000000E+00    6.055443757508E-02   -8.861694281045E-04   -1.395764489274E-05    2.150772234623E-07
   -6.055443757508E-02    0.000000000000E+00    1.427166039063E-02    2.615390424400E-04   -4.284882322400E-06
    8.861694281045E-04   -1.427166039063E-02    0.000000000000E+00   -8.567690614111E-03    1.695363096431E-04
    1.395764489274E-05   -2.615390424400E-04    8.567690614111E-03    0.000000000000E+00    6.120350041109E-03
   -2.150772234625E-07    4.284882322400E-06   -1.695363096431E-04   -6.120350041109E-03    0.000000000000E+00
   1.9107929794222396     
    0.000000000000E+00    6.479959772400E-02   -1.048332141031E-03   -1.822523510380E-05    3.096470557912E-07
   -6.479959772400E-02    0.000000000000E+00    1.527221084860E-02    3.085808115536E-04   -5.570056756562E-06
    1.048332141031E-03   -1.527221084860E-02    0.000000000000E+00   -9.169759871596E-03    1.999693351167E-04
    1.822523510380E-05   -3.085808115536E-04    9.169759871596E-03    0.000000000000E+00    6.550581922272E-03
   -3.096470557914E-07    5.570056756562E-06   -1.999693351167E-04   -6.550581922272E-03    0.000000000000E+00
   1.9601017139339574     
    0.000000000000E+00    6.911203107934E-02   -1.232548989366E-03   -2.358452569560E-05    4.405706952759E-07
   -6.911203107934E-02    0.000000000000E+00    1.628872025436E-02    3.618736874577E-04   -7.176916003601E-06
    1.232548989366E-03   -1.628872025436E-02    0.000000000000E+00   -9.781931839365E-03    2.344443624924E-04
    2.358452569560E-05   -3.618736874577E-04    9.781931839365E-03    0.000000000000E+00    6.988078849734E-03
   -4.405706952758E-07    7.176916003601E-06   -2.344443624924E-04   -6.988078849734E-03    0.000000000000E+00
   2.0100385851910478     
    0.000000000000E+00    7.347535892307E-02   -1.440533743572E-03   -3.025533226582E-05    6.197336771373E-07
   -7.347535892307E-02    0.000000000000E+00    1.731738204063E-02    4.218801205684E-04   -9.168498577474E-06
    1.440533743572E-03   -1.731738204063E-02    0.000000000000E+00   -1.040204729875E-02    2.732638091971E-04
    3.025533226582E-05   -4.218801205684E-04    1.040204729875E-02    0.000000000000E+00    7.431308866170E-03
   -6.197336771374E-07    9.168498577474E-06   -2.732638091971E-04   -7.431308866170E-03    0.000000000000E+00
   2.0606035931935098     
    0.000000000000E+00    7.787285586098E-02   -1.673959154654E-03   -3.848768422321E-05    8.621757130930E-07
   -7.787285586098E-02    0.000000000000E+00    1.835432297083E-02    4.890469590713E-04   -1.161613437784E-05
    1.673959154654E-03   -1.835432297083E-02    0.000000000000E+00   -1.102792746331E-02    3.167218313585E-04
    3.848768422321E-05   -4.890469590713E-04    1.102792746331E-02    0.000000000000E+00    7.878727564116E-03
   -8.621757130931E-07    1.161613437784E-05   -3.167218313585E-04   -7.878727564116E-03    0.000000000000E+00
   2.1117967379413445     
    0.000000000000E+00    8.228758693441E-02   -1.934434671714E-03   -4.856322585262E-05    1.186707372065E-06
   -8.228758693441E-02    0.000000000000E+00    1.939563752502E-02    5.637988731801E-04   -1.459974765420E-05
    1.934434671714E-03   -1.939563752502E-02    0.000000000000E+00   -1.165739601399E-02    3.651005438814E-04
    4.856322585262E-05   -5.637988731801E-04    1.165739601399E-02    0.000000000000E+00    8.328793918655E-03
   -1.186707372065E-06    1.459974765420E-05   -3.651005438814E-04   -8.328793918655E-03    0.000000000000E+00
   2.1636180194345513     
    0.000000000000E+00    8.670253703826E-02   -2.223484331074E-03   -6.079620796389E-05    1.616591276022E-06
   -8.670253703826E-02    0.000000000000E+00    2.043742035113E-02    6.465318163571E-04   -1.820803195204E-05
    2.223484331074E-03   -2.043742035113E-02    0.000000000000E+00   -1.228829970842E-02    4.186663200260E-04
    6.079620796389E-05   -6.465318163571E-04    1.228829970842E-02    0.000000000000E+00    8.779985085671E-03
   -1.616591276021E-06    1.820803195203E-05   -4.186663200260E-04   -8.779985085671E-03    0.000000000000E+00
   2.2160674376731300     
    0.000000000000E+00    9.110073185256E-02   -2.542525233661E-03   -7.553400364402E-05    2.180282263944E-06
   -9.110073185256E-02    0.000000000000E+00    2.147579650035E-02    7.376066405351E-04   -2.253847819472E-05
    2.542525233661E-03   -2.147579650035E-02    0.000000000000E+00   -1.291852733159E-02    4.776662418062E-04
    7.553400364402E-05   -7.376066405351E-04    1.291852733159E-02    0.000000000000E+00    9.230809996343E-03
   -2.180282263943E-06    2.253847819472E-05   -4.776662418062E-04   -9.230809996343E-03    0.000000000000E+00
   2.2691449926570813     
    0.000000000000E+00    9.546534992041E-02   -2.892847003959E-03   -9.315708985569E-05    2.912218055761E-06
   -9.546534992041E-02    0.000000000000E+00    2.250694926202E-02    8.373429775828E-04   -2.769723951461E-05
    2.892847003959E-03   -2.250694926202E-02    0.000000000000E+00   -1.354602681649E-02    5.423247668969E-04
    9.315708985569E-05   -8.373429775828E-04    1.354602681649E-02    0.000000000000E+00    9.679821622981E-03
   -2.912218055761E-06    2.769723951461E-05   -5.423247668969E-04   -9.679821622981E-03    0.000000000000E+00
   2.3228506843864047     
    0.000000000000E+00    9.977982587227E-02   -3.275592591545E-03   -1.140784471051E-04    3.853648938677E-06
   -9.977982587227E-02    0.000000000000E+00    2.352714549846E-02    9.460134921987E-04   -3.379881956011E-05
    3.275592591545E-03   -2.352714549846E-02    0.000000000000E+00   -1.416882042117E-02    6.128406705315E-04
    1.140784471051E-04   -9.460134921987E-04    1.416882042117E-02    0.000000000000E+00    1.012562783317E-02
   -3.853648938677E-06    3.379881956011E-05   -6.128406705315E-04   -1.012562783317E-02    0.000000000000E+00
   2.3771845128611000     
    0.000000000000E+00    1.040279450961E-01   -3.691740736774E-03   -1.387423417964E-04    5.053492024063E-06
   -1.040279450961E-01    0.000000000000E+00    2.453275845493E-02    1.063838602544E-03   -4.096557468588E-05
    3.691740736774E-03   -2.453275845493E-02    0.000000000000E+00   -1.478501790187E-02    6.893843124351E-04
    1.387423417964E-04   -1.063838602544E-03    1.478501790187E-02    0.000000000000E+00    1.056690078770E-02
   -5.053492024063E-06    4.096557468588E-05   -6.893843124351E-04   -1.056690078770E-02    0.000000000000E+00
   2.4321464780811675     
    0.000000000000E+00    1.081939303783E-01   -4.142090377764E-03   -1.676224697997E-04    6.569192814883E-06
   -1.081939303783E-01    0.000000000000E+00    2.552028808026E-02    1.190981754651E-03   -4.932702457318E-05
    4.142090377764E-03   -2.552028808026E-02    0.000000000000E+00   -1.539282766881E-02    7.720952695801E-04
    1.676224697997E-04   -1.190981754651E-03    1.539282766881E-02    0.000000000000E+00    1.100238487191E-02
   -6.569192814883E-06    4.932702457318E-05   -7.720952695801E-04   -1.100238487191E-02    0.000000000000E+00
   2.4877365800466076     
    0.000000000000E+00    1.122625211944E-01   -4.627247228032E-03   -2.012194547189E-04    8.467574315202E-06
   -1.122625211944E-01    0.000000000000E+00    2.648637894206E-02    1.327545325350E-03   -5.901897030598E-05
    4.627247228032E-03   -2.648637894206E-02    0.000000000000E+00   -1.599056595206E-02    8.610803658294E-04
    2.012194547189E-04   -1.327545325350E-03    1.599056595206E-02    0.000000000000E+00    1.143090318019E-02
   -8.467574315202E-06    5.901897030598E-05   -8.610803658294E-04   -1.143090318019E-02    0.000000000000E+00
   2.5439548187574199     
    0.000000000000E+00    1.162190464037E-01   -5.147612704966E-03   -2.400577098844E-04    1.082565183058E-05
   -1.162190464037E-01    0.000000000000E+00    2.742783585497E-02    1.473567216518E-03   -7.018242361357E-05
    5.147612704966E-03   -2.742783585497E-02    0.000000000000E+00   -1.657666403923E-02    9.564121196981E-04
    2.400577098845E-04   -1.473567216518E-03    1.657666403923E-02    0.000000000000E+00    1.185136259830E-02
   -1.082565183058E-05    7.018242361357E-05   -9.564121196981E-04   -1.185136259830E-02    0.000000000000E+00
   2.6008011942136040     
    0.000000000000E+00    1.200494911201E-01   -5.703375339961E-03   -2.846816887335E-04    1.373139007275E-05
   -1.200494911201E-01    0.000000000000E+00    2.834163736348E-02    1.629018191117E-03   -8.296235574823E-05
    5.703375339961E-03   -2.834163736348E-02    0.000000000000E+00   -1.714967367478E-02    1.058127621837E-03
    2.846816887335E-04   -1.629018191117E-03    1.714967367478E-02    0.000000000000E+00    1.226275754876E-02
   -1.373139007275E-05    8.296235574823E-05   -1.058127621837E-03   -1.226275754876E-02    0.000000000000E+00
   2.6582757064151608     
    0.000000000000E+00    1.237405584769E-01   -6.294504752928E-03   -3.356515634889E-04    1.728437828870E-05
   -1.237405584769E-01    0.000000000000E+00    2.922494723275E-02    1.793799989057E-03   -9.750627915671E-05
    6.294504752928E-03   -2.922494723275E-02    0.000000000000E+00   -1.770827073228E-02    1.166227844684E-03
    3.356515634889E-04   -1.793799989057E-03    1.770827073228E-02    0.000000000000E+00    1.266417248101E-02
   -1.728437828870E-05    9.750627915671E-05   -1.166227844684E-03   -1.266417248101E-02    0.000000000000E+00
   2.7163783553620893     
    0.000000000000E+00    1.272797269061E-01   -6.920748227845E-03   -3.935383864937E-04    2.159639896512E-05
   -1.272797269061E-01    0.000000000000E+00    3.007512410332E-02    1.967744248503E-03   -1.139626795969E-04
    6.920748227845E-03   -3.007512410332E-02    0.000000000000E+00   -1.825125728723E-02    1.280677378246E-03
    3.935383864937E-04   -1.967744248503E-03    1.825125728723E-02    0.000000000000E+00    1.305478319959E-02
   -2.159639896512E-05    1.139626795969E-04   -1.280677378246E-03   -1.305478319959E-02    0.000000000000E+00
   2.7751091410543904     
    0.000000000000E+00    1.306553034124E-01   -7.581629882788E-03   -4.589188017665E-04    2.679186626366E-05
   -1.306553034124E-01    0.000000000000E+00    3.088972946071E-02    2.150612246041E-03   -1.324793205179E-04
    7.581629882788E-03   -3.088972946071E-02    0.000000000000E+00   -1.877756222909E-02    1.401404578377E-03
    4.589188017665E-04   -2.150612246041E-03    1.877756222909E-02    0.000000000000E+00    1.343385713218E-02
   -2.679186626366E-05    1.324793205179E-04   -1.401404578377E-03   -1.343385713218E-02    0.000000000000E+00
   2.8344680634920634     
    0.000000000000E+00    1.338564731499E-01   -8.276452387865E-03   -5.323693859844E-04    3.300811174159E-05
   -1.338564731499E-01    0.000000000000E+00    3.166653405942E-02    2.342095457212E-03   -1.532014452450E-04
    8.276452387865E-03   -3.166653405942E-02    0.000000000000E+00   -1.928624055751E-02    1.528302107254E-03
    5.323693859844E-04   -2.342095457212E-03    1.928624055751E-02    0.000000000000E+00    1.380075264426E-02
   -3.300811174159E-05    1.532014452450E-04   -1.528302107254E-03   -1.380075264426E-02    0.000000000000E+00
   2.8944551226751085     
    0.000000000000E+00    1.368733454215E-01   -9.004301148095E-03   -6.144607078612E-04    4.039549710045E-05
   -1.368733454215E-01    0.000000000000E+00    3.240352292532E-02    2.541816927346E-03   -1.762699056850E-04
    9.004301148095E-03   -3.240352292532E-02    0.000000000000E+00   -1.977647151042E-02    1.661227840164E-03
    6.144607078612E-04   -2.541816927346E-03    1.977647151042E-02    0.000000000000E+00    1.415491750886E-02
   -4.039549710045E-05    1.762699056850E-04   -1.661227840164E-03   -1.415491750886E-02    0.000000000000E+00
   2.9550703186035263     
    0.000000000000E+00    1.396969960283E-01   -9.764050835444E-03   -7.057512025267E-04    4.911733663856E-05
   -1.396969960283E-01    0.000000000000E+00    3.309889904233E-02    2.749333431510E-03   -2.018192488080E-04
    9.764050835444E-03   -3.309889904233E-02    0.000000000000E+00   -2.024755567108E-02    1.800006108183E-03
    7.057512025267E-04   -2.749333431510E-03    2.024755567108E-02    0.000000000000E+00    1.449588663995E-02
   -4.911733663856E-05    2.018192488080E-04   -1.800006108183E-03   -1.449588663995E-02    0.000000000000E+00
   3.0163136512773159     
    0.000000000000E+00    1.423195057086E-01   -1.055437412512E-02   -8.067809628559E-04    5.934961569368E-05
   -1.423195057086E-01    0.000000000000E+00    3.375108580974E-02    2.964138391740E-03   -2.299757939801E-04
    1.055437412512E-02   -3.375108580974E-02    0.000000000000E+00   -2.069891119753E-02    1.944429242880E-03
    8.067809628559E-04   -2.964138391740E-03    2.069891119753E-02    0.000000000000E+00    1.482327919516E-02
   -5.934961569368E-05    2.299757939801E-04   -1.944429242880E-03   -1.482327919516E-02    0.000000000000E+00
   3.0781851206964777     
    0.000000000000E+00    1.447339942354E-01   -1.137375246579E-02   -9.180655526128E-04    7.128049555085E-05
   -1.447339942354E-01    0.000000000000E+00    3.435872833724E-02    3.185665509584E-03   -2.608557352806E-04
    1.137375246579E-02   -3.435872833724E-02    0.000000000000E+00   -2.113006931290E-02    2.094259386719E-03
    9.180655526128E-04   -3.185665509584E-03    2.113006931290E-02    0.000000000000E+00    1.513679514983E-02
   -7.128049555085E-05    2.608557352806E-04   -2.094259386719E-03   -1.513679514983E-02    0.000000000000E+00
   3.1406847268610121     
    0.000000000000E+00    1.469346496011E-01   -1.222048869141E-02   -1.040089946720E-03    8.510959993483E-05
   -1.469346496011E-01    0.000000000000E+00    3.492069362720E-02    3.413293062527E-03   -2.945633031841E-04
    1.222048869141E-02   -3.492069362720E-02    0.000000000000E+00   -2.154066918737E-02    2.249230531397E-03
    1.040089946720E-03   -3.413293062527E-03    2.154066918737E-02    0.000000000000E+00    1.543621143885E-02
   -8.510959993483E-05    2.945633031841E-04   -2.249230531397E-03   -1.543621143885E-02    0.000000000000E+00
   3.2038124697709183     
    0.000000000000E+00    1.489167516104E-01   -1.309272126414E-02   -1.173302701960E-03    1.010470831692E-04
   -1.489167516104E-01    0.000000000000E+00    3.543606967797E-02    3.646348804056E-03   -3.311890194208E-04
    1.309272126414E-02   -3.543606967797E-02    0.000000000000E+00   -2.193045233500E-02    2.409050745735E-03
    1.173302701960E-03   -3.646348804056E-03    2.193045233500E-02    0.000000000000E+00    1.572137775690E-02
   -1.010470831692E-04    3.311890194208E-04   -2.409050745735E-03   -1.572137775690E-02    0.000000000000E+00
   3.2675683494261971     
    0.000000000000E+00    1.506766891410E-01   -1.398843992195E-02   -1.318110456828E-03    1.193124851662E-04
   -1.506766891410E-01    0.000000000000E+00    3.590416353074E-02    3.884115399170E-03   -3.708080774226E-04
    1.398843992195E-02   -3.590416353074E-02    0.000000000000E+00   -2.229925663912E-02    2.573404554973E-03
    1.318110456828E-03   -3.884115399170E-03    2.229925663912E-02    0.000000000000E+00    1.599221210059E-02
   -1.193124851662E-04    3.708080774226E-04   -2.573404554973E-03   -1.599221210059E-02    0.000000000000E+00
   3.3319523658268473     
    0.000000000000E+00    1.522119703154E-01   -1.490550249541E-02   -1.474872853036E-03    1.401333836100E-04
   -1.522119703154E-01    0.000000000000E+00    3.632449827114E-02    4.125836320147E-03   -4.134788786592E-04
    1.490550249541E-02   -3.632449827114E-02    0.000000000000E+00   -2.264701011027E-02    2.741955434202E-03
    1.474872853036E-03   -4.125836320147E-03    2.264701011027E-02    0.000000000000E+00    1.624869612894E-02
   -1.401333836100E-04    4.134788786592E-04   -2.741955434202E-03   -1.624869612894E-02    0.000000000000E+00
   3.3969645189728701     
    0.000000000000E+00    1.535212248630E-01   -1.584165264620E-02   -1.643897961591E-03    1.637438584712E-04
   -1.535212248630E-01    0.000000000000E+00    3.669680899681E-02    4.370722121395E-03   -4.592417521645E-04
    1.584165264620E-02   -3.669680899681E-02    0.000000000000E+00   -2.297372447200E-02    2.914348380141E-03
    1.643897961591E-03   -4.370722121395E-03    2.297372447200E-02    0.000000000000E+00    1.649087041161E-02
   -1.637438584712E-04    4.592417521645E-04   -2.914348380141E-03   -1.649087041161E-02    0.000000000000E+00
   3.4626048088642656     
    0.000000000000E+00    1.546041980319E-01   -1.679453827994E-02   -1.825438286720E-03    1.903827887650E-04
   -1.546041980319E-01    0.000000000000E+00    3.702103775604E-02    4.617957007599E-03   -5.081178811257E-04
    1.679453827994E-02   -3.702103775604E-02    0.000000000000E+00   -2.327948865870E-02    3.090212527423E-03
    1.825438286720E-03   -4.617957007599E-03    2.327948865870E-02    0.000000000000E+00    1.671882962644E-02
   -1.903827887650E-04    5.081178811257E-04   -3.090212527423E-03   -1.671882962644E-02    0.000000000000E+00
   3.5288732355010328     
    0.000000000000E+00    1.554617355430E-01   -1.776173038056E-02   -2.019687407834E-03    2.202920053939E-04
   -1.554617355430E-01    0.000000000000E+00    3.729732747124E-02    4.866705605989E-03   -5.601084561800E-04
    1.776173038056E-02   -3.729732747124E-02    0.000000000000E+00   -2.356446230133E-02    3.269163777898E-03
    2.019687407834E-03   -4.866705605989E-03    2.356446230133E-02    0.000000000000E+00    1.693271776109E-02
   -2.202920053939E-04    5.601084561800E-04   -3.269163777898E-03   -1.693271776109E-02    0.000000000000E+00
   3.5957697988831727     
    0.000000000000E+00    1.560957592452E-01   -1.874074202019E-02   -2.226777307232E-03    2.537143275622E-04
   -1.560957592452E-01    0.000000000000E+00    3.752601486317E-02    5.116119851748E-03   -6.151940706072E-04
    1.874074202019E-02   -3.752601486317E-02    0.000000000000E+00   -2.382886926706E-02    3.450807414059E-03
    2.226777307232E-03   -5.116119851748E-03    2.382886926706E-02    0.000000000000E+00    1.713272336661E-02
   -2.537143275622E-04    6.151940706072E-04   -3.450807414059E-03   -1.713272336661E-02    0.000000000000E+00
   3.6632944990106839     
    0.000000000000E+00    1.565092333319E-01   -1.972904730189E-02   -2.446776416483E-03    2.908915129004E-04
   -1.565092333319E-01    0.000000000000E+00    3.770762240458E-02    5.365345895288E-03   -6.733343676610E-04
    1.972904730189E-02   -3.770762240458E-02    0.000000000000E+00   -2.407299131026E-02    3.634740670530E-03
    2.446776416483E-03   -5.365345895288E-03    2.407299131026E-02    0.000000000000E+00    1.731907490377E-02
   -2.908915129004E-04    6.733343676610E-04   -3.634740670530E-03   -1.731907490377E-02    0.000000000000E+00
   3.7314473358835683     
    0.000000000000E+00    1.567061212026E-01   -2.072410000479E-02   -2.679688400275E-03    3.320621534749E-04
   -1.567061212026E-01    0.000000000000E+00    3.784284934231E-02    5.613530941463E-03   -7.344679452704E-04
    2.072410000479E-02   -3.784284934231E-02    0.000000000000E+00   -2.429716188369E-02    3.820555240449E-03
    2.679688400275E-03   -5.613530941463E-03    2.429716188369E-02    0.000000000000E+00    1.749203621741E-02
   -3.320621534749E-04    7.344679452704E-04   -3.820555240449E-03   -1.749203621741E-02    0.000000000000E+00
   3.8002283095018243     
    0.000000000000E+00    1.566913332903E-01   -2.172335171284E-02   -2.925451681526E-03    3.774595508785E-04
   -1.566913332903E-01    0.000000000000E+00    3.793256184218E-02    5.859829933844E-03   -7.985125182088E-04
    2.172335171284E-02   -3.793256184218E-02    0.000000000000E+00   -2.450176015170E-02    4.007839696557E-03
    2.925451681526E-03   -5.859829933844E-03    2.450176015170E-02    0.000000000000E+00    1.765190216759E-02
   -3.774595508785E-04    7.985125182088E-04   -4.007839696557E-03   -1.765190216759E-02    0.000000000000E+00
   3.8696374198654526     
    0.000000000000E+00    1.564706664151E-01   -2.272426922566E-02   -3.183939697260E-03    4.273096037896E-04
   -1.564706664151E-01    0.000000000000E+00    3.797778232703E-02    6.103412001896E-03   -8.653653328494E-04
    2.272426922566E-02   -3.797778232703E-02    0.000000000000E+00   -2.468720523953E-02    4.196181809756E-03
    3.183939697260E-03   -6.103412001896E-03    2.468720523953E-02    0.000000000000E+00    1.779899444171E-02
   -4.273096037896E-04    8.653653328494E-04   -4.196181809756E-03   -1.779899444171E-02    0.000000000000E+00
   3.9396746669744536     
    0.000000000000E+00    1.560507354206E-01   -2.372435107322E-02   -3.454961862653E-03    4.818287411283E-04
   -1.560507354206E-01    0.000000000000E+00    3.797967808251E-02    6.343466594336E-03   -9.349038249661E-04
    2.372435107322E-02   -3.797967808251E-02    0.000000000000E+00   -2.485395074510E-02    4.385170750747E-03
    3.454961862653E-03   -6.343466594336E-03    2.485395074510E-02    0.000000000000E+00    1.793365756575E-02
   -4.818287411283E-04    9.349038249661E-04   -4.385170750747E-03   -1.793365756575E-02    0.000000000000E+00
   4.0103400508288258     
    0.000000000000E+00    1.554388981024E-01   -2.472114297086E-02   -3.738265205495E-03    5.412219317772E-04
   -1.554388981024E-01    0.000000000000E+00    3.793954923853E-02    6.579209230554E-03   -1.006986506456E-03
    2.472114297086E-02   -3.793954923853E-02    0.000000000000E+00   -2.500247953651E-02    4.574399163148E-03
    3.738265205495E-03   -6.579209230554E-03    2.500247953651E-02    0.000000000000E+00    1.805625512986E-02
   -5.412219317772E-04    1.006986506456E-03   -4.574399163148E-03   -1.805625512986E-02    0.000000000000E+00
   4.0816335714285712     
    0.000000000000E+00    1.546431745534E-01   -2.571225208383E-02   -4.033536625329E-03    6.056808004307E-04
   -1.546431745534E-01    0.000000000000E+00    3.785881622599E-02    6.809886809341E-03   -1.081454063175E-03
    2.571225208383E-02   -3.785881622599E-02    0.000000000000E+00   -2.513329884958E-02    4.763465099081E-03
    4.033536625329E-03   -6.809886809341E-03    2.513329884958E-02    0.000000000000E+00    1.816716623799E-02
   -6.056808004307E-04    1.081454063175E-03   -4.763465099081E-03   -1.816716623799E-02    0.000000000000E+00
   4.1535552287736888     
    0.000000000000E+00    1.536721622168E-01   -2.669535999107E-02   -4.340405720233E-03    6.753818758407E-04
   -1.536721622168E-01    0.000000000000E+00    3.773900683133E-02    7.034782424416E-03   -1.158130642593E-03
    2.669535999107E-02   -3.773900683133E-02    0.000000000000E+00   -2.524693569694E-02    4.951973810656E-03
    4.340405720233E-03   -7.034782424416E-03    2.524693569694E-02    0.000000000000E+00    1.826678218871E-02
   -6.753818758407E-04    1.158130642593E-03   -4.951973810656E-03   -1.826678218871E-02    0.000000000000E+00
   4.2261050228641777     
    0.000000000000E+00    1.525349480199E-01   -2.766823426613E-02   -4.658448117126E-03    7.504849944757E-04
   -1.525349480199E-01    0.000000000000E+00    3.758174297686E-02    7.253219646335E-03   -1.236825307317E-03
    2.766823426613E-02   -3.758174297686E-02    0.000000000000E+00   -2.534393259544E-02    5.139539393065E-03
    4.658448117126E-03   -7.253219646335E-03    2.534393259544E-02    0.000000000000E+00    1.835550339088E-02
   -7.504849944757E-04    1.236825307317E-03   -5.139539393065E-03   -1.835550339088E-02    0.000000000000E+00
   4.2992829537000397     
    0.000000000000E+00    1.512410189711E-01   -2.862873862201E-02   -4.987189236910E-03    8.311318792511E-04
   -1.512410189711E-01    0.000000000000E+00    3.738872735070E-02    7.464566240046E-03   -1.317333628506E-03
    2.862873862201E-02   -3.738872735070E-02    0.000000000000E+00   -2.542484361298E-02    5.325786276920E-03
    4.987189236910E-03   -7.464566240046E-03    2.542484361298E-02    0.000000000000E+00    1.843373651450E-02
   -8.311318792511E-04    1.317333628506E-03   -5.325786276920E-03   -1.843373651450E-02    0.000000000000E+00
   4.3730890212812739     
    0.000000000000E+00    1.498001726775E-01   -2.957484158804E-02   -5.326108419410E-03    9.174449081540E-04
   -1.498001726775E-01    0.000000000000E+00    3.716173003199E-02    7.668237299876E-03   -1.399439391812E-03
    2.957484158804E-02   -3.716173003199E-02    0.000000000000E+00   -2.549023073607E-02    5.510350569521E-03
    5.326108419410E-03   -7.668237299876E-03    2.549023073607E-02    0.000000000000E+00    1.850189187609E-02
   -9.174449081540E-04    1.399439391812E-03   -5.510350569521E-03   -1.850189187609E-02    0.000000000000E+00
   4.4475232256078785     
    0.000000000000E+00    1.482224290852E-01   -3.050462371876E-02   -5.674643334816E-03    1.009526084586E-03
   -1.482224290852E-01    0.000000000000E+00    3.690257522907E-02    7.863697791605E-03   -1.482916387888E-03
    3.050462371876E-02   -3.690257522907E-02    0.000000000000E+00   -2.554066055174E-02    5.692881246089E-03
    5.674643334816E-03   -7.863697791605E-03    2.554066055174E-02    0.000000000000E+00    1.856038105395E-02
   -1.009526084586E-03    1.482916387888E-03   -5.692881246089E-03   -1.856038105395E-02    0.000000000000E+00
   4.5225855666798571     
    0.000000000000E+00    1.465179447487E-01   -3.141628335311E-02   -6.032194605393E-03    1.107456216204E-03
   -1.465179447487E-01    0.000000000000E+00    3.661312826597E-02    8.050464503392E-03   -1.567530259448E-03
    3.141628335311E-02   -3.661312826597E-02    0.000000000000E+00   -2.557670123857E-02    5.873041193627E-03
    6.032194605393E-03   -8.050464503392E-03    2.557670123857E-02    0.000000000000E+00    1.860961472857E-02
   -1.107456216204E-03    1.567530259448E-03   -5.873041193627E-03   -1.860961472857E-02    0.000000000000E+00
   4.5982760444972079     
    0.000000000000E+00    1.446969307643E-01   -3.230814096611E-02   -6.398130564487E-03    1.211294305528E-03
   -1.446969307643E-01    0.000000000000E+00    3.629528293350E-02    8.228107415471E-03   -1.653040377490E-03
    3.230814096611E-02   -3.629528293350E-02    0.000000000000E+00   -2.559891985747E-02    6.050508111158E-03
    6.398130564487E-03   -8.228107415471E-03    2.559891985747E-02    0.000000000000E+00    1.865000074090E-02
   -1.211294305528E-03    1.653040377490E-03   -6.050508111158E-03   -1.865000074090E-02    0.000000000000E+00
   4.6745946590599310     
    0.000000000000E+00    1.427695753871E-01   -3.317864217365E-02   -6.771792082210E-03    1.321077151543E-03
   -1.427695753871E-01    0.000000000000E+00    3.595094931840E-02    8.396250507661E-03   -1.739201720460E-03
    3.317864217365E-02   -3.595094931840E-02    0.000000000000E+00   -2.560787993210E-02    6.224975271212E-03
    6.771792082210E-03   -8.396250507661E-03    2.560787993210E-02    0.000000000000E+00    1.868194236081E-02
   -1.321077151543E-03    1.739201720460E-03   -6.224975271212E-03   -1.868194236081E-02    0.000000000000E+00
   4.7515414103680254     
    0.000000000000E+00    1.407459721198E-01   -3.402635946743E-02   -7.152497393117E-03    1.436819158605E-03
   -1.407459721198E-01    0.000000000000E+00    3.558204219843E-02    8.554572029461E-03   -1.825766731658E-03
    3.402635946743E-02   -3.558204219843E-02    0.000000000000E+00   -2.560413930470E-02    6.396152148000E-03
    7.152497393117E-03   -8.554572029461E-03    2.560413930470E-02    0.000000000000E+00    1.870583675571E-02
   -1.436819158605E-03    1.825766731658E-03   -6.396152148000E-03   -1.870583675571E-02    0.000000000000E+00
   4.8291162984214919     
    0.000000000000E+00    1.386360540288E-01   -3.484999276863E-02   -7.539546863206E-03    1.558512344525E-03
   -1.386360540288E-01    0.000000000000E+00    3.519047010945E-02    8.702804267763E-03   -1.912487132401E-03
    3.484999276863E-02   -3.519047010945E-02    0.000000000000E+00   -2.558824825790E-02    6.563764918966E-03
    7.539546863206E-03   -8.702804267763E-03    2.558824825790E-02    0.000000000000E+00    1.872207365113E-02
   -1.558512344525E-03    1.912487132401E-03   -6.563764918966E-03   -1.872207365113E-02    0.000000000000E+00
   4.9073193232203307     
    0.000000000000E+00    1.364495346392E-01   -3.564836890143E-02   -7.932227645062E-03    1.686126539142E-03
   -1.364495346392E-01    0.000000000000E+00    3.477812512732E-02    8.840732845972E-03   -1.999115670375E-03
    3.564836890143E-02   -3.477812512732E-02    0.000000000000E+00   -2.556074788253E-02    6.727556845985E-03
    7.932227645062E-03   -8.840732845972E-03    2.556074788253E-02    0.000000000000E+00    1.873103417083E-02
   -1.686126539142E-03    1.999115670375E-03   -6.727556845985E-03   -1.873103417083E-02    0.000000000000E+00
   4.9861504847645426     
    0.000000000000E+00    1.341958558425E-01   -3.642044009191E-02   -8.329818170616E-03    1.819609759925E-03
   -1.341958558425E-01    0.000000000000E+00    3.434687344950E-02    8.968195599773E-03   -2.085407785609E-03
    3.642044009191E-02   -3.434687344950E-02    0.000000000000E+00   -2.552216868218E-02    6.887288543942E-03
    8.329818170616E-03   -8.968195599773E-03    2.552216868218E-02    0.000000000000E+00    1.873308984757E-02
   -1.819609759925E-03    2.085407785609E-03   -6.887288543942E-03   -1.873308984757E-02    0.000000000000E+00
   5.0656097830541267     
    0.000000000000E+00    1.318841428674E-01   -3.716528160392E-02   -8.731592442973E-03    1.958888751460E-03
   -1.318841428674E-01    0.000000000000E+00    3.389854679902E-02    9.085081071268E-03   -2.171123178686E-03
    3.716528160392E-02   -3.389854679902E-02    0.000000000000E+00   -2.547302939506E-02    7.042738143761E-03
    8.731592442973E-03   -9.085081071268E-03    2.547302939506E-02    0.000000000000E+00    1.872860179236E-02
   -1.958888751460E-03    2.171123178686E-03   -7.042738143761E-03   -1.872860179236E-02    0.000000000000E+00
   5.1456972180890821     
    0.000000000000E+00    1.295231663055E-01   -3.788208862342E-02   -9.136824093507E-03    2.103869673375E-03
   -1.295231663055E-01    0.000000000000E+00    3.343493468007E-02    9.191326667470E-03   -2.256027268642E-03
    3.788208862342E-02   -3.343493468007E-02    0.000000000000E+00   -2.541383601795E-02    7.193701357411E-03
    9.136824093507E-03   -9.191326667470E-03    2.541383601795E-02    0.000000000000E+00    1.871792001110E-02
   -2.103869673375E-03    2.256027268642E-03   -7.193701357411E-03   -1.871792001110E-02    0.000000000000E+00
   5.2264127898694106     
    0.000000000000E+00    1.271213110951E-01   -3.857017250327E-02   -9.544790176654E-03    2.254438919904E-03
   -1.271213110951E-01    0.000000000000E+00    3.295777750981E-02    9.286916531518E-03   -2.339892530878E-03
    3.857017250327E-02   -3.295777750981E-02    0.000000000000E+00   -2.534508101884E-02    7.339991452777E-03
    9.544790176654E-03   -9.286916531518E-03    2.534508101884E-02    0.000000000000E+00    1.870138285841E-02
   -2.254438919904E-03    2.339892530878E-03   -7.339991452777E-03   -1.870138285841E-02    0.000000000000E+00
   5.3077564983951095     
    0.000000000000E+00    1.246865521536E-01   -3.922895647700E-02   -9.954774683412E-03    2.410464054658E-03
   -1.246865521536E-01    0.000000000000E+00    3.246876061834E-02    9.371879171645E-03   -2.422499707705E-03
    3.922895647700E-02   -3.246876061834E-02    0.000000000000E+00   -2.526724272081E-02    7.481439145752E-03
    9.954774683412E-03   -9.371879171645E-03    2.526724272081E-02    0.000000000000E+00    1.867931661717E-02
   -2.410464054658E-03    2.422499707705E-03   -7.481439145752E-03   -1.867931661717E-02    0.000000000000E+00
   5.3897283436661834     
    0.000000000000E+00    1.222264362666E-01   -3.985797094363E-02   -1.036607176026E-02    2.571794843900E-03
   -1.222264362666E-01    0.000000000000E+00    3.196950909962E-02    9.446284892005E-03   -2.503638886501E-03
    3.985797094363E-02   -3.196950909962E-02    0.000000000000E+00   -2.518078484060E-02    7.617892416724E-03
    1.036607176026E-02   -9.446284892005E-03    2.518078484060E-02    0.000000000000E+00    1.865203519241E-02
   -2.571794843900E-03    2.503638886501E-03   -7.617892416724E-03   -1.865203519241E-02    0.000000000000E+00
   5.4723283256826267     
    0.000000000000E+00    1.197480698803E-01   -4.045684842329E-02   -1.077798862440E-02    2.738264370704E-03
   -1.197480698803E-01    0.000000000000E+00    3.146158350870E-02    9.510243071713E-03   -2.583110443324E-03
    4.045684842329E-02   -3.146158350870E-02    0.000000000000E+00   -2.508615617041E-02    7.749216259224E-03
    1.077798862440E-02   -9.510243071713E-03    2.508615617041E-02    0.000000000000E+00    1.861983991061E-02
   -2.738264370704E-03    2.583110443324E-03   -7.749216259224E-03   -1.861983991061E-02    0.000000000000E+00
   5.5555564444444441     
    0.000000000000E+00    1.172581122318E-01   -4.102531827192E-02   -1.118984817384E-02    2.909690214313E-03
   -1.172581122318E-01    0.000000000000E+00    3.094647635957E-02    9.563899330653E-03   -2.660725851161E-03
    4.102531827192E-02   -3.094647635957E-02    0.000000000000E+00   -2.498379038531E-02    7.875292367252E-03
    1.118984817384E-02   -9.563899330653E-03    2.498379038531E-02    0.000000000000E+00    1.858301941302E-02
   -2.909690214313E-03    2.660725851161E-03   -7.875292367252E-03   -1.858301941302E-02    0.000000000000E+00
   5.6394126999516327     
    0.000000000000E+00    1.147627733064E-01   -4.156320123711E-02   -1.160099129388E-02    3.085875678817E-03
   -1.147627733064E-01    0.000000000000E+00    3.042560938822E-02    9.607432620879E-03   -2.736308354218E-03
    4.156320123711E-02   -3.042560938822E-02    0.000000000000E+00   -2.487410596269E-02    7.996018768045E-03
    1.160099129388E-02   -9.607432620879E-03    2.487410596269E-02    0.000000000000E+00    1.854184963355E-02
   -3.085875678817E-03    2.736308354218E-03   -7.996018768045E-03   -1.854184963355E-02    0.000000000000E+00
   5.7238970922041945     
    0.000000000000E+00    1.122678161414E-01   -4.207040393184E-02   -1.201077886541E-02    3.266611055671E-03
   -1.122678161414E-01    0.000000000000E+00    2.990033155028E-02    9.641052281396E-03   -2.809693511696E-03
    4.207040393184E-02   -2.990033155028E-02    0.000000000000E+00   -2.475750620363E-02    8.111309407214E-03
    1.201077886541E-02   -9.641052281396E-03    2.475750620363E-02    0.000000000000E+00    1.849659385307E-02
   -3.266611055671E-03    2.809693511696E-03   -8.111309407214E-03   -1.849659385307E-02    0.000000000000E+00
   5.8090096212021276     
    0.000000000000E+00    1.097785628763E-01   -4.254691328960E-02   -1.241859348479E-02    3.451674906699E-03
   -1.097785628763E-01    0.000000000000E+00    2.937191769281E-02    9.664995086449E-03   -2.880729615182E-03
    4.254691328960E-02   -2.937191769281E-02    0.000000000000E+00   -2.463437934121E-02    8.221093691974E-03
    1.241859348479E-02   -9.664995086449E-03    2.463437934121E-02    0.000000000000E+00    1.844750282059E-02
   -3.451674906699E-03    2.880729615182E-03   -8.221093691974E-03   -1.844750282059E-02    0.000000000000E+00
   5.8947502869454338     
    0.000000000000E+00    1.072999039448E-01   -4.299279105216E-02   -1.282384090800E-02    3.640835355384E-03
   -1.072999039448E-01    0.000000000000E+00    2.884156783372E-02    9.679522312924E-03   -2.949277984648E-03
    4.299279105216E-02   -2.884156783372E-02    0.000000000000E+00   -2.450509871954E-02    8.325315997486E-03
    1.282384090800E-02   -9.679522312924E-03    2.450509871954E-02    0.000000000000E+00    1.839481493121E-02
   -3.640835355384E-03    2.949277984648E-03   -8.325315997486E-03   -1.839481493121E-02    0.000000000000E+00
   5.9811190894341113     
    0.000000000000E+00    1.048363101247E-01   -4.340816835280E-02   -1.322595123109E-02    3.833851372693E-03
   -1.048363101247E-01    0.000000000000E+00    2.831040704402E-02    9.684916862011E-03   -3.015213151400E-03
    4.340816835280E-02   -2.831040704402E-02    0.000000000000E+00   -2.437002304547E-02    8.423935143901E-03
    1.322595123109E-02   -9.684916862011E-03    2.437002304547E-02    0.000000000000E+00    1.833875645813E-02
   -3.833851372693E-03    3.015213151400E-03   -8.423935143901E-03   -1.833875645813E-02    0.000000000000E+00
   6.0681160286681610     
    0.000000000000E+00    1.023918466683E-01   -4.379324041730E-02   -1.362437982531E-02    4.030474049623E-03
   -1.023918466683E-01    0.000000000000E+00    2.777948581618E-02    9.681480444838E-03   -3.078422933022E-03
    4.379324041730E-02   -2.777948581618E-02    0.000000000000E+00   -2.422949668644E-02    8.516923846436E-03
    1.362437982531E-02   -9.681480444838E-03    2.422949668644E-02    0.000000000000E+00    1.827954182530E-02
   -4.030474049623E-03    3.078422933022E-03   -8.516923846436E-03   -1.827954182530E-02    0.000000000000E+00
   6.1557411046475838     
    0.000000000000E+00    9.997018929830E-02   -4.414826143047E-02   -1.401860804187E-02    4.230447845089E-03
   -9.997018929830E-02    0.000000000000E+00    2.724978091425E-02    9.669530860930E-03   -3.138808410024E-03
    4.414826143047E-02   -2.724978091425E-02    0.000000000000E+00   -2.408385001834E-02    8.604268145481E-03
    1.401860804187E-02   -9.669530860930E-03    2.408385001834E-02    0.000000000000E+00    1.821737391887E-02
   -4.230447845089E-03    3.138808410024E-03   -8.604268145481E-03   -1.821737391887E-02    0.000000000000E+00
   6.2439943173723780     
    0.000000000000E+00    9.757464150939E-02   -4.447353958451E-02   -1.440814370518E-02    4.433511802348E-03
   -9.757464150939E-02    0.000000000000E+00    2.672219662076E-02    9.649399378856E-03   -3.196283811207E-03
    4.447353958451E-02   -2.672219662076E-02    0.000000000000E+00   -2.393339980624E-02    8.685966819637E-03
    1.440814370518E-02   -9.649399378856E-03    2.393339980624E-02    0.000000000000E+00    1.815244442826E-02
   -4.433511802348E-03    3.196283811207E-03   -8.685966819637E-03   -1.815244442826E-02    0.000000000000E+00
   6.3328756668425443     
    0.000000000000E+00    9.520815290484E-02   -4.476943233680E-02   -1.479252141196E-02    4.639400726172E-03
   -9.520815290484E-02    0.000000000000E+00    2.619756635038E-02    9.621428236490E-03   -3.250776317099E-03
    4.476943233680E-02   -2.619756635038E-02    0.000000000000E+00   -2.377844961645E-02    8.762030786881E-03
    1.479252141196E-02   -9.621428236490E-03    2.377844961645E-02    0.000000000000E+00    1.808493421330E-02
   -4.639400726172E-03    3.250776317099E-03   -8.762030786881E-03   -1.808493421330E-02    0.000000000000E+00
   6.4223851530580838     
    0.000000000000E+00    9.287333814437E-02   -4.503634188358E-02   -1.517130265459E-02    4.847846315707E-03
   -9.287333814437E-02    0.000000000000E+00    2.567665456006E-02    9.585968266700E-03   -3.302225789063E-03
    4.503634188358E-02   -2.567665456006E-02    0.000000000000E+00   -2.361929024693E-02    8.832482496522E-03
    1.517130265459E-02   -9.585968266700E-03    2.361929024693E-02    0.000000000000E+00    1.801501369018E-02
   -4.847846315707E-03    3.302225789063E-03   -8.832482496522E-03   -1.801501369018E-02    0.000000000000E+00
   6.5125227760189945     
    0.000000000000E+00    9.057249629200E-02   -4.527471086594E-02   -1.554407578651E-02    5.058578247572E-03
   -9.057249629200E-02    0.000000000000E+00    2.516015892600E-02    9.543376659895E-03   -3.350584433356E-03
    4.527471086594E-02   -2.516015892600E-02    0.000000000000E+00   -2.345620017509E-02    8.897355316345E-03
    1.554407578651E-02   -9.543376659895E-03    2.345620017509E-02    0.000000000000E+00    1.794284323333E-02
   -5.058578247572E-03    3.350584433356E-03   -8.897355316345E-03   -1.794284323333E-02    0.000000000000E+00
   6.6032885357252775     
    0.000000000000E+00    8.830763022368E-02   -4.548501830397E-02   -1.591045584655E-02    5.271325206058E-03
   -8.830763022368E-02    0.000000000000E+00    2.464871272254E-02    9.494014864297E-03   -3.395816407374E-03
    4.548501830397E-02   -2.464871272254E-02    0.000000000000E+00   -2.328944601102E-02    8.956692916863E-03
    1.591045584655E-02   -9.494014864297E-03    2.328944601102E-02    0.000000000000E+00    1.786857358675E-02
   -5.271325206058E-03    3.395816407374E-03   -8.956692916863E-03   -1.786857358675E-02    0.000000000000E+00
   6.6946824321769327     
    0.000000000000E+00    8.608046599586E-02   -4.566777577307E-02   -1.627008425960E-02    5.485815856644E-03
   -8.608046599586E-02    0.000000000000E+00    2.414288738824E-02    9.438246633309E-03   -3.437897377544E-03
    4.566777577307E-02   -2.414288738824E-02    0.000000000000E+00   -2.311928295972E-02    9.010548657200E-03
    1.627008425960E-02   -9.438246633309E-03    2.311928295972E-02    0.000000000000E+00    1.779234628396E-02
   -5.485815856644E-03    3.437897377544E-03   -9.010548657200E-03   -1.779234628396E-02    0.000000000000E+00
   6.7867044653739610     
    0.000000000000E+00    8.389247188861E-02   -4.582352380901E-02   -1.662262842885E-02    5.701779761532E-03
   -8.389247188861E-02    0.000000000000E+00    2.364319521599E-02    9.376436215930E-03   -3.476814035276E-03
    4.582352380901E-02   -2.364319521599E-02    0.000000000000E+00   -2.294595528024E-02    9.058984973645E-03
    1.662262842885E-02   -9.376436215930E-03    2.294595528024E-02    0.000000000000E+00    1.771429407047E-02
   -5.701779761532E-03    3.476814035276E-03   -9.058984973645E-03   -1.771429407047E-02    0.000000000000E+00
   6.8793546353163615     
    0.000000000000E+00    8.174487700328E-02   -4.595282853955E-02   -1.696778123459E-02    5.918948235591E-03
   -8.174487700328E-02    0.000000000000E+00    2.315009213862E-02    9.308946691476E-03   -3.512563578581E-03
    4.595282853955E-02   -2.315009213862E-02    0.000000000000E+00   -2.276969673997E-02    9.102072773516E-03
    1.696778123459E-02   -9.308946691476E-03    2.276969673997E-02    0.000000000000E+00    1.763454132610E-02
   -5.918948235591E-03    3.512563578581E-03   -9.102072773516E-03   -1.763454132610E-02    0.000000000000E+00
   6.9726329420041324     
    0.000000000000E+00    7.963868933088E-02   -4.605627854097E-02   -1.730526045393E-02    6.137055141778E-03
   -7.963868933088E-02    0.000000000000E+00    2.266398058607E-02    9.236138449154E-03   -3.545153166768E-03
    4.605627854097E-02   -2.266398058607E-02    0.000000000000E+00   -2.259073106347E-02    9.139890837009E-03
    1.730526045393E-02   -9.236138449154E-03    2.259073106347E-02    0.000000000000E+00    1.755320448583E-02
   -6.137055141778E-03    3.545153166768E-03   -9.139890837009E-03   -1.755320448583E-02    0.000000000000E+00
   7.0665393854372773     
    0.000000000000E+00    7.757471320701E-02   -4.613448191489E-02   -1.763480811504E-02    6.355837625991E-03
   -7.757471320701E-02    0.000000000000E+00    2.218521238866E-02    9.158367810704E-03   -3.574599354959E-03
    4.613448191489E-02   -2.218521238866E-02    0.000000000000E+00   -2.240927237488E-02    9.172525229266E-03
    1.763480811504E-02   -9.158367810704E-03    2.240927237488E-02    0.000000000000E+00    1.747039245724E-02
   -6.355837625991E-03    3.574599354959E-03   -9.172525229266E-03   -1.747039245724E-02    0.000000000000E+00
   7.1610739656157936     
    0.000000000000E+00    7.555356593419E-02   -4.618806355153E-02   -1.795618979503E-02    6.575036792460E-03
   -7.555356593419E-02    0.000000000000E+00    2.171409166404E-02    9.075985783424E-03   -3.600927511976E-03
    4.618806355153E-02   -2.171409166404E-02    0.000000000000E+00   -2.222552561823E-02    9.200068721294E-03
    1.795618979503E-02   -9.075985783424E-03    2.222552561823E-02    0.000000000000E+00    1.738620702739E-02
   -6.575036792460E-03    3.600927511976E-03   -9.200068721294E-03   -1.738620702739E-02    0.000000000000E+00
   7.2562366825396820     
    0.000000000000E+00    7.357569377329E-02   -4.621766260998E-02   -1.826919387695E-02    6.794398319290E-03
   -7.357569377329E-02    0.000000000000E+00    2.125087772710E-02    8.989336954361E-03   -3.624171231151E-03
    4.621766260998E-02   -2.125087772710E-02    0.000000000000E+00   -2.203968697619E-02    9.222620226175E-03
    1.826919387695E-02   -8.989336954361E-03    2.203968697619E-02    0.000000000000E+00    1.730074326613E-02
   -6.794398319290E-03    3.624171231151E-03   -9.222620226175E-03   -1.730074326613E-02    0.000000000000E+00
   7.3520275362089436     
    0.000000000000E+00    7.164138701882E-02   -4.622393016407E-02   -1.857363077109E-02    7.013673016588E-03
   -7.164138701882E-02    0.000000000000E+00    2.079578794150E-02    8.898758505341E-03   -3.644371735012E-03
    4.622393016407E-02   -2.079578794150E-02    0.000000000000E+00   -2.185194426367E-02    9.240284246791E-03
    1.857363077109E-02   -8.898758505341E-03    2.185194426367E-02    0.000000000000E+00    1.721408991552E-02
   -7.013673016588E-03    3.644371735012E-03   -9.240284246791E-03   -1.721408991552E-02    0.000000000000E+00
   7.4484465266235764     
    0.000000000000E+00    6.975079431721E-02   -4.620752703260E-02   -1.886933211305E-02    7.232617327952E-03
   -6.975079431721E-02    0.000000000000E+00    2.034900053934E-02    8.804579354088E-03   -3.661577281304E-03
    4.620752703260E-02   -2.034900053934E-02    0.000000000000E+00   -2.166247731108E-02    9.253170339818E-03
    1.886933211305E-02   -8.804579354088E-03    2.166247731108E-02    0.000000000000E+00    1.712632977058E-02
   -7.232617327952E-03    3.661577281304E-03   -9.253170339818E-03   -1.712632977058E-02    0.000000000000E+00
   7.5454936537835806     
    0.000000000000E+00    6.790393612427E-02   -4.616912176652E-02   -1.915614994447E-02    7.450993777538E-03
   -6.790393612427E-02    0.000000000000E+00    1.991065737072E-02    8.707119409434E-03   -3.675842572791E-03
    4.616912176652E-02   -1.991065737072E-02    0.000000000000E+00   -2.147145832794E-02    9.261392594873E-03
    1.915614994447E-02   -8.707119409434E-03    2.147145832794E-02    0.000000000000E+00    1.703754004683E-02
   -7.450993777538E-03    3.675842572791E-03   -9.261392594873E-03   -1.703754004683E-02    0.000000000000E+00
   7.6431689176889588     
    0.000000000000E+00    6.610071737496E-02   -4.610938879602E-02   -1.943395588545E-02    7.668571364626E-03
   -6.610071737496E-02    0.000000000000E+00    1.948086658840E-02    8.606688938937E-03   -3.687228175776E-03
    4.610938879602E-02   -1.948086658840E-02    0.000000000000E+00   -2.127905225335E-02    9.265069131346E-03
    1.943395588545E-02   -8.606688938937E-03    2.127905225335E-02    0.000000000000E+00    1.694779273668E-02
   -7.668571364626E-03    3.687228175776E-03   -9.265069131346E-03   -1.694779273668E-02    0.000000000000E+00
   7.7414723183397083     
    0.000000000000E+00    6.434093924822E-02   -4.602900669914E-02   -1.970264030044E-02    7.885125907968E-03
   -6.434093924822E-02    0.000000000000E+00    1.905970522352E-02    8.503588033353E-03   -3.695799947808E-03
    4.602900669914E-02   -1.905970522352E-02    0.000000000000E+00   -2.108541707880E-02    9.264321610002E-03
    1.970264030044E-02   -8.503588033353E-03    2.108541707880E-02    0.000000000000E+00    1.685715494821E-02
   -7.885125907968E-03    3.695799947808E-03   -9.264321610002E-03   -1.685715494821E-02    0.000000000000E+00
   7.8404038557358300     
    0.000000000000E+00    6.262431024559E-02   -4.592865662522E-02   -1.996211146993E-02    8.100440342140E-03
   -6.262431024559E-02    0.000000000000E+00    1.864722169723E-02    8.398106175501E-03   -3.701628481535E-03
    4.592865662522E-02   -1.864722169723E-02    0.000000000000E+00   -2.089070416588E-02    9.259274765449E-03
    1.996211146993E-02   -8.398106175501E-03    2.089070416588E-02    0.000000000000E+00    1.676568923508E-02
   -8.100440342140E-03    3.701628481535E-03   -9.259274765449E-03   -1.676568923508E-02    0.000000000000E+00
   7.9399635298773239     
    0.000000000000E+00    6.095045641067E-02   -4.580902082036E-02   -2.021229476556E-02    8.314304968422E-03
   -6.095045641067E-02    0.000000000000E+00    1.824343820917E-02    8.290521892934E-03   -3.704788562882E-03
    4.580902082036E-02   -1.824343820917E-02    0.000000000000E+00   -2.069505853660E-02    9.250055954353E-03
    2.021229476556E-02   -8.290521892934E-03    2.069505853660E-02    0.000000000000E+00    1.667345390810E-02
   -8.314304968422E-03    3.704788562882E-03   -9.250055954353E-03   -1.667345390810E-02    0.000000000000E+00
   8.0401513407641900     
    0.000000000000E+00    5.931893087146E-02   -4.567078128138E-02   -2.045313183869E-02    8.526517662802E-03
   -5.931893087146E-02    0.000000000000E+00    1.784835304000E-02    8.181102499085E-03   -3.705358648965E-03
    4.567078128138E-02   -1.784835304000E-02    0.000000000000E+00   -2.049861915502E-02    9.236794724304E-03
    2.045313183869E-02   -8.181102499085E-03    2.049861915502E-02    0.000000000000E+00    1.658050333586E-02
   -8.526517662802E-03    3.705358648965E-03   -9.236794724304E-03   -1.658050333586E-02    0.000000000000E+00
   8.1409672883964284     
    0.000000000000E+00    5.772922259256E-02   -4.551461849419E-02   -2.068457981931E-02    8.736884043284E-03
   -5.772922259256E-02    0.000000000000E+00    1.746194272446E-02    8.070103905600E-03   -3.703420364004E-03
    4.551461849419E-02   -1.746194272446E-02    0.000000000000E+00   -2.030151918276E-02    9.219622398944E-03
    2.068457981931E-02   -8.070103905600E-03    2.030151918276E-02    0.000000000000E+00    1.648688822683E-02
   -8.736884043284E-03    3.703420364004E-03   -9.219622398944E-03   -1.648688822683E-02    0.000000000000E+00
   8.2424113727740398     
    0.000000000000E+00    5.618076452819E-02   -4.534121028932E-02   -2.090661053567E-02    8.945217599590E-03
   -5.618076452819E-02    0.000000000000E+00    1.708416413723E-02    7.957770511643E-03   -3.699058018383E-03
    4.534121028932E-02   -1.708416413723E-02    0.000000000000E+00   -2.010388622907E-02    9.198671684765E-03
    2.090661053567E-02   -7.957770511643E-03    2.010388622907E-02    0.000000000000E+00    1.639265590148E-02
   -8.945217599590E-03    3.699058018383E-03   -9.198671684765E-03   -1.639265590148E-02    0.000000000000E+00
   8.3444835938970225     
    0.000000000000E+00    5.467294106524E-02   -4.515123076930E-02   -2.111920974974E-02    9.151339787215E-03
   -5.467294106524E-02    0.000000000000E+00    1.671495644982E-02    7.844335152860E-03   -3.692358148366E-03
    4.515123076930E-02   -1.671495644982E-02    0.000000000000E+00   -1.990584257754E-02    9.174076294739E-03
    2.111920974974E-02   -7.844335152860E-03    1.990584257754E-02    0.000000000000E+00    1.629785054673E-02
   -9.151339787215E-03    3.692358148366E-03   -9.174076294739E-03   -1.629785054673E-02    0.000000000000E+00
   8.4471839517653784     
    0.000000000000E+00    5.320509487542E-02   -4.494534932316E-02   -2.132237641422E-02    9.355080088592E-03
   -5.320509487542E-02    0.000000000000E+00    1.635424298187E-02    7.730019110514E-03   -3.683409079250E-03
    4.494534932316E-02   -1.635424298187E-02    0.000000000000E+00   -1.970750540091E-02    9.145970591543E-03
    2.132237641422E-02   -7.730019110514E-03    1.970750540091E-02    0.000000000000E+00    1.620251345732E-02
   -9.355080088592E-03    3.683409079250E-03   -9.145970591543E-03   -1.620251345732E-02    0.000000000000E+00
   8.5505124463791038     
    0.000000000000E+00    5.177653319114E-02   -4.472422971661E-02   -2.151612195181E-02    9.556276043787E-03
   -5.177653319114E-02    0.000000000000E+00    1.600193294222E-02    7.615032173588E-03   -3.672300512023E-03
    4.472422971661E-02   -1.600193294222E-02    0.000000000000E+00   -1.950898696209E-02    9.114489249662E-03
    2.151612195181E-02   -7.615032173588E-03    1.950898696209E-02    0.000000000000E+00    1.610668326345E-02
   -9.556276043787E-03    3.672300512023E-03   -9.114489249662E-03   -1.610668326345E-02    0.000000000000E+00
   8.6544690777382058     
    0.000000000000E+00    5.038653354872E-02   -4.448852925571E-02   -2.170046955827E-02    9.754773253231E-03
   -5.038653354872E-02    0.000000000000E+00    1.565792306393E-02    7.499572749218E-03   -3.659123134124E-03
    4.448852925571E-02   -1.565792306393E-02    0.000000000000E+00   -1.931039480402E-02    9.079766936674E-03
    2.170046955827E-02   -7.499572749218E-03    1.931039480402E-02    0.000000000000E+00    1.601039614563E-02
   -9.754773253231E-03    3.659123134124E-03   -9.079766936674E-03   -1.601039614563E-02    0.000000000000E+00
   8.7590538458426774     
    0.000000000000E+00    4.903434901500E-02   -4.423889801333E-02   -2.187545352889E-02    9.950425354603E-03
   -4.903434901500E-02    0.000000000000E+00    1.532209913016E-02    7.383828014758E-03   -3.643968253894E-03
    4.423889801333E-02   -1.532209913016E-02    0.000000000000E+00   -1.911183192616E-02    9.041938012740E-03
    2.187545352889E-02   -7.383828014758E-03    1.911183192616E-02    0.000000000000E+00    1.591368603590E-02
   -9.950425354603E-03    3.643968253894E-03   -9.041938012740E-03   -1.591368603590E-02    0.000000000000E+00
   8.8642667506925203     
    0.000000000000E+00    4.771921291374E-02   -4.397597810677E-02   -2.204111860693E-02    1.014309397572E-02
   -4.771921291374E-02    0.000000000000E+00    1.499433738782E-02    7.267974104889E-03   -3.626927458061E-03
    4.397597810677E-02   -1.499433738782E-02    0.000000000000E+00   -1.891339694532E-02    9.001136247109E-03
    2.204111860693E-02   -7.267974104889E-03    1.891339694532E-02    0.000000000000E+00    1.581658480439E-02
   -1.014309397572E-02    3.626927458061E-03   -9.001136247109E-03   -1.581658480439E-02    0.000000000000E+00
   8.9701077922877364     
    0.000000000000E+00    4.644034316129E-02   -4.370040305018E-02   -2.219751936074E-02    1.033264866679E-02
   -4.644034316129E-02    0.000000000000E+00    1.467450587643E-02    7.152176336204E-03   -3.608092294495E-03
    4.370040305018E-02   -1.467450587643E-02    0.000000000000E+00   -1.871518425478E-02    8.957494555048E-03
    2.219751936074E-02   -7.152176336204E-03    1.871518425478E-02    0.000000000000E+00    1.571912243736E-02
   -1.033264866679E-02    3.608092294495E-03   -8.957494555048E-03   -1.571912243736E-02    0.000000000000E+00
   9.0765769706283255     
    0.000000000000E+00    4.519694613321E-02   -4.341279713901E-02   -2.234471958026E-02    1.051896681222E-02
   -4.519694613321E-02    0.000000000000E+00    1.436246564139E-02    7.036589454968E-03   -3.587553976428E-03
    4.341279713901E-02   -1.436246564139E-02    0.000000000000E+00   -1.851728416381E-02    8.911144749606E-03
    2.234471958026E-02   -7.036589454968E-03    1.851728416381E-02    0.000000000000E+00    1.562132719904E-02
   -1.051896681222E-02    3.587553976428E-03   -8.911144749606E-03   -1.562132719904E-02    0.000000000000E+00
   9.1836742857142859     
    0.000000000000E+00    4.398822022607E-02   -4.311377491400E-02   -2.248279170514E-02    1.070193352672E-02
   -4.398822022607E-02    0.000000000000E+00    1.405807187837E-02    6.921357916634E-03   -3.565403112146E-03
    4.311377491400E-02   -1.405807187837E-02    0.000000000000E+00   -1.831978304262E-02    8.862217314751E-03
    2.248279170514E-02   -6.921357916634E-03    1.831978304262E-02    0.000000000000E+00    1.552322578854E-02
   -1.070193352672E-02    3.565403112146E-03   -8.862217314751E-03   -1.552322578854E-02    0.000000000000E+00
   9.2913997375456177     
    0.000000000000E+00    4.281335894933E-02   -4.280394062576E-02   -2.261181626491E-02    1.088144153312E-02
   -4.281335894933E-02    0.000000000000E+00    1.376117494998E-02    6.806616174739E-03   -3.541729452934E-03
    4.280394062576E-02   -1.376117494998E-02    0.000000000000E+00   -1.812276343727E-02    8.810841189021E-03
    2.261181626491E-02   -6.806616174739E-03    1.812276343727E-02    0.000000000000E+00    1.542484347573E-02
   -1.088144153312E-02    3.541729452934E-03   -8.810841189021E-03   -1.542484347573E-02    0.000000000000E+00
   9.3997533261223225     
    0.000000000000E+00    4.167155381777E-02   -4.248388779485E-02   -2.273188135566E-02    1.105739102933E-02
   -4.167155381777E-02    0.000000000000E+00    1.347162135855E-02    6.692488999325E-03   -3.516621667169E-03
    4.248388779485E-02   -1.347162135855E-02    0.000000000000E+00   -1.792630420162E-02    8.757143572699E-03
    2.273188135566E-02   -6.692488999325E-03    1.792630420162E-02    0.000000000000E+00    1.532620423800E-02
   -1.105739102933E-02    3.516621667169E-03   -8.757143572699E-03   -1.532620423800E-02    0.000000000000E+00
   9.5087350514443987     
    0.000000000000E+00    4.056199685000E-02   -4.215419877629E-02   -2.284308212977E-02    1.122968954098E-02
   -4.056199685000E-02    0.000000000000E+00    1.318925460685E-02    6.579091800197E-03   -3.490167132082E-03
    4.215419877629E-02   -1.318925460685E-02    0.000000000000E+00   -1.773048060480E-02    8.701249745792E-03
    2.284308212977E-02   -6.579091800197E-03    1.773048060480E-02    0.000000000000E+00    1.522733087881E-02
   -1.122968954098E-02    3.490167132082E-03   -8.701249745792E-03   -1.522733087881E-02    0.000000000000E+00
   9.6183449135118479     
    0.000000000000E+00    3.948388282491E-02   -4.181544437813E-02   -2.294552031141E-02    1.139825176414E-02
   -3.948388282491E-02    0.000000000000E+00    1.291391599334E-02    6.466530964540E-03   -3.462451746968E-03
    4.181544437813E-02   -1.291391599334E-02    0.000000000000E+00   -1.753536443952E-02    8.643282903501E-03
    2.294552031141E-02   -6.466530964540E-03    1.753536443952E-02    0.000000000000E+00    1.512824513990E-02
   -1.139825176414E-02    3.462451746968E-03   -8.643282903501E-03   -1.512824513990E-02    0.000000000000E+00
   9.7285829123246703     
    0.000000000000E+00    3.843641129755E-02   -4.146818352567E-02   -2.303930373564E-02    1.156299939961E-02
   -3.843641129755E-02    0.000000000000E+00    1.264544533958E-02    6.354904204343E-03   -3.433559766420E-03
    4.146818352567E-02   -1.264544533958E-02    0.000000000000E+00   -1.734102412853E-02    8.583364007795E-03
    2.303930373564E-02   -6.354904204343E-03    1.734102412853E-02    0.000000000000E+00    1.502896780630E-02
   -1.156299939961E-02    3.433559766420E-03   -8.583364007795E-03   -1.502896780630E-02    0.000000000000E+00
   9.8394490478828640     
    0.000000000000E+00    3.741878833647E-02   -4.111296294115E-02   -2.312454590226E-02    1.172386097779E-02
   -3.741878833647E-02    0.000000000000E+00    1.238368163341E-02    6.244300904751E-03   -3.403573650322E-03
    4.111296294115E-02   -1.238368163341E-02    0.000000000000E+00   -1.714752481646E-02    8.521611650533E-03
    2.312454590226E-02   -6.244300904751E-03    1.714752481646E-02    0.000000000000E+00    1.492951879812E-02
   -1.172386097779E-02    3.403573650322E-03   -8.521611650533E-03   -1.492951879812E-02    0.000000000000E+00
   9.9509433201864308     
    0.000000000000E+00    3.643022810980E-02   -4.075031688916E-02   -2.320136555853E-02    1.188077167950E-02
   -3.643022810980E-02    0.000000000000E+00    1.212846362985E-02    6.134802482717E-03   -3.372573934161E-03
    4.075031688916E-02   -1.212846362985E-02    0.000000000000E+00   -1.695492847199E-02    8.458141935017E-03
    2.320136555853E-02   -6.134802482717E-03    1.695492847199E-02    0.000000000000E+00    1.482991726129E-02
   -1.188077167950E-02    3.372573934161E-03   -8.458141935017E-03   -1.482991726129E-02    0.000000000000E+00
   10.063065729235369     
    0.000000000000E+00    3.546995418357E-02   -4.038076690944E-02   -2.326988628725E-02    1.203367314760E-02
   -3.546995418357E-02    0.000000000000E+00    1.187963035850E-02    6.026482736792E-03   -3.340639112223E-03
    4.038076690944E-02   -1.187963035850E-02    0.000000000000E+00   -1.676329396432E-02    8.393068364298E-03
    2.326988628725E-02   -6.026482736792E-03    1.676329396432E-02    0.000000000000E+00    1.473018164017E-02
   -1.203367314760E-02    3.340639112223E-03   -8.393068364298E-03   -1.473018164017E-02    0.000000000000E+00
   10.175816275029678     
    0.000000000000E+00    3.453720075169E-02   -4.000482163858E-02   -2.333023613010E-02    1.218251329919E-02
   -3.453720075169E-02    0.000000000000E+00    1.163702161454E-02    5.919408208866E-03   -3.307845541517E-03
    4.000482163858E-02   -1.163702161454E-02    0.000000000000E+00   -1.657267716329E-02    8.326501750683E-03
    2.333023613010E-02   -5.919408208866E-03    1.657267716329E-02    0.000000000000E+00    1.463032975613E-02
   -1.218251329919E-02    3.307845541517E-03   -8.326501750683E-03   -1.463032975613E-02    0.000000000000E+00
   10.289194957569361     
    0.000000000000E+00    3.363121361331E-02   -3.962297661670E-02   -2.338254721474E-02    1.232724613062E-02
   -3.363121361331E-02    0.000000000000E+00    1.140047836453E-02    5.813638533667E-03   -3.274267356836E-03
    3.962297661670E-02   -1.140047836453E-02    0.000000000000E+00   -1.638313101471E-02    8.258550130902E-03
    2.338254721474E-02   -5.813638533667E-03    1.638313101471E-02    0.000000000000E+00    1.453037886873E-02
   -1.232724613062E-02    3.274267356836E-03   -8.258550130902E-03   -1.453037886873E-02    0.000000000000E+00
   10.403201776854416     
    0.000000000000E+00    3.275125105622E-02   -3.923571415305E-02   -2.342695540737E-02    1.246783152279E-02
   -3.275125105622E-02    0.000000000000E+00    1.116984312328E-02    5.709226790892E-03   -3.239976402399E-03
    3.923571415305E-02   -1.116984312328E-02    0.000000000000E+00   -1.619470562684E-02    8.189318697361E-03
    2.342695540737E-02   -5.709226790892E-03    1.619470562684E-02    0.000000000000E+00    1.443034573748E-02
   -1.246783152279E-02    3.239976402399E-03   -8.189318697361E-03   -1.443034573748E-02    0.000000000000E+00
   10.517836732884843     
    0.000000000000E+00    3.189658455173E-02   -3.884350318966E-02   -2.346359997156E-02    1.260423504197E-02
   -3.189658455173E-02    0.000000000000E+00    1.094496026497E-02    5.606219845952E-03   -3.205042174223E-03
    3.884350318966E-02   -1.094496026497E-02    0.000000000000E+00   -1.600744834005E-02    8.118909736081E-03
    2.346359997156E-02   -5.606219845952E-03    1.600744834005E-02    0.000000000000E+00    1.433024667030E-02
   -1.260423504197E-02    3.205042174223E-03   -8.118909736081E-03   -1.433024667030E-02    0.000000000000E+00
   10.633099825660643     
    0.000000000000E+00    3.106649939614E-02   -3.844679923271E-02   -2.349262325500E-02    1.273642774392E-02
   -3.106649939614E-02    0.000000000000E+00    1.072567631866E-02    5.504658692999E-03   -3.169531778204E-03
    3.844679923271E-02   -1.072567631866E-02    0.000000000000E+00   -1.582140381353E-02    8.047422581363E-03
    2.349262325500E-02   -5.504658692999E-03    1.582140381353E-02    0.000000000000E+00    1.423009757608E-02
   -1.273642774392E-02    3.169531778204E-03   -8.047422581363E-03   -1.423009757608E-02    0.000000000000E+00
   10.748991055181813     
    0.000000000000E+00    3.026029519984E-02   -3.804604428703E-02   -2.351417038345E-02    1.286438597572E-02
   -3.026029519984E-02    0.000000000000E+00    1.051184020947E-02    5.404578785931E-03   -3.133509897823E-03
    3.804604428703E-02   -1.051184020947E-02    0.000000000000E+00   -1.563661409911E-02    7.974953577161E-03
    2.351417038345E-02   -5.404578785931E-03    1.563661409911E-02    0.000000000000E+00    1.412991400668E-02
   -1.286438597572E-02    3.133509897823E-03   -7.974953577161E-03   -1.412991400668E-02    0.000000000000E+00
   10.865510421448358     
    0.000000000000E+00    2.947728625683E-02   -3.764166680247E-02   -2.352838896336E-02    1.298809117667E-02
   -2.947728625683E-02    0.000000000000E+00    1.030330345574E-02    5.306010358745E-03   -3.097038771458E-03
    3.764166680247E-02   -1.030330345574E-02    0.000000000000E+00   -1.545311870684E-02    7.901596045870E-03
    2.352838896336E-02   -5.306010358745E-03    1.545311870684E-02    0.000000000000E+00    1.402971119042E-02
   -1.298809117667E-02    3.097038771458E-03   -7.901596045870E-03   -1.402971119042E-02    0.000000000000E+00
   10.982657924460273     
    0.000000000000E+00    2.871680188542E-02   -3.723408168389E-02   -2.353542881101E-02    1.310752968462E-02
   -2.871680188542E-02    0.000000000000E+00    1.009992035834E-02    5.208978745154E-03   -3.060178182831E-03
    3.723408168389E-02   -1.009992035834E-02    0.000000000000E+00   -1.527095468791E-02    7.827440272234E-03
    2.353542881101E-02   -5.208978745154E-03    1.527095468791E-02    0.000000000000E+00    1.392950407094E-02
   -1.310752968462E-02    3.060178182831E-03   -7.827440272234E-03   -1.392950407094E-02    0.000000000000E+00
   11.100433564217560     
    0.000000000000E+00    2.797818663337E-02   -3.682369028983E-02   -2.353544168208E-02    1.322269254023E-02
   -2.797818663337E-02    0.000000000000E+00    9.901548138191E-03    5.113504681907E-03   -3.022985457770E-03
    3.682369028983E-02   -9.901548138191E-03    0.000000000000E+00   -1.509015669968E-02    7.752573490456E-03
    2.353544168208E-02   -5.113504681907E-03    1.509015669968E-02    0.000000000000E+00    1.382930733326E-02
   -1.322269254023E-02    3.022985457770E-03   -7.752573490456E-03   -1.382930733326E-02    0.000000000000E+00
   11.218837340720221     
    0.000000000000E+00    2.726080043890E-02   -3.641088047190E-02   -2.352858101937E-02    1.333357529537E-02
   -2.726080043890E-02    0.000000000000E+00    9.708047057999E-03    5.019604606032E-03   -2.985515470864E-03
    3.641088047190E-02   -9.708047057999E-03    0.000000000000E+00   -1.491075707833E-02    7.677079882136E-03
    2.352858101937E-02   -5.019604606032E-03    1.491075707833E-02    0.000000000000E+00    1.372913543061E-02
   -1.333357529537E-02    2.985515470864E-03   -7.677079882136E-03   -1.372913543061E-02    0.000000000000E+00
   11.337869253968254     
    0.000000000000E+00    2.656401870934E-02   -3.599602662345E-02   -2.351500170729E-02    1.344017782259E-02
   -2.656401870934E-02    0.000000000000E+00    9.519280512033E-03    4.927290939508E-03   -2.947820658802E-03
    3.599602662345E-02   -9.519280512033E-03    0.000000000000E+00   -1.473278590436E-02    7.601040579717E-03
    2.351500170729E-02   -4.927290939508E-03    1.473278590436E-02    0.000000000000E+00    1.362900260431E-02
   -1.344017782259E-02    2.947820658802E-03   -7.601040579717E-03   -1.362900260431E-02    0.000000000000E+00
   11.457529303961659     
    0.000000000000E+00    2.588723238084E-02   -3.557948977703E-02   -2.349485984756E-02    1.354250413125E-02
   -2.588723238084E-02    0.000000000000E+00    9.335115110341E-03    4.836572369075E-03   -2.909951043045E-03
    3.557948977703E-02   -9.335115110341E-03    0.000000000000E+00   -1.455627108131E-02    7.524533681649E-03
    2.349485984756E-02   -4.836572369075E-03    1.455627108131E-02    0.000000000000E+00    1.352892290829E-02
   -1.354250413125E-02    2.909951043045E-03   -7.524533681649E-03   -1.352892290829E-02    0.000000000000E+00
   11.577817490700435     
    0.000000000000E+00    2.522984786265E-02   -3.516161767428E-02   -2.346831252770E-02    1.364056218060E-02
   -2.522984786265E-02    0.000000000000E+00    9.155420715033E-03    4.747454106186E-03   -2.871954254985E-03
    3.516161767428E-02   -9.155420715033E-03    0.000000000000E+00   -1.438123839029E-02    7.447634266315E-03
    2.346831252770E-02   -4.747454106186E-03    1.438123839029E-02    0.000000000000E+00    1.342891021778E-02
   -1.364056218060E-02    2.871954254985E-03   -7.447634266315E-03   -1.342891021778E-02    0.000000000000E+00
   11.698733814184584     
    0.000000000000E+00    2.459128699877E-02   -3.474274490023E-02   -2.343551761623E-02    1.373436370242E-02
   -2.459128699877E-02    0.000000000000E+00    8.980070485670E-03    4.659938145158E-03   -2.833875570582E-03
    3.474274490023E-02   -8.980070485670E-03    0.000000000000E+00   -1.420771156633E-02    7.370414419542E-03
    2.343551761623E-02   -4.659938145158E-03    1.420771156633E-02    0.000000000000E+00    1.332897824767E-02
   -1.373436370242E-02    2.833875570582E-03   -7.370414419542E-03   -1.332897824767E-02    0.000000000000E+00
   11.820278274414106     
    0.000000000000E+00    2.397098695763E-02   -3.432319301173E-02   -2.339663355875E-02    1.382392402441E-02
   -2.397098695763E-02    0.000000000000E+00    8.808940894681E-03    4.574023505913E-03   -2.795757948213E-03
    3.432319301173E-02   -8.808940894681E-03    0.000000000000E+00   -1.403571236250E-02    7.292943263890E-03
    2.339663355875E-02   -4.574023505913E-03    1.403571236250E-02    0.000000000000E+00    1.322914056214E-02
   -1.382392402441E-02    2.795757948213E-03   -7.292943263890E-03   -1.322914056214E-02    0.000000000000E+00
   11.942450871388997     
    0.000000000000E+00    2.336840009542E-02   -3.390327068872E-02   -2.335181918515E-02    1.390926189823E-02
   -2.336840009542E-02    0.000000000000E+00    8.641911732158E-03    4.489706467114E-03   -2.757642071603E-03
    3.390327068872E-02   -8.641911732158E-03    0.000000000000E+00   -1.386526061639E-02    7.215286994141E-03
    2.335181918515E-02   -4.489706467114E-03    1.386526061639E-02    0.000000000000E+00    1.312941058378E-02
   -1.390926189823E-02    2.757642071603E-03   -7.215286994141E-03   -1.312941058378E-02    0.000000000000E+00
   12.065251605109264     
    0.000000000000E+00    2.278299378517E-02   -3.348327389782E-02   -2.330123352434E-02    1.399039933120E-02
   -2.278299378517E-02    0.000000000000E+00    8.478866096213E-03    4.406980787920E-03   -2.719566396534E-03
    3.348327389782E-02   -8.478866096213E-03    0.000000000000E+00   -1.369637431440E-02    7.137508916973E-03
    2.330123352434E-02   -4.406980787920E-03    1.369637431440E-02    0.000000000000E+00    1.302980159984E-02
   -1.399039933120E-02    2.719566396534E-03   -7.137508916973E-03   -1.302980159984E-02    0.000000000000E+00
   12.188680475574902     
    0.000000000000E+00    2.221425021131E-02   -3.306348606292E-02   -2.324503562396E-02    1.406736142099E-02
   -2.221425021131E-02    0.000000000000E+00    8.319690368178E-03    4.325837917691E-03   -2.681567200487E-03
    3.306348606292E-02   -8.319690368178E-03    0.000000000000E+00   -1.352906965147E-02    7.059669493661E-03
    2.324503562396E-02   -4.325837917691E-03    1.352906965147E-02    0.000000000000E+00    1.293032676446E-02
   -1.406736142099E-02    2.681567200487E-03   -7.059669493661E-03   -1.293032676446E-02    0.000000000000E+00
   12.312737482785911     
    0.000000000000E+00    2.166166617804E-02   -3.264417828067E-02   -2.318338439100E-02    1.414017619951E-02
   -2.166166617804E-02    0.000000000000E+00    8.164274195166E-03    4.246267200963E-03   -2.643678637847E-03
    3.264417828067E-02   -8.164274195166E-03    0.000000000000E+00   -1.336336110586E-02    6.981826392032E-03
    2.318338439100E-02   -4.246267200963E-03    1.336336110586E-02    0.000000000000E+00    1.283099910825E-02
   -1.414017619951E-02    2.643678637847E-03   -6.981826392032E-03   -1.283099910825E-02    0.000000000000E+00
   12.437422626742293     
    0.000000000000E+00    2.112475284673E-02   -3.222560950401E-02   -2.311643842188E-02    1.420887447422E-02
   -2.112475284673E-02    0.000000000000E+00    8.012510439902E-03    4.168256063821E-03   -2.605932794167E-03
    3.222560950401E-02   -8.012510439902E-03    0.000000000000E+00   -1.319926149108E-02    6.904034534377E-03
    2.311643842188E-02   -4.168256063821E-03    1.319926149108E-02    0.000000000000E+00    1.273183153390E-02
   -1.420887447422E-02    2.605932794167E-03   -6.904034534377E-03   -1.273183153390E-02    0.000000000000E+00
   12.562735907444049     
    0.000000000000E+00    2.060303549947E-02   -3.180802677380E-02   -2.304435585493E-02    1.427348967967E-02
   -2.060303549947E-02    0.000000000000E+00    7.864295143154E-03    4.091790196882E-03   -2.568359745554E-03
    3.180802677380E-02   -7.864295143154E-03    0.000000000000E+00   -1.303678202525E-02    6.826346154768E-03
    2.304435585493E-02   -4.091790196882E-03    1.303678202525E-02    0.000000000000E+00    1.263283682084E-02
   -1.427348967967E-02    2.568359745554E-03   -6.826346154768E-03   -1.263283682084E-02    0.000000000000E+00
   12.688677324891179     
    0.000000000000E+00    2.009605326773E-02   -3.139166544231E-02   -2.296729422255E-02    1.433405773061E-02
   -2.009605326773E-02    0.000000000000E+00    7.719527469894E-03    4.016853724957E-03   -2.530987618388E-03
    3.139166544231E-02   -7.719527469894E-03    0.000000000000E+00   -1.287593239069E-02    6.748810856049E-03
    2.296729422255E-02   -4.016853724957E-03    1.287593239069E-02    0.000000000000E+00    1.253402762369E-02
   -1.433405773061E-02    2.530987618388E-03   -6.748810856049E-03   -1.253402762369E-02    0.000000000000E+00
   12.815246879083672     
    0.000000000000E+00    1.960335884456E-02   -3.097674940041E-02   -2.288541030724E-02    1.439061687818E-02
   -1.960335884456E-02    0.000000000000E+00    7.578109647197E-03    3.943429365959E-03   -2.493842649996E-03
    3.097674940041E-02   -7.578109647197E-03    0.000000000000E+00   -1.271672078935E-02    6.671475668110E-03
    2.288541030724E-02   -3.943429365959E-03    1.271672078935E-02    0.000000000000E+00    1.243541646777E-02
   -1.439061687818E-02    2.493842649996E-03   -6.671475668110E-03   -1.243541646777E-02    0.000000000000E+00
   12.942444570021546     
    0.000000000000E+00    1.912451821260E-02   -3.056349133658E-02   -2.279886001491E-02    1.444320757496E-02
   -1.912451821260E-02    0.000000000000E+00    7.439946910064E-03    3.871498584716E-03   -2.456949252322E-03
    3.056349133658E-02   -7.439946910064E-03    0.000000000000E+00   -1.255915400957E-02    6.594385112518E-03
    2.279886001491E-02   -3.871498584716E-03    1.255915400957E-02    0.000000000000E+00    1.233701575079E-02
   -1.444320757496E-02    2.456949252322E-03   -6.594385112518E-03   -1.233701575079E-02    0.000000000000E+00
   13.070270397704789     
    0.000000000000E+00    1.865911034791E-02   -3.015209298756E-02   -2.270779824757E-02    1.449187234154E-02
   -1.865911034791E-02    0.000000000000E+00    7.304947435156E-03    3.801041734749E-03   -2.420330075104E-03
    3.015209298756E-02   -7.304947435156E-03    0.000000000000E+00   -1.240323748384E-02    6.517581266161E-03
    2.270779824757E-02   -3.801041734749E-03    1.240323748384E-02    0.000000000000E+00    1.223883773935E-02
   -1.449187234154E-02    2.420330075104E-03   -6.517581266161E-03   -1.223883773935E-02    0.000000000000E+00
   13.198724362133406     
    0.000000000000E+00    1.820672690669E-02   -2.974274538300E-02   -2.261237877657E-02    1.453665563496E-02
   -1.820672690669E-02    0.000000000000E+00    7.173022265358E-03    3.732038189032E-03   -2.384006068570E-03
    2.974274538300E-02   -7.173022265358E-03    0.000000000000E+00   -1.224897533902E-02    6.441103824085E-03
    2.261237877657E-02   -3.732038189032E-03    1.224897533902E-02    0.000000000000E+00    1.214089456063E-02
   -1.453665563496E-02    2.384006068570E-03   -6.441103824085E-03   -1.214089456063E-02    0.000000000000E+00
   13.327806463307390     
    0.000000000000E+00    1.776697193971E-02   -2.933562912693E-02   -2.251275413602E-02    1.457760372745E-02
   -1.776697193971E-02    0.000000000000E+00    7.044085247995E-03    3.664466467843E-03   -2.347996548839E-03
    2.933562912693E-02   -7.044085247995E-03    0.000000000000E+00   -1.209637046168E-02    6.364990169211E-03
    2.251275413602E-02   -3.664466467843E-03    1.209637046168E-02    0.000000000000E+00    1.204319820334E-02
   -1.457760372745E-02    2.347996548839E-03   -6.364990169211E-03   -1.204319820334E-02    0.000000000000E+00
   13.457516701226751     
    0.000000000000E+00    1.733946158176E-02   -2.893091466160E-02   -2.240907551217E-02    1.461476458520E-02
   -1.733946158176E-02    0.000000000000E+00    6.918052959905E-03    3.598304354448E-03   -2.312319261552E-03
    2.893091466160E-02   -6.918052959905E-03    0.000000000000E+00   -1.194542455099E-02    6.289275439039E-03
    2.240907551217E-02   -3.598304354448E-03    1.194542455099E-02    0.000000000000E+00    1.194576051147E-02
   -1.461476458520E-02    2.312319261552E-03   -6.289275439039E-03   -1.194576051147E-02    0.000000000000E+00
   13.587855075891481     
    0.000000000000E+00    1.692382374527E-02   -2.852876254015E-02   -2.230149264065E-02    1.464818775220E-02
   -1.692382374527E-02    0.000000000000E+00    6.794844633828E-03    3.533529003806E-03   -2.276990445667E-03
    2.852876254015E-02   -6.794844633828E-03    0.000000000000E+00   -1.179613817295E-02    6.213992593939E-03
    2.230149264065E-02   -3.533529003806E-03    1.179613817295E-02    0.000000000000E+00    1.184859317912E-02
   -1.464818775220E-02    2.276990445667E-03   -6.213992593939E-03   -1.184859317912E-02    0.000000000000E+00
   13.718821587301589     
    0.000000000000E+00    1.651969780951E-02   -2.812932369719E-02   -2.219015370682E-02    1.467792423701E-02
   -1.651969780951E-02    0.000000000000E+00    6.674382081551E-03    3.470117042846E-03   -2.242024896398E-03
    2.812932369719E-02   -6.674382081551E-03    0.000000000000E+00   -1.164851081074E-02    6.139172484917E-03
    2.219015370682E-02   -3.470117042846E-03    1.164851081074E-02    0.000000000000E+00    1.175170774338E-02
   -1.467792423701E-02    2.242024896398E-03   -6.139172484917E-03   -1.175170774338E-02    0.000000000000E+00
   13.850416235457063     
    0.000000000000E+00    1.612673431756E-02   -2.773273972868E-02   -2.207520525484E-02    1.470402640496E-02
   -1.612673431756E-02    0.000000000000E+00    6.556589620277E-03    3.408044664816E-03   -2.207436028120E-03
    2.773273972868E-02   -6.556589620277E-03    0.000000000000E+00   -1.150254091766E-02    6.064843922999E-03
    2.207520525484E-02   -3.408044664816E-03    1.150254091766E-02    0.000000000000E+00    1.165511557927E-02
   -1.470402640496E-02    2.207436028120E-03   -6.064843922999E-03   -1.165511557927E-02    0.000000000000E+00
   13.982639020357915     
    0.000000000000E+00    1.574459468257E-02   -2.733914318204E-02   -2.195679210671E-02    1.472654787640E-02
   -1.574459468257E-02    0.000000000000E+00    6.441394003187E-03    3.347287718290E-03   -2.173235937210E-03
    2.733914318204E-02   -6.441394003187E-03    0.000000000000E+00   -1.135822597353E-02    5.991033750422E-03
    2.195679210671E-02   -3.347287718290E-03    1.135822597353E-02    0.000000000000E+00    1.155882789780E-02
   -1.472654787640E-02    2.173235937210E-03   -5.991033750422E-03   -1.155882789780E-02    0.000000000000E+00
   14.115489942004132     
    0.000000000000E+00    1.537295088118E-02   -2.694865782992E-02   -2.183505727797E-02    1.474554342498E-02
   -1.537295088118E-02    0.000000000000E+00    6.328724341878E-03    3.287821786590E-03   -2.139435462572E-03
    2.694865782992E-02   -6.328724341878E-03    0.000000000000E+00   -1.121556253078E-02    5.917766908381E-03
    2.183505727797E-02   -3.287821786590E-03    1.121556253078E-02    0.000000000000E+00    1.146285573801E-02
   -1.474554342498E-02    2.139435462572E-03   -5.917766908381E-03   -1.146285573801E-02    0.000000000000E+00
   14.248969000395729     
    0.000000000000E+00    1.501148514944E-02   -2.656139894241E-02   -2.171014189738E-02    1.476106887896E-02
   -1.501148514944E-02    0.000000000000E+00    6.218512028747E-03    3.229622260724E-03   -2.106044244991E-03
    2.656139894241E-02   -6.218512028747E-03    0.000000000000E+00   -1.107454625823E-02    5.845066504147E-03
    2.171014189738E-02   -3.229622260724E-03    1.107454625823E-02    0.000000000000E+00    1.136720995847E-02
   -1.476106887896E-02    2.106044244991E-03   -5.845066504147E-03   -1.136720995847E-02    0.000000000000E+00
   14.383076195532690     
    0.000000000000E+00    1.465988969904E-02   -2.617747357781E-02   -2.158218514137E-02    1.477318103074E-02
   -1.465988969904E-02    0.000000000000E+00    6.110690669373E-03    3.172664409729E-03   -2.073070786842E-03
    2.617747357781E-02   -6.110690669373E-03    0.000000000000E+00   -1.093517199383E-02    5.772953881399E-03
    2.158218514137E-02   -3.172664409729E-03    1.093517199383E-02    0.000000000000E+00    1.127190123527E-02
   -1.477318103074E-02    2.073070786842E-03   -5.772953881399E-03   -1.127190123527E-02    0.000000000000E+00
   14.517811527415031     
    0.000000000000E+00    1.431786642634E-02   -2.579698085931E-02   -2.145132416675E-02    1.478193754688E-02
   -1.431786642634E-02    0.000000000000E+00    6.005196009694E-03    3.116923443185E-03   -2.040522509512E-03
    2.579698085931E-02   -6.005196009694E-03    0.000000000000E+00   -1.079743378928E-02    5.701448687542E-03
    2.145132416675E-02   -3.116923443185E-03    1.079743378928E-02    0.000000000000E+00    1.117694005590E-02
   -1.478193754688E-02    2.040522509512E-03   -5.701448687542E-03   -1.117694005590E-02    0.000000000000E+00
   14.653174996042736     
    0.000000000000E+00    1.398512662632E-02   -2.542001224973E-02   -2.131769404801E-02    1.478739688146E-02
   -1.398512662632E-02    0.000000000000E+00    5.901965864234E-03    3.062374568337E-03   -2.008405809433E-03
    2.542001224973E-02   -5.901965864234E-03    0.000000000000E+00   -1.066132495297E-02    5.630568940119E-03
    2.131769404801E-02   -3.062374568337E-03    1.066132495297E-02    0.000000000000E+00    1.108233671295E-02
   -1.478739688146E-02    2.008405809433E-03   -5.630568940119E-03   -1.108233671295E-02    0.000000000000E+00
   14.789166601415822     
    0.000000000000E+00    1.366139071471E-02   -2.504665182805E-02   -2.118142772128E-02    1.478961819364E-02
   -1.366139071471E-02    0.000000000000E+00    5.800940047597E-03    3.008993042924E-03   -1.976726113010E-03
    2.504665182805E-02   -5.800940047597E-03    0.000000000000E+00   -1.052683809385E-02    5.560331093199E-03
    2.118142772128E-02   -3.008993042924E-03    1.052683809385E-02    0.000000000000E+00    1.098810129944E-02
   -1.478961819364E-02    1.976726113010E-03   -5.560331093199E-03   -1.098810129944E-02    0.000000000000E+00
   14.925786343534273     
    0.000000000000E+00    1.334638795465E-02   -2.467697656210E-02   -2.104265593225E-02    1.478866126826E-02
   -1.334638795465E-02    0.000000000000E+00    5.702060306904E-03    2.956754223108E-03   -1.945487929987E-03
    2.467697656210E-02   -5.702060306904E-03    0.000000000000E+00   -1.039396516335E-02    5.490750102597E-03
    2.104265593225E-02   -2.956754223108E-03    1.039396516335E-02    0.000000000000E+00    1.089424370401E-02
   -1.478866126826E-02    1.945487929987E-03   -5.490750102597E-03   -1.089424370401E-02    0.000000000000E+00
   15.063034222398104     
    0.000000000000E+00    1.303985618083E-02   -2.431105656758E-02   -2.090150718259E-02    1.478458643662E-02
   -1.303985618083E-02    0.000000000000E+00    5.605270250861E-03    2.905633605091E-03   -1.914694904389E-03
    2.431105656758E-02   -5.605270250861E-03    0.000000000000E+00   -1.026269748995E-02    5.421839487756E-03
    2.090150718259E-02   -2.905633605091E-03    1.026269748995E-02    0.000000000000E+00    1.080077360227E-02
   -1.478458643662E-02    1.914694904389E-03   -5.421839487756E-03   -1.080077360227E-02    0.000000000000E+00
   15.200910238007296     
    0.000000000000E+00    1.274154155871E-02   -2.394895540172E-02   -2.075810770210E-02    1.477745451079E-02
   -1.274154155871E-02    0.000000000000E+00    5.510515298254E-03    2.855606869225E-03   -1.884349867029E-03
    2.394895540172E-02   -5.510515298254E-03    0.000000000000E+00   -1.013302583387E-02    5.353611400508E-03
    2.075810770210E-02   -2.855606869225E-03    1.013302583387E-02    0.000000000000E+00    1.070770046297E-02
   -1.477745451079E-02    1.884349867029E-03   -5.353611400508E-03   -1.070770046297E-02    0.000000000000E+00
   15.339414390361872     
    0.000000000000E+00    1.245119830128E-02   -2.359073029009E-02   -2.061258138975E-02    1.476732670351E-02
   -1.245119830128E-02    0.000000000000E+00    5.417742598849E-03    2.806649909241E-03   -1.854454881244E-03
    2.359073029009E-02   -5.417742598849E-03    0.000000000000E+00   -1.000494040513E-02    5.286076679414E-03
    2.061258138975E-02   -2.806649909241E-03    1.000494040513E-02    0.000000000000E+00    1.061503353047E-02
   -1.476732670351E-02    1.854454881244E-03   -5.286076679414E-03   -1.061503353047E-02    0.000000000000E+00
   15.478546679461811     
    0.000000000000E+00    1.216858843319E-02   -2.323643240265E-02   -2.046504978871E-02    1.475426456556E-02
   -1.216858843319E-02    0.000000000000E+00    5.326900980975E-03    2.758738867119E-03   -1.825011291374E-03
    2.323643240265E-02   -5.326900980975E-03    0.000000000000E+00   -9.878430910176E-03    5.219244913951E-03
    2.046504978871E-02   -2.758738867119E-03    9.878430910176E-03    0.000000000000E+00    1.052278182780E-02
   -1.475426456556E-02    1.825011291374E-03   -5.219244913951E-03   -1.052278182780E-02    0.000000000000E+00
   15.618307105307132     
    0.000000000000E+00    1.189348154562E-02   -2.288610710569E-02   -2.031563205463E-02    1.473832992065E-02
   -1.189348154562E-02    0.000000000000E+00    5.237940891697E-03    2.711850161108E-03   -1.796019767991E-03
    2.288610710569E-02   -5.237940891697E-03    0.000000000000E+00   -9.753486586232E-03    5.153124503255E-03
    2.031563205463E-02   -2.711850161108E-03    9.753486586232E-03    0.000000000000E+00    1.043095415264E-02
   -1.473832992065E-02    1.796019767991E-03   -5.153124503255E-03   -1.043095415264E-02    0.000000000000E+00
   15.758695667897815     
    0.000000000000E+00    1.162565455563E-02   -2.253979420637E-02   -2.016444492614E-02    1.471958480213E-02
   -1.162565455563E-02    0.000000000000E+00    5.150814337729E-03    2.665960510134E-03   -1.767480351281E-03
    2.253979420637E-02   -5.150814337729E-03    0.000000000000E+00   -9.630096233006E-03    5.087722712959E-03
    2.016444492614E-02   -2.665960510134E-03    9.630096233006E-03    0.000000000000E+00    1.033955907270E-02
   -1.471958480213E-02    1.767480351281E-03   -5.087722712959E-03   -1.033955907270E-02    0.000000000000E+00
   15.899712367233878     
    0.000000000000E+00    1.136489148025E-02   -2.219752820416E-02   -2.001160270628E-02    1.469809139583E-02
   -1.136489148025E-02    0.000000000000E+00    5.065474833487E-03    2.621046957248E-03   -1.739392493726E-03
    2.219752820416E-02   -5.065474833487E-03    0.000000000000E+00   -9.508248249709E-03    5.023045733032E-03
    2.001160270628E-02   -2.621046957248E-03    9.508248249709E-03    0.000000000000E+00    1.024860492601E-02
   -1.469809139583E-02    1.739392493726E-03   -5.023045733032E-03   -1.024860492601E-02    0.000000000000E+00
   16.041357203315304     
    0.000000000000E+00    1.111098319382E-02   -2.185933850457E-02   -1.985721722801E-02    1.467391197533E-02
   -1.111098319382E-02    0.000000000000E+00    4.981877336346E-03    2.577086884712E-03   -1.711755098465E-03
    2.185933850457E-02   -4.981877336346E-03    0.000000000000E+00   -9.387930652236E-03    4.959098727091E-03
    1.985721722801E-02   -2.577086884712E-03    9.387930652236E-03    0.000000000000E+00    1.015809980839E-02
   -1.467391197533E-02    1.711755098465E-03   -4.959098727091E-03   -1.015809980839E-02    0.000000000000E+00
   16.183630176142110     
    0.000000000000E+00    1.086372722992E-02   -2.152524968180E-02   -1.970139785611E-02    1.464710885660E-02
   -1.086372722992E-02    0.000000000000E+00    4.899978208298E-03    2.534058035922E-03   -1.684566560532E-03
    2.152524968180E-02   -4.899978208298E-03    0.000000000000E+00   -9.269131120451E-03    4.895885892109E-03
    1.970139785611E-02   -2.534058035922E-03    9.269131120451E-03    0.000000000000E+00    1.006805158363E-02
   -1.464710885660E-02    1.684566560532E-03   -4.895885892109E-03   -1.006805158363E-02    0.000000000000E+00
   16.326531285714285     
    0.000000000000E+00    1.062292756016E-02   -2.119528169480E-02   -1.954425146805E-02    1.461774434230E-02
   -1.062292756016E-02    0.000000000000E+00    4.819735160745E-03    2.491938527827E-03   -1.657824803052E-03
    2.119528169480E-02   -4.819735160745E-03    0.000000000000E+00   -9.151837020555E-03    4.833410507565E-03
    1.954425146805E-02   -2.491938527827E-03    9.151837020555E-03    0.000000000000E+00    9.978467877067E-03
   -1.461774434230E-02    1.657824803052E-03   -4.833410507565E-03   -9.978467877067E-03    0.000000000000E+00
   16.470060532031834     
    0.000000000000E+00    1.038839437051E-02   -2.086945008395E-02   -1.938588242895E-02    1.458588066328E-02
   -1.038839437051E-02    0.000000000000E+00    4.741107195108E-03    2.450706858767E-03   -1.631527310685E-03
    2.086945008395E-02   -4.741107195108E-03    0.000000000000E+00   -9.036035418022E-03    4.771674979839E-03
    1.938588242895E-02   -2.450706858767E-03    9.036035418022E-03    0.000000000000E+00    9.889356063479E-03
   -1.458588066328E-02    1.631527310685E-03   -4.771674979839E-03   -9.889356063479E-03    0.000000000000E+00
   16.614217915094756     
    0.000000000000E+00    1.015994388615E-02   -2.054776622478E-02   -1.922639260945E-02    1.455157994336E-02
   -1.015994388615E-02    0.000000000000E+00    4.664054573326E-03    2.410341925214E-03   -1.605671166769E-03
    2.054776622478E-02   -4.664054573326E-03    0.000000000000E+00   -8.921713126425E-03    4.710680899268E-03
    1.922639260945E-02   -2.410341925214E-03    8.921713126425E-03    0.000000000000E+00    9.800723282277E-03
   -1.455157994336E-02    1.605671166769E-03   -4.710680899268E-03   -9.800723282277E-03    0.000000000000E+00
   16.759003434903050     
    0.000000000000E+00    9.937398162628E-03   -2.023023751769E-02   -1.906588137034E-02    1.451490414690E-02
   -9.937398162628E-03    0.000000000000E+00    4.588538763956E-03    2.370823026519E-03   -1.580253084037E-03
    2.023023751769E-02   -4.588538763956E-03    0.000000000000E+00   -8.808856720894E-03    4.650429082501E-03
    1.906588137034E-02   -2.370823026519E-03    8.808856720894E-03    0.000000000000E+00    9.712576428183E-03
   -1.451490414690E-02    1.580253084037E-03   -4.650429082501E-03   -9.712576428183E-03    0.000000000000E+00
   16.904417091456711     
    0.000000000000E+00    9.720584893139E-03   -1.991686758642E-02   -1.890444555913E-02    1.447591503305E-02
   -9.720584893139E-03    0.000000000000E+00    4.514522396604E-03    2.332129870480E-03   -1.555269435024E-03
    1.991686758642E-02   -4.514522396604E-03    0.000000000000E+00   -8.697452558949E-03    4.590919616493E-03
    1.890444555913E-02   -2.332129870480E-03    8.697452558949E-03    0.000000000000E+00    9.624922148261E-03
   -1.447591503305E-02    1.555269435024E-03   -4.590919616493E-03   -9.624922148261E-03    0.000000000000E+00
   17.050458884755752     
    0.000000000000E+00    9.509337226521E-03   -1.960765647788E-02   -1.874217951421E-02    1.443467411457E-02
   -9.509337226521E-03    0.000000000000E+00    4.441969221283E-03    2.294242578625E-03   -1.530716281618E-03
    1.960765647788E-02   -4.441969221283E-03    0.000000000000E+00   -8.587486804650E-03    4.532151902634E-03
    1.874217951421E-02   -2.294242578625E-03    8.587486804650E-03    0.000000000000E+00    9.537766842576E-03
   -1.443467411457E-02    1.530716281618E-03   -4.532151902634E-03   -9.537766842576E-03    0.000000000000E+00
   17.197128814800156     
    0.000000000000E+00    9.303493593260E-03   -1.930260086004E-02   -1.857917507479E-02    1.439124262015E-02
   -9.303493593260E-03    0.000000000000E+00    4.370844071163E-03    2.257141690775E-03   -1.506589403523E-03
    1.930260086004E-02   -4.370844071163E-03    0.000000000000E+00   -8.478945454274E-03    4.474124700350E-03
    1.857917507479E-02   -2.257141690775E-03    8.478945454274E-03    0.000000000000E+00    9.451116667231E-03
   -1.439124262015E-02    1.506589403523E-03   -4.474124700350E-03   -9.451116667231E-03    0.000000000000E+00
   17.344426881589943     
    0.000000000000E+00    9.102897528408E-03   -1.900169420055E-02   -1.841552158458E-02    1.434568145375E-02
   -9.102897528408E-03    0.000000000000E+00    4.301112820917E-03    2.220808165925E-03   -1.482884324151E-03
    1.900169420055E-02   -4.301112820917E-03    0.000000000000E+00   -8.371814352799E-03    4.416836165948E-03
    1.841552158458E-02   -2.220808165925E-03    8.371814352799E-03    0.000000000000E+00    9.364977531518E-03
   -1.434568145375E-02    1.482884324151E-03   -4.416836165948E-03   -9.364977531518E-03    0.000000000000E+00
   17.492353085125092     
    0.000000000000E+00    8.907397508787E-03   -1.870492695316E-02   -1.825130590753E-02    1.429805116105E-02
   -8.907397508787E-03    0.000000000000E+00    4.232742352792E-03    2.185223384409E-03   -1.459596336358E-03
    1.870492695316E-02   -4.232742352792E-03    0.000000000000E+00   -8.266079218015E-03    4.360283893325E-03
    1.825130590753E-02   -2.185223384409E-03    8.266079218015E-03    0.000000000000E+00    9.279355102024E-03
   -1.429805116105E-02    1.459596336358E-03   -4.360283893325E-03   -9.279355102024E-03    0.000000000000E+00
   17.640907425405622     
    0.000000000000E+00    8.716846781580E-03   -1.841228671601E-02   -1.808661243065E-02    1.424841188889E-02
   -8.716846781580E-03    0.000000000000E+00    4.165700514258E-03    2.150369145011E-03   -1.436720524879E-03
    1.841228671601E-02   -4.165700514258E-03    0.000000000000E+00   -8.161725649747E-03    4.304464947646E-03
    1.808661243065E-02   -2.150369145011E-03    8.161725649747E-03    0.000000000000E+00    9.194254796176E-03
   -1.424841188889E-02    1.436720524879E-03   -4.304464947646E-03   -9.194254796176E-03    0.000000000000E+00
   17.790089902431514     
    0.000000000000E+00    8.531103217439E-03   -1.812375841511E-02   -1.792152309068E-02    1.419682335859E-02
   -8.531103217439E-03    0.000000000000E+00    4.099956090831E-03    2.116227666605E-03   -1.414251790202E-03
    1.812375841511E-02   -4.099956090831E-03    0.000000000000E+00   -8.058739157525E-03    4.249375905186E-03
    1.792152309068E-02   -2.116227666605E-03    8.058739157525E-03    0.000000000000E+00    9.109681791172E-03
   -1.419682335859E-02    1.414251790202E-03   -4.249375905186E-03   -9.109681791172E-03    0.000000000000E+00
   17.939900516202790     
    0.000000000000E+00    8.350029151211E-03   -1.783932445380E-02   -1.775611738353E-02    1.414334483000E-02
   -8.350029151211E-03    0.000000000000E+00    4.035478767911E-03    2.082781583961E-03   -1.392184868743E-03
    1.783932445380E-02   -4.035478767911E-03    0.000000000000E+00   -7.957105169946E-03    4.195012884839E-03
    1.775611738353E-02   -2.082781583961E-03    7.957105169946E-03    0.000000000000E+00    9.025641019696E-03
   -1.414334483000E-02    1.392184868743E-03   -4.195012884839E-03   -9.025641019696E-03    0.000000000000E+00
   18.090339266719429     
    0.000000000000E+00    8.173491236018E-03   -1.755896487002E-02   -1.759047238518E-02    1.408803507222E-02
   -8.173491236018E-03    0.000000000000E+00    3.972239099849E-03    2.050013945105E-03   -1.370514352961E-03
    1.755896487002E-02   -3.972239099849E-03    0.000000000000E+00   -7.856809051403E-03    4.141371581394E-03
    1.759047238518E-02   -2.050013945105E-03    7.856809051403E-03    0.000000000000E+00    8.942137172170E-03
   -1.408803507222E-02    1.370514352961E-03   -4.141371581394E-03   -8.942137172170E-03    0.000000000000E+00
   18.241406153981448     
    0.000000000000E+00    8.001360302482E-03   -1.728265748854E-02   -1.742466277525E-02    1.403095233647E-02
   -8.001360302482E-03    0.000000000000E+00    3.910208480683E-03    2.017908208149E-03   -1.349234710411E-03
    1.728265748854E-02   -3.910208480683E-03    0.000000000000E+00   -7.757836118669E-03    4.088447297722E-03
    1.742466277525E-02   -2.017908208149E-03    7.757836118669E-03    0.000000000000E+00    8.859174699992E-03
   -1.403095233647E-02    1.349234710411E-03   -4.088447297722E-03   -8.859174699992E-03    0.000000000000E+00
   18.393101177988832     
    0.000000000000E+00    7.833511222746E-03   -1.701037806799E-02   -1.725876086279E-02    1.397215433070E-02
   -7.833511222746E-03    0.000000000000E+00    3.849359116205E-03    1.986448237529E-03   -1.328340301695E-03
    1.701037806799E-02   -3.849359116205E-03    0.000000000000E+00   -7.660171656858E-03    4.036234975625E-03
    1.725876086279E-02   -1.986448237529E-03    7.660171656858E-03    0.000000000000E+00    8.776757819128E-03
   -1.397215433070E-02    1.328340301695E-03   -4.036234975625E-03   -8.776757819128E-03    0.000000000000E+00
   18.545424338741594     
    0.000000000000E+00    7.669822767562E-03   -1.674210042262E-02   -1.709283659945E-02    1.391169818692E-02
   -7.669822767562E-03    0.000000000000E+00    3.789663988641E-03    1.955618296177E-03   -1.307825395552E-03
    1.674210042262E-02   -3.789663988641E-03    0.000000000000E+00   -7.563800921928E-03    3.984729220245E-03
    1.709283659945E-02   -1.955618296177E-03    7.563800921928E-03    0.000000000000E+00    8.694890503650E-03
   -1.391169818692E-02    1.307825395552E-03   -3.984729220245E-03   -8.694890503650E-03    0.000000000000E+00
   18.698375636239721     
    0.000000000000E+00    7.510177492189E-03   -1.647779658047E-02   -1.692695762498E-02    1.384964044847E-02
   -7.510177492189E-03    0.000000000000E+00    3.731096840769E-03    1.925403044693E-03   -1.287684186704E-03
    1.647779658047E-02   -3.731096840769E-03    0.000000000000E+00   -7.468709169505E-03    3.933924334043E-03
    1.692695762498E-02   -1.925403044693E-03    7.468709169505E-03    0.000000000000E+00    8.613576501544E-03
   -1.384964044847E-02    1.287684186704E-03   -3.933924334043E-03   -8.613576501544E-03    0.000000000000E+00
   18.851955070483228     
    0.000000000000E+00    7.354461600859E-03   -1.621743689213E-02   -1.676118928207E-02    1.378603703924E-02
   -7.354461600859E-03    0.000000000000E+00    3.673632141832E-03    1.895787532179E-03   -1.267910808705E-03
    1.621743689213E-02   -3.673632141832E-03    0.000000000000E+00   -7.374881654448E-03    3.883814337993E-03
    1.676118928207E-02   -1.895787532179E-03    7.374881654448E-03    0.000000000000E+00    8.532819327443E-03
   -1.378603703924E-02    1.267910808705E-03   -3.883814337993E-03   -8.532819327443E-03    0.000000000000E+00
   19.006162641472102     
    0.000000000000E+00    7.202564824911E-03   -1.596099015025E-02   -1.659559464401E-02    1.372094324102E-02
   -7.202564824911E-03    0.000000000000E+00    3.617245061546E-03    1.866757189573E-03   -1.248499347276E-03
    1.596099015025E-02   -3.617245061546E-03    0.000000000000E+00   -7.282303639963E-03    3.834392995621E-03
    1.659559464401E-02   -1.866757189573E-03    7.282303639963E-03    0.000000000000E+00    8.452622263800E-03
   -1.372094324102E-02    1.248499347276E-03   -3.834392995621E-03   -8.452622263800E-03    0.000000000000E+00
   19.160998349206352     
    0.000000000000E+00    7.054380315910E-03   -1.570842372351E-02   -1.643023455880E-02    1.365441368141E-02
   -7.054380315910E-03    0.000000000000E+00    3.561911453608E-03    1.838297826186E-03   -1.229443854530E-03
    1.570842372351E-02   -3.561911453608E-03    0.000000000000E+00   -7.190960419054E-03    3.785653841119E-03
    1.643023455880E-02   -1.838297826186E-03    7.190960419054E-03    0.000000000000E+00    8.372988373122E-03
   -1.365441368141E-02    1.229443854530E-03   -3.785653841119E-03   -8.372988373122E-03    0.000000000000E+00
   19.316462193685968     
    0.000000000000E+00    6.909804522852E-03   -1.545970365057E-02   -1.626516766788E-02    1.358650230676E-02
   -6.909804522852E-03    0.000000000000E+00    3.507607824948E-03    1.810395619668E-03   -1.210738359109E-03
    1.545970365057E-02   -3.507607824948E-03    0.000000000000E+00   -7.100837312265E-03    3.737590196911E-03
    1.626516766788E-02   -1.810395619668E-03    7.100837312265E-03    0.000000000000E+00    8.293920491196E-03
   -1.358650230676E-02    1.210738359109E-03   -3.737590196911E-03   -8.293920491196E-03    0.000000000000E+00
   19.472554174910961     
    0.000000000000E+00    6.768737091311E-03   -1.521479476137E-02   -1.610045045065E-02    1.351726237142E-02
   -6.768737091311E-03    0.000000000000E+00    3.454311319869E-03    1.783037111539E-03   -1.192376878444E-03
    1.521479476137E-02   -3.454311319869E-03    0.000000000000E+00   -7.011919686023E-03    3.690195198674E-03
    1.610045045065E-02   -1.783037111539E-03    7.011919686023E-03    0.000000000000E+00    8.215421238099E-03
   -1.351726237142E-02    1.192376878444E-03   -3.690195198674E-03   -8.215421238099E-03    0.000000000000E+00
   19.629274292881323     
    0.000000000000E+00    6.631080753390E-03   -1.497366077076E-02   -1.593613725249E-02    1.344674641736E-02
   -6.631080753390E-03    0.000000000000E+00    3.401999695167E-03    1.756209198418E-03   -1.174353428115E-03
    1.497366077076E-02   -3.401999695167E-03    0.000000000000E+00   -6.924192955326E-03    3.643461813134E-03
    1.593613725249E-02   -1.756209198418E-03    6.924192955326E-03    0.000000000000E+00    8.137493016809E-03
   -1.344674641736E-02    1.174353428115E-03   -3.643461813134E-03   -8.137493016809E-03    0.000000000000E+00
   19.786622547597066     
    0.000000000000E+00    6.496741224336E-03   -1.473626437280E-02   -1.577228031754E-02    1.337500625733E-02
   -6.496741224336E-03    0.000000000000E+00    3.350651298413E-03    1.729899124054E-03   -1.156662030937E-03
    1.473626437280E-02   -3.350651298413E-03    0.000000000000E+00   -6.837642589287E-03    3.597382856151E-03
    1.577228031754E-02   -1.729899124054E-03    6.837642589287E-03    0.000000000000E+00    8.060138014687E-03
   -1.337500625733E-02    1.156662030937E-03   -3.597382856151E-03   -8.060138014687E-03    0.000000000000E+00
   19.944598939058171     
    0.000000000000E+00    6.365627111766E-03   -1.450256734766E-02   -1.560892983610E-02    1.330209296776E-02
   -6.365627111766E-03    0.000000000000E+00    3.300245054376E-03    1.704094474333E-03   -1.139296726912E-03
    1.450256734766E-02   -3.300245054376E-03    0.000000000000E+00   -6.752254127646E-03    3.551951014488E-03
    1.560892983610E-02   -1.704094474333E-03    6.752254127646E-03    0.000000000000E+00    7.983358214939E-03
   -1.330209296776E-02    1.139296726912E-03   -3.551951014488E-03   -7.983358214939E-03    0.000000000000E+00
   20.103203467264656     
    0.000000000000E+00    6.237649812298E-03   -1.427253063470E-02   -1.544613396932E-02    1.322805686799E-02
   -6.237649812298E-03    0.000000000000E+00    3.250760439561E-03    1.678783166874E-03   -1.122251579759E-03
    1.427253063470E-02   -3.250760439561E-03    0.000000000000E+00   -6.668013177000E-03    3.507158858471E-03
    1.544613396932E-02   -1.678783166874E-03    6.668013177000E-03    0.000000000000E+00    7.907155391283E-03
   -1.322805686799E-02    1.122251579759E-03   -3.507158858471E-03   -7.907155391283E-03    0.000000000000E+00
   20.262436132216504     
    0.000000000000E+00    6.112723426836E-03   -1.404611443002E-02   -1.528393889760E-02    1.315294751520E-02
   -6.112723426836E-03    0.000000000000E+00    3.202177469817E-03    1.653953445772E-03   -1.105520685475E-03
    1.404611443002E-02   -3.202177469817E-03    0.000000000000E+00   -6.584905425876E-03    3.462998861618E-03
    1.528393889760E-02   -1.653953445772E-03    6.584905425876E-03    0.000000000000E+00    7.831531119286E-03
   -1.315294751520E-02    1.105520685475E-03   -3.462998861618E-03   -7.831531119286E-03    0.000000000000E+00
   20.422296933913735     
    0.000000000000E+00    5.990764669206E-03   -1.382327826171E-02   -1.512238885503E-02    1.307681369107E-02
   -5.990764669206E-03    0.000000000000E+00    3.154476680889E-03    1.629593873038E-03   -1.089098178594E-03
    1.382327826171E-02   -3.154476680889E-03    0.000000000000E+00   -6.502916647219E-03    3.419463414371E-03
    1.512238885503E-02   -1.629593873038E-03    6.502916647219E-03    0.000000000000E+00    7.756486777428E-03
   -1.307681369107E-02    1.089098178594E-03   -3.419463414371E-03   -7.756486777428E-03    0.000000000000E+00
   20.582785872356329     
    0.000000000000E+00    5.871692774521E-03   -1.360398105466E-02   -1.496152615860E-02    1.299970338564E-02
   -5.871692774521E-03    0.000000000000E+00    3.107639106741E-03    1.605693318771E-03   -1.072978237182E-03
    1.360398105466E-02   -3.107639106741E-03    0.000000000000E+00   -6.422032695504E-03    3.376544834823E-03
    1.496152615860E-02   -1.605693318771E-03    6.422032695504E-03    0.000000000000E+00    7.682023543648E-03
   -1.299970338564E-02    1.072978237182E-03   -3.376544834823E-03   -7.682023543648E-03    0.000000000000E+00
   20.743902947544303     
    0.000000000000E+00    5.755429425775E-03   -1.338818122070E-02   -1.480139126220E-02    1.292166379805E-02
   -5.755429425775E-03    0.000000000000E+00    3.061646271220E-03    1.582240956761E-03   -1.057155090129E-03
    1.338818122070E-02   -3.061646271220E-03    0.000000000000E+00   -6.342239523947E-03    3.334235387143E-03
    1.480139126220E-02   -1.582240956761E-03    6.342239523947E-03    0.000000000000E+00    7.608142410107E-03
   -1.292166379805E-02    1.057155090129E-03   -3.334235387143E-03   -7.608142410107E-03    0.000000000000E+00
   20.905648159477639     
    0.000000000000E+00    5.641898674451E-03   -1.317583672868E-02   -1.464202279768E-02    1.284274132966E-02
   -5.641898674451E-03    0.000000000000E+00    3.016480173223E-03    1.559226257126E-03   -1.041623022345E-03
    1.317583672868E-02   -3.016480173223E-03    0.000000000000E+00   -6.263523190042E-03    3.292527294522E-03
    1.464202279768E-02   -1.559226257126E-03    6.263523190042E-03    0.000000000000E+00    7.534844188237E-03
   -1.284274132966E-02    1.041623022345E-03   -3.292527294522E-03   -7.534844188237E-03    0.000000000000E+00
   21.068021508156360     
    0.000000000000E+00    5.531026851322E-03   -1.296690514625E-02   -1.448345759504E-02    1.276298156398E-02
   -5.531026851322E-03    0.000000000000E+00    2.972123261822E-03    1.536638974401E-03   -1.026376377054E-03
    1.296690514625E-02   -2.972123261822E-03    0.000000000000E+00   -6.185869843211E-03    3.251412743952E-03
    1.448345759504E-02   -1.536638974401E-03    6.185869843211E-03    0.000000000000E+00    7.462129498014E-03
   -1.276298156398E-02    1.026376377054E-03   -3.251412743952E-03   -7.462129498014E-03    0.000000000000E+00
   21.231022993580439     
    0.000000000000E+00    5.422742506106E-03   -1.276134372925E-02   -1.432573074609E-02    1.268242927625E-02
   -5.422742506106E-03    0.000000000000E+00    2.928558433956E-03    1.514469145155E-03   -1.011409562594E-03
    1.276134372925E-02   -2.928558433956E-03    0.000000000000E+00   -6.109265748031E-03    3.210883905313E-03
    1.432573074609E-02   -1.514469145155E-03    6.109265748031E-03    0.000000000000E+00    7.389998789422E-03
   -1.268242927625E-02    1.011409562594E-03   -3.210883905313E-03   -7.389998789422E-03    0.000000000000E+00
   21.394652615749902     
    0.000000000000E+00    5.316976323049E-03   -1.255910945580E-02   -1.416887562406E-02    1.260112841433E-02
   -5.316976323049E-03    0.000000000000E+00    2.885769010277E-03    1.492707076047E-03   -9.967170537066E-04
    1.255910945580E-02   -2.885769010277E-03    0.000000000000E+00   -6.033697270460E-03    3.170932934354E-03
    1.416887562406E-02   -1.492707076047E-03    6.033697270460E-03    0.000000000000E+00    7.318452331047E-03
   -1.260112841433E-02    9.967170537066E-04   -3.170932934354E-03   -7.318452331047E-03    0.000000000000E+00
   21.558910374664730     
    0.000000000000E+00    5.213661064729E-03   -1.236015910794E-02   -1.401292394703E-02    1.251912210998E-02
   -5.213661064729E-03    0.000000000000E+00    2.843738733400E-03    1.471343341447E-03   -9.822933974223E-04
    1.236015910794E-02   -2.843738733400E-03    0.000000000000E+00   -5.959150899886E-03    3.131551990197E-03
    1.401292394703E-02   -1.471343341447E-03    5.959150899886E-03    0.000000000000E+00    7.247490231385E-03
   -1.251912210998E-02    9.822933974223E-04   -3.131551990197E-03   -7.247490231385E-03    0.000000000000E+00
   21.723796270324936     
    0.000000000000E+00    5.112731490462E-03   -1.216444929514E-02   -1.385790579339E-02    1.243645265834E-02
   -5.112731490462E-03    0.000000000000E+00    2.802451742860E-03    1.450368770821E-03   -9.681332130910E-04
    1.216444929514E-02   -2.802451742860E-03    0.000000000000E+00   -5.885613231327E-03    3.092733235480E-03
    1.385790579339E-02   -1.450368770821E-03    5.885613231327E-03    0.000000000000E+00    7.177112424132E-03
   -1.243645265834E-02    9.681332130910E-04   -3.092733235480E-03   -7.177112424132E-03    0.000000000000E+00
   21.889310302730507     
    0.000000000000E+00    5.014124303880E-03   -1.197193652837E-02   -1.370384966433E-02    1.235316153026E-02
   -5.014124303880E-03    0.000000000000E+00    2.761892573697E-03    1.429774446315E-03   -9.542311974012E-04
    1.197193652837E-02   -2.761892573697E-03    0.000000000000E+00   -5.813070986033E-03    3.054468852245E-03
    1.370384966433E-02   -1.429774446315E-03    5.813070986033E-03    0.000000000000E+00    7.107318688890E-03
   -1.235316153026E-02    9.542311974012E-04   -3.054468852245E-03   -7.107318688890E-03    0.000000000000E+00
   22.055452471881463     
    0.000000000000E+00    4.917778082543E-03   -1.178257725101E-02   -1.355078251060E-02    1.226928936114E-02
   -4.917778082543E-03    0.000000000000E+00    2.722046138044E-03    1.409551692846E-03   -9.405821250210E-04
    1.178257725101E-02   -2.722046138044E-03    0.000000000000E+00   -5.741511002561E-03    3.016751044823E-03
    1.355078251060E-02   -1.409551692846E-03    5.741511002561E-03    0.000000000000E+00    7.038108644996E-03
   -1.226928936114E-02    9.405821250210E-04   -3.016751044823E-03   -7.038108644996E-03    0.000000000000E+00
   22.222222777777777     
    0.000000000000E+00    4.823633220502E-03   -1.159632788869E-02   -1.339872977841E-02    1.218487595356E-02
   -4.823633220502E-03    0.000000000000E+00    2.682897716528E-03    1.389692072413E-03   -9.271808511050E-04
    1.159632788869E-02   -2.682897716528E-03    0.000000000000E+00   -5.670920243388E-03    2.979572048845E-03
    1.339872977841E-02   -1.389692072413E-03    5.670920243388E-03    0.000000000000E+00    6.969481759883E-03
   -1.218487595356E-02    9.271808511050E-04   -2.979572048845E-03   -6.969481759883E-03    0.000000000000E+00
   22.389621220419471     
    0.000000000000E+00    4.731631871249E-03   -1.141314489330E-02   -1.324771545233E-02    1.209996027900E-02
   -4.731631871249E-03    0.000000000000E+00    2.644432948706E-03    1.370187377953E-03   -9.140223132003E-04
    1.141314489330E-02   -2.644432948706E-03    0.000000000000E+00   -5.601285799028E-03    2.942924138788E-03
    1.324771545233E-02   -1.370187377953E-03    5.601285799028E-03    0.000000000000E+00    6.901437355459E-03
   -1.209996027900E-02    9.140223132003E-04   -2.942924138788E-03   -6.901437355459E-03    0.000000000000E+00
   22.557647799806531     
    0.000000000000E+00    4.641717884462E-03   -1.123298476755E-02   -1.309776208250E-02    1.201458046901E-02
   -4.641717884462E-03    0.000000000000E+00    2.606637816524E-03    1.351029624064E-03   -9.011015311213E-04
    1.123298476755E-02   -2.606637816524E-03    0.000000000000E+00   -5.532594879233E-03    2.906799629525E-03
    1.309776208250E-02   -1.351029624064E-03    5.532594879233E-03    0.000000000000E+00    6.833974602409E-03
   -1.201458046901E-02    9.011015311213E-04   -2.906799629525E-03   -6.833974602409E-03    0.000000000000E+00
   22.726302515938972     
    0.000000000000E+00    4.553836758777E-03   -1.105580411608E-02   -1.294889083791E-02    1.192877382594E-02
   -4.553836758777E-03    0.000000000000E+00    2.569498640725E-03    1.332211043423E-03   -8.884136095508E-04
    1.105580411608E-02   -2.569498640725E-03    0.000000000000E+00   -5.464834825533E-03    2.871190886642E-03
    1.294889083791E-02   -1.332211043423E-03    5.464834825533E-03    0.000000000000E+00    6.767092534778E-03
   -1.192877382594E-02    8.884136095508E-04   -2.871190886642E-03   -6.767092534778E-03    0.000000000000E+00
   22.895585368816779     
    0.000000000000E+00    4.467935589433E-03   -1.088155968020E-02   -1.280112154685E-02    1.184257682541E-02
   -4.467935589433E-03    0.000000000000E+00    2.533002071530E-03    1.313724080669E-03   -8.759537389861E-04
    1.088155968020E-02   -2.533002071530E-03    0.000000000000E+00   -5.397993113299E-03    2.836090331919E-03
    1.280112154685E-02   -1.313724080669E-03    5.397993113299E-03    0.000000000000E+00    6.700790055034E-03
   -1.184257682541E-02    8.759537389861E-04   -2.836090331919E-03   -6.700790055034E-03    0.000000000000E+00
   23.065496358439962     
    0.000000000000E+00    4.383963009268E-03   -1.071020835256E-02   -1.265447272004E-02    1.175602510723E-02
   -4.383963009268E-03    0.000000000000E+00    2.497135071888E-03    1.295561382971E-03   -8.637171945774E-04
    1.071020835256E-02   -2.497135071888E-03    0.000000000000E+00   -5.332057339965E-03    2.801490442432E-03
    1.265447272004E-02   -1.295561382971E-03    5.332057339965E-03    0.000000000000E+00    6.635065925866E-03
   -1.175602510723E-02    8.637171945774E-04   -2.801490442432E-03   -6.635065925866E-03    0.000000000000E+00
   23.236035484808511     
    0.000000000000E+00    4.301869147042E-03   -1.054170722228E-02   -1.250896160383E-02    1.166915348863E-02
   -4.301869147042E-03    0.000000000000E+00    2.461884915192E-03    1.277715797006E-03   -8.516993381578E-04
    1.054170722228E-02   -2.461884915192E-03    0.000000000000E+00   -5.267015237627E-03    2.767383759857E-03
    1.250896160383E-02   -1.277715797006E-03    5.267015237627E-03    0.000000000000E+00    6.569918785419E-03
   -1.166915348863E-02    8.516993381578E-04   -2.767383759857E-03   -6.569918785419E-03    0.000000000000E+00
   23.407202747922440     
    0.000000000000E+00    4.221605579475E-03   -1.037601360167E-02   -1.236460421777E-02    1.158199596747E-02
   -4.221605579475E-03    0.000000000000E+00    2.427239176230E-03    1.260180362968E-03   -8.398956184074E-04
    1.037601360167E-02   -2.427239176230E-03    0.000000000000E+00   -5.202854673315E-03    2.733762894145E-03
    1.236460421777E-02   -1.260180362968E-03    5.202854673315E-03    0.000000000000E+00    6.505347151015E-03
   -1.158199596747E-02    8.398956184074E-04   -2.733762894145E-03   -6.505347151015E-03    0.000000000000E+00
   23.578998147781736     
    0.000000000000E+00    4.143125280224E-03   -1.021308504093E-02   -1.222141538197E-02    1.149458571858E-02
   -4.143125280224E-03    0.000000000000E+00    2.393185717987E-03    1.242948306704E-03   -8.283015697375E-04
    1.021308504093E-02   -2.393185717987E-03    0.000000000000E+00   -5.139563641114E-03    2.700620523326E-03
    1.222141538197E-02   -1.242948306704E-03    5.139563641114E-03    0.000000000000E+00    6.441349414904E-03
   -1.149458571858E-02    8.283015697375E-04   -2.700620523326E-03   -6.441349414904E-03    0.000000000000E+00
   23.751421684386408     
    0.000000000000E+00    4.066382583306E-03   -1.005287936849E-02   -1.207940877028E-02    1.140695511002E-02
   -4.066382583306E-03    0.000000000000E+00    2.359712690754E-03    1.226013037398E-03   -8.169128139658E-04
    1.005287936849E-02   -2.359712690754E-03    0.000000000000E+00   -5.077130275458E-03    2.667949402256E-03
    1.207940877028E-02   -1.226013037398E-03    5.077130275458E-03    0.000000000000E+00    6.377923860801E-03
   -1.140695511002E-02    8.169128139658E-04   -2.667949402256E-03   -6.377923860801E-03    0.000000000000E+00
   23.924473357736446     
    0.000000000000E+00    3.991333128787E-03   -9.895354688434E-03   -1.193859692331E-02    1.131913569048E-02
   -3.991333128787E-03    0.000000000000E+00    2.326808513492E-03    1.209368137289E-03   -8.057250574051E-04
    9.895354688434E-03   -2.326808513492E-03    0.000000000000E+00   -5.015542832197E-03    2.635742357010E-03
    1.193859692331E-02   -1.209368137289E-03    5.015542832197E-03    0.000000000000E+00    6.315068648864E-03
   -1.131913569048E-02    8.057250574051E-04   -2.635742357010E-03   -6.315068648864E-03    0.000000000000E+00
   24.098153167831864     
    0.000000000000E+00    3.917933835916E-03   -9.740469432197E-03   -1.179899131499E-02    1.123115821750E-02
   -3.917933835916E-03    0.000000000000E+00    2.294461879952E-03    1.193007362576E-03   -7.947340938746E-04
    9.740469432197E-03   -2.294461879952E-03    0.000000000000E+00   -4.954789713282E-03    2.603992298119E-03
    1.179899131499E-02   -1.193007362576E-03    4.954789713282E-03    0.000000000000E+00    6.252781843731E-03
   -1.123115821750E-02    7.947340938746E-04   -2.603992298119E-03   -6.252781843731E-03    0.000000000000E+00
   24.272461114672645     
    0.000000000000E+00    3.846142850006E-03   -9.588182349010E-03   -1.166060236076E-02    1.114305264279E-02
   -3.846142850006E-03    0.000000000000E+00    2.262661738942E-03    1.176924632689E-03   -7.839358011233E-04
    9.588182349010E-03   -2.262661738942E-03    0.000000000000E+00   -4.894859444613E-03    2.572692213038E-03
    1.166060236076E-02   -1.176924632689E-03    4.894859444613E-03    0.000000000000E+00    6.191061396376E-03
   -1.114305264279E-02    7.839358011233E-04   -2.572692213038E-03   -6.191061396376E-03    0.000000000000E+00
   24.447397198258809     
    0.000000000000E+00    3.775919512914E-03   -9.438452543029E-03   -1.152343947206E-02    1.105484813332E-02
   -3.775919512914E-03    0.000000000000E+00    2.231397295924E-03    1.161114029223E-03   -7.733261423795E-04
    9.438452543029E-03   -2.231397295924E-03    0.000000000000E+00   -4.835740691613E-03    2.541835174948E-03
    1.152343947206E-02   -1.161114029223E-03    4.835740691613E-03    0.000000000000E+00    6.129905163363E-03
   -1.105484813332E-02    7.733261423795E-04   -2.541835174948E-03   -6.129905163363E-03    0.000000000000E+00
   24.622961418590336     
    0.000000000000E+00    3.707224319241E-03   -9.291239475134E-03   -1.138751107698E-02    1.096657306759E-02
   -3.707224319241E-03    0.000000000000E+00    2.200657999977E-03    1.145569788289E-03   -7.629011640896E-04
    9.291239475134E-03   -2.200657999977E-03    0.000000000000E+00   -4.777422247896E-03    2.511414339501E-03
    1.138751107698E-02   -1.145569788289E-03    4.777422247896E-03    0.000000000000E+00    6.069310899359E-03
   -1.096657306759E-02    7.629011640896E-04   -2.511414339501E-03   -6.069310899359E-03    0.000000000000E+00
   24.799153775667239     
    0.000000000000E+00    3.640018886839E-03   -9.146502991971E-03   -1.125282466872E-02    1.087825505404E-02
   -3.640018886839E-03    0.000000000000E+00    2.170433543545E-03    1.130286298707E-03   -7.526569967223E-04
    9.146502991971E-03   -2.170433543545E-03    0.000000000000E+00   -4.719893046620E-03    2.481422951393E-03
    1.125282466872E-02   -1.130286298707E-03    4.719893046620E-03    0.000000000000E+00    6.009276272423E-03
   -1.087825505404E-02    7.526569967223E-04   -2.481422951393E-03   -6.009276272423E-03    0.000000000000E+00
   24.975974269489512     
    0.000000000000E+00    3.574265915903E-03   -9.004203325951E-03   -1.111938682568E-02    1.078992092856E-02
   -3.574265915903E-03    0.000000000000E+00    2.140713850260E-03    1.115258094812E-03   -7.425898524355E-04
    9.004203325951E-03   -2.140713850260E-03    0.000000000000E+00   -4.663142149685E-03    2.451854340953E-03
    1.111938682568E-02   -1.115258094812E-03    4.663142149685E-03    0.000000000000E+00    5.949798857097E-03
   -1.078992092856E-02    7.425898524355E-04   -2.451854340953E-03   -5.949798857097E-03    0.000000000000E+00
   25.153422900057162     
    0.000000000000E+00    3.509929156305E-03   -8.864301109486E-03   -1.098720324629E-02    1.070159676401E-02
   -3.509929156305E-03    0.000000000000E+00    2.111489069672E-03    1.100479852434E-03   -7.326960243440E-04
    8.864301109486E-03   -2.111489069672E-03    0.000000000000E+00   -4.607158748958E-03    2.422701925854E-03
    1.098720324629E-02   -1.100479852434E-03    4.607158748958E-03    0.000000000000E+00    5.890876139453E-03
   -1.070159676401E-02    7.326960243440E-04   -2.422701925854E-03   -5.890876139453E-03    0.000000000000E+00
   25.331499667370178     
    0.000000000000E+00    3.446973378035E-03   -8.726757392636E-03   -1.085627878799E-02    1.061330788392E-02
   -3.446973378035E-03    0.000000000000E+00    2.082749574256E-03    1.085946385984E-03   -7.229718862708E-04
    8.726757392636E-03   -2.082749574256E-03    0.000000000000E+00   -4.551932171342E-03    2.393959214401E-03
    1.085627878799E-02   -1.085946385984E-03    4.551932171342E-03    0.000000000000E+00    5.832505526235E-03
   -1.061330788392E-02    7.229718862708E-04   -2.393959214401E-03   -5.832505526235E-03    0.000000000000E+00
   25.510204571428574     
    0.000000000000E+00    3.385364339448E-03   -8.591533652382E-03   -1.072661749820E-02    1.052507887094E-02
   -3.385364339448E-03    0.000000000000E+00    2.054485953404E-03    1.071652644191E-03   -7.134138916280E-04
    8.591533652382E-03   -2.054485953404E-03    0.000000000000E+00   -4.497451877925E-03    2.365619806043E-03
    1.072661749820E-02   -1.071652644191E-03    4.497451877925E-03    0.000000000000E+00    5.774684348012E-03
   -1.052507887094E-02    7.134138916280E-04   -2.365619806043E-03   -5.774684348012E-03    0.000000000000E+00
   25.689537612232336     
    0.000000000000E+00    3.325068752351E-03   -8.458591791285E-03   -1.059822263478E-02    1.043693356757E-02
   -3.325068752351E-03    0.000000000000E+00    2.026689003347E-03    1.057593704016E-03   -7.040185711394E-04
    8.458591791285E-03   -2.026689003347E-03    0.000000000000E+00   -4.443707455079E-03    2.337677388129E-03
    1.059822263478E-02   -1.057593704016E-03    4.443707455079E-03    0.000000000000E+00    5.717409853954E-03
   -1.043693356757E-02    7.040185711394E-04   -2.337677388129E-03   -5.717409853954E-03    0.000000000000E+00
   25.869498789781474     
    0.000000000000E+00    3.266054257737E-03   -8.327894156916E-03   -1.047109670807E-02    1.034889509486E-02
   -3.266054257737E-03    0.000000000000E+00    1.999349726894E-03    1.043764769123E-03   -6.947825330116E-04
    8.327894156916E-03   -1.999349726894E-03    0.000000000000E+00   -4.390688623460E-03    2.310125740541E-03
    1.047109670807E-02   -1.043764769123E-03    4.390688623460E-03    0.000000000000E+00    5.660679225098E-03
   -1.034889509486E-02    6.947825330116E-04   -2.310125740541E-03   -5.660679225098E-03    0.000000000000E+00
   26.050088104075975     
    0.000000000000E+00    3.208289392752E-03   -8.199403538284E-03   -1.034524149961E-02    1.026098585325E-02
   -3.208289392752E-03    0.000000000000E+00    1.972459323527E-03    1.030161163941E-03   -6.857024605183E-04
    8.199403538284E-03   -1.972459323527E-03    0.000000000000E+00   -4.338385228602E-03    2.282958731958E-03
    1.034524149961E-02   -1.030161163941E-03    4.338385228602E-03    0.000000000000E+00    5.604489568495E-03
   -1.026098585325E-02    6.857024605183E-04   -2.282958731958E-03   -5.604489568495E-03    0.000000000000E+00
   26.231305555115863     
    0.000000000000E+00    3.151743568953E-03   -8.073083184973E-03   -1.022065810466E-02    1.017322754342E-02
   -3.151743568953E-03    0.000000000000E+00    1.946009190173E-03    1.016778332724E-03   -6.767751123031E-04
    8.073083184973E-03   -1.946009190173E-03    0.000000000000E+00   -4.286787251237E-03    2.256170324879E-03
    1.022065810466E-02   -1.016778332724E-03    4.286787251237E-03    0.000000000000E+00    5.548837931979E-03
   -1.017322754342E-02    6.767751123031E-04   -2.256170324879E-03   -5.548837931979E-03    0.000000000000E+00
   26.413151142901107     
    0.000000000000E+00    3.096387039539E-03   -7.948896798172E-03   -1.009734694555E-02    1.008564116426E-02
   -3.096387039539E-03    0.000000000000E+00    1.919990909987E-03    1.003611833081E-03   -6.679973194708E-04
    7.948896798172E-03   -1.919990909987E-03    0.000000000000E+00   -4.235884794682E-03    2.229754570217E-03
    1.009734694555E-02   -1.003611833081E-03    4.235884794682E-03    0.000000000000E+00    5.493721294886E-03
   -1.008564116426E-02    6.679973194708E-04   -2.229754570217E-03   -5.493721294886E-03    0.000000000000E+00
   26.595624867431738     
    0.000000000000E+00    3.042190878244E-03   -7.826808545624E-03   -9.975307810267E-03    9.998247032086E-03
   -3.042190878244E-03    0.000000000000E+00    1.894396252285E-03    9.906573347356E-04   -6.593659855439E-04
    7.826808545624E-03   -1.894396252285E-03    0.000000000000E+00   -4.185668092935E-03    2.203705611127E-03
    9.975307810267E-03   -9.906573347356E-04    4.185668092935E-03    0.000000000000E+00    5.439136580485E-03
   -9.998247032086E-03    6.593659855439E-04   -2.203705611127E-03   -5.439136580485E-03    0.000000000000E+00
   26.778726728707731     
    0.000000000000E+00    2.989126950128E-03   -7.706783055226E-03   -9.854539868548E-03    9.911064782178E-03
   -2.989126950128E-03    0.000000000000E+00    1.869217163403E-03    9.779106140941E-04   -6.508780839650E-04
    7.706783055226E-03   -1.869217163403E-03    0.000000000000E+00   -4.136127501247E-03    2.178017678823E-03
    9.854539868548E-03   -9.779106140941E-04    4.136127501247E-03    0.000000000000E+00    5.385080649870E-03
   -9.911064782178E-03    6.508780839650E-04   -2.178017678823E-03   -5.385080649870E-03    0.000000000000E+00
   26.962456726729105     
    0.000000000000E+00    2.937167892583E-03   -7.588785429680E-03   -9.735041710516E-03    9.824113389567E-03
   -2.937167892583E-03    0.000000000000E+00    1.844445767444E-03    9.653675534845E-04   -6.425306581780E-04
    7.588785429680E-03   -1.844445767444E-03    0.000000000000E+00   -4.087253505236E-03    2.152685096730E-03
    9.735041710516E-03   -9.653675534845E-04    4.087253505236E-03    0.000000000000E+00    5.331550315529E-03
   -9.824113389567E-03    6.425306581780E-04   -2.152685096730E-03   -5.331550315529E-03    0.000000000000E+00
   27.146814861495841     
    0.000000000000E+00    2.886287088001E-03   -7.472781239350E-03   -9.616811362016E-03    9.737411171372E-03
   -2.886287088001E-03    0.000000000000E+00    1.820074357695E-03    9.530241360625E-04   -6.343208191776E-04
    7.472781239350E-03   -1.820074357695E-03    0.000000000000E+00   -4.039036711906E-03    2.127702276344E-03
    9.616811362016E-03   -9.530241360625E-04    4.039036711906E-03    0.000000000000E+00    5.278542335633E-03
   -9.737411171372E-03    6.343208191776E-04   -2.127702276344E-03   -5.278542335633E-03    0.000000000000E+00
   27.331801133007964     
    0.000000000000E+00    2.836458643200E-03   -7.358736528414E-03   -9.499846314186E-03    9.650975801501E-03
   -2.836458643200E-03    0.000000000000E+00    1.796095394373E-03    9.408764437265E-04   -6.262457447042E-04
    7.358736528414E-03   -1.796095394373E-03    0.000000000000E+00   -3.991467852474E-03    2.103063718376E-03
    9.499846314186E-03   -9.408764437265E-04    3.991467852474E-03    0.000000000000E+00    5.226053420838E-03
   -9.650975801501E-03    6.262457447042E-04   -2.103063718376E-03   -5.226053420838E-03    0.000000000000E+00
   27.517415541265443     
    0.000000000000E+00    2.787657366910E-03   -7.246617814221E-03   -9.384143545687E-03    9.564824319998E-03
   -2.787657366910E-03    0.000000000000E+00    1.772501499777E-03    9.289206538549E-04   -6.183026777126E-04
    7.246617814221E-03   -1.772501499777E-03    0.000000000000E+00   -3.944537779977E-03    2.078764011487E-03
    9.384143545687E-03   -9.289206538549E-04    3.944537779977E-03    0.000000000000E+00    5.174080235546E-03
   -9.564824319998E-03    6.183026777126E-04   -2.078764011487E-03   -5.174080235546E-03    0.000000000000E+00
   27.703658086268305     
    0.000000000000E+00    2.739858751042E-03   -7.136392093330E-03   -9.269699552181E-03    9.478973149064E-03
   -2.739858751042E-03    0.000000000000E+00    1.749285456680E-03    9.171530376095E-04   -6.104889256761E-04
    7.136392093330E-03   -1.749285456680E-03    0.000000000000E+00   -3.898237472859E-03    2.054797833674E-03
    9.269699552181E-03   -9.171530376095E-04    3.898237472859E-03    0.000000000000E+00    5.122619405476E-03
   -9.478973149064E-03    6.104889256761E-04   -2.054797833674E-03   -5.122619405476E-03    0.000000000000E+00
   27.890528768016530     
    0.000000000000E+00    2.693038944084E-03   -7.028026826872E-03   -9.156510352950E-03    9.393438090517E-03
   -2.693038944084E-03    0.000000000000E+00    1.726440197929E-03    9.055699541236E-04   -6.028018574886E-04
    7.028026826872E-03   -1.726440197929E-03    0.000000000000E+00   -3.852558021313E-03    2.031159945724E-03
    9.156510352950E-03   -9.055699541236E-04    3.852558021313E-03    0.000000000000E+00    5.071667506642E-03
   -9.393438090517E-03    6.028018574886E-04   -2.031159945724E-03   -5.071667506642E-03    0.000000000000E+00
   28.078027586510135     
    0.000000000000E+00    2.647174738626E-03   -6.921489957193E-03   -9.044571531813E-03    9.308234352708E-03
   -2.647174738626E-03    0.000000000000E+00    1.703958810283E-03    8.941678514520E-04   -5.952389041883E-04
    6.921489957193E-03   -1.703958810283E-03    0.000000000000E+00   -3.807490640927E-03    2.007845197122E-03
    9.044571531813E-03   -8.941678514520E-04    3.807490640927E-03    0.000000000000E+00    5.021221083749E-03
   -9.308234352708E-03    5.952389041883E-04   -2.007845197122E-03   -5.021221083749E-03    0.000000000000E+00
   28.266154541749110     
    0.000000000000E+00    2.602243548972E-03   -6.816749899188E-03   -8.933878250088E-03    9.223376554537E-03
   -2.602243548972E-03    0.000000000000E+00    1.681834527276E-03    8.829432623759E-04   -5.877975566962E-04
    6.816749899188E-03   -1.681834527276E-03    0.000000000000E+00   -3.763026664894E-03    1.984848522107E-03
    8.933878250088E-03   -8.829432623759E-04    3.763026664894E-03    0.000000000000E+00    4.971276645418E-03
   -9.223376554537E-03    5.877975566962E-04   -1.984848522107E-03   -4.971276645418E-03    0.000000000000E+00
   28.454909633733457     
    0.000000000000E+00    2.558223393138E-03   -6.713775540129E-03   -8.824425268690E-03    9.138878737733E-03
   -2.558223393138E-03    0.000000000000E+00    1.660060726152E-03    8.718928021638E-04   -5.804753646333E-04
    6.713775540129E-03   -1.660060726152E-03    0.000000000000E+00   -3.719157543864E-03    1.962164939186E-03
    8.824425268690E-03   -8.718928021638E-04    3.719157543864E-03    0.000000000000E+00    4.921830667612E-03
   -9.138878737733E-03    5.804753646333E-04   -1.962164939186E-03   -4.921830667612E-03    0.000000000000E+00
   28.644292862463175     
    0.000000000000E+00    2.515092873244E-03   -6.612536233799E-03   -8.716206963643E-03    9.054754373995E-03
   -2.515092873244E-03    0.000000000000E+00    1.638630922493E-03    8.610131652654E-04   -5.732699344846E-04
    6.612536233799E-03   -1.638630922493E-03    0.000000000000E+00   -3.675874841049E-03    1.939789548422E-03
    8.716206963643E-03   -8.610131652654E-04    3.675874841049E-03    0.000000000000E+00    4.872879591766E-03
   -9.054754373995E-03    5.732699344846E-04   -1.939789548422E-03   -4.872879591766E-03    0.000000000000E+00
   28.834304227938269     
    0.000000000000E+00    2.472831159158E-03   -6.513001800678E-03   -8.609217348125E-03    8.971016378298E-03
   -2.472831159158E-03    0.000000000000E+00    1.617538767852E-03    8.503011234704E-04   -5.661789285751E-04
    6.513001800678E-03   -1.617538767852E-03    0.000000000000E+00   -3.633170233023E-03    1.917717531324E-03
    8.609217348125E-03   -8.503011234704E-04    3.633170233023E-03    0.000000000000E+00    4.824419829131E-03
   -8.971016378298E-03    5.661789285751E-04   -1.917717531324E-03   -4.824419829131E-03    0.000000000000E+00
   29.024943730158729     
    0.000000000000E+00    2.431417976349E-03   -6.415142536676E-03   -8.503450104132E-03    8.887677131199E-03
   -2.431417976349E-03    0.000000000000E+00    1.596778051535E-03    8.397535260892E-04   -5.592000651948E-04
    6.415142536676E-03   -1.596778051535E-03    0.000000000000E+00   -3.591035518573E-03    1.895944154459E-03
    8.503450104132E-03   -8.397535260892E-04    3.591035518573E-03    0.000000000000E+00    4.776447774106E-03
   -8.887677131199E-03    5.592000651948E-04   -1.895944154459E-03   -4.776447774106E-03    0.000000000000E+00
   29.216211369124569     
    0.000000000000E+00    2.390833582014E-03   -6.318929191990E-03   -8.398898579937E-03    8.804748471871E-03
   -2.390833582014E-03    0.000000000000E+00    1.576342688997E-03    8.293672937569E-04   -5.523311149923E-04
    6.318929191990E-03   -1.576342688997E-03    0.000000000000E+00   -3.549462600884E-03    1.874464760666E-03
    8.398898579937E-03   -8.293672937569E-04    3.549462600884E-03    0.000000000000E+00    4.728959787836E-03
   -8.804748471871E-03    5.523311149923E-04   -1.874464760666E-03   -4.728959787836E-03    0.000000000000E+00
   29.408107144835775     
    0.000000000000E+00    2.351058753795E-03   -6.224332978742E-03   -8.295555819923E-03    8.722241719770E-03
   -2.351058753795E-03    0.000000000000E+00    1.556226723581E-03    8.191394186537E-04   -5.455699010673E-04
    6.224332978742E-03   -1.556226723581E-03    0.000000000000E+00   -3.508443495923E-03    1.853274772408E-03
    8.295555819923E-03   -8.191394186537E-04    3.508443495923E-03    0.000000000000E+00    4.681952210892E-03
   -8.722241719770E-03    5.455699010673E-04   -1.853274772408E-03   -4.681952210892E-03    0.000000000000E+00
   29.600631057292354     
    0.000000000000E+00    2.312074773983E-03   -6.131325566293E-03   -8.193414580175E-03    8.640167684400E-03
   -2.312074773983E-03    0.000000000000E+00    1.536424322818E-03    8.090669621444E-04   -5.389142975419E-04
    6.131325566293E-03   -1.536424322818E-03    0.000000000000E+00   -3.467970329875E-03    1.832369690026E-03
    8.193414580175E-03   -8.090669621444E-04    3.467970329875E-03    0.000000000000E+00    4.635421363707E-03
   -8.640167684400E-03    5.389142975419E-04   -1.832369690026E-03   -4.635421363707E-03    0.000000000000E+00
   29.793783106494306     
    0.000000000000E+00    2.273863417154E-03   -6.039879083524E-03   -8.092467351873E-03    8.558536682495E-03
   -2.273863417154E-03    0.000000000000E+00    1.516929778142E-03    7.991470541005E-04   -5.323622290975E-04
    6.039879083524E-03   -1.516929778142E-03    0.000000000000E+00   -3.428035343287E-03    1.811745093118E-03
    8.092467351873E-03   -7.991470541005E-04    3.428035343287E-03    0.000000000000E+00    4.589363554564E-03
   -8.558536682495E-03    5.323622290975E-04   -1.811745093118E-03   -4.589363554564E-03    0.000000000000E+00
   29.987563292441632     
    0.000000000000E+00    2.236406928974E-03   -5.949966098152E-03   -7.992706357709E-03    8.477358531626E-03
   -2.236406928974E-03    0.000000000000E+00    1.497737494250E-03    7.893768872445E-04   -5.259116675768E-04
    5.949966098152E-03   -1.497737494250E-03    0.000000000000E+00   -3.388630874251E-03    1.791396632102E-03
    7.992706357709E-03   -7.893768872445E-04    3.388630874251E-03    0.000000000000E+00    4.543775063826E-03
   -8.477358531626E-03    5.259116675768E-04   -1.791396632102E-03   -4.543775063826E-03    0.000000000000E+00
   30.181971615134323     
    0.000000000000E+00    2.199688021115E-03   -5.861559634105E-03   -7.894123592155E-03    8.396642583231E-03
   -2.199688021115E-03    0.000000000000E+00    1.478841996044E-03    7.797537200054E-04   -5.195606335507E-04
    5.861559634105E-03   -1.478841996044E-03    0.000000000000E+00   -3.349749376687E-03    1.771320036186E-03
    7.894123592155E-03   -7.797537200054E-04    3.349749376687E-03    0.000000000000E+00    4.498652167744E-03
   -8.396642583231E-03    5.195606335507E-04   -1.771320036186E-03   -4.498652167744E-03    0.000000000000E+00
   30.377008074572398     
    0.000000000000E+00    2.163689850265E-03   -5.774633148761E-03   -7.796710814765E-03    8.316397714226E-03
   -2.163689850265E-03    0.000000000000E+00    1.460237917396E-03    7.702748706219E-04   -5.133071927460E-04
    5.774633148761E-03   -1.460237917396E-03    0.000000000000E+00   -3.311383402003E-03    1.751511104189E-03
    7.796710814765E-03   -7.702748706219E-04    3.311383402003E-03    0.000000000000E+00    4.453991120826E-03
   -8.316397714226E-03    5.133071927460E-04   -1.751511104189E-03   -4.453991120826E-03    0.000000000000E+00
   30.572672670755836     
    0.000000000000E+00    2.128396012445E-03   -5.689160546492E-03   -7.700459585547E-03    8.236632356666E-03
   -2.128396012445E-03    0.000000000000E+00    1.441920006664E-03    7.609377193685E-04   -5.071494572228E-04
    5.689160546492E-03   -1.441920006664E-03    0.000000000000E+00   -3.273525614300E-03    1.731965711093E-03
    7.700459585547E-03   -7.609377193685E-04    3.273525614300E-03    0.000000000000E+00    4.409788176185E-03
   -8.236632356666E-03    5.071494572228E-04   -1.731965711093E-03   -4.409788176185E-03    0.000000000000E+00
   30.768965403684657     
    0.000000000000E+00    2.093790522668E-03   -5.605116155029E-03   -7.605361256365E-03    8.157354488199E-03
   -2.093790522668E-03    0.000000000000E+00    1.423883115263E-03    7.517397025961E-04   -5.010855817285E-04
    5.605116155029E-03   -1.423883115263E-03    0.000000000000E+00   -3.236168771248E-03    1.712679798447E-03
    7.605361256365E-03   -7.517397025961E-04    3.236168771248E-03    0.000000000000E+00    4.366039566727E-03
   -8.157354488199E-03    5.010855817285E-04   -1.712679798447E-03   -4.366039566727E-03    0.000000000000E+00
   30.965886273358830     
    0.000000000000E+00    2.059857809904E-03   -5.522474738427E-03   -7.511407005110E-03    8.078571661555E-03
   -2.059857809904E-03    0.000000000000E+00    1.406122203283E-03    7.426783150597E-04   -4.951137649230E-04
    5.522474738427E-03   -1.406122203283E-03    0.000000000000E+00   -3.199305739295E-03    1.693649380952E-03
    7.511407005110E-03   -7.426783150597E-04    3.199305739295E-03    0.000000000000E+00    4.322741525544E-03
   -8.078571661555E-03    4.951137649230E-04   -1.693649380952E-03   -4.322741525544E-03    0.000000000000E+00
   31.163435279778398     
    0.000000000000E+00    2.026582702417E-03   -5.441211485244E-03   -7.418587840343E-03    8.000291007668E-03
   -2.026582702417E-03    0.000000000000E+00    1.388632333712E-03    7.337511067433E-04   -4.892322473498E-04
    5.441211485244E-03   -1.388632333712E-03    0.000000000000E+00   -3.162929485704E-03    1.674870542108E-03
    7.418587840343E-03   -7.337511067433E-04    3.162929485704E-03    0.000000000000E+00    4.279890279714E-03
   -8.000291007668E-03    4.892322473498E-04   -1.674870542108E-03   -4.279890279714E-03    0.000000000000E+00
   31.361612422943317     
    0.000000000000E+00    1.993950412663E-03   -5.361301994494E-03   -7.326894602722E-03    7.922519236024E-03
   -1.993950412663E-03    0.000000000000E+00    1.371408665800E-03    7.249556792680E-04   -4.834393091479E-04
    5.361301994494E-03   -1.371408665800E-03    0.000000000000E+00   -3.127033068607E-03    1.656339428924E-03
    7.326894602722E-03   -7.249556792680E-04    3.127033068607E-03    0.000000000000E+00    4.237482041677E-03
   -7.922519236024E-03    4.834393091479E-04   -1.656339428924E-03   -4.237482041677E-03    0.000000000000E+00
   31.560417702853631     
    0.000000000000E+00    1.961946534754E-03   -5.282722291928E-03   -7.236318002437E-03    7.845262668434E-03
   -1.961946534754E-03    0.000000000000E+00    1.354446462565E-03    7.162896892232E-04   -4.777332718585E-04
    5.282722291928E-03   -1.354446462565E-03    0.000000000000E+00   -3.091609655847E-03    1.638052260257E-03
    7.236318002437E-03   -7.162896892232E-04    3.091609655847E-03    0.000000000000E+00    4.195513033850E-03
   -7.845262668434E-03    4.777332718585E-04   -1.638052260257E-03   -4.195513033850E-03    0.000000000000E+00
   31.759851119509296     
    0.000000000000E+00    1.930557025769E-03   -5.205448805141E-03   -7.146848606973E-03    7.768527227472E-03
   -1.930557025769E-03    0.000000000000E+00    1.337741079276E-03    7.077508422304E-04   -4.721124947335E-04
    5.205448805141E-03   -1.337741079276E-03    0.000000000000E+00   -3.056652504819E-03    1.620005316678E-03
    7.146848606973E-03   -7.077508422304E-04    3.056652504819E-03    0.000000000000E+00    4.153979468058E-03
   -7.768527227472E-03    4.721124947335E-04   -1.620005316678E-03   -4.153979468058E-03    0.000000000000E+00
   31.959912672910345     
    0.000000000000E+00    1.899768199858E-03   -5.129458369664E-03   -7.058476865693E-03    7.692318459079E-03
   -1.899768199858E-03    0.000000000000E+00    1.321287966465E-03    6.993368941223E-04   -4.665753752590E-04
    5.129458369664E-03   -1.321287966465E-03    0.000000000000E+00   -3.022154971933E-03    1.602194944393E-03
    7.058476865693E-03   -6.993368941223E-04    3.022154971933E-03    0.000000000000E+00    4.112877559250E-03
   -7.692318459079E-03    4.665753752590E-04   -1.602194944393E-03   -4.112877559250E-03    0.000000000000E+00
   32.160602363056761     
    0.000000000000E+00    1.869566714749E-03   -5.054728215182E-03   -6.971193110083E-03    7.616641532901E-03
   -1.869566714749E-03    0.000000000000E+00    1.305082663712E-03    6.910456476150E-04   -4.611203469949E-04
    5.054728215182E-03   -1.305082663712E-03    0.000000000000E+00   -2.988110502995E-03    1.584617550092E-03
    6.971193110083E-03   -6.910456476150E-04    2.988110502995E-03    0.000000000000E+00    4.072203516905E-03
   -7.616641532901E-03    4.611203469949E-04   -1.584617550092E-03   -4.072203516905E-03    0.000000000000E+00
   32.361920189948556     
    0.000000000000E+00    1.839939567418E-03   -4.981235973956E-03   -6.884987580634E-03    7.541501267801E-03
   -1.839939567418E-03    0.000000000000E+00    1.289120803966E-03    6.828749541755E-04   -4.557458805103E-04
    4.981235973956E-03   -1.289120803966E-03    0.000000000000E+00   -2.954512645240E-03    1.567269606140E-03
    6.884987580634E-03   -6.828749541755E-04    2.954512645240E-03    0.000000000000E+00    4.031953561812E-03
   -7.541501267801E-03    4.557458805103E-04   -1.567269606140E-03   -4.031953561812E-03    0.000000000000E+00
   32.563866153585714     
    0.000000000000E+00    1.810874080325E-03   -4.908959664716E-03   -6.799850423577E-03    7.466902129429E-03
   -1.810874080325E-03    0.000000000000E+00    1.273398106390E-03    6.748227102654E-04   -4.504504809617E-04
    4.908959664716E-03   -1.273398106390E-03    0.000000000000E+00   -2.921355035575E-03    1.550147644420E-03
    6.799850423577E-03   -6.748227102654E-04    2.921355035575E-03    0.000000000000E+00    3.992123914866E-03
   -7.466902129429E-03    4.504504809617E-04   -1.550147644420E-03   -3.992123914866E-03    0.000000000000E+00
   32.766440253968256     
    0.000000000000E+00    1.782357891902E-03   -4.837877686442E-03   -6.715771699163E-03    7.392848238729E-03
   -1.782357891902E-03    0.000000000000E+00    1.257910373932E-03    6.668868559109E-04   -4.452326870525E-04
    4.837877686442E-03   -1.257910373932E-03    0.000000000000E+00   -2.888631398420E-03    1.533248254750E-03
    6.715771699163E-03   -6.668868559109E-04    2.888631398420E-03    0.000000000000E+00    3.952710797018E-03
   -7.392848238729E-03    4.452326870525E-04   -1.533248254750E-03   -3.952710797018E-03    0.000000000000E+00
   32.969642491096160     
    0.000000000000E+00    1.754378950205E-03   -4.767968819434E-03   -6.632741398612E-03    7.319343388926E-03
   -1.754378950205E-03    0.000000000000E+00    1.242653494375E-03    6.590653750088E-04   -4.400910710324E-04
    4.767968819434E-03   -1.242653494375E-03    0.000000000000E+00   -2.856335550709E-03    1.516568086749E-03
    6.632741398612E-03   -6.590653750088E-04    2.856335550709E-03    0.000000000000E+00    3.913710437656E-03
   -7.319343388926E-03    4.400910710324E-04   -1.516568086749E-03   -3.913710437656E-03    0.000000000000E+00
   33.173472864969440     
    0.000000000000E+00    1.726925504216E-03   -4.699212219750E-03   -6.550749452634E-03    7.246391054837E-03
   -1.726925504216E-03    0.000000000000E+00    1.227623438379E-03    6.513562941661E-04   -4.350242378239E-04
    4.699212219750E-03   -1.227623438379E-03    0.000000000000E+00   -2.824461400597E-03    1.500103848714E-03
    6.550749452634E-03   -6.513562941661E-04    2.824461400597E-03    0.000000000000E+00    3.875119075579E-03
   -7.246391054837E-03    4.350242378239E-04   -1.500103848714E-03   -3.875119075579E-03    0.000000000000E+00
   33.377931375588091     
    0.000000000000E+00    1.699986093852E-03   -4.631587409672E-03   -6.469785734648E-03    7.173994397267E-03
   -1.699986093852E-03    0.000000000000E+00    1.212816255638E-03    6.437576806120E-04   -4.300308235855E-04
    4.631587409672E-03   -1.212816255638E-03    0.000000000000E+00   -2.793002942085E-03    1.483852304518E-03
    6.469785734648E-03   -6.437576806120E-04    2.793002942085E-03    0.000000000000E+00    3.836932954999E-03
   -7.173994397267E-03    4.300308235855E-04   -1.483852304518E-03   -3.836932954999E-03    0.000000000000E+00
   33.583018022952118     
    0.000000000000E+00    1.673549541615E-03   -4.565074271643E-03   -6.389840067878E-03    7.102156271250E-03
   -1.673549541615E-03    0.000000000000E+00    1.198228072727E-03    6.362676409594E-04   -4.251094947839E-04
    4.565074271643E-03   -1.198228072727E-03    0.000000000000E+00   -2.761954253097E-03    1.467810272187E-03
    6.389840067878E-03   -6.362676409594E-04    2.761954253097E-03    0.000000000000E+00    3.799148325554E-03
   -7.102156271250E-03    4.251094947839E-04   -1.467810272187E-03   -3.799148325554E-03    0.000000000000E+00
   33.788732807061514     
    0.000000000000E+00    1.647604947798E-03   -4.499653050695E-03   -6.310902242768E-03    7.030879244449E-03
   -1.647604947798E-03    0.000000000000E+00    1.183855095080E-03    6.288843220228E-04   -4.202589485108E-04
    4.499653050695E-03   -1.183855095080E-03    0.000000000000E+00   -2.731309502117E-03    1.451974626618E-03
    6.310902242768E-03   -6.288843220228E-04    2.731309502117E-03    0.000000000000E+00    3.761761452591E-03
   -7.030879244449E-03    4.202589485108E-04   -1.451974626618E-03   -3.761761452591E-03    0.000000000000E+00
   33.995075727916287     
    0.000000000000E+00    1.622141678891E-03   -4.435304338895E-03   -6.232962011601E-03    6.960165593767E-03
   -1.622141678891E-03    0.000000000000E+00    1.169693600411E-03    6.216059074071E-04   -4.154779102467E-04
    4.435304338895E-03   -1.169693600411E-03    0.000000000000E+00   -2.701062936827E-03    1.436342293618E-03
    6.232962011601E-03   -6.216059074071E-04    2.701062936827E-03    0.000000000000E+00    3.724768605802E-03
   -6.960165593767E-03    4.154779102467E-04   -1.436342293618E-03   -3.724768605802E-03    0.000000000000E+00
   34.202046785516416     
    0.000000000000E+00    1.597149364452E-03   -4.372009080869E-03   -6.156009109152E-03    6.890017327270E-03
   -1.597149364452E-03    0.000000000000E+00    1.155739942241E-03    6.144306191206E-04   -4.107651346628E-04
    4.372009080869E-03   -1.155739942241E-03    0.000000000000E+00   -2.671208893883E-03    1.420910254172E-03
    6.156009109152E-03   -6.144306191206E-04    2.671208893883E-03    0.000000000000E+00    3.688166073199E-03
   -6.890017327270E-03    4.107651346628E-04   -1.420910254172E-03   -3.688166073199E-03    0.000000000000E+00
   34.409645979861942     
    0.000000000000E+00    1.572617886980E-03   -4.309748560850E-03   -6.080033249876E-03    6.820436183558E-03
   -1.572617886980E-03    0.000000000000E+00    1.141990544633E-03    6.073567148292E-04   -4.061194037879E-04
    4.309748560850E-03   -1.141990544633E-03    0.000000000000E+00   -2.641741790107E-03    1.405675539733E-03
    6.080033249876E-03   -6.073567148292E-04    2.641741790107E-03    0.000000000000E+00    3.651950152714E-03
   -6.820436183558E-03    4.061194037879E-04   -1.405675539733E-03   -3.651950152714E-03    0.000000000000E+00
   34.617873310952824     
    0.000000000000E+00    1.548537374378E-03   -4.248504395792E-03   -6.005024132277E-03    6.751423638150E-03
   -1.548537374378E-03    0.000000000000E+00    1.128441899846E-03    6.003824865667E-04   -4.015395260560E-04
    4.248504395792E-03   -1.128441899846E-03    0.000000000000E+00   -2.612656119751E-03    1.390635230447E-03
    6.005024132277E-03   -6.003824865667E-04    2.612656119751E-03    0.000000000000E+00    3.616117150975E-03
   -6.751423638150E-03    4.015395260560E-04   -1.390635230447E-03   -3.616117150975E-03    0.000000000000E+00
   34.826728778789082     
    0.000000000000E+00    1.524898197237E-03   -4.188258540435E-03   -5.930971458177E-03    6.682980924653E-03
   -1.524898197237E-03    0.000000000000E+00    1.115090571770E-03    5.935062623402E-04   -3.970243371147E-04
    4.188258540435E-03   -1.115090571770E-03    0.000000000000E+00   -2.583946463915E-03    1.375786459310E-03
    5.930971458177E-03   -5.935062623402E-04    2.583946463915E-03    0.000000000000E+00    3.580663396848E-03
   -6.682980924653E-03    3.970243371147E-04   -1.375786459310E-03   -3.580663396848E-03    0.000000000000E+00
   35.036212383370710     
    0.000000000000E+00    1.501690956638E-03   -4.128993267402E-03   -5.857864919947E-03    6.615109024614E-03
   -1.501690956638E-03    0.000000000000E+00    1.101933187355E-03    5.867264017460E-04   -3.925726969976E-04
    4.128993267402E-03   -1.101933187355E-03    0.000000000000E+00   -2.555607474459E-03    1.361126403923E-03
    5.857864919947E-03   -5.867264017460E-04    2.555607474459E-03    0.000000000000E+00    3.545585223920E-03
   -6.615109024614E-03    3.925726969976E-04   -1.361126403923E-03   -3.545585223920E-03    0.000000000000E+00
   35.246324124697715     
    0.000000000000E+00    1.478906483562E-03   -4.070691176796E-03   -5.785694224965E-03    6.547808694094E-03
   -1.478906483562E-03    0.000000000000E+00    1.088966442298E-03    5.800412987246E-04   -3.881834916397E-04
    4.070691176796E-03   -1.088966442298E-03    0.000000000000E+00   -2.527633888125E-03    1.346652292969E-03
    5.785694224965E-03   -5.800412987246E-04    2.527633888125E-03    0.000000000000E+00    3.510878989712E-03
   -6.547808694094E-03    3.881834916397E-04   -1.346652292969E-03   -3.510878989712E-03    0.000000000000E+00
   35.457064002770082     
    0.000000000000E+00    1.456535829477E-03   -4.013335182588E-03   -5.714449090208E-03    6.481080460972E-03
   -1.456535829477E-03    0.000000000000E+00    1.076187095576E-03    5.734493787388E-04   -3.838556310044E-04
    4.013335182588E-03   -1.076187095576E-03    0.000000000000E+00   -2.500020516880E-03    1.332361401123E-03
    5.714449090208E-03   -5.734493787388E-04    2.500020516880E-03    0.000000000000E+00    3.476541065912E-03
   -6.481080460972E-03    3.838556310044E-04   -1.332361401123E-03   -3.476541065912E-03    0.000000000000E+00
   35.668432017587833     
    0.000000000000E+00    1.434570259620E-03   -3.956908505430E-03   -5.644119244652E-03    6.414924629916E-03
   -1.434570259620E-03    0.000000000000E+00    1.063591967001E-03    5.669490974692E-04   -3.795880481298E-04
    3.956908505430E-03   -1.063591967001E-03    0.000000000000E+00   -2.472762244592E-03    1.318251047042E-03
    5.644119244652E-03   -5.669490974692E-04    2.472762244592E-03    0.000000000000E+00    3.442567836169E-03
   -6.414924629916E-03    3.795880481298E-04   -1.318251047042E-03   -3.442567836169E-03    0.000000000000E+00
   35.880428169150946     
    0.000000000000E+00    1.413001251818E-03   -3.901394679570E-03   -5.574694449582E-03    6.349341305412E-03
   -1.413001251818E-03    0.000000000000E+00    1.051177941761E-03    5.605389430253E-04   -3.753797003345E-04
    3.901394679570E-03   -1.051177941761E-03    0.000000000000E+00   -2.445854038616E-03    1.304318598672E-03
    5.574694449582E-03   -5.605389430253E-04    2.445854038616E-03    0.000000000000E+00    3.408955712268E-03
   -6.349341305412E-03    3.753797003345E-04   -1.304318598672E-03   -3.408955712268E-03    0.000000000000E+00
   36.093052457459443     
    0.000000000000E+00    1.391820483552E-03   -3.846777528662E-03   -5.506164478489E-03    6.284330374453E-03
   -1.391820483552E-03    0.000000000000E+00    1.038941959743E-03    5.542174305186E-04   -3.712295657476E-04
    3.846777528662E-03   -1.038941959743E-03    0.000000000000E+00   -2.419290928733E-03    1.290561462576E-03
    5.506164478489E-03   -5.542174305186E-04    2.419290928733E-03    0.000000000000E+00    3.375701110041E-03
   -6.284330374453E-03    3.712295657476E-04   -1.290561462576E-03   -3.375701110041E-03    0.000000000000E+00
   36.306304882513302     
    0.000000000000E+00    1.371019833952E-03   -3.793041180165E-03   -5.438519146496E-03    6.219891538881E-03
   -1.371019833952E-03    0.000000000000E+00    1.026881023719E-03    5.479831061164E-04   -3.671366456495E-04
    3.793041180165E-03   -1.026881023719E-03    0.000000000000E+00   -2.393068026427E-03    1.276977093044E-03
    5.438519146496E-03   -5.479831061164E-04    2.393068026427E-03    0.000000000000E+00    3.342800474944E-03
   -6.219891538881E-03    3.671366456495E-04   -1.276977093044E-03   -3.342800474944E-03    0.000000000000E+00
   36.520185444312538     
    0.000000000000E+00    1.350591374565E-03   -3.740170050081E-03   -5.371748301198E-03    6.156024309185E-03
   -1.350591374565E-03    0.000000000000E+00    1.014992193077E-03    5.418345438414E-04   -3.630999623731E-04
    3.740170050081E-03   -1.014992193077E-03    0.000000000000E+00   -2.367180513161E-03    1.263562986016E-03
    5.371748301198E-03   -5.418345438414E-04    2.367180513161E-03    0.000000000000E+00    3.310250269405E-03
   -6.156024309185E-03    3.630999623731E-04   -1.263562986016E-03   -3.310250269405E-03    0.000000000000E+00
   36.734694142857144     
    0.000000000000E+00    1.330527363750E-03   -3.688148836751E-03   -5.305841824855E-03    6.092728009633E-03
   -1.330527363750E-03    0.000000000000E+00    1.003272581924E-03    5.357703445675E-04   -3.591185585487E-04
    3.688148836751E-03   -1.003272581924E-03    0.000000000000E+00   -2.341623637929E-03    1.250316677548E-03
    5.305841824855E-03   -5.357703445675E-04    2.341623637929E-03    0.000000000000E+00    3.278046971483E-03
   -6.092728009633E-03    3.591185585487E-04   -1.250316677548E-03   -3.278046971483E-03    0.000000000000E+00
   36.949830978147126     
    0.000000000000E+00    1.310820244277E-03   -3.636962522763E-03   -5.240789646934E-03    6.030001794013E-03
   -1.310820244277E-03    0.000000000000E+00    9.917193612398E-04    5.297891370615E-04   -3.551914976144E-04
    3.636962522763E-03   -9.917193612398E-04    0.000000000000E+00   -2.316392723484E-03    1.237235746575E-03
    5.240789646934E-03   -5.297891370615E-04    2.316392723484E-03    0.000000000000E+00    3.246187084328E-03
   -6.030001794013E-03    3.551914976144E-04   -1.237235746575E-03   -3.246187084328E-03    0.000000000000E+00
   37.165595950182471     
    0.000000000000E+00    1.291462635187E-03   -3.586596361428E-03   -5.176581736212E-03    5.967844640656E-03
   -1.291462635187E-03    0.000000000000E+00    9.803297534048E-04    5.238895751882E-04   -3.513178619659E-04
    3.586596361428E-03   -9.803297534048E-04    0.000000000000E+00   -2.291483156091E-03    1.224317809561E-03
    5.176581736212E-03   -5.238895751882E-04    2.291483156091E-03    0.000000000000E+00    3.214667125089E-03
   -5.967844640656E-03    3.513178619659E-04   -1.224317809561E-03   -3.214667125089E-03    0.000000000000E+00
   37.381989058963200     
    0.000000000000E+00    1.272447331509E-03   -3.537035883641E-03   -5.113208119331E-03    5.906255374464E-03
   -1.272447331509E-03    0.000000000000E+00    9.691010367828E-04    5.180703401919E-04   -3.474967542400E-04
    3.537035883641E-03   -9.691010367828E-04    0.000000000000E+00   -2.266890396940E-03    1.211560525848E-03
    5.113208119331E-03   -5.180703401919E-04    2.266890396940E-03    0.000000000000E+00    3.183483640798E-03
   -5.906255374464E-03    3.474967542400E-04   -1.211560525848E-03   -3.183483640798E-03    0.000000000000E+00
   37.599010304489290     
    0.000000000000E+00    1.253767295046E-03   -3.488266880885E-03   -5.050658867771E-03    5.845232656738E-03
   -1.253767295046E-03    0.000000000000E+00    9.580305385492E-04    5.123301370437E-04   -3.437272949400E-04
    3.488266880885E-03   -9.580305385492E-04    0.000000000000E+00   -2.242609968093E-03    1.198961590433E-03
    5.050658867771E-03   -5.123301370437E-04    2.242609968093E-03    0.000000000000E+00    3.152633192412E-03
   -5.845232656738E-03    3.437272949400E-04   -1.198961590433E-03   -3.152633192412E-03    0.000000000000E+00
   37.816659686760765     
    0.000000000000E+00    1.235415654029E-03   -3.440275411357E-03   -4.988924114986E-03    5.784775005898E-03
   -1.235415654029E-03    0.000000000000E+00    9.471156389246E-04    5.066676965608E-04   -3.400086236283E-04
    3.440275411357E-03   -9.471156389246E-04    0.000000000000E+00   -2.218637463080E-03    1.186518738954E-03
    4.988924114986E-03   -5.066676965608E-04    2.218637463080E-03    0.000000000000E+00    3.122112369659E-03
   -5.784775005898E-03    3.400086236283E-04   -1.186518738954E-03   -3.122112369659E-03    0.000000000000E+00
   38.034937205777595     
    0.000000000000E+00    1.217385694766E-03   -3.393047784630E-03   -4.927994044964E-03    5.724880788896E-03
   -1.217385694766E-03    0.000000000000E+00    9.363537647791E-04    5.010817721443E-04   -3.363398967944E-04
    3.393047784630E-03   -9.363537647791E-04    0.000000000000E+00   -2.194968534386E-03    1.174229741227E-03
    4.927994044964E-03   -5.010817721443E-04    2.194968534386E-03    0.000000000000E+00    3.091917776855E-03
   -5.724880788896E-03    3.363398967944E-04   -1.174229741227E-03   -3.091917776855E-03    0.000000000000E+00
   38.253842861539816     
    0.000000000000E+00    1.199670861620E-03   -3.346570568131E-03   -4.867858909418E-03    5.665548242137E-03
   -1.199670861620E-03    0.000000000000E+00    9.257423940659E-04    4.955711420138E-04   -3.327202891294E-04
    3.346570568131E-03   -9.257423940659E-04    0.000000000000E+00   -2.171598904444E-03    1.162092406455E-03
    4.867858909418E-03   -4.955711420138E-04    2.171598904444E-03    0.000000000000E+00    3.062046048241E-03
   -5.665548242137E-03    3.327202891294E-04   -1.162092406455E-03   -3.062046048241E-03    0.000000000000E+00
   38.473376654047392     
    0.000000000000E+00    1.182264749336E-03   -3.300830573049E-03   -4.808509017453E-03    5.606775464019E-03
   -1.182264749336E-03    0.000000000000E+00    9.152790500265E-04    4.901346062507E-04   -3.291489915872E-04
    3.300830573049E-03   -9.152790500265E-04    0.000000000000E+00   -2.148524354303E-03    1.150104577373E-03
    4.808509017453E-03   -4.901346062507E-04    2.148524354303E-03    0.000000000000E+00    3.032493835177E-03
   -5.606775464019E-03    3.291489915872E-04   -1.150104577373E-03   -3.032493835177E-03    0.000000000000E+00
   38.693538583300359     
    0.000000000000E+00    1.165161101548E-03   -3.255814856404E-03   -4.749934746475E-03    5.548560429453E-03
   -1.165161101548E-03    0.000000000000E+00    9.049613034230E-04    4.847709879238E-04   -3.256252119795E-04
    3.255814856404E-03   -9.049613034230E-04    0.000000000000E+00   -2.125740729767E-03    1.138264133062E-03
    4.749934746475E-03   -4.847709879238E-04    2.125740729767E-03    0.000000000000E+00    3.003257815327E-03
   -5.548560429453E-03    3.256252119795E-04   -1.138264133062E-03   -3.003257815327E-03    0.000000000000E+00
   38.914328649298682     
    0.000000000000E+00    1.148353805814E-03   -3.211510713663E-03   -4.692126540290E-03    5.490900991116E-03
   -1.148353805814E-03    0.000000000000E+00    8.947867700446E-04    4.794791318125E-04   -3.221481740829E-04
    3.211510713663E-03   -8.947867700446E-04    0.000000000000E+00   -2.103243937169E-03    1.126568986636E-03
    4.692126540290E-03   -4.794791318125E-04    2.103243937169E-03    0.000000000000E+00    2.974334688709E-03
   -5.490900991116E-03    3.221481740829E-04   -1.126568986636E-03   -2.974334688709E-03    0.000000000000E+00
   39.135746852042388     
    0.000000000000E+00    1.131836890842E-03   -3.167905676954E-03   -4.635074914472E-03    5.433794888316E-03
   -1.131836890842E-03    0.000000000000E+00    8.847531110687E-04    4.742579045902E-04   -3.187171176597E-04
    3.167905676954E-03   -8.847531110687E-04    0.000000000000E+00   -2.081029945371E-03    1.115017086035E-03
    4.635074914472E-03   -4.742579045902E-04    2.081029945371E-03    0.000000000000E+00    2.945721181662E-03
   -5.433794888316E-03    3.187171176597E-04   -1.115017086035E-03   -2.945721181662E-03    0.000000000000E+00
   39.357793191531457     
    0.000000000000E+00    1.115604521659E-03   -3.124987507564E-03   -4.578770453822E-03    5.377239747545E-03
   -1.115604521659E-03    0.000000000000E+00    8.748580304441E-04    4.691061934859E-04   -3.153312975298E-04
    3.124987507564E-03   -8.748580304441E-04    0.000000000000E+00   -2.059094781175E-03    1.103606411530E-03
    4.578770453822E-03   -4.691061934859E-04    2.059094781175E-03    0.000000000000E+00    2.917414042321E-03
   -5.377239747545E-03    3.153312975298E-04   -1.103606411530E-03   -2.917414042321E-03    0.000000000000E+00
   39.580467667765909     
    0.000000000000E+00    1.099650995978E-03   -3.082744191409E-03   -4.523203813603E-03    5.321233086977E-03
   -1.099650995978E-03    0.000000000000E+00    8.650992738365E-04    4.640229057469E-04   -3.119899831456E-04
    3.082744191409E-03   -8.650992738364E-04    0.000000000000E+00   -2.037434528127E-03    1.092334974938E-03
    4.523203813603E-03   -4.640229057469E-04    2.037434528127E-03    0.000000000000E+00    2.889410040413E-03
   -5.321233086977E-03    3.119899831456E-04   -1.092334974938E-03   -2.889410040413E-03    0.000000000000E+00
   39.803770280745724     
    0.000000000000E+00    1.083970742990E-03   -3.041163940833E-03   -4.468365729105E-03    5.265772329781E-03
   -1.083970742990E-03    0.000000000000E+00    8.554746307193E-04    4.590069697101E-04   -3.086924591760E-04
    3.041163940833E-03   -8.554746307193E-04    0.000000000000E+00   -2.016045332210E-03    1.081200822282E-03
    4.468365729105E-03   -4.590069697101E-04    2.016045332210E-03    0.000000000000E+00    2.861705975832E-03
   -5.265772329781E-03    3.086924591760E-04   -1.081200822282E-03   -2.861705975832E-03    0.000000000000E+00
   40.027701030470915     
    0.000000000000E+00    1.068558317566E-03   -3.000235183879E-03   -4.414247008126E-03    5.210854799403E-03
   -1.068558317566E-03    0.000000000000E+00    8.459819301361E-04    4.540573326414E-04   -3.054380240729E-04
    3.000235183879E-03   -8.459819301361E-04    0.000000000000E+00   -1.994923393582E-03    1.070202029489E-03
    4.414247008126E-03   -4.540573326414E-04    1.994923393582E-03    0.000000000000E+00    2.834298669331E-03
   -5.210854799403E-03    3.054380240729E-04   -1.070202029489E-03   -2.834298669331E-03    0.000000000000E+00
   40.252259916941476     
    0.000000000000E+00    1.053408398355E-03   -2.959946563830E-03   -4.360838537086E-03    5.156477729235E-03
   -1.053408398355E-03    0.000000000000E+00    8.366190416710E-04    4.491729612392E-04   -3.022259903067E-04
    2.959946563830E-03   -8.366190416710E-04    0.000000000000E+00   -1.974064969745E-03    1.059336703806E-03
    4.360838537086E-03   -4.491729612392E-04    1.974064969745E-03    0.000000000000E+00    2.807184967834E-03
   -5.156477729235E-03    3.022259903067E-04   -1.059336703806E-03   -2.807184967834E-03    0.000000000000E+00
   40.477446940157414     
    0.000000000000E+00    1.038515783985E-03   -2.920286933466E-03   -4.308131279825E-03    5.102638264511E-03
   -1.038515783985E-03    0.000000000000E+00    8.273838736710E-04    4.443528407314E-04   -2.990556837226E-04
    2.920286933466E-03   -8.273838736710E-04    0.000000000000E+00   -1.953466372615E-03    1.048602982174E-03
    4.308131279825E-03   -4.443528407314E-04    1.953466372615E-03    0.000000000000E+00    2.780361741859E-03
   -5.102638264511E-03    2.990556837226E-04   -1.048602982174E-03   -2.780361741859E-03    0.000000000000E+00
   40.703262100118714     
    0.000000000000E+00    1.023875390120E-03   -2.881245351474E-03   -4.256116279099E-03    5.049333467071E-03
   -1.023875390120E-03    0.000000000000E+00    8.182743726069E-04    4.395959745582E-04   -2.959264432681E-04
    2.881245351474E-03   -8.182743726069E-04    0.000000000000E+00   -1.933123968080E-03    1.037999030849E-03
    4.256116279099E-03   -4.395959745582E-04    1.933123968080E-03    0.000000000000E+00    2.753825886137E-03
   -5.049333467071E-03    2.959264432681E-04   -1.037999030849E-03   -2.753825886137E-03    0.000000000000E+00
   40.929705396825405     
    0.000000000000E+00    1.009482248889E-03   -2.842811085047E-03   -4.204784666405E-03    4.996560329041E-03
   -1.009482248889E-03    0.000000000000E+00    8.092885255618E-04    4.349013856632E-04   -2.928376217341E-04
    2.842811085047E-03   -8.092885255618E-04    0.000000000000E+00   -1.913034182469E-03    1.027523048518E-03
    4.204784666405E-03   -4.349013856632E-04    1.913034182469E-03    0.000000000000E+00    2.727574329151E-03
   -4.996560329041E-03    2.928376217341E-04   -1.027523048518E-03   -2.727574329151E-03    0.000000000000E+00
   41.156776830277444     
    0.000000000000E+00    9.953315011521E-04   -2.804973593048E-03   -4.154127645013E-03    4.944315757794E-03
   -9.953315011521E-04    0.000000000000E+00    8.004243527645E-04    4.302681126712E-04   -2.897885832835E-04
    2.804973593048E-03   -8.004243527645E-04    0.000000000000E+00   -1.893193486917E-03    1.017173258294E-03
    4.154127645013E-03   -4.302681126712E-04    1.893193486917E-03    0.000000000000E+00    2.701604014047E-03
   -4.944315757794E-03    2.897885832835E-04   -1.017173258294E-03   -2.701604014047E-03    0.000000000000E+00
   41.384476400474874     
    0.000000000000E+00    9.814183970941E-04   -2.767722531428E-03   -4.104136503245E-03    4.892596593264E-03
   -9.814183970941E-04    0.000000000000E+00    7.916799114920E-04    4.256952119056E-04   -2.867787046529E-04
    2.767722531428E-03   -7.916799114920E-04    0.000000000000E+00   -1.873598406895E-03    1.006947912374E-03
    4.104136503245E-03   -4.256952119056E-04    1.873598406895E-03    0.000000000000E+00    2.675911912042E-03
   -4.892596593264E-03    2.867787046529E-04   -1.006947912374E-03   -2.675911912042E-03    0.000000000000E+00
   41.612804107417666     
    0.000000000000E+00    9.677382933645E-04   -2.731047749239E-03   -4.054802614762E-03    4.841399611370E-03
   -9.677382933645E-04    0.000000000000E+00    7.830532951789E-04    4.211817569483E-04   -2.838073748138E-04
    2.731047749239E-03   -7.830532951789E-04    0.000000000000E+00   -1.854245521113E-03    9.968452913703E-04
    4.054802614762E-03   -4.211817569483E-04    1.854245521113E-03    0.000000000000E+00    2.650495022126E-03
   -4.841399611370E-03    2.838073748138E-04   -9.968452913703E-04   -2.650495022126E-03    0.000000000000E+00
   41.841759951105836     
    0.000000000000E+00    9.542866511018E-04   -2.694939286864E-03   -4.006117441743E-03    4.790721530555E-03
   -9.542866511018E-04    0.000000000000E+00    7.745426336172E-04    4.167268387607E-04   -2.808739949901E-04
    2.694939286864E-03   -7.745426336172E-04    0.000000000000E+00   -1.835131462817E-03    9.868637048474E-04
    4.006117441743E-03   -4.167268387607E-04    1.835131462817E-03    0.000000000000E+00    2.625350373822E-03
   -4.790721530555E-03    2.808739949901E-04   -9.868637048474E-04   -2.625350373822E-03    0.000000000000E+00
   42.071343931539374     
    0.000000000000E+00    9.410590287423E-04   -2.659387359968E-03   -3.958072518136E-03    4.740558996656E-03
   -9.410590287423E-04    0.000000000000E+00    7.661460857845E-04    4.123295620036E-04   -2.779779762753E-04
    2.659387359968E-03   -7.661460857845E-04    0.000000000000E+00   -1.816252904612E-03    9.770014835401E-04
    3.958072518136E-03   -4.123295620036E-04    1.816252904612E-03    0.000000000000E+00    2.600475008430E-03
   -4.740558996656E-03    2.779779762753E-04   -9.770014835401E-04   -2.600475008430E-03    0.000000000000E+00
   42.301556048718290     
    0.000000000000E+00    9.280510859568E-04   -2.624382373498E-03   -3.910659474272E-03    4.690908612577E-03
   -9.280510859568E-04    0.000000000000E+00    7.578618481517E-04    4.079890493378E-04   -2.751187422922E-04
    2.624382373498E-03   -7.578618481517E-04    0.000000000000E+00   -1.797606577774E-03    9.672569890039E-04
    3.910659474272E-03   -4.079890493378E-04    1.797606577774E-03    0.000000000000E+00    2.575866005211E-03
   -4.690908612577E-03    2.751187422922E-04   -9.672569890039E-04   -2.575866005211E-03    0.000000000000E+00
   42.532396302642567     
    0.000000000000E+00    9.152585775156E-04   -2.589914908246E-03   -3.863870023435E-03    4.641766926750E-03
   -9.152585775156E-04    0.000000000000E+00    7.496881488918E-04    4.037044384605E-04   -2.722957272703E-04
    2.589914908246E-03   -7.496881488918E-04    0.000000000000E+00   -1.779189260127E-03    9.576286073955E-04
    3.863870023435E-03   -4.037044384605E-04    1.779189260127E-03    0.000000000000E+00    2.551520466612E-03
   -4.641766926750E-03    2.722957272703E-04   -9.576286073955E-04   -2.551520466612E-03    0.000000000000E+00
   42.763864693312229     
    0.000000000000E+00    9.026773508176E-04   -2.555975717200E-03   -3.817695961766E-03    4.593130435932E-03
   -9.026773508176E-04    0.000000000000E+00    7.416232469844E-04    3.994748816580E-04   -2.695083757080E-04
    2.555975717200E-03   -7.416232469844E-04    0.000000000000E+00   -1.760997774758E-03    9.481147487130E-04
    3.817695961766E-03   -3.994748816580E-04    1.760997774758E-03    0.000000000000E+00    2.527435517492E-03
   -4.593130435932E-03    2.695083757080E-04   -9.481147487130E-04   -2.527435517492E-03    0.000000000000E+00
   42.995961220727253     
    0.000000000000E+00    8.903033454917E-04   -2.522555727447E-03   -3.772129175752E-03    4.544995596304E-03
   -8.903033454917E-04    0.000000000000E+00    7.336654342914E-04    3.952995469004E-04   -2.667561430179E-04
    2.522555727447E-03   -7.336654342914E-04    0.000000000000E+00   -1.743028995399E-03    9.387138494373E-04
    3.772129175752E-03   -3.952995469004E-04    1.743028995399E-03    0.000000000000E+00    2.503608313147E-03
   -4.544995596304E-03    2.667561430179E-04   -9.387138494373E-04   -2.503608313147E-03    0.000000000000E+00
   43.228685884887661     
    0.000000000000E+00    8.781325887572E-04   -2.489646030394E-03   -3.727161633333E-03    4.497358816632E-03
   -8.781325887572E-04    0.000000000000E+00    7.258130315370E-04    3.911776157840E-04   -2.640384941758E-04
    2.489646030394E-03   -7.258130315370E-04    0.000000000000E+00   -1.725279838129E-03    9.294243682370E-04
    3.727161633333E-03   -3.911776157840E-04    1.725279838129E-03    0.000000000000E+00    2.480036029338E-03
   -4.497358816632E-03    2.640384941758E-04   -9.294243682370E-04   -2.480036029338E-03    0.000000000000E+00
   43.462038685793431     
    0.000000000000E+00    8.661611953876E-04   -2.457237884435E-03   -3.682785392187E-03    4.450216470197E-03
   -8.661611953876E-04    0.000000000000E+00    7.180643907252E-04    3.871082848029E-04   -2.613549044820E-04
    2.457237884435E-03   -7.180643907252E-04    0.000000000000E+00   -1.707747267480E-03    9.202447889842E-04
    3.682785392187E-03   -3.871082848029E-04    1.707747267480E-03    0.000000000000E+00    2.456715871222E-03
   -4.450216470197E-03    2.613549044820E-04   -9.202447889842E-04   -2.456715871222E-03    0.000000000000E+00
   43.696019623444577     
    0.000000000000E+00    8.543853648587E-04   -2.425322709842E-03   -3.638992597067E-03    4.403564894700E-03
   -8.543853648587E-04    0.000000000000E+00    7.104178934985E-04    3.830907645222E-04   -2.587048589945E-04
    2.425322709842E-03   -7.104178934985E-04    0.000000000000E+00   -1.690428293419E-03    9.111736191504E-04
    3.638992597067E-03   -3.830907645222E-04    1.690428293419E-03    0.000000000000E+00    2.433645070276E-03
   -4.403564894700E-03    2.587048589945E-04   -9.111736191504E-04   -2.433645070276E-03    0.000000000000E+00
   43.930628697841094     
    0.000000000000E+00    8.428013787366E-04   -2.393892084187E-03   -3.595775477715E-03    4.357400392749E-03
   -8.428013787366E-04    0.000000000000E+00    7.028719497573E-04    3.791242788844E-04   -2.560878520464E-04
    2.393892084187E-03   -7.028719497573E-04    0.000000000000E+00   -1.673319968896E-03    9.022093884830E-04
    3.595775477715E-03   -3.791242788844E-04    1.673319968896E-03    0.000000000000E+00    2.410820881916E-03
   -4.357400392749E-03    2.560878520464E-04   -9.022093884830E-04   -2.410820881916E-03    0.000000000000E+00
   44.165865908982987     
    0.000000000000E+00    8.314055994400E-04   -2.362937741444E-03   -3.553126351803E-03    4.311719237847E-03
   -8.314055994400E-04    0.000000000000E+00    6.954249981751E-04    3.752080654984E-04   -2.535033873905E-04
    2.362937741444E-03   -6.954249981751E-04    0.000000000000E+00   -1.656419391626E-03    8.933506498449E-04
    3.553126351803E-03   -3.752080654984E-04    1.656419391626E-03    0.000000000000E+00    2.388240588699E-03
   -4.311719237847E-03    2.535033873905E-04   -8.933506498449E-04   -2.388240588699E-03    0.000000000000E+00
   44.401731256870242     
    0.000000000000E+00    8.201944667929E-04   -2.332451564928E-03   -3.511037619090E-03    4.266517670622E-03
   -8.201944667929E-04    0.000000000000E+00    6.880755034920E-04    3.713413742579E-04   -2.509509772815E-04
    2.332451564928E-03   -6.880755034920E-04    0.000000000000E+00   -1.639723698601E-03    8.845959763510E-04
    3.511037619090E-03   -3.713413742579E-04    1.639723698601E-03    0.000000000000E+00    2.365901493874E-03
   -4.266517670622E-03    2.509509772815E-04   -8.845959763510E-04   -2.365901493874E-03    0.000000000000E+00
   44.638224741502881     
    0.000000000000E+00    8.091644997623E-04   -2.302425594382E-03   -3.469501775400E-03    4.221791917052E-03
   -8.091644997623E-04    0.000000000000E+00    6.808219612566E-04    3.675234698290E-04   -2.484301440282E-04
    2.302425594382E-03   -6.808219612566E-04    0.000000000000E+00   -1.623230077395E-03    8.759439670850E-04
    3.469501775400E-03   -3.675234698290E-04    1.623230077395E-03    0.000000000000E+00    2.343800937213E-03
   -4.221791917052E-03    2.484301440282E-04   -8.759439670850E-04   -2.343800937213E-03    0.000000000000E+00
   44.875346362880883     
    0.000000000000E+00    7.983122888832E-04   -2.272852007395E-03   -3.428511390257E-03    4.177538166192E-03
   -7.983122888832E-04    0.000000000000E+00    6.736628888924E-04    3.637536270272E-04   -2.459404170069E-04
    2.272852007395E-03   -6.736628888924E-04    0.000000000000E+00   -1.606935746544E-03    8.673932370119E-04
    3.428511390257E-03   -3.637536270272E-04    1.606935746544E-03    0.000000000000E+00    2.321936269695E-03
   -4.177538166192E-03    2.459404170069E-04   -8.673932370119E-04   -2.321936269695E-03    0.000000000000E+00
   45.113096121004268     
    0.000000000000E+00    7.876345007810E-04   -2.243723133993E-03   -3.388059131261E-03    4.133752599977E-03
   -7.876345007810E-04    0.000000000000E+00    6.665968345070E-04    3.600311354265E-04   -2.434813355756E-04
    2.243723133993E-03   -6.665968345070E-04    0.000000000000E+00   -1.590837976052E-03    8.589424274193E-04
    3.388059131261E-03   -3.600311354265E-04    1.590837976052E-03    0.000000000000E+00    2.300304881613E-03
   -4.133752599977E-03    2.434813355756E-04   -8.589424274193E-04   -2.300304881613E-03    0.000000000000E+00
   45.351474015873016     
    0.000000000000E+00    7.771278722889E-04   -2.215031442524E-03   -3.348137747781E-03    4.090431377584E-03
   -7.771278722889E-04    0.000000000000E+00    6.596223702122E-04    3.563552959040E-04   -2.410524468333E-04
    2.215031442524E-03   -6.596223702122E-04    0.000000000000E+00   -1.574934072799E-03    8.505901983972E-04
    3.348137747781E-03   -3.563552959040E-04    1.574934072799E-03    0.000000000000E+00    2.278904183850E-03
   -4.090431377584E-03    2.410524468333E-04   -8.505901983972E-04   -2.278904183850E-03    0.000000000000E+00
   45.590480047487141     
    0.000000000000E+00    7.667892081032E-04   -2.186769535198E-03   -3.308740068142E-03    4.047570634770E-03
   -7.667892081032E-04    0.000000000000E+00    6.527380907719E-04    3.527254199597E-04   -2.386533051547E-04
    2.186769535198E-03   -6.527380907719E-04    0.000000000000E+00   -1.559221378013E-03    8.423352274990E-04
    3.308740068142E-03   -3.527254199597E-04    1.559221378013E-03    0.000000000000E+00    2.257731605257E-03
   -4.047570634770E-03    2.386533051547E-04   -8.423352274990E-04   -2.257731605257E-03    0.000000000000E+00
   45.830114215846635     
    0.000000000000E+00    7.566153828760E-04   -2.158930155779E-03   -3.269859013992E-03    4.005166502476E-03
   -7.566153828760E-04    0.000000000000E+00    6.459426185528E-04    3.491408323181E-04   -2.362834738275E-04
    2.158930155779E-03   -6.459426185528E-04    0.000000000000E+00   -1.543697278999E-03    8.341762157029E-04
    3.269859013992E-03   -3.491408323181E-04    1.543697278999E-03    0.000000000000E+00    2.236784609014E-03
   -4.005166502476E-03    2.362834738275E-04   -8.341762157029E-04   -2.236784609014E-03    0.000000000000E+00
   46.070376520951505     
    0.000000000000E+00    7.466033370204E-04   -2.131506179889E-03   -3.231487589889E-03    3.963215097618E-03
   -7.466033370204E-04    0.000000000000E+00    6.392345993327E-04    3.456008687702E-04   -2.339425236458E-04
    2.131506179889E-03   -6.392345993327E-04    0.000000000000E+00   -1.528359200150E-03    8.261118827759E-04
    3.231487589889E-03   -3.456008687702E-04    1.528359200150E-03    0.000000000000E+00    2.216060681363E-03
   -3.963215097618E-03    2.339425236458E-04   -8.261118827759E-04   -2.216060681363E-03    0.000000000000E+00
   46.311266962801739     
    0.000000000000E+00    7.367500758777E-04   -2.104490614498E-03   -3.193618885815E-03    3.921712528319E-03
   -7.367500758777E-04    0.000000000000E+00    6.326127028414E-04    3.421048764768E-04   -2.316300330772E-04
    2.104490614498E-03   -6.326127028414E-04    0.000000000000E+00   -1.513204604649E-03    8.181409681010E-04
    3.193618885815E-03   -3.421048764768E-04    1.513204604649E-03    0.000000000000E+00    2.195557334535E-03
   -3.921712528319E-03    2.316300330772E-04   -8.181409681010E-04   -2.195557334535E-03    0.000000000000E+00
   46.552785541397355     
    0.000000000000E+00    7.270526668111E-04   -2.077876591625E-03   -3.156246071332E-03    3.880654889665E-03
   -7.270526668111E-04    0.000000000000E+00    6.260756203020E-04    3.386522127084E-04   -2.293455874306E-04
    2.077876591625E-03   -6.260756203020E-04    0.000000000000E+00   -1.498230989343E-03    8.102622280148E-04
    3.156246071332E-03   -3.386522127084E-04    1.498230989343E-03    0.000000000000E+00    2.175272100561E-03
   -3.880654889665E-03    2.293455874306E-04   -8.102622280148E-04   -2.175272100561E-03    0.000000000000E+00
   46.794932256738335     
    0.000000000000E+00    7.175082397584E-04   -2.051657371534E-03   -3.119362403224E-03    3.840038274688E-03
   -7.175082397584E-04    0.000000000000E+00    6.196220670178E-04    3.352422462198E-04   -2.270887797159E-04
    2.051657371534E-03   -6.196220670178E-04    0.000000000000E+00   -1.483435891099E-03    8.024744390391E-04
    3.119362403224E-03   -3.352422462198E-04    1.483435891099E-03    0.000000000000E+00    2.155202540453E-03
   -3.840038274688E-03    2.270887797159E-04   -8.024744390391E-04   -2.155202540453E-03    0.000000000000E+00
   47.037707108824698     
    0.000000000000E+00    7.081139854421E-04   -2.025826339405E-03   -3.082961223723E-03    3.799858774686E-03
   -7.081139854421E-04    0.000000000000E+00    6.132507814119E-04    3.318743567726E-04   -2.248592103163E-04
    2.025826339405E-03   -6.132507814119E-04    0.000000000000E+00   -1.468816885062E-03    7.947763969606E-04
    3.082961223723E-03   -3.318743567726E-04    1.468816885062E-03    0.000000000000E+00    2.135346242517E-03
   -3.799858774686E-03    2.248592103163E-04   -7.947763969606E-04   -2.135346242517E-03    0.000000000000E+00
   47.281110097656416     
    0.000000000000E+00    6.988671523445E-04   -2.000376998507E-03   -3.047035953623E-03    3.760112473642E-03
   -6.988671523445E-04    0.000000000000E+00    6.069605222136E-04    3.285479336867E-04   -2.226564860362E-04
    2.000376998507E-03   -6.069605222136E-04    0.000000000000E+00   -1.454371578675E-03    7.871669137266E-04
    3.047035953623E-03   -3.285479336867E-04    1.454371578675E-03    0.000000000000E+00    2.115700814925E-03
   -3.760112473642E-03    2.226564860362E-04   -7.871669137266E-04   -2.115700814925E-03    0.000000000000E+00
   47.525141223233526     
    0.000000000000E+00    6.897650467046E-04   -1.975302971686E-03   -3.011580097216E-03    3.720795456063E-03
   -6.897650467046E-04    0.000000000000E+00    6.007500700832E-04    3.252623767126E-04   -2.204802206425E-04
    1.975302971686E-03   -6.007500700832E-04    0.000000000000E+00   -1.440097615800E-03    7.796448195420E-04
    3.011580097216E-03   -3.252623767126E-04    1.440097615800E-03    0.000000000000E+00    2.096263891879E-03
   -3.720795456063E-03    2.204802206425E-04   -7.796448195420E-04   -2.096263891879E-03    0.000000000000E+00
   47.769800485555990     
    0.000000000000E+00    6.808050311017E-04   -1.950597998897E-03   -2.976587241481E-03    3.681903808249E-03
   -6.808050311017E-04    0.000000000000E+00    5.946182270881E-04    3.220170957809E-04   -2.183300346854E-04
    1.950597998897E-03   -5.946182270881E-04    0.000000000000E+00   -1.425992675940E-03    7.722089624458E-04
    2.976587241481E-03   -3.220170957809E-04    1.425992675940E-03    0.000000000000E+00    2.077033133158E-03
   -3.681903808249E-03    2.183300346854E-04   -7.722089624458E-04   -2.077033133158E-03    0.000000000000E+00
   48.015087884623846     
    0.000000000000E+00    6.719845226841E-04   -1.926255933677E-03   -2.942051053667E-03    3.643433617670E-03
   -6.719845226841E-04    0.000000000000E+00    5.885638155885E-04    3.188115104406E-04   -2.162055551187E-04
    1.926255933677E-03   -5.885638155885E-04    0.000000000000E+00   -1.412054472080E-03    7.648582071790E-04
    2.942051053667E-03   -3.188115104406E-04    1.412054472080E-03    0.000000000000E+00    2.058006221781E-03
   -3.643433617670E-03    2.162055551187E-04   -7.648582071790E-04   -2.058006221781E-03    0.000000000000E+00
   48.261003420437056     
    0.000000000000E+00    6.633009917631E-04   -1.902270740593E-03   -2.907965280185E-03    3.605380973809E-03
   -6.633009917631E-04    0.000000000000E+00    5.825856776688E-04    3.156450495839E-04   -2.141064151057E-04
    1.902270740593E-03   -5.825856776688E-04    0.000000000000E+00   -1.398280749779E-03    7.575914346988E-04
    2.907965280185E-03   -3.156450495839E-04    1.398280749779E-03    0.000000000000E+00    2.039180863355E-03
   -3.605380973809E-03    2.141064151057E-04   -7.575914346988E-04   -2.039180863355E-03    0.000000000000E+00
   48.507547092995651     
    0.000000000000E+00    6.547519618148E-04   -1.878636496553E-03   -2.874323751015E-03    3.567741975298E-03
   -6.547519618148E-04    0.000000000000E+00    5.766826766217E-04    3.125171522472E-04   -2.120322545219E-04
    1.878636496553E-03   -5.766826766217E-04    0.000000000000E+00   -1.384669290947E-03    7.504075441129E-04
    2.874323751015E-03   -3.125171522472E-04    1.384669290947E-03    0.000000000000E+00    2.020554791749E-03
   -3.567741975298E-03    2.120322545219E-04   -7.504075441129E-04   -2.020554791749E-03    0.000000000000E+00
   48.754718902299608     
    0.000000000000E+00    6.463350065627E-04   -1.855347383948E-03   -2.841120372217E-03    3.530512723343E-03
   -6.463350065627E-04    0.000000000000E+00    5.708536939439E-04    3.094272660558E-04   -2.099827189337E-04
    1.855347383948E-03   -5.708536939439E-04    0.000000000000E+00   -1.371217907315E-03    7.433054492889E-04
    2.841120372217E-03   -3.094272660558E-04    1.371217907315E-03    0.000000000000E+00    2.002125760770E-03
   -3.530512723343E-03    2.099827189337E-04   -7.433054492889E-04   -2.002125760770E-03    0.000000000000E+00
   49.002518848348949     
    0.000000000000E+00    6.380477497487E-04   -1.832397691227E-03   -2.808349129129E-03    3.493689327403E-03
   -6.380477497487E-04    0.000000000000E+00    5.650976304696E-04    3.063748478417E-04   -2.079574599860E-04
    1.832397691227E-03   -5.650976304696E-04    0.000000000000E+00   -1.357924443399E-03    7.362840803786E-04
    2.808349129129E-03   -3.063748478417E-04    1.357924443399E-03    0.000000000000E+00    1.983891548736E-03
   -3.493689327403E-03    2.079574599860E-04   -7.362840803786E-04   -1.983891548736E-03    0.000000000000E+00
   49.250946931143645     
    0.000000000000E+00    6.298878643289E-04   -1.809781811835E-03   -2.776004087127E-03    3.457267908034E-03
   -6.298878643289E-04    0.000000000000E+00    5.594134064880E-04    3.033593637270E-04   -2.059561354422E-04
    1.809781811835E-03   -5.594134064880E-04    0.000000000000E+00   -1.344786777113E-03    7.293423841221E-04
    2.776004087127E-03   -3.033593637270E-04    1.344786777113E-03    0.000000000000E+00    1.965849959819E-03
   -3.457267908034E-03    2.059561354422E-04   -7.293423841221E-04   -1.965849959819E-03    0.000000000000E+00
   49.500003150683732     
    0.000000000000E+00    6.218530702081E-04   -1.787494239024E-03   -2.744079386319E-03    3.421244592682E-03
   -6.218530702081E-04    0.000000000000E+00    5.537999596352E-04    3.003802880362E-04   -2.039784084674E-04
    1.787494239024E-03   -5.537999596352E-04    0.000000000000E+00   -1.331802815254E-03    7.224793215001E-04
    2.744079386319E-03   -3.003802880362E-04    1.331802815254E-03    0.000000000000E+00    1.947998818403E-03
   -3.421244592682E-03    2.039784084674E-04   -7.224793215001E-04   -1.947998818403E-03    0.000000000000E+00
   49.749687506969174     
    0.000000000000E+00    6.139411347290E-04   -1.765529568324E-03   -2.712569247312E-03    3.385615524263E-03
   -6.139411347290E-04    0.000000000000E+00    5.482562470301E-04    2.974371044433E-04   -2.020239483624E-04
    1.765529568324E-03   -5.482562470301E-04    0.000000000000E+00   -1.318970498760E-03    7.156938704572E-04
    2.712569247312E-03   -2.974371044433E-04    1.318970498760E-03    0.000000000000E+00    1.930335976774E-03
   -3.385615524263E-03    2.020239483624E-04   -7.156938704572E-04   -1.930335976774E-03    0.000000000000E+00
   50.000000000000000     
    0.000000000000E+00    6.061498692954E-04   -1.743882489152E-03   -2.681467961088E-03    3.350376851252E-03
   -6.061498692954E-04    0.000000000000E+00    5.427812412484E-04    2.945293038697E-04   -2.000924291866E-04
    1.743882489152E-03   -5.427812412484E-04    0.000000000000E+00   -1.306287793728E-03    7.089850212248E-04
    2.681467961088E-03   -2.945293038697E-04    1.306287793728E-03    0.000000000000E+00    1.912859303288E-03
   -3.350376851252E-03    2.000924291866E-04   -7.089850212248E-04   -1.912859303288E-03    0.000000000000E+00
