    1.000000000000E-06
    0.000000000000E+00    8.062109614649E-02    2.015527274399E-02
   -8.062109614649E-02    0.000000000000E+00    3.800514043544E-02
   -2.015527274399E-02   -3.800514043544E-02    0.000000000000E+00
    5.105003727477E-05
    0.000000000000E+00    8.062219797070E-02    2.015548350360E-02
   -8.062219797070E-02    0.000000000000E+00    3.800520820743E-02
   -2.015548350360E-02   -3.800520820743E-02    0.000000000000E+00
    2.012001490991E-04
    0.000000000000E+00    8.062550350761E-02    2.015611579619E-02
   -8.062550350761E-02    0.000000000000E+00    3.800541150522E-02
   -2.015611579619E-02   -3.800541150522E-02    0.000000000000E+00
    4.514503354729E-04
    0.000000000000E+00    8.063101295002E-02    2.015716966309E-02
   -8.063101295002E-02    0.000000000000E+00    3.800575027429E-02
   -2.015716966309E-02   -3.800575027429E-02    0.000000000000E+00
    8.018005963962E-04
    0.000000000000E+00    8.063872661921E-02    2.015864517319E-02
   -8.063872661921E-02    0.000000000000E+00    3.800622442375E-02
   -2.015864517319E-02   -3.800622442375E-02    0.000000000000E+00
    1.252250931869E-03
    0.000000000000E+00    8.064864496484E-02    2.016054242289E-02
   -8.064864496484E-02    0.000000000000E+00    3.800683382629E-02
   -2.016054242289E-02   -3.800683382629E-02    0.000000000000E+00
    1.802801341892E-03
    0.000000000000E+00    8.066076856479E-02    2.016286153619E-02
   -8.066076856479E-02    0.000000000000E+00    3.800757831821E-02
   -2.016286153619E-02   -3.800757831821E-02    0.000000000000E+00
    2.453451826464E-03
    0.000000000000E+00    8.067509812502E-02    2.016560266461E-02
   -8.067509812502E-02    0.000000000000E+00    3.800845769933E-02
   -2.016560266461E-02   -3.800845769933E-02    0.000000000000E+00
    3.204202385585E-03
    0.000000000000E+00    8.069163447931E-02    2.016876598722E-02
   -8.069163447931E-02    0.000000000000E+00    3.800947173298E-02
   -2.016876598722E-02   -3.800947173298E-02    0.000000000000E+00
    4.055053019256E-03
    0.000000000000E+00    8.071037858900E-02    2.017235171066E-02
   -8.071037858900E-02    0.000000000000E+00    3.801062014590E-02
   -2.017235171066E-02   -3.801062014590E-02    0.000000000000E+00
    5.006003727477E-03
    0.000000000000E+00    8.073133154276E-02    2.017636006911E-02
   -8.073133154276E-02    0.000000000000E+00    3.801190262819E-02
   -2.017636006911E-02   -3.801190262819E-02    0.000000000000E+00
    6.057054510247E-03
    0.000000000000E+00    8.075449455614E-02    2.018079132431E-02
   -8.075449455614E-02    0.000000000000E+00    3.801331883325E-02
   -2.018079132431E-02   -3.801331883325E-02    0.000000000000E+00
    7.208205367566E-03
    0.000000000000E+00    8.077986897128E-02    2.018564576555E-02
   -8.077986897128E-02    0.000000000000E+00    3.801486837768E-02
   -2.018564576555E-02   -3.801486837768E-02    0.000000000000E+00
    8.459456299435E-03
    0.000000000000E+00    8.080745625644E-02    2.019092370965E-02
   -8.080745625644E-02    0.000000000000E+00    3.801655084117E-02
   -2.019092370965E-02   -3.801655084117E-02    0.000000000000E+00
    9.810807305854E-03
    0.000000000000E+00    8.083725800553E-02    2.019662550103E-02
   -8.083725800553E-02    0.000000000000E+00    3.801836576643E-02
   -2.019662550103E-02   -3.801836576643E-02    0.000000000000E+00
    1.126225838682E-02
    0.000000000000E+00    8.086927593762E-02    2.020275151161E-02
   -8.086927593762E-02    0.000000000000E+00    3.802031265904E-02
   -2.020275151161E-02   -3.802031265904E-02    0.000000000000E+00
    1.281380954234E-02
    0.000000000000E+00    8.090351189637E-02    2.020930214090E-02
   -8.090351189637E-02    0.000000000000E+00    3.802239098739E-02
   -2.020930214090E-02   -3.802239098739E-02    0.000000000000E+00
    1.446546077241E-02
    0.000000000000E+00    8.093996784942E-02    2.021627781595E-02
   -8.093996784942E-02    0.000000000000E+00    3.802460018245E-02
   -2.021627781595E-02   -3.802460018245E-02    0.000000000000E+00
    1.621721207702E-02
    0.000000000000E+00    8.097864588777E-02    2.022367899135E-02
   -8.097864588777E-02    0.000000000000E+00    3.802693963775E-02
   -2.022367899135E-02   -3.802693963775E-02    0.000000000000E+00
    1.806906345619E-02
    0.000000000000E+00    8.101954822507E-02    2.023150614926E-02
   -8.101954822507E-02    0.000000000000E+00    3.802940870912E-02
   -2.023150614926E-02   -3.802940870912E-02    0.000000000000E+00
    2.002101490991E-02
    0.000000000000E+00    8.106267719688E-02    2.023975979938E-02
   -8.106267719688E-02    0.000000000000E+00    3.803200671460E-02
   -2.023975979938E-02   -3.803200671460E-02    0.000000000000E+00
    2.207306643817E-02
    0.000000000000E+00    8.110803525988E-02    2.024844047894E-02
   -8.110803525988E-02    0.000000000000E+00    3.803473293428E-02
   -2.024844047894E-02   -3.803473293428E-02    0.000000000000E+00
    2.422521804099E-02
    0.000000000000E+00    8.115562499103E-02    2.025754875273E-02
   -8.115562499103E-02    0.000000000000E+00    3.803758661006E-02
   -2.025754875273E-02   -3.803758661006E-02    0.000000000000E+00
    2.647746971835E-02
    0.000000000000E+00    8.120544908671E-02    2.026708521309E-02
   -8.120544908671E-02    0.000000000000E+00    3.804056694553E-02
   -2.026708521309E-02   -3.804056694553E-02    0.000000000000E+00
    2.882982147026E-02
    0.000000000000E+00    8.125751036172E-02    2.027705047988E-02
   -8.125751036172E-02    0.000000000000E+00    3.804367310574E-02
   -2.027705047988E-02   -3.804367310574E-02    0.000000000000E+00
    3.128227329673E-02
    0.000000000000E+00    8.131181174836E-02    2.028744520050E-02
   -8.131181174836E-02    0.000000000000E+00    3.804690421702E-02
   -2.028744520050E-02   -3.804690421702E-02    0.000000000000E+00
    3.383482519774E-02
    0.000000000000E+00    8.136835629530E-02    2.029827004987E-02
   -8.136835629530E-02    0.000000000000E+00    3.805025936675E-02
   -2.029827004987E-02   -3.805025936675E-02    0.000000000000E+00
    3.648747717330E-02
    0.000000000000E+00    8.142714716656E-02    2.030952573044E-02
   -8.142714716656E-02    0.000000000000E+00    3.805373760313E-02
   -2.030952573044E-02   -3.805373760313E-02    0.000000000000E+00
    3.924022922342E-02
    0.000000000000E+00    8.148818764028E-02    2.032121297218E-02
   -8.148818764028E-02    0.000000000000E+00    3.805733793499E-02
   -2.032121297218E-02   -3.805733793499E-02    0.000000000000E+00
    4.209308134808E-02
    0.000000000000E+00    8.155148110754E-02    2.033333253256E-02
   -8.155148110754E-02    0.000000000000E+00    3.806105933151E-02
   -2.033333253256E-02   -3.806105933151E-02    0.000000000000E+00
    4.504603354729E-02
    0.000000000000E+00    8.161703107108E-02    2.034588519655E-02
   -8.161703107108E-02    0.000000000000E+00    3.806490072197E-02
   -2.034588519655E-02   -3.806490072197E-02    0.000000000000E+00
    4.809908582105E-02
    0.000000000000E+00    8.168484114392E-02    2.035887177661E-02
   -8.168484114392E-02    0.000000000000E+00    3.806886099554E-02
   -2.035887177661E-02   -3.806886099554E-02    0.000000000000E+00
    5.125223816936E-02
    0.000000000000E+00    8.175491504800E-02    2.037229311266E-02
   -8.175491504800E-02    0.000000000000E+00    3.807293900096E-02
   -2.037229311266E-02   -3.807293900096E-02    0.000000000000E+00
    5.450549059222E-02
    0.000000000000E+00    8.182725661270E-02    2.038615007212E-02
   -8.182725661270E-02    0.000000000000E+00    3.807713354628E-02
   -2.038615007212E-02   -3.807713354628E-02    0.000000000000E+00
    5.785884308963E-02
    0.000000000000E+00    8.190186977327E-02    2.040044354983E-02
   -8.190186977327E-02    0.000000000000E+00    3.808144339858E-02
   -2.040044354983E-02   -3.808144339858E-02    0.000000000000E+00
    6.131229566159E-02
    0.000000000000E+00    8.197875856928E-02    2.041517446808E-02
   -8.197875856928E-02    0.000000000000E+00    3.808586728370E-02
   -2.041517446808E-02   -3.808586728370E-02    0.000000000000E+00
    6.486584830810E-02
    0.000000000000E+00    8.205792714288E-02    2.043034377656E-02
   -8.205792714288E-02    0.000000000000E+00    3.809040388586E-02
   -2.043034377656E-02   -3.809040388586E-02    0.000000000000E+00
    6.851950102915E-02
    0.000000000000E+00    8.213937973709E-02    2.044595245237E-02
   -8.213937973709E-02    0.000000000000E+00    3.809505184744E-02
   -2.044595245237E-02   -3.809505184744E-02    0.000000000000E+00
    7.227325382476E-02
    0.000000000000E+00    8.222312069398E-02    2.046200149999E-02
   -8.222312069398E-02    0.000000000000E+00    3.809980976859E-02
   -2.046200149999E-02   -3.809980976859E-02    0.000000000000E+00
    7.612710669492E-02
    0.000000000000E+00    8.230915445273E-02    2.047849195124E-02
   -8.230915445273E-02    0.000000000000E+00    3.810467620693E-02
   -2.047849195124E-02   -3.810467620693E-02    0.000000000000E+00
    8.008105963962E-02
    0.000000000000E+00    8.239748554767E-02    2.049542486527E-02
   -8.239748554767E-02    0.000000000000E+00    3.810964967721E-02
   -2.049542486527E-02   -3.810964967721E-02    0.000000000000E+00
    8.413511265888E-02
    0.000000000000E+00    8.248811860622E-02    2.051280132853E-02
   -8.248811860622E-02    0.000000000000E+00    3.811472865092E-02
   -2.051280132853E-02   -3.811472865092E-02    0.000000000000E+00
    8.828926575269E-02
    0.000000000000E+00    8.258105834671E-02    2.053062245474E-02
   -8.258105834671E-02    0.000000000000E+00    3.811991155598E-02
   -2.053062245474E-02   -3.811991155598E-02    0.000000000000E+00
    9.254351892104E-02
    0.000000000000E+00    8.267630957620E-02    2.054888938485E-02
   -8.267630957620E-02    0.000000000000E+00    3.812519677638E-02
   -2.054888938485E-02   -3.812519677638E-02    0.000000000000E+00
    9.689787216395E-02
    0.000000000000E+00    8.277387718807E-02    2.056760328702E-02
   -8.277387718807E-02    0.000000000000E+00    3.813058265172E-02
   -2.056760328702E-02   -3.813058265172E-02    0.000000000000E+00
    1.013523254814E-01
    0.000000000000E+00    8.287376615968E-02    2.058676535654E-02
   -8.287376615968E-02    0.000000000000E+00    3.813606747692E-02
   -2.058676535654E-02   -3.813606747692E-02    0.000000000000E+00
    1.059068788734E-01
    0.000000000000E+00    8.297598154981E-02    2.060637681586E-02
   -8.297598154981E-02    0.000000000000E+00    3.814164950177E-02
   -2.060637681586E-02   -3.814164950177E-02    0.000000000000E+00
    1.105615323400E-01
    0.000000000000E+00    8.308052849603E-02    2.062643891446E-02
   -8.308052849603E-02    0.000000000000E+00    3.814732693051E-02
   -2.062643891446E-02   -3.814732693051E-02    0.000000000000E+00
    1.153162858811E-01
    0.000000000000E+00    8.318741221205E-02    2.064695292886E-02
   -8.318741221205E-02    0.000000000000E+00    3.815309792149E-02
   -2.064695292886E-02   -3.815309792149E-02    0.000000000000E+00
    1.201711394967E-01
    0.000000000000E+00    8.329663798482E-02    2.066792016256E-02
   -8.329663798482E-02    0.000000000000E+00    3.815896058665E-02
   -2.066792016256E-02   -3.815896058665E-02    0.000000000000E+00
    1.251260931869E-01
    0.000000000000E+00    8.340821117167E-02    2.068934194595E-02
   -8.340821117167E-02    0.000000000000E+00    3.816491299116E-02
   -2.068934194595E-02   -3.816491299116E-02    0.000000000000E+00
    1.301811469517E-01
    0.000000000000E+00    8.352213719722E-02    2.071121963628E-02
   -8.352213719722E-02    0.000000000000E+00    3.817095315294E-02
   -2.071121963628E-02   -3.817095315294E-02    0.000000000000E+00
    1.353363007910E-01
    0.000000000000E+00    8.363842155025E-02    2.073355461760E-02
   -8.363842155025E-02    0.000000000000E+00    3.817707904223E-02
   -2.073355461760E-02   -3.817707904223E-02    0.000000000000E+00
    1.405915547048E-01
    0.000000000000E+00    8.375706978043E-02    2.075634830067E-02
   -8.375706978043E-02    0.000000000000E+00    3.818328858109E-02
   -2.075634830067E-02   -3.818328858109E-02    0.000000000000E+00
    1.459469086932E-01
    0.000000000000E+00    8.387808749492E-02    2.077960212287E-02
   -8.387808749492E-02    0.000000000000E+00    3.818957964300E-02
   -2.077960212287E-02   -3.818957964300E-02    0.000000000000E+00
    1.514023627562E-01
    0.000000000000E+00    8.400148035485E-02    2.080331754817E-02
   -8.400148035485E-02    0.000000000000E+00    3.819595005230E-02
   -2.080331754817E-02   -3.819595005230E-02    0.000000000000E+00
    1.569579168937E-01
    0.000000000000E+00    8.412725407167E-02    2.082749606700E-02
   -8.412725407167E-02    0.000000000000E+00    3.820239758376E-02
   -2.082749606700E-02   -3.820239758376E-02    0.000000000000E+00
    1.626135711057E-01
    0.000000000000E+00    8.425541440337E-02    2.085213919620E-02
   -8.425541440337E-02    0.000000000000E+00    3.820891996207E-02
   -2.085213919620E-02   -3.820891996207E-02    0.000000000000E+00
    1.683693253923E-01
    0.000000000000E+00    8.438596715058E-02    2.087724847889E-02
   -8.438596715058E-02    0.000000000000E+00    3.821551486131E-02
   -2.087724847889E-02   -3.821551486131E-02    0.000000000000E+00
    1.742251797535E-01
    0.000000000000E+00    8.451891815246E-02    2.090282548436E-02
   -8.451891815246E-02    0.000000000000E+00    3.822217990447E-02
   -2.090282548436E-02   -3.822217990447E-02    0.000000000000E+00
    1.801811341892E-01
    0.000000000000E+00    8.465427328256E-02    2.092887180801E-02
   -8.465427328256E-02    0.000000000000E+00    3.822891266290E-02
   -2.092887180801E-02   -3.822891266290E-02    0.000000000000E+00
    1.862371886994E-01
    0.000000000000E+00    8.479203844441E-02    2.095538907120E-02
   -8.479203844441E-02    0.000000000000E+00    3.823571065577E-02
   -2.095538907120E-02   -3.823571065577E-02    0.000000000000E+00
    1.923933432842E-01
    0.000000000000E+00    8.493221956704E-02    2.098237892114E-02
   -8.493221956704E-02    0.000000000000E+00    3.824257134958E-02
   -2.098237892114E-02   -3.824257134958E-02    0.000000000000E+00
    1.986495979435E-01
    0.000000000000E+00    8.507482260028E-02    2.100984303074E-02
   -8.507482260028E-02    0.000000000000E+00    3.824949215753E-02
   -2.100984303074E-02   -3.824949215753E-02    0.000000000000E+00
    2.050059526774E-01
    0.000000000000E+00    8.521985350997E-02    2.103778309851E-02
   -8.521985350997E-02    0.000000000000E+00    3.825647043904E-02
   -2.103778309851E-02   -3.825647043904E-02    0.000000000000E+00
    2.114624074859E-01
    0.000000000000E+00    8.536731827293E-02    2.106620084839E-02
   -8.536731827293E-02    0.000000000000E+00    3.826350349912E-02
   -2.106620084839E-02   -3.826350349912E-02    0.000000000000E+00
    2.180189623689E-01
    0.000000000000E+00    8.551722287176E-02    2.109509802960E-02
   -8.551722287176E-02    0.000000000000E+00    3.827058858783E-02
   -2.109509802960E-02   -3.827058858783E-02    0.000000000000E+00
    2.246756173264E-01
    0.000000000000E+00    8.566957328953E-02    2.112447641651E-02
   -8.566957328953E-02    0.000000000000E+00    3.827772289969E-02
   -2.112447641651E-02   -3.827772289969E-02    0.000000000000E+00
    2.314323723585E-01
    0.000000000000E+00    8.582437550423E-02    2.115433780842E-02
   -8.582437550423E-02    0.000000000000E+00    3.828490357307E-02
   -2.115433780842E-02   -3.828490357307E-02    0.000000000000E+00
    2.382892274652E-01
    0.000000000000E+00    8.598163548301E-02    2.118468402942E-02
   -8.598163548301E-02    0.000000000000E+00    3.829212768959E-02
   -2.118468402942E-02   -3.829212768959E-02    0.000000000000E+00
    2.452461826464E-01
    0.000000000000E+00    8.614135917627E-02    2.121551692819E-02
   -8.614135917627E-02    0.000000000000E+00    3.829939227355E-02
   -2.121551692819E-02   -3.829939227355E-02    0.000000000000E+00
    2.523032379021E-01
    0.000000000000E+00    8.630355251155E-02    2.124683837781E-02
   -8.630355251155E-02    0.000000000000E+00    3.830669429126E-02
   -2.124683837781E-02   -3.830669429126E-02    0.000000000000E+00
    2.594603932324E-01
    0.000000000000E+00    8.646822138719E-02    2.127865027553E-02
   -8.646822138719E-02    0.000000000000E+00    3.831403065042E-02
   -2.127865027553E-02   -3.831403065042E-02    0.000000000000E+00
    2.667176486372E-01
    0.000000000000E+00    8.663537166575E-02    2.131095454260E-02
   -8.663537166575E-02    0.000000000000E+00    3.832139819954E-02
   -2.131095454260E-02   -3.832139819954E-02    0.000000000000E+00
    2.740750041166E-01
    0.000000000000E+00    8.680500916731E-02    2.134375312396E-02
   -8.680500916731E-02    0.000000000000E+00    3.832879372722E-02
   -2.134375312396E-02   -3.832879372722E-02    0.000000000000E+00
    2.815324596706E-01
    0.000000000000E+00    8.697713966243E-02    2.137704798811E-02
   -8.697713966243E-02    0.000000000000E+00    3.833621396156E-02
   -2.137704798811E-02   -3.833621396156E-02    0.000000000000E+00
    2.890900152990E-01
    0.000000000000E+00    8.715176886493E-02    2.141084112674E-02
   -8.715176886493E-02    0.000000000000E+00    3.834365556949E-02
   -2.141084112674E-02   -3.834365556949E-02    0.000000000000E+00
    2.967476710021E-01
    0.000000000000E+00    8.732890242446E-02    2.144513455454E-02
   -8.732890242446E-02    0.000000000000E+00    3.835111515609E-02
   -2.144513455454E-02   -3.835111515609E-02    0.000000000000E+00
    3.045054267797E-01
    0.000000000000E+00    8.750854591880E-02    2.147993030892E-02
   -8.750854591880E-02    0.000000000000E+00    3.835858926392E-02
   -2.147993030892E-02   -3.835858926392E-02    0.000000000000E+00
    3.123632826318E-01
    0.000000000000E+00    8.769070484586E-02    2.151523044968E-02
   -8.769070484586E-02    0.000000000000E+00    3.836607437237E-02
   -2.151523044968E-02   -3.836607437237E-02    0.000000000000E+00
    3.203212385585E-01
    0.000000000000E+00    8.787538461551E-02    2.155103705874E-02
   -8.787538461551E-02    0.000000000000E+00    3.837356689694E-02
   -2.155103705874E-02   -3.837356689694E-02    0.000000000000E+00
    3.283792945597E-01
    0.000000000000E+00    8.806259054110E-02    2.158735223979E-02
   -8.806259054110E-02    0.000000000000E+00    3.838106318857E-02
   -2.158735223979E-02   -3.838106318857E-02    0.000000000000E+00
    3.365374506355E-01
    0.000000000000E+00    8.825232783071E-02    2.162417811798E-02
   -8.825232783071E-02    0.000000000000E+00    3.838855953294E-02
   -2.162417811798E-02   -3.838855953294E-02    0.000000000000E+00
    3.447957067859E-01
    0.000000000000E+00    8.844460157808E-02    2.166151683958E-02
   -8.844460157808E-02    0.000000000000E+00    3.839605214975E-02
   -2.166151683958E-02   -3.839605214975E-02    0.000000000000E+00
    3.531540630107E-01
    0.000000000000E+00    8.863941675338E-02    2.169937057157E-02
   -8.863941675338E-02    0.000000000000E+00    3.840353719205E-02
   -2.169937057157E-02   -3.840353719205E-02    0.000000000000E+00
    3.616125193102E-01
    0.000000000000E+00    8.883677819351E-02    2.173774150130E-02
   -8.883677819351E-02    0.000000000000E+00    3.841101074546E-02
   -2.173774150130E-02   -3.841101074546E-02    0.000000000000E+00
    3.701710756842E-01
    0.000000000000E+00    8.903669059226E-02    2.177663183609E-02
   -8.903669059226E-02    0.000000000000E+00    3.841846882752E-02
   -2.177663183609E-02   -3.841846882752E-02    0.000000000000E+00
    3.788297321327E-01
    0.000000000000E+00    8.923915849004E-02    2.181604380277E-02
   -8.923915849004E-02    0.000000000000E+00    3.842590738692E-02
   -2.181604380277E-02   -3.842590738692E-02    0.000000000000E+00
    3.875884886558E-01
    0.000000000000E+00    8.944418626339E-02    2.185597964731E-02
   -8.944418626339E-02    0.000000000000E+00    3.843332230278E-02
   -2.185597964731E-02   -3.843332230278E-02    0.000000000000E+00
    3.964473452534E-01
    0.000000000000E+00    8.965177811404E-02    2.189644163430E-02
   -8.965177811404E-02    0.000000000000E+00    3.844070938392E-02
   -2.189644163430E-02   -3.844070938392E-02    0.000000000000E+00
    4.054063019256E-01
    0.000000000000E+00    8.986193805781E-02    2.193743204653E-02
   -8.986193805781E-02    0.000000000000E+00    3.844806436811E-02
   -2.193743204653E-02   -3.844806436811E-02    0.000000000000E+00
    4.144653586723E-01
    0.000000000000E+00    9.007466991299E-02    2.197895318446E-02
   -9.007466991299E-02    0.000000000000E+00    3.845538292134E-02
   -2.197895318446E-02   -3.845538292134E-02    0.000000000000E+00
    4.236245154936E-01
    0.000000000000E+00    9.028997728846E-02    2.202100736574E-02
   -9.028997728846E-02    0.000000000000E+00    3.846266063706E-02
   -2.202100736574E-02   -3.846266063706E-02    0.000000000000E+00
    4.328837723894E-01
    0.000000000000E+00    9.050786357150E-02    2.206359692464E-02
   -9.050786357150E-02    0.000000000000E+00    3.846989303545E-02
   -2.206359692464E-02   -3.846989303545E-02    0.000000000000E+00
    4.422431293598E-01
    0.000000000000E+00    9.072833191508E-02    2.210672421151E-02
   -9.072833191508E-02    0.000000000000E+00    3.847707556265E-02
   -2.210672421151E-02   -3.847707556265E-02    0.000000000000E+00
    4.517025864048E-01
    0.000000000000E+00    9.095138522493E-02    2.215039159221E-02
   -9.095138522493E-02    0.000000000000E+00    3.848420359000E-02
   -2.215039159221E-02   -3.848420359000E-02    0.000000000000E+00
    4.612621435242E-01
    0.000000000000E+00    9.117702614616E-02    2.219460144746E-02
   -9.117702614616E-02    0.000000000000E+00    3.849127241332E-02
   -2.219460144746E-02   -3.849127241332E-02    0.000000000000E+00
    4.709218007183E-01
    0.000000000000E+00    9.140525704942E-02    2.223935617228E-02
   -9.140525704942E-02    0.000000000000E+00    3.849827725211E-02
   -2.223935617228E-02   -3.849827725211E-02    0.000000000000E+00
    4.806815579868E-01
    0.000000000000E+00    9.163608001681E-02    2.228465817527E-02
   -9.163608001681E-02    0.000000000000E+00    3.850521324881E-02
   -2.228465817527E-02   -3.850521324881E-02    0.000000000000E+00
    4.905414153300E-01
    0.000000000000E+00    9.186949682721E-02    2.233050987797E-02
   -9.186949682721E-02    0.000000000000E+00    3.851207546804E-02
   -2.233050987797E-02   -3.851207546804E-02    0.000000000000E+00
    5.005013727477E-01
    0.000000000000E+00    9.210550894133E-02    2.237691371415E-02
   -9.210550894133E-02    0.000000000000E+00    3.851885889585E-02
   -2.237691371415E-02   -3.851885889585E-02    0.000000000000E+00
    5.105614302399E-01
    0.000000000000E+00    9.234411748622E-02    2.242387212906E-02
   -9.234411748622E-02    0.000000000000E+00    3.852555843895E-02
   -2.242387212906E-02   -3.852555843895E-02    0.000000000000E+00
    5.207215878067E-01
    0.000000000000E+00    9.258532323943E-02    2.247138757864E-02
   -9.258532323943E-02    0.000000000000E+00    3.853216892395E-02
   -2.247138757864E-02   -3.853216892395E-02    0.000000000000E+00
    5.309818454480E-01
    0.000000000000E+00    9.282912661263E-02    2.251946252882E-02
   -9.282912661263E-02    0.000000000000E+00    3.853868509662E-02
   -2.251946252882E-02   -3.853868509662E-02    0.000000000000E+00
    5.413422031639E-01
    0.000000000000E+00    9.307552763487E-02    2.256809945459E-02
   -9.307552763487E-02    0.000000000000E+00    3.854510162112E-02
   -2.256809945459E-02   -3.854510162112E-02    0.000000000000E+00
    5.518026609543E-01
    0.000000000000E+00    9.332452593529E-02    2.261730083920E-02
   -9.332452593529E-02    0.000000000000E+00    3.855141307926E-02
   -2.261730083920E-02   -3.855141307926E-02    0.000000000000E+00
    5.623632188193E-01
    0.000000000000E+00    9.357612072540E-02    2.266706917328E-02
   -9.357612072540E-02    0.000000000000E+00    3.855761396978E-02
   -2.266706917328E-02   -3.855761396978E-02    0.000000000000E+00
    5.730238767588E-01
    0.000000000000E+00    9.383031078084E-02    2.271740695389E-02
   -9.383031078084E-02    0.000000000000E+00    3.856369870756E-02
   -2.271740695389E-02   -3.856369870756E-02    0.000000000000E+00
    5.837846347729E-01
    0.000000000000E+00    9.408709442272E-02    2.276831668361E-02
   -9.408709442272E-02    0.000000000000E+00    3.856966162290E-02
   -2.276831668361E-02   -3.856966162290E-02    0.000000000000E+00
    5.946454928615E-01
    0.000000000000E+00    9.434646949832E-02    2.281980086948E-02
   -9.434646949832E-02    0.000000000000E+00    3.857549696083E-02
   -2.281980086948E-02   -3.857549696083E-02    0.000000000000E+00
    6.056064510247E-01
    0.000000000000E+00    9.460843336144E-02    2.287186202205E-02
   -9.460843336144E-02    0.000000000000E+00    3.858119888032E-02
   -2.287186202205E-02   -3.858119888032E-02    0.000000000000E+00
    6.166675092624E-01
    0.000000000000E+00    9.487298285208E-02    2.292450265429E-02
   -9.487298285208E-02    0.000000000000E+00    3.858676145365E-02
   -2.292450265429E-02   -3.858676145365E-02    0.000000000000E+00
    6.278286675747E-01
    0.000000000000E+00    9.514011427571E-02    2.297772528047E-02
   -9.514011427571E-02    0.000000000000E+00    3.859217866561E-02
   -2.297772528047E-02   -3.859217866561E-02    0.000000000000E+00
    6.390899259615E-01
    0.000000000000E+00    9.540982338189E-02    2.303153241505E-02
   -9.540982338189E-02    0.000000000000E+00    3.859744441287E-02
   -2.303153241505E-02   -3.859744441287E-02    0.000000000000E+00
    6.504512844229E-01
    0.000000000000E+00    9.568210534246E-02    2.308592657149E-02
   -9.568210534246E-02    0.000000000000E+00    3.860255250327E-02
   -2.308592657149E-02   -3.860255250327E-02    0.000000000000E+00
    6.619127429588E-01
    0.000000000000E+00    9.595695472908E-02    2.314091026102E-02
   -9.595695472908E-02    0.000000000000E+00    3.860749665515E-02
   -2.314091026102E-02   -3.860749665515E-02    0.000000000000E+00
    6.734743015692E-01
    0.000000000000E+00    9.623436549020E-02    2.319648599141E-02
   -9.623436549020E-02    0.000000000000E+00    3.861227049670E-02
   -2.319648599141E-02   -3.861227049670E-02    0.000000000000E+00
    6.851359602543E-01
    0.000000000000E+00    9.651433092759E-02    2.325265626560E-02
   -9.651433092759E-02    0.000000000000E+00    3.861686756526E-02
   -2.325265626560E-02   -3.861686756526E-02    0.000000000000E+00
    6.968977190138E-01
    0.000000000000E+00    9.679684367210E-02    2.330942358044E-02
   -9.679684367210E-02    0.000000000000E+00    3.862128130677E-02
   -2.330942358044E-02   -3.862128130677E-02    0.000000000000E+00
    7.087595778480E-01
    0.000000000000E+00    9.708189565901E-02    2.336679042520E-02
   -9.708189565901E-02    0.000000000000E+00    3.862550507508E-02
   -2.336679042520E-02   -3.862550507508E-02    0.000000000000E+00
    7.207215367566E-01
    0.000000000000E+00    9.736947810263E-02    2.342475928020E-02
   -9.736947810263E-02    0.000000000000E+00    3.862953213137E-02
   -2.342475928020E-02   -3.862953213137E-02    0.000000000000E+00
    7.327835957398E-01
    0.000000000000E+00    9.765958147044E-02    2.348333261526E-02
   -9.765958147044E-02    0.000000000000E+00    3.863335564359E-02
   -2.348333261526E-02   -3.863335564359E-02    0.000000000000E+00
    7.449457547976E-01
    0.000000000000E+00    9.795219545654E-02    2.354251288821E-02
   -9.795219545654E-02    0.000000000000E+00    3.863696868588E-02
   -2.354251288821E-02   -3.863696868588E-02    0.000000000000E+00
    7.572080139299E-01
    0.000000000000E+00    9.824730895448E-02    2.360230254326E-02
   -9.824730895448E-02    0.000000000000E+00    3.864036423801E-02
   -2.360230254326E-02   -3.864036423801E-02    0.000000000000E+00
    7.695703731368E-01
    0.000000000000E+00    9.854491002955E-02    2.366270400938E-02
   -9.854491002955E-02    0.000000000000E+00    3.864353518489E-02
   -2.366270400938E-02   -3.864353518489E-02    0.000000000000E+00
    7.820328324182E-01
    0.000000000000E+00    9.884498589035E-02    2.372371969859E-02
   -9.884498589035E-02    0.000000000000E+00    3.864647431605E-02
   -2.372371969859E-02   -3.864647431605E-02    0.000000000000E+00
    7.945953917742E-01
    0.000000000000E+00    9.914752285984E-02    2.378535200421E-02
   -9.914752285984E-02    0.000000000000E+00    3.864917432520E-02
   -2.378535200421E-02   -3.864917432520E-02    0.000000000000E+00
    8.072580512047E-01
    0.000000000000E+00    9.945250634565E-02    2.384760329905E-02
   -9.945250634565E-02    0.000000000000E+00    3.865162780974E-02
   -2.384760329905E-02   -3.865162780974E-02    0.000000000000E+00
    8.200208107098E-01
    0.000000000000E+00    9.975992080986E-02    2.391047593358E-02
   -9.975992080986E-02    0.000000000000E+00    3.865382727038E-02
   -2.391047593358E-02   -3.865382727038E-02    0.000000000000E+00
    8.328836702894E-01
    0.000000000000E+00    1.000697497381E-01    2.397397223394E-02
   -1.000697497381E-01    0.000000000000E+00    3.865576511075E-02
   -2.397397223394E-02   -3.865576511075E-02    0.000000000000E+00
    8.458466299435E-01
    0.000000000000E+00    1.003819756079E-01    2.403809450003E-02
   -1.003819756079E-01    0.000000000000E+00    3.865743363702E-02
   -2.403809450003E-02   -3.865743363702E-02    0.000000000000E+00
    8.589096896722E-01
    0.000000000000E+00    1.006965798568E-01    2.410284500344E-02
   -1.006965798568E-01    0.000000000000E+00    3.865882505761E-02
   -2.410284500344E-02   -3.865882505761E-02    0.000000000000E+00
    8.720728494755E-01
    0.000000000000E+00    1.010135428492E-01    2.416822598533E-02
   -1.010135428492E-01    0.000000000000E+00    3.865993148288E-02
   -2.416822598533E-02   -3.865993148288E-02    0.000000000000E+00
    8.853361093533E-01
    0.000000000000E+00    1.013328438432E-01    2.423423965430E-02
   -1.013328438432E-01    0.000000000000E+00    3.866074492490E-02
   -2.423423965430E-02   -3.866074492490E-02    0.000000000000E+00
    8.986994693057E-01
    0.000000000000E+00    1.016544609565E-01    2.430088818411E-02
   -1.016544609565E-01    0.000000000000E+00    3.866125729722E-02
   -2.430088818411E-02   -3.866125729722E-02    0.000000000000E+00
    9.121629293326E-01
    0.000000000000E+00    1.019783711314E-01    2.436817371144E-02
   -1.019783711314E-01    0.000000000000E+00    3.866146041472E-02
   -2.436817371144E-02   -3.866146041472E-02    0.000000000000E+00
    9.257264894341E-01
    0.000000000000E+00    1.023045501000E-01    2.443609833348E-02
   -1.023045501000E-01    0.000000000000E+00    3.866134599346E-02
   -2.443609833348E-02   -3.866134599346E-02    0.000000000000E+00
    9.393901496101E-01
    0.000000000000E+00    1.026329723480E-01    2.450466410553E-02
   -1.026329723480E-01    0.000000000000E+00    3.866090565062E-02
   -2.450466410553E-02   -3.866090565062E-02    0.000000000000E+00
    9.531539098606E-01
    0.000000000000E+00    1.029636110781E-01    2.457387303847E-02
   -1.029636110781E-01    0.000000000000E+00    3.866013090446E-02
   -2.457387303847E-02   -3.866013090446E-02    0.000000000000E+00
    9.670177701857E-01
    0.000000000000E+00    1.032964381728E-01    2.464372709622E-02
   -1.032964381728E-01    0.000000000000E+00    3.865901317432E-02
   -2.464372709622E-02   -3.865901317432E-02    0.000000000000E+00
    9.809817305854E-01
    0.000000000000E+00    1.036314241573E-01    2.471422819307E-02
   -1.036314241573E-01    0.000000000000E+00    3.865754378070E-02
   -2.471422819307E-02   -3.865754378070E-02    0.000000000000E+00
    9.950457910596E-01
    0.000000000000E+00    1.039685381603E-01    2.478537819098E-02
   -1.039685381603E-01    0.000000000000E+00    3.865571394539E-02
   -2.478537819098E-02   -3.865571394539E-02    0.000000000000E+00
    1.009209951608E+00
    0.000000000000E+00    1.043077478759E-01    2.485717889676E-02
   -1.043077478759E-01    0.000000000000E+00    3.865351479162E-02
   -2.485717889676E-02   -3.865351479162E-02    0.000000000000E+00
    1.023474212232E+00
    0.000000000000E+00    1.046490195239E-01    2.492963205926E-02
   -1.046490195239E-01    0.000000000000E+00    3.865093734431E-02
   -2.492963205926E-02   -3.865093734431E-02    0.000000000000E+00
    1.037838572930E+00
    0.000000000000E+00    1.049923178097E-01    2.500273936635E-02
   -1.049923178097E-01    0.000000000000E+00    3.864797253037E-02
   -2.500273936635E-02   -3.864797253037E-02    0.000000000000E+00
    1.052303033702E+00
    0.000000000000E+00    1.053376058842E-01    2.507650244198E-02
   -1.053376058842E-01    0.000000000000E+00    3.864461117905E-02
   -2.507650244198E-02   -3.864461117905E-02    0.000000000000E+00
    1.066867594549E+00
    0.000000000000E+00    1.056848453028E-01    2.515092284303E-02
   -1.056848453028E-01    0.000000000000E+00    3.864084402237E-02
   -2.515092284303E-02   -3.864084402237E-02    0.000000000000E+00
    1.081532255470E+00
    0.000000000000E+00    1.060339959837E-01    2.522600205612E-02
   -1.060339959837E-01    0.000000000000E+00    3.863666169564E-02
   -2.522600205612E-02   -3.863666169564E-02    0.000000000000E+00
    1.096297016466E+00
    0.000000000000E+00    1.063850161667E-01    2.530174149440E-02
   -1.063850161667E-01    0.000000000000E+00    3.863205473798E-02
   -2.530174149440E-02   -3.863205473798E-02    0.000000000000E+00
    1.111161877537E+00
    0.000000000000E+00    1.067378623702E-01    2.537814249417E-02
   -1.067378623702E-01    0.000000000000E+00    3.862701359300E-02
   -2.537814249417E-02   -3.862701359300E-02    0.000000000000E+00
    1.126126838682E+00
    0.000000000000E+00    1.070924893493E-01    2.545520631149E-02
   -1.070924893493E-01    0.000000000000E+00    3.862152860950E-02
   -2.545520631149E-02   -3.862152860950E-02    0.000000000000E+00
    1.141191899902E+00
    0.000000000000E+00    1.074488500523E-01    2.553293411861E-02
   -1.074488500523E-01    0.000000000000E+00    3.861559004230E-02
   -2.553293411861E-02   -3.861559004230E-02    0.000000000000E+00
    1.156357061196E+00
    0.000000000000E+00    1.078068955777E-01    2.561132700048E-02
   -1.078068955777E-01    0.000000000000E+00    3.860918805308E-02
   -2.561132700048E-02   -3.860918805308E-02    0.000000000000E+00
    1.171622322565E+00
    0.000000000000E+00    1.081665751306E-01    2.569038595096E-02
   -1.081665751306E-01    0.000000000000E+00    3.860231271141E-02
   -2.569038595096E-02   -3.860231271141E-02    0.000000000000E+00
    1.186987684008E+00
    0.000000000000E+00    1.085278359790E-01    2.577011186917E-02
   -1.085278359790E-01    0.000000000000E+00    3.859495399573E-02
   -2.577011186917E-02   -3.859495399573E-02    0.000000000000E+00
    1.202453145526E+00
    0.000000000000E+00    1.088906234096E-01    2.585050555556E-02
   -1.088906234096E-01    0.000000000000E+00    3.858710179459E-02
   -2.585050555556E-02   -3.858710179459E-02    0.000000000000E+00
    1.218018707119E+00
    0.000000000000E+00    1.092548806839E-01    2.593156770803E-02
   -1.092548806839E-01    0.000000000000E+00    3.857874590786E-02
   -2.593156770803E-02   -3.857874590786E-02    0.000000000000E+00
    1.233684368786E+00
    0.000000000000E+00    1.096205489938E-01    2.601329891789E-02
   -1.096205489938E-01    0.000000000000E+00    3.856987604804E-02
   -2.601329891789E-02   -3.856987604804E-02    0.000000000000E+00
    1.249450130527E+00
    0.000000000000E+00    1.099875674178E-01    2.609569966576E-02
   -1.099875674178E-01    0.000000000000E+00    3.856048184181E-02
   -2.609569966576E-02   -3.856048184181E-02    0.000000000000E+00
    1.265315992343E+00
    0.000000000000E+00    1.103558728762E-01    2.617877031740E-02
   -1.103558728762E-01    0.000000000000E+00    3.855055283148E-02
   -2.617877031740E-02   -3.855055283148E-02    0.000000000000E+00
    1.281281954234E+00
    0.000000000000E+00    1.107254000874E-01    2.626251111940E-02
   -1.107254000874E-01    0.000000000000E+00    3.854007847675E-02
   -2.626251111940E-02   -3.854007847675E-02    0.000000000000E+00
    1.297348016199E+00
    0.000000000000E+00    1.110960815236E-01    2.634692219483E-02
   -1.110960815236E-01    0.000000000000E+00    3.852904815640E-02
   -2.634692219483E-02   -3.852904815640E-02    0.000000000000E+00
    1.313514178239E+00
    0.000000000000E+00    1.114678473674E-01    2.643200353881E-02
   -1.114678473674E-01    0.000000000000E+00    3.851745117029E-02
   -2.643200353881E-02   -3.851745117029E-02    0.000000000000E+00
    1.329780440353E+00
    0.000000000000E+00    1.118406254679E-01    2.651775501397E-02
   -1.118406254679E-01    0.000000000000E+00    3.850527674128E-02
   -2.651775501397E-02   -3.850527674128E-02    0.000000000000E+00
    1.346146802542E+00
    0.000000000000E+00    1.122143412980E-01    2.660417634578E-02
   -1.122143412980E-01    0.000000000000E+00    3.849251401743E-02
   -2.660417634578E-02   -3.849251401743E-02    0.000000000000E+00
    1.362613264805E+00
    0.000000000000E+00    1.125889179113E-01    2.669126711793E-02
   -1.125889179113E-01    0.000000000000E+00    3.847915207422E-02
   -2.669126711793E-02   -3.847915207422E-02    0.000000000000E+00
    1.379179827143E+00
    0.000000000000E+00    1.129642759000E-01    2.677902676749E-02
   -1.129642759000E-01    0.000000000000E+00    3.846517991702E-02
   -2.677902676749E-02   -3.846517991702E-02    0.000000000000E+00
    1.395846489556E+00
    0.000000000000E+00    1.133403333538E-01    2.686745458003E-02
   -1.133403333538E-01    0.000000000000E+00    3.845058648351E-02
   -2.686745458003E-02   -3.845058648351E-02    0.000000000000E+00
    1.412613252043E+00
    0.000000000000E+00    1.137170058185E-01    2.695654968471E-02
   -1.137170058185E-01    0.000000000000E+00    3.843536064647E-02
   -2.695654968471E-02   -3.843536064647E-02    0.000000000000E+00
    1.429480114605E+00
    0.000000000000E+00    1.140942062562E-01    2.704631104922E-02
   -1.140942062562E-01    0.000000000000E+00    3.841949121648E-02
   -2.704631104922E-02   -3.841949121648E-02    0.000000000000E+00
    1.446447077241E+00
    0.000000000000E+00    1.144718450062E-01    2.713673747469E-02
   -1.144718450062E-01    0.000000000000E+00    3.840296694493E-02
   -2.713673747469E-02   -3.840296694493E-02    0.000000000000E+00
    1.463514139951E+00
    0.000000000000E+00    1.148498297466E-01    2.722782759048E-02
   -1.148498297466E-01    0.000000000000E+00    3.838577652712E-02
   -2.722782759048E-02   -3.838577652712E-02    0.000000000000E+00
    1.480681302737E+00
    0.000000000000E+00    1.152280654577E-01    2.731957984893E-02
   -1.152280654577E-01    0.000000000000E+00    3.836790860549E-02
   -2.731957984893E-02   -3.836790860549E-02    0.000000000000E+00
    1.497948565596E+00
    0.000000000000E+00    1.156064543859E-01    2.741199252004E-02
   -1.156064543859E-01    0.000000000000E+00    3.834935177302E-02
   -2.741199252004E-02   -3.834935177302E-02    0.000000000000E+00
    1.515315928531E+00
    0.000000000000E+00    1.159848960092E-01    2.750506368605E-02
   -1.159848960092E-01    0.000000000000E+00    3.833009457681E-02
   -2.750506368605E-02   -3.833009457681E-02    0.000000000000E+00
    1.532783391540E+00
    0.000000000000E+00    1.163632870045E-01    2.759879123599E-02
   -1.163632870045E-01    0.000000000000E+00    3.831012552180E-02
   -2.759879123599E-02   -3.831012552180E-02    0.000000000000E+00
    1.550350954623E+00
    0.000000000000E+00    1.167415212161E-01    2.769317286013E-02
   -1.167415212161E-01    0.000000000000E+00    3.828943307465E-02
   -2.769317286013E-02   -3.828943307465E-02    0.000000000000E+00
    1.568018617781E+00
    0.000000000000E+00    1.171194896259E-01    2.778820604436E-02
   -1.171194896259E-01    0.000000000000E+00    3.826800566780E-02
   -2.778820604436E-02   -3.826800566780E-02    0.000000000000E+00
    1.585786381014E+00
    0.000000000000E+00    1.174970803259E-01    2.788388806461E-02
   -1.174970803259E-01    0.000000000000E+00    3.824583170369E-02
   -2.788388806461E-02   -3.824583170369E-02    0.000000000000E+00
    1.603654244321E+00
    0.000000000000E+00    1.178741784921E-01    2.798021598108E-02
   -1.178741784921E-01    0.000000000000E+00    3.822289955917E-02
   -2.798021598108E-02   -3.822289955917E-02    0.000000000000E+00
    1.621622207702E+00
    0.000000000000E+00    1.182506663614E-01    2.807718663249E-02
   -1.182506663614E-01    0.000000000000E+00    3.819919759004E-02
   -2.807718663249E-02   -3.819919759004E-02    0.000000000000E+00
    1.639690271159E+00
    0.000000000000E+00    1.186264232095E-01    2.817479663033E-02
   -1.186264232095E-01    0.000000000000E+00    3.817471413584E-02
   -2.817479663033E-02   -3.817471413584E-02    0.000000000000E+00
    1.657858434689E+00
    0.000000000000E+00    1.190013253329E-01    2.827304235294E-02
   -1.190013253329E-01    0.000000000000E+00    3.814943752477E-02
   -2.827304235294E-02   -3.814943752477E-02    0.000000000000E+00
    1.676126698295E+00
    0.000000000000E+00    1.193752460320E-01    2.837191993969E-02
   -1.193752460320E-01    0.000000000000E+00    3.812335607879E-02
   -2.837191993969E-02   -3.812335607879E-02    0.000000000000E+00
    1.694495061974E+00
    0.000000000000E+00    1.197480555977E-01    2.847142528506E-02
   -1.197480555977E-01    0.000000000000E+00    3.809645811896E-02
   -2.847142528506E-02   -3.809645811896E-02    0.000000000000E+00
    1.712963525729E+00
    0.000000000000E+00    1.201196213013E-01    2.857155403268E-02
   -1.201196213013E-01    0.000000000000E+00    3.806873197088E-02
   -2.857155403268E-02   -3.806873197088E-02    0.000000000000E+00
    1.731532089558E+00
    0.000000000000E+00    1.204898073864E-01    2.867230156939E-02
   -1.204898073864E-01    0.000000000000E+00    3.804016597039E-02
   -2.867230156939E-02   -3.804016597039E-02    0.000000000000E+00
    1.750200753461E+00
    0.000000000000E+00    1.208584750651E-01    2.877366301931E-02
   -1.208584750651E-01    0.000000000000E+00    3.801074846946E-02
   -2.877366301931E-02   -3.801074846946E-02    0.000000000000E+00
    1.768969517439E+00
    0.000000000000E+00    1.212254825173E-01    2.887563323779E-02
   -1.212254825173E-01    0.000000000000E+00    3.798046784222E-02
   -2.887563323779E-02   -3.798046784222E-02    0.000000000000E+00
    1.787838381492E+00
    0.000000000000E+00    1.215906848932E-01    2.897820680551E-02
   -1.215906848932E-01    0.000000000000E+00    3.794931249121E-02
   -2.897820680551E-02   -3.794931249121E-02    0.000000000000E+00
    1.806807345619E+00
    0.000000000000E+00    1.219539343203E-01    2.908137802245E-02
   -1.219539343203E-01    0.000000000000E+00    3.791727085385E-02
   -2.908137802245E-02   -3.791727085385E-02    0.000000000000E+00
    1.825876409821E+00
    0.000000000000E+00    1.223150799137E-01    2.918514090201E-02
   -1.223150799137E-01    0.000000000000E+00    3.788433140909E-02
   -2.918514090201E-02   -3.788433140909E-02    0.000000000000E+00
    1.845045574097E+00
    0.000000000000E+00    1.226739677913E-01    2.928948916500E-02
   -1.226739677913E-01    0.000000000000E+00    3.785048268420E-02
   -2.928948916500E-02   -3.785048268420E-02    0.000000000000E+00
    1.864314838448E+00
    0.000000000000E+00    1.230304410924E-01    2.939441623382E-02
   -1.230304410924E-01    0.000000000000E+00    3.781571326183E-02
   -2.939441623382E-02   -3.781571326183E-02    0.000000000000E+00
    1.883684202873E+00
    0.000000000000E+00    1.233843400018E-01    2.949991522654E-02
   -1.233843400018E-01    0.000000000000E+00    3.778001178723E-02
   -2.949991522654E-02   -3.778001178723E-02    0.000000000000E+00
    1.903153667373E+00
    0.000000000000E+00    1.237355017775E-01    2.960597895114E-02
   -1.237355017775E-01    0.000000000000E+00    3.774336697566E-02
   -2.960597895114E-02   -3.774336697566E-02    0.000000000000E+00
    1.922723231947E+00
    0.000000000000E+00    1.240837607846E-01    2.971259989972E-02
   -1.240837607846E-01    0.000000000000E+00    3.770576762001E-02
   -2.971259989972E-02   -3.770576762001E-02    0.000000000000E+00
    1.942392896596E+00
    0.000000000000E+00    1.244289485326E-01    2.981977024286E-02
   -1.244289485326E-01    0.000000000000E+00    3.766720259857E-02
   -2.981977024286E-02   -3.766720259857E-02    0.000000000000E+00
    1.962162661320E+00
    0.000000000000E+00    1.247708937197E-01    2.992748182396E-02
   -1.247708937197E-01    0.000000000000E+00    3.762766088304E-02
   -2.992748182396E-02   -3.762766088304E-02    0.000000000000E+00
    1.982032526118E+00
    0.000000000000E+00    1.251094222810E-01    3.003572615377E-02
   -1.251094222810E-01    0.000000000000E+00    3.758713154666E-02
   -3.003572615377E-02   -3.758713154666E-02    0.000000000000E+00
    2.002002490991E+00
    0.000000000000E+00    1.254443574431E-01    3.014449440497E-02
   -1.254443574431E-01    0.000000000000E+00    3.754560377261E-02
   -3.014449440497E-02   -3.754560377261E-02    0.000000000000E+00
    2.022072555938E+00
    0.000000000000E+00    1.257755197843E-01    3.025377740683E-02
   -1.257755197843E-01    0.000000000000E+00    3.750306686251E-02
   -3.025377740683E-02   -3.750306686251E-02    0.000000000000E+00
    2.042242720960E+00
    0.000000000000E+00    1.261027273001E-01    3.036356564004E-02
   -1.261027273001E-01    0.000000000000E+00    3.745951024510E-02
   -3.036356564004E-02   -3.745951024510E-02    0.000000000000E+00
    2.062512986056E+00
    0.000000000000E+00    1.264257954759E-01    3.047384923169E-02
   -1.264257954759E-01    0.000000000000E+00    3.741492348516E-02
   -3.047384923169E-02   -3.741492348516E-02    0.000000000000E+00
    2.082883351227E+00
    0.000000000000E+00    1.267445373648E-01    3.058461795029E-02
   -1.267445373648E-01    0.000000000000E+00    3.736929629251E-02
   -3.058461795029E-02   -3.736929629251E-02    0.000000000000E+00
    2.103353816472E+00
    0.000000000000E+00    1.270587636719E-01    3.069586120110E-02
   -1.270587636719E-01    0.000000000000E+00    3.732261853121E-02
   -3.069586120110E-02   -3.732261853121E-02    0.000000000000E+00
    2.123924381792E+00
    0.000000000000E+00    1.273682828459E-01    3.080756802149E-02
   -1.273682828459E-01    0.000000000000E+00    3.727488022891E-02
   -3.080756802149E-02   -3.727488022891E-02    0.000000000000E+00
    2.144595047186E+00
    0.000000000000E+00    1.276729011761E-01    3.091972707657E-02
   -1.276729011761E-01    0.000000000000E+00    3.722607158636E-02
   -3.091972707657E-02   -3.722607158636E-02    0.000000000000E+00
    2.165365812655E+00
    0.000000000000E+00    1.279724228970E-01    3.103232665498E-02
   -1.279724228970E-01    0.000000000000E+00    3.717618298701E-02
   -3.103232665498E-02   -3.717618298701E-02    0.000000000000E+00
    2.186236678199E+00
    0.000000000000E+00    1.282666502991E-01    3.114535466488E-02
   -1.282666502991E-01    0.000000000000E+00    3.712520500679E-02
   -3.114535466488E-02   -3.712520500679E-02    0.000000000000E+00
    2.207207643817E+00
    0.000000000000E+00    1.285553838472E-01    3.125879863021E-02
   -1.285553838472E-01    0.000000000000E+00    3.707312842398E-02
   -3.125879863021E-02   -3.707312842398E-02    0.000000000000E+00
    2.228278709510E+00
    0.000000000000E+00    1.288384223046E-01    3.137264568713E-02
   -1.288384223046E-01    0.000000000000E+00    3.701994422925E-02
   -3.137264568713E-02   -3.701994422925E-02    0.000000000000E+00
    2.249449875277E+00
    0.000000000000E+00    1.291155628659E-01    3.148688258073E-02
   -1.291155628659E-01    0.000000000000E+00    3.696564363568E-02
   -3.148688258073E-02   -3.696564363568E-02    0.000000000000E+00
    2.270721141119E+00
    0.000000000000E+00    1.293866012951E-01    3.160149566203E-02
   -1.293866012951E-01    0.000000000000E+00    3.691021808902E-02
   -3.160149566203E-02   -3.691021808902E-02    0.000000000000E+00
    2.292092507035E+00
    0.000000000000E+00    1.296513320722E-01    3.171647088519E-02
   -1.296513320722E-01    0.000000000000E+00    3.685365927794E-02
   -3.171647088519E-02   -3.685365927794E-02    0.000000000000E+00
    2.313563973026E+00
    0.000000000000E+00    1.299095485464E-01    3.183179380510E-02
   -1.299095485464E-01    0.000000000000E+00    3.679595914435E-02
   -3.183179380510E-02   -3.679595914435E-02    0.000000000000E+00
    2.335135539091E+00
    0.000000000000E+00    1.301610430957E-01    3.194744957519E-02
   -1.301610430957E-01    0.000000000000E+00    3.673710989383E-02
   -3.194744957519E-02   -3.673710989383E-02    0.000000000000E+00
    2.356807205231E+00
    0.000000000000E+00    1.304056072951E-01    3.206342294559E-02
   -1.304056072951E-01    0.000000000000E+00    3.667710400604E-02
   -3.206342294559E-02   -3.667710400604E-02    0.000000000000E+00
    2.378578971446E+00
    0.000000000000E+00    1.306430320904E-01    3.217969826168E-02
   -1.306430320904E-01    0.000000000000E+00    3.661593424521E-02
   -3.217969826168E-02   -3.661593424521E-02    0.000000000000E+00
    2.400450837735E+00
    0.000000000000E+00    1.308731079795E-01    3.229625946286E-02
   -1.308731079795E-01    0.000000000000E+00    3.655359367063E-02
   -3.229625946286E-02   -3.655359367063E-02    0.000000000000E+00
    2.422422804099E+00
    0.000000000000E+00    1.310956252010E-01    3.241309008180E-02
   -1.310956252010E-01    0.000000000000E+00    3.649007564712E-02
   -3.241309008180E-02   -3.649007564712E-02    0.000000000000E+00
    2.444494870537E+00
    0.000000000000E+00    1.313103739288E-01    3.253017324400E-02
   -1.313103739288E-01    0.000000000000E+00    3.642537385551E-02
   -3.253017324400E-02   -3.642537385551E-02    0.000000000000E+00
    2.466667037050E+00
    0.000000000000E+00    1.315171444739E-01    3.264749166771E-02
   -1.315171444739E-01    0.000000000000E+00    3.635948230307E-02
   -3.264749166771E-02   -3.635948230307E-02    0.000000000000E+00
    2.488939303637E+00
    0.000000000000E+00    1.317157274923E-01    3.276502766435E-02
   -1.317157274923E-01    0.000000000000E+00    3.629239533390E-02
   -3.276502766435E-02   -3.629239533390E-02    0.000000000000E+00
    2.511311670299E+00
    0.000000000000E+00    1.319059141994E-01    3.288276313922E-02
   -1.319059141994E-01    0.000000000000E+00    3.622410763930E-02
   -3.288276313922E-02   -3.622410763930E-02    0.000000000000E+00
    2.533784137035E+00
    0.000000000000E+00    1.320874965906E-01    3.300067959271E-02
   -1.320874965906E-01    0.000000000000E+00    3.615461426792E-02
   -3.300067959271E-02   -3.615461426792E-02    0.000000000000E+00
    2.556356703846E+00
    0.000000000000E+00    1.322602676673E-01    3.311875812191E-02
   -1.322602676673E-01    0.000000000000E+00    3.608391063598E-02
   -3.311875812191E-02   -3.608391063598E-02    0.000000000000E+00
    2.579029370731E+00
    0.000000000000E+00    1.324240216690E-01    3.323697942268E-02
   -1.324240216690E-01    0.000000000000E+00    3.601199253727E-02
   -3.323697942268E-02   -3.601199253727E-02    0.000000000000E+00
    2.601802137691E+00
    0.000000000000E+00    1.325785543102E-01    3.335532379214E-02
   -1.325785543102E-01    0.000000000000E+00    3.593885615298E-02
   -3.335532379214E-02   -3.593885615298E-02    0.000000000000E+00
    2.624675004726E+00
    0.000000000000E+00    1.327236630228E-01    3.347377113168E-02
   -1.327236630228E-01    0.000000000000E+00    3.586449806149E-02
   -3.347377113168E-02   -3.586449806149E-02    0.000000000000E+00
    2.647647971835E+00
    0.000000000000E+00    1.328591472027E-01    3.359230095041E-02
   -1.328591472027E-01    0.000000000000E+00    3.578891524783E-02
   -3.359230095041E-02   -3.578891524783E-02    0.000000000000E+00
    2.670721039019E+00
    0.000000000000E+00    1.329848084610E-01    3.371089236907E-02
   -1.329848084610E-01    0.000000000000E+00    3.571210511309E-02
   -3.371089236907E-02   -3.571210511309E-02    0.000000000000E+00
    2.693894206277E+00
    0.000000000000E+00    1.331004508787E-01    3.382952412450E-02
   -1.331004508787E-01    0.000000000000E+00    3.563406548347E-02
   -3.382952412450E-02   -3.563406548347E-02    0.000000000000E+00
    2.717167473610E+00
    0.000000000000E+00    1.332058812652E-01    3.394817457449E-02
   -1.332058812652E-01    0.000000000000E+00    3.555479461919E-02
   -3.394817457449E-02   -3.555479461919E-02    0.000000000000E+00
    2.740540841017E+00
    0.000000000000E+00    1.333009094197E-01    3.406682170328E-02
   -1.333009094197E-01    0.000000000000E+00    3.547429122307E-02
   -3.406682170328E-02   -3.547429122307E-02    0.000000000000E+00
    2.764014308499E+00
    0.000000000000E+00    1.333853483952E-01    3.418544312742E-02
   -1.333853483952E-01    0.000000000000E+00    3.539255444888E-02
   -3.418544312742E-02   -3.539255444888E-02    0.000000000000E+00
    2.787587876055E+00
    0.000000000000E+00    1.334590147641E-01    3.430401610227E-02
   -1.334590147641E-01    0.000000000000E+00    3.530958390933E-02
   -3.430401610227E-02   -3.530958390933E-02    0.000000000000E+00
    2.811261543686E+00
    0.000000000000E+00    1.335217288861E-01    3.442251752891E-02
   -1.335217288861E-01    0.000000000000E+00    3.522537968380E-02
   -3.442251752891E-02   -3.522537968380E-02    0.000000000000E+00
    2.835035311392E+00
    0.000000000000E+00    1.335733151763E-01    3.454092396162E-02
   -1.335733151763E-01    0.000000000000E+00    3.513994232560E-02
   -3.454092396162E-02   -3.513994232560E-02    0.000000000000E+00
    2.858909179172E+00
    0.000000000000E+00    1.336136023742E-01    3.465921161588E-02
   -1.336136023742E-01    0.000000000000E+00    3.505327286902E-02
   -3.465921161588E-02   -3.505327286902E-02    0.000000000000E+00
    2.882883147026E+00
    0.000000000000E+00    1.336424238122E-01    3.477735637686E-02
   -1.336424238122E-01    0.000000000000E+00    3.496537283588E-02
   -3.477735637686E-02   -3.496537283588E-02    0.000000000000E+00
    2.906957214956E+00
    0.000000000000E+00    1.336596176836E-01    3.489533380848E-02
   -1.336596176836E-01    0.000000000000E+00    3.487624424167E-02
   -3.489533380848E-02   -3.487624424167E-02    0.000000000000E+00
    2.931131382959E+00
    0.000000000000E+00    1.336650273089E-01    3.501311916286E-02
   -1.336650273089E-01    0.000000000000E+00    3.478588960133E-02
   -3.501311916286E-02   -3.478588960133E-02    0.000000000000E+00
    2.955405651038E+00
    0.000000000000E+00    1.336585014002E-01    3.513068739046E-02
   -1.336585014002E-01    0.000000000000E+00    3.469431193451E-02
   -3.513068739046E-02   -3.469431193451E-02    0.000000000000E+00
    2.979780019190E+00
    0.000000000000E+00    1.336398943229E-01    3.524801315055E-02
   -1.336398943229E-01    0.000000000000E+00    3.460151477038E-02
   -3.524801315055E-02   -3.460151477038E-02    0.000000000000E+00
    3.004254487418E+00
    0.000000000000E+00    1.336090663539E-01    3.536507082232E-02
   -1.336090663539E-01    0.000000000000E+00    3.450750215197E-02
   -3.536507082232E-02   -3.450750215197E-02    0.000000000000E+00
    3.028829055720E+00
    0.000000000000E+00    1.335658839360E-01    3.548183451636E-02
   -1.335658839360E-01    0.000000000000E+00    3.441227863996E-02
   -3.548183451636E-02   -3.441227863996E-02    0.000000000000E+00
    3.053503724096E+00
    0.000000000000E+00    1.335102199272E-01    3.559827808673E-02
   -1.335102199272E-01    0.000000000000E+00    3.431584931601E-02
   -3.559827808673E-02   -3.431584931601E-02    0.000000000000E+00
    3.078278492547E+00
    0.000000000000E+00    1.334419538449E-01    3.571437514341E-02
   -1.334419538449E-01    0.000000000000E+00    3.421821978548E-02
   -3.571437514341E-02   -3.421821978548E-02    0.000000000000E+00
    3.103153361073E+00
    0.000000000000E+00    1.333609721042E-01    3.583009906529E-02
   -1.333609721042E-01    0.000000000000E+00    3.411939617965E-02
   -3.583009906529E-02   -3.411939617965E-02    0.000000000000E+00
    3.128128329673E+00
    0.000000000000E+00    1.332671682483E-01    3.594542301352E-02
   -1.332671682483E-01    0.000000000000E+00    3.401938515730E-02
   -3.594542301352E-02   -3.401938515730E-02    0.000000000000E+00
    3.153203398347E+00
    0.000000000000E+00    1.331604431734E-01    3.606031994542E-02
   -1.331604431734E-01    0.000000000000E+00    3.391819390580E-02
   -3.606031994542E-02   -3.391819390580E-02    0.000000000000E+00
    3.178378567097E+00
    0.000000000000E+00    1.330407053431E-01    3.617476262867E-02
   -1.330407053431E-01    0.000000000000E+00    3.381583014150E-02
   -3.617476262867E-02   -3.381583014150E-02    0.000000000000E+00
    3.203653835920E+00
    0.000000000000E+00    1.329078709960E-01    3.628872365599E-02
   -1.329078709960E-01    0.000000000000E+00    3.371230210962E-02
   -3.628872365599E-02   -3.371230210962E-02    0.000000000000E+00
    3.229029204819E+00
    0.000000000000E+00    1.327618643430E-01    3.640217546018E-02
   -1.327618643430E-01    0.000000000000E+00    3.360761858341E-02
   -3.640217546018E-02   -3.360761858341E-02    0.000000000000E+00
    3.254504673792E+00
    0.000000000000E+00    1.326026177539E-01    3.651509032954E-02
   -1.326026177539E-01    0.000000000000E+00    3.350178886273E-02
   -3.651509032954E-02   -3.350178886273E-02    0.000000000000E+00
    3.280080242839E+00
    0.000000000000E+00    1.324300719343E-01    3.662744042363E-02
   -1.324300719343E-01    0.000000000000E+00    3.339482277205E-02
   -3.662744042363E-02   -3.339482277205E-02    0.000000000000E+00
    3.305755911961E+00
    0.000000000000E+00    1.322441760910E-01    3.673919778930E-02
   -1.322441760910E-01    0.000000000000E+00    3.328673065774E-02
   -3.673919778930E-02   -3.328673065774E-02    0.000000000000E+00
    3.331531681157E+00
    0.000000000000E+00    1.320448880845E-01    3.685033437716E-02
   -1.320448880845E-01    0.000000000000E+00    3.317752338468E-02
   -3.685033437716E-02   -3.317752338468E-02    0.000000000000E+00
    3.357407550429E+00
    0.000000000000E+00    1.318321745704E-01    3.696082205818E-02
   -1.318321745704E-01    0.000000000000E+00    3.306721233235E-02
   -3.696082205818E-02   -3.306721233235E-02    0.000000000000E+00
    3.383383519774E+00
    0.000000000000E+00    1.316060111267E-01    3.707063264061E-02
   -1.316060111267E-01    0.000000000000E+00    3.295580939015E-02
   -3.707063264061E-02   -3.295580939015E-02    0.000000000000E+00
    3.409459589194E+00
    0.000000000000E+00    1.313663823686E-01    3.717973788719E-02
   -1.313663823686E-01    0.000000000000E+00    3.284332695211E-02
   -3.717973788719E-02   -3.284332695211E-02    0.000000000000E+00
    3.435635758689E+00
    0.000000000000E+00    1.311132820481E-01    3.728810953245E-02
   -1.311132820481E-01    0.000000000000E+00    3.272977791098E-02
   -3.728810953245E-02   -3.272977791098E-02    0.000000000000E+00
    3.461912028258E+00
    0.000000000000E+00    1.308467131407E-01    3.739571930027E-02
   -1.308467131407E-01    0.000000000000E+00    3.261517565164E-02
   -3.739571930027E-02   -3.261517565164E-02    0.000000000000E+00
    3.488288397902E+00
    0.000000000000E+00    1.305666879162E-01    3.750253892159E-02
   -1.305666879162E-01    0.000000000000E+00    3.249953404386E-02
   -3.750253892159E-02   -3.249953404386E-02    0.000000000000E+00
    3.514764867620E+00
    0.000000000000E+00    1.302732279951E-01    3.760854015219E-02
   -1.302732279951E-01    0.000000000000E+00    3.238286743446E-02
   -3.760854015219E-02   -3.238286743446E-02    0.000000000000E+00
    3.541341437413E+00
    0.000000000000E+00    1.299663643891E-01    3.771369479063E-02
   -1.299663643891E-01    0.000000000000E+00    3.226519063885E-02
   -3.771369479063E-02   -3.226519063885E-02    0.000000000000E+00
    3.568018107281E+00
    0.000000000000E+00    1.296461375265E-01    3.781797469621E-02
   -1.296461375265E-01    0.000000000000E+00    3.214651893189E-02
   -3.781797469621E-02   -3.214651893189E-02    0.000000000000E+00
    3.594794877223E+00
    0.000000000000E+00    1.293125972617E-01    3.792135180702E-02
   -1.293125972617E-01    0.000000000000E+00    3.202686803824E-02
   -3.792135180702E-02   -3.202686803824E-02    0.000000000000E+00
    3.621671747239E+00
    0.000000000000E+00    1.289658028681E-01    3.802379815793E-02
   -1.289658028681E-01    0.000000000000E+00    3.190625412202E-02
   -3.802379815793E-02   -3.190625412202E-02    0.000000000000E+00
    3.648648717330E+00
    0.000000000000E+00    1.286058230157E-01    3.812528589862E-02
   -1.286058230157E-01    0.000000000000E+00    3.178469377600E-02
   -3.812528589862E-02   -3.178469377600E-02    0.000000000000E+00
    3.675725787496E+00
    0.000000000000E+00    1.282327357321E-01    3.822578731158E-02
   -1.282327357321E-01    0.000000000000E+00    3.166220401011E-02
   -3.822578731158E-02   -3.166220401011E-02    0.000000000000E+00
    3.702902957736E+00
    0.000000000000E+00    1.278466283478E-01    3.832527482991E-02
   -1.278466283478E-01    0.000000000000E+00    3.153880223955E-02
   -3.832527482991E-02   -3.153880223955E-02    0.000000000000E+00
    3.730180228051E+00
    0.000000000000E+00    1.274475974244E-01    3.842372105518E-02
   -1.274475974244E-01    0.000000000000E+00    3.141450627220E-02
   -3.842372105518E-02   -3.141450627220E-02    0.000000000000E+00
    3.757557598440E+00
    0.000000000000E+00    1.270357486684E-01    3.852109877506E-02
   -1.270357486684E-01    0.000000000000E+00    3.128933429572E-02
   -3.852109877506E-02   -3.128933429572E-02    0.000000000000E+00
    3.785035068904E+00
    0.000000000000E+00    1.266111968274E-01    3.861738098076E-02
   -1.266111968274E-01    0.000000000000E+00    3.116330486403E-02
   -3.861738098076E-02   -3.116330486403E-02    0.000000000000E+00
    3.812612639443E+00
    0.000000000000E+00    1.261740655721E-01    3.871254088435E-02
   -1.261740655721E-01    0.000000000000E+00    3.103643688338E-02
   -3.871254088435E-02   -3.103643688338E-02    0.000000000000E+00
    3.840290310055E+00
    0.000000000000E+00    1.257244873620E-01    3.880655193585E-02
   -1.257244873620E-01    0.000000000000E+00    3.090874959801E-02
   -3.880655193585E-02   -3.090874959801E-02    0.000000000000E+00
    3.868068080743E+00
    0.000000000000E+00    1.252626032966E-01    3.889938784002E-02
   -1.252626032966E-01    0.000000000000E+00    3.078026257535E-02
   -3.889938784002E-02   -3.078026257535E-02    0.000000000000E+00
    3.895945951505E+00
    0.000000000000E+00    1.247885629510E-01    3.899102257294E-02
   -1.247885629510E-01    0.000000000000E+00    3.065099569089E-02
   -3.899102257294E-02   -3.065099569089E-02    0.000000000000E+00
    3.923923922342E+00
    0.000000000000E+00    1.243025241985E-01    3.908143039825E-02
   -1.243025241985E-01    0.000000000000E+00    3.052096911268E-02
   -3.908143039825E-02   -3.052096911268E-02    0.000000000000E+00
    3.952001993253E+00
    0.000000000000E+00    1.238046530179E-01    3.917058588312E-02
   -1.238046530179E-01    0.000000000000E+00    3.039020328549E-02
   -3.917058588312E-02   -3.039020328549E-02    0.000000000000E+00
    3.980180164238E+00
    0.000000000000E+00    1.232951232885E-01    3.925846391381E-02
   -1.232951232885E-01    0.000000000000E+00    3.025871891470E-02
   -3.925846391381E-02   -3.025871891470E-02    0.000000000000E+00
    4.008458435299E+00
    0.000000000000E+00    1.227741165711E-01    3.934503971091E-02
   -1.227741165711E-01    0.000000000000E+00    3.012653694990E-02
   -3.934503971091E-02   -3.012653694990E-02    0.000000000000E+00
    4.036836806433E+00
    0.000000000000E+00    1.222418218781E-01    3.943028884416E-02
   -1.222418218781E-01    0.000000000000E+00    2.999367856827E-02
   -3.943028884416E-02   -2.999367856827E-02    0.000000000000E+00
    4.065315277643E+00
    0.000000000000E+00    1.216984354304E-01    3.951418724693E-02
   -1.216984354304E-01    0.000000000000E+00    2.986016515779E-02
   -3.951418724693E-02   -2.986016515779E-02    0.000000000000E+00
    4.093893848927E+00
    0.000000000000E+00    1.211441604041E-01    3.959671123017E-02
   -1.211441604041E-01    0.000000000000E+00    2.972601830017E-02
   -3.959671123017E-02   -2.972601830017E-02    0.000000000000E+00
    4.122572520285E+00
    0.000000000000E+00    1.205792066668E-01    3.967783749599E-02
   -1.205792066668E-01    0.000000000000E+00    2.959125975378E-02
   -3.967783749599E-02   -2.959125975378E-02    0.000000000000E+00
    4.151351291718E+00
    0.000000000000E+00    1.200037905036E-01    3.975754315073E-02
   -1.200037905036E-01    0.000000000000E+00    2.945591143638E-02
   -3.975754315073E-02   -2.945591143638E-02    0.000000000000E+00
    4.180230163226E+00
    0.000000000000E+00    1.194181343349E-01    3.983580571763E-02
   -1.194181343349E-01    0.000000000000E+00    2.931999540777E-02
   -3.983580571763E-02   -2.931999540777E-02    0.000000000000E+00
    4.209209134808E+00
    0.000000000000E+00    1.188224664249E-01    3.991260314891E-02
   -1.188224664249E-01    0.000000000000E+00    2.918353385245E-02
   -3.991260314891E-02   -2.918353385245E-02    0.000000000000E+00
    4.238288206464E+00
    0.000000000000E+00    1.182170205838E-01    3.998791383742E-02
   -1.182170205838E-01    0.000000000000E+00    2.904654906220E-02
   -3.998791383742E-02   -2.904654906220E-02    0.000000000000E+00
    4.267467378196E+00
    0.000000000000E+00    1.176020358622E-01    4.006171662771E-02
   -1.176020358622E-01    0.000000000000E+00    2.890906341876E-02
   -4.006171662771E-02   -2.890906341876E-02    0.000000000000E+00
    4.296746650001E+00
    0.000000000000E+00    1.169777562403E-01    4.013399082667E-02
   -1.169777562403E-01    0.000000000000E+00    2.877109937645E-02
   -4.013399082667E-02   -2.877109937645E-02    0.000000000000E+00
    4.326126021882E+00
    0.000000000000E+00    1.163444303119E-01    4.020471621355E-02
   -1.163444303119E-01    0.000000000000E+00    2.863267944498E-02
   -4.020471621355E-02   -2.863267944498E-02    0.000000000000E+00
    4.355605493836E+00
    0.000000000000E+00    1.157023109634E-01    4.027387304948E-02
   -1.157023109634E-01    0.000000000000E+00    2.849382617228E-02
   -4.027387304948E-02   -2.849382617228E-02    0.000000000000E+00
    4.385185065866E+00
    0.000000000000E+00    1.150516550501E-01    4.034144208643E-02
   -1.150516550501E-01    0.000000000000E+00    2.835456212748E-02
   -4.034144208643E-02   -2.835456212748E-02    0.000000000000E+00
    4.414864737970E+00
    0.000000000000E+00    1.143927230695E-01    4.040740457566E-02
   -1.143927230695E-01    0.000000000000E+00    2.821490988414E-02
   -4.040740457566E-02   -2.821490988414E-02    0.000000000000E+00
    4.444644510148E+00
    0.000000000000E+00    1.137257788321E-01    4.047174227555E-02
   -1.137257788321E-01    0.000000000000E+00    2.807489200356E-02
   -4.047174227555E-02   -2.807489200356E-02    0.000000000000E+00
    4.474524382401E+00
    0.000000000000E+00    1.130510891325E-01    4.053443745892E-02
   -1.130510891325E-01    0.000000000000E+00    2.793453101837E-02
   -4.053443745892E-02   -2.793453101837E-02    0.000000000000E+00
    4.504504354729E+00
    0.000000000000E+00    1.123689234182E-01    4.059547291985E-02
   -1.123689234182E-01    0.000000000000E+00    2.779384941634E-02
   -4.059547291985E-02   -2.779384941634E-02    0.000000000000E+00
    4.534584427131E+00
    0.000000000000E+00    1.116795534608E-01    4.065483197979E-02
   -1.116795534608E-01    0.000000000000E+00    2.765286962451E-02
   -4.065483197979E-02   -2.765286962451E-02    0.000000000000E+00
    4.564764599608E+00
    0.000000000000E+00    1.109832530265E-01    4.071249849333E-02
   -1.109832530265E-01    0.000000000000E+00    2.751161399354E-02
   -4.071249849333E-02   -2.751161399354E-02    0.000000000000E+00
    4.595044872159E+00
    0.000000000000E+00    1.102802975502E-01    4.076845685323E-02
   -1.102802975502E-01    0.000000000000E+00    2.737010478245E-02
   -4.076845685323E-02   -2.737010478245E-02    0.000000000000E+00
    4.625425244785E+00
    0.000000000000E+00    1.095709638112E-01    4.082269199505E-02
   -1.095709638112E-01    0.000000000000E+00    2.722836414362E-02
   -4.082269199505E-02   -2.722836414362E-02    0.000000000000E+00
    4.655905717485E+00
    0.000000000000E+00    1.088555296120E-01    4.087518940115E-02
   -1.088555296120E-01    0.000000000000E+00    2.708641410821E-02
   -4.087518940115E-02   -2.708641410821E-02    0.000000000000E+00
    4.686486290260E+00
    0.000000000000E+00    1.081342734624E-01    4.092593510426E-02
   -1.081342734624E-01    0.000000000000E+00    2.694427657195E-02
   -4.092593510426E-02   -2.694427657195E-02    0.000000000000E+00
    4.717166963109E+00
    0.000000000000E+00    1.074074742665E-01    4.097491569039E-02
   -1.074074742665E-01    0.000000000000E+00    2.680197328130E-02
   -4.097491569039E-02   -2.680197328130E-02    0.000000000000E+00
    4.747947736033E+00
    0.000000000000E+00    1.066754110159E-01    4.102211830139E-02
   -1.066754110159E-01    0.000000000000E+00    2.665952582001E-02
   -4.102211830139E-02   -2.665952582001E-02    0.000000000000E+00
    4.778828609032E+00
    0.000000000000E+00    1.059383624890E-01    4.106753063690E-02
   -1.059383624890E-01    0.000000000000E+00    2.651695559614E-02
   -4.106753063690E-02   -2.651695559614E-02    0.000000000000E+00
    4.809809582105E+00
    0.000000000000E+00    1.051966069556E-01    4.111114095582E-02
   -1.051966069556E-01    0.000000000000E+00    2.637428382954E-02
   -4.111114095582E-02   -2.637428382954E-02    0.000000000000E+00
    4.840890655253E+00
    0.000000000000E+00    1.044504218890E-01    4.115293807735E-02
   -1.044504218890E-01    0.000000000000E+00    2.623153153965E-02
   -4.115293807735E-02   -2.623153153965E-02    0.000000000000E+00
    4.872071828475E+00
    0.000000000000E+00    1.037000836853E-01    4.119291138153E-02
   -1.037000836853E-01    0.000000000000E+00    2.608871953398E-02
   -4.119291138153E-02   -2.608871953398E-02    0.000000000000E+00
    4.903353101771E+00
    0.000000000000E+00    1.029458673907E-01    4.123105080932E-02
   -1.029458673907E-01    0.000000000000E+00    2.594586839681E-02
   -4.123105080932E-02   -2.594586839681E-02    0.000000000000E+00
    4.934734475143E+00
    0.000000000000E+00    1.021880464363E-01    4.126734686224E-02
   -1.021880464363E-01    0.000000000000E+00    2.580299847860E-02
   -4.126734686224E-02   -2.580299847860E-02    0.000000000000E+00
    4.966215948589E+00
    0.000000000000E+00    1.014268923820E-01    4.130179060161E-02
   -1.014268923820E-01    0.000000000000E+00    2.566012988572E-02
   -4.130179060161E-02   -2.566012988572E-02    0.000000000000E+00
    4.997797522109E+00
    0.000000000000E+00    1.006626746692E-01    4.133437364735E-02
   -1.006626746692E-01    0.000000000000E+00    2.551728247074E-02
   -4.133437364735E-02   -2.551728247074E-02    0.000000000000E+00
    5.029479195704E+00
    0.000000000000E+00    9.989566038254E-02    4.136508817636E-02
   -9.989566038254E-02    0.000000000000E+00    2.537447582322E-02
   -4.136508817636E-02   -2.537447582322E-02    0.000000000000E+00
    5.061260969373E+00
    0.000000000000E+00    9.912611402102E-02    4.139392692061E-02
   -9.912611402102E-02    0.000000000000E+00    2.523172926100E-02
   -4.139392692061E-02   -2.523172926100E-02    0.000000000000E+00
    5.093142843117E+00
    0.000000000000E+00    9.835429727883E-02    4.142088316469E-02
   -9.835429727883E-02    0.000000000000E+00    2.508906182191E-02
   -4.142088316469E-02   -2.508906182191E-02    0.000000000000E+00
    5.125124816936E+00
    0.000000000000E+00    9.758046883614E-02    4.144595074322E-02
   -9.758046883614E-02    0.000000000000E+00    2.494649225614E-02
   -4.144595074322E-02   -2.494649225614E-02    0.000000000000E+00
    5.157206890829E+00
    0.000000000000E+00    9.680488415969E-02    4.146912403773E-02
   -9.680488415969E-02    0.000000000000E+00    2.480403901890E-02
   -4.146912403773E-02   -2.480403901890E-02    0.000000000000E+00
    5.189389064797E+00
    0.000000000000E+00    9.602779531368E-02    4.149039797334E-02
   -9.602779531368E-02    0.000000000000E+00    2.466172026381E-02
   -4.149039797334E-02   -2.466172026381E-02    0.000000000000E+00
    5.221671338839E+00
    0.000000000000E+00    9.524945078075E-02    4.150976801506E-02
   -9.524945078075E-02    0.000000000000E+00    2.451955383657E-02
   -4.150976801506E-02   -2.451955383657E-02    0.000000000000E+00
    5.254053712956E+00
    0.000000000000E+00    9.447009529328E-02    4.152723016385E-02
   -9.447009529328E-02    0.000000000000E+00    2.437755726926E-02
   -4.152723016385E-02   -2.437755726926E-02    0.000000000000E+00
    5.286536187147E+00
    0.000000000000E+00    9.368996967499E-02    4.154278095236E-02
   -9.368996967499E-02    0.000000000000E+00    2.423574777508E-02
   -4.154278095236E-02   -2.423574777508E-02    0.000000000000E+00
    5.319118761413E+00
    0.000000000000E+00    9.290931069284E-02    4.155641744046E-02
   -9.290931069284E-02    0.000000000000E+00    2.409414224356E-02
   -4.155641744046E-02   -2.409414224356E-02    0.000000000000E+00
    5.351801435753E+00
    0.000000000000E+00    9.212835091914E-02    4.156813721042E-02
   -9.212835091914E-02    0.000000000000E+00    2.395275723626E-02
   -4.156813721042E-02   -2.395275723626E-02    0.000000000000E+00
    5.384584210168E+00
    0.000000000000E+00    9.134731860396E-02    4.157793836202E-02
   -9.134731860396E-02    0.000000000000E+00    2.381160898294E-02
   -4.157793836202E-02   -2.381160898294E-02    0.000000000000E+00
    5.417467084658E+00
    0.000000000000E+00    9.056643755756E-02    4.158581950727E-02
   -9.056643755756E-02    0.000000000000E+00    2.367071337815E-02
   -4.158581950727E-02   -2.367071337815E-02    0.000000000000E+00
    5.450450059222E+00
    0.000000000000E+00    8.978592704291E-02    4.159177976505E-02
   -8.978592704291E-02    0.000000000000E+00    2.353008597834E-02
   -4.159177976505E-02   -2.353008597834E-02    0.000000000000E+00
    5.483533133861E+00
    0.000000000000E+00    8.900600167806E-02    4.159581875550E-02
   -8.900600167806E-02    0.000000000000E+00    2.338974199931E-02
   -4.159581875550E-02   -2.338974199931E-02    0.000000000000E+00
    5.516716308574E+00
    0.000000000000E+00    8.822687134824E-02    4.159793659424E-02
   -8.822687134824E-02    0.000000000000E+00    2.324969631419E-02
   -4.159793659424E-02   -2.324969631419E-02    0.000000000000E+00
    5.549999583361E+00
    0.000000000000E+00    8.744874112749E-02    4.159813388647E-02
   -8.744874112749E-02    0.000000000000E+00    2.310996345179E-02
   -4.159813388647E-02   -2.310996345179E-02    0.000000000000E+00
    5.583382958224E+00
    0.000000000000E+00    8.667181120971E-02    4.159641172085E-02
   -8.667181120971E-02    0.000000000000E+00    2.297055759531E-02
   -4.159641172085E-02   -2.297055759531E-02    0.000000000000E+00
    5.616866433161E+00
    0.000000000000E+00    8.589627684884E-02    4.159277166330E-02
   -8.589627684884E-02    0.000000000000E+00    2.283149258155E-02
   -4.159277166330E-02   -2.283149258155E-02    0.000000000000E+00
    5.650450008172E+00
    0.000000000000E+00    8.512232830795E-02    4.158721575064E-02
   -8.512232830795E-02    0.000000000000E+00    2.269278190042E-02
   -4.158721575064E-02   -2.269278190042E-02    0.000000000000E+00
    5.684133683258E+00
    0.000000000000E+00    8.435015081704E-02    4.157974648416E-02
   -8.435015081704E-02    0.000000000000E+00    2.255443869484E-02
   -4.157974648416E-02   -2.255443869484E-02    0.000000000000E+00
    5.717917458418E+00
    0.000000000000E+00    8.357992453931E-02    4.157036682301E-02
   -8.357992453931E-02    0.000000000000E+00    2.241647576103E-02
   -4.157036682301E-02   -2.241647576103E-02    0.000000000000E+00
    5.751801333653E+00
    0.000000000000E+00    8.281182454559E-02    4.155908017760E-02
   -8.281182454559E-02    0.000000000000E+00    2.227890554907E-02
   -4.155908017760E-02   -2.227890554907E-02    0.000000000000E+00
    5.785785308963E+00
    0.000000000000E+00    8.204602079667E-02    4.154589040280E-02
   -8.204602079667E-02    0.000000000000E+00    2.214174016391E-02
   -4.154589040280E-02   -2.214174016391E-02    0.000000000000E+00
    5.819869384347E+00
    0.000000000000E+00    8.128267813329E-02    4.153080179120E-02
   -8.128267813329E-02    0.000000000000E+00    2.200499136656E-02
   -4.153080179120E-02   -2.200499136656E-02    0.000000000000E+00
    5.854053559806E+00
    0.000000000000E+00    8.052195627347E-02    4.151381906617E-02
   -8.052195627347E-02    0.000000000000E+00    2.186867057569E-02
   -4.151381906617E-02   -2.186867057569E-02    0.000000000000E+00
    5.888337835339E+00
    0.000000000000E+00    7.976400981690E-02    4.149494737499E-02
   -7.976400981690E-02    0.000000000000E+00    2.173278886947E-02
   -4.149494737499E-02   -2.173278886947E-02    0.000000000000E+00
    5.922722210947E+00
    0.000000000000E+00    7.900898825611E-02    4.147419228185E-02
   -7.900898825611E-02    0.000000000000E+00    2.159735698773E-02
   -4.147419228185E-02   -2.159735698773E-02    0.000000000000E+00
    5.957206686629E+00
    0.000000000000E+00    7.825703599404E-02    4.145155976085E-02
   -7.825703599404E-02    0.000000000000E+00    2.146238533432E-02
   -4.145155976085E-02   -2.146238533432E-02    0.000000000000E+00
    5.991791262386E+00
    0.000000000000E+00    7.750829236785E-02    4.142705618895E-02
   -7.750829236785E-02    0.000000000000E+00    2.132788397975E-02
   -4.142705618895E-02   -2.132788397975E-02    0.000000000000E+00
    6.026475938217E+00
    0.000000000000E+00    7.676289167857E-02    4.140068833891E-02
   -7.676289167857E-02    0.000000000000E+00    2.119386266414E-02
   -4.140068833891E-02   -2.119386266414E-02    0.000000000000E+00
    6.061260714123E+00
    0.000000000000E+00    7.602096322623E-02    4.137246337222E-02
   -7.602096322623E-02    0.000000000000E+00    2.106033080026E-02
   -4.137246337222E-02   -2.106033080026E-02    0.000000000000E+00
    6.096145590104E+00
    0.000000000000E+00    7.528263135042E-02    4.134238883201E-02
   -7.528263135042E-02    0.000000000000E+00    2.092729747686E-02
   -4.134238883201E-02   -2.092729747686E-02    0.000000000000E+00
    6.131130566159E+00
    0.000000000000E+00    7.454801547559E-02    4.131047263593E-02
   -7.454801547559E-02    0.000000000000E+00    2.079477146222E-02
   -4.131047263593E-02   -2.079477146222E-02    0.000000000000E+00
    6.166215642288E+00
    0.000000000000E+00    7.381723016122E-02    4.127672306909E-02
   -7.381723016122E-02    0.000000000000E+00    2.066276120785E-02
   -4.127672306909E-02   -2.066276120785E-02    0.000000000000E+00
    6.201400818493E+00
    0.000000000000E+00    7.309038515621E-02    4.124114877693E-02
   -7.309038515621E-02    0.000000000000E+00    2.053127485232E-02
   -4.124114877693E-02   -2.053127485232E-02    0.000000000000E+00
    6.236686094771E+00
    0.000000000000E+00    7.236758545745E-02    4.120375875816E-02
   -7.236758545745E-02    0.000000000000E+00    2.040032022535E-02
   -4.120375875816E-02   -2.040032022535E-02    0.000000000000E+00
    6.272071471125E+00
    0.000000000000E+00    7.164893137208E-02    4.116456235771E-02
   -7.164893137208E-02    0.000000000000E+00    2.026990485195E-02
   -4.116456235771E-02   -2.026990485195E-02    0.000000000000E+00
    6.307556947552E+00
    0.000000000000E+00    7.093451858342E-02    4.112356925963E-02
   -7.093451858342E-02    0.000000000000E+00    2.014003595680E-02
   -4.112356925963E-02   -2.014003595680E-02    0.000000000000E+00
    6.343142524055E+00
    0.000000000000E+00    7.022443821998E-02    4.108078948012E-02
   -7.022443821998E-02    0.000000000000E+00    2.001072046862E-02
   -4.108078948012E-02   -2.001072046862E-02    0.000000000000E+00
    6.378828200632E+00
    0.000000000000E+00    6.951877692759E-02    4.103623336046E-02
   -6.951877692759E-02    0.000000000000E+00    1.988196502480E-02
   -4.103623336046E-02   -1.988196502480E-02    0.000000000000E+00
    6.414613977283E+00
    0.000000000000E+00    6.881761694415E-02    4.098991156009E-02
   -6.881761694415E-02    0.000000000000E+00    1.975377597602E-02
   -4.098991156009E-02   -1.975377597602E-02    0.000000000000E+00
    6.450499854009E+00
    0.000000000000E+00    6.812103617690E-02    4.094183504962E-02
   -6.812103617690E-02    0.000000000000E+00    1.962615939103E-02
   -4.094183504962E-02   -1.962615939103E-02    0.000000000000E+00
    6.486485830810E+00
    0.000000000000E+00    6.742910828191E-02    4.089201510392E-02
   -6.742910828191E-02    0.000000000000E+00    1.949912106147E-02
   -4.089201510392E-02   -1.949912106147E-02    0.000000000000E+00
    6.522571907685E+00
    0.000000000000E+00    6.674190274555E-02    4.084046329525E-02
   -6.674190274555E-02    0.000000000000E+00    1.937266650680E-02
   -4.084046329525E-02   -1.937266650680E-02    0.000000000000E+00
    6.558758084634E+00
    0.000000000000E+00    6.605948496770E-02    4.078719148638E-02
   -6.605948496770E-02    0.000000000000E+00    1.924680097924E-02
   -4.078719148638E-02   -1.924680097924E-02    0.000000000000E+00
    6.595044361659E+00
    0.000000000000E+00    6.538191634651E-02    4.073221182381E-02
   -6.538191634651E-02    0.000000000000E+00    1.912152946885E-02
   -4.073221182381E-02   -1.912152946885E-02    0.000000000000E+00
    6.631430738757E+00
    0.000000000000E+00    6.470925436450E-02    4.067553673094E-02
   -6.470925436450E-02    0.000000000000E+00    1.899685670855E-02
   -4.067553673094E-02   -1.899685670855E-02    0.000000000000E+00
    6.667917215931E+00
    0.000000000000E+00    6.404155267578E-02    4.061717890141E-02
   -6.404155267578E-02    0.000000000000E+00    1.887278717925E-02
   -4.061717890141E-02   -1.887278717925E-02    0.000000000000E+00
    6.704503793178E+00
    0.000000000000E+00    6.337886119414E-02    4.055715129231E-02
   -6.337886119414E-02    0.000000000000E+00    1.874932511499E-02
   -4.055715129231E-02   -1.874932511499E-02    0.000000000000E+00
    6.741190470501E+00
    0.000000000000E+00    6.272122618197E-02    4.049546711761E-02
   -6.272122618197E-02    0.000000000000E+00    1.862647450808E-02
   -4.049546711761E-02   -1.862647450808E-02    0.000000000000E+00
    6.777977247898E+00
    0.000000000000E+00    6.206869033963E-02    4.043213984147E-02
   -6.206869033963E-02    0.000000000000E+00    1.850423911430E-02
   -4.043213984147E-02   -1.850423911430E-02    0.000000000000E+00
    6.814864125369E+00
    0.000000000000E+00    6.142129289534E-02    4.036718317169E-02
   -6.142129289534E-02    0.000000000000E+00    1.838262245801E-02
   -4.036718317169E-02   -1.838262245801E-02    0.000000000000E+00
    6.851851102915E+00
    0.000000000000E+00    6.077906969516E-02    4.030061105322E-02
   -6.077906969516E-02    0.000000000000E+00    1.826162783742E-02
   -4.030061105322E-02   -1.826162783742E-02    0.000000000000E+00
    6.888938180536E+00
    0.000000000000E+00    6.014205329314E-02    4.023243766158E-02
   -6.014205329314E-02    0.000000000000E+00    1.814125832965E-02
   -4.023243766158E-02   -1.814125832965E-02    0.000000000000E+00
    6.926125358231E+00
    0.000000000000E+00    5.951027304140E-02    4.016267739649E-02
   -5.951027304140E-02    0.000000000000E+00    1.802151679597E-02
   -4.016267739649E-02   -1.802151679597E-02    0.000000000000E+00
    6.963412636001E+00
    0.000000000000E+00    5.888375517992E-02    4.009134487540E-02
   -5.888375517992E-02    0.000000000000E+00    1.790240588688E-02
   -4.009134487540E-02   -1.790240588688E-02    0.000000000000E+00
    7.000800013845E+00
    0.000000000000E+00    5.826252292609E-02    4.001845492717E-02
   -5.826252292609E-02    0.000000000000E+00    1.778392804723E-02
   -4.001845492717E-02   -1.778392804723E-02    0.000000000000E+00
    7.038287491764E+00
    0.000000000000E+00    5.764659656372E-02    3.994402258574E-02
   -5.764659656372E-02    0.000000000000E+00    1.766608552131E-02
   -3.994402258574E-02   -1.766608552131E-02    0.000000000000E+00
    7.075875069757E+00
    0.000000000000E+00    5.703599353160E-02    3.986806308380E-02
   -5.703599353160E-02    0.000000000000E+00    1.754888035789E-02
   -3.986806308380E-02   -1.754888035789E-02    0.000000000000E+00
    7.113562747825E+00
    0.000000000000E+00    5.643072851124E-02    3.979059184661E-02
   -5.643072851124E-02    0.000000000000E+00    1.743231441519E-02
   -3.979059184661E-02   -1.743231441519E-02    0.000000000000E+00
    7.151350525968E+00
    0.000000000000E+00    5.583081351390E-02    3.971162448577E-02
   -5.583081351390E-02    0.000000000000E+00    1.731638936592E-02
   -3.971162448577E-02   -1.731638936592E-02    0.000000000000E+00
    7.189238404185E+00
    0.000000000000E+00    5.523625796684E-02    3.963117679306E-02
   -5.523625796684E-02    0.000000000000E+00    1.720110670209E-02
   -3.963117679306E-02   -1.720110670209E-02    0.000000000000E+00
    7.227226382476E+00
    0.000000000000E+00    5.464706879844E-02    3.954926473434E-02
   -5.464706879844E-02    0.000000000000E+00    1.708646773996E-02
   -3.954926473434E-02   -1.708646773996E-02    0.000000000000E+00
    7.265314460842E+00
    0.000000000000E+00    5.406325052248E-02    3.946590444346E-02
   -5.406325052248E-02    0.000000000000E+00    1.697247362481E-02
   -3.946590444346E-02   -1.697247362481E-02    0.000000000000E+00
    7.303502639283E+00
    0.000000000000E+00    5.348480532116E-02    3.938111221622E-02
   -5.348480532116E-02    0.000000000000E+00    1.685912533569E-02
   -3.938111221622E-02   -1.685912533569E-02    0.000000000000E+00
    7.341790917798E+00
    0.000000000000E+00    5.291173312709E-02    3.929490450439E-02
   -5.291173312709E-02    0.000000000000E+00    1.674642369011E-02
   -3.929490450439E-02   -1.674642369011E-02    0.000000000000E+00
    7.380179296388E+00
    0.000000000000E+00    5.234403170396E-02    3.920729790975E-02
   -5.234403170396E-02    0.000000000000E+00    1.663436934868E-02
   -3.920729790975E-02   -1.663436934868E-02    0.000000000000E+00
    7.418667775052E+00
    0.000000000000E+00    5.178169672599E-02    3.911830917815E-02
   -5.178169672599E-02    0.000000000000E+00    1.652296281968E-02
   -3.911830917815E-02   -1.652296281968E-02    0.000000000000E+00
    7.457256353791E+00
    0.000000000000E+00    5.122472185604E-02    3.902795519368E-02
   -5.122472185604E-02    0.000000000000E+00    1.641220446352E-02
   -3.902795519368E-02   -1.641220446352E-02    0.000000000000E+00
    7.495945032604E+00
    0.000000000000E+00    5.067309882230E-02    3.893625297279E-02
   -5.067309882230E-02    0.000000000000E+00    1.630209449721E-02
   -3.893625297279E-02   -1.630209449721E-02    0.000000000000E+00
    7.534733811492E+00
    0.000000000000E+00    5.012681749368E-02    3.884321965851E-02
   -5.012681749368E-02    0.000000000000E+00    1.619263299867E-02
   -3.884321965851E-02   -1.619263299867E-02    0.000000000000E+00
    7.573622690455E+00
    0.000000000000E+00    4.958586595369E-02    3.874887251470E-02
   -4.958586595369E-02    0.000000000000E+00    1.608381991107E-02
   -3.874887251470E-02   -1.608381991107E-02    0.000000000000E+00
    7.612611669492E+00
    0.000000000000E+00    4.905023057281E-02    3.865322892032E-02
   -4.905023057281E-02    0.000000000000E+00    1.597565504697E-02
   -3.865322892032E-02   -1.597565504697E-02    0.000000000000E+00
    7.651700748603E+00
    0.000000000000E+00    4.851989607951E-02    3.855630636375E-02
   -4.851989607951E-02    0.000000000000E+00    1.586813809252E-02
   -3.855630636375E-02   -1.586813809252E-02    0.000000000000E+00
    7.690889927790E+00
    0.000000000000E+00    4.799484562959E-02    3.845812243716E-02
   -4.799484562959E-02    0.000000000000E+00    1.576126861149E-02
   -3.845812243716E-02   -1.576126861149E-02    0.000000000000E+00
    7.730179207050E+00
    0.000000000000E+00    4.747506087412E-02    3.835869483090E-02
   -4.747506087412E-02    0.000000000000E+00    1.565504604922E-02
   -3.835869483090E-02   -1.565504604922E-02    0.000000000000E+00
    7.769568586385E+00
    0.000000000000E+00    4.696052202579E-02    3.825804132793E-02
   -4.696052202579E-02    0.000000000000E+00    1.554946973658E-02
   -3.825804132793E-02   -1.554946973658E-02    0.000000000000E+00
    7.809058065795E+00
    0.000000000000E+00    4.645120792367E-02    3.815617979834E-02
   -4.645120792367E-02    0.000000000000E+00    1.544453889379E-02
   -3.815617979834E-02   -1.544453889379E-02    0.000000000000E+00
    7.848647645280E+00
    0.000000000000E+00    4.594709609651E-02    3.805312819381E-02
   -4.594709609651E-02    0.000000000000E+00    1.534025263412E-02
   -3.805312819381E-02   -1.534025263412E-02    0.000000000000E+00
    7.888337324839E+00
    0.000000000000E+00    4.544816282440E-02    3.794890454221E-02
   -4.544816282440E-02    0.000000000000E+00    1.523660996760E-02
   -3.794890454221E-02   -1.523660996760E-02    0.000000000000E+00
    7.928127104472E+00
    0.000000000000E+00    4.495438319889E-02    3.784352694219E-02
   -4.495438319889E-02    0.000000000000E+00    1.513360980462E-02
   -3.784352694219E-02   -1.513360980462E-02    0.000000000000E+00
    7.968016984180E+00
    0.000000000000E+00    4.446573118157E-02    3.773701355782E-02
   -4.446573118157E-02    0.000000000000E+00    1.503125095942E-02
   -3.773701355782E-02   -1.503125095942E-02    0.000000000000E+00
    8.008006963962E+00
    0.000000000000E+00    4.398217966110E-02    3.762938261325E-02
   -4.398217966110E-02    0.000000000000E+00    1.492953215353E-02
   -3.762938261325E-02   -1.492953215353E-02    0.000000000000E+00
    8.048097043820E+00
    0.000000000000E+00    4.350370050867E-02    3.752065238749E-02
   -4.350370050867E-02    0.000000000000E+00    1.482845201914E-02
   -3.752065238749E-02   -1.482845201914E-02    0.000000000000E+00
    8.088287223751E+00
    0.000000000000E+00    4.303026463195E-02    3.741084120910E-02
   -4.303026463195E-02    0.000000000000E+00    1.472800910235E-02
   -3.741084120910E-02   -1.472800910235E-02    0.000000000000E+00
    8.128577503757E+00
    0.000000000000E+00    4.256184202754E-02    3.729996745108E-02
   -4.256184202754E-02    0.000000000000E+00    1.462820186642E-02
   -3.729996745108E-02   -1.462820186642E-02    0.000000000000E+00
    8.168967883838E+00
    0.000000000000E+00    4.209840183181E-02    3.718804952567E-02
   -4.209840183181E-02    0.000000000000E+00    1.452902869487E-02
   -3.718804952567E-02   -1.452902869487E-02    0.000000000000E+00
    8.209458363993E+00
    0.000000000000E+00    4.163991237041E-02    3.707510587924E-02
   -4.163991237041E-02    0.000000000000E+00    1.443048789449E-02
   -3.707510587924E-02   -1.443048789449E-02    0.000000000000E+00
    8.250048944223E+00
    0.000000000000E+00    4.118634120613E-02    3.696115498729E-02
   -4.118634120613E-02    0.000000000000E+00    1.433257769841E-02
   -3.696115498729E-02   -1.433257769841E-02    0.000000000000E+00
    8.290739624528E+00
    0.000000000000E+00    4.073765518542E-02    3.684621534939E-02
   -4.073765518542E-02    0.000000000000E+00    1.423529626891E-02
   -3.684621534939E-02   -1.423529626891E-02    0.000000000000E+00
    8.331530404907E+00
    0.000000000000E+00    4.029382048345E-02    3.673030548421E-02
   -4.029382048345E-02    0.000000000000E+00    1.413864170027E-02
   -3.673030548421E-02   -1.413864170027E-02    0.000000000000E+00
    8.372421285360E+00
    0.000000000000E+00    3.985480264770E-02    3.661344392464E-02
   -3.985480264770E-02    0.000000000000E+00    1.404261202156E-02
   -3.661344392464E-02   -1.404261202156E-02    0.000000000000E+00
    8.413412265888E+00
    0.000000000000E+00    3.942056664019E-02    3.649564921290E-02
   -3.942056664019E-02    0.000000000000E+00    1.394720519927E-02
   -3.649564921290E-02   -1.394720519927E-02    0.000000000000E+00
    8.454503346491E+00
    0.000000000000E+00    3.899107687834E-02    3.637693989571E-02
   -3.899107687834E-02    0.000000000000E+00    1.385241913996E-02
   -3.637693989571E-02   -1.385241913996E-02    0.000000000000E+00
    8.495694527168E+00
    0.000000000000E+00    3.856629727449E-02    3.625733451955E-02
   -3.856629727449E-02    0.000000000000E+00    1.375825169276E-02
   -3.625733451955E-02   -1.375825169276E-02    0.000000000000E+00
    8.536985807919E+00
    0.000000000000E+00    3.814619127401E-02    3.613685162588E-02
   -3.814619127401E-02    0.000000000000E+00    1.366470065187E-02
   -3.613685162588E-02   -1.366470065187E-02    0.000000000000E+00
    8.578377188746E+00
    0.000000000000E+00    3.773072189224E-02    3.601550974656E-02
   -3.773072189224E-02    0.000000000000E+00    1.357176375896E-02
   -3.601550974656E-02   -1.357176375896E-02    0.000000000000E+00
    8.619868669646E+00
    0.000000000000E+00    3.731985175002E-02    3.589332739914E-02
   -3.731985175002E-02    0.000000000000E+00    1.347943870549E-02
   -3.589332739914E-02   -1.347943870549E-02    0.000000000000E+00
    8.661460250622E+00
    0.000000000000E+00    3.691354310805E-02    3.577032308239E-02
   -3.691354310805E-02    0.000000000000E+00    1.338772313497E-02
   -3.577032308239E-02   -1.338772313497E-02    0.000000000000E+00
    8.703151931672E+00
    0.000000000000E+00    3.651175790002E-02    3.564651527170E-02
   -3.651175790002E-02    0.000000000000E+00    1.329661464520E-02
   -3.564651527170E-02   -1.329661464520E-02    0.000000000000E+00
    8.744943712796E+00
    0.000000000000E+00    3.611445776447E-02    3.552192241472E-02
   -3.611445776447E-02    0.000000000000E+00    1.320611079039E-02
   -3.552192241472E-02   -1.320611079039E-02    0.000000000000E+00
    8.786835593995E+00
    0.000000000000E+00    3.572160407559E-02    3.539656292687E-02
   -3.572160407559E-02    0.000000000000E+00    1.311620908323E-02
   -3.539656292687E-02   -1.311620908323E-02    0.000000000000E+00
    8.828827575269E+00
    0.000000000000E+00    3.533315797273E-02    3.527045518710E-02
   -3.533315797273E-02    0.000000000000E+00    1.302690699691E-02
   -3.527045518710E-02   -1.302690699691E-02    0.000000000000E+00
    8.870919656617E+00
    0.000000000000E+00    3.494908038896E-02    3.514361753352E-02
   -3.494908038896E-02    0.000000000000E+00    1.293820196709E-02
   -3.514361753352E-02   -1.293820196709E-02    0.000000000000E+00
    8.913111838039E+00
    0.000000000000E+00    3.456933207835E-02    3.501606825926E-02
   -3.456933207835E-02    0.000000000000E+00    1.285009139380E-02
   -3.501606825926E-02   -1.285009139380E-02    0.000000000000E+00
    8.955404119537E+00
    0.000000000000E+00    3.419387364235E-02    3.488782560824E-02
   -3.419387364235E-02    0.000000000000E+00    1.276257264324E-02
   -3.488782560824E-02   -1.276257264324E-02    0.000000000000E+00
    8.997796501108E+00
    0.000000000000E+00    3.382266555503E-02    3.475890777112E-02
   -3.382266555503E-02    0.000000000000E+00    1.267564304964E-02
   -3.475890777112E-02   -1.267564304964E-02    0.000000000000E+00
    9.040288982755E+00
    0.000000000000E+00    3.345566818733E-02    3.462933288124E-02
   -3.345566818733E-02    0.000000000000E+00    1.258929991690E-02
   -3.462933288124E-02   -1.258929991690E-02    0.000000000000E+00
    9.082881564475E+00
    0.000000000000E+00    3.309284183034E-02    3.449911901067E-02
   -3.309284183034E-02    0.000000000000E+00    1.250354052033E-02
   -3.449911901067E-02   -1.250354052033E-02    0.000000000000E+00
    9.125574246271E+00
    0.000000000000E+00    3.273414671758E-02    3.436828416627E-02
   -3.273414671758E-02    0.000000000000E+00    1.241836210827E-02
   -3.436828416627E-02   -1.241836210827E-02    0.000000000000E+00
    9.168367028141E+00
    0.000000000000E+00    3.237954304641E-02    3.423684628586E-02
   -3.237954304641E-02    0.000000000000E+00    1.233376190360E-02
   -3.423684628586E-02   -1.233376190360E-02    0.000000000000E+00
    9.211259910085E+00
    0.000000000000E+00    3.202899099848E-02    3.410482323445E-02
   -3.202899099848E-02    0.000000000000E+00    1.224973710534E-02
   -3.410482323445E-02   -1.224973710534E-02    0.000000000000E+00
    9.254252892104E+00
    0.000000000000E+00    3.168245075931E-02    3.397223280054E-02
   -3.168245075931E-02    0.000000000000E+00    1.216628489008E-02
   -3.397223280054E-02   -1.216628489008E-02    0.000000000000E+00
    9.297345974198E+00
    0.000000000000E+00    3.133988253699E-02    3.383909269243E-02
   -3.133988253699E-02    0.000000000000E+00    1.208340241340E-02
   -3.383909269243E-02   -1.208340241340E-02    0.000000000000E+00
    9.340539156366E+00
    0.000000000000E+00    3.100124658011E-02    3.370542053470E-02
   -3.100124658011E-02    0.000000000000E+00    1.200108681126E-02
   -3.370542053470E-02   -1.200108681126E-02    0.000000000000E+00
    9.383832438609E+00
    0.000000000000E+00    3.066650319482E-02    3.357123386466E-02
   -3.066650319482E-02    0.000000000000E+00    1.191933520135E-02
   -3.357123386466E-02   -1.191933520135E-02    0.000000000000E+00
    9.427225820926E+00
    0.000000000000E+00    3.033561276115E-02    3.343655012895E-02
   -3.033561276115E-02    0.000000000000E+00    1.183814468433E-02
   -3.343655012895E-02   -1.183814468433E-02    0.000000000000E+00
    9.470719303317E+00
    0.000000000000E+00    3.000853574851E-02    3.330138668013E-02
   -3.000853574851E-02    0.000000000000E+00    1.175751234513E-02
   -3.330138668013E-02   -1.175751234513E-02    0.000000000000E+00
    9.514312885784E+00
    0.000000000000E+00    2.968523273053E-02    3.316576077345E-02
   -2.968523273053E-02    0.000000000000E+00    1.167743525410E-02
   -3.316576077345E-02   -1.167743525410E-02    0.000000000000E+00
    9.558006568325E+00
    0.000000000000E+00    2.936566439913E-02    3.302968956356E-02
   -2.936566439913E-02    0.000000000000E+00    1.159791046822E-02
   -3.302968956356E-02   -1.159791046822E-02    0.000000000000E+00
    9.601800350940E+00
    0.000000000000E+00    2.904979157795E-02    3.289319010142E-02
   -2.904979157795E-02    0.000000000000E+00    1.151893503219E-02
   -3.289319010142E-02   -1.151893503219E-02    0.000000000000E+00
    9.645694233630E+00
    0.000000000000E+00    2.873757523502E-02    3.275627933116E-02
   -2.873757523502E-02    0.000000000000E+00    1.144050597951E-02
   -3.275627933116E-02   -1.144050597951E-02    0.000000000000E+00
    9.689688216395E+00
    0.000000000000E+00    2.842897649491E-02    3.261897408713E-02
   -2.842897649491E-02    0.000000000000E+00    1.136262033357E-02
   -3.261897408713E-02   -1.136262033357E-02    0.000000000000E+00
    9.733782299234E+00
    0.000000000000E+00    2.812395665015E-02    3.248129109097E-02
   -2.812395665015E-02    0.000000000000E+00    1.128527510860E-02
   -3.248129109097E-02   -1.128527510860E-02    0.000000000000E+00
    9.777976482147E+00
    0.000000000000E+00    2.782247717209E-02    3.234324694872E-02
   -2.782247717209E-02    0.000000000000E+00    1.120846731068E-02
   -3.234324694872E-02   -1.120846731068E-02    0.000000000000E+00
    9.822270765135E+00
    0.000000000000E+00    2.752449972118E-02    3.220485814805E-02
   -2.752449972118E-02    0.000000000000E+00    1.113219393868E-02
   -3.220485814805E-02   -1.113219393868E-02    0.000000000000E+00
    9.866665148198E+00
    0.000000000000E+00    2.722998615667E-02    3.206614105559E-02
   -2.722998615667E-02    0.000000000000E+00    1.105645198515E-02
   -3.206614105559E-02   -1.105645198515E-02    0.000000000000E+00
    9.911159631335E+00
    0.000000000000E+00    2.693889854577E-02    3.192711191425E-02
   -2.693889854577E-02    0.000000000000E+00    1.098123843720E-02
   -3.192711191425E-02   -1.098123843720E-02    0.000000000000E+00
    9.955754214547E+00
    0.000000000000E+00    2.665119917228E-02    3.178778684073E-02
   -2.665119917228E-02    0.000000000000E+00    1.090655027733E-02
   -3.178778684073E-02   -1.090655027733E-02    0.000000000000E+00
    1.000044889783E+01
    0.000000000000E+00    2.636685054475E-02    3.164818182299E-02
   -2.636685054475E-02    0.000000000000E+00    1.083238448427E-02
   -3.164818182299E-02   -1.083238448427E-02    0.000000000000E+00
    1.004524368119E+01
    0.000000000000E+00    2.608581540408E-02    3.150831271785E-02
   -2.608581540408E-02    0.000000000000E+00    1.075873803374E-02
   -3.150831271785E-02   -1.075873803374E-02    0.000000000000E+00
    1.009013856463E+01
    0.000000000000E+00    2.580805673070E-02    3.136819524873E-02
   -2.580805673070E-02    0.000000000000E+00    1.068560789918E-02
   -3.136819524873E-02   -1.068560789918E-02    0.000000000000E+00
    1.013513354814E+01
    0.000000000000E+00    2.553353775133E-02    3.122784500333E-02
   -2.553353775133E-02    0.000000000000E+00    1.061299105255E-02
   -3.122784500333E-02   -1.061299105255E-02    0.000000000000E+00
    1.018022863172E+01
    0.000000000000E+00    2.526222194519E-02    3.108727743149E-02
   -2.526222194519E-02    0.000000000000E+00    1.054088446492E-02
   -3.108727743149E-02   -1.054088446492E-02    0.000000000000E+00
    1.022542381538E+01
    0.000000000000E+00    2.499407304988E-02    3.094650784311E-02
   -2.499407304988E-02    0.000000000000E+00    1.046928510724E-02
   -3.094650784311E-02   -1.046928510724E-02    0.000000000000E+00
    1.027071909912E+01
    0.000000000000E+00    2.472905506688E-02    3.080555140611E-02
   -2.472905506688E-02    0.000000000000E+00    1.039818995092E-02
   -3.080555140611E-02   -1.039818995092E-02    0.000000000000E+00
    1.031611448293E+01
    0.000000000000E+00    2.446713226655E-02    3.066442314451E-02
   -2.446713226655E-02    0.000000000000E+00    1.032759596849E-02
   -3.066442314451E-02   -1.032759596849E-02    0.000000000000E+00
    1.036160996681E+01
    0.000000000000E+00    2.420826919283E-02    3.052313793654E-02
   -2.420826919283E-02    0.000000000000E+00    1.025750013417E-02
   -3.052313793654E-02   -1.025750013417E-02    0.000000000000E+00
    1.040720555077E+01
    0.000000000000E+00    2.395243066761E-02    3.038171051289E-02
   -2.395243066761E-02    0.000000000000E+00    1.018789942447E-02
   -3.038171051289E-02   -1.018789942447E-02    0.000000000000E+00
    1.045290123480E+01
    0.000000000000E+00    2.369958179467E-02    3.024015545495E-02
   -2.369958179467E-02    0.000000000000E+00    1.011879081870E-02
   -3.024015545495E-02   -1.011879081870E-02    0.000000000000E+00
    1.049869701890E+01
    0.000000000000E+00    2.344968796336E-02    3.009848719324E-02
   -2.344968796336E-02    0.000000000000E+00    1.005017129955E-02
   -3.009848719324E-02   -1.005017129955E-02    0.000000000000E+00
    1.054459290308E+01
    0.000000000000E+00    2.320271485188E-02    2.995672000577E-02
   -2.320271485188E-02    0.000000000000E+00    9.982037853574E-03
   -2.995672000577E-02   -9.982037853574E-03    0.000000000000E+00
    1.059058888734E+01
    0.000000000000E+00    2.295862843038E-02    2.981486801662E-02
   -2.295862843038E-02    0.000000000000E+00    9.914387471676E-03
   -2.981486801662E-02   -9.914387471676E-03    0.000000000000E+00
    1.063668497167E+01
    0.000000000000E+00    2.271739496364E-02    2.967294519451E-02
   -2.271739496364E-02    0.000000000000E+00    9.847217149585E-03
   -2.967294519451E-02   -9.847217149585E-03    0.000000000000E+00
    1.068288115608E+01
    0.000000000000E+00    2.247898101354E-02    2.953096535144E-02
   -2.247898101354E-02    0.000000000000E+00    9.780523888307E-03
   -2.953096535144E-02   -9.780523888307E-03    0.000000000000E+00
    1.072917744055E+01
    0.000000000000E+00    2.224335344124E-02    2.938894214147E-02
   -2.224335344124E-02    0.000000000000E+00    9.714304694551E-03
   -2.938894214147E-02   -9.714304694551E-03    0.000000000000E+00
    1.077557382511E+01
    0.000000000000E+00    2.201047940910E-02    2.924688905949E-02
   -2.201047940910E-02    0.000000000000E+00    9.648556581152E-03
   -2.924688905949E-02   -9.648556581152E-03    0.000000000000E+00
    1.082207030974E+01
    0.000000000000E+00    2.178032638236E-02    2.910481944014E-02
   -2.178032638236E-02    0.000000000000E+00    9.583276567461E-03
   -2.910481944014E-02   -9.583276567461E-03    0.000000000000E+00
    1.086866689444E+01
    0.000000000000E+00    2.155286213058E-02    2.896274645673E-02
   -2.155286213058E-02    0.000000000000E+00    9.518461679729E-03
   -2.896274645673E-02   -9.518461679729E-03    0.000000000000E+00
    1.091536357922E+01
    0.000000000000E+00    2.132805472886E-02    2.882068312031E-02
   -2.132805472886E-02    0.000000000000E+00    9.454108951471E-03
   -2.882068312031E-02   -9.454108951471E-03    0.000000000000E+00
    1.096216036407E+01
    0.000000000000E+00    2.110587255883E-02    2.867864227873E-02
   -2.110587255883E-02    0.000000000000E+00    9.390215423815E-03
   -2.867864227873E-02   -9.390215423815E-03    0.000000000000E+00
    1.100905724899E+01
    0.000000000000E+00    2.088628430946E-02    2.853663661582E-02
   -2.088628430946E-02    0.000000000000E+00    9.326778145841E-03
   -2.853663661582E-02   -9.326778145841E-03    0.000000000000E+00
    1.105605423400E+01
    0.000000000000E+00    2.066925897763E-02    2.839467865065E-02
   -2.066925897763E-02    0.000000000000E+00    9.263794174893E-03
   -2.839467865065E-02   -9.263794174893E-03    0.000000000000E+00
    1.110315131907E+01
    0.000000000000E+00    2.045476586856E-02    2.825278073681E-02
   -2.045476586856E-02    0.000000000000E+00    9.201260576894E-03
   -2.825278073681E-02   -9.201260576894E-03    0.000000000000E+00
    1.115034850422E+01
    0.000000000000E+00    2.024277459601E-02    2.811095506180E-02
   -2.024277459601E-02    0.000000000000E+00    9.139174426633E-03
   -2.811095506180E-02   -9.139174426633E-03    0.000000000000E+00
    1.119764578945E+01
    0.000000000000E+00    2.003325508238E-02    2.796921364645E-02
   -2.003325508238E-02    0.000000000000E+00    9.077532808048E-03
   -2.796921364645E-02   -9.077532808048E-03    0.000000000000E+00
    1.124504317475E+01
    0.000000000000E+00    1.982617755858E-02    2.782756834448E-02
   -1.982617755858E-02    0.000000000000E+00    9.016332814492E-03
   -2.782756834448E-02   -9.016332814492E-03    0.000000000000E+00
    1.129254066012E+01
    0.000000000000E+00    1.962151256374E-02    2.768603084201E-02
   -1.962151256374E-02    0.000000000000E+00    8.955571548990E-03
   -2.768603084201E-02   -8.955571548990E-03    0.000000000000E+00
    1.134013824557E+01
    0.000000000000E+00    1.941923094489E-02    2.754461265725E-02
   -1.941923094489E-02    0.000000000000E+00    8.895246124484E-03
   -2.754461265725E-02   -8.895246124484E-03    0.000000000000E+00
    1.138783593109E+01
    0.000000000000E+00    1.921930385630E-02    2.740332514016E-02
   -1.921930385630E-02    0.000000000000E+00    8.835353664062E-03
   -2.740332514016E-02   -8.835353664062E-03    0.000000000000E+00
    1.143563371669E+01
    0.000000000000E+00    1.902170275889E-02    2.726217947225E-02
   -1.902170275889E-02    0.000000000000E+00    8.775891301185E-03
   -2.726217947225E-02   -8.775891301185E-03    0.000000000000E+00
    1.148353160236E+01
    0.000000000000E+00    1.882639941938E-02    2.712118666640E-02
   -1.882639941938E-02    0.000000000000E+00    8.716856179893E-03
   -2.712118666640E-02   -8.716856179893E-03    0.000000000000E+00
    1.153152958811E+01
    0.000000000000E+00    1.863336590938E-02    2.698035756673E-02
   -1.863336590938E-02    0.000000000000E+00    8.658245455013E-03
   -2.698035756673E-02   -8.658245455013E-03    0.000000000000E+00
    1.157962767393E+01
    0.000000000000E+00    1.844257460433E-02    2.683970284856E-02
   -1.844257460433E-02    0.000000000000E+00    8.600056292347E-03
   -2.683970284856E-02   -8.600056292347E-03    0.000000000000E+00
    1.162782585982E+01
    0.000000000000E+00    1.825399818238E-02    2.669923301841E-02
   -1.825399818238E-02    0.000000000000E+00    8.542285868853E-03
   -2.669923301841E-02   -8.542285868853E-03    0.000000000000E+00
    1.167612414579E+01
    0.000000000000E+00    1.806760962312E-02    2.655895841408E-02
   -1.806760962312E-02    0.000000000000E+00    8.484931372825E-03
   -2.655895841408E-02   -8.484931372825E-03    0.000000000000E+00
    1.172452253184E+01
    0.000000000000E+00    1.788338220625E-02    2.641888920473E-02
   -1.788338220625E-02    0.000000000000E+00    8.427990004050E-03
   -2.641888920473E-02   -8.427990004050E-03    0.000000000000E+00
    1.177302101796E+01
    0.000000000000E+00    1.770128951012E-02    2.627903539111E-02
   -1.770128951012E-02    0.000000000000E+00    8.371458973973E-03
   -2.627903539111E-02   -8.371458973973E-03    0.000000000000E+00
    1.182161960415E+01
    0.000000000000E+00    1.752130541025E-02    2.613940680575E-02
   -1.752130541025E-02    0.000000000000E+00    8.315335505838E-03
   -2.613940680575E-02   -8.315335505838E-03    0.000000000000E+00
    1.187031829042E+01
    0.000000000000E+00    1.734340407769E-02    2.600001311325E-02
   -1.734340407769E-02    0.000000000000E+00    8.259616834833E-03
   -2.600001311325E-02   -8.259616834833E-03    0.000000000000E+00
    1.191911707676E+01
    0.000000000000E+00    1.716755997737E-02    2.586086381063E-02
   -1.716755997737E-02    0.000000000000E+00    8.204300208223E-03
   -2.586086381063E-02   -8.204300208223E-03    0.000000000000E+00
    1.196801596318E+01
    0.000000000000E+00    1.699374786633E-02    2.572196822769E-02
   -1.699374786633E-02    0.000000000000E+00    8.149382885477E-03
   -2.572196822769E-02   -8.149382885477E-03    0.000000000000E+00
    1.201701494967E+01
    0.000000000000E+00    1.682194279193E-02    2.558333552748E-02
   -1.682194279193E-02    0.000000000000E+00    8.094862138383E-03
   -2.558333552748E-02   -8.094862138383E-03    0.000000000000E+00
    1.206611403624E+01
    0.000000000000E+00    1.665212008996E-02    2.544497470677E-02
   -1.665212008996E-02    0.000000000000E+00    8.040735251166E-03
   -2.544497470677E-02   -8.040735251166E-03    0.000000000000E+00
    1.211531322288E+01
    0.000000000000E+00    1.648425538268E-02    2.530689459654E-02
   -1.648425538268E-02    0.000000000000E+00    7.986999520592E-03
   -2.530689459654E-02   -7.986999520592E-03    0.000000000000E+00
    1.216461250959E+01
    0.000000000000E+00    1.631832457691E-02    2.516910386265E-02
   -1.631832457691E-02    0.000000000000E+00    7.933652256065E-03
   -2.516910386265E-02   -7.933652256065E-03    0.000000000000E+00
    1.221401189638E+01
    0.000000000000E+00    1.615430386188E-02    2.503161100637E-02
   -1.615430386188E-02    0.000000000000E+00    7.880690779725E-03
   -2.503161100637E-02   -7.880690779725E-03    0.000000000000E+00
    1.226351138325E+01
    0.000000000000E+00    1.599216970724E-02    2.489442436511E-02
   -1.599216970724E-02    0.000000000000E+00    7.828112426537E-03
   -2.489442436511E-02   -7.828112426537E-03    0.000000000000E+00
    1.231311097019E+01
    0.000000000000E+00    1.583189886087E-02    2.475755211311E-02
   -1.583189886087E-02    0.000000000000E+00    7.775914544369E-03
   -2.475755211311E-02   -7.775914544369E-03    0.000000000000E+00
    1.236281065720E+01
    0.000000000000E+00    1.567346834675E-02    2.462100226217E-02
   -1.567346834675E-02    0.000000000000E+00    7.724094494071E-03
   -2.462100226217E-02   -7.724094494071E-03    0.000000000000E+00
    1.241261044429E+01
    0.000000000000E+00    1.551685546272E-02    2.448478266250E-02
   -1.551685546272E-02    0.000000000000E+00    7.672649649552E-03
   -2.448478266250E-02   -7.672649649552E-03    0.000000000000E+00
    1.246251033145E+01
    0.000000000000E+00    1.536203777825E-02    2.434890100349E-02
   -1.536203777825E-02    0.000000000000E+00    7.621577397839E-03
   -2.434890100349E-02   -7.621577397839E-03    0.000000000000E+00
    1.251251031869E+01
    0.000000000000E+00    1.520899313218E-02    2.421336481461E-02
   -1.520899313218E-02    0.000000000000E+00    7.570875139146E-03
   -2.421336481461E-02   -7.570875139146E-03    0.000000000000E+00
    1.256261040600E+01
    0.000000000000E+00    1.505769963040E-02    2.407818146634E-02
   -1.505769963040E-02    0.000000000000E+00    7.520540286930E-03
   -2.407818146634E-02   -7.520540286930E-03    0.000000000000E+00
    1.261281059339E+01
    0.000000000000E+00    1.490813564353E-02    2.394335817107E-02
   -1.490813564353E-02    0.000000000000E+00    7.470570267943E-03
   -2.394335817107E-02   -7.470570267943E-03    0.000000000000E+00
    1.266311088085E+01
    0.000000000000E+00    1.476027980458E-02    2.380890198408E-02
   -1.476027980458E-02    0.000000000000E+00    7.420962522283E-03
   -2.380890198408E-02   -7.420962522283E-03    0.000000000000E+00
    1.271351126839E+01
    0.000000000000E+00    1.461411100657E-02    2.367481980461E-02
   -1.461411100657E-02    0.000000000000E+00    7.371714503438E-03
   -2.367481980461E-02   -7.371714503438E-03    0.000000000000E+00
    1.276401175600E+01
    0.000000000000E+00    1.446960840014E-02    2.354111837682E-02
   -1.446960840014E-02    0.000000000000E+00    7.322823678327E-03
   -2.354111837682E-02   -7.322823678327E-03    0.000000000000E+00
    1.281461234368E+01
    0.000000000000E+00    1.432675139116E-02    2.340780429094E-02
   -1.432675139116E-02    0.000000000000E+00    7.274287527341E-03
   -2.340780429094E-02   -7.274287527341E-03    0.000000000000E+00
    1.286531303144E+01
    0.000000000000E+00    1.418551963828E-02    2.327488398433E-02
   -1.418551963828E-02    0.000000000000E+00    7.226103544370E-03
   -2.327488398433E-02   -7.226103544370E-03    0.000000000000E+00
    1.291611381928E+01
    0.000000000000E+00    1.404589305053E-02    2.314236374262E-02
   -1.404589305053E-02    0.000000000000E+00    7.178269236839E-03
   -2.314236374262E-02   -7.178269236839E-03    0.000000000000E+00
    1.296701470718E+01
    0.000000000000E+00    1.390785178487E-02    2.301024970088E-02
   -1.390785178487E-02    0.000000000000E+00    7.130782125732E-03
   -2.301024970088E-02   -7.130782125732E-03    0.000000000000E+00
    1.301801569517E+01
    0.000000000000E+00    1.377137624374E-02    2.287854784483E-02
   -1.377137624374E-02    0.000000000000E+00    7.083639745615E-03
   -2.287854784483E-02   -7.083639745615E-03    0.000000000000E+00
    1.306911678322E+01
    0.000000000000E+00    1.363644707260E-02    2.274726401199E-02
   -1.363644707260E-02    0.000000000000E+00    7.036839644660E-03
   -2.274726401199E-02   -7.036839644660E-03    0.000000000000E+00
    1.312031797136E+01
    0.000000000000E+00    1.350304515746E-02    2.261640389299E-02
   -1.350304515746E-02    0.000000000000E+00    6.990379384658E-03
   -2.261640389299E-02   -6.990379384658E-03    0.000000000000E+00
    1.317161925956E+01
    0.000000000000E+00    1.337115162246E-02    2.248597303280E-02
   -1.337115162246E-02    0.000000000000E+00    6.944256541033E-03
   -2.248597303280E-02   -6.944256541033E-03    0.000000000000E+00
    1.322302064784E+01
    0.000000000000E+00    1.324074782733E-02    2.235597683200E-02
   -1.324074782733E-02    0.000000000000E+00    6.898468702860E-03
   -2.235597683200E-02   -6.898468702860E-03    0.000000000000E+00
    1.327452213620E+01
    0.000000000000E+00    1.311181536501E-02    2.222642054812E-02
   -1.311181536501E-02    0.000000000000E+00    6.853013472867E-03
   -2.222642054812E-02   -6.853013472867E-03    0.000000000000E+00
    1.332612372463E+01
    0.000000000000E+00    1.298433605912E-02    2.209730929693E-02
   -1.298433605912E-02    0.000000000000E+00    6.807888467443E-03
   -2.209730929693E-02   -6.807888467443E-03    0.000000000000E+00
    1.337782541313E+01
    0.000000000000E+00    1.285829196152E-02    2.196864805381E-02
   -1.285829196152E-02    0.000000000000E+00    6.763091316644E-03
   -2.196864805381E-02   -6.763091316644E-03    0.000000000000E+00
    1.342962720171E+01
    0.000000000000E+00    1.273366534985E-02    2.184044165511E-02
   -1.273366534985E-02    0.000000000000E+00    6.718619664191E-03
   -2.184044165511E-02   -6.718619664191E-03    0.000000000000E+00
    1.348152909037E+01
    0.000000000000E+00    1.261043872508E-02    2.171269479952E-02
   -1.261043872508E-02    0.000000000000E+00    6.674471167471E-03
   -2.171269479952E-02   -6.674471167471E-03    0.000000000000E+00
    1.353353107910E+01
    0.000000000000E+00    1.248859480908E-02    2.158541204948E-02
   -1.248859480908E-02    0.000000000000E+00    6.630643497534E-03
   -2.158541204948E-02   -6.630643497534E-03    0.000000000000E+00
    1.358563316790E+01
    0.000000000000E+00    1.236811654212E-02    2.145859783256E-02
   -1.236811654212E-02    0.000000000000E+00    6.587134339086E-03
   -2.145859783256E-02   -6.587134339086E-03    0.000000000000E+00
    1.363783535678E+01
    0.000000000000E+00    1.224898708050E-02    2.133225644295E-02
   -1.224898708050E-02    0.000000000000E+00    6.543941390482E-03
   -2.133225644295E-02   -6.543941390482E-03    0.000000000000E+00
    1.369013764573E+01
    0.000000000000E+00    1.213118979409E-02    2.120639204282E-02
   -1.213118979409E-02    0.000000000000E+00    6.501062363716E-03
   -2.120639204282E-02   -6.501062363716E-03    0.000000000000E+00
    1.374254003476E+01
    0.000000000000E+00    1.201470826393E-02    2.108100866383E-02
   -1.201470826393E-02    0.000000000000E+00    6.458494984410E-03
   -2.108100866383E-02   -6.458494984410E-03    0.000000000000E+00
    1.379504252386E+01
    0.000000000000E+00    1.189952627981E-02    2.095611020858E-02
   -1.189952627981E-02    0.000000000000E+00    6.416236991800E-03
   -2.095611020858E-02   -6.416236991800E-03    0.000000000000E+00
    1.384764511303E+01
    0.000000000000E+00    1.178562783791E-02    2.083170045206E-02
   -1.178562783791E-02    0.000000000000E+00    6.374286138722E-03
   -2.083170045206E-02   -6.374286138722E-03    0.000000000000E+00
    1.390034780228E+01
    0.000000000000E+00    1.167299713837E-02    2.070778304317E-02
   -1.167299713837E-02    0.000000000000E+00    6.332640191594E-03
   -2.070778304317E-02   -6.332640191594E-03    0.000000000000E+00
    1.395315059161E+01
    0.000000000000E+00    1.156161858296E-02    2.058436150617E-02
   -1.156161858296E-02    0.000000000000E+00    6.291296930395E-03
   -2.058436150617E-02   -6.291296930395E-03    0.000000000000E+00
    1.400605348101E+01
    0.000000000000E+00    1.145147677272E-02    2.046143924222E-02
   -1.145147677272E-02    0.000000000000E+00    6.250254148650E-03
   -2.046143924222E-02   -6.250254148650E-03    0.000000000000E+00
    1.405905647048E+01
    0.000000000000E+00    1.134255650560E-02    2.033901953086E-02
   -1.134255650560E-02    0.000000000000E+00    6.209509653403E-03
   -2.033901953086E-02   -6.209509653403E-03    0.000000000000E+00
    1.411215956003E+01
    0.000000000000E+00    1.123484277415E-02    2.021710553155E-02
   -1.123484277415E-02    0.000000000000E+00    6.169061265197E-03
   -2.021710553155E-02   -6.169061265197E-03    0.000000000000E+00
    1.416536274965E+01
    0.000000000000E+00    1.112832076321E-02    2.009570028515E-02
   -1.112832076321E-02    0.000000000000E+00    6.128906818047E-03
   -2.009570028515E-02   -6.128906818047E-03    0.000000000000E+00
    1.421866603935E+01
    0.000000000000E+00    1.102297584761E-02    1.997480671548E-02
   -1.102297584761E-02    0.000000000000E+00    6.089044159414E-03
   -1.997480671548E-02   -6.089044159414E-03    0.000000000000E+00
    1.427206942912E+01
    0.000000000000E+00    1.091879358988E-02    1.985442763083E-02
   -1.091879358988E-02    0.000000000000E+00    6.049471150180E-03
   -1.985442763083E-02   -6.049471150180E-03    0.000000000000E+00
    1.432557291897E+01
    0.000000000000E+00    1.081575973802E-02    1.973456572550E-02
   -1.081575973802E-02    0.000000000000E+00    6.010185664615E-03
   -1.973456572550E-02   -6.010185664615E-03    0.000000000000E+00
    1.437917650889E+01
    0.000000000000E+00    1.071386022320E-02    1.961522358133E-02
   -1.071386022320E-02    0.000000000000E+00    5.971185590350E-03
   -1.961522358133E-02   -5.971185590350E-03    0.000000000000E+00
    1.443288019889E+01
    0.000000000000E+00    1.061308115760E-02    1.949640366922E-02
   -1.061308115760E-02    0.000000000000E+00    5.932468828343E-03
   -1.949640366922E-02   -5.932468828343E-03    0.000000000000E+00
    1.448668398896E+01
    0.000000000000E+00    1.051340883212E-02    1.937810835070E-02
   -1.051340883212E-02    0.000000000000E+00    5.894033292849E-03
   -1.937810835070E-02   -5.894033292849E-03    0.000000000000E+00
    1.454058787910E+01
    0.000000000000E+00    1.041482971427E-02    1.926033987943E-02
   -1.041482971427E-02    0.000000000000E+00    5.855876911386E-03
   -1.926033987943E-02   -5.855876911386E-03    0.000000000000E+00
    1.459459186932E+01
    0.000000000000E+00    1.031733044593E-02    1.914310040276E-02
   -1.031733044593E-02    0.000000000000E+00    5.817997624697E-03
   -1.914310040276E-02   -5.817997624697E-03    0.000000000000E+00
    1.464869595962E+01
    0.000000000000E+00    1.022089784123E-02    1.902639196327E-02
   -1.022089784123E-02    0.000000000000E+00    5.780393386718E-03
   -1.902639196327E-02   -5.780393386718E-03    0.000000000000E+00
    1.470290014998E+01
    0.000000000000E+00    1.012551888439E-02    1.891021650030E-02
   -1.012551888439E-02    0.000000000000E+00    5.743062164541E-03
   -1.891021650030E-02   -5.743062164541E-03    0.000000000000E+00
    1.475720444043E+01
    0.000000000000E+00    1.003118072762E-02    1.879457585144E-02
   -1.003118072762E-02    0.000000000000E+00    5.706001938372E-03
   -1.879457585144E-02   -5.706001938372E-03    0.000000000000E+00
    1.481160883094E+01
    0.000000000000E+00    9.937870689022E-03    1.867947175415E-02
   -9.937870689022E-03    0.000000000000E+00    5.669210701498E-03
   -1.867947175415E-02   -5.669210701498E-03    0.000000000000E+00
    1.486611332154E+01
    0.000000000000E+00    9.845576250478E-03    1.856490584720E-02
   -9.845576250478E-03    0.000000000000E+00    5.632686460241E-03
   -1.856490584720E-02   -5.632686460241E-03    0.000000000000E+00
    1.492071791220E+01
    0.000000000000E+00    9.754285055632E-03    1.845087967224E-02
   -9.754285055632E-03    0.000000000000E+00    5.596427233923E-03
   -1.845087967224E-02   -5.596427233923E-03    0.000000000000E+00
    1.497542260295E+01
    0.000000000000E+00    9.663984907822E-03    1.833739467529E-02
   -9.663984907822E-03    0.000000000000E+00    5.560431054823E-03
   -1.833739467529E-02   -5.560431054823E-03    0.000000000000E+00
    1.503022739376E+01
    0.000000000000E+00    9.574663768069E-03    1.822445220830E-02
   -9.574663768069E-03    0.000000000000E+00    5.524695968133E-03
   -1.822445220830E-02   -5.524695968133E-03    0.000000000000E+00
    1.508513228465E+01
    0.000000000000E+00    9.486309753072E-03    1.811205353060E-02
   -9.486309753072E-03    0.000000000000E+00    5.489220031917E-03
   -1.811205353060E-02   -5.489220031917E-03    0.000000000000E+00
    1.514013727562E+01
    0.000000000000E+00    9.398911133229E-03    1.800019981046E-02
   -9.398911133229E-03    0.000000000000E+00    5.454001317065E-03
   -1.800019981046E-02   -5.454001317065E-03    0.000000000000E+00
    1.519524236666E+01
    0.000000000000E+00    9.312456330676E-03    1.788889212653E-02
   -9.312456330676E-03    0.000000000000E+00    5.419037907251E-03
   -1.788889212653E-02   -5.419037907251E-03    0.000000000000E+00
    1.525044755777E+01
    0.000000000000E+00    9.226933917341E-03    1.777813146939E-02
   -9.226933917341E-03    0.000000000000E+00    5.384327898886E-03
   -1.777813146939E-02   -5.384327898886E-03    0.000000000000E+00
    1.530575284896E+01
    0.000000000000E+00    9.142332613030E-03    1.766791874296E-02
   -9.142332613030E-03    0.000000000000E+00    5.349869401074E-03
   -1.766791874296E-02   -5.349869401074E-03    0.000000000000E+00
    1.536115824022E+01
    0.000000000000E+00    9.058641283520E-03    1.755825476606E-02
   -9.058641283520E-03    0.000000000000E+00    5.315660535564E-03
   -1.755825476606E-02   -5.315660535564E-03    0.000000000000E+00
    1.541666373156E+01
    0.000000000000E+00    8.975848938683E-03    1.744914027382E-02
   -8.975848938683E-03    0.000000000000E+00    5.281699436701E-03
   -1.744914027382E-02   -5.281699436701E-03    0.000000000000E+00
    1.547226932297E+01
    0.000000000000E+00    8.893944730619E-03    1.734057591913E-02
   -8.893944730619E-03    0.000000000000E+00    5.247984251384E-03
   -1.734057591913E-02   -5.247984251384E-03    0.000000000000E+00
    1.552797501446E+01
    0.000000000000E+00    8.812917951822E-03    1.723256227416E-02
   -8.812917951822E-03    0.000000000000E+00    5.214513139010E-03
   -1.723256227416E-02   -5.214513139010E-03    0.000000000000E+00
    1.558378080602E+01
    0.000000000000E+00    8.732758033356E-03    1.712509983172E-02
   -8.732758033356E-03    0.000000000000E+00    5.181284271432E-03
   -1.712509983172E-02   -5.181284271432E-03    0.000000000000E+00
    1.563968669766E+01
    0.000000000000E+00    8.653454543054E-03    1.701818900674E-02
   -8.653454543054E-03    0.000000000000E+00    5.148295832905E-03
   -1.701818900674E-02   -5.148295832905E-03    0.000000000000E+00
    1.569569268937E+01
    0.000000000000E+00    8.574997183741E-03    1.691183013769E-02
   -8.574997183741E-03    0.000000000000E+00    5.115546020039E-03
   -1.691183013769E-02   -5.115546020039E-03    0.000000000000E+00
    1.575179878115E+01
    0.000000000000E+00    8.497375791468E-03    1.680602348796E-02
   -8.497375791468E-03    0.000000000000E+00    5.083033041745E-03
   -1.680602348796E-02   -5.083033041745E-03    0.000000000000E+00
    1.580800497301E+01
    0.000000000000E+00    8.420580333778E-03    1.670076924732E-02
   -8.420580333778E-03    0.000000000000E+00    5.050755119188E-03
   -1.670076924732E-02   -5.050755119188E-03    0.000000000000E+00
    1.586431126495E+01
    0.000000000000E+00    8.344600907979E-03    1.659606753324E-02
   -8.344600907979E-03    0.000000000000E+00    5.018710485732E-03
   -1.659606753324E-02   -5.018710485732E-03    0.000000000000E+00
    1.592071765695E+01
    0.000000000000E+00    8.269427739451E-03    1.649191839233E-02
   -8.269427739451E-03    0.000000000000E+00    4.986897386892E-03
   -1.649191839233E-02   -4.986897386892E-03    0.000000000000E+00
    1.597722414904E+01
    0.000000000000E+00    8.195051179955E-03    1.638832180169E-02
   -8.195051179955E-03    0.000000000000E+00    4.955314080278E-03
   -1.638832180169E-02   -4.955314080278E-03    0.000000000000E+00
    1.603383074119E+01
    0.000000000000E+00    8.121461705981E-03    1.628527767025E-02
   -8.121461705981E-03    0.000000000000E+00    4.923958835544E-03
   -1.628527767025E-02   -4.923958835544E-03    0.000000000000E+00
    1.609053743343E+01
    0.000000000000E+00    8.048649917098E-03    1.618278584014E-02
   -8.048649917098E-03    0.000000000000E+00    4.892829934335E-03
   -1.618278584014E-02   -4.892829934335E-03    0.000000000000E+00
    1.614734422573E+01
    0.000000000000E+00    7.976606534338E-03    1.608084608803E-02
   -7.976606534338E-03    0.000000000000E+00    4.861925670234E-03
   -1.608084608803E-02   -4.861925670234E-03    0.000000000000E+00
    1.620425111812E+01
    0.000000000000E+00    7.905322398588E-03    1.597945812641E-02
   -7.905322398588E-03    0.000000000000E+00    4.831244348704E-03
   -1.597945812641E-02   -4.831244348704E-03    0.000000000000E+00
    1.626125811057E+01
    0.000000000000E+00    7.834788469010E-03    1.587862160496E-02
   -7.834788469010E-03    0.000000000000E+00    4.800784287043E-03
   -1.587862160496E-02   -4.800784287043E-03    0.000000000000E+00
    1.631836520310E+01
    0.000000000000E+00    7.764995821471E-03    1.577833611181E-02
   -7.764995821471E-03    0.000000000000E+00    4.770543814318E-03
   -1.577833611181E-02   -4.770543814318E-03    0.000000000000E+00
    1.637557239571E+01
    0.000000000000E+00    7.695935647001E-03    1.567860117481E-02
   -7.695935647001E-03    0.000000000000E+00    4.740521271319E-03
   -1.567860117481E-02   -4.740521271319E-03    0.000000000000E+00
    1.643287968839E+01
    0.000000000000E+00    7.627599250265E-03    1.557941626287E-02
   -7.627599250265E-03    0.000000000000E+00    4.710715010501E-03
   -1.557941626287E-02   -4.710715010501E-03    0.000000000000E+00
    1.649028708114E+01
    0.000000000000E+00    7.559978048054E-03    1.548078078714E-02
   -7.559978048054E-03    0.000000000000E+00    4.681123395928E-03
   -1.548078078714E-02   -4.681123395928E-03    0.000000000000E+00
    1.654779457397E+01
    0.000000000000E+00    7.493063567794E-03    1.538269410232E-02
   -7.493063567794E-03    0.000000000000E+00    4.651744803216E-03
   -1.538269410232E-02   -4.651744803216E-03    0.000000000000E+00
    1.660540216687E+01
    0.000000000000E+00    7.426847446075E-03    1.528515550784E-02
   -7.426847446075E-03    0.000000000000E+00    4.622577619481E-03
   -1.528515550784E-02   -4.622577619481E-03    0.000000000000E+00
    1.666310985985E+01
    0.000000000000E+00    7.361321427202E-03    1.518816424915E-02
   -7.361321427202E-03    0.000000000000E+00    4.593620243279E-03
   -1.518816424915E-02   -4.593620243279E-03    0.000000000000E+00
    1.672091765290E+01
    0.000000000000E+00    7.296477361752E-03    1.509171951885E-02
   -7.296477361752E-03    0.000000000000E+00    4.564871084553E-03
   -1.509171951885E-02   -4.564871084553E-03    0.000000000000E+00
    1.677882554603E+01
    0.000000000000E+00    7.232307205162E-03    1.499582045792E-02
   -7.232307205162E-03    0.000000000000E+00    4.536328564574E-03
   -1.499582045792E-02   -4.536328564574E-03    0.000000000000E+00
    1.683683353923E+01
    0.000000000000E+00    7.168803016331E-03    1.490046615693E-02
   -7.168803016331E-03    0.000000000000E+00    4.507991115883E-03
   -1.490046615693E-02   -4.507991115883E-03    0.000000000000E+00
    1.689494163251E+01
    0.000000000000E+00    7.105956956233E-03    1.480565565715E-02
   -7.105956956233E-03    0.000000000000E+00    4.479857182238E-03
   -1.480565565715E-02   -4.479857182238E-03    0.000000000000E+00
    1.695314982586E+01
    0.000000000000E+00    7.043761286558E-03    1.471138795173E-02
   -7.043761286558E-03    0.000000000000E+00    4.451925218553E-03
   -1.471138795173E-02   -4.451925218553E-03    0.000000000000E+00
    1.701145811928E+01
    0.000000000000E+00    6.982208368364E-03    1.461766198686E-02
   -6.982208368364E-03    0.000000000000E+00    4.424193690843E-03
   -1.461766198686E-02   -4.424193690843E-03    0.000000000000E+00
    1.706986651278E+01
    0.000000000000E+00    6.921290660745E-03    1.452447666285E-02
   -6.921290660745E-03    0.000000000000E+00    4.396661076166E-03
   -1.452447666285E-02   -4.396661076166E-03    0.000000000000E+00
    1.712837500636E+01
    0.000000000000E+00    6.861000719523E-03    1.443183083528E-02
   -6.861000719523E-03    0.000000000000E+00    4.369325862563E-03
   -1.443183083528E-02   -4.369325862563E-03    0.000000000000E+00
    1.718698360001E+01
    0.000000000000E+00    6.801331195947E-03    1.433972331608E-02
   -6.801331195947E-03    0.000000000000E+00    4.342186549004E-03
   -1.433972331608E-02   -4.342186549004E-03    0.000000000000E+00
    1.724569229373E+01
    0.000000000000E+00    6.742274835419E-03    1.424815287460E-02
   -6.742274835419E-03    0.000000000000E+00    4.315241645327E-03
   -1.424815287460E-02   -4.315241645327E-03    0.000000000000E+00
    1.730450108753E+01
    0.000000000000E+00    6.683824476231E-03    1.415711823872E-02
   -6.683824476231E-03    0.000000000000E+00    4.288489672182E-03
   -1.415711823872E-02   -4.288489672182E-03    0.000000000000E+00
    1.736340998140E+01
    0.000000000000E+00    6.625973048317E-03    1.406661809588E-02
   -6.625973048317E-03    0.000000000000E+00    4.261929160971E-03
   -1.406661809588E-02   -4.261929160971E-03    0.000000000000E+00
    1.742241897535E+01
    0.000000000000E+00    6.568713572024E-03    1.397665109410E-02
   -6.568713572024E-03    0.000000000000E+00    4.235558653790E-03
   -1.397665109410E-02   -4.235558653790E-03    0.000000000000E+00
    1.748152806937E+01
    0.000000000000E+00    6.512039156900E-03    1.388721584305E-02
   -6.512039156900E-03    0.000000000000E+00    4.209376703372E-03
   -1.388721584305E-02   -4.209376703372E-03    0.000000000000E+00
    1.754073726346E+01
    0.000000000000E+00    6.455943000497E-03    1.379831091506E-02
   -6.455943000497E-03    0.000000000000E+00    4.183381873028E-03
   -1.379831091506E-02   -4.183381873028E-03    0.000000000000E+00
    1.760004655763E+01
    0.000000000000E+00    6.400418387185E-03    1.370993484607E-02
   -6.400418387185E-03    0.000000000000E+00    4.157572736587E-03
   -1.370993484607E-02   -4.157572736587E-03    0.000000000000E+00
    1.765945595188E+01
    0.000000000000E+00    6.345458686991E-03    1.362208613667E-02
   -6.345458686991E-03    0.000000000000E+00    4.131947878340E-03
   -1.362208613667E-02   -4.131947878340E-03    0.000000000000E+00
    1.771896544620E+01
    0.000000000000E+00    6.291057354444E-03    1.353476325305E-02
   -6.291057354444E-03    0.000000000000E+00    4.106505892977E-03
   -1.353476325305E-02   -4.106505892977E-03    0.000000000000E+00
    1.777857504059E+01
    0.000000000000E+00    6.237207927441E-03    1.344796462797E-02
   -6.237207927441E-03    0.000000000000E+00    4.081245385535E-03
   -1.344796462797E-02   -4.081245385535E-03    0.000000000000E+00
    1.783828473506E+01
    0.000000000000E+00    6.183904026127E-03    1.336168866169E-02
   -6.183904026127E-03    0.000000000000E+00    4.056164971333E-03
   -1.336168866169E-02   -4.056164971333E-03    0.000000000000E+00
    1.789809452961E+01
    0.000000000000E+00    6.131139351790E-03    1.327593372289E-02
   -6.131139351790E-03    0.000000000000E+00    4.031263275916E-03
   -1.327593372289E-02   -4.031263275916E-03    0.000000000000E+00
    1.795800442422E+01
    0.000000000000E+00    6.078907685767E-03    1.319069814962E-02
   -6.078907685767E-03    0.000000000000E+00    4.006538934996E-03
   -1.319069814962E-02   -4.006538934996E-03    0.000000000000E+00
    1.801801441892E+01
    0.000000000000E+00    6.027202888369E-03    1.310598025019E-02
   -6.027202888369E-03    0.000000000000E+00    3.981990594393E-03
   -1.310598025019E-02   -3.981990594393E-03    0.000000000000E+00
    1.807812451368E+01
    0.000000000000E+00    5.976018897823E-03    1.302177830404E-02
   -5.976018897823E-03    0.000000000000E+00    3.957616909978E-03
   -1.302177830404E-02   -3.957616909978E-03    0.000000000000E+00
    1.813833470852E+01
    0.000000000000E+00    5.925349729218E-03    1.293809056264E-02
   -5.925349729218E-03    0.000000000000E+00    3.933416547609E-03
   -1.293809056264E-02   -3.933416547609E-03    0.000000000000E+00
    1.819864500344E+01
    0.000000000000E+00    5.875189473474E-03    1.285491525033E-02
   -5.875189473474E-03    0.000000000000E+00    3.909388183079E-03
   -1.285491525033E-02   -3.909388183079E-03    0.000000000000E+00
    1.825905539843E+01
    0.000000000000E+00    5.825532296326E-03    1.277225056520E-02
   -5.825532296326E-03    0.000000000000E+00    3.885530502052E-03
   -1.277225056520E-02   -3.885530502052E-03    0.000000000000E+00
    1.831956589350E+01
    0.000000000000E+00    5.776372437311E-03    1.269009467989E-02
   -5.776372437311E-03    0.000000000000E+00    3.861842200007E-03
   -1.269009467989E-02   -3.861842200007E-03    0.000000000000E+00
    1.838017648864E+01
    0.000000000000E+00    5.727704208782E-03    1.260844574245E-02
   -5.727704208782E-03    0.000000000000E+00    3.838321982179E-03
   -1.260844574245E-02   -3.838321982179E-03    0.000000000000E+00
    1.844088718385E+01
    0.000000000000E+00    5.679521994924E-03    1.252730187711E-02
   -5.679521994924E-03    0.000000000000E+00    3.814968563497E-03
   -1.252730187711E-02   -3.814968563497E-03    0.000000000000E+00
    1.850169797914E+01
    0.000000000000E+00    5.631820250793E-03    1.244666118509E-02
   -5.631820250793E-03    0.000000000000E+00    3.791780668532E-03
   -1.244666118509E-02   -3.791780668532E-03    0.000000000000E+00
    1.856260887450E+01
    0.000000000000E+00    5.584593501360E-03    1.236652174541E-02
   -5.584593501360E-03    0.000000000000E+00    3.768757031432E-03
   -1.236652174541E-02   -3.768757031432E-03    0.000000000000E+00
    1.862361986994E+01
    0.000000000000E+00    5.537836340571E-03    1.228688161561E-02
   -5.537836340571E-03    0.000000000000E+00    3.745896395867E-03
   -1.228688161561E-02   -3.745896395867E-03    0.000000000000E+00
    1.868473096545E+01
    0.000000000000E+00    5.491543430425E-03    1.220773883254E-02
   -5.491543430425E-03    0.000000000000E+00    3.723197514969E-03
   -1.220773883254E-02   -3.723197514969E-03    0.000000000000E+00
    1.874594216104E+01
    0.000000000000E+00    5.445709500053E-03    1.212909141310E-02
   -5.445709500053E-03    0.000000000000E+00    3.700659151275E-03
   -1.212909141310E-02   -3.700659151275E-03    0.000000000000E+00
    1.880725345670E+01
    0.000000000000E+00    5.400329344821E-03    1.205093735498E-02
   -5.400329344821E-03    0.000000000000E+00    3.678280076667E-03
   -1.205093735498E-02   -3.678280076667E-03    0.000000000000E+00
    1.886866485244E+01
    0.000000000000E+00    5.355397825440E-03    1.197327463735E-02
   -5.355397825440E-03    0.000000000000E+00    3.656059072316E-03
   -1.197327463735E-02   -3.656059072316E-03    0.000000000000E+00
    1.893017634825E+01
    0.000000000000E+00    5.310909867086E-03    1.189610122158E-02
   -5.310909867086E-03    0.000000000000E+00    3.633994928621E-03
   -1.189610122158E-02   -3.633994928621E-03    0.000000000000E+00
    1.899178794413E+01
    0.000000000000E+00    5.266860458537E-03    1.181941505195E-02
   -5.266860458537E-03    0.000000000000E+00    3.612086445152E-03
   -1.181941505195E-02   -3.612086445152E-03    0.000000000000E+00
    1.905349964009E+01
    0.000000000000E+00    5.223244651319E-03    1.174321405630E-02
   -5.223244651319E-03    0.000000000000E+00    3.590332430596E-03
   -1.174321405630E-02   -3.590332430596E-03    0.000000000000E+00
    1.911531143613E+01
    0.000000000000E+00    5.180057558866E-03    1.166749614675E-02
   -5.180057558866E-03    0.000000000000E+00    3.568731702691E-03
   -1.166749614675E-02   -3.568731702691E-03    0.000000000000E+00
    1.917722333224E+01
    0.000000000000E+00    5.137294355686E-03    1.159225922029E-02
   -5.137294355686E-03    0.000000000000E+00    3.547283088177E-03
   -1.159225922029E-02   -3.547283088177E-03    0.000000000000E+00
    1.923923532842E+01
    0.000000000000E+00    5.094950276545E-03    1.151750115947E-02
   -5.094950276545E-03    0.000000000000E+00    3.525985422731E-03
   -1.151750115947E-02   -3.525985422731E-03    0.000000000000E+00
    1.930134742468E+01
    0.000000000000E+00    5.053020615658E-03    1.144321983305E-02
   -5.053020615658E-03    0.000000000000E+00    3.504837550915E-03
   -1.144321983305E-02   -3.504837550915E-03    0.000000000000E+00
    1.936355962101E+01
    0.000000000000E+00    5.011500725894E-03    1.136941309656E-02
   -5.011500725894E-03    0.000000000000E+00    3.483838326116E-03
   -1.136941309656E-02   -3.483838326116E-03    0.000000000000E+00
    1.942587191742E+01
    0.000000000000E+00    4.970386017991E-03    1.129607879297E-02
   -4.970386017991E-03    0.000000000000E+00    3.462986610488E-03
   -1.129607879297E-02   -3.462986610488E-03    0.000000000000E+00
    1.948828431390E+01
    0.000000000000E+00    4.929671959779E-03    1.122321475325E-02
   -4.929671959779E-03    0.000000000000E+00    3.442281274899E-03
   -1.122321475325E-02   -3.442281274899E-03    0.000000000000E+00
    1.955079681046E+01
    0.000000000000E+00    4.889354075416E-03    1.115081879699E-02
   -4.889354075416E-03    0.000000000000E+00    3.421721198868E-03
   -1.115081879699E-02   -3.421721198868E-03    0.000000000000E+00
    1.961340940709E+01
    0.000000000000E+00    4.849427944638E-03    1.107888873294E-02
   -4.849427944638E-03    0.000000000000E+00    3.401305270512E-03
   -1.107888873294E-02   -3.401305270512E-03    0.000000000000E+00
    1.967612210379E+01
    0.000000000000E+00    4.809889202013E-03    1.100742235960E-02
   -4.809889202013E-03    0.000000000000E+00    3.381032386490E-03
   -1.100742235960E-02   -3.381032386490E-03    0.000000000000E+00
    1.973893490057E+01
    0.000000000000E+00    4.770733536210E-03    1.093641746578E-02
   -4.770733536210E-03    0.000000000000E+00    3.360901451943E-03
   -1.093641746578E-02   -3.360901451943E-03    0.000000000000E+00
    1.980184779743E+01
    0.000000000000E+00    4.731956689274E-03    1.086587183112E-02
   -4.731956689274E-03    0.000000000000E+00    3.340911380443E-03
   -1.086587183112E-02   -3.340911380443E-03    0.000000000000E+00
    1.986486079435E+01
    0.000000000000E+00    4.693554455916E-03    1.079578322665E-02
   -4.693554455916E-03    0.000000000000E+00    3.321061093930E-03
   -1.079578322665E-02   -3.321061093930E-03    0.000000000000E+00
    1.992797389136E+01
    0.000000000000E+00    4.655522682808E-03    1.072614941526E-02
   -4.655522682808E-03    0.000000000000E+00    3.301349522662E-03
   -1.072614941526E-02   -3.301349522662E-03    0.000000000000E+00
    1.999118708844E+01
    0.000000000000E+00    4.617857267893E-03    1.065696815229E-02
   -4.617857267893E-03    0.000000000000E+00    3.281775605154E-03
   -1.065696815229E-02   -3.281775605154E-03    0.000000000000E+00
    2.005450038559E+01
    0.000000000000E+00    4.580554159699E-03    1.058823718597E-02
   -4.580554159699E-03    0.000000000000E+00    3.262338288128E-03
   -1.058823718597E-02   -3.262338288128E-03    0.000000000000E+00
    2.011791378282E+01
    0.000000000000E+00    4.543609356663E-03    1.051995425793E-02
   -4.543609356663E-03    0.000000000000E+00    3.243036526452E-03
   -1.051995425793E-02   -3.243036526452E-03    0.000000000000E+00
    2.018142728012E+01
    0.000000000000E+00    4.507018906474E-03    1.045211710368E-02
   -4.507018906474E-03    0.000000000000E+00    3.223869283088E-03
   -1.045211710368E-02   -3.223869283088E-03    0.000000000000E+00
    2.024504087749E+01
    0.000000000000E+00    4.470778905408E-03    1.038472345308E-02
   -4.470778905408E-03    0.000000000000E+00    3.204835529036E-03
   -1.038472345308E-02   -3.204835529036E-03    0.000000000000E+00
    2.030875457494E+01
    0.000000000000E+00    4.434885497690E-03    1.031777103082E-02
   -4.434885497690E-03    0.000000000000E+00    3.185934243279E-03
   -1.031777103082E-02   -3.185934243279E-03    0.000000000000E+00
    2.037256837247E+01
    0.000000000000E+00    4.399334874852E-03    1.025125755682E-02
   -4.399334874852E-03    0.000000000000E+00    3.167164412727E-03
   -1.025125755682E-02   -3.167164412727E-03    0.000000000000E+00
    2.043648227007E+01
    0.000000000000E+00    4.364123275103E-03    1.018518074674E-02
   -4.364123275103E-03    0.000000000000E+00    3.148525032165E-03
   -1.018518074674E-02   -3.148525032165E-03    0.000000000000E+00
    2.050049626774E+01
    0.000000000000E+00    4.329246982715E-03    1.011953831237E-02
   -4.329246982715E-03    0.000000000000E+00    3.130015104196E-03
   -1.011953831237E-02   -3.130015104196E-03    0.000000000000E+00
    2.056461036549E+01
    0.000000000000E+00    4.294702327407E-03    1.005432796204E-02
   -4.294702327407E-03    0.000000000000E+00    3.111633639189E-03
   -1.005432796204E-02   -3.111633639189E-03    0.000000000000E+00
    2.062882456332E+01
    0.000000000000E+00    4.260485683746E-03    9.989547401069E-03
   -4.260485683746E-03    0.000000000000E+00    3.093379655223E-03
   -9.989547401069E-03   -3.093379655223E-03    0.000000000000E+00
    2.069313886121E+01
    0.000000000000E+00    4.226593470546E-03    9.925194332163E-03
   -4.226593470546E-03    0.000000000000E+00    3.075252178034E-03
   -9.925194332163E-03   -3.075252178034E-03    0.000000000000E+00
    2.075755325919E+01
    0.000000000000E+00    4.193022150292E-03    9.861266455789E-03
   -4.193022150292E-03    0.000000000000E+00    3.057250240963E-03
   -9.861266455789E-03   -3.057250240963E-03    0.000000000000E+00
    2.082206775723E+01
    0.000000000000E+00    4.159768228553E-03    9.797761470580E-03
   -4.159768228553E-03    0.000000000000E+00    3.039372884900E-03
   -9.797761470580E-03   -3.039372884900E-03    0.000000000000E+00
    2.088668235536E+01
    0.000000000000E+00    4.126828253417E-03    9.734677073709E-03
   -4.126828253417E-03    0.000000000000E+00    3.021619158232E-03
   -9.734677073709E-03   -3.021619158232E-03    0.000000000000E+00
    2.095139705355E+01
    0.000000000000E+00    4.094198814926E-03    9.672010961255E-03
   -4.094198814926E-03    0.000000000000E+00    3.003988116791E-03
   -9.672010961255E-03   -3.003988116791E-03    0.000000000000E+00
    2.101621185182E+01
    0.000000000000E+00    4.061876544527E-03    9.609760828569E-03
   -4.061876544527E-03    0.000000000000E+00    2.986478823800E-03
   -9.609760828569E-03   -2.986478823800E-03    0.000000000000E+00
    2.108112675017E+01
    0.000000000000E+00    4.029858114519E-03    9.547924370622E-03
   -4.029858114519E-03    0.000000000000E+00    2.969090349820E-03
   -9.547924370622E-03   -2.969090349820E-03    0.000000000000E+00
    2.114614174859E+01
    0.000000000000E+00    3.998140237518E-03    9.486499282352E-03
   -3.998140237518E-03    0.000000000000E+00    2.951821772700E-03
   -9.486499282352E-03   -2.951821772700E-03    0.000000000000E+00
    2.121125684708E+01
    0.000000000000E+00    3.966719665925E-03    9.425483259002E-03
   -3.966719665925E-03    0.000000000000E+00    2.934672177523E-03
   -9.425483259002E-03   -2.934672177523E-03    0.000000000000E+00
    2.127647204565E+01
    0.000000000000E+00    3.935593191402E-03    9.364873996444E-03
   -3.935593191402E-03    0.000000000000E+00    2.917640656555E-03
   -9.364873996444E-03   -2.917640656555E-03    0.000000000000E+00
    2.134178734430E+01
    0.000000000000E+00    3.904757644356E-03    9.304669191501E-03
   -3.904757644356E-03    0.000000000000E+00    2.900726309193E-03
   -9.304669191501E-03   -2.900726309193E-03    0.000000000000E+00
    2.140720274301E+01
    0.000000000000E+00    3.874209893425E-03    9.244866542261E-03
   -3.874209893425E-03    0.000000000000E+00    2.883928241913E-03
   -9.244866542261E-03   -2.883928241913E-03    0.000000000000E+00
    2.147271824181E+01
    0.000000000000E+00    3.843946844983E-03    9.185463748384E-03
   -3.843946844983E-03    0.000000000000E+00    2.867245568221E-03
   -9.185463748384E-03   -2.867245568221E-03    0.000000000000E+00
    2.153833384067E+01
    0.000000000000E+00    3.813965442638E-03    9.126458511393E-03
   -3.813965442638E-03    0.000000000000E+00    2.850677408600E-03
   -9.126458511393E-03   -2.850677408600E-03    0.000000000000E+00
    2.160404953962E+01
    0.000000000000E+00    3.784262666747E-03    9.067848534971E-03
   -3.784262666747E-03    0.000000000000E+00    2.834222890461E-03
   -9.067848534971E-03   -2.834222890461E-03    0.000000000000E+00
    2.166986533863E+01
    0.000000000000E+00    3.754835533933E-03    9.009631525240E-03
   -3.754835533933E-03    0.000000000000E+00    2.817881148090E-03
   -9.009631525240E-03   -2.817881148090E-03    0.000000000000E+00
    2.173578123772E+01
    0.000000000000E+00    3.725681096610E-03    8.951805191039E-03
   -3.725681096610E-03    0.000000000000E+00    2.801651322602E-03
   -8.951805191039E-03   -2.801651322602E-03    0.000000000000E+00
    2.180179723689E+01
    0.000000000000E+00    3.696796442513E-03    8.894367244193E-03
   -3.696796442513E-03    0.000000000000E+00    2.785532561886E-03
   -8.894367244193E-03   -2.785532561886E-03    0.000000000000E+00
    2.186791333613E+01
    0.000000000000E+00    3.668178694238E-03    8.837315399770E-03
   -3.668178694238E-03    0.000000000000E+00    2.769524020559E-03
   -8.837315399770E-03   -2.769524020559E-03    0.000000000000E+00
    2.193412953544E+01
    0.000000000000E+00    3.639825008787E-03    8.780647376345E-03
   -3.639825008787E-03    0.000000000000E+00    2.753624859916E-03
   -8.780647376345E-03   -2.753624859916E-03    0.000000000000E+00
    2.200044583483E+01
    0.000000000000E+00    3.611732577115E-03    8.724360896240E-03
   -3.611732577115E-03    0.000000000000E+00    2.737834247881E-03
   -8.724360896240E-03   -2.737834247881E-03    0.000000000000E+00
    2.206686223429E+01
    0.000000000000E+00    3.583898623691E-03    8.668453685770E-03
   -3.583898623691E-03    0.000000000000E+00    2.722151358955E-03
   -8.668453685770E-03   -2.722151358955E-03    0.000000000000E+00
    2.213337873383E+01
    0.000000000000E+00    3.556320406057E-03    8.612923475478E-03
   -3.556320406057E-03    0.000000000000E+00    2.706575374171E-03
   -8.612923475478E-03   -2.706575374171E-03    0.000000000000E+00
    2.219999533345E+01
    0.000000000000E+00    3.528995214403E-03    8.557768000363E-03
   -3.528995214403E-03    0.000000000000E+00    2.691105481045E-03
   -8.557768000363E-03   -2.691105481045E-03    0.000000000000E+00
    2.226671203313E+01
    0.000000000000E+00    3.501920371135E-03    8.502985000105E-03
   -3.501920371135E-03    0.000000000000E+00    2.675740873525E-03
   -8.502985000105E-03   -2.675740873525E-03    0.000000000000E+00
    2.233352883289E+01
    0.000000000000E+00    3.475093230460E-03    8.448572219277E-03
   -3.475093230460E-03    0.000000000000E+00    2.660480751946E-03
   -8.448572219277E-03   -2.660480751946E-03    0.000000000000E+00
    2.240044573273E+01
    0.000000000000E+00    3.448511177973E-03    8.394527407561E-03
   -3.448511177973E-03    0.000000000000E+00    2.645324322983E-03
   -8.394527407561E-03   -2.645324322983E-03    0.000000000000E+00
    2.246746273264E+01
    0.000000000000E+00    3.422171630247E-03    8.340848319950E-03
   -3.422171630247E-03    0.000000000000E+00    2.630270799598E-03
   -8.340848319950E-03   -2.630270799598E-03    0.000000000000E+00
    2.253457983263E+01
    0.000000000000E+00    3.396072034434E-03    8.287532716946E-03
   -3.396072034434E-03    0.000000000000E+00    2.615319401001E-03
   -8.287532716946E-03   -2.615319401001E-03    0.000000000000E+00
    2.260179703269E+01
    0.000000000000E+00    3.370209867867E-03    8.234578364754E-03
   -3.370209867867E-03    0.000000000000E+00    2.600469352597E-03
   -8.234578364754E-03   -2.600469352597E-03    0.000000000000E+00
    2.266911433282E+01
    0.000000000000E+00    3.344582637670E-03    8.181983035471E-03
   -3.344582637670E-03    0.000000000000E+00    2.585719885940E-03
   -8.181983035471E-03   -2.585719885940E-03    0.000000000000E+00
    2.273653173303E+01
    0.000000000000E+00    3.319187880368E-03    8.129744507265E-03
   -3.319187880368E-03    0.000000000000E+00    2.571070238688E-03
   -8.129744507265E-03   -2.571070238688E-03    0.000000000000E+00
    2.280404923332E+01
    0.000000000000E+00    3.294023161517E-03    8.077860564555E-03
   -3.294023161517E-03    0.000000000000E+00    2.556519654560E-03
   -8.077860564555E-03   -2.556519654560E-03    0.000000000000E+00
    2.287166683367E+01
    0.000000000000E+00    3.269086075317E-03    8.026328998178E-03
   -3.269086075317E-03    0.000000000000E+00    2.542067383282E-03
   -8.026328998178E-03   -2.542067383282E-03    0.000000000000E+00
    2.293938453411E+01
    0.000000000000E+00    3.244374244252E-03    7.975147605558E-03
   -3.244374244252E-03    0.000000000000E+00    2.527712680548E-03
   -7.975147605558E-03   -2.527712680548E-03    0.000000000000E+00
    2.300720233461E+01
    0.000000000000E+00    3.219885318720E-03    7.924314190868E-03
   -3.219885318720E-03    0.000000000000E+00    2.513454807974E-03
   -7.924314190868E-03   -2.513454807974E-03    0.000000000000E+00
    2.307512023520E+01
    0.000000000000E+00    3.195616976675E-03    7.873826565181E-03
   -3.195616976675E-03    0.000000000000E+00    2.499293033049E-03
   -7.873826565181E-03   -2.499293033049E-03    0.000000000000E+00
    2.314313823585E+01
    0.000000000000E+00    3.171566923271E-03    7.823682546627E-03
   -3.171566923271E-03    0.000000000000E+00    2.485226629095E-03
   -7.823682546627E-03   -2.485226629095E-03    0.000000000000E+00
    2.321125633658E+01
    0.000000000000E+00    3.147732890517E-03    7.773879960533E-03
   -3.147732890517E-03    0.000000000000E+00    2.471254875218E-03
   -7.773879960533E-03   -2.471254875218E-03    0.000000000000E+00
    2.327947453739E+01
    0.000000000000E+00    3.124112636924E-03    7.724416639569E-03
   -3.124112636924E-03    0.000000000000E+00    2.457377056268E-03
   -7.724416639569E-03   -2.457377056268E-03    0.000000000000E+00
    2.334779283827E+01
    0.000000000000E+00    3.100703947173E-03    7.675290423882E-03
   -3.100703947173E-03    0.000000000000E+00    2.443592462792E-03
   -7.675290423882E-03   -2.443592462792E-03    0.000000000000E+00
    2.341621123922E+01
    0.000000000000E+00    3.077504631774E-03    7.626499161230E-03
   -3.077504631774E-03    0.000000000000E+00    2.429900390989E-03
   -7.626499161230E-03   -2.429900390989E-03    0.000000000000E+00
    2.348472974025E+01
    0.000000000000E+00    3.054512526736E-03    7.578040707107E-03
   -3.054512526736E-03    0.000000000000E+00    2.416300142671E-03
   -7.578040707107E-03   -2.416300142671E-03    0.000000000000E+00
    2.355334834136E+01
    0.000000000000E+00    3.031725493244E-03    7.529912924867E-03
   -3.031725493244E-03    0.000000000000E+00    2.402791025216E-03
   -7.529912924867E-03   -2.402791025216E-03    0.000000000000E+00
    2.362206704253E+01
    0.000000000000E+00    3.009141417332E-03    7.482113685846E-03
   -3.009141417332E-03    0.000000000000E+00    2.389372351525E-03
   -7.482113685846E-03   -2.389372351525E-03    0.000000000000E+00
    2.369088584379E+01
    0.000000000000E+00    2.986758209570E-03    7.434640869471E-03
   -2.986758209570E-03    0.000000000000E+00    2.376043439983E-03
   -7.434640869471E-03   -2.376043439983E-03    0.000000000000E+00
    2.375980474511E+01
    0.000000000000E+00    2.964573804747E-03    7.387492363377E-03
   -2.964573804747E-03    0.000000000000E+00    2.362803614411E-03
   -7.387492363377E-03   -2.362803614411E-03    0.000000000000E+00
    2.382882374652E+01
    0.000000000000E+00    2.942586161568E-03    7.340666063506E-03
   -2.942586161568E-03    0.000000000000E+00    2.349652204029E-03
   -7.340666063506E-03   -2.349652204029E-03    0.000000000000E+00
    2.389794284799E+01
    0.000000000000E+00    2.920793262340E-03    7.294159874215E-03
   -2.920793262340E-03    0.000000000000E+00    2.336588543409E-03
   -7.294159874215E-03   -2.336588543409E-03    0.000000000000E+00
    2.396716204954E+01
    0.000000000000E+00    2.899193112681E-03    7.247971708374E-03
   -2.899193112681E-03    0.000000000000E+00    2.323611972438E-03
   -7.247971708374E-03   -2.323611972438E-03    0.000000000000E+00
    2.403648135117E+01
    0.000000000000E+00    2.877783741220E-03    7.202099487458E-03
   -2.877783741220E-03    0.000000000000E+00    2.310721836275E-03
   -7.202099487458E-03   -2.310721836275E-03    0.000000000000E+00
    2.410590075287E+01
    0.000000000000E+00    2.856563199302E-03    7.156541141640E-03
   -2.856563199302E-03    0.000000000000E+00    2.297917485306E-03
   -7.156541141640E-03   -2.297917485306E-03    0.000000000000E+00
    2.417542025464E+01
    0.000000000000E+00    2.835529560703E-03    7.111294609876E-03
   -2.835529560703E-03    0.000000000000E+00    2.285198275111E-03
   -7.111294609876E-03   -2.285198275111E-03    0.000000000000E+00
    2.424503985649E+01
    0.000000000000E+00    2.814680921346E-03    7.066357839994E-03
   -2.814680921346E-03    0.000000000000E+00    2.272563566415E-03
   -7.066357839994E-03   -2.272563566415E-03    0.000000000000E+00
    2.431475955842E+01
    0.000000000000E+00    2.794015399019E-03    7.021728788766E-03
   -2.794015399019E-03    0.000000000000E+00    2.260012725052E-03
   -7.021728788766E-03   -2.260012725052E-03    0.000000000000E+00
    2.438457936041E+01
    0.000000000000E+00    2.773531133098E-03    6.977405421994E-03
   -2.773531133098E-03    0.000000000000E+00    2.247545121926E-03
   -6.977405421994E-03   -2.247545121926E-03    0.000000000000E+00
    2.445449926249E+01
    0.000000000000E+00    2.753226284275E-03    6.933385714575E-03
   -2.753226284275E-03    0.000000000000E+00    2.235160132968E-03
   -6.933385714575E-03   -2.235160132968E-03    0.000000000000E+00
    2.452451926464E+01
    0.000000000000E+00    2.733099034290E-03    6.889667650577E-03
   -2.733099034290E-03    0.000000000000E+00    2.222857139098E-03
   -6.889667650577E-03   -2.222857139098E-03    0.000000000000E+00
    2.459463936686E+01
    0.000000000000E+00    2.713147585662E-03    6.846249223301E-03
   -2.713147585662E-03    0.000000000000E+00    2.210635526185E-03
   -6.846249223301E-03   -2.210635526185E-03    0.000000000000E+00
    2.466485956915E+01
    0.000000000000E+00    2.693370161431E-03    6.803128435350E-03
   -2.693370161431E-03    0.000000000000E+00    2.198494685009E-03
   -6.803128435350E-03   -2.198494685009E-03    0.000000000000E+00
    2.473517987152E+01
    0.000000000000E+00    2.673765004899E-03    6.760303298685E-03
   -2.673765004899E-03    0.000000000000E+00    2.186434011221E-03
   -6.760303298685E-03   -2.186434011221E-03    0.000000000000E+00
    2.480560027397E+01
    0.000000000000E+00    2.654330379370E-03    6.717771834684E-03
   -2.654330379370E-03    0.000000000000E+00    2.174452905304E-03
   -6.717771834684E-03   -2.174452905304E-03    0.000000000000E+00
    2.487612077649E+01
    0.000000000000E+00    2.635064567908E-03    6.675532074198E-03
   -2.635064567908E-03    0.000000000000E+00    2.162550772538E-03
   -6.675532074198E-03   -2.162550772538E-03    0.000000000000E+00
    2.494674137908E+01
    0.000000000000E+00    2.615965873080E-03    6.633582057600E-03
   -2.615965873080E-03    0.000000000000E+00    2.150727022957E-03
   -6.633582057600E-03   -2.150727022957E-03    0.000000000000E+00
    2.501746208175E+01
    0.000000000000E+00    2.597032616718E-03    6.591919834837E-03
   -2.597032616718E-03    0.000000000000E+00    2.138981071316E-03
   -6.591919834837E-03   -2.138981071316E-03    0.000000000000E+00
    2.508828288450E+01
    0.000000000000E+00    2.578263139672E-03    6.550543465474E-03
   -2.578263139672E-03    0.000000000000E+00    2.127312337048E-03
   -6.550543465474E-03   -2.127312337048E-03    0.000000000000E+00
    2.515920378732E+01
    0.000000000000E+00    2.559655801577E-03    6.509451018737E-03
   -2.559655801577E-03    0.000000000000E+00    2.115720244233E-03
   -6.509451018737E-03   -2.115720244233E-03    0.000000000000E+00
    2.523022479021E+01
    0.000000000000E+00    2.541208980617E-03    6.468640573555E-03
   -2.541208980617E-03    0.000000000000E+00    2.104204221557E-03
   -6.468640573555E-03   -2.104204221557E-03    0.000000000000E+00
    2.530134589318E+01
    0.000000000000E+00    2.522921073291E-03    6.428110218597E-03
   -2.522921073291E-03    0.000000000000E+00    2.092763702275E-03
   -6.428110218597E-03   -2.092763702275E-03    0.000000000000E+00
    2.537256709622E+01
    0.000000000000E+00    2.504790494185E-03    6.387858052309E-03
   -2.504790494185E-03    0.000000000000E+00    2.081398124176E-03
   -6.387858052309E-03   -2.081398124176E-03    0.000000000000E+00
    2.544388839934E+01
    0.000000000000E+00    2.486815675751E-03    6.347882182947E-03
   -2.486815675751E-03    0.000000000000E+00    2.070106929547E-03
   -6.347882182947E-03   -2.070106929547E-03    0.000000000000E+00
    2.551530980253E+01
    0.000000000000E+00    2.468995068078E-03    6.308180728605E-03
   -2.468995068078E-03    0.000000000000E+00    2.058889565136E-03
   -6.308180728605E-03   -2.058889565136E-03    0.000000000000E+00
    2.558683130579E+01
    0.000000000000E+00    2.451327138677E-03    6.268751817248E-03
   -2.451327138677E-03    0.000000000000E+00    2.047745482116E-03
   -6.268751817248E-03   -2.047745482116E-03    0.000000000000E+00
    2.565845290913E+01
    0.000000000000E+00    2.433810372264E-03    6.229593586735E-03
   -2.433810372264E-03    0.000000000000E+00    2.036674136050E-03
   -6.229593586735E-03   -2.036674136050E-03    0.000000000000E+00
    2.573017461255E+01
    0.000000000000E+00    2.416443270546E-03    6.190704184841E-03
   -2.416443270546E-03    0.000000000000E+00    2.025674986856E-03
   -6.190704184841E-03   -2.025674986856E-03    0.000000000000E+00
    2.580199641604E+01
    0.000000000000E+00    2.399224352008E-03    6.152081769284E-03
   -2.399224352008E-03    0.000000000000E+00    2.014747498772E-03
   -6.152081769284E-03   -2.014747498772E-03    0.000000000000E+00
    2.587391831960E+01
    0.000000000000E+00    2.382152151711E-03    6.113724507740E-03
   -2.382152151711E-03    0.000000000000E+00    2.003891140320E-03
   -6.113724507740E-03   -2.003891140320E-03    0.000000000000E+00
    2.594594032324E+01
    0.000000000000E+00    2.365225221081E-03    6.075630577863E-03
   -2.365225221081E-03    0.000000000000E+00    1.993105384273E-03
   -6.075630577863E-03   -1.993105384273E-03    0.000000000000E+00
    2.601806242695E+01
    0.000000000000E+00    2.348442127710E-03    6.037798167297E-03
   -2.348442127710E-03    0.000000000000E+00    1.982389707621E-03
   -6.037798167297E-03   -1.982389707621E-03    0.000000000000E+00
    2.609028463074E+01
    0.000000000000E+00    2.331801455154E-03    6.000225473695E-03
   -2.331801455154E-03    0.000000000000E+00    1.971743591535E-03
   -6.000225473695E-03   -1.971743591535E-03    0.000000000000E+00
    2.616260693460E+01
    0.000000000000E+00    2.315301802740E-03    5.962910704724E-03
   -2.315301802740E-03    0.000000000000E+00    1.961166521333E-03
   -5.962910704724E-03   -1.961166521333E-03    0.000000000000E+00
    2.623502933854E+01
    0.000000000000E+00    2.298941785367E-03    5.925852078079E-03
   -2.298941785367E-03    0.000000000000E+00    1.950657986451E-03
   -5.925852078079E-03   -1.950657986451E-03    0.000000000000E+00
    2.630755184255E+01
    0.000000000000E+00    2.282720033319E-03    5.889047821489E-03
   -2.282720033319E-03    0.000000000000E+00    1.940217480404E-03
   -5.889047821489E-03   -1.940217480404E-03    0.000000000000E+00
    2.638017444663E+01
    0.000000000000E+00    2.266635192072E-03    5.852496172724E-03
   -2.266635192072E-03    0.000000000000E+00    1.929844500756E-03
   -5.852496172724E-03   -1.929844500756E-03    0.000000000000E+00
    2.645289715079E+01
    0.000000000000E+00    2.250685922109E-03    5.816195379597E-03
   -2.250685922109E-03    0.000000000000E+00    1.919538549087E-03
   -5.816195379597E-03   -1.919538549087E-03    0.000000000000E+00
    2.652571995503E+01
    0.000000000000E+00    2.234870898737E-03    5.780143699969E-03
   -2.234870898737E-03    0.000000000000E+00    1.909299130959E-03
   -5.780143699969E-03   -1.909299130959E-03    0.000000000000E+00
    2.659864285934E+01
    0.000000000000E+00    2.219188811903E-03    5.744339401747E-03
   -2.219188811903E-03    0.000000000000E+00    1.899125755886E-03
   -5.744339401747E-03   -1.899125755886E-03    0.000000000000E+00
    2.667166586372E+01
    0.000000000000E+00    2.203638366016E-03    5.708780762885E-03
   -2.203638366016E-03    0.000000000000E+00    1.889017937301E-03
   -5.708780762885E-03   -1.889017937301E-03    0.000000000000E+00
    2.674478896818E+01
    0.000000000000E+00    2.188218279772E-03    5.673466071382E-03
   -2.188218279772E-03    0.000000000000E+00    1.878975192521E-03
   -5.673466071382E-03   -1.878975192521E-03    0.000000000000E+00
    2.681801217271E+01
    0.000000000000E+00    2.172927285974E-03    5.638393625277E-03
   -2.172927285974E-03    0.000000000000E+00    1.868997042722E-03
   -5.638393625277E-03   -1.868997042722E-03    0.000000000000E+00
    2.689133547732E+01
    0.000000000000E+00    2.157764131368E-03    5.603561732643E-03
   -2.157764131368E-03    0.000000000000E+00    1.859083012899E-03
   -5.603561732643E-03   -1.859083012899E-03    0.000000000000E+00
    2.696475888200E+01
    0.000000000000E+00    2.142727576464E-03    5.568968711581E-03
   -2.142727576464E-03    0.000000000000E+00    1.849232631844E-03
   -5.568968711581E-03   -1.849232631844E-03    0.000000000000E+00
    2.703828238676E+01
    0.000000000000E+00    2.127816395376E-03    5.534612890211E-03
   -2.127816395376E-03    0.000000000000E+00    1.839445432109E-03
   -5.534612890211E-03   -1.839445432109E-03    0.000000000000E+00
    2.711190599159E+01
    0.000000000000E+00    2.113029375652E-03    5.500492606663E-03
   -2.113029375652E-03    0.000000000000E+00    1.829720949975E-03
   -5.500492606663E-03   -1.829720949975E-03    0.000000000000E+00
    2.718562969650E+01
    0.000000000000E+00    2.098365318112E-03    5.466606209066E-03
   -2.098365318112E-03    0.000000000000E+00    1.820058725427E-03
   -5.466606209066E-03   -1.820058725427E-03    0.000000000000E+00
    2.725945350148E+01
    0.000000000000E+00    2.083823036689E-03    5.432952055535E-03
   -2.083823036689E-03    0.000000000000E+00    1.810458302118E-03
   -5.432952055535E-03   -1.810458302118E-03    0.000000000000E+00
    2.733337740653E+01
    0.000000000000E+00    2.069401358265E-03    5.399528514155E-03
   -2.069401358265E-03    0.000000000000E+00    1.800919227340E-03
   -5.399528514155E-03   -1.800919227340E-03    0.000000000000E+00
    2.740740141166E+01
    0.000000000000E+00    2.055099122521E-03    5.366333962971E-03
   -2.055099122521E-03    0.000000000000E+00    1.791441051999E-03
   -5.366333962971E-03   -1.791441051999E-03    0.000000000000E+00
    2.748152551687E+01
    0.000000000000E+00    2.040915181774E-03    5.333366789970E-03
   -2.040915181774E-03    0.000000000000E+00    1.782023330580E-03
   -5.333366789970E-03   -1.782023330580E-03    0.000000000000E+00
    2.755574972214E+01
    0.000000000000E+00    2.026848400832E-03    5.300625393060E-03
   -2.026848400832E-03    0.000000000000E+00    1.772665621119E-03
   -5.300625393060E-03   -1.772665621119E-03    0.000000000000E+00
    2.763007402750E+01
    0.000000000000E+00    2.012897656839E-03    5.268108180057E-03
   -2.012897656839E-03    0.000000000000E+00    1.763367485175E-03
   -5.268108180057E-03   -1.763367485175E-03    0.000000000000E+00
    2.770449843292E+01
    0.000000000000E+00    1.999061839127E-03    5.235813568663E-03
   -1.999061839127E-03    0.000000000000E+00    1.754128487801E-03
   -5.235813568663E-03   -1.754128487801E-03    0.000000000000E+00
    2.777902293843E+01
    0.000000000000E+00    1.985339849070E-03    5.203739986444E-03
   -1.985339849070E-03    0.000000000000E+00    1.744948197514E-03
   -5.203739986444E-03   -1.744948197514E-03    0.000000000000E+00
    2.785364754400E+01
    0.000000000000E+00    1.971730599937E-03    5.171885870812E-03
   -1.971730599937E-03    0.000000000000E+00    1.735826186269E-03
   -5.171885870812E-03   -1.735826186269E-03    0.000000000000E+00
    2.792837224965E+01
    0.000000000000E+00    1.958233016752E-03    5.140249668998E-03
   -1.958233016752E-03    0.000000000000E+00    1.726762029428E-03
   -5.140249668998E-03   -1.726762029428E-03    0.000000000000E+00
    2.800319705538E+01
    0.000000000000E+00    1.944846036151E-03    5.108829838033E-03
   -1.944846036151E-03    0.000000000000E+00    1.717755305734E-03
   -5.108829838033E-03   -1.717755305734E-03    0.000000000000E+00
    2.807812196118E+01
    0.000000000000E+00    1.931568606242E-03    5.077624844719E-03
   -1.931568606242E-03    0.000000000000E+00    1.708805597281E-03
   -5.077624844719E-03   -1.708805597281E-03    0.000000000000E+00
    2.815314696706E+01
    0.000000000000E+00    1.918399686469E-03    5.046633165608E-03
   -1.918399686469E-03    0.000000000000E+00    1.699912489490E-03
   -5.046633165608E-03   -1.699912489490E-03    0.000000000000E+00
    2.822827207300E+01
    0.000000000000E+00    1.905338247478E-03    5.015853286970E-03
   -1.905338247478E-03    0.000000000000E+00    1.691075571078E-03
   -5.015853286970E-03   -1.691075571078E-03    0.000000000000E+00
    2.830349727903E+01
    0.000000000000E+00    1.892383270977E-03    4.985283704771E-03
   -1.892383270977E-03    0.000000000000E+00    1.682294434033E-03
   -4.985283704771E-03   -1.682294434033E-03    0.000000000000E+00
    2.837882258513E+01
    0.000000000000E+00    1.879533749613E-03    4.954922924644E-03
   -1.879533749613E-03    0.000000000000E+00    1.673568673586E-03
   -4.954922924644E-03   -1.673568673586E-03    0.000000000000E+00
    2.845424799130E+01
    0.000000000000E+00    1.866788686832E-03    4.924769461858E-03
   -1.866788686832E-03    0.000000000000E+00    1.664897888187E-03
   -4.924769461858E-03   -1.664897888187E-03    0.000000000000E+00
    2.852977349755E+01
    0.000000000000E+00    1.854147096757E-03    4.894821841288E-03
   -1.854147096757E-03    0.000000000000E+00    1.656281679472E-03
   -4.894821841288E-03   -1.656281679472E-03    0.000000000000E+00
    2.860539910387E+01
    0.000000000000E+00    1.841608004059E-03    4.865078597388E-03
   -1.841608004059E-03    0.000000000000E+00    1.647719652245E-03
   -4.865078597388E-03   -1.647719652245E-03    0.000000000000E+00
    2.868112481027E+01
    0.000000000000E+00    1.829170443829E-03    4.835538274158E-03
   -1.829170443829E-03    0.000000000000E+00    1.639211414446E-03
   -4.835538274158E-03   -1.639211414446E-03    0.000000000000E+00
    2.875695061674E+01
    0.000000000000E+00    1.816833461460E-03    4.806199425111E-03
   -1.816833461460E-03    0.000000000000E+00    1.630756577126E-03
   -4.806199425111E-03   -1.630756577126E-03    0.000000000000E+00
    2.883287652328E+01
    0.000000000000E+00    1.804596112519E-03    4.777060613241E-03
   -1.804596112519E-03    0.000000000000E+00    1.622354754424E-03
   -4.777060613241E-03   -1.622354754424E-03    0.000000000000E+00
    2.890890252990E+01
    0.000000000000E+00    1.792457462630E-03    4.748120410993E-03
   -1.792457462630E-03    0.000000000000E+00    1.614005563538E-03
   -4.748120410993E-03   -1.614005563538E-03    0.000000000000E+00
    2.898502863660E+01
    0.000000000000E+00    1.780416587352E-03    4.719377400225E-03
   -1.780416587352E-03    0.000000000000E+00    1.605708624704E-03
   -4.719377400225E-03   -1.605708624704E-03    0.000000000000E+00
    2.906125484337E+01
    0.000000000000E+00    1.768472572065E-03    4.690830172174E-03
   -1.768472572065E-03    0.000000000000E+00    1.597463561167E-03
   -4.690830172174E-03   -1.597463561167E-03    0.000000000000E+00
    2.913758115021E+01
    0.000000000000E+00    1.756624511853E-03    4.662477327424E-03
   -1.756624511853E-03    0.000000000000E+00    1.589269999156E-03
   -4.662477327424E-03   -1.589269999156E-03    0.000000000000E+00
    2.921400755713E+01
    0.000000000000E+00    1.744871511386E-03    4.634317475867E-03
   -1.744871511386E-03    0.000000000000E+00    1.581127567863E-03
   -4.634317475867E-03   -1.581127567863E-03    0.000000000000E+00
    2.929053406412E+01
    0.000000000000E+00    1.733212684812E-03    4.606349236671E-03
   -1.733212684812E-03    0.000000000000E+00    1.573035899415E-03
   -4.606349236671E-03   -1.573035899415E-03    0.000000000000E+00
    2.936716067119E+01
    0.000000000000E+00    1.721647155643E-03    4.578571238237E-03
   -1.721647155643E-03    0.000000000000E+00    1.564994628852E-03
   -4.578571238237E-03   -1.564994628852E-03    0.000000000000E+00
    2.944388737833E+01
    0.000000000000E+00    1.710174056645E-03    4.550982118169E-03
   -1.710174056645E-03    0.000000000000E+00    1.557003394101E-03
   -4.550982118169E-03   -1.557003394101E-03    0.000000000000E+00
    2.952071418555E+01
    0.000000000000E+00    1.698792529729E-03    4.523580523232E-03
   -1.698792529729E-03    0.000000000000E+00    1.549061835954E-03
   -4.523580523232E-03   -1.549061835954E-03    0.000000000000E+00
    2.959764109284E+01
    0.000000000000E+00    1.687501725846E-03    4.496365109312E-03
   -1.687501725846E-03    0.000000000000E+00    1.541169598043E-03
   -4.496365109312E-03   -1.541169598043E-03    0.000000000000E+00
    2.967466810021E+01
    0.000000000000E+00    1.676300804877E-03    4.469334541386E-03
   -1.676300804877E-03    0.000000000000E+00    1.533326326816E-03
   -4.469334541386E-03   -1.533326326816E-03    0.000000000000E+00
    2.975179520765E+01
    0.000000000000E+00    1.665188935532E-03    4.442487493472E-03
   -1.665188935532E-03    0.000000000000E+00    1.525531671515E-03
   -4.442487493472E-03   -1.525531671515E-03    0.000000000000E+00
    2.982902241516E+01
    0.000000000000E+00    1.654165295245E-03    4.415822648597E-03
   -1.654165295245E-03    0.000000000000E+00    1.517785284152E-03
   -4.415822648597E-03   -1.517785284152E-03    0.000000000000E+00
    2.990634972275E+01
    0.000000000000E+00    1.643229070072E-03    4.389338698756E-03
   -1.643229070072E-03    0.000000000000E+00    1.510086819488E-03
   -4.389338698756E-03   -1.510086819488E-03    0.000000000000E+00
    2.998377713042E+01
    0.000000000000E+00    1.632379454594E-03    4.363034344869E-03
   -1.632379454594E-03    0.000000000000E+00    1.502435935006E-03
   -4.363034344869E-03   -1.502435935006E-03    0.000000000000E+00
    3.006130463816E+01
    0.000000000000E+00    1.621615651810E-03    4.336908296743E-03
   -1.621615651810E-03    0.000000000000E+00    1.494832290893E-03
   -4.336908296743E-03   -1.494832290893E-03    0.000000000000E+00
    3.013893224597E+01
    0.000000000000E+00    1.610936873047E-03    4.310959273033E-03
   -1.610936873047E-03    0.000000000000E+00    1.487275550013E-03
   -4.310959273033E-03   -1.487275550013E-03    0.000000000000E+00
    3.021665995386E+01
    0.000000000000E+00    1.600342337860E-03    4.285186001193E-03
   -1.600342337860E-03    0.000000000000E+00    1.479765377892E-03
   -4.285186001193E-03   -1.479765377892E-03    0.000000000000E+00
    3.029448776182E+01
    0.000000000000E+00    1.589831273933E-03    4.259587217445E-03
   -1.589831273933E-03    0.000000000000E+00    1.472301442686E-03
   -4.259587217445E-03   -1.472301442686E-03    0.000000000000E+00
    3.037241566986E+01
    0.000000000000E+00    1.579402916990E-03    4.234161666729E-03
   -1.579402916990E-03    0.000000000000E+00    1.464883415168E-03
   -4.234161666729E-03   -1.464883415168E-03    0.000000000000E+00
    3.045044367797E+01
    0.000000000000E+00    1.569056510701E-03    4.208908102664E-03
   -1.569056510701E-03    0.000000000000E+00    1.457510968702E-03
   -4.208908102664E-03   -1.457510968702E-03    0.000000000000E+00
    3.052857178615E+01
    0.000000000000E+00    1.558791306587E-03    4.183825287508E-03
   -1.558791306587E-03    0.000000000000E+00    1.450183779220E-03
   -4.183825287508E-03   -1.450183779220E-03    0.000000000000E+00
    3.060679999441E+01
    0.000000000000E+00    1.548606563931E-03    4.158911992109E-03
   -1.548606563931E-03    0.000000000000E+00    1.442901525207E-03
   -4.158911992109E-03   -1.442901525207E-03    0.000000000000E+00
    3.068512830275E+01
    0.000000000000E+00    1.538501549689E-03    4.134166995870E-03
   -1.538501549689E-03    0.000000000000E+00    1.435663887672E-03
   -4.134166995870E-03   -1.435663887672E-03    0.000000000000E+00
    3.076355671116E+01
    0.000000000000E+00    1.528475538399E-03    4.109589086699E-03
   -1.528475538399E-03    0.000000000000E+00    1.428470550133E-03
   -4.109589086699E-03   -1.428470550133E-03    0.000000000000E+00
    3.084208521964E+01
    0.000000000000E+00    1.518527812098E-03    4.085177060969E-03
   -1.518527812098E-03    0.000000000000E+00    1.421321198593E-03
   -4.085177060969E-03   -1.421321198593E-03    0.000000000000E+00
    3.092071382820E+01
    0.000000000000E+00    1.508657660231E-03    4.060929723477E-03
   -1.508657660231E-03    0.000000000000E+00    1.414215521521E-03
   -4.060929723477E-03   -1.414215521521E-03    0.000000000000E+00
    3.099944253683E+01
    0.000000000000E+00    1.498864379568E-03    4.036845887393E-03
   -1.498864379568E-03    0.000000000000E+00    1.407153209829E-03
   -4.036845887393E-03   -1.407153209829E-03    0.000000000000E+00
    3.107827134554E+01
    0.000000000000E+00    1.489147274122E-03    4.012924374225E-03
   -1.489147274122E-03    0.000000000000E+00    1.400133956857E-03
   -4.012924374225E-03   -1.400133956857E-03    0.000000000000E+00
    3.115720025432E+01
    0.000000000000E+00    1.479505655059E-03    3.989164013768E-03
   -1.479505655059E-03    0.000000000000E+00    1.393157458347E-03
   -3.989164013768E-03   -1.393157458347E-03    0.000000000000E+00
    3.123622926318E+01
    0.000000000000E+00    1.469938840626E-03    3.965563644064E-03
   -1.469938840626E-03    0.000000000000E+00    1.386223412425E-03
   -3.965563644064E-03   -1.386223412425E-03    0.000000000000E+00
    3.131535837211E+01
    0.000000000000E+00    1.460446156059E-03    3.942122111356E-03
   -1.460446156059E-03    0.000000000000E+00    1.379331519582E-03
   -3.942122111356E-03   -1.379331519582E-03    0.000000000000E+00
    3.139458758112E+01
    0.000000000000E+00    1.451026933514E-03    3.918838270042E-03
   -1.451026933514E-03    0.000000000000E+00    1.372481482656E-03
   -3.918838270042E-03   -1.372481482656E-03    0.000000000000E+00
    3.147391689020E+01
    0.000000000000E+00    1.441680511979E-03    3.895710982634E-03
   -1.441680511979E-03    0.000000000000E+00    1.365673006808E-03
   -3.895710982634E-03   -1.365673006808E-03    0.000000000000E+00
    3.155334629935E+01
    0.000000000000E+00    1.432406237199E-03    3.872739119713E-03
   -1.432406237199E-03    0.000000000000E+00    1.358905799507E-03
   -3.872739119713E-03   -1.358905799507E-03    0.000000000000E+00
    3.163287580858E+01
    0.000000000000E+00    1.423203461604E-03    3.849921559880E-03
   -1.423203461604E-03    0.000000000000E+00    1.352179570507E-03
   -3.849921559880E-03   -1.352179570507E-03    0.000000000000E+00
    3.171250541789E+01
    0.000000000000E+00    1.414071544223E-03    3.827257189716E-03
   -1.414071544223E-03    0.000000000000E+00    1.345494031832E-03
   -3.827257189716E-03   -1.345494031832E-03    0.000000000000E+00
    3.179223512727E+01
    0.000000000000E+00    1.405009850618E-03    3.804744903734E-03
   -1.405009850618E-03    0.000000000000E+00    1.338848897755E-03
   -3.804744903734E-03   -1.338848897755E-03    0.000000000000E+00
    3.187206493672E+01
    0.000000000000E+00    1.396017752805E-03    3.782383604338E-03
   -1.396017752805E-03    0.000000000000E+00    1.332243884778E-03
   -3.782383604338E-03   -1.332243884778E-03    0.000000000000E+00
    3.195199484625E+01
    0.000000000000E+00    1.387094629182E-03    3.760172201771E-03
   -1.387094629182E-03    0.000000000000E+00    1.325678711617E-03
   -3.760172201771E-03   -1.325678711617E-03    0.000000000000E+00
    3.203202485585E+01
    0.000000000000E+00    1.378239864457E-03    3.738109614078E-03
   -1.378239864457E-03    0.000000000000E+00    1.319153099180E-03
   -3.738109614078E-03   -1.319153099180E-03    0.000000000000E+00
    3.211215496553E+01
    0.000000000000E+00    1.369452849575E-03    3.716194767056E-03
   -1.369452849575E-03    0.000000000000E+00    1.312666770551E-03
   -3.716194767056E-03   -1.312666770551E-03    0.000000000000E+00
    3.219238517528E+01
    0.000000000000E+00    1.360732981651E-03    3.694426594209E-03
   -1.360732981651E-03    0.000000000000E+00    1.306219450971E-03
   -3.694426594209E-03   -1.306219450971E-03    0.000000000000E+00
    3.227271548510E+01
    0.000000000000E+00    1.352079663896E-03    3.672804036705E-03
   -1.352079663896E-03    0.000000000000E+00    1.299810867823E-03
   -3.672804036705E-03   -1.299810867823E-03    0.000000000000E+00
    3.235314589500E+01
    0.000000000000E+00    1.343492305550E-03    3.651326043330E-03
   -1.343492305550E-03    0.000000000000E+00    1.293440750607E-03
   -3.651326043330E-03   -1.293440750607E-03    0.000000000000E+00
    3.243367640498E+01
    0.000000000000E+00    1.334970321816E-03    3.629991570441E-03
   -1.334970321816E-03    0.000000000000E+00    1.287108830931E-03
   -3.629991570441E-03   -1.287108830931E-03    0.000000000000E+00
    3.251430701503E+01
    0.000000000000E+00    1.326513133789E-03    3.608799581924E-03
   -1.326513133789E-03    0.000000000000E+00    1.280814842488E-03
   -3.608799581924E-03   -1.280814842488E-03    0.000000000000E+00
    3.259503772515E+01
    0.000000000000E+00    1.318120168393E-03    3.587749049147E-03
   -1.318120168393E-03    0.000000000000E+00    1.274558521039E-03
   -3.587749049147E-03   -1.274558521039E-03    0.000000000000E+00
    3.267586853535E+01
    0.000000000000E+00    1.309790858314E-03    3.566838950915E-03
   -1.309790858314E-03    0.000000000000E+00    1.268339604401E-03
   -3.566838950915E-03   -1.268339604401E-03    0.000000000000E+00
    3.275679944563E+01
    0.000000000000E+00    1.301524641936E-03    3.546068273424E-03
   -1.301524641936E-03    0.000000000000E+00    1.262157832421E-03
   -3.546068273424E-03   -1.262157832421E-03    0.000000000000E+00
    3.283783045597E+01
    0.000000000000E+00    1.293320963277E-03    3.525436010219E-03
   -1.293320963277E-03    0.000000000000E+00    1.256012946968E-03
   -3.525436010219E-03   -1.256012946968E-03    0.000000000000E+00
    3.291896156640E+01
    0.000000000000E+00    1.285179271925E-03    3.504941162147E-03
   -1.285179271925E-03    0.000000000000E+00    1.249904691911E-03
   -3.504941162147E-03   -1.249904691911E-03    0.000000000000E+00
    3.300019277689E+01
    0.000000000000E+00    1.277099022976E-03    3.484582737310E-03
   -1.277099022976E-03    0.000000000000E+00    1.243832813104E-03
   -3.484582737310E-03   -1.243832813104E-03    0.000000000000E+00
    3.308152408746E+01
    0.000000000000E+00    1.269079676974E-03    3.464359751023E-03
   -1.269079676974E-03    0.000000000000E+00    1.237797058369E-03
   -3.464359751023E-03   -1.237797058369E-03    0.000000000000E+00
    3.316295549811E+01
    0.000000000000E+00    1.261120699850E-03    3.444271225769E-03
   -1.261120699850E-03    0.000000000000E+00    1.231797177480E-03
   -3.444271225769E-03   -1.231797177480E-03    0.000000000000E+00
    3.324448700883E+01
    0.000000000000E+00    1.253221562858E-03    3.424316191153E-03
   -1.253221562858E-03    0.000000000000E+00    1.225832922146E-03
   -3.424316191153E-03   -1.225832922146E-03    0.000000000000E+00
    3.332611861963E+01
    0.000000000000E+00    1.245381742522E-03    3.404493683858E-03
   -1.245381742522E-03    0.000000000000E+00    1.219904045999E-03
   -3.404493683858E-03   -1.219904045999E-03    0.000000000000E+00
    3.340785033050E+01
    0.000000000000E+00    1.237600720571E-03    3.384802747600E-03
   -1.237600720571E-03    0.000000000000E+00    1.214010304572E-03
   -3.384802747600E-03   -1.214010304572E-03    0.000000000000E+00
    3.348968214144E+01
    0.000000000000E+00    1.229877983888E-03    3.365242433082E-03
   -1.229877983888E-03    0.000000000000E+00    1.208151455285E-03
   -3.365242433082E-03   -1.208151455285E-03    0.000000000000E+00
    3.357161405246E+01
    0.000000000000E+00    1.222213024447E-03    3.345811797954E-03
   -1.222213024447E-03    0.000000000000E+00    1.202327257434E-03
   -3.345811797954E-03   -1.202327257434E-03    0.000000000000E+00
    3.365364606355E+01
    0.000000000000E+00    1.214605339258E-03    3.326509906762E-03
   -1.214605339258E-03    0.000000000000E+00    1.196537472169E-03
   -3.326509906762E-03   -1.196537472169E-03    0.000000000000E+00
    3.373577817472E+01
    0.000000000000E+00    1.207054430314E-03    3.307335830911E-03
   -1.207054430314E-03    0.000000000000E+00    1.190781862482E-03
   -3.307335830911E-03   -1.190781862482E-03    0.000000000000E+00
    3.381801038596E+01
    0.000000000000E+00    1.199559804532E-03    3.288288648615E-03
   -1.199559804532E-03    0.000000000000E+00    1.185060193193E-03
   -3.288288648615E-03   -1.185060193193E-03    0.000000000000E+00
    3.390034269728E+01
    0.000000000000E+00    1.192120973703E-03    3.269367444855E-03
   -1.192120973703E-03    0.000000000000E+00    1.179372230932E-03
   -3.269367444855E-03   -1.179372230932E-03    0.000000000000E+00
    3.398277510867E+01
    0.000000000000E+00    1.184737454432E-03    3.250571311336E-03
   -1.184737454432E-03    0.000000000000E+00    1.173717744123E-03
   -3.250571311336E-03   -1.173717744123E-03    0.000000000000E+00
    3.406530762014E+01
    0.000000000000E+00    1.177408768092E-03    3.231899346441E-03
   -1.177408768092E-03    0.000000000000E+00    1.168096502974E-03
   -3.231899346441E-03   -1.168096502974E-03    0.000000000000E+00
    3.414794023168E+01
    0.000000000000E+00    1.170134440766E-03    3.213350655190E-03
   -1.170134440766E-03    0.000000000000E+00    1.162508279460E-03
   -3.213350655190E-03   -1.162508279460E-03    0.000000000000E+00
    3.423067294329E+01
    0.000000000000E+00    1.162914003199E-03    3.194924349194E-03
   -1.162914003199E-03    0.000000000000E+00    1.156952847305E-03
   -3.194924349194E-03   -1.156952847305E-03    0.000000000000E+00
    3.431350575498E+01
    0.000000000000E+00    1.155746990744E-03    3.176619546612E-03
   -1.155746990744E-03    0.000000000000E+00    1.151429981972E-03
   -3.176619546612E-03   -1.151429981972E-03    0.000000000000E+00
    3.439643866675E+01
    0.000000000000E+00    1.148632943313E-03    3.158435372109E-03
   -1.148632943313E-03    0.000000000000E+00    1.145939460648E-03
   -3.158435372109E-03   -1.145939460648E-03    0.000000000000E+00
    3.447947167859E+01
    0.000000000000E+00    1.141571405325E-03    3.140370956812E-03
   -1.141571405325E-03    0.000000000000E+00    1.140481062226E-03
   -3.140370956812E-03   -1.140481062226E-03    0.000000000000E+00
    3.456260479050E+01
    0.000000000000E+00    1.134561925660E-03    3.122425438264E-03
   -1.134561925660E-03    0.000000000000E+00    1.135054567297E-03
   -3.122425438264E-03   -1.135054567297E-03    0.000000000000E+00
    3.464583800249E+01
    0.000000000000E+00    1.127604057609E-03    3.104597960387E-03
   -1.127604057609E-03    0.000000000000E+00    1.129659758131E-03
   -3.104597960387E-03   -1.129659758131E-03    0.000000000000E+00
    3.472917131455E+01
    0.000000000000E+00    1.120697358823E-03    3.086887673435E-03
   -1.120697358823E-03    0.000000000000E+00    1.124296418663E-03
   -3.086887673435E-03   -1.124296418663E-03    0.000000000000E+00
    3.481260472669E+01
    0.000000000000E+00    1.113841391269E-03    3.069293733952E-03
   -1.113841391269E-03    0.000000000000E+00    1.118964334483E-03
   -3.069293733952E-03   -1.118964334483E-03    0.000000000000E+00
    3.489613823890E+01
    0.000000000000E+00    1.107035721181E-03    3.051815304729E-03
   -1.107035721181E-03    0.000000000000E+00    1.113663292821E-03
   -3.051815304729E-03   -1.113663292821E-03    0.000000000000E+00
    3.497977185118E+01
    0.000000000000E+00    1.100279919016E-03    3.034451554765E-03
   -1.100279919016E-03    0.000000000000E+00    1.108393082532E-03
   -3.034451554765E-03   -1.108393082532E-03    0.000000000000E+00
    3.506350556355E+01
    0.000000000000E+00    1.093573559403E-03    3.017201659219E-03
   -1.093573559403E-03    0.000000000000E+00    1.103153494081E-03
   -3.017201659219E-03   -1.103153494081E-03    0.000000000000E+00
    3.514733937598E+01
    0.000000000000E+00    1.086916221103E-03    3.000064799375E-03
   -1.086916221103E-03    0.000000000000E+00    1.097944319535E-03
   -3.000064799375E-03   -1.097944319535E-03    0.000000000000E+00
    3.523127328849E+01
    0.000000000000E+00    1.080307486962E-03    2.983040162594E-03
   -1.080307486962E-03    0.000000000000E+00    1.092765352547E-03
   -2.983040162594E-03   -1.092765352547E-03    0.000000000000E+00
    3.531530730107E+01
    0.000000000000E+00    1.073746943866E-03    2.966126942275E-03
   -1.073746943866E-03    0.000000000000E+00    1.087616388340E-03
   -2.966126942275E-03   -1.087616388340E-03    0.000000000000E+00
    3.539944141373E+01
    0.000000000000E+00    1.067234182698E-03    2.949324337813E-03
   -1.067234182698E-03    0.000000000000E+00    1.082497223699E-03
   -2.949324337813E-03   -1.082497223699E-03    0.000000000000E+00
    3.548367562647E+01
    0.000000000000E+00    1.060768798296E-03    2.932631554560E-03
   -1.060768798296E-03    0.000000000000E+00    1.077407656955E-03
   -2.932631554560E-03   -1.077407656955E-03    0.000000000000E+00
    3.556800993927E+01
    0.000000000000E+00    1.054350389407E-03    2.916047803780E-03
   -1.054350389407E-03    0.000000000000E+00    1.072347487974E-03
   -2.916047803780E-03   -1.072347487974E-03    0.000000000000E+00
    3.565244435216E+01
    0.000000000000E+00    1.047978558648E-03    2.899572302609E-03
   -1.047978558648E-03    0.000000000000E+00    1.067316518143E-03
   -2.899572302609E-03   -1.067316518143E-03    0.000000000000E+00
    3.573697886511E+01
    0.000000000000E+00    1.041652912464E-03    2.883204274017E-03
   -1.041652912464E-03    0.000000000000E+00    1.062314550358E-03
   -2.883204274017E-03   -1.062314550358E-03    0.000000000000E+00
    3.582161347815E+01
    0.000000000000E+00    1.035373061083E-03    2.866942946764E-03
   -1.035373061083E-03    0.000000000000E+00    1.057341389012E-03
   -2.866942946764E-03   -1.057341389012E-03    0.000000000000E+00
    3.590634819125E+01
    0.000000000000E+00    1.029138618482E-03    2.850787555361E-03
   -1.029138618482E-03    0.000000000000E+00    1.052396839981E-03
   -2.850787555361E-03   -1.052396839981E-03    0.000000000000E+00
    3.599118300443E+01
    0.000000000000E+00    1.022949202339E-03    2.834737340029E-03
   -1.022949202339E-03    0.000000000000E+00    1.047480710614E-03
   -2.834737340029E-03   -1.047480710614E-03    0.000000000000E+00
    3.607611791769E+01
    0.000000000000E+00    1.016804434000E-03    2.818791546661E-03
   -1.016804434000E-03    0.000000000000E+00    1.042592809720E-03
   -2.818791546661E-03   -1.042592809720E-03    0.000000000000E+00
    3.616115293102E+01
    0.000000000000E+00    1.010703938437E-03    2.802949426779E-03
   -1.010703938437E-03    0.000000000000E+00    1.037732947556E-03
   -2.802949426779E-03   -1.037732947556E-03    0.000000000000E+00
    3.624628804442E+01
    0.000000000000E+00    1.004647344206E-03    2.787210237497E-03
   -1.004647344206E-03    0.000000000000E+00    1.032900935815E-03
   -2.787210237497E-03   -1.032900935815E-03    0.000000000000E+00
    3.633152325790E+01
    0.000000000000E+00    9.986342834149E-04    2.771573241479E-03
   -9.986342834149E-04    0.000000000000E+00    1.028096587613E-03
   -2.771573241479E-03   -1.028096587613E-03    0.000000000000E+00
    3.641685857145E+01
    0.000000000000E+00    9.926643916804E-04    2.756037706902E-03
   -9.926643916804E-04    0.000000000000E+00    1.023319717481E-03
   -2.756037706902E-03   -1.023319717481E-03    0.000000000000E+00
    3.650229398508E+01
    0.000000000000E+00    9.867373080934E-04    2.740602907416E-03
   -9.867373080934E-04    0.000000000000E+00    1.018570141347E-03
   -2.740602907416E-03   -1.018570141347E-03    0.000000000000E+00
    3.658782949879E+01
    0.000000000000E+00    9.808526751804E-04    2.725268122105E-03
   -9.808526751804E-04    0.000000000000E+00    1.013847676534E-03
   -2.725268122105E-03   -1.013847676534E-03    0.000000000000E+00
    3.667346511256E+01
    0.000000000000E+00    9.750101388679E-04    2.710032635446E-03
   -9.750101388679E-04    0.000000000000E+00    1.009152141737E-03
   -2.710032635446E-03   -1.009152141737E-03    0.000000000000E+00
    3.675920082641E+01
    0.000000000000E+00    9.692093484457E-04    2.694895737275E-03
   -9.692093484457E-04    0.000000000000E+00    1.004483357022E-03
   -2.694895737275E-03   -1.004483357022E-03    0.000000000000E+00
    3.684503664034E+01
    0.000000000000E+00    9.634499565314E-04    2.679856722746E-03
   -9.634499565314E-04    0.000000000000E+00    9.998411438084E-04
   -2.679856722746E-03   -9.998411438084E-04    0.000000000000E+00
    3.693097255434E+01
    0.000000000000E+00    9.577316190347E-04    2.664914892291E-03
   -9.577316190347E-04    0.000000000000E+00    9.952253248612E-04
   -2.664914892291E-03   -9.952253248612E-04    0.000000000000E+00
    3.701700856842E+01
    0.000000000000E+00    9.520539951231E-04    2.650069551588E-03
   -9.520539951231E-04    0.000000000000E+00    9.906357242781E-04
   -2.650069551588E-03   -9.906357242781E-04    0.000000000000E+00
    3.710314468257E+01
    0.000000000000E+00    9.464167471868E-04    2.635320011514E-03
   -9.464167471868E-04    0.000000000000E+00    9.860721674793E-04
   -2.635320011514E-03   -9.860721674793E-04    0.000000000000E+00
    3.718938089679E+01
    0.000000000000E+00    9.408195408049E-04    2.620665588118E-03
   -9.408195408049E-04    0.000000000000E+00    9.815344811966E-04
   -2.620665588118E-03   -9.815344811966E-04    0.000000000000E+00
    3.727571721109E+01
    0.000000000000E+00    9.352620447117E-04    2.606105602575E-03
   -9.352620447117E-04    0.000000000000E+00    9.770224934629E-04
   -2.606105602575E-03   -9.770224934629E-04    0.000000000000E+00
    3.736215362546E+01
    0.000000000000E+00    9.297439307633E-04    2.591639381154E-03
   -9.297439307633E-04    0.000000000000E+00    9.725360336011E-04
   -2.591639381154E-03   -9.725360336011E-04    0.000000000000E+00
    3.744869013991E+01
    0.000000000000E+00    9.242648739047E-04    2.577266255178E-03
   -9.242648739047E-04    0.000000000000E+00    9.680749322141E-04
   -2.577266255178E-03   -9.680749322141E-04    0.000000000000E+00
    3.753532675443E+01
    0.000000000000E+00    9.188245521372E-04    2.562985560990E-03
   -9.188245521372E-04    0.000000000000E+00    9.636390211736E-04
   -2.562985560990E-03   -9.636390211736E-04    0.000000000000E+00
    3.762206346903E+01
    0.000000000000E+00    9.134226464864E-04    2.548796639915E-03
   -9.134226464864E-04    0.000000000000E+00    9.592281336107E-04
   -2.548796639915E-03   -9.592281336107E-04    0.000000000000E+00
    3.770890028370E+01
    0.000000000000E+00    9.080588409703E-04    2.534698838222E-03
   -9.080588409703E-04    0.000000000000E+00    9.548421039045E-04
   -2.534698838222E-03   -9.548421039045E-04    0.000000000000E+00
    3.779583719845E+01
    0.000000000000E+00    9.027328225677E-04    2.520691507091E-03
   -9.027328225677E-04    0.000000000000E+00    9.504807676729E-04
   -2.520691507091E-03   -9.504807676729E-04    0.000000000000E+00
    3.788287421327E+01
    0.000000000000E+00    8.974442811876E-04    2.506774002575E-03
   -8.974442811876E-04    0.000000000000E+00    9.461439617620E-04
   -2.506774002575E-03   -9.461439617620E-04    0.000000000000E+00
    3.797001132817E+01
    0.000000000000E+00    8.921929096381E-04    2.492945685566E-03
   -8.921929096381E-04    0.000000000000E+00    9.418315242360E-04
   -2.492945685566E-03   -9.418315242360E-04    0.000000000000E+00
    3.805724854314E+01
    0.000000000000E+00    8.869784035960E-04    2.479205921757E-03
   -8.869784035960E-04    0.000000000000E+00    9.375432943675E-04
   -2.479205921757E-03   -9.375432943675E-04    0.000000000000E+00
    3.814458585818E+01
    0.000000000000E+00    8.818004615774E-04    2.465554081610E-03
   -8.818004615774E-04    0.000000000000E+00    9.332791126276E-04
   -2.465554081610E-03   -9.332791126276E-04    0.000000000000E+00
    3.823202327330E+01
    0.000000000000E+00    8.766587849073E-04    2.451989540316E-03
   -8.766587849073E-04    0.000000000000E+00    9.290388206762E-04
   -2.451989540316E-03   -9.290388206762E-04    0.000000000000E+00
    3.831956078849E+01
    0.000000000000E+00    8.715530776908E-04    2.438511677767E-03
   -8.715530776908E-04    0.000000000000E+00    9.248222613519E-04
   -2.438511677767E-03   -9.248222613519E-04    0.000000000000E+00
    3.840719840376E+01
    0.000000000000E+00    8.664830467839E-04    2.425119878514E-03
   -8.664830467839E-04    0.000000000000E+00    9.206292786631E-04
   -2.425119878514E-03   -9.206292786631E-04    0.000000000000E+00
    3.849493611910E+01
    0.000000000000E+00    8.614484017649E-04    2.411813531737E-03
   -8.614484017649E-04    0.000000000000E+00    9.164597177778E-04
   -2.411813531737E-03   -9.164597177778E-04    0.000000000000E+00
    3.858277393452E+01
    0.000000000000E+00    8.564488549063E-04    2.398592031211E-03
   -8.564488549063E-04    0.000000000000E+00    9.123134250148E-04
   -2.398592031211E-03   -9.123134250148E-04    0.000000000000E+00
    3.867071185001E+01
    0.000000000000E+00    8.514841211465E-04    2.385454775270E-03
   -8.514841211465E-04    0.000000000000E+00    9.081902478337E-04
   -2.385454775270E-03   -9.081902478337E-04    0.000000000000E+00
    3.875874986558E+01
    0.000000000000E+00    8.465539180622E-04    2.372401166772E-03
   -8.465539180622E-04    0.000000000000E+00    9.040900348261E-04
   -2.372401166772E-03   -9.040900348261E-04    0.000000000000E+00
    3.884688798122E+01
    0.000000000000E+00    8.416579658413E-04    2.359430613070E-03
   -8.416579658413E-04    0.000000000000E+00    9.000126357064E-04
   -2.359430613070E-03   -9.000126357064E-04    0.000000000000E+00
    3.893512619693E+01
    0.000000000000E+00    8.367959872557E-04    2.346542525974E-03
   -8.367959872557E-04    0.000000000000E+00    8.959579013023E-04
   -2.346542525974E-03   -8.959579013023E-04    0.000000000000E+00
    3.902346451272E+01
    0.000000000000E+00    8.319677076345E-04    2.333736321720E-03
   -8.319677076345E-04    0.000000000000E+00    8.919256835460E-04
   -2.333736321720E-03   -8.919256835460E-04    0.000000000000E+00
    3.911190292859E+01
    0.000000000000E+00    8.271728548377E-04    2.321011420936E-03
   -8.271728548377E-04    0.000000000000E+00    8.879158354656E-04
   -2.321011420936E-03   -8.879158354656E-04    0.000000000000E+00
    3.920044144453E+01
    0.000000000000E+00    8.224111592301E-04    2.308367248610E-03
   -8.224111592301E-04    0.000000000000E+00    8.839282111754E-04
   -2.308367248610E-03   -8.839282111754E-04    0.000000000000E+00
    3.928908006054E+01
    0.000000000000E+00    8.176823536553E-04    2.295803234056E-03
   -8.176823536553E-04    0.000000000000E+00    8.799626658679E-04
   -2.295803234056E-03   -8.799626658679E-04    0.000000000000E+00
    3.937781877663E+01
    0.000000000000E+00    8.129861734105E-04    2.283318810885E-03
   -8.129861734105E-04    0.000000000000E+00    8.760190558045E-04
   -2.283318810885E-03   -8.760190558045E-04    0.000000000000E+00
    3.946665759279E+01
    0.000000000000E+00    8.083223562208E-04    2.270913416968E-03
   -8.083223562208E-04    0.000000000000E+00    8.720972383074E-04
   -2.270913416968E-03   -8.720972383074E-04    0.000000000000E+00
    3.955559650903E+01
    0.000000000000E+00    8.036906422147E-04    2.258586494407E-03
   -8.036906422147E-04    0.000000000000E+00    8.681970717502E-04
   -2.258586494407E-03   -8.681970717502E-04    0.000000000000E+00
    3.964463552534E+01
    0.000000000000E+00    7.990907738994E-04    2.246337489505E-03
   -7.990907738994E-04    0.000000000000E+00    8.643184155504E-04
   -2.246337489505E-03   -8.643184155504E-04    0.000000000000E+00
    3.973377464173E+01
    0.000000000000E+00    7.945224961358E-04    2.234165852728E-03
   -7.945224961358E-04    0.000000000000E+00    8.604611301602E-04
   -2.234165852728E-03   -8.604611301602E-04    0.000000000000E+00
    3.982301385819E+01
    0.000000000000E+00    7.899855561154E-04    2.222071038681E-03
   -7.899855561154E-04    0.000000000000E+00    8.566250770583E-04
   -2.222071038681E-03   -8.566250770583E-04    0.000000000000E+00
    3.991235317472E+01
    0.000000000000E+00    7.854797033356E-04    2.210052506071E-03
   -7.854797033356E-04    0.000000000000E+00    8.528101187419E-04
   -2.210052506071E-03   -8.528101187419E-04    0.000000000000E+00
    4.000179259133E+01
    0.000000000000E+00    7.810046895765E-04    2.198109717681E-03
   -7.810046895765E-04    0.000000000000E+00    8.490161187181E-04
   -2.198109717681E-03   -8.490161187181E-04    0.000000000000E+00
    4.009133210802E+01
    0.000000000000E+00    7.765602688775E-04    2.186242140336E-03
   -7.765602688775E-04    0.000000000000E+00    8.452429414962E-04
   -2.186242140336E-03   -8.452429414962E-04    0.000000000000E+00
    4.018097172478E+01
    0.000000000000E+00    7.721461975144E-04    2.174449244871E-03
   -7.721461975144E-04    0.000000000000E+00    8.414904525790E-04
   -2.174449244871E-03   -8.414904525790E-04    0.000000000000E+00
    4.027071144161E+01
    0.000000000000E+00    7.677622339766E-04    2.162730506107E-03
   -7.677622339766E-04    0.000000000000E+00    8.377585184555E-04
   -2.162730506107E-03   -8.377585184555E-04    0.000000000000E+00
    4.036055125852E+01
    0.000000000000E+00    7.634081389444E-04    2.151085402813E-03
   -7.634081389444E-04    0.000000000000E+00    8.340470065922E-04
   -2.151085402813E-03   -8.340470065922E-04    0.000000000000E+00
    4.045049117550E+01
    0.000000000000E+00    7.590836752667E-04    2.139513417681E-03
   -7.590836752667E-04    0.000000000000E+00    8.303557854260E-04
   -2.139513417681E-03   -8.303557854260E-04    0.000000000000E+00
    4.054053119256E+01
    0.000000000000E+00    7.547886079394E-04    2.128014037296E-03
   -7.547886079394E-04    0.000000000000E+00    8.266847243559E-04
   -2.128014037296E-03   -8.266847243559E-04    0.000000000000E+00
    4.063067130969E+01
    0.000000000000E+00    7.505227040831E-04    2.116586752104E-03
   -7.505227040831E-04    0.000000000000E+00    8.230336937353E-04
   -2.116586752104E-03   -8.230336937353E-04    0.000000000000E+00
    4.072091152690E+01
    0.000000000000E+00    7.462857329219E-04    2.105231056385E-03
   -7.462857329219E-04    0.000000000000E+00    8.194025648644E-04
   -2.105231056385E-03   -8.194025648644E-04    0.000000000000E+00
    4.081125184418E+01
    0.000000000000E+00    7.420774657621E-04    2.093946448223E-03
   -7.420774657621E-04    0.000000000000E+00    8.157912099828E-04
   -2.093946448223E-03   -8.157912099828E-04    0.000000000000E+00
    4.090169226153E+01
    0.000000000000E+00    7.378976759710E-04    2.082732429476E-03
   -7.378976759710E-04    0.000000000000E+00    8.121995022615E-04
   -2.082732429476E-03   -8.121995022615E-04    0.000000000000E+00
    4.099223277896E+01
    0.000000000000E+00    7.337461389560E-04    2.071588505749E-03
   -7.337461389560E-04    0.000000000000E+00    8.086273157958E-04
   -2.071588505749E-03   -8.086273157958E-04    0.000000000000E+00
    4.108287339647E+01
    0.000000000000E+00    7.296226321445E-04    2.060514186364E-03
   -7.296226321445E-04    0.000000000000E+00    8.050745255979E-04
   -2.060514186364E-03   -8.050745255979E-04    0.000000000000E+00
    4.117361411405E+01
    0.000000000000E+00    7.255269349629E-04    2.049508984334E-03
   -7.255269349629E-04    0.000000000000E+00    8.015410075893E-04
   -2.049508984334E-03   -8.015410075893E-04    0.000000000000E+00
    4.126445493170E+01
    0.000000000000E+00    7.214588288169E-04    2.038572416331E-03
   -7.214588288169E-04    0.000000000000E+00    7.980266385934E-04
   -2.038572416331E-03   -7.980266385934E-04    0.000000000000E+00
    4.135539584943E+01
    0.000000000000E+00    7.174180970716E-04    2.027704002661E-03
   -7.174180970716E-04    0.000000000000E+00    7.945312963290E-04
   -2.027704002661E-03   -7.945312963290E-04    0.000000000000E+00
    4.144643686723E+01
    0.000000000000E+00    7.134045250316E-04    2.016903267236E-03
   -7.134045250316E-04    0.000000000000E+00    7.910548594022E-04
   -2.016903267236E-03   -7.910548594022E-04    0.000000000000E+00
    4.153757798511E+01
    0.000000000000E+00    7.094178999215E-04    2.006169737544E-03
   -7.094178999215E-04    0.000000000000E+00    7.875972073000E-04
   -2.006169737544E-03   -7.875972073000E-04    0.000000000000E+00
    4.162881920306E+01
    0.000000000000E+00    7.054580108671E-04    1.995502944626E-03
   -7.054580108671E-04    0.000000000000E+00    7.841582203829E-04
   -1.995502944626E-03   -7.841582203829E-04    0.000000000000E+00
    4.172016052109E+01
    0.000000000000E+00    7.015246488758E-04    1.984902423044E-03
   -7.015246488758E-04    0.000000000000E+00    7.807377798780E-04
   -1.984902423044E-03   -7.807377798780E-04    0.000000000000E+00
    4.181160193919E+01
    0.000000000000E+00    6.976176068180E-04    1.974367710857E-03
   -6.976176068180E-04    0.000000000000E+00    7.773357678721E-04
   -1.974367710857E-03   -7.773357678721E-04    0.000000000000E+00
    4.190314345737E+01
    0.000000000000E+00    6.937366794089E-04    1.963898349593E-03
   -6.937366794089E-04    0.000000000000E+00    7.739520673049E-04
   -1.963898349593E-03   -7.739520673049E-04    0.000000000000E+00
    4.199478507562E+01
    0.000000000000E+00    6.898816631892E-04    1.953493884224E-03
   -6.898816631892E-04    0.000000000000E+00    7.705865619621E-04
   -1.953493884224E-03   -7.705865619621E-04    0.000000000000E+00
    4.208652679394E+01
    0.000000000000E+00    6.860523565077E-04    1.943153863136E-03
   -6.860523565077E-04    0.000000000000E+00    7.672391364686E-04
   -1.943153863136E-03   -7.672391364686E-04    0.000000000000E+00
    4.217836861234E+01
    0.000000000000E+00    6.822485595029E-04    1.932877838106E-03
   -6.822485595029E-04    0.000000000000E+00    7.639096762820E-04
   -1.932877838106E-03   -7.639096762820E-04    0.000000000000E+00
    4.227031053081E+01
    0.000000000000E+00    6.784700740853E-04    1.922665364277E-03
   -6.784700740853E-04    0.000000000000E+00    7.605980676858E-04
   -1.922665364277E-03   -7.605980676858E-04    0.000000000000E+00
    4.236235254936E+01
    0.000000000000E+00    6.747167039197E-04    1.912516000126E-03
   -6.747167039197E-04    0.000000000000E+00    7.573041977830E-04
   -1.912516000126E-03   -7.573041977830E-04    0.000000000000E+00
    4.245449466798E+01
    0.000000000000E+00    6.709882544081E-04    1.902429307446E-03
   -6.709882544081E-04    0.000000000000E+00    7.540279544893E-04
   -1.902429307446E-03   -7.540279544893E-04    0.000000000000E+00
    4.254673688668E+01
    0.000000000000E+00    6.672845326718E-04    1.892404851316E-03
   -6.672845326718E-04    0.000000000000E+00    7.507692265269E-04
   -1.892404851316E-03   -7.507692265269E-04    0.000000000000E+00
    4.263907920545E+01
    0.000000000000E+00    6.636053475352E-04    1.882442200074E-03
   -6.636053475352E-04    0.000000000000E+00    7.475279034180E-04
   -1.882442200074E-03   -7.475279034180E-04    0.000000000000E+00
    4.273152162430E+01
    0.000000000000E+00    6.599505095081E-04    1.872540925298E-03
   -6.599505095081E-04    0.000000000000E+00    7.443038754783E-04
   -1.872540925298E-03   -7.443038754783E-04    0.000000000000E+00
    4.282406414322E+01
    0.000000000000E+00    6.563198307700E-04    1.862700601775E-03
   -6.563198307700E-04    0.000000000000E+00    7.410970338112E-04
   -1.862700601775E-03   -7.410970338112E-04    0.000000000000E+00
    4.291670676222E+01
    0.000000000000E+00    6.527131251525E-04    1.852920807480E-03
   -6.527131251525E-04    0.000000000000E+00    7.379072703007E-04
   -1.852920807480E-03   -7.379072703007E-04    0.000000000000E+00
    4.300944948129E+01
    0.000000000000E+00    6.491302081239E-04    1.843201123549E-03
   -6.491302081239E-04    0.000000000000E+00    7.347344776062E-04
   -1.843201123549E-03   -7.347344776062E-04    0.000000000000E+00
    4.310229230043E+01
    0.000000000000E+00    6.455708967728E-04    1.833541134256E-03
   -6.455708967728E-04    0.000000000000E+00    7.315785491555E-04
   -1.833541134256E-03   -7.315785491555E-04    0.000000000000E+00
    4.319523521965E+01
    0.000000000000E+00    6.420350097919E-04    1.823940426988E-03
   -6.420350097919E-04    0.000000000000E+00    7.284393791393E-04
   -1.823940426988E-03   -7.284393791393E-04    0.000000000000E+00
    4.328827823894E+01
    0.000000000000E+00    6.385223674624E-04    1.814398592223E-03
   -6.385223674624E-04    0.000000000000E+00    7.253168625047E-04
   -1.814398592223E-03   -7.253168625047E-04    0.000000000000E+00
    4.338142135831E+01
    0.000000000000E+00    6.350327916385E-04    1.804915223502E-03
   -6.350327916385E-04    0.000000000000E+00    7.222108949498E-04
   -1.804915223502E-03   -7.222108949498E-04    0.000000000000E+00
    4.347466457776E+01
    0.000000000000E+00    6.315661057320E-04    1.795489917409E-03
   -6.315661057320E-04    0.000000000000E+00    7.191213729171E-04
   -1.795489917409E-03   -7.191213729171E-04    0.000000000000E+00
    4.356800789727E+01
    0.000000000000E+00    6.281221346965E-04    1.786122273546E-03
   -6.281221346965E-04    0.000000000000E+00    7.160481935880E-04
   -1.786122273546E-03   -7.160481935880E-04    0.000000000000E+00
    4.366145131687E+01
    0.000000000000E+00    6.247007050130E-04    1.776811894509E-03
   -6.247007050130E-04    0.000000000000E+00    7.129912548771E-04
   -1.776811894509E-03   -7.129912548771E-04    0.000000000000E+00
    4.375499483653E+01
    0.000000000000E+00    6.213016446747E-04    1.767558385867E-03
   -6.213016446747E-04    0.000000000000E+00    7.099504554261E-04
   -1.767558385867E-03   -7.099504554261E-04    0.000000000000E+00
    4.384863845627E+01
    0.000000000000E+00    6.179247831719E-04    1.758361356136E-03
   -6.179247831719E-04    0.000000000000E+00    7.069256945981E-04
   -1.758361356136E-03   -7.069256945981E-04    0.000000000000E+00
    4.394238217609E+01
    0.000000000000E+00    6.145699514778E-04    1.749220416759E-03
   -6.145699514778E-04    0.000000000000E+00    7.039168724720E-04
   -1.749220416759E-03   -7.039168724720E-04    0.000000000000E+00
    4.403622599598E+01
    0.000000000000E+00    6.112369820340E-04    1.740135182082E-03
   -6.112369820340E-04    0.000000000000E+00    7.009238898371E-04
   -1.740135182082E-03   -7.009238898371E-04    0.000000000000E+00
    4.413016991594E+01
    0.000000000000E+00    6.079257087358E-04    1.731105269330E-03
   -6.079257087358E-04    0.000000000000E+00    6.979466481870E-04
   -1.731105269330E-03   -6.979466481870E-04    0.000000000000E+00
    4.422421393598E+01
    0.000000000000E+00    6.046359669186E-04    1.722130298587E-03
   -6.046359669186E-04    0.000000000000E+00    6.949850497144E-04
   -1.722130298587E-03   -6.949850497144E-04    0.000000000000E+00
    4.431835805610E+01
    0.000000000000E+00    6.013675933435E-04    1.713209892773E-03
   -6.013675933435E-04    0.000000000000E+00    6.920389973056E-04
   -1.713209892773E-03   -6.920389973056E-04    0.000000000000E+00
    4.441260227628E+01
    0.000000000000E+00    5.981204261837E-04    1.704343677623E-03
   -5.981204261837E-04    0.000000000000E+00    6.891083945349E-04
   -1.704343677623E-03   -6.891083945349E-04    0.000000000000E+00
    4.450694659655E+01
    0.000000000000E+00    5.948943050104E-04    1.695531281663E-03
   -5.948943050104E-04    0.000000000000E+00    6.861931456593E-04
   -1.695531281663E-03   -6.861931456593E-04    0.000000000000E+00
    4.460139101689E+01
    0.000000000000E+00    5.916890707800E-04    1.686772336188E-03
   -5.916890707800E-04    0.000000000000E+00    6.832931556132E-04
   -1.686772336188E-03   -6.832931556132E-04    0.000000000000E+00
    4.469593553730E+01
    0.000000000000E+00    5.885045658197E-04    1.678066475245E-03
   -5.885045658197E-04    0.000000000000E+00    6.804083300029E-04
   -1.678066475245E-03   -6.804083300029E-04    0.000000000000E+00
    4.479058015778E+01
    0.000000000000E+00    5.853406338152E-04    1.669413335607E-03
   -5.853406338152E-04    0.000000000000E+00    6.775385751014E-04
   -1.669413335607E-03   -6.775385751014E-04    0.000000000000E+00
    4.488532487835E+01
    0.000000000000E+00    5.821971197969E-04    1.660812556752E-03
   -5.821971197969E-04    0.000000000000E+00    6.746837978434E-04
   -1.660812556752E-03   -6.746837978434E-04    0.000000000000E+00
    4.498016969898E+01
    0.000000000000E+00    5.790738701272E-04    1.652263780844E-03
   -5.790738701272E-04    0.000000000000E+00    6.718439058198E-04
   -1.652263780844E-03   -6.718439058198E-04    0.000000000000E+00
    4.507511461969E+01
    0.000000000000E+00    5.759707324877E-04    1.643766652715E-03
   -5.759707324877E-04    0.000000000000E+00    6.690188072727E-04
   -1.643766652715E-03   -6.690188072727E-04    0.000000000000E+00
    4.517015964048E+01
    0.000000000000E+00    5.728875558662E-04    1.635320819834E-03
   -5.728875558662E-04    0.000000000000E+00    6.662084110903E-04
   -1.635320819834E-03   -6.662084110903E-04    0.000000000000E+00
    4.526530476134E+01
    0.000000000000E+00    5.698241905446E-04    1.626925932300E-03
   -5.698241905446E-04    0.000000000000E+00    6.634126268020E-04
   -1.626925932300E-03   -6.634126268020E-04    0.000000000000E+00
    4.536054998227E+01
    0.000000000000E+00    5.667804880860E-04    1.618581642809E-03
   -5.667804880860E-04    0.000000000000E+00    6.606313645730E-04
   -1.618581642809E-03   -6.606313645730E-04    0.000000000000E+00
    4.545589530328E+01
    0.000000000000E+00    5.637563013228E-04    1.610287606643E-03
   -5.637563013228E-04    0.000000000000E+00    6.578645352000E-04
   -1.610287606643E-03   -6.578645352000E-04    0.000000000000E+00
    4.555134072436E+01
    0.000000000000E+00    5.607514843441E-04    1.602043481645E-03
   -5.607514843441E-04    0.000000000000E+00    6.551120501054E-04
   -1.602043481645E-03   -6.551120501054E-04    0.000000000000E+00
    4.564688624552E+01
    0.000000000000E+00    5.577658924841E-04    1.593848928202E-03
   -5.577658924841E-04    0.000000000000E+00    6.523738213331E-04
   -1.593848928202E-03   -6.523738213331E-04    0.000000000000E+00
    4.574253186675E+01
    0.000000000000E+00    5.547993823097E-04    1.585703609220E-03
   -5.547993823097E-04    0.000000000000E+00    6.496497615436E-04
   -1.585703609220E-03   -6.496497615436E-04    0.000000000000E+00
    4.583827758806E+01
    0.000000000000E+00    5.518518116091E-04    1.577607190113E-03
   -5.518518116091E-04    0.000000000000E+00    6.469397840087E-04
   -1.577607190113E-03   -6.469397840087E-04    0.000000000000E+00
    4.593412340944E+01
    0.000000000000E+00    5.489230393802E-04    1.569559338773E-03
   -5.489230393802E-04    0.000000000000E+00    6.442438026075E-04
   -1.569559338773E-03   -6.442438026075E-04    0.000000000000E+00
    4.603006933089E+01
    0.000000000000E+00    5.460129258186E-04    1.561559725562E-03
   -5.460129258186E-04    0.000000000000E+00    6.415617318210E-04
   -1.561559725562E-03   -6.415617318210E-04    0.000000000000E+00
    4.612611535242E+01
    0.000000000000E+00    5.431213323065E-04    1.553608023281E-03
   -5.431213323065E-04    0.000000000000E+00    6.388934867276E-04
   -1.553608023281E-03   -6.388934867276E-04    0.000000000000E+00
    4.622226147403E+01
    0.000000000000E+00    5.402481214014E-04    1.545703907162E-03
   -5.402481214014E-04    0.000000000000E+00    6.362389829989E-04
   -1.545703907162E-03   -6.362389829989E-04    0.000000000000E+00
    4.631850769571E+01
    0.000000000000E+00    5.373931568249E-04    1.537847054840E-03
   -5.373931568249E-04    0.000000000000E+00    6.335981368945E-04
   -1.537847054840E-03   -6.335981368945E-04    0.000000000000E+00
    4.641485401746E+01
    0.000000000000E+00    5.345563034514E-04    1.530037146342E-03
   -5.345563034514E-04    0.000000000000E+00    6.309708652577E-04
   -1.530037146342E-03   -6.309708652577E-04    0.000000000000E+00
    4.651130043929E+01
    0.000000000000E+00    5.317374272976E-04    1.522273864062E-03
   -5.317374272976E-04    0.000000000000E+00    6.283570855111E-04
   -1.522273864062E-03   -6.283570855111E-04    0.000000000000E+00
    4.660784696119E+01
    0.000000000000E+00    5.289363955113E-04    1.514556892745E-03
   -5.289363955113E-04    0.000000000000E+00    6.257567156519E-04
   -1.514556892745E-03   -6.257567156519E-04    0.000000000000E+00
    4.670449358317E+01
    0.000000000000E+00    5.261530763608E-04    1.506885919471E-03
   -5.261530763608E-04    0.000000000000E+00    6.231696742474E-04
   -1.506885919471E-03   -6.231696742474E-04    0.000000000000E+00
    4.680124030522E+01
    0.000000000000E+00    5.233873392243E-04    1.499260633633E-03
   -5.233873392243E-04    0.000000000000E+00    6.205958804311E-04
   -1.499260633633E-03   -6.205958804311E-04    0.000000000000E+00
    4.689808712735E+01
    0.000000000000E+00    5.206390545795E-04    1.491680726922E-03
   -5.206390545795E-04    0.000000000000E+00    6.180352538976E-04
   -1.491680726922E-03   -6.180352538976E-04    0.000000000000E+00
    4.699503404955E+01
    0.000000000000E+00    5.179080939930E-04    1.484145893305E-03
   -5.179080939930E-04    0.000000000000E+00    6.154877148987E-04
   -1.484145893305E-03   -6.154877148987E-04    0.000000000000E+00
    4.709208107183E+01
    0.000000000000E+00    5.151943301100E-04    1.476655829013E-03
   -5.151943301100E-04    0.000000000000E+00    6.129531842391E-04
   -1.476655829013E-03   -6.129531842391E-04    0.000000000000E+00
    4.718922819418E+01
    0.000000000000E+00    5.124976366447E-04    1.469210232519E-03
   -5.124976366447E-04    0.000000000000E+00    6.104315832719E-04
   -1.469210232519E-03   -6.104315832719E-04    0.000000000000E+00
    4.728647541660E+01
    0.000000000000E+00    5.098178883695E-04    1.461808804522E-03
   -5.098178883695E-04    0.000000000000E+00    6.079228338947E-04
   -1.461808804522E-03   -6.079228338947E-04    0.000000000000E+00
    4.738382273910E+01
    0.000000000000E+00    5.071549611053E-04    1.454451247929E-03
   -5.071549611053E-04    0.000000000000E+00    6.054268585450E-04
   -1.454451247929E-03   -6.054268585450E-04    0.000000000000E+00
    4.748127016168E+01
    0.000000000000E+00    5.045087317119E-04    1.447137267840E-03
   -5.045087317119E-04    0.000000000000E+00    6.029435801966E-04
   -1.447137267840E-03   -6.029435801966E-04    0.000000000000E+00
    4.757881768432E+01
    0.000000000000E+00    5.018790780780E-04    1.439866571528E-03
   -5.018790780780E-04    0.000000000000E+00    6.004729223548E-04
   -1.439866571528E-03   -6.004729223548E-04    0.000000000000E+00
    4.767646530705E+01
    0.000000000000E+00    4.992658791115E-04    1.432638868422E-03
   -4.992658791115E-04    0.000000000000E+00    5.980148090528E-04
   -1.432638868422E-03   -5.980148090528E-04    0.000000000000E+00
    4.777421302984E+01
    0.000000000000E+00    4.966690147301E-04    1.425453870095E-03
   -4.966690147301E-04    0.000000000000E+00    5.955691648475E-04
   -1.425453870095E-03   -5.955691648475E-04    0.000000000000E+00
    4.787206085272E+01
    0.000000000000E+00    4.940883658519E-04    1.418311290239E-03
   -4.940883658519E-04    0.000000000000E+00    5.931359148154E-04
   -1.418311290239E-03   -5.931359148154E-04    0.000000000000E+00
    4.797000877566E+01
    0.000000000000E+00    4.915238143857E-04    1.411210844658E-03
   -4.915238143857E-04    0.000000000000E+00    5.907149845489E-04
   -1.411210844658E-03   -5.907149845489E-04    0.000000000000E+00
    4.806805679868E+01
    0.000000000000E+00    4.889752432222E-04    1.404152251243E-03
   -4.889752432222E-04    0.000000000000E+00    5.883063001518E-04
   -1.404152251243E-03   -5.883063001518E-04    0.000000000000E+00
    4.816620492178E+01
    0.000000000000E+00    4.864425362245E-04    1.397135229963E-03
   -4.864425362245E-04    0.000000000000E+00    5.859097882360E-04
   -1.397135229963E-03   -5.859097882360E-04    0.000000000000E+00
    4.826445314495E+01
    0.000000000000E+00    4.839255782194E-04    1.390159502841E-03
   -4.839255782194E-04    0.000000000000E+00    5.835253759172E-04
   -1.390159502841E-03   -5.835253759172E-04    0.000000000000E+00
    4.836280146820E+01
    0.000000000000E+00    4.814242549879E-04    1.383224793947E-03
   -4.814242549879E-04    0.000000000000E+00    5.811529908112E-04
   -1.383224793947E-03   -5.811529908112E-04    0.000000000000E+00
    4.846124989152E+01
    0.000000000000E+00    4.789384532566E-04    1.376330829374E-03
   -4.789384532566E-04    0.000000000000E+00    5.787925610300E-04
   -1.376330829374E-03   -5.787925610300E-04    0.000000000000E+00
    4.855979841491E+01
    0.000000000000E+00    4.764680606893E-04    1.369477337227E-03
   -4.764680606893E-04    0.000000000000E+00    5.764440151780E-04
   -1.369477337227E-03   -5.764440151780E-04    0.000000000000E+00
    4.865844703838E+01
    0.000000000000E+00    4.740129658775E-04    1.362664047606E-03
   -4.740129658775E-04    0.000000000000E+00    5.741072823484E-04
   -1.362664047606E-03   -5.741072823484E-04    0.000000000000E+00
    4.875719576192E+01
    0.000000000000E+00    4.715730583324E-04    1.355890692589E-03
   -4.715730583324E-04    0.000000000000E+00    5.717822921193E-04
   -1.355890692589E-03   -5.717822921193E-04    0.000000000000E+00
    4.885604458554E+01
    0.000000000000E+00    4.691482284761E-04    1.349157006220E-03
   -4.691482284761E-04    0.000000000000E+00    5.694689745500E-04
   -1.349157006220E-03   -5.694689745500E-04    0.000000000000E+00
    4.895499350923E+01
    0.000000000000E+00    4.667383676336E-04    1.342462724491E-03
   -4.667383676336E-04    0.000000000000E+00    5.671672601775E-04
   -1.342462724491E-03   -5.671672601775E-04    0.000000000000E+00
    4.905404253300E+01
    0.000000000000E+00    4.643433680236E-04    1.335807585327E-03
   -4.643433680236E-04    0.000000000000E+00    5.648770800127E-04
   -1.335807585327E-03   -5.648770800127E-04    0.000000000000E+00
    4.915319165684E+01
    0.000000000000E+00    4.619631227511E-04    1.329191328571E-03
   -4.619631227511E-04    0.000000000000E+00    5.625983655368E-04
   -1.329191328571E-03   -5.625983655368E-04    0.000000000000E+00
    4.925244088075E+01
    0.000000000000E+00    4.595975257989E-04    1.322613695971E-03
   -4.595975257989E-04    0.000000000000E+00    5.603310486978E-04
   -1.322613695971E-03   -5.603310486978E-04    0.000000000000E+00
    4.935179020475E+01
    0.000000000000E+00    4.572464720192E-04    1.316074431162E-03
   -4.572464720192E-04    0.000000000000E+00    5.580750619069E-04
   -1.316074431162E-03   -5.580750619069E-04    0.000000000000E+00
    4.945123962881E+01
    0.000000000000E+00    4.549098571262E-04    1.309573279655E-03
   -4.549098571262E-04    0.000000000000E+00    5.558303380350E-04
   -1.309573279655E-03   -5.558303380350E-04    0.000000000000E+00
    4.955078915295E+01
    0.000000000000E+00    4.525875776877E-04    1.303109988818E-03
   -4.525875776877E-04    0.000000000000E+00    5.535968104093E-04
   -1.303109988818E-03   -5.535968104093E-04    0.000000000000E+00
    4.965043877716E+01
    0.000000000000E+00    4.502795311174E-04    1.296684307866E-03
   -4.502795311174E-04    0.000000000000E+00    5.513744128095E-04
   -1.296684307866E-03   -5.513744128095E-04    0.000000000000E+00
    4.975018850145E+01
    0.000000000000E+00    4.479856156671E-04    1.290295987843E-03
   -4.479856156671E-04    0.000000000000E+00    5.491630794648E-04
   -1.290295987843E-03   -5.491630794648E-04    0.000000000000E+00
    4.985003832582E+01
    0.000000000000E+00    4.457057304192E-04    1.283944781611E-03
   -4.457057304192E-04    0.000000000000E+00    5.469627450503E-04
   -1.283944781611E-03   -5.469627450503E-04    0.000000000000E+00
    4.994998825025E+01
    0.000000000000E+00    4.434397752787E-04    1.277630443833E-03
   -4.434397752787E-04    0.000000000000E+00    5.447733446837E-04
   -1.277630443833E-03   -5.447733446837E-04    0.000000000000E+00
    5.005003827477E+01
    0.000000000000E+00    4.411876509662E-04    1.271352730959E-03
   -4.411876509662E-04    0.000000000000E+00    5.425948139216E-04
   -1.271352730959E-03   -5.425948139216E-04    0.000000000000E+00
    5.015018839935E+01
    0.000000000000E+00    4.389492590098E-04    1.265111401217E-03
   -4.389492590098E-04    0.000000000000E+00    5.404270887567E-04
   -1.265111401217E-03   -5.404270887567E-04    0.000000000000E+00
    5.025043862401E+01
    0.000000000000E+00    4.367245017385E-04    1.258906214592E-03
   -4.367245017385E-04    0.000000000000E+00    5.382701056143E-04
   -1.258906214592E-03   -5.382701056143E-04    0.000000000000E+00
    5.035078894875E+01
    0.000000000000E+00    4.345132822740E-04    1.252736932818E-03
   -4.345132822740E-04    0.000000000000E+00    5.361238013488E-04
   -1.252736932818E-03   -5.361238013488E-04    0.000000000000E+00
    5.045123937356E+01
    0.000000000000E+00    4.323155045243E-04    1.246603319359E-03
   -4.323155045243E-04    0.000000000000E+00    5.339881132408E-04
   -1.246603319359E-03   -5.339881132408E-04    0.000000000000E+00
    5.055178989844E+01
    0.000000000000E+00    4.301310731759E-04    1.240505139403E-03
   -4.301310731759E-04    0.000000000000E+00    5.318629789938E-04
   -1.240505139403E-03   -5.318629789938E-04    0.000000000000E+00
    5.065244052340E+01
    0.000000000000E+00    4.279598936871E-04    1.234442159842E-03
   -4.279598936871E-04    0.000000000000E+00    5.297483367308E-04
   -1.234442159842E-03   -5.297483367308E-04    0.000000000000E+00
    5.075319124844E+01
    0.000000000000E+00    4.258018722809E-04    1.228414149261E-03
   -4.258018722809E-04    0.000000000000E+00    5.276441249914E-04
   -1.228414149261E-03   -5.276441249914E-04    0.000000000000E+00
    5.085404207355E+01
    0.000000000000E+00    4.236569159380E-04    1.222420877925E-03
   -4.236569159380E-04    0.000000000000E+00    5.255502827286E-04
   -1.222420877925E-03   -5.255502827286E-04    0.000000000000E+00
    5.095499299873E+01
    0.000000000000E+00    4.215249323898E-04    1.216462117768E-03
   -4.215249323898E-04    0.000000000000E+00    5.234667493057E-04
   -1.216462117768E-03   -5.234667493057E-04    0.000000000000E+00
    5.105604402399E+01
    0.000000000000E+00    4.194058301120E-04    1.210537642374E-03
   -4.194058301120E-04    0.000000000000E+00    5.213934644930E-04
   -1.210537642374E-03   -5.213934644930E-04    0.000000000000E+00
    5.115719514932E+01
    0.000000000000E+00    4.172995183174E-04    1.204647226973E-03
   -4.172995183174E-04    0.000000000000E+00    5.193303684651E-04
   -1.204647226973E-03   -5.193303684651E-04    0.000000000000E+00
    5.125844637473E+01
    0.000000000000E+00    4.152059069495E-04    1.198790648420E-03
   -4.152059069495E-04    0.000000000000E+00    5.172774017975E-04
   -1.198790648420E-03   -5.172774017975E-04    0.000000000000E+00
    5.135979770021E+01
    0.000000000000E+00    4.131249066758E-04    1.192967685186E-03
   -4.131249066758E-04    0.000000000000E+00    5.152345054641E-04
   -1.192967685186E-03   -5.152345054641E-04    0.000000000000E+00
    5.146124912576E+01
    0.000000000000E+00    4.110564288814E-04    1.187178117348E-03
   -4.110564288814E-04    0.000000000000E+00    5.132016208335E-04
   -1.187178117348E-03   -5.132016208335E-04    0.000000000000E+00
    5.156280065140E+01
    0.000000000000E+00    4.090003856622E-04    1.181421726569E-03
   -4.090003856622E-04    0.000000000000E+00    5.111786896668E-04
   -1.181421726569E-03   -5.111786896668E-04    0.000000000000E+00
    5.166445227710E+01
    0.000000000000E+00    4.069566898189E-04    1.175698296095E-03
   -4.069566898189E-04    0.000000000000E+00    5.091656541140E-04
   -1.175698296095E-03   -5.091656541140E-04    0.000000000000E+00
    5.176620400288E+01
    0.000000000000E+00    4.049252548504E-04    1.170007610737E-03
   -4.049252548504E-04    0.000000000000E+00    5.071624567117E-04
   -1.170007610737E-03   -5.071624567117E-04    0.000000000000E+00
    5.186805582873E+01
    0.000000000000E+00    4.029059949476E-04    1.164349456859E-03
   -4.029059949476E-04    0.000000000000E+00    5.051690403796E-04
   -1.164349456859E-03   -5.051690403796E-04    0.000000000000E+00
    5.197000775466E+01
    0.000000000000E+00    4.008988249871E-04    1.158723622367E-03
   -4.008988249871E-04    0.000000000000E+00    5.031853484182E-04
   -1.158723622367E-03   -5.031853484182E-04    0.000000000000E+00
    5.207205978067E+01
    0.000000000000E+00    3.989036605254E-04    1.153129896699E-03
   -3.989036605254E-04    0.000000000000E+00    5.012113245055E-04
   -1.153129896699E-03   -5.012113245055E-04    0.000000000000E+00
    5.217421190674E+01
    0.000000000000E+00    3.969204177921E-04    1.147568070810E-03
   -3.969204177921E-04    0.000000000000E+00    4.992469126946E-04
   -1.147568070810E-03   -4.992469126946E-04    0.000000000000E+00
    5.227646413290E+01
    0.000000000000E+00    3.949490136845E-04    1.142037937161E-03
   -3.949490136845E-04    0.000000000000E+00    4.972920574106E-04
   -1.142037937161E-03   -4.972920574106E-04    0.000000000000E+00
    5.237881645912E+01
    0.000000000000E+00    3.929893657616E-04    1.136539289710E-03
   -3.929893657616E-04    0.000000000000E+00    4.953467034479E-04
   -1.136539289710E-03   -4.953467034479E-04    0.000000000000E+00
    5.248126888542E+01
    0.000000000000E+00    3.910413922376E-04    1.131071923895E-03
   -3.910413922376E-04    0.000000000000E+00    4.934107959675E-04
   -1.131071923895E-03   -4.934107959675E-04    0.000000000000E+00
    5.258382141180E+01
    0.000000000000E+00    3.891050119768E-04    1.125635636628E-03
   -3.891050119768E-04    0.000000000000E+00    4.914842804941E-04
   -1.125635636628E-03   -4.914842804941E-04    0.000000000000E+00
    5.268647403825E+01
    0.000000000000E+00    3.871801444872E-04    1.120230226282E-03
   -3.871801444872E-04    0.000000000000E+00    4.895671029140E-04
   -1.120230226282E-03   -4.895671029140E-04    0.000000000000E+00
    5.278922676478E+01
    0.000000000000E+00    3.852667099152E-04    1.114855492678E-03
   -3.852667099152E-04    0.000000000000E+00    4.876592094713E-04
   -1.114855492678E-03   -4.876592094713E-04    0.000000000000E+00
    5.289207959138E+01
    0.000000000000E+00    3.833646290396E-04    1.109511237074E-03
   -3.833646290396E-04    0.000000000000E+00    4.857605467666E-04
   -1.109511237074E-03   -4.857605467666E-04    0.000000000000E+00
    5.299503251805E+01
    0.000000000000E+00    3.814738232661E-04    1.104197262158E-03
   -3.814738232661E-04    0.000000000000E+00    4.838710617532E-04
   -1.104197262158E-03   -4.838710617532E-04    0.000000000000E+00
    5.309808554480E+01
    0.000000000000E+00    3.795942146218E-04    1.098913372030E-03
   -3.795942146218E-04    0.000000000000E+00    4.819907017351E-04
   -1.098913372030E-03   -4.819907017351E-04    0.000000000000E+00
    5.320123867162E+01
    0.000000000000E+00    3.777257257496E-04    1.093659372198E-03
   -3.777257257496E-04    0.000000000000E+00    4.801194143642E-04
   -1.093659372198E-03   -4.801194143642E-04    0.000000000000E+00
    5.330449189852E+01
    0.000000000000E+00    3.758682799025E-04    1.088435069563E-03
   -3.758682799025E-04    0.000000000000E+00    4.782571476379E-04
   -1.088435069563E-03   -4.782571476379E-04    0.000000000000E+00
    5.340784522549E+01
    0.000000000000E+00    3.740218009389E-04    1.083240272408E-03
   -3.740218009389E-04    0.000000000000E+00    4.764038498964E-04
   -1.083240272408E-03   -4.764038498964E-04    0.000000000000E+00
    5.351129865254E+01
    0.000000000000E+00    3.721862133163E-04    1.078074790389E-03
   -3.721862133163E-04    0.000000000000E+00    4.745594698201E-04
   -1.078074790389E-03   -4.745594698201E-04    0.000000000000E+00
    5.361485217966E+01
    0.000000000000E+00    3.703614420868E-04    1.072938434527E-03
   -3.703614420868E-04    0.000000000000E+00    4.727239564272E-04
   -1.072938434527E-03   -4.727239564272E-04    0.000000000000E+00
    5.371850580686E+01
    0.000000000000E+00    3.685474128914E-04    1.067831017190E-03
   -3.685474128914E-04    0.000000000000E+00    4.708972590713E-04
   -1.067831017190E-03   -4.708972590713E-04    0.000000000000E+00
    5.382225953413E+01
    0.000000000000E+00    3.667440519549E-04    1.062752352091E-03
   -3.667440519549E-04    0.000000000000E+00    4.690793274388E-04
   -1.062752352091E-03   -4.690793274388E-04    0.000000000000E+00
    5.392611336147E+01
    0.000000000000E+00    3.649512860808E-04    1.057702254271E-03
   -3.649512860808E-04    0.000000000000E+00    4.672701115463E-04
   -1.057702254271E-03   -4.672701115463E-04    0.000000000000E+00
    5.403006728889E+01
    0.000000000000E+00    3.631690426461E-04    1.052680540093E-03
   -3.631690426461E-04    0.000000000000E+00    4.654695617385E-04
   -1.052680540093E-03   -4.654695617385E-04    0.000000000000E+00
    5.413412131639E+01
    0.000000000000E+00    3.613972495966E-04    1.047687027229E-03
   -3.613972495966E-04    0.000000000000E+00    4.636776286856E-04
   -1.047687027229E-03   -4.636776286856E-04    0.000000000000E+00
    5.423827544396E+01
    0.000000000000E+00    3.596358354412E-04    1.042721534654E-03
   -3.596358354412E-04    0.000000000000E+00    4.618942633808E-04
   -1.042721534654E-03   -4.618942633808E-04    0.000000000000E+00
    5.434252967160E+01
    0.000000000000E+00    3.578847292478E-04    1.037783882629E-03
   -3.578847292478E-04    0.000000000000E+00    4.601194171384E-04
   -1.037783882629E-03   -4.601194171384E-04    0.000000000000E+00
    5.444688399932E+01
    0.000000000000E+00    3.561438606376E-04    1.032873892700E-03
   -3.561438606376E-04    0.000000000000E+00    4.583530415906E-04
   -1.032873892700E-03   -4.583530415906E-04    0.000000000000E+00
    5.455133842711E+01
    0.000000000000E+00    3.544131597809E-04    1.027991387681E-03
   -3.544131597809E-04    0.000000000000E+00    4.565950886861E-04
   -1.027991387681E-03   -4.565950886861E-04    0.000000000000E+00
    5.465589295498E+01
    0.000000000000E+00    3.526925573918E-04    1.023136191646E-03
   -3.526925573918E-04    0.000000000000E+00    4.548455106871E-04
   -1.023136191646E-03   -4.548455106871E-04    0.000000000000E+00
    5.476054758292E+01
    0.000000000000E+00    3.509819847238E-04    1.018308129921E-03
   -3.509819847238E-04    0.000000000000E+00    4.531042601673E-04
   -1.018308129921E-03   -4.531042601673E-04    0.000000000000E+00
    5.486530231093E+01
    0.000000000000E+00    3.492813735649E-04    1.013507029073E-03
   -3.492813735649E-04    0.000000000000E+00    4.513712900096E-04
   -1.013507029073E-03   -4.513712900096E-04    0.000000000000E+00
    5.497015713902E+01
    0.000000000000E+00    3.475906562329E-04    1.008732716903E-03
   -3.475906562329E-04    0.000000000000E+00    4.496465534039E-04
   -1.008732716903E-03   -4.496465534039E-04    0.000000000000E+00
    5.507511206719E+01
    0.000000000000E+00    3.459097655709E-04    1.003985022432E-03
   -3.459097655709E-04    0.000000000000E+00    4.479300038445E-04
   -1.003985022432E-03   -4.479300038445E-04    0.000000000000E+00
    5.518016709543E+01
    0.000000000000E+00    3.442386349425E-04    9.992637758934E-04
   -3.442386349425E-04    0.000000000000E+00    4.462215951284E-04
   -9.992637758934E-04   -4.462215951284E-04    0.000000000000E+00
    5.528532222374E+01
    0.000000000000E+00    3.425771982277E-04    9.945688087271E-04
   -3.425771982277E-04    0.000000000000E+00    4.445212813527E-04
   -9.945688087271E-04   -4.445212813527E-04    0.000000000000E+00
    5.539057745213E+01
    0.000000000000E+00    3.409253898179E-04    9.898999535657E-04
   -3.409253898179E-04    0.000000000000E+00    4.428290169127E-04
   -9.898999535657E-04   -4.428290169127E-04    0.000000000000E+00
    5.549593278060E+01
    0.000000000000E+00    3.392831446119E-04    9.852570442276E-04
   -3.392831446119E-04    0.000000000000E+00    4.411447564993E-04
   -9.852570442276E-04   -4.411447564993E-04    0.000000000000E+00
    5.560138820913E+01
    0.000000000000E+00    3.376503980109E-04    9.806399157072E-04
   -3.376503980109E-04    0.000000000000E+00    4.394684550972E-04
   -9.806399157072E-04   -4.394684550972E-04    0.000000000000E+00
    5.570694373775E+01
    0.000000000000E+00    3.360270859150E-04    9.760484041666E-04
   -3.360270859150E-04    0.000000000000E+00    4.378000679829E-04
   -9.760484041666E-04   -4.378000679829E-04    0.000000000000E+00
    5.581259936643E+01
    0.000000000000E+00    3.344131447181E-04    9.714823469257E-04
   -3.344131447181E-04    0.000000000000E+00    4.361395507222E-04
   -9.714823469257E-04   -4.361395507222E-04    0.000000000000E+00
    5.591835509519E+01
    0.000000000000E+00    3.328085113039E-04    9.669415824543E-04
   -3.328085113039E-04    0.000000000000E+00    4.344868591681E-04
   -9.669415824543E-04   -4.344868591681E-04    0.000000000000E+00
    5.602421092403E+01
    0.000000000000E+00    3.312131230419E-04    9.624259503626E-04
   -3.312131230419E-04    0.000000000000E+00    4.328419494591E-04
   -9.624259503626E-04   -4.328419494591E-04    0.000000000000E+00
    5.613016685294E+01
    0.000000000000E+00    3.296269177826E-04    9.579352913929E-04
   -3.296269177826E-04    0.000000000000E+00    4.312047780168E-04
   -9.579352913929E-04   -4.312047780168E-04    0.000000000000E+00
    5.623622288193E+01
    0.000000000000E+00    3.280498338542E-04    9.534694474106E-04
   -3.280498338542E-04    0.000000000000E+00    4.295753015439E-04
   -9.534694474106E-04   -4.295753015439E-04    0.000000000000E+00
    5.634237901099E+01
    0.000000000000E+00    3.264818100576E-04    9.490282613958E-04
   -3.264818100576E-04    0.000000000000E+00    4.279534770223E-04
   -9.490282613958E-04   -4.279534770223E-04    0.000000000000E+00
    5.644863524012E+01
    0.000000000000E+00    3.249227856630E-04    9.446115774350E-04
   -3.249227856630E-04    0.000000000000E+00    4.263392617109E-04
   -9.446115774350E-04   -4.263392617109E-04    0.000000000000E+00
    5.655499156933E+01
    0.000000000000E+00    3.233727004054E-04    9.402192407122E-04
   -3.233727004054E-04    0.000000000000E+00    4.247326131438E-04
   -9.402192407122E-04   -4.247326131438E-04    0.000000000000E+00
    5.666144799861E+01
    0.000000000000E+00    3.218314944810E-04    9.358510975008E-04
   -3.218314944810E-04    0.000000000000E+00    4.231334891280E-04
   -9.358510975008E-04   -4.231334891280E-04    0.000000000000E+00
    5.676800452797E+01
    0.000000000000E+00    3.202991085427E-04    9.315069951554E-04
   -3.202991085427E-04    0.000000000000E+00    4.215418477417E-04
   -9.315069951554E-04   -4.215418477417E-04    0.000000000000E+00
    5.687466115740E+01
    0.000000000000E+00    3.187754836969E-04    9.271867821031E-04
   -3.187754836969E-04    0.000000000000E+00    4.199576473323E-04
   -9.271867821031E-04   -4.199576473323E-04    0.000000000000E+00
    5.698141788691E+01
    0.000000000000E+00    3.172605614988E-04    9.228903078359E-04
   -3.172605614988E-04    0.000000000000E+00    4.183808465144E-04
   -9.228903078359E-04   -4.183808465144E-04    0.000000000000E+00
    5.708827471649E+01
    0.000000000000E+00    3.157542839494E-04    9.186174229021E-04
   -3.157542839494E-04    0.000000000000E+00    4.168114041679E-04
   -9.186174229021E-04   -4.168114041679E-04    0.000000000000E+00
    5.719523164615E+01
    0.000000000000E+00    3.142565934908E-04    9.143679788986E-04
   -3.142565934908E-04    0.000000000000E+00    4.152492794361E-04
   -9.143679788986E-04   -4.152492794361E-04    0.000000000000E+00
    5.730228867588E+01
    0.000000000000E+00    3.127674330033E-04    9.101418284625E-04
   -3.127674330033E-04    0.000000000000E+00    4.136944317236E-04
   -9.101418284625E-04   -4.136944317236E-04    0.000000000000E+00
    5.740944580568E+01
    0.000000000000E+00    3.112867458009E-04    9.059388252639E-04
   -3.112867458009E-04    0.000000000000E+00    4.121468206948E-04
   -9.059388252639E-04   -4.121468206948E-04    0.000000000000E+00
    5.751670303556E+01
    0.000000000000E+00    3.098144756281E-04    9.017588239971E-04
   -3.098144756281E-04    0.000000000000E+00    4.106064062717E-04
   -9.017588239971E-04   -4.106064062717E-04    0.000000000000E+00
    5.762406036552E+01
    0.000000000000E+00    3.083505666561E-04    8.976016803737E-04
   -3.083505666561E-04    0.000000000000E+00    4.090731486324E-04
   -8.976016803737E-04   -4.090731486324E-04    0.000000000000E+00
    5.773151779555E+01
    0.000000000000E+00    3.068949634789E-04    8.934672511142E-04
   -3.068949634789E-04    0.000000000000E+00    4.075470082088E-04
   -8.934672511142E-04   -4.075470082088E-04    0.000000000000E+00
    5.783907532565E+01
    0.000000000000E+00    3.054476111101E-04    8.893553939407E-04
   -3.054476111101E-04    0.000000000000E+00    4.060279456852E-04
   -8.893553939407E-04   -4.060279456852E-04    0.000000000000E+00
    5.794673295583E+01
    0.000000000000E+00    3.040084549791E-04    8.852659675692E-04
   -3.040084549791E-04    0.000000000000E+00    4.045159219961E-04
   -8.852659675692E-04   -4.045159219961E-04    0.000000000000E+00
    5.805449068608E+01
    0.000000000000E+00    3.025774409275E-04    8.811988317020E-04
   -3.025774409275E-04    0.000000000000E+00    4.030108983248E-04
   -8.811988317020E-04   -4.030108983248E-04    0.000000000000E+00
    5.816234851641E+01
    0.000000000000E+00    3.011545152060E-04    8.771538470204E-04
   -3.011545152060E-04    0.000000000000E+00    4.015128361015E-04
   -8.771538470204E-04   -4.015128361015E-04    0.000000000000E+00
    5.827030644681E+01
    0.000000000000E+00    2.997396244704E-04    8.731308751769E-04
   -2.997396244704E-04    0.000000000000E+00    4.000216970013E-04
   -8.731308751769E-04   -4.000216970013E-04    0.000000000000E+00
    5.837836447729E+01
    0.000000000000E+00    2.983327157785E-04    8.691297787882E-04
   -2.983327157785E-04    0.000000000000E+00    3.985374429427E-04
   -8.691297787882E-04   -3.985374429427E-04    0.000000000000E+00
    5.848652260784E+01
    0.000000000000E+00    2.969337365865E-04    8.651504214278E-04
   -2.969337365865E-04    0.000000000000E+00    3.970600360857E-04
   -8.651504214278E-04   -3.970600360857E-04    0.000000000000E+00
    5.859478083846E+01
    0.000000000000E+00    2.955426347459E-04    8.611926676186E-04
   -2.955426347459E-04    0.000000000000E+00    3.955894388304E-04
   -8.611926676186E-04   -3.955894388304E-04    0.000000000000E+00
    5.870313916916E+01
    0.000000000000E+00    2.941593584999E-04    8.572563828260E-04
   -2.941593584999E-04    0.000000000000E+00    3.941256138148E-04
   -8.572563828260E-04   -3.941256138148E-04    0.000000000000E+00
    5.881159759994E+01
    0.000000000000E+00    2.927838564802E-04    8.533414334504E-04
   -2.927838564802E-04    0.000000000000E+00    3.926685239134E-04
   -8.533414334504E-04   -3.926685239134E-04    0.000000000000E+00
    5.892015613079E+01
    0.000000000000E+00    2.914160777037E-04    8.494476868205E-04
   -2.914160777037E-04    0.000000000000E+00    3.912181322357E-04
   -8.494476868205E-04   -3.912181322357E-04    0.000000000000E+00
    5.902881476171E+01
    0.000000000000E+00    2.900559715693E-04    8.455750111859E-04
   -2.900559715693E-04    0.000000000000E+00    3.897744021239E-04
   -8.455750111859E-04   -3.897744021239E-04    0.000000000000E+00
    5.913757349271E+01
    0.000000000000E+00    2.887034878546E-04    8.417232757104E-04
   -2.887034878546E-04    0.000000000000E+00    3.883372971521E-04
   -8.417232757104E-04   -3.883372971521E-04    0.000000000000E+00
    5.924643232378E+01
    0.000000000000E+00    2.873585767129E-04    8.378923504651E-04
   -2.873585767129E-04    0.000000000000E+00    3.869067811237E-04
   -8.378923504651E-04   -3.869067811237E-04    0.000000000000E+00
    5.935539125493E+01
    0.000000000000E+00    2.860211886697E-04    8.340821064216E-04
   -2.860211886697E-04    0.000000000000E+00    3.854828180708E-04
   -8.340821064216E-04   -3.854828180708E-04    0.000000000000E+00
    5.946445028615E+01
    0.000000000000E+00    2.846912746199E-04    8.302924154446E-04
   -2.846912746199E-04    0.000000000000E+00    3.840653722515E-04
   -8.302924154446E-04   -3.840653722515E-04    0.000000000000E+00
    5.957360941745E+01
    0.000000000000E+00    2.833687858246E-04    8.265231502862E-04
   -2.833687858246E-04    0.000000000000E+00    3.826544081493E-04
   -8.265231502862E-04   -3.826544081493E-04    0.000000000000E+00
    5.968286864882E+01
    0.000000000000E+00    2.820536739079E-04    8.227741845783E-04
   -2.820536739079E-04    0.000000000000E+00    3.812498904708E-04
   -8.227741845783E-04   -3.812498904708E-04    0.000000000000E+00
    5.979222798026E+01
    0.000000000000E+00    2.807458908541E-04    8.190453928265E-04
   -2.807458908541E-04    0.000000000000E+00    3.798517841445E-04
   -8.190453928265E-04   -3.798517841445E-04    0.000000000000E+00
    5.990168741178E+01
    0.000000000000E+00    2.794453890045E-04    8.153366504031E-04
   -2.794453890045E-04    0.000000000000E+00    3.784600543188E-04
   -8.153366504031E-04   -3.784600543188E-04    0.000000000000E+00
    6.001124694338E+01
    0.000000000000E+00    2.781521210545E-04    8.116478335411E-04
   -2.781521210545E-04    0.000000000000E+00    3.770746663612E-04
   -8.116478335411E-04   -3.770746663612E-04    0.000000000000E+00
    6.012090657504E+01
    0.000000000000E+00    2.768660400505E-04    8.079788193272E-04
   -2.768660400505E-04    0.000000000000E+00    3.756955858559E-04
   -8.079788193272E-04   -3.756955858559E-04    0.000000000000E+00
    6.023066630679E+01
    0.000000000000E+00    2.755870993873E-04    8.043294856957E-04
   -2.755870993873E-04    0.000000000000E+00    3.743227786029E-04
   -8.043294856957E-04   -3.743227786029E-04    0.000000000000E+00
    6.034052613861E+01
    0.000000000000E+00    2.743152528049E-04    8.006997114221E-04
   -2.743152528049E-04    0.000000000000E+00    3.729562106162E-04
   -8.006997114221E-04   -3.729562106162E-04    0.000000000000E+00
    6.045048607050E+01
    0.000000000000E+00    2.730504543856E-04    7.970893761165E-04
   -2.730504543856E-04    0.000000000000E+00    3.715958481222E-04
   -7.970893761165E-04   -3.715958481222E-04    0.000000000000E+00
    6.056054610247E+01
    0.000000000000E+00    2.717926585513E-04    7.934983602177E-04
   -2.717926585513E-04    0.000000000000E+00    3.702416575584E-04
   -7.934983602177E-04   -3.702416575584E-04    0.000000000000E+00
    6.067070623451E+01
    0.000000000000E+00    2.705418200608E-04    7.899265449868E-04
   -2.705418200608E-04    0.000000000000E+00    3.688936055719E-04
   -7.899265449868E-04   -3.688936055719E-04    0.000000000000E+00
    6.078096646662E+01
    0.000000000000E+00    2.692978940067E-04    7.863738125009E-04
   -2.692978940067E-04    0.000000000000E+00    3.675516590180E-04
   -7.863738125009E-04   -3.675516590180E-04    0.000000000000E+00
    6.089132679882E+01
    0.000000000000E+00    2.680608358129E-04    7.828400456473E-04
   -2.680608358129E-04    0.000000000000E+00    3.662157849583E-04
   -7.828400456473E-04   -3.662157849583E-04    0.000000000000E+00
    6.100178723108E+01
    0.000000000000E+00    2.668306012315E-04    7.793251281173E-04
   -2.668306012315E-04    0.000000000000E+00    3.648859506598E-04
   -7.793251281173E-04   -3.648859506598E-04    0.000000000000E+00
    6.111234776342E+01
    0.000000000000E+00    2.656071463405E-04    7.758289443997E-04
   -2.656071463405E-04    0.000000000000E+00    3.635621235931E-04
   -7.758289443997E-04   -3.635621235931E-04    0.000000000000E+00
    6.122300839584E+01
    0.000000000000E+00    2.643904275409E-04    7.723513797758E-04
   -2.643904275409E-04    0.000000000000E+00    3.622442714313E-04
   -7.723513797758E-04   -3.622442714313E-04    0.000000000000E+00
    6.133376912832E+01
    0.000000000000E+00    2.631804015540E-04    7.688923203124E-04
   -2.631804015540E-04    0.000000000000E+00    3.609323620481E-04
   -7.688923203124E-04   -3.609323620481E-04    0.000000000000E+00
    6.144462996089E+01
    0.000000000000E+00    2.619770254187E-04    7.654516528569E-04
   -2.619770254187E-04    0.000000000000E+00    3.596263635168E-04
   -7.654516528569E-04   -3.596263635168E-04    0.000000000000E+00
    6.155559089353E+01
    0.000000000000E+00    2.607802564892E-04    7.620292650305E-04
   -2.607802564892E-04    0.000000000000E+00    3.583262441088E-04
   -7.620292650305E-04   -3.583262441088E-04    0.000000000000E+00
    6.166665192624E+01
    0.000000000000E+00    2.595900524321E-04    7.586250452234E-04
   -2.595900524321E-04    0.000000000000E+00    3.570319722921E-04
   -7.586250452234E-04   -3.570319722921E-04    0.000000000000E+00
    6.177781305903E+01
    0.000000000000E+00    2.584063712237E-04    7.552388825881E-04
   -2.584063712237E-04    0.000000000000E+00    3.557435167302E-04
   -7.552388825881E-04   -3.557435167302E-04    0.000000000000E+00
    6.188907429189E+01
    0.000000000000E+00    2.572291711480E-04    7.518706670345E-04
   -2.572291711480E-04    0.000000000000E+00    3.544608462804E-04
   -7.518706670345E-04   -3.544608462804E-04    0.000000000000E+00
    6.200043562482E+01
    0.000000000000E+00    2.560584107935E-04    7.485202892237E-04
   -2.560584107935E-04    0.000000000000E+00    3.531839299926E-04
   -7.485202892237E-04   -3.531839299926E-04    0.000000000000E+00
    6.211189705783E+01
    0.000000000000E+00    2.548940490513E-04    7.451876405628E-04
   -2.548940490513E-04    0.000000000000E+00    3.519127371080E-04
   -7.451876405628E-04   -3.519127371080E-04    0.000000000000E+00
    6.222345859092E+01
    0.000000000000E+00    2.537360451121E-04    7.418726131989E-04
   -2.537360451121E-04    0.000000000000E+00    3.506472370576E-04
   -7.418726131989E-04   -3.506472370576E-04    0.000000000000E+00
    6.233512022408E+01
    0.000000000000E+00    2.525843584642E-04    7.385751000140E-04
   -2.525843584642E-04    0.000000000000E+00    3.493873994613E-04
   -7.385751000140E-04   -3.493873994613E-04    0.000000000000E+00
    6.244688195731E+01
    0.000000000000E+00    2.514389488907E-04    7.352949946194E-04
   -2.514389488907E-04    0.000000000000E+00    3.481331941259E-04
   -7.352949946194E-04   -3.481331941259E-04    0.000000000000E+00
    6.255874379062E+01
    0.000000000000E+00    2.502997764673E-04    7.320321913499E-04
   -2.502997764673E-04    0.000000000000E+00    3.468845910446E-04
   -7.320321913499E-04   -3.468845910446E-04    0.000000000000E+00
    6.267070572401E+01
    0.000000000000E+00    2.491668015599E-04    7.287865852591E-04
   -2.491668015599E-04    0.000000000000E+00    3.456415603949E-04
   -7.287865852591E-04   -3.456415603949E-04    0.000000000000E+00
    6.278276775747E+01
    0.000000000000E+00    2.480399848220E-04    7.255580721136E-04
   -2.480399848220E-04    0.000000000000E+00    3.444040725379E-04
   -7.255580721136E-04   -3.444040725379E-04    0.000000000000E+00
    6.289492989100E+01
    0.000000000000E+00    2.469192871927E-04    7.223465483875E-04
   -2.469192871927E-04    0.000000000000E+00    3.431720980170E-04
   -7.223465483875E-04   -3.431720980170E-04    0.000000000000E+00
    6.300719212461E+01
    0.000000000000E+00    2.458046698941E-04    7.191519112577E-04
   -2.458046698941E-04    0.000000000000E+00    3.419456075561E-04
   -7.191519112577E-04   -3.419456075561E-04    0.000000000000E+00
    6.311955445829E+01
    0.000000000000E+00    2.446960944291E-04    7.159740585985E-04
   -2.446960944291E-04    0.000000000000E+00    3.407245720591E-04
   -7.159740585985E-04   -3.407245720591E-04    0.000000000000E+00
    6.323201689204E+01
    0.000000000000E+00    2.435935225791E-04    7.128128889760E-04
   -2.435935225791E-04    0.000000000000E+00    3.395089626080E-04
   -7.128128889760E-04   -3.395089626080E-04    0.000000000000E+00
    6.334457942588E+01
    0.000000000000E+00    2.424969164019E-04    7.096683016435E-04
   -2.424969164019E-04    0.000000000000E+00    3.382987504622E-04
   -7.096683016435E-04   -3.382987504622E-04    0.000000000000E+00
    6.345724205978E+01
    0.000000000000E+00    2.414062382290E-04    7.065401965362E-04
   -2.414062382290E-04    0.000000000000E+00    3.370939070568E-04
   -7.065401965362E-04   -3.370939070568E-04    0.000000000000E+00
    6.357000479376E+01
    0.000000000000E+00    2.403214506638E-04    7.034284742661E-04
   -2.403214506638E-04    0.000000000000E+00    3.358944040017E-04
   -7.034284742661E-04   -3.358944040017E-04    0.000000000000E+00
    6.368286762782E+01
    0.000000000000E+00    2.392425165794E-04    7.003330361170E-04
   -2.392425165794E-04    0.000000000000E+00    3.347002130804E-04
   -7.003330361170E-04   -3.347002130804E-04    0.000000000000E+00
    6.379583056194E+01
    0.000000000000E+00    2.381693991162E-04    6.972537840396E-04
   -2.381693991162E-04    0.000000000000E+00    3.335113062485E-04
   -6.972537840396E-04   -3.335113062485E-04    0.000000000000E+00
    6.390889359615E+01
    0.000000000000E+00    2.371020616797E-04    6.941906206465E-04
   -2.371020616797E-04    0.000000000000E+00    3.323276556329E-04
   -6.941906206465E-04   -3.323276556329E-04    0.000000000000E+00
    6.402205673043E+01
    0.000000000000E+00    2.360404679386E-04    6.911434492073E-04
   -2.360404679386E-04    0.000000000000E+00    3.311492335304E-04
   -6.911434492073E-04   -3.311492335304E-04    0.000000000000E+00
    6.413531996478E+01
    0.000000000000E+00    2.349845818225E-04    6.881121736438E-04
   -2.349845818225E-04    0.000000000000E+00    3.299760124065E-04
   -6.881121736438E-04   -3.299760124065E-04    0.000000000000E+00
    6.424868329921E+01
    0.000000000000E+00    2.339343675198E-04    6.850966985252E-04
   -2.339343675198E-04    0.000000000000E+00    3.288079648944E-04
   -6.850966985252E-04   -3.288079648944E-04    0.000000000000E+00
    6.436214673371E+01
    0.000000000000E+00    2.328897894758E-04    6.820969290632E-04
   -2.328897894758E-04    0.000000000000E+00    3.276450637938E-04
   -6.820969290632E-04   -3.276450637938E-04    0.000000000000E+00
    6.447571026828E+01
    0.000000000000E+00    2.318508123902E-04    6.791127711072E-04
   -2.318508123902E-04    0.000000000000E+00    3.264872820695E-04
   -6.791127711072E-04   -3.264872820695E-04    0.000000000000E+00
    6.458937390294E+01
    0.000000000000E+00    2.308174012157E-04    6.761441311399E-04
   -2.308174012157E-04    0.000000000000E+00    3.253345928507E-04
   -6.761441311399E-04   -3.253345928507E-04    0.000000000000E+00
    6.470313763766E+01
    0.000000000000E+00    2.297895211554E-04    6.731909162724E-04
   -2.297895211554E-04    0.000000000000E+00    3.241869694297E-04
   -6.731909162724E-04   -3.241869694297E-04    0.000000000000E+00
    6.481700147246E+01
    0.000000000000E+00    2.287671376608E-04    6.702530342397E-04
   -2.287671376608E-04    0.000000000000E+00    3.230443852604E-04
   -6.702530342397E-04   -3.230443852604E-04    0.000000000000E+00
    6.493096540734E+01
    0.000000000000E+00    2.277502164304E-04    6.673303933957E-04
   -2.277502164304E-04    0.000000000000E+00    3.219068139580E-04
   -6.673303933957E-04   -3.219068139580E-04    0.000000000000E+00
    6.504502944229E+01
    0.000000000000E+00    2.267387234069E-04    6.644229027094E-04
   -2.267387234069E-04    0.000000000000E+00    3.207742292970E-04
   -6.644229027094E-04   -3.207742292970E-04    0.000000000000E+00
    6.515919357731E+01
    0.000000000000E+00    2.257326247759E-04    6.615304717597E-04
   -2.257326247759E-04    0.000000000000E+00    3.196466052109E-04
   -6.615304717597E-04   -3.196466052109E-04    0.000000000000E+00
    6.527345781241E+01
    0.000000000000E+00    2.247318869637E-04    6.586530107311E-04
   -2.247318869637E-04    0.000000000000E+00    3.185239157906E-04
   -6.586530107311E-04   -3.185239157906E-04    0.000000000000E+00
    6.538782214758E+01
    0.000000000000E+00    2.237364766352E-04    6.557904304094E-04
   -2.237364766352E-04    0.000000000000E+00    3.174061352834E-04
   -6.557904304094E-04   -3.174061352834E-04    0.000000000000E+00
    6.550228658283E+01
    0.000000000000E+00    2.227463606923E-04    6.529426421772E-04
   -2.227463606923E-04    0.000000000000E+00    3.162932380921E-04
   -6.529426421772E-04   -3.162932380921E-04    0.000000000000E+00
    6.561685111815E+01
    0.000000000000E+00    2.217615062719E-04    6.501095580094E-04
   -2.217615062719E-04    0.000000000000E+00    3.151851987739E-04
   -6.501095580094E-04   -3.151851987739E-04    0.000000000000E+00
    6.573151575355E+01
    0.000000000000E+00    2.207818807440E-04    6.472910904692E-04
   -2.207818807440E-04    0.000000000000E+00    3.140819920392E-04
   -6.472910904692E-04   -3.140819920392E-04    0.000000000000E+00
    6.584628048902E+01
    0.000000000000E+00    2.198074517096E-04    6.444871527033E-04
   -2.198074517096E-04    0.000000000000E+00    3.129835927508E-04
   -6.444871527033E-04   -3.129835927508E-04    0.000000000000E+00
    6.596114532456E+01
    0.000000000000E+00    2.188381869994E-04    6.416976584379E-04
   -2.188381869994E-04    0.000000000000E+00    3.118899759226E-04
   -6.416976584379E-04   -3.118899759226E-04    0.000000000000E+00
    6.607611026018E+01
    0.000000000000E+00    2.178740546716E-04    6.389225219745E-04
   -2.178740546716E-04    0.000000000000E+00    3.108011167188E-04
   -6.389225219745E-04   -3.108011167188E-04    0.000000000000E+00
    6.619117529588E+01
    0.000000000000E+00    2.169150230101E-04    6.361616581855E-04
   -2.169150230101E-04    0.000000000000E+00    3.097169904528E-04
   -6.361616581855E-04   -3.097169904528E-04    0.000000000000E+00
    6.630634043165E+01
    0.000000000000E+00    2.159610605228E-04    6.334149825104E-04
   -2.159610605228E-04    0.000000000000E+00    3.086375725859E-04
   -6.334149825104E-04   -3.086375725859E-04    0.000000000000E+00
    6.642160566749E+01
    0.000000000000E+00    2.150121359397E-04    6.306824109510E-04
   -2.150121359397E-04    0.000000000000E+00    3.075628387269E-04
   -6.306824109510E-04   -3.075628387269E-04    0.000000000000E+00
    6.653697100341E+01
    0.000000000000E+00    2.140682182114E-04    6.279638600680E-04
   -2.140682182114E-04    0.000000000000E+00    3.064927646306E-04
   -6.279638600680E-04   -3.064927646306E-04    0.000000000000E+00
    6.665243643940E+01
    0.000000000000E+00    2.131292765070E-04    6.252592469763E-04
   -2.131292765070E-04    0.000000000000E+00    3.054273261970E-04
   -6.252592469763E-04   -3.054273261970E-04    0.000000000000E+00
    6.676800197547E+01
    0.000000000000E+00    2.121952802128E-04    6.225684893415E-04
   -2.121952802128E-04    0.000000000000E+00    3.043664994703E-04
   -6.225684893415E-04   -3.043664994703E-04    0.000000000000E+00
    6.688366761161E+01
    0.000000000000E+00    2.112661989300E-04    6.198915053755E-04
   -2.112661989300E-04    0.000000000000E+00    3.033102606379E-04
   -6.198915053755E-04   -3.033102606379E-04    0.000000000000E+00
    6.699943334783E+01
    0.000000000000E+00    2.103420024736E-04    6.172282138327E-04
   -2.103420024736E-04    0.000000000000E+00    3.022585860296E-04
   -6.172282138327E-04   -3.022585860296E-04    0.000000000000E+00
    6.711529918412E+01
    0.000000000000E+00    2.094226608702E-04    6.145785340059E-04
   -2.094226608702E-04    0.000000000000E+00    3.012114521161E-04
   -6.145785340059E-04   -3.012114521161E-04    0.000000000000E+00
    6.723126512048E+01
    0.000000000000E+00    2.085081443570E-04    6.119423857226E-04
   -2.085081443570E-04    0.000000000000E+00    3.001688355090E-04
   -6.119423857226E-04   -3.001688355090E-04    0.000000000000E+00
    6.734733115692E+01
    0.000000000000E+00    2.075984233791E-04    6.093196893407E-04
   -2.075984233791E-04    0.000000000000E+00    2.991307129588E-04
   -6.093196893407E-04   -2.991307129588E-04    0.000000000000E+00
    6.746349729344E+01
    0.000000000000E+00    2.066934685890E-04    6.067103657452E-04
   -2.066934685890E-04    0.000000000000E+00    2.980970613547E-04
   -6.067103657452E-04   -2.980970613547E-04    0.000000000000E+00
    6.757976353003E+01
    0.000000000000E+00    2.057932508443E-04    6.041143363440E-04
   -2.057932508443E-04    0.000000000000E+00    2.970678577234E-04
   -6.041143363440E-04   -2.970678577234E-04    0.000000000000E+00
    6.769612986669E+01
    0.000000000000E+00    2.048977412060E-04    6.015315230640E-04
   -2.048977412060E-04    0.000000000000E+00    2.960430792281E-04
   -6.015315230640E-04   -2.960430792281E-04    0.000000000000E+00
    6.781259630343E+01
    0.000000000000E+00    2.040069109374E-04    5.989618483478E-04
   -2.040069109374E-04    0.000000000000E+00    2.950227031679E-04
   -5.989618483478E-04   -2.950227031679E-04    0.000000000000E+00
    6.792916284024E+01
    0.000000000000E+00    2.031207315022E-04    5.964052351495E-04
   -2.031207315022E-04    0.000000000000E+00    2.940067069763E-04
   -5.964052351495E-04   -2.940067069763E-04    0.000000000000E+00
    6.804582947713E+01
    0.000000000000E+00    2.022391745628E-04    5.938616069310E-04
   -2.022391745628E-04    0.000000000000E+00    2.929950682211E-04
   -5.938616069310E-04   -2.929950682211E-04    0.000000000000E+00
    6.816259621409E+01
    0.000000000000E+00    2.013622119792E-04    5.913308876587E-04
   -2.013622119792E-04    0.000000000000E+00    2.919877646027E-04
   -5.913308876587E-04   -2.919877646027E-04    0.000000000000E+00
    6.827946305113E+01
    0.000000000000E+00    2.004898158070E-04    5.888130017996E-04
   -2.004898158070E-04    0.000000000000E+00    2.909847739538E-04
   -5.888130017996E-04   -2.909847739538E-04    0.000000000000E+00
    6.839642998824E+01
    0.000000000000E+00    1.996219582959E-04    5.863078743174E-04
   -1.996219582959E-04    0.000000000000E+00    2.899860742382E-04
   -5.863078743174E-04   -2.899860742382E-04    0.000000000000E+00
    6.851349702543E+01
    0.000000000000E+00    1.987586118886E-04    5.838154306696E-04
   -1.987586118886E-04    0.000000000000E+00    2.889916435501E-04
   -5.838154306696E-04   -2.889916435501E-04    0.000000000000E+00
    6.863066416269E+01
    0.000000000000E+00    1.978997492188E-04    5.813355968032E-04
   -1.978997492188E-04    0.000000000000E+00    2.880014601129E-04
   -5.813355968032E-04   -2.880014601129E-04    0.000000000000E+00
    6.874793140002E+01
    0.000000000000E+00    1.970453431101E-04    5.788682991516E-04
   -1.970453431101E-04    0.000000000000E+00    2.870155022789E-04
   -5.788682991516E-04   -2.870155022789E-04    0.000000000000E+00
    6.886529873743E+01
    0.000000000000E+00    1.961953665742E-04    5.764134646309E-04
   -1.961953665742E-04    0.000000000000E+00    2.860337485279E-04
   -5.764134646309E-04   -2.860337485279E-04    0.000000000000E+00
    6.898276617491E+01
    0.000000000000E+00    1.953497928097E-04    5.739710206364E-04
   -1.953497928097E-04    0.000000000000E+00    2.850561774666E-04
   -5.739710206364E-04   -2.850561774666E-04    0.000000000000E+00
    6.910033371247E+01
    0.000000000000E+00    1.945085952003E-04    5.715408950395E-04
   -1.945085952003E-04    0.000000000000E+00    2.840827678279E-04
   -5.715408950395E-04   -2.840827678279E-04    0.000000000000E+00
    6.921800135011E+01
    0.000000000000E+00    1.936717473139E-04    5.691230161836E-04
   -1.936717473139E-04    0.000000000000E+00    2.831134984696E-04
   -5.691230161836E-04   -2.831134984696E-04    0.000000000000E+00
    6.933576908781E+01
    0.000000000000E+00    1.928392229007E-04    5.667173128813E-04
   -1.928392229007E-04    0.000000000000E+00    2.821483483741E-04
   -5.667173128813E-04   -2.821483483741E-04    0.000000000000E+00
    6.945363692560E+01
    0.000000000000E+00    1.920109958918E-04    5.643237144107E-04
   -1.920109958918E-04    0.000000000000E+00    2.811872966471E-04
   -5.643237144107E-04   -2.811872966471E-04    0.000000000000E+00
    6.957160486345E+01
    0.000000000000E+00    1.911870403981E-04    5.619421505123E-04
   -1.911870403981E-04    0.000000000000E+00    2.802303225172E-04
   -5.619421505123E-04   -2.802303225172E-04    0.000000000000E+00
    6.968967290138E+01
    0.000000000000E+00    1.903673307088E-04    5.595725513851E-04
   -1.903673307088E-04    0.000000000000E+00    2.792774053347E-04
   -5.595725513851E-04   -2.792774053347E-04    0.000000000000E+00
    6.980784103939E+01
    0.000000000000E+00    1.895518412898E-04    5.572148476842E-04
   -1.895518412898E-04    0.000000000000E+00    2.783285245712E-04
   -5.572148476842E-04   -2.783285245712E-04    0.000000000000E+00
    6.992610927747E+01
    0.000000000000E+00    1.887405467826E-04    5.548689705167E-04
   -1.887405467826E-04    0.000000000000E+00    2.773836598184E-04
   -5.548689705167E-04   -2.773836598184E-04    0.000000000000E+00
    7.004447761562E+01
    0.000000000000E+00    1.879334220028E-04    5.525348514388E-04
   -1.879334220028E-04    0.000000000000E+00    2.764427907874E-04
   -5.525348514388E-04   -2.764427907874E-04    0.000000000000E+00
    7.016294605385E+01
    0.000000000000E+00    1.871304419387E-04    5.502124224528E-04
   -1.871304419387E-04    0.000000000000E+00    2.755058973083E-04
   -5.502124224528E-04   -2.755058973083E-04    0.000000000000E+00
    7.028151459216E+01
    0.000000000000E+00    1.863315817504E-04    5.479016160034E-04
   -1.863315817504E-04    0.000000000000E+00    2.745729593288E-04
   -5.479016160034E-04   -2.745729593288E-04    0.000000000000E+00
    7.040018323054E+01
    0.000000000000E+00    1.855368167677E-04    5.456023649747E-04
   -1.855368167677E-04    0.000000000000E+00    2.736439569138E-04
   -5.456023649747E-04   -2.736439569138E-04    0.000000000000E+00
    7.051895196899E+01
    0.000000000000E+00    1.847461224894E-04    5.433146026875E-04
   -1.847461224894E-04    0.000000000000E+00    2.727188702447E-04
   -5.433146026875E-04   -2.727188702447E-04    0.000000000000E+00
    7.063782080752E+01
    0.000000000000E+00    1.839594745821E-04    5.410382628954E-04
   -1.839594745821E-04    0.000000000000E+00    2.717976796183E-04
   -5.410382628954E-04   -2.717976796183E-04    0.000000000000E+00
    7.075678974612E+01
    0.000000000000E+00    1.831768488781E-04    5.387732797823E-04
   -1.831768488781E-04    0.000000000000E+00    2.708803654462E-04
   -5.387732797823E-04   -2.708803654462E-04    0.000000000000E+00
    7.087585878480E+01
    0.000000000000E+00    1.823982213752E-04    5.365195879591E-04
   -1.823982213752E-04    0.000000000000E+00    2.699669082541E-04
   -5.365195879591E-04   -2.699669082541E-04    0.000000000000E+00
    7.099502792355E+01
    0.000000000000E+00    1.816235682345E-04    5.342771224606E-04
   -1.816235682345E-04    0.000000000000E+00    2.690572886812E-04
   -5.342771224606E-04   -2.690572886812E-04    0.000000000000E+00
    7.111429716237E+01
    0.000000000000E+00    1.808528657798E-04    5.320458187426E-04
   -1.808528657798E-04    0.000000000000E+00    2.681514874790E-04
   -5.320458187426E-04   -2.681514874790E-04    0.000000000000E+00
    7.123366650127E+01
    0.000000000000E+00    1.800860904960E-04    5.298256126788E-04
   -1.800860904960E-04    0.000000000000E+00    2.672494855109E-04
   -5.298256126788E-04   -2.672494855109E-04    0.000000000000E+00
    7.135313594025E+01
    0.000000000000E+00    1.793232190279E-04    5.276164405578E-04
   -1.793232190279E-04    0.000000000000E+00    2.663512637514E-04
   -5.276164405578E-04   -2.663512637514E-04    0.000000000000E+00
    7.147270547930E+01
    0.000000000000E+00    1.785642281791E-04    5.254182390802E-04
   -1.785642281791E-04    0.000000000000E+00    2.654568032855E-04
   -5.254182390802E-04   -2.654568032855E-04    0.000000000000E+00
    7.159237511842E+01
    0.000000000000E+00    1.778090949107E-04    5.232309453557E-04
   -1.778090949107E-04    0.000000000000E+00    2.645660853074E-04
   -5.232309453557E-04   -2.645660853074E-04    0.000000000000E+00
    7.171214485762E+01
    0.000000000000E+00    1.770577963403E-04    5.210544968999E-04
   -1.770577963403E-04    0.000000000000E+00    2.636790911208E-04
   -5.210544968999E-04   -2.636790911208E-04    0.000000000000E+00
    7.183201469689E+01
    0.000000000000E+00    1.763103097404E-04    5.188888316319E-04
   -1.763103097404E-04    0.000000000000E+00    2.627958021371E-04
   -5.188888316319E-04   -2.627958021371E-04    0.000000000000E+00
    7.195198463624E+01
    0.000000000000E+00    1.755666125375E-04    5.167338878711E-04
   -1.755666125375E-04    0.000000000000E+00    2.619161998755E-04
   -5.167338878711E-04   -2.619161998755E-04    0.000000000000E+00
    7.207205467566E+01
    0.000000000000E+00    1.748266823109E-04    5.145896043343E-04
   -1.748266823109E-04    0.000000000000E+00    2.610402659618E-04
   -5.145896043343E-04   -2.610402659618E-04    0.000000000000E+00
    7.219222481516E+01
    0.000000000000E+00    1.740904967915E-04    5.124559201329E-04
   -1.740904967915E-04    0.000000000000E+00    2.601679821279E-04
   -5.124559201329E-04   -2.601679821279E-04    0.000000000000E+00
    7.231249505473E+01
    0.000000000000E+00    1.733580338607E-04    5.103327747706E-04
   -1.733580338607E-04    0.000000000000E+00    2.592993302114E-04
   -5.103327747706E-04   -2.592993302114E-04    0.000000000000E+00
    7.243286539438E+01
    0.000000000000E+00    1.726292715493E-04    5.082201081396E-04
   -1.726292715493E-04    0.000000000000E+00    2.584342921541E-04
   -5.082201081396E-04   -2.584342921541E-04    0.000000000000E+00
    7.255333583410E+01
    0.000000000000E+00    1.719041880360E-04    5.061178605189E-04
   -1.719041880360E-04    0.000000000000E+00    2.575728500022E-04
   -5.061178605189E-04   -2.575728500022E-04    0.000000000000E+00
    7.267390637389E+01
    0.000000000000E+00    1.711827616468E-04    5.040259725710E-04
   -1.711827616468E-04    0.000000000000E+00    2.567149859052E-04
   -5.040259725710E-04   -2.567149859052E-04    0.000000000000E+00
    7.279457701376E+01
    0.000000000000E+00    1.704649708536E-04    5.019443853390E-04
   -1.704649708536E-04    0.000000000000E+00    2.558606821150E-04
   -5.019443853390E-04   -2.558606821150E-04    0.000000000000E+00
    7.291534775370E+01
    0.000000000000E+00    1.697507942731E-04    4.998730402445E-04
   -1.697507942731E-04    0.000000000000E+00    2.550099209859E-04
   -4.998730402445E-04   -2.550099209859E-04    0.000000000000E+00
    7.303621859372E+01
    0.000000000000E+00    1.690402106658E-04    4.978118790844E-04
   -1.690402106658E-04    0.000000000000E+00    2.541626849732E-04
   -4.978118790844E-04   -2.541626849732E-04    0.000000000000E+00
    7.315718953382E+01
    0.000000000000E+00    1.683331989347E-04    4.957608440285E-04
   -1.683331989347E-04    0.000000000000E+00    2.533189566331E-04
   -4.957608440285E-04   -2.533189566331E-04    0.000000000000E+00
    7.327826057398E+01
    0.000000000000E+00    1.676297381246E-04    4.937198776167E-04
   -1.676297381246E-04    0.000000000000E+00    2.524787186217E-04
   -4.937198776167E-04   -2.524787186217E-04    0.000000000000E+00
    7.339943171423E+01
    0.000000000000E+00    1.669298074206E-04    4.916889227568E-04
   -1.669298074206E-04    0.000000000000E+00    2.516419536945E-04
   -4.916889227568E-04   -2.516419536945E-04    0.000000000000E+00
    7.352070295454E+01
    0.000000000000E+00    1.662333861474E-04    4.896679227211E-04
   -1.662333861474E-04    0.000000000000E+00    2.508086447058E-04
   -4.896679227211E-04   -2.508086447058E-04    0.000000000000E+00
    7.364207429493E+01
    0.000000000000E+00    1.655404537681E-04    4.876568211447E-04
   -1.655404537681E-04    0.000000000000E+00    2.499787746079E-04
   -4.876568211447E-04   -2.499787746079E-04    0.000000000000E+00
    7.376354573540E+01
    0.000000000000E+00    1.648509898831E-04    4.856555620223E-04
   -1.648509898831E-04    0.000000000000E+00    2.491523264507E-04
   -4.856555620223E-04   -2.491523264507E-04    0.000000000000E+00
    7.388511727594E+01
    0.000000000000E+00    1.641649742291E-04    4.836640897061E-04
   -1.641649742291E-04    0.000000000000E+00    2.483292833806E-04
   -4.836640897061E-04   -2.483292833806E-04    0.000000000000E+00
    7.400678891656E+01
    0.000000000000E+00    1.634823866781E-04    4.816823489029E-04
   -1.634823866781E-04    0.000000000000E+00    2.475096286406E-04
   -4.816823489029E-04   -2.475096286406E-04    0.000000000000E+00
    7.412856065725E+01
    0.000000000000E+00    1.628032072364E-04    4.797102846720E-04
   -1.628032072364E-04    0.000000000000E+00    2.466933455691E-04
   -4.797102846720E-04   -2.466933455691E-04    0.000000000000E+00
    7.425043249801E+01
    0.000000000000E+00    1.621274160437E-04    4.777478424224E-04
   -1.621274160437E-04    0.000000000000E+00    2.458804175993E-04
   -4.777478424224E-04   -2.458804175993E-04    0.000000000000E+00
    7.437240443885E+01
    0.000000000000E+00    1.614549933719E-04    4.757949679104E-04
   -1.614549933719E-04    0.000000000000E+00    2.450708282590E-04
   -4.757949679104E-04   -2.450708282590E-04    0.000000000000E+00
    7.449447647976E+01
    0.000000000000E+00    1.607859196240E-04    4.738516072372E-04
   -1.607859196240E-04    0.000000000000E+00    2.442645611696E-04
   -4.738516072372E-04   -2.442645611696E-04    0.000000000000E+00
    7.461664862075E+01
    0.000000000000E+00    1.601201753335E-04    4.719177068467E-04
   -1.601201753335E-04    0.000000000000E+00    2.434616000457E-04
   -4.719177068467E-04   -2.434616000457E-04    0.000000000000E+00
    7.473892086181E+01
    0.000000000000E+00    1.594577411633E-04    4.699932135226E-04
   -1.594577411633E-04    0.000000000000E+00    2.426619286944E-04
   -4.699932135226E-04   -2.426619286944E-04    0.000000000000E+00
    7.486129320295E+01
    0.000000000000E+00    1.587985979044E-04    4.680780743864E-04
   -1.587985979044E-04    0.000000000000E+00    2.418655310147E-04
   -4.680780743864E-04   -2.418655310147E-04    0.000000000000E+00
    7.498376564416E+01
    0.000000000000E+00    1.581427264755E-04    4.661722368950E-04
   -1.581427264755E-04    0.000000000000E+00    2.410723909970E-04
   -4.661722368950E-04   -2.410723909970E-04    0.000000000000E+00
    7.510633818544E+01
    0.000000000000E+00    1.574901079216E-04    4.642756488383E-04
   -1.574901079216E-04    0.000000000000E+00    2.402824927224E-04
   -4.642756488383E-04   -2.402824927224E-04    0.000000000000E+00
    7.522901082681E+01
    0.000000000000E+00    1.568407234131E-04    4.623882583365E-04
   -1.568407234131E-04    0.000000000000E+00    2.394958203623E-04
   -4.623882583365E-04   -2.394958203623E-04    0.000000000000E+00
    7.535178356824E+01
    0.000000000000E+00    1.561945542452E-04    4.605100138386E-04
   -1.561945542452E-04    0.000000000000E+00    2.387123581776E-04
   -4.605100138386E-04   -2.387123581776E-04    0.000000000000E+00
    7.547465640975E+01
    0.000000000000E+00    1.555515818366E-04    4.586408641193E-04
   -1.555515818366E-04    0.000000000000E+00    2.379320905181E-04
   -4.586408641193E-04   -2.379320905181E-04    0.000000000000E+00
    7.559762935133E+01
    0.000000000000E+00    1.549117877289E-04    4.567807582771E-04
   -1.549117877289E-04    0.000000000000E+00    2.371550018223E-04
   -4.567807582771E-04   -2.371550018223E-04    0.000000000000E+00
    7.572070239299E+01
    0.000000000000E+00    1.542751535852E-04    4.549296457321E-04
   -1.542751535852E-04    0.000000000000E+00    2.363810766165E-04
   -4.549296457321E-04   -2.363810766165E-04    0.000000000000E+00
    7.584387553473E+01
    0.000000000000E+00    1.536416611900E-04    4.530874762235E-04
   -1.536416611900E-04    0.000000000000E+00    2.356102995142E-04
   -4.530874762235E-04   -2.356102995142E-04    0.000000000000E+00
    7.596714877653E+01
    0.000000000000E+00    1.530112924472E-04    4.512541998076E-04
   -1.530112924472E-04    0.000000000000E+00    2.348426552158E-04
   -4.512541998076E-04   -2.348426552158E-04    0.000000000000E+00
    7.609052211842E+01
    0.000000000000E+00    1.523840293804E-04    4.494297668554E-04
   -1.523840293804E-04    0.000000000000E+00    2.340781285079E-04
   -4.494297668554E-04   -2.340781285079E-04    0.000000000000E+00
    7.621399556037E+01
    0.000000000000E+00    1.517598541312E-04    4.476141280507E-04
   -1.517598541312E-04    0.000000000000E+00    2.333167042627E-04
   -4.476141280507E-04   -2.333167042627E-04    0.000000000000E+00
    7.633756910240E+01
    0.000000000000E+00    1.511387489585E-04    4.458072343875E-04
   -1.511387489585E-04    0.000000000000E+00    2.325583674375E-04
   -4.458072343875E-04   -2.325583674375E-04    0.000000000000E+00
    7.646124274451E+01
    0.000000000000E+00    1.505206962378E-04    4.440090371681E-04
   -1.505206962378E-04    0.000000000000E+00    2.318031030743E-04
   -4.440090371681E-04   -2.318031030743E-04    0.000000000000E+00
    7.658501648669E+01
    0.000000000000E+00    1.499056784603E-04    4.422194880011E-04
   -1.499056784603E-04    0.000000000000E+00    2.310508962990E-04
   -4.422194880011E-04   -2.310508962990E-04    0.000000000000E+00
    7.670889032895E+01
    0.000000000000E+00    1.492936782318E-04    4.404385387988E-04
   -1.492936782318E-04    0.000000000000E+00    2.303017323210E-04
   -4.404385387988E-04   -2.303017323210E-04    0.000000000000E+00
    7.683286427128E+01
    0.000000000000E+00    1.486846782722E-04    4.386661417757E-04
   -1.486846782722E-04    0.000000000000E+00    2.295555964328E-04
   -4.386661417757E-04   -2.295555964328E-04    0.000000000000E+00
    7.695693831368E+01
    0.000000000000E+00    1.480786614146E-04    4.369022494457E-04
   -1.480786614146E-04    0.000000000000E+00    2.288124740092E-04
   -4.369022494457E-04   -2.288124740092E-04    0.000000000000E+00
    7.708111245616E+01
    0.000000000000E+00    1.474756106041E-04    4.351468146207E-04
   -1.474756106041E-04    0.000000000000E+00    2.280723505069E-04
   -4.351468146207E-04   -2.280723505069E-04    0.000000000000E+00
    7.720538669871E+01
    0.000000000000E+00    1.468755088974E-04    4.333997904081E-04
   -1.468755088974E-04    0.000000000000E+00    2.273352114641E-04
   -4.333997904081E-04   -2.273352114641E-04    0.000000000000E+00
    7.732976104134E+01
    0.000000000000E+00    1.462783394619E-04    4.316611302090E-04
   -1.462783394619E-04    0.000000000000E+00    2.266010424998E-04
   -4.316611302090E-04   -2.266010424998E-04    0.000000000000E+00
    7.745423548404E+01
    0.000000000000E+00    1.456840855746E-04    4.299307877158E-04
   -1.456840855746E-04    0.000000000000E+00    2.258698293135E-04
   -4.299307877158E-04   -2.258698293135E-04    0.000000000000E+00
    7.757881002682E+01
    0.000000000000E+00    1.450927306217E-04    4.282087169106E-04
   -1.450927306217E-04    0.000000000000E+00    2.251415576843E-04
   -4.282087169106E-04   -2.251415576843E-04    0.000000000000E+00
    7.770348466967E+01
    0.000000000000E+00    1.445042580976E-04    4.264948720631E-04
   -1.445042580976E-04    0.000000000000E+00    2.244162134708E-04
   -4.264948720631E-04   -2.244162134708E-04    0.000000000000E+00
    7.782825941260E+01
    0.000000000000E+00    1.439186516040E-04    4.247892077283E-04
   -1.439186516040E-04    0.000000000000E+00    2.236937826106E-04
   -4.247892077283E-04   -2.236937826106E-04    0.000000000000E+00
    7.795313425560E+01
    0.000000000000E+00    1.433358948493E-04    4.230916787449E-04
   -1.433358948493E-04    0.000000000000E+00    2.229742511193E-04
   -4.230916787449E-04   -2.229742511193E-04    0.000000000000E+00
    7.807810919867E+01
    0.000000000000E+00    1.427559716478E-04    4.214022402332E-04
   -1.427559716478E-04    0.000000000000E+00    2.222576050908E-04
   -4.214022402332E-04   -2.222576050908E-04    0.000000000000E+00
    7.820318424182E+01
    0.000000000000E+00    1.421788659187E-04    4.197208475931E-04
   -1.421788659187E-04    0.000000000000E+00    2.215438306958E-04
   -4.197208475931E-04   -2.215438306958E-04    0.000000000000E+00
    7.832835938505E+01
    0.000000000000E+00    1.416045616858E-04    4.180474565024E-04
   -1.416045616858E-04    0.000000000000E+00    2.208329141825E-04
   -4.180474565024E-04   -2.208329141825E-04    0.000000000000E+00
    7.845363462834E+01
    0.000000000000E+00    1.410330430761E-04    4.163820229144E-04
   -1.410330430761E-04    0.000000000000E+00    2.201248418749E-04
   -4.163820229144E-04   -2.201248418749E-04    0.000000000000E+00
    7.857900997172E+01
    0.000000000000E+00    1.404642943196E-04    4.147245030565E-04
   -1.404642943196E-04    0.000000000000E+00    2.194196001734E-04
   -4.147245030565E-04   -2.194196001734E-04    0.000000000000E+00
    7.870448541517E+01
    0.000000000000E+00    1.398982997485E-04    4.130748534281E-04
   -1.398982997485E-04    0.000000000000E+00    2.187171755535E-04
   -4.130748534281E-04   -2.187171755535E-04    0.000000000000E+00
    7.883006095869E+01
    0.000000000000E+00    1.393350437959E-04    4.114330307988E-04
   -1.393350437959E-04    0.000000000000E+00    2.180175545659E-04
   -4.114330307988E-04   -2.180175545659E-04    0.000000000000E+00
    7.895573660228E+01
    0.000000000000E+00    1.387745109958E-04    4.097989922064E-04
   -1.387745109958E-04    0.000000000000E+00    2.173207238355E-04
   -4.097989922064E-04   -2.173207238355E-04    0.000000000000E+00
    7.908151234596E+01
    0.000000000000E+00    1.382166859819E-04    4.081726949551E-04
   -1.382166859819E-04    0.000000000000E+00    2.166266700615E-04
   -4.081726949551E-04   -2.166266700615E-04    0.000000000000E+00
    7.920738818970E+01
    0.000000000000E+00    1.376615534870E-04    4.065540966139E-04
   -1.376615534870E-04    0.000000000000E+00    2.159353800166E-04
   -4.065540966139E-04   -2.159353800166E-04    0.000000000000E+00
    7.933336413352E+01
    0.000000000000E+00    1.371090983424E-04    4.049431550145E-04
   -1.371090983424E-04    0.000000000000E+00    2.152468405463E-04
   -4.049431550145E-04   -2.152468405463E-04    0.000000000000E+00
    7.945944017742E+01
    0.000000000000E+00    1.365593054769E-04    4.033398282494E-04
   -1.365593054769E-04    0.000000000000E+00    2.145610385692E-04
   -4.033398282494E-04   -2.145610385692E-04    0.000000000000E+00
    7.958561632139E+01
    0.000000000000E+00    1.360121599165E-04    4.017440746706E-04
   -1.360121599165E-04    0.000000000000E+00    2.138779610757E-04
   -4.017440746706E-04   -2.138779610757E-04    0.000000000000E+00
    7.971189256543E+01
    0.000000000000E+00    1.354676467831E-04    4.001558528875E-04
   -1.354676467831E-04    0.000000000000E+00    2.131975951281E-04
   -4.001558528875E-04   -2.131975951281E-04    0.000000000000E+00
    7.983826890955E+01
    0.000000000000E+00    1.349257512947E-04    3.985751217649E-04
   -1.349257512947E-04    0.000000000000E+00    2.125199278600E-04
   -3.985751217649E-04   -2.125199278600E-04    0.000000000000E+00
    7.996474535374E+01
    0.000000000000E+00    1.343864587637E-04    3.970018404218E-04
   -1.343864587637E-04    0.000000000000E+00    2.118449464757E-04
   -3.970018404218E-04   -2.118449464757E-04    0.000000000000E+00
    8.009132189801E+01
    0.000000000000E+00    1.338497545969E-04    3.954359682292E-04
   -1.338497545969E-04    0.000000000000E+00    2.111726382501E-04
   -3.954359682292E-04   -2.111726382501E-04    0.000000000000E+00
    8.021799854235E+01
    0.000000000000E+00    1.333156242947E-04    3.938774648087E-04
   -1.333156242947E-04    0.000000000000E+00    2.105029905278E-04
   -3.938774648087E-04   -2.105029905278E-04    0.000000000000E+00
    8.034477528677E+01
    0.000000000000E+00    1.327840534502E-04    3.923262900304E-04
   -1.327840534502E-04    0.000000000000E+00    2.098359907231E-04
   -3.923262900304E-04   -2.098359907231E-04    0.000000000000E+00
    8.047165213126E+01
    0.000000000000E+00    1.322550277488E-04    3.907824040117E-04
   -1.322550277488E-04    0.000000000000E+00    2.091716263194E-04
   -3.907824040117E-04   -2.091716263194E-04    0.000000000000E+00
    8.059862907583E+01
    0.000000000000E+00    1.317285329671E-04    3.892457671152E-04
   -1.317285329671E-04    0.000000000000E+00    2.085098848685E-04
   -3.892457671152E-04   -2.085098848685E-04    0.000000000000E+00
    8.072570612047E+01
    0.000000000000E+00    1.312045549731E-04    3.877163399473E-04
   -1.312045549731E-04    0.000000000000E+00    2.078507539908E-04
   -3.877163399473E-04   -2.078507539908E-04    0.000000000000E+00
    8.085288326518E+01
    0.000000000000E+00    1.306830797244E-04    3.861940833562E-04
   -1.306830797244E-04    0.000000000000E+00    2.071942213743E-04
   -3.861940833562E-04   -2.071942213743E-04    0.000000000000E+00
    8.098016050997E+01
    0.000000000000E+00    1.301640932687E-04    3.846789584308E-04
   -1.301640932687E-04    0.000000000000E+00    2.065402747742E-04
   -3.846789584308E-04   -2.065402747742E-04    0.000000000000E+00
    8.110753785484E+01
    0.000000000000E+00    1.296475817421E-04    3.831709264985E-04
   -1.296475817421E-04    0.000000000000E+00    2.058889020130E-04
   -3.831709264985E-04   -2.058889020130E-04    0.000000000000E+00
    8.123501529978E+01
    0.000000000000E+00    1.291335313694E-04    3.816699491238E-04
   -1.291335313694E-04    0.000000000000E+00    2.052400909795E-04
   -3.816699491238E-04   -2.052400909795E-04    0.000000000000E+00
    8.136259284479E+01
    0.000000000000E+00    1.286219284628E-04    3.801759881068E-04
   -1.286219284628E-04    0.000000000000E+00    2.045938296289E-04
   -3.801759881068E-04   -2.045938296289E-04    0.000000000000E+00
    8.149027048988E+01
    0.000000000000E+00    1.281127594216E-04    3.786890054815E-04
   -1.281127594216E-04    0.000000000000E+00    2.039501059818E-04
   -3.786890054815E-04   -2.039501059818E-04    0.000000000000E+00
    8.161804823504E+01
    0.000000000000E+00    1.276060107315E-04    3.772089635141E-04
   -1.276060107315E-04    0.000000000000E+00    2.033089081243E-04
   -3.772089635141E-04   -2.033089081243E-04    0.000000000000E+00
    8.174592608028E+01
    0.000000000000E+00    1.271016689639E-04    3.757358247016E-04
   -1.271016689639E-04    0.000000000000E+00    2.026702242074E-04
   -3.757358247016E-04   -2.026702242074E-04    0.000000000000E+00
    8.187390402559E+01
    0.000000000000E+00    1.265997207754E-04    3.742695517702E-04
   -1.265997207754E-04    0.000000000000E+00    2.020340424466E-04
   -3.742695517702E-04   -2.020340424466E-04    0.000000000000E+00
    8.200198207098E+01
    0.000000000000E+00    1.261001529072E-04    3.728101076738E-04
   -1.261001529072E-04    0.000000000000E+00    2.014003511215E-04
   -3.728101076738E-04   -2.014003511215E-04    0.000000000000E+00
    8.213016021644E+01
    0.000000000000E+00    1.256029521843E-04    3.713574555921E-04
   -1.256029521843E-04    0.000000000000E+00    2.007691385755E-04
   -3.713574555921E-04   -2.007691385755E-04    0.000000000000E+00
    8.225843846197E+01
    0.000000000000E+00    1.251081055153E-04    3.699115589295E-04
   -1.251081055153E-04    0.000000000000E+00    2.001403932151E-04
   -3.699115589295E-04   -2.001403932151E-04    0.000000000000E+00
    8.238681680758E+01
    0.000000000000E+00    1.246155998914E-04    3.684723813135E-04
   -1.246155998914E-04    0.000000000000E+00    1.995141035099E-04
   -3.684723813135E-04   -1.995141035099E-04    0.000000000000E+00
    8.251529525327E+01
    0.000000000000E+00    1.241254223859E-04    3.670398865930E-04
   -1.241254223859E-04    0.000000000000E+00    1.988902579922E-04
   -3.670398865930E-04   -1.988902579922E-04    0.000000000000E+00
    8.264387379902E+01
    0.000000000000E+00    1.236375601540E-04    3.656140388370E-04
   -1.236375601540E-04    0.000000000000E+00    1.982688452561E-04
   -3.656140388370E-04   -1.982688452561E-04    0.000000000000E+00
    8.277255244486E+01
    0.000000000000E+00    1.231520004314E-04    3.641948023329E-04
   -1.231520004314E-04    0.000000000000E+00    1.976498539578E-04
   -3.641948023329E-04   -1.976498539578E-04    0.000000000000E+00
    8.290133119077E+01
    0.000000000000E+00    1.226687305348E-04    3.627821415853E-04
   -1.226687305348E-04    0.000000000000E+00    1.970332728147E-04
   -3.627821415853E-04   -1.970332728147E-04    0.000000000000E+00
    8.303021003675E+01
    0.000000000000E+00    1.221877378603E-04    3.613760213143E-04
   -1.221877378603E-04    0.000000000000E+00    1.964190906053E-04
   -3.613760213143E-04   -1.964190906053E-04    0.000000000000E+00
    8.315918898281E+01
    0.000000000000E+00    1.217090098836E-04    3.599764064542E-04
   -1.217090098836E-04    0.000000000000E+00    1.958072961687E-04
   -3.599764064542E-04   -1.958072961687E-04    0.000000000000E+00
    8.328826802894E+01
    0.000000000000E+00    1.212325341590E-04    3.585832621520E-04
   -1.212325341590E-04    0.000000000000E+00    1.951978784044E-04
   -3.585832621520E-04   -1.951978784044E-04    0.000000000000E+00
    8.341744717514E+01
    0.000000000000E+00    1.207582983190E-04    3.571965537658E-04
   -1.207582983190E-04    0.000000000000E+00    1.945908262717E-04
   -3.571965537658E-04   -1.945908262717E-04    0.000000000000E+00
    8.354672642142E+01
    0.000000000000E+00    1.202862900737E-04    3.558162468638E-04
   -1.202862900737E-04    0.000000000000E+00    1.939861287894E-04
   -3.558162468638E-04   -1.939861287894E-04    0.000000000000E+00
    8.367610576778E+01
    0.000000000000E+00    1.198164972104E-04    3.544423072224E-04
   -1.198164972104E-04    0.000000000000E+00    1.933837750355E-04
   -3.544423072224E-04   -1.933837750355E-04    0.000000000000E+00
    8.380558521421E+01
    0.000000000000E+00    1.193489075928E-04    3.530747008252E-04
   -1.193489075928E-04    0.000000000000E+00    1.927837541469E-04
   -3.530747008252E-04   -1.927837541469E-04    0.000000000000E+00
    8.393516476071E+01
    0.000000000000E+00    1.188835091606E-04    3.517133938614E-04
   -1.188835091606E-04    0.000000000000E+00    1.921860553189E-04
   -3.517133938614E-04   -1.921860553189E-04    0.000000000000E+00
    8.406484440729E+01
    0.000000000000E+00    1.184202899291E-04    3.503583527244E-04
   -1.184202899291E-04    0.000000000000E+00    1.915906678049E-04
   -3.503583527244E-04   -1.915906678049E-04    0.000000000000E+00
    8.419462415395E+01
    0.000000000000E+00    1.179592379885E-04    3.490095440106E-04
   -1.179592379885E-04    0.000000000000E+00    1.909975809160E-04
   -3.490095440106E-04   -1.909975809160E-04    0.000000000000E+00
    8.432450400067E+01
    0.000000000000E+00    1.175003415031E-04    3.476669345177E-04
   -1.175003415031E-04    0.000000000000E+00    1.904067840207E-04
   -3.476669345177E-04   -1.904067840207E-04    0.000000000000E+00
    8.445448394748E+01
    0.000000000000E+00    1.170435887116E-04    3.463304912438E-04
   -1.170435887116E-04    0.000000000000E+00    1.898182665446E-04
   -3.463304912438E-04   -1.898182665446E-04    0.000000000000E+00
    8.458456399435E+01
    0.000000000000E+00    1.165889679256E-04    3.450001813858E-04
   -1.165889679256E-04    0.000000000000E+00    1.892320179699E-04
   -3.450001813858E-04   -1.892320179699E-04    0.000000000000E+00
    8.471474414131E+01
    0.000000000000E+00    1.161364675298E-04    3.436759723381E-04
   -1.161364675298E-04    0.000000000000E+00    1.886480278352E-04
   -3.436759723381E-04   -1.886480278352E-04    0.000000000000E+00
    8.484502438833E+01
    0.000000000000E+00    1.156860759811E-04    3.423578316912E-04
   -1.156860759811E-04    0.000000000000E+00    1.880662857352E-04
   -3.423578316912E-04   -1.880662857352E-04    0.000000000000E+00
    8.497540473543E+01
    0.000000000000E+00    1.152377818084E-04    3.410457272306E-04
   -1.152377818084E-04    0.000000000000E+00    1.874867813200E-04
   -3.410457272306E-04   -1.874867813200E-04    0.000000000000E+00
    8.510588518261E+01
    0.000000000000E+00    1.147915736117E-04    3.397396269354E-04
   -1.147915736117E-04    0.000000000000E+00    1.869095042953E-04
   -3.397396269354E-04   -1.869095042953E-04    0.000000000000E+00
    8.523646572986E+01
    0.000000000000E+00    1.143474400621E-04    3.384394989767E-04
   -1.143474400621E-04    0.000000000000E+00    1.863344444217E-04
   -3.384394989767E-04   -1.863344444217E-04    0.000000000000E+00
    8.536714637718E+01
    0.000000000000E+00    1.139053699008E-04    3.371453117170E-04
   -1.139053699008E-04    0.000000000000E+00    1.857615915144E-04
   -3.371453117170E-04   -1.857615915144E-04    0.000000000000E+00
    8.549792712458E+01
    0.000000000000E+00    1.134653519389E-04    3.358570337083E-04
   -1.134653519389E-04    0.000000000000E+00    1.851909354429E-04
   -3.358570337083E-04   -1.851909354429E-04    0.000000000000E+00
    8.562880797205E+01
    0.000000000000E+00    1.130273750569E-04    3.345746336910E-04
   -1.130273750569E-04    0.000000000000E+00    1.846224661308E-04
   -3.345746336910E-04   -1.846224661308E-04    0.000000000000E+00
    8.575978891960E+01
    0.000000000000E+00    1.125914282041E-04    3.332980805929E-04
   -1.125914282041E-04    0.000000000000E+00    1.840561735553E-04
   -3.332980805929E-04   -1.840561735553E-04    0.000000000000E+00
    8.589086996722E+01
    0.000000000000E+00    1.121575003983E-04    3.320273435276E-04
   -1.121575003983E-04    0.000000000000E+00    1.834920477470E-04
   -3.320273435276E-04   -1.834920477470E-04    0.000000000000E+00
    8.602205111492E+01
    0.000000000000E+00    1.117255807252E-04    3.307623917936E-04
   -1.117255807252E-04    0.000000000000E+00    1.829300787895E-04
   -3.307623917936E-04   -1.829300787895E-04    0.000000000000E+00
    8.615333236269E+01
    0.000000000000E+00    1.112956583378E-04    3.295031948727E-04
   -1.112956583378E-04    0.000000000000E+00    1.823702568190E-04
   -3.295031948727E-04   -1.823702568190E-04    0.000000000000E+00
    8.628471371054E+01
    0.000000000000E+00    1.108677224562E-04    3.282497224291E-04
   -1.108677224562E-04    0.000000000000E+00    1.818125720243E-04
   -3.282497224291E-04   -1.818125720243E-04    0.000000000000E+00
    8.641619515846E+01
    0.000000000000E+00    1.104417623669E-04    3.270019443081E-04
   -1.104417623669E-04    0.000000000000E+00    1.812570146460E-04
   -3.270019443081E-04   -1.812570146460E-04    0.000000000000E+00
    8.654777670646E+01
    0.000000000000E+00    1.100177674227E-04    3.257598305348E-04
   -1.100177674227E-04    0.000000000000E+00    1.807035749767E-04
   -3.257598305348E-04   -1.807035749767E-04    0.000000000000E+00
    8.667945835453E+01
    0.000000000000E+00    1.095957270417E-04    3.245233513130E-04
   -1.095957270417E-04    0.000000000000E+00    1.801522433604E-04
   -3.245233513130E-04   -1.801522433604E-04    0.000000000000E+00
    8.681124010267E+01
    0.000000000000E+00    1.091756307072E-04    3.232924770239E-04
   -1.091756307072E-04    0.000000000000E+00    1.796030101920E-04
   -3.232924770239E-04   -1.796030101920E-04    0.000000000000E+00
    8.694312195089E+01
    0.000000000000E+00    1.087574679672E-04    3.220671782252E-04
   -1.087574679672E-04    0.000000000000E+00    1.790558659174E-04
   -3.220671782252E-04   -1.790558659174E-04    0.000000000000E+00
    8.707510389918E+01
    0.000000000000E+00    1.083412284341E-04    3.208474256496E-04
   -1.083412284341E-04    0.000000000000E+00    1.785108010332E-04
   -3.208474256496E-04   -1.785108010332E-04    0.000000000000E+00
    8.720718594755E+01
    0.000000000000E+00    1.079269017839E-04    3.196331902040E-04
   -1.079269017839E-04    0.000000000000E+00    1.779678060858E-04
   -3.196331902040E-04   -1.779678060858E-04    0.000000000000E+00
    8.733936809599E+01
    0.000000000000E+00    1.075144777560E-04    3.184244429677E-04
   -1.075144777560E-04    0.000000000000E+00    1.774268716719E-04
   -3.184244429677E-04   -1.774268716719E-04    0.000000000000E+00
    8.747165034451E+01
    0.000000000000E+00    1.071039461527E-04    3.172211551923E-04
   -1.071039461527E-04    0.000000000000E+00    1.768879884376E-04
   -3.172211551923E-04   -1.768879884376E-04    0.000000000000E+00
    8.760403269310E+01
    0.000000000000E+00    1.066952968388E-04    3.160232982995E-04
   -1.066952968388E-04    0.000000000000E+00    1.763511470784E-04
   -3.160232982995E-04   -1.763511470784E-04    0.000000000000E+00
    8.773651514177E+01
    0.000000000000E+00    1.062885197411E-04    3.148308438807E-04
   -1.062885197411E-04    0.000000000000E+00    1.758163383387E-04
   -3.148308438807E-04   -1.758163383387E-04    0.000000000000E+00
    8.786909769051E+01
    0.000000000000E+00    1.058836048481E-04    3.136437636955E-04
   -1.058836048481E-04    0.000000000000E+00    1.752835530119E-04
   -3.136437636955E-04   -1.752835530119E-04    0.000000000000E+00
    8.800178033933E+01
    0.000000000000E+00    1.054805422096E-04    3.124620296707E-04
   -1.054805422096E-04    0.000000000000E+00    1.747527819396E-04
   -3.124620296707E-04   -1.747527819396E-04    0.000000000000E+00
    8.813456308822E+01
    0.000000000000E+00    1.050793219358E-04    3.112856138994E-04
   -1.050793219358E-04    0.000000000000E+00    1.742240160115E-04
   -3.112856138994E-04   -1.742240160115E-04    0.000000000000E+00
    8.826744593718E+01
    0.000000000000E+00    1.046799341976E-04    3.101144886395E-04
   -1.046799341976E-04    0.000000000000E+00    1.736972461654E-04
   -3.101144886395E-04   -1.736972461654E-04    0.000000000000E+00
    8.840042888622E+01
    0.000000000000E+00    1.042823692257E-04    3.089486263129E-04
   -1.042823692257E-04    0.000000000000E+00    1.731724633865E-04
   -3.089486263129E-04   -1.731724633865E-04    0.000000000000E+00
    8.853351193533E+01
    0.000000000000E+00    1.038866173105E-04    3.077879995045E-04
   -1.038866173105E-04    0.000000000000E+00    1.726496587073E-04
   -3.077879995045E-04   -1.726496587073E-04    0.000000000000E+00
    8.866669508452E+01
    0.000000000000E+00    1.034926688013E-04    3.066325809608E-04
   -1.034926688013E-04    0.000000000000E+00    1.721288232075E-04
   -3.066325809608E-04   -1.721288232075E-04    0.000000000000E+00
    8.879997833378E+01
    0.000000000000E+00    1.031005141063E-04    3.054823435893E-04
   -1.031005141063E-04    0.000000000000E+00    1.716099480132E-04
   -3.054823435893E-04   -1.716099480132E-04    0.000000000000E+00
    8.893336168312E+01
    0.000000000000E+00    1.027101436918E-04    3.043372604568E-04
   -1.027101436918E-04    0.000000000000E+00    1.710930242973E-04
   -3.043372604568E-04   -1.710930242973E-04    0.000000000000E+00
    8.906684513253E+01
    0.000000000000E+00    1.023215480822E-04    3.031973047890E-04
   -1.023215480822E-04    0.000000000000E+00    1.705780432785E-04
   -3.031973047890E-04   -1.705780432785E-04    0.000000000000E+00
    8.920042868202E+01
    0.000000000000E+00    1.019347178595E-04    3.020624499691E-04
   -1.019347178595E-04    0.000000000000E+00    1.700649962218E-04
   -3.020624499691E-04   -1.700649962218E-04    0.000000000000E+00
    8.933411233158E+01
    0.000000000000E+00    1.015496436626E-04    3.009326695369E-04
   -1.015496436626E-04    0.000000000000E+00    1.695538744375E-04
   -3.009326695369E-04   -1.695538744375E-04    0.000000000000E+00
    8.946789608122E+01
    0.000000000000E+00    1.011663161872E-04    2.998079371877E-04
   -1.011663161872E-04    0.000000000000E+00    1.690446692814E-04
   -2.998079371877E-04   -1.690446692814E-04    0.000000000000E+00
    8.960177993093E+01
    0.000000000000E+00    1.007847261856E-04    2.986882267713E-04
   -1.007847261856E-04    0.000000000000E+00    1.685373721545E-04
   -2.986882267713E-04   -1.685373721545E-04    0.000000000000E+00
    8.973576388071E+01
    0.000000000000E+00    1.004048644656E-04    2.975735122911E-04
   -1.004048644656E-04    0.000000000000E+00    1.680319745024E-04
   -2.975735122911E-04   -1.680319745024E-04    0.000000000000E+00
    8.986984793057E+01
    0.000000000000E+00    1.000267218911E-04    2.964637679029E-04
   -1.000267218911E-04    0.000000000000E+00    1.675284678153E-04
   -2.964637679029E-04   -1.675284678153E-04    0.000000000000E+00
    9.000403208050E+01
    0.000000000000E+00    9.965028938093E-05    2.953589679141E-04
   -9.965028938093E-05    0.000000000000E+00    1.670268436279E-04
   -2.953589679141E-04   -1.670268436279E-04    0.000000000000E+00
    9.013831633051E+01
    0.000000000000E+00    9.927555790872E-05    2.942590867825E-04
   -9.927555790872E-05    0.000000000000E+00    1.665270935186E-04
   -2.942590867825E-04   -1.665270935186E-04    0.000000000000E+00
    9.027270068059E+01
    0.000000000000E+00    9.890251850267E-05    2.931640991155E-04
   -9.890251850267E-05    0.000000000000E+00    1.660292091099E-04
   -2.931640991155E-04   -1.660292091099E-04    0.000000000000E+00
    9.040718513075E+01
    0.000000000000E+00    9.853116224504E-05    2.920739796692E-04
   -9.853116224504E-05    0.000000000000E+00    1.655331820676E-04
   -2.920739796692E-04   -1.655331820676E-04    0.000000000000E+00
    9.054176968098E+01
    0.000000000000E+00    9.816148027184E-05    2.909887033471E-04
   -9.816148027184E-05    0.000000000000E+00    1.650390041008E-04
   -2.909887033471E-04   -1.650390041008E-04    0.000000000000E+00
    9.067645433129E+01
    0.000000000000E+00    9.779346377241E-05    2.899082451994E-04
   -9.779346377241E-05    0.000000000000E+00    1.645466669616E-04
   -2.899082451994E-04   -1.645466669616E-04    0.000000000000E+00
    9.081123908167E+01
    0.000000000000E+00    9.742710398910E-05    2.888325804220E-04
   -9.742710398910E-05    0.000000000000E+00    1.640561624449E-04
   -2.888325804220E-04   -1.640561624449E-04    0.000000000000E+00
    9.094612393213E+01
    0.000000000000E+00    9.706239221691E-05    2.877616843556E-04
   -9.706239221691E-05    0.000000000000E+00    1.635674823880E-04
   -2.877616843556E-04   -1.635674823880E-04    0.000000000000E+00
    9.108110888266E+01
    0.000000000000E+00    9.669931980311E-05    2.866955324846E-04
   -9.669931980311E-05    0.000000000000E+00    1.630806186705E-04
   -2.866955324846E-04   -1.630806186705E-04    0.000000000000E+00
    9.121619393326E+01
    0.000000000000E+00    9.633787814692E-05    2.856341004363E-04
   -9.633787814692E-05    0.000000000000E+00    1.625955632140E-04
   -2.856341004363E-04   -1.625955632140E-04    0.000000000000E+00
    9.135137908394E+01
    0.000000000000E+00    9.597805869913E-05    2.845773639800E-04
   -9.597805869913E-05    0.000000000000E+00    1.621123079819E-04
   -2.845773639800E-04   -1.621123079819E-04    0.000000000000E+00
    9.148666433469E+01
    0.000000000000E+00    9.561985296177E-05    2.835252990259E-04
   -9.561985296177E-05    0.000000000000E+00    1.616308449789E-04
   -2.835252990259E-04   -1.616308449789E-04    0.000000000000E+00
    9.162204968552E+01
    0.000000000000E+00    9.526325248776E-05    2.824778816245E-04
   -9.526325248776E-05    0.000000000000E+00    1.611511662512E-04
   -2.824778816245E-04   -1.611511662512E-04    0.000000000000E+00
    9.175753513642E+01
    0.000000000000E+00    9.490824888055E-05    2.814350879651E-04
   -9.490824888055E-05    0.000000000000E+00    1.606732638859E-04
   -2.814350879651E-04   -1.606732638859E-04    0.000000000000E+00
    9.189312068740E+01
    0.000000000000E+00    9.455483379381E-05    2.803968943759E-04
   -9.455483379381E-05    0.000000000000E+00    1.601971300109E-04
   -2.803968943759E-04   -1.601971300109E-04    0.000000000000E+00
    9.202880633845E+01
    0.000000000000E+00    9.420299893109E-05    2.793632773219E-04
   -9.420299893109E-05    0.000000000000E+00    1.597227567945E-04
   -2.793632773219E-04   -1.597227567945E-04    0.000000000000E+00
    9.216459208958E+01
    0.000000000000E+00    9.385273604544E-05    2.783342134050E-04
   -9.385273604544E-05    0.000000000000E+00    1.592501364457E-04
   -2.783342134050E-04   -1.592501364457E-04    0.000000000000E+00
    9.230047794078E+01
    0.000000000000E+00    9.350403693913E-05    2.773096793627E-04
   -9.350403693913E-05    0.000000000000E+00    1.587792612131E-04
   -2.773096793627E-04   -1.587792612131E-04    0.000000000000E+00
    9.243646389206E+01
    0.000000000000E+00    9.315689346330E-05    2.762896520670E-04
   -9.315689346330E-05    0.000000000000E+00    1.583101233854E-04
   -2.762896520670E-04   -1.583101233854E-04    0.000000000000E+00
    9.257254994341E+01
    0.000000000000E+00    9.281129751762E-05    2.752741085242E-04
   -9.281129751762E-05    0.000000000000E+00    1.578427152907E-04
   -2.752741085242E-04   -1.578427152907E-04    0.000000000000E+00
    9.270873609483E+01
    0.000000000000E+00    9.246724105000E-05    2.742630258732E-04
   -9.246724105000E-05    0.000000000000E+00    1.573770292968E-04
   -2.742630258732E-04   -1.573770292968E-04    0.000000000000E+00
    9.284502234633E+01
    0.000000000000E+00    9.212471605621E-05    2.732563813853E-04
   -9.212471605621E-05    0.000000000000E+00    1.569130578104E-04
   -2.732563813853E-04   -1.569130578104E-04    0.000000000000E+00
    9.298140869790E+01
    0.000000000000E+00    9.178371457962E-05    2.722541524632E-04
   -9.178371457962E-05    0.000000000000E+00    1.564507932770E-04
   -2.722541524632E-04   -1.564507932770E-04    0.000000000000E+00
    9.311789514955E+01
    0.000000000000E+00    9.144422871086E-05    2.712563166399E-04
   -9.144422871086E-05    0.000000000000E+00    1.559902281810E-04
   -2.712563166399E-04   -1.559902281810E-04    0.000000000000E+00
    9.325448170127E+01
    0.000000000000E+00    9.110625058746E-05    2.702628515781E-04
   -9.110625058746E-05    0.000000000000E+00    1.555313550451E-04
   -2.702628515781E-04   -1.555313550451E-04    0.000000000000E+00
    9.339116835307E+01
    0.000000000000E+00    9.076977239361E-05    2.692737350692E-04
   -9.076977239361E-05    0.000000000000E+00    1.550741664305E-04
   -2.692737350692E-04   -1.550741664305E-04    0.000000000000E+00
    9.352795510494E+01
    0.000000000000E+00    9.043478635982E-05    2.682889450329E-04
   -9.043478635982E-05    0.000000000000E+00    1.546186549362E-04
   -2.682889450329E-04   -1.546186549362E-04    0.000000000000E+00
    9.366484195689E+01
    0.000000000000E+00    9.010128476257E-05    2.673084595156E-04
   -9.010128476257E-05    0.000000000000E+00    1.541648131989E-04
   -2.673084595156E-04   -1.541648131989E-04    0.000000000000E+00
    9.380182890891E+01
    0.000000000000E+00    8.976925992408E-05    2.663322566905E-04
   -8.976925992408E-05    0.000000000000E+00    1.537126338930E-04
   -2.663322566905E-04   -1.537126338930E-04    0.000000000000E+00
    9.393891596101E+01
    0.000000000000E+00    8.943870421193E-05    2.653603148559E-04
   -8.943870421193E-05    0.000000000000E+00    1.532621097303E-04
   -2.653603148559E-04   -1.532621097303E-04    0.000000000000E+00
    9.407610311318E+01
    0.000000000000E+00    8.910961003883E-05    2.643926124351E-04
   -8.910961003883E-05    0.000000000000E+00    1.528132334597E-04
   -2.643926124351E-04   -1.528132334597E-04    0.000000000000E+00
    9.421339036542E+01
    0.000000000000E+00    8.878196986225E-05    2.634291279753E-04
   -8.878196986225E-05    0.000000000000E+00    1.523659978669E-04
   -2.634291279753E-04   -1.523659978669E-04    0.000000000000E+00
    9.435077771774E+01
    0.000000000000E+00    8.845577618418E-05    2.624698401467E-04
   -8.845577618418E-05    0.000000000000E+00    1.519203957745E-04
   -2.624698401467E-04   -1.519203957745E-04    0.000000000000E+00
    9.448826517014E+01
    0.000000000000E+00    8.813102155079E-05    2.615147277420E-04
   -8.813102155079E-05    0.000000000000E+00    1.514764200415E-04
   -2.615147277420E-04   -1.514764200415E-04    0.000000000000E+00
    9.462585272260E+01
    0.000000000000E+00    8.780769855217E-05    2.605637696754E-04
   -8.780769855217E-05    0.000000000000E+00    1.510340635632E-04
   -2.605637696754E-04   -1.510340635632E-04    0.000000000000E+00
    9.476354037515E+01
    0.000000000000E+00    8.748579982204E-05    2.596169449818E-04
   -8.748579982204E-05    0.000000000000E+00    1.505933192710E-04
   -2.596169449818E-04   -1.505933192710E-04    0.000000000000E+00
    9.490132812776E+01
    0.000000000000E+00    8.716531803741E-05    2.586742328163E-04
   -8.716531803741E-05    0.000000000000E+00    1.501541801320E-04
   -2.586742328163E-04   -1.501541801320E-04    0.000000000000E+00
    9.503921598046E+01
    0.000000000000E+00    8.684624591838E-05    2.577356124531E-04
   -8.684624591838E-05    0.000000000000E+00    1.497166391492E-04
   -2.577356124531E-04   -1.497166391492E-04    0.000000000000E+00
    9.517720393322E+01
    0.000000000000E+00    8.652857622776E-05    2.568010632850E-04
   -8.652857622776E-05    0.000000000000E+00    1.492806893609E-04
   -2.568010632850E-04   -1.492806893609E-04    0.000000000000E+00
    9.531529198606E+01
    0.000000000000E+00    8.621230177086E-05    2.558705648224E-04
   -8.621230177086E-05    0.000000000000E+00    1.488463238407E-04
   -2.558705648224E-04   -1.488463238407E-04    0.000000000000E+00
    9.545348013898E+01
    0.000000000000E+00    8.589741539519E-05    2.549440966929E-04
   -8.589741539519E-05    0.000000000000E+00    1.484135356973E-04
   -2.549440966929E-04   -1.484135356973E-04    0.000000000000E+00
    9.559176839197E+01
    0.000000000000E+00    8.558390999015E-05    2.540216386401E-04
   -8.558390999015E-05    0.000000000000E+00    1.479823180741E-04
   -2.540216386401E-04   -1.479823180741E-04    0.000000000000E+00
    9.573015674503E+01
    0.000000000000E+00    8.527177848680E-05    2.531031705233E-04
   -8.527177848680E-05    0.000000000000E+00    1.475526641493E-04
   -2.531031705233E-04   -1.475526641493E-04    0.000000000000E+00
    9.586864519817E+01
    0.000000000000E+00    8.496101385755E-05    2.521886723165E-04
   -8.496101385755E-05    0.000000000000E+00    1.471245671354E-04
   -2.521886723165E-04   -1.471245671354E-04    0.000000000000E+00
    9.600723375139E+01
    0.000000000000E+00    8.465160911592E-05    2.512781241077E-04
   -8.465160911592E-05    0.000000000000E+00    1.466980202794E-04
   -2.512781241077E-04   -1.466980202794E-04    0.000000000000E+00
    9.614592240468E+01
    0.000000000000E+00    8.434355731623E-05    2.503715060982E-04
   -8.434355731623E-05    0.000000000000E+00    1.462730168620E-04
   -2.503715060982E-04   -1.462730168620E-04    0.000000000000E+00
    9.628471115804E+01
    0.000000000000E+00    8.403685155337E-05    2.494687986021E-04
   -8.403685155337E-05    0.000000000000E+00    1.458495501980E-04
   -2.494687986021E-04   -1.458495501980E-04    0.000000000000E+00
    9.642360001148E+01
    0.000000000000E+00    8.373148496251E-05    2.485699820452E-04
   -8.373148496251E-05    0.000000000000E+00    1.454276136358E-04
   -2.485699820452E-04   -1.454276136358E-04    0.000000000000E+00
    9.656258896499E+01
    0.000000000000E+00    8.342745071885E-05    2.476750369644E-04
   -8.342745071885E-05    0.000000000000E+00    1.450072005573E-04
   -2.476750369644E-04   -1.450072005573E-04    0.000000000000E+00
    9.670167801857E+01
    0.000000000000E+00    8.312474203734E-05    2.467839440073E-04
   -8.312474203734E-05    0.000000000000E+00    1.445883043775E-04
   -2.467839440073E-04   -1.445883043775E-04    0.000000000000E+00
    9.684086717224E+01
    0.000000000000E+00    8.282335217243E-05    2.458966839312E-04
   -8.282335217243E-05    0.000000000000E+00    1.441709185448E-04
   -2.458966839312E-04   -1.441709185448E-04    0.000000000000E+00
    9.698015642597E+01
    0.000000000000E+00    8.252327441782E-05    2.450132376024E-04
   -8.252327441782E-05    0.000000000000E+00    1.437550365403E-04
   -2.450132376024E-04   -1.437550365403E-04    0.000000000000E+00
    9.711954577978E+01
    0.000000000000E+00    8.222450210619E-05    2.441335859956E-04
   -8.222450210619E-05    0.000000000000E+00    1.433406518778E-04
   -2.441335859956E-04   -1.433406518778E-04    0.000000000000E+00
    9.725903523367E+01
    0.000000000000E+00    8.192702860895E-05    2.432577101933E-04
   -8.192702860895E-05    0.000000000000E+00    1.429277581037E-04
   -2.432577101933E-04   -1.429277581037E-04    0.000000000000E+00
    9.739862478763E+01
    0.000000000000E+00    8.163084733598E-05    2.423855913850E-04
   -8.163084733598E-05    0.000000000000E+00    1.425163487967E-04
   -2.423855913850E-04   -1.425163487967E-04    0.000000000000E+00
    9.753831444166E+01
    0.000000000000E+00    8.133595173539E-05    2.415172108665E-04
   -8.133595173539E-05    0.000000000000E+00    1.421064175676E-04
   -2.415172108665E-04   -1.421064175676E-04    0.000000000000E+00
    9.767810419577E+01
    0.000000000000E+00    8.104233529326E-05    2.406525500393E-04
   -8.104233529326E-05    0.000000000000E+00    1.416979580592E-04
   -2.406525500393E-04   -1.416979580592E-04    0.000000000000E+00
    9.781799404995E+01
    0.000000000000E+00    8.074999153341E-05    2.397915904099E-04
   -8.074999153341E-05    0.000000000000E+00    1.412909639463E-04
   -2.397915904099E-04   -1.412909639463E-04    0.000000000000E+00
    9.795798400421E+01
    0.000000000000E+00    8.045891401713E-05    2.389343135893E-04
   -8.045891401713E-05    0.000000000000E+00    1.408854289350E-04
   -2.389343135893E-04   -1.408854289350E-04    0.000000000000E+00
    9.809807405854E+01
    0.000000000000E+00    8.016909634294E-05    2.380807012920E-04
   -8.016909634294E-05    0.000000000000E+00    1.404813467629E-04
   -2.380807012920E-04   -1.404813467629E-04    0.000000000000E+00
    9.823826421295E+01
    0.000000000000E+00    7.988053214639E-05    2.372307353356E-04
   -7.988053214639E-05    0.000000000000E+00    1.400787111990E-04
   -2.372307353356E-04   -1.400787111990E-04    0.000000000000E+00
    9.837855446743E+01
    0.000000000000E+00    7.959321509974E-05    2.363843976403E-04
   -7.959321509974E-05    0.000000000000E+00    1.396775160432E-04
   -2.363843976403E-04   -1.396775160432E-04    0.000000000000E+00
    9.851894482198E+01
    0.000000000000E+00    7.930713891181E-05    2.355416702277E-04
   -7.930713891181E-05    0.000000000000E+00    1.392777551265E-04
   -2.355416702277E-04   -1.392777551265E-04    0.000000000000E+00
    9.865943527661E+01
    0.000000000000E+00    7.902229732765E-05    2.347025352207E-04
   -7.902229732765E-05    0.000000000000E+00    1.388794223104E-04
   -2.347025352207E-04   -1.388794223104E-04    0.000000000000E+00
    9.880002583132E+01
    0.000000000000E+00    7.873868412840E-05    2.338669748429E-04
   -7.873868412840E-05    0.000000000000E+00    1.384825114870E-04
   -2.338669748429E-04   -1.384825114870E-04    0.000000000000E+00
    9.894071648610E+01
    0.000000000000E+00    7.845629313098E-05    2.330349714173E-04
   -7.845629313098E-05    0.000000000000E+00    1.380870165789E-04
   -2.330349714173E-04   -1.380870165789E-04    0.000000000000E+00
    9.908150724095E+01
    0.000000000000E+00    7.817511818791E-05    2.322065073666E-04
   -7.817511818791E-05    0.000000000000E+00    1.376929315388E-04
   -2.322065073666E-04   -1.376929315388E-04    0.000000000000E+00
    9.922239809588E+01
    0.000000000000E+00    7.789515318704E-05    2.313815652117E-04
   -7.789515318704E-05    0.000000000000E+00    1.373002503494E-04
   -2.313815652117E-04   -1.373002503494E-04    0.000000000000E+00
    9.936338905088E+01
    0.000000000000E+00    7.761639205134E-05    2.305601275718E-04
   -7.761639205134E-05    0.000000000000E+00    1.369089670234E-04
   -2.305601275718E-04   -1.369089670234E-04    0.000000000000E+00
    9.950448010596E+01
    0.000000000000E+00    7.733882873868E-05    2.297421771632E-04
   -7.733882873868E-05    0.000000000000E+00    1.365190756030E-04
   -2.297421771632E-04   -1.365190756030E-04    0.000000000000E+00
    9.964567126111E+01
    0.000000000000E+00    7.706245724159E-05    2.289276967993E-04
   -7.706245724159E-05    0.000000000000E+00    1.361305701601E-04
   -2.289276967993E-04   -1.361305701601E-04    0.000000000000E+00
    9.978696251634E+01
    0.000000000000E+00    7.678727158705E-05    2.281166693894E-04
   -7.678727158705E-05    0.000000000000E+00    1.357434447959E-04
   -2.281166693894E-04   -1.357434447959E-04    0.000000000000E+00
    9.992835387164E+01
    0.000000000000E+00    7.651326583626E-05    2.273090779385E-04
   -7.651326583626E-05    0.000000000000E+00    1.353576936408E-04
   -2.273090779385E-04   -1.353576936408E-04    0.000000000000E+00
    1.000698453270E+02
    0.000000000000E+00    7.624043408442E-05    2.265049055465E-04
   -7.624043408442E-05    0.000000000000E+00    1.349733108541E-04
   -2.265049055465E-04   -1.349733108541E-04    0.000000000000E+00
    1.002114368825E+02
    0.000000000000E+00    7.596877046049E-05    2.257041354077E-04
   -7.596877046049E-05    0.000000000000E+00    1.345902906241E-04
   -2.257041354077E-04   -1.345902906241E-04    0.000000000000E+00
    1.003531285380E+02
    0.000000000000E+00    7.569826912703E-05    2.249067508101E-04
   -7.569826912703E-05    0.000000000000E+00    1.342086271679E-04
   -2.249067508101E-04   -1.342086271679E-04    0.000000000000E+00
    1.004949202936E+02
    0.000000000000E+00    7.542892427992E-05    2.241127351352E-04
   -7.542892427992E-05    0.000000000000E+00    1.338283147310E-04
   -2.241127351352E-04   -1.338283147310E-04    0.000000000000E+00
    1.006368121493E+02
    0.000000000000E+00    7.516073014819E-05    2.233220718567E-04
   -7.516073014819E-05    0.000000000000E+00    1.334493475872E-04
   -2.233220718567E-04   -1.334493475872E-04    0.000000000000E+00
    1.007788041050E+02
    0.000000000000E+00    7.489368099377E-05    2.225347445408E-04
   -7.489368099377E-05    0.000000000000E+00    1.330717200388E-04
   -2.225347445408E-04   -1.330717200388E-04    0.000000000000E+00
    1.009208961608E+02
    0.000000000000E+00    7.462777111132E-05    2.217507368447E-04
   -7.462777111132E-05    0.000000000000E+00    1.326954264158E-04
   -2.217507368447E-04   -1.326954264158E-04    0.000000000000E+00
    1.010630883167E+02
    0.000000000000E+00    7.436299482800E-05    2.209700325170E-04
   -7.436299482800E-05    0.000000000000E+00    1.323204610764E-04
   -2.209700325170E-04   -1.323204610764E-04    0.000000000000E+00
    1.012053805727E+02
    0.000000000000E+00    7.409934650324E-05    2.201926153963E-04
   -7.409934650324E-05    0.000000000000E+00    1.319468184064E-04
   -2.201926153963E-04   -1.319468184064E-04    0.000000000000E+00
    1.013477729288E+02
    0.000000000000E+00    7.383682052857E-05    2.194184694111E-04
   -7.383682052857E-05    0.000000000000E+00    1.315744928194E-04
   -2.194184694111E-04   -1.315744928194E-04    0.000000000000E+00
    1.014902653849E+02
    0.000000000000E+00    7.357541132741E-05    2.186475785791E-04
   -7.357541132741E-05    0.000000000000E+00    1.312034787562E-04
   -2.186475785791E-04   -1.312034787562E-04    0.000000000000E+00
    1.016328579411E+02
    0.000000000000E+00    7.331511335482E-05    2.178799270068E-04
   -7.331511335482E-05    0.000000000000E+00    1.308337706849E-04
   -2.178799270068E-04   -1.308337706849E-04    0.000000000000E+00
    1.017755505973E+02
    0.000000000000E+00    7.305592109737E-05    2.171154988886E-04
   -7.305592109737E-05    0.000000000000E+00    1.304653631009E-04
   -2.171154988886E-04   -1.304653631009E-04    0.000000000000E+00
    1.019183433537E+02
    0.000000000000E+00    7.279782907288E-05    2.163542785067E-04
   -7.279782907288E-05    0.000000000000E+00    1.300982505265E-04
   -2.163542785067E-04   -1.300982505265E-04    0.000000000000E+00
    1.020612362101E+02
    0.000000000000E+00    7.254083183025E-05    2.155962502303E-04
   -7.254083183025E-05    0.000000000000E+00    1.297324275108E-04
   -2.155962502303E-04   -1.297324275108E-04    0.000000000000E+00
    1.022042291666E+02
    0.000000000000E+00    7.228492394926E-05    2.148413985149E-04
   -7.228492394926E-05    0.000000000000E+00    1.293678886297E-04
   -2.148413985149E-04   -1.293678886297E-04    0.000000000000E+00
    1.023473222232E+02
    0.000000000000E+00    7.203010004035E-05    2.140897079023E-04
   -7.203010004035E-05    0.000000000000E+00    1.290046284854E-04
   -2.140897079023E-04   -1.290046284854E-04    0.000000000000E+00
    1.024905153798E+02
    0.000000000000E+00    7.177635474445E-05    2.133411630195E-04
   -7.177635474445E-05    0.000000000000E+00    1.286426417068E-04
   -2.133411630195E-04   -1.286426417068E-04    0.000000000000E+00
    1.026338086365E+02
    0.000000000000E+00    7.152368273280E-05    2.125957485784E-04
   -7.152368273280E-05    0.000000000000E+00    1.282819229487E-04
   -2.125957485784E-04   -1.282819229487E-04    0.000000000000E+00
    1.027772019933E+02
    0.000000000000E+00    7.127207870669E-05    2.118534493754E-04
   -7.127207870669E-05    0.000000000000E+00    1.279224668924E-04
   -2.118534493754E-04   -1.279224668924E-04    0.000000000000E+00
    1.029206954502E+02
    0.000000000000E+00    7.102153739736E-05    2.111142502909E-04
   -7.102153739736E-05    0.000000000000E+00    1.275642682447E-04
   -2.111142502909E-04   -1.275642682447E-04    0.000000000000E+00
    1.030642890071E+02
    0.000000000000E+00    7.077205356573E-05    2.103781362882E-04
   -7.077205356573E-05    0.000000000000E+00    1.272073217386E-04
   -2.103781362882E-04   -1.272073217386E-04    0.000000000000E+00
    1.032079826641E+02
    0.000000000000E+00    7.052362200227E-05    2.096450924140E-04
   -7.052362200227E-05    0.000000000000E+00    1.268516221325E-04
   -2.096450924140E-04   -1.268516221325E-04    0.000000000000E+00
    1.033517764212E+02
    0.000000000000E+00    7.027623752677E-05    2.089151037969E-04
   -7.027623752677E-05    0.000000000000E+00    1.264971642105E-04
   -2.089151037969E-04   -1.264971642105E-04    0.000000000000E+00
    1.034956702784E+02
    0.000000000000E+00    7.002989498819E-05    2.081881556475E-04
   -7.002989498819E-05    0.000000000000E+00    1.261439427819E-04
   -2.081881556475E-04   -1.261439427819E-04    0.000000000000E+00
    1.036396642356E+02
    0.000000000000E+00    6.978458926444E-05    2.074642332577E-04
   -6.978458926444E-05    0.000000000000E+00    1.257919526814E-04
   -2.074642332577E-04   -1.257919526814E-04    0.000000000000E+00
    1.037837582930E+02
    0.000000000000E+00    6.954031526224E-05    2.067433220003E-04
   -6.954031526224E-05    0.000000000000E+00    1.254411887686E-04
   -2.067433220003E-04   -1.254411887686E-04    0.000000000000E+00
    1.039279524503E+02
    0.000000000000E+00    6.929706791688E-05    2.060254073283E-04
   -6.929706791688E-05    0.000000000000E+00    1.250916459284E-04
   -2.060254073283E-04   -1.250916459284E-04    0.000000000000E+00
    1.040722467078E+02
    0.000000000000E+00    6.905484219209E-05    2.053104747746E-04
   -6.905484219209E-05    0.000000000000E+00    1.247433190701E-04
   -2.053104747746E-04   -1.247433190701E-04    0.000000000000E+00
    1.042166410653E+02
    0.000000000000E+00    6.881363307985E-05    2.045985099515E-04
   -6.881363307985E-05    0.000000000000E+00    1.243962031281E-04
   -2.045985099515E-04   -1.243962031281E-04    0.000000000000E+00
    1.043611355230E+02
    0.000000000000E+00    6.857343560020E-05    2.038894985499E-04
   -6.857343560020E-05    0.000000000000E+00    1.240502930609E-04
   -2.038894985499E-04   -1.240502930609E-04    0.000000000000E+00
    1.045057300806E+02
    0.000000000000E+00    6.833424480106E-05    2.031834263394E-04
   -6.833424480106E-05    0.000000000000E+00    1.237055838519E-04
   -2.031834263394E-04   -1.237055838519E-04    0.000000000000E+00
    1.046504247384E+02
    0.000000000000E+00    6.809605575805E-05    2.024802791674E-04
   -6.809605575805E-05    0.000000000000E+00    1.233620705085E-04
   -2.024802791674E-04   -1.233620705085E-04    0.000000000000E+00
    1.047952194962E+02
    0.000000000000E+00    6.785886357436E-05    2.017800429587E-04
   -6.785886357436E-05    0.000000000000E+00    1.230197480621E-04
   -2.017800429587E-04   -1.230197480621E-04    0.000000000000E+00
    1.049401143541E+02
    0.000000000000E+00    6.762266338053E-05    2.010827037149E-04
   -6.762266338053E-05    0.000000000000E+00    1.226786115685E-04
   -2.010827037149E-04   -1.226786115685E-04    0.000000000000E+00
    1.050851093121E+02
    0.000000000000E+00    6.738745033427E-05    2.003882475144E-04
   -6.738745033427E-05    0.000000000000E+00    1.223386561070E-04
   -2.003882475144E-04   -1.223386561070E-04    0.000000000000E+00
    1.052302043702E+02
    0.000000000000E+00    6.715321962034E-05    1.996966605114E-04
   -6.715321962034E-05    0.000000000000E+00    1.219998767810E-04
   -1.996966605114E-04   -1.219998767810E-04    0.000000000000E+00
    1.053753995283E+02
    0.000000000000E+00    6.691996645035E-05    1.990079289355E-04
   -6.691996645035E-05    0.000000000000E+00    1.216622687172E-04
   -1.990079289355E-04   -1.216622687172E-04    0.000000000000E+00
    1.055206947865E+02
    0.000000000000E+00    6.668768606257E-05    1.983220390918E-04
   -6.668768606257E-05    0.000000000000E+00    1.213258270659E-04
   -1.983220390918E-04   -1.213258270659E-04    0.000000000000E+00
    1.056660901448E+02
    0.000000000000E+00    6.645637372181E-05    1.976389773597E-04
   -6.645637372181E-05    0.000000000000E+00    1.209905470010E-04
   -1.976389773597E-04   -1.209905470010E-04    0.000000000000E+00
    1.058115856032E+02
    0.000000000000E+00    6.622602471921E-05    1.969587301930E-04
   -6.622602471921E-05    0.000000000000E+00    1.206564237192E-04
   -1.969587301930E-04   -1.206564237192E-04    0.000000000000E+00
    1.059571811616E+02
    0.000000000000E+00    6.599663437211E-05    1.962812841189E-04
   -6.599663437211E-05    0.000000000000E+00    1.203234524407E-04
   -1.962812841189E-04   -1.203234524407E-04    0.000000000000E+00
    1.061028768201E+02
    0.000000000000E+00    6.576819802387E-05    1.956066257383E-04
   -6.576819802387E-05    0.000000000000E+00    1.199916284083E-04
   -1.956066257383E-04   -1.199916284083E-04    0.000000000000E+00
    1.062486725787E+02
    0.000000000000E+00    6.554071104370E-05    1.949347417246E-04
   -6.554071104370E-05    0.000000000000E+00    1.196609468881E-04
   -1.949347417246E-04   -1.196609468881E-04    0.000000000000E+00
    1.063945684374E+02
    0.000000000000E+00    6.531416882651E-05    1.942656188238E-04
   -6.531416882651E-05    0.000000000000E+00    1.193314031684E-04
   -1.942656188238E-04   -1.193314031684E-04    0.000000000000E+00
    1.065405643961E+02
    0.000000000000E+00    6.508856679274E-05    1.935992438537E-04
   -6.508856679274E-05    0.000000000000E+00    1.190029925607E-04
   -1.935992438537E-04   -1.190029925607E-04    0.000000000000E+00
    1.066866604549E+02
    0.000000000000E+00    6.486390038822E-05    1.929356037038E-04
   -6.486390038822E-05    0.000000000000E+00    1.186757103984E-04
   -1.929356037038E-04   -1.186757103984E-04    0.000000000000E+00
    1.068328566138E+02
    0.000000000000E+00    6.464016508399E-05    1.922746853344E-04
   -6.464016508399E-05    0.000000000000E+00    1.183495520376E-04
   -1.922746853344E-04   -1.183495520376E-04    0.000000000000E+00
    1.069791528727E+02
    0.000000000000E+00    6.441735637615E-05    1.916164757768E-04
   -6.441735637615E-05    0.000000000000E+00    1.180245128566E-04
   -1.916164757768E-04   -1.180245128566E-04    0.000000000000E+00
    1.071255492318E+02
    0.000000000000E+00    6.419546978571E-05    1.909609621323E-04
   -6.419546978571E-05    0.000000000000E+00    1.177005882557E-04
   -1.909609621323E-04   -1.177005882557E-04    0.000000000000E+00
    1.072720456909E+02
    0.000000000000E+00    6.397450085843E-05    1.903081315720E-04
   -6.397450085843E-05    0.000000000000E+00    1.173777736573E-04
   -1.903081315720E-04   -1.173777736573E-04    0.000000000000E+00
    1.074186422500E+02
    0.000000000000E+00    6.375444516467E-05    1.896579713365E-04
   -6.375444516467E-05    0.000000000000E+00    1.170560645057E-04
   -1.896579713365E-04   -1.170560645057E-04    0.000000000000E+00
    1.075653389093E+02
    0.000000000000E+00    6.353529829922E-05    1.890104687353E-04
   -6.353529829922E-05    0.000000000000E+00    1.167354562667E-04
   -1.890104687353E-04   -1.167354562667E-04    0.000000000000E+00
    1.077121356686E+02
    0.000000000000E+00    6.331705588118E-05    1.883656111464E-04
   -6.331705588118E-05    0.000000000000E+00    1.164159444281E-04
   -1.883656111464E-04   -1.164159444281E-04    0.000000000000E+00
    1.078590325280E+02
    0.000000000000E+00    6.309971355377E-05    1.877233860159E-04
   -6.309971355377E-05    0.000000000000E+00    1.160975244990E-04
   -1.877233860159E-04   -1.160975244990E-04    0.000000000000E+00
    1.080060294875E+02
    0.000000000000E+00    6.288326698423E-05    1.870837808579E-04
   -6.288326698423E-05    0.000000000000E+00    1.157801920100E-04
   -1.870837808579E-04   -1.157801920100E-04    0.000000000000E+00
    1.081531265470E+02
    0.000000000000E+00    6.266771186362E-05    1.864467832534E-04
   -6.266771186362E-05    0.000000000000E+00    1.154639425127E-04
   -1.864467832534E-04   -1.154639425127E-04    0.000000000000E+00
    1.083003237067E+02
    0.000000000000E+00    6.245304390671E-05    1.858123808506E-04
   -6.245304390671E-05    0.000000000000E+00    1.151487715804E-04
   -1.858123808506E-04   -1.151487715804E-04    0.000000000000E+00
    1.084476209664E+02
    0.000000000000E+00    6.223925885179E-05    1.851805613641E-04
   -6.223925885179E-05    0.000000000000E+00    1.148346748069E-04
   -1.851805613641E-04   -1.148346748069E-04    0.000000000000E+00
    1.085950183261E+02
    0.000000000000E+00    6.202635246060E-05    1.845513125746E-04
   -6.202635246060E-05    0.000000000000E+00    1.145216478074E-04
   -1.845513125746E-04   -1.145216478074E-04    0.000000000000E+00
    1.087425157860E+02
    0.000000000000E+00    6.181432051810E-05    1.839246223286E-04
   -6.181432051810E-05    0.000000000000E+00    1.142096862176E-04
   -1.839246223286E-04   -1.142096862176E-04    0.000000000000E+00
    1.088901133459E+02
    0.000000000000E+00    6.160315883238E-05    1.833004785377E-04
   -6.160315883238E-05    0.000000000000E+00    1.138987856941E-04
   -1.833004785377E-04   -1.138987856941E-04    0.000000000000E+00
    1.090378110059E+02
    0.000000000000E+00    6.139286323449E-05    1.826788691786E-04
   -6.139286323449E-05    0.000000000000E+00    1.135889419140E-04
   -1.826788691786E-04   -1.135889419140E-04    0.000000000000E+00
    1.091856087660E+02
    0.000000000000E+00    6.118342957835E-05    1.820597822926E-04
   -6.118342957835E-05    0.000000000000E+00    1.132801505749E-04
   -1.820597822926E-04   -1.132801505749E-04    0.000000000000E+00
    1.093335066261E+02
    0.000000000000E+00    6.097485374051E-05    1.814432059849E-04
   -6.097485374051E-05    0.000000000000E+00    1.129724073949E-04
   -1.814432059849E-04   -1.129724073949E-04    0.000000000000E+00
    1.094815045864E+02
    0.000000000000E+00    6.076713162012E-05    1.808291284246E-04
   -6.076713162012E-05    0.000000000000E+00    1.126657081123E-04
   -1.808291284246E-04   -1.126657081123E-04    0.000000000000E+00
    1.096296026466E+02
    0.000000000000E+00    6.056025913871E-05    1.802175378442E-04
   -6.056025913871E-05    0.000000000000E+00    1.123600484855E-04
   -1.802175378442E-04   -1.123600484855E-04    0.000000000000E+00
    1.097778008070E+02
    0.000000000000E+00    6.035423224011E-05    1.796084225392E-04
   -6.035423224011E-05    0.000000000000E+00    1.120554242930E-04
   -1.796084225392E-04   -1.120554242930E-04    0.000000000000E+00
    1.099260990675E+02
    0.000000000000E+00    6.014904689027E-05    1.790017708677E-04
   -6.014904689027E-05    0.000000000000E+00    1.117518313332E-04
   -1.790017708677E-04   -1.117518313332E-04    0.000000000000E+00
    1.100744974280E+02
    0.000000000000E+00    5.994469907714E-05    1.783975712499E-04
   -5.994469907714E-05    0.000000000000E+00    1.114492654245E-04
   -1.783975712499E-04   -1.114492654245E-04    0.000000000000E+00
    1.102229958886E+02
    0.000000000000E+00    5.974118481054E-05    1.777958121681E-04
   -5.974118481054E-05    0.000000000000E+00    1.111477224049E-04
   -1.777958121681E-04   -1.111477224049E-04    0.000000000000E+00
    1.103715944492E+02
    0.000000000000E+00    5.953850012202E-05    1.771964821660E-04
   -5.953850012202E-05    0.000000000000E+00    1.108471981320E-04
   -1.771964821660E-04   -1.108471981320E-04    0.000000000000E+00
    1.105202931100E+02
    0.000000000000E+00    5.933664106474E-05    1.765995698485E-04
   -5.933664106474E-05    0.000000000000E+00    1.105476884829E-04
   -1.765995698485E-04   -1.105476884829E-04    0.000000000000E+00
    1.106690918708E+02
    0.000000000000E+00    5.913560371331E-05    1.760050638811E-04
   -5.913560371331E-05    0.000000000000E+00    1.102491893544E-04
   -1.760050638811E-04   -1.102491893544E-04    0.000000000000E+00
    1.108179907317E+02
    0.000000000000E+00    5.893538416369E-05    1.754129529900E-04
   -5.893538416369E-05    0.000000000000E+00    1.099516966622E-04
   -1.754129529900E-04   -1.099516966622E-04    0.000000000000E+00
    1.109669896927E+02
    0.000000000000E+00    5.873597853303E-05    1.748232259612E-04
   -5.873597853303E-05    0.000000000000E+00    1.096552063414E-04
   -1.748232259612E-04   -1.096552063414E-04    0.000000000000E+00
    1.111160887537E+02
    0.000000000000E+00    5.853738295956E-05    1.742358716405E-04
   -5.853738295956E-05    0.000000000000E+00    1.093597143463E-04
   -1.742358716405E-04   -1.093597143463E-04    0.000000000000E+00
    1.112652879148E+02
    0.000000000000E+00    5.833959360246E-05    1.736508789331E-04
   -5.833959360246E-05    0.000000000000E+00    1.090652166501E-04
   -1.736508789331E-04   -1.090652166501E-04    0.000000000000E+00
    1.114145871760E+02
    0.000000000000E+00    5.814260664174E-05    1.730682368030E-04
   -5.814260664174E-05    0.000000000000E+00    1.087717092448E-04
   -1.730682368030E-04   -1.087717092448E-04    0.000000000000E+00
    1.115639865373E+02
    0.000000000000E+00    5.794641827806E-05    1.724879342730E-04
   -5.794641827806E-05    0.000000000000E+00    1.084791881415E-04
   -1.724879342730E-04   -1.084791881415E-04    0.000000000000E+00
    1.117134859986E+02
    0.000000000000E+00    5.775102473270E-05    1.719099604241E-04
   -5.775102473270E-05    0.000000000000E+00    1.081876493696E-04
   -1.719099604241E-04   -1.081876493696E-04    0.000000000000E+00
    1.118630855600E+02
    0.000000000000E+00    5.755642224734E-05    1.713343043953E-04
   -5.755642224734E-05    0.000000000000E+00    1.078970889775E-04
   -1.713343043953E-04   -1.078970889775E-04    0.000000000000E+00
    1.120127852215E+02
    0.000000000000E+00    5.736260708399E-05    1.707609553832E-04
   -5.736260708399E-05    0.000000000000E+00    1.076075030317E-04
   -1.707609553832E-04   -1.076075030317E-04    0.000000000000E+00
    1.121625849831E+02
    0.000000000000E+00    5.716957552486E-05    1.701899026417E-04
   -5.716957552486E-05    0.000000000000E+00    1.073188876175E-04
   -1.701899026417E-04   -1.073188876175E-04    0.000000000000E+00
    1.123124848447E+02
    0.000000000000E+00    5.697732387221E-05    1.696211354815E-04
   -5.697732387221E-05    0.000000000000E+00    1.070312388382E-04
   -1.696211354815E-04   -1.070312388382E-04    0.000000000000E+00
    1.124624848064E+02
    0.000000000000E+00    5.678584844826E-05    1.690546432699E-04
   -5.678584844826E-05    0.000000000000E+00    1.067445528155E-04
   -1.690546432699E-04   -1.067445528155E-04    0.000000000000E+00
    1.126125848682E+02
    0.000000000000E+00    5.659514559507E-05    1.684904154305E-04
   -5.659514559507E-05    0.000000000000E+00    1.064588256891E-04
   -1.684904154305E-04   -1.064588256891E-04    0.000000000000E+00
    1.127627850301E+02
    0.000000000000E+00    5.640521167437E-05    1.679284414428E-04
   -5.640521167437E-05    0.000000000000E+00    1.061740536167E-04
   -1.679284414428E-04   -1.061740536167E-04    0.000000000000E+00
    1.129130852920E+02
    0.000000000000E+00    5.621604306751E-05    1.673687108419E-04
   -5.621604306751E-05    0.000000000000E+00    1.058902327740E-04
   -1.673687108419E-04   -1.058902327740E-04    0.000000000000E+00
    1.130634856540E+02
    0.000000000000E+00    5.602763617529E-05    1.668112132182E-04
   -5.602763617529E-05    0.000000000000E+00    1.056073593545E-04
   -1.668112132182E-04   -1.056073593545E-04    0.000000000000E+00
    1.132139861161E+02
    0.000000000000E+00    5.583998741787E-05    1.662559382169E-04
   -5.583998741787E-05    0.000000000000E+00    1.053254295694E-04
   -1.662559382169E-04   -1.053254295694E-04    0.000000000000E+00
    1.133645866783E+02
    0.000000000000E+00    5.565309323464E-05    1.657028755378E-04
   -5.565309323464E-05    0.000000000000E+00    1.050444396476E-04
   -1.657028755378E-04   -1.050444396476E-04    0.000000000000E+00
    1.135152873405E+02
    0.000000000000E+00    5.546695008411E-05    1.651520149352E-04
   -5.546695008411E-05    0.000000000000E+00    1.047643858354E-04
   -1.651520149352E-04   -1.047643858354E-04    0.000000000000E+00
    1.136660881028E+02
    0.000000000000E+00    5.528155444378E-05    1.646033462171E-04
   -5.528155444378E-05    0.000000000000E+00    1.044852643966E-04
   -1.646033462171E-04   -1.044852643966E-04    0.000000000000E+00
    1.138169889652E+02
    0.000000000000E+00    5.509690281004E-05    1.640568592454E-04
   -5.509690281004E-05    0.000000000000E+00    1.042070716125E-04
   -1.640568592454E-04   -1.042070716125E-04    0.000000000000E+00
    1.139679899277E+02
    0.000000000000E+00    5.491299169808E-05    1.635125439351E-04
   -5.491299169808E-05    0.000000000000E+00    1.039298037814E-04
   -1.635125439351E-04   -1.039298037814E-04    0.000000000000E+00
    1.141190909902E+02
    0.000000000000E+00    5.472981764170E-05    1.629703902544E-04
   -5.472981764170E-05    0.000000000000E+00    1.036534572191E-04
   -1.629703902544E-04   -1.036534572191E-04    0.000000000000E+00
    1.142702921528E+02
    0.000000000000E+00    5.454737719329E-05    1.624303882240E-04
   -5.454737719329E-05    0.000000000000E+00    1.033780282582E-04
   -1.624303882240E-04   -1.033780282582E-04    0.000000000000E+00
    1.144215934155E+02
    0.000000000000E+00    5.436566692366E-05    1.618925279172E-04
   -5.436566692366E-05    0.000000000000E+00    1.031035132484E-04
   -1.618925279172E-04   -1.031035132484E-04    0.000000000000E+00
    1.145729947782E+02
    0.000000000000E+00    5.418468342194E-05    1.613567994592E-04
   -5.418468342194E-05    0.000000000000E+00    1.028299085564E-04
   -1.613567994592E-04   -1.028299085564E-04    0.000000000000E+00
    1.147244962411E+02
    0.000000000000E+00    5.400442329548E-05    1.608231930273E-04
   -5.400442329548E-05    0.000000000000E+00    1.025572105654E-04
   -1.608231930273E-04   -1.025572105654E-04    0.000000000000E+00
    1.148760978040E+02
    0.000000000000E+00    5.382488316974E-05    1.602916988499E-04
   -5.382488316974E-05    0.000000000000E+00    1.022854156757E-04
   -1.602916988499E-04   -1.022854156757E-04    0.000000000000E+00
    1.150277994670E+02
    0.000000000000E+00    5.364605968816E-05    1.597623072067E-04
   -5.364605968816E-05    0.000000000000E+00    1.020145203041E-04
   -1.597623072067E-04   -1.020145203041E-04    0.000000000000E+00
    1.151796012300E+02
    0.000000000000E+00    5.346794951209E-05    1.592350084285E-04
   -5.346794951209E-05    0.000000000000E+00    1.017445208837E-04
   -1.592350084285E-04   -1.017445208837E-04    0.000000000000E+00
    1.153315030931E+02
    0.000000000000E+00    5.329054932063E-05    1.587097928964E-04
   -5.329054932063E-05    0.000000000000E+00    1.014754138645E-04
   -1.587097928964E-04   -1.014754138645E-04    0.000000000000E+00
    1.154835050563E+02
    0.000000000000E+00    5.311385581060E-05    1.581866510418E-04
   -5.311385581060E-05    0.000000000000E+00    1.012071957125E-04
   -1.581866510418E-04   -1.012071957125E-04    0.000000000000E+00
    1.156356071196E+02
    0.000000000000E+00    5.293786569635E-05    1.576655733464E-04
   -5.293786569635E-05    0.000000000000E+00    1.009398629101E-04
   -1.576655733464E-04   -1.009398629101E-04    0.000000000000E+00
    1.157878092830E+02
    0.000000000000E+00    5.276257570970E-05    1.571465503412E-04
   -5.276257570970E-05    0.000000000000E+00    1.006734119561E-04
   -1.571465503412E-04   -1.006734119561E-04    0.000000000000E+00
    1.159401115464E+02
    0.000000000000E+00    5.258798259985E-05    1.566295726068E-04
   -5.258798259985E-05    0.000000000000E+00    1.004078393652E-04
   -1.566295726068E-04   -1.004078393652E-04    0.000000000000E+00
    1.160925139099E+02
    0.000000000000E+00    5.241408313323E-05    1.561146307730E-04
   -5.241408313323E-05    0.000000000000E+00    1.001431416682E-04
   -1.561146307730E-04   -1.001431416682E-04    0.000000000000E+00
    1.162450163735E+02
    0.000000000000E+00    5.224087409343E-05    1.556017155182E-04
   -5.224087409343E-05    0.000000000000E+00    9.987931541176E-05
   -1.556017155182E-04   -9.987931541176E-05    0.000000000000E+00
    1.163976189371E+02
    0.000000000000E+00    5.206835228111E-05    1.550908175696E-04
   -5.206835228111E-05    0.000000000000E+00    9.961635715855E-05
   -1.550908175696E-04   -9.961635715855E-05    0.000000000000E+00
    1.165503216009E+02
    0.000000000000E+00    5.189651451384E-05    1.545819277025E-04
   -5.189651451384E-05    0.000000000000E+00    9.935426348693E-05
   -1.545819277025E-04   -9.935426348693E-05    0.000000000000E+00
    1.167031243647E+02
    0.000000000000E+00    5.172535762608E-05    1.540750367403E-04
   -5.172535762608E-05    0.000000000000E+00    9.909303099099E-05
   -1.540750367403E-04   -9.909303099099E-05    0.000000000000E+00
    1.168560272285E+02
    0.000000000000E+00    5.155487846900E-05    1.535701355539E-04
   -5.155487846900E-05    0.000000000000E+00    9.883265628045E-05
   -1.535701355539E-04   -9.883265628045E-05    0.000000000000E+00
    1.170090301925E+02
    0.000000000000E+00    5.138507391044E-05    1.530672150620E-04
   -5.138507391044E-05    0.000000000000E+00    9.857313598054E-05
   -1.530672150620E-04   -9.857313598054E-05    0.000000000000E+00
    1.171621332565E+02
    0.000000000000E+00    5.121594083478E-05    1.525662662300E-04
   -5.121594083478E-05    0.000000000000E+00    9.831446673195E-05
   -1.525662662300E-04   -9.831446673195E-05    0.000000000000E+00
    1.173153364206E+02
    0.000000000000E+00    5.104747614284E-05    1.520672800705E-04
   -5.104747614284E-05    0.000000000000E+00    9.805664519075E-05
   -1.520672800705E-04   -9.805664519075E-05    0.000000000000E+00
    1.174686396848E+02
    0.000000000000E+00    5.087967675182E-05    1.515702476427E-04
   -5.087967675182E-05    0.000000000000E+00    9.779966802831E-05
   -1.515702476427E-04   -9.779966802831E-05    0.000000000000E+00
    1.176220430490E+02
    0.000000000000E+00    5.071253959515E-05    1.510751600519E-04
   -5.071253959515E-05    0.000000000000E+00    9.754353193121E-05
   -1.510751600519E-04   -9.754353193121E-05    0.000000000000E+00
    1.177755465133E+02
    0.000000000000E+00    5.054606162242E-05    1.505820084497E-04
   -5.054606162242E-05    0.000000000000E+00    9.728823360116E-05
   -1.505820084497E-04   -9.728823360116E-05    0.000000000000E+00
    1.179291500777E+02
    0.000000000000E+00    5.038023979929E-05    1.500907840334E-04
   -5.038023979929E-05    0.000000000000E+00    9.703376975492E-05
   -1.500907840334E-04   -9.703376975492E-05    0.000000000000E+00
    1.180828537422E+02
    0.000000000000E+00    5.021507110739E-05    1.496014780459E-04
   -5.021507110739E-05    0.000000000000E+00    9.678013712426E-05
   -1.496014780459E-04   -9.678013712426E-05    0.000000000000E+00
    1.182366575068E+02
    0.000000000000E+00    5.005055254423E-05    1.491140817752E-04
   -5.005055254423E-05    0.000000000000E+00    9.652733245582E-05
   -1.491140817752E-04   -9.652733245582E-05    0.000000000000E+00
    1.183905613714E+02
    0.000000000000E+00    4.988668112307E-05    1.486285865546E-04
   -4.988668112307E-05    0.000000000000E+00    9.627535251106E-05
   -1.486285865546E-04   -9.627535251106E-05    0.000000000000E+00
    1.185445653361E+02
    0.000000000000E+00    4.972345387288E-05    1.481449837620E-04
   -4.972345387288E-05    0.000000000000E+00    9.602419406621E-05
   -1.481449837620E-04   -9.602419406621E-05    0.000000000000E+00
    1.186986694008E+02
    0.000000000000E+00    4.956086783822E-05    1.476632648197E-04
   -4.956086783822E-05    0.000000000000E+00    9.577385391216E-05
   -1.476632648197E-04   -9.577385391216E-05    0.000000000000E+00
    1.188528735657E+02
    0.000000000000E+00    4.939892007916E-05    1.471834211943E-04
   -4.939892007916E-05    0.000000000000E+00    9.552432885438E-05
   -1.471834211943E-04   -9.552432885438E-05    0.000000000000E+00
    1.190071778306E+02
    0.000000000000E+00    4.923760767114E-05    1.467054443965E-04
   -4.923760767114E-05    0.000000000000E+00    9.527561571288E-05
   -1.467054443965E-04   -9.527561571288E-05    0.000000000000E+00
    1.191615821956E+02
    0.000000000000E+00    4.907692770497E-05    1.462293259805E-04
   -4.907692770497E-05    0.000000000000E+00    9.502771132210E-05
   -1.462293259805E-04   -9.502771132210E-05    0.000000000000E+00
    1.193160866607E+02
    0.000000000000E+00    4.891687728666E-05    1.457550575443E-04
   -4.891687728666E-05    0.000000000000E+00    9.478061253084E-05
   -1.457550575443E-04   -9.478061253084E-05    0.000000000000E+00
    1.194706912258E+02
    0.000000000000E+00    4.875745353736E-05    1.452826307287E-04
   -4.875745353736E-05    0.000000000000E+00    9.453431620221E-05
   -1.452826307287E-04   -9.453431620221E-05    0.000000000000E+00
    1.196253958910E+02
    0.000000000000E+00    4.859865359327E-05    1.448120372179E-04
   -4.859865359327E-05    0.000000000000E+00    9.428881921354E-05
   -1.448120372179E-04   -9.428881921354E-05    0.000000000000E+00
    1.197802006563E+02
    0.000000000000E+00    4.844047460556E-05    1.443432687386E-04
   -4.844047460556E-05    0.000000000000E+00    9.404411845629E-05
   -1.443432687386E-04   -9.404411845629E-05    0.000000000000E+00
    1.199351055217E+02
    0.000000000000E+00    4.828291374027E-05    1.438763170599E-04
   -4.828291374027E-05    0.000000000000E+00    9.380021083600E-05
   -1.438763170599E-04   -9.380021083600E-05    0.000000000000E+00
    1.200901104871E+02
    0.000000000000E+00    4.812596817821E-05    1.434111739934E-04
   -4.812596817821E-05    0.000000000000E+00    9.355709327222E-05
   -1.434111739934E-04   -9.355709327222E-05    0.000000000000E+00
    1.202452155526E+02
    0.000000000000E+00    4.796963511492E-05    1.429478313925E-04
   -4.796963511492E-05    0.000000000000E+00    9.331476269841E-05
   -1.429478313925E-04   -9.331476269841E-05    0.000000000000E+00
    1.204004207182E+02
    0.000000000000E+00    4.781391176053E-05    1.424862811524E-04
   -4.781391176053E-05    0.000000000000E+00    9.307321606192E-05
   -1.424862811524E-04   -9.307321606192E-05    0.000000000000E+00
    1.205557259839E+02
    0.000000000000E+00    4.765879533970E-05    1.420265152099E-04
   -4.765879533970E-05    0.000000000000E+00    9.283245032385E-05
   -1.420265152099E-04   -9.283245032385E-05    0.000000000000E+00
    1.207111313496E+02
    0.000000000000E+00    4.750428309152E-05    1.415685255429E-04
   -4.750428309152E-05    0.000000000000E+00    9.259246245903E-05
   -1.415685255429E-04   -9.259246245903E-05    0.000000000000E+00
    1.208666368154E+02
    0.000000000000E+00    4.735037226948E-05    1.411123041705E-04
   -4.735037226948E-05    0.000000000000E+00    9.235324945593E-05
   -1.411123041705E-04   -9.235324945593E-05    0.000000000000E+00
    1.210222423813E+02
    0.000000000000E+00    4.719706014129E-05    1.406578431526E-04
   -4.719706014129E-05    0.000000000000E+00    9.211480831659E-05
   -1.406578431526E-04   -9.211480831659E-05    0.000000000000E+00
    1.211779480473E+02
    0.000000000000E+00    4.704434398888E-05    1.402051345896E-04
   -4.704434398888E-05    0.000000000000E+00    9.187713605658E-05
   -1.402051345896E-04   -9.187713605658E-05    0.000000000000E+00
    1.213337538133E+02
    0.000000000000E+00    4.689222110829E-05    1.397541706223E-04
   -4.689222110829E-05    0.000000000000E+00    9.164022970487E-05
   -1.397541706223E-04   -9.164022970487E-05    0.000000000000E+00
    1.214896596794E+02
    0.000000000000E+00    4.674068880957E-05    1.393049434315E-04
   -4.674068880957E-05    0.000000000000E+00    9.140408630381E-05
   -1.393049434315E-04   -9.140408630381E-05    0.000000000000E+00
    1.216456656456E+02
    0.000000000000E+00    4.658974441672E-05    1.388574452381E-04
   -4.658974441672E-05    0.000000000000E+00    9.116870290905E-05
   -1.388574452381E-04   -9.116870290905E-05    0.000000000000E+00
    1.218017717119E+02
    0.000000000000E+00    4.643938526761E-05    1.384116683024E-04
   -4.643938526761E-05    0.000000000000E+00    9.093407658947E-05
   -1.384116683024E-04   -9.093407658947E-05    0.000000000000E+00
    1.219579778782E+02
    0.000000000000E+00    4.628960871386E-05    1.379676049243E-04
   -4.628960871386E-05    0.000000000000E+00    9.070020442711E-05
   -1.379676049243E-04   -9.070020442711E-05    0.000000000000E+00
    1.221142841446E+02
    0.000000000000E+00    4.614041212083E-05    1.375252474429E-04
   -4.614041212083E-05    0.000000000000E+00    9.046708351710E-05
   -1.375252474429E-04   -9.046708351710E-05    0.000000000000E+00
    1.222706905111E+02
    0.000000000000E+00    4.599179286747E-05    1.370845882363E-04
   -4.599179286747E-05    0.000000000000E+00    9.023471096760E-05
   -1.370845882363E-04   -9.023471096760E-05    0.000000000000E+00
    1.224271969777E+02
    0.000000000000E+00    4.584374834630E-05    1.366456197211E-04
   -4.584374834630E-05    0.000000000000E+00    9.000308389972E-05
   -1.366456197211E-04   -9.000308389972E-05    0.000000000000E+00
    1.225838035443E+02
    0.000000000000E+00    4.569627596327E-05    1.362083343527E-04
   -4.569627596327E-05    0.000000000000E+00    8.977219944749E-05
   -1.362083343527E-04   -8.977219944749E-05    0.000000000000E+00
    1.227405102110E+02
    0.000000000000E+00    4.554937313773E-05    1.357727246248E-04
   -4.554937313773E-05    0.000000000000E+00    8.954205475775E-05
   -1.357727246248E-04   -8.954205475775E-05    0.000000000000E+00
    1.228973169778E+02
    0.000000000000E+00    4.540303730235E-05    1.353387830692E-04
   -4.540303730235E-05    0.000000000000E+00    8.931264699010E-05
   -1.353387830692E-04   -8.931264699010E-05    0.000000000000E+00
    1.230542238446E+02
    0.000000000000E+00    4.525726590301E-05    1.349065022554E-04
   -4.525726590301E-05    0.000000000000E+00    8.908397331685E-05
   -1.349065022554E-04   -8.908397331685E-05    0.000000000000E+00
    1.232112308116E+02
    0.000000000000E+00    4.511205639875E-05    1.344758747909E-04
   -4.511205639875E-05    0.000000000000E+00    8.885603092294E-05
   -1.344758747909E-04   -8.885603092294E-05    0.000000000000E+00
    1.233683378786E+02
    0.000000000000E+00    4.496740626169E-05    1.340468933203E-04
   -4.496740626169E-05    0.000000000000E+00    8.862881700586E-05
   -1.340468933203E-04   -8.862881700586E-05    0.000000000000E+00
    1.235255450456E+02
    0.000000000000E+00    4.482331297695E-05    1.336195505256E-04
   -4.482331297695E-05    0.000000000000E+00    8.840232877565E-05
   -1.336195505256E-04   -8.840232877565E-05    0.000000000000E+00
    1.236828523128E+02
    0.000000000000E+00    4.467977404256E-05    1.331938391260E-04
   -4.467977404256E-05    0.000000000000E+00    8.817656345473E-05
   -1.331938391260E-04   -8.817656345473E-05    0.000000000000E+00
    1.238402596800E+02
    0.000000000000E+00    4.453678696943E-05    1.327697518772E-04
   -4.453678696943E-05    0.000000000000E+00    8.795151827796E-05
   -1.327697518772E-04   -8.795151827796E-05    0.000000000000E+00
    1.239977671473E+02
    0.000000000000E+00    4.439434928122E-05    1.323472815718E-04
   -4.439434928122E-05    0.000000000000E+00    8.772719049247E-05
   -1.323472815718E-04   -8.772719049247E-05    0.000000000000E+00
    1.241553747147E+02
    0.000000000000E+00    4.425245851431E-05    1.319264210386E-04
   -4.425245851431E-05    0.000000000000E+00    8.750357735766E-05
   -1.319264210386E-04   -8.750357735766E-05    0.000000000000E+00
    1.243130823822E+02
    0.000000000000E+00    4.411111221770E-05    1.315071631428E-04
   -4.411111221770E-05    0.000000000000E+00    8.728067614513E-05
   -1.315071631428E-04   -8.728067614513E-05    0.000000000000E+00
    1.244708901497E+02
    0.000000000000E+00    4.397030795295E-05    1.310895007853E-04
   -4.397030795295E-05    0.000000000000E+00    8.705848413859E-05
   -1.310895007853E-04   -8.705848413859E-05    0.000000000000E+00
    1.246287980173E+02
    0.000000000000E+00    4.383004329411E-05    1.306734269032E-04
   -4.383004329411E-05    0.000000000000E+00    8.683699863383E-05
   -1.306734269032E-04   -8.683699863383E-05    0.000000000000E+00
    1.247868059850E+02
    0.000000000000E+00    4.369031582763E-05    1.302589344688E-04
   -4.369031582763E-05    0.000000000000E+00    8.661621693864E-05
   -1.302589344688E-04   -8.661621693864E-05    0.000000000000E+00
    1.249449140527E+02
    0.000000000000E+00    4.355112315231E-05    1.298460164900E-04
   -4.355112315231E-05    0.000000000000E+00    8.639613637276E-05
   -1.298460164900E-04   -8.639613637276E-05    0.000000000000E+00
    1.251031222205E+02
    0.000000000000E+00    4.341246287922E-05    1.294346660099E-04
   -4.341246287922E-05    0.000000000000E+00    8.617675426781E-05
   -1.294346660099E-04   -8.617675426781E-05    0.000000000000E+00
    1.252614304885E+02
    0.000000000000E+00    4.327433263163E-05    1.290248761066E-04
   -4.327433263163E-05    0.000000000000E+00    8.595806796724E-05
   -1.290248761066E-04   -8.595806796724E-05    0.000000000000E+00
    1.254198388564E+02
    0.000000000000E+00    4.313673004493E-05    1.286166398928E-04
   -4.313673004493E-05    0.000000000000E+00    8.574007482627E-05
   -1.286166398928E-04   -8.574007482627E-05    0.000000000000E+00
    1.255783473245E+02
    0.000000000000E+00    4.299965276658E-05    1.282099505160E-04
   -4.299965276658E-05    0.000000000000E+00    8.552277221182E-05
   -1.282099505160E-04   -8.552277221182E-05    0.000000000000E+00
    1.257369558926E+02
    0.000000000000E+00    4.286309845603E-05    1.278048011581E-04
   -4.286309845603E-05    0.000000000000E+00    8.530615750244E-05
   -1.278048011581E-04   -8.530615750244E-05    0.000000000000E+00
    1.258956645608E+02
    0.000000000000E+00    4.272706478464E-05    1.274011850351E-04
   -4.272706478464E-05    0.000000000000E+00    8.509022808830E-05
   -1.274011850351E-04   -8.509022808830E-05    0.000000000000E+00
    1.260544733291E+02
    0.000000000000E+00    4.259154943564E-05    1.269990953971E-04
   -4.259154943564E-05    0.000000000000E+00    8.487498137108E-05
   -1.269990953971E-04   -8.487498137108E-05    0.000000000000E+00
    1.262133821974E+02
    0.000000000000E+00    4.245655010403E-05    1.265985255281E-04
   -4.245655010403E-05    0.000000000000E+00    8.466041476393E-05
   -1.265985255281E-04   -8.466041476393E-05    0.000000000000E+00
    1.263723911658E+02
    0.000000000000E+00    4.232206449654E-05    1.261994687455E-04
   -4.232206449654E-05    0.000000000000E+00    8.444652569144E-05
   -1.261994687455E-04   -8.444652569144E-05    0.000000000000E+00
    1.265315002343E+02
    0.000000000000E+00    4.218809033154E-05    1.258019184004E-04
   -4.218809033154E-05    0.000000000000E+00    8.423331158951E-05
   -1.258019184004E-04   -8.423331158951E-05    0.000000000000E+00
    1.266907094029E+02
    0.000000000000E+00    4.205462533900E-05    1.254058678771E-04
   -4.205462533900E-05    0.000000000000E+00    8.402076990538E-05
   -1.254058678771E-04   -8.402076990538E-05    0.000000000000E+00
    1.268500186716E+02
    0.000000000000E+00    4.192166726040E-05    1.250113105929E-04
   -4.192166726040E-05    0.000000000000E+00    8.380889809752E-05
   -1.250113105929E-04   -8.380889809752E-05    0.000000000000E+00
    1.270094280403E+02
    0.000000000000E+00    4.178921384866E-05    1.246182399980E-04
   -4.178921384866E-05    0.000000000000E+00    8.359769363558E-05
   -1.246182399980E-04   -8.359769363558E-05    0.000000000000E+00
    1.271689375091E+02
    0.000000000000E+00    4.165726286811E-05    1.242266495753E-04
   -4.165726286811E-05    0.000000000000E+00    8.338715400035E-05
   -1.242266495753E-04   -8.338715400035E-05    0.000000000000E+00
    1.273285470779E+02
    0.000000000000E+00    4.152581209438E-05    1.238365328405E-04
   -4.152581209438E-05    0.000000000000E+00    8.317727668368E-05
   -1.238365328405E-04   -8.317727668368E-05    0.000000000000E+00
    1.274882567469E+02
    0.000000000000E+00    4.139485931438E-05    1.234478833412E-04
   -4.139485931438E-05    0.000000000000E+00    8.296805918846E-05
   -1.234478833412E-04   -8.296805918846E-05    0.000000000000E+00
    1.276480665159E+02
    0.000000000000E+00    4.126440232619E-05    1.230606946575E-04
   -4.126440232619E-05    0.000000000000E+00    8.275949902853E-05
   -1.230606946575E-04   -8.275949902853E-05    0.000000000000E+00
    1.278079763850E+02
    0.000000000000E+00    4.113443893904E-05    1.226749604012E-04
   -4.113443893904E-05    0.000000000000E+00    8.255159372864E-05
   -1.226749604012E-04   -8.255159372864E-05    0.000000000000E+00
    1.279679863542E+02
    0.000000000000E+00    4.100496697322E-05    1.222906742163E-04
   -4.100496697322E-05    0.000000000000E+00    8.234434082438E-05
   -1.222906742163E-04   -8.234434082438E-05    0.000000000000E+00
    1.281280964234E+02
    0.000000000000E+00    4.087598426002E-05    1.219078297780E-04
   -4.087598426002E-05    0.000000000000E+00    8.213773786218E-05
   -1.219078297780E-04   -8.213773786218E-05    0.000000000000E+00
    1.282883065927E+02
    0.000000000000E+00    4.074748864167E-05    1.215264207933E-04
   -4.074748864167E-05    0.000000000000E+00    8.193178239918E-05
   -1.215264207933E-04   -8.193178239918E-05    0.000000000000E+00
    1.284486168621E+02
    0.000000000000E+00    4.061947797128E-05    1.211464410002E-04
   -4.061947797128E-05    0.000000000000E+00    8.172647200321E-05
   -1.211464410002E-04   -8.172647200321E-05    0.000000000000E+00
    1.286090272316E+02
    0.000000000000E+00    4.049195011278E-05    1.207678841680E-04
   -4.049195011278E-05    0.000000000000E+00    8.152180425278E-05
   -1.207678841680E-04   -8.152180425278E-05    0.000000000000E+00
    1.287695377011E+02
    0.000000000000E+00    4.036490294086E-05    1.203907440969E-04
   -4.036490294086E-05    0.000000000000E+00    8.131777673693E-05
   -1.203907440969E-04   -8.131777673693E-05    0.000000000000E+00
    1.289301482707E+02
    0.000000000000E+00    4.023833434091E-05    1.200150146176E-04
   -4.023833434091E-05    0.000000000000E+00    8.111438705528E-05
   -1.200150146176E-04   -8.111438705528E-05    0.000000000000E+00
    1.290908589404E+02
    0.000000000000E+00    4.011224220892E-05    1.196406895919E-04
   -4.011224220892E-05    0.000000000000E+00    8.091163281791E-05
   -1.196406895919E-04   -8.091163281791E-05    0.000000000000E+00
    1.292516697102E+02
    0.000000000000E+00    3.998662445150E-05    1.192677629115E-04
   -3.998662445150E-05    0.000000000000E+00    8.070951164533E-05
   -1.192677629115E-04   -8.070951164533E-05    0.000000000000E+00
    1.294125805800E+02
    0.000000000000E+00    3.986147898575E-05    1.188962284986E-04
   -3.986147898575E-05    0.000000000000E+00    8.050802116842E-05
   -1.188962284986E-04   -8.050802116842E-05    0.000000000000E+00
    1.295735915499E+02
    0.000000000000E+00    3.973680373923E-05    1.185260803056E-04
   -3.973680373923E-05    0.000000000000E+00    8.030715902840E-05
   -1.185260803056E-04   -8.030715902840E-05    0.000000000000E+00
    1.297347026199E+02
    0.000000000000E+00    3.961259664989E-05    1.181573123145E-04
   -3.961259664989E-05    0.000000000000E+00    8.010692287676E-05
   -1.181573123145E-04   -8.010692287676E-05    0.000000000000E+00
    1.298959137900E+02
    0.000000000000E+00    3.948885566602E-05    1.177899185373E-04
   -3.948885566602E-05    0.000000000000E+00    7.990731037519E-05
   -1.177899185373E-04   -7.990731037519E-05    0.000000000000E+00
    1.300572250601E+02
    0.000000000000E+00    3.936557874620E-05    1.174238930154E-04
   -3.936557874620E-05    0.000000000000E+00    7.970831919560E-05
   -1.174238930154E-04   -7.970831919560E-05    0.000000000000E+00
    1.302186364303E+02
    0.000000000000E+00    3.924276385921E-05    1.170592298198E-04
   -3.924276385921E-05    0.000000000000E+00    7.950994701997E-05
   -1.170592298198E-04   -7.950994701997E-05    0.000000000000E+00
    1.303801479006E+02
    0.000000000000E+00    3.912040898403E-05    1.166959230507E-04
   -3.912040898403E-05    0.000000000000E+00    7.931219154038E-05
   -1.166959230507E-04   -7.931219154038E-05    0.000000000000E+00
    1.305417594710E+02
    0.000000000000E+00    3.899851210970E-05    1.163339668372E-04
   -3.899851210970E-05    0.000000000000E+00    7.911505045894E-05
   -1.163339668372E-04   -7.911505045894E-05    0.000000000000E+00
    1.307034711414E+02
    0.000000000000E+00    3.887707123533E-05    1.159733553377E-04
   -3.887707123533E-05    0.000000000000E+00    7.891852148769E-05
   -1.159733553377E-04   -7.891852148769E-05    0.000000000000E+00
    1.308652829119E+02
    0.000000000000E+00    3.875608437005E-05    1.156140827391E-04
   -3.875608437005E-05    0.000000000000E+00    7.872260234865E-05
   -1.156140827391E-04   -7.872260234865E-05    0.000000000000E+00
    1.310271947825E+02
    0.000000000000E+00    3.863554953288E-05    1.152561432570E-04
   -3.863554953288E-05    0.000000000000E+00    7.852729077366E-05
   -1.152561432570E-04   -7.852729077366E-05    0.000000000000E+00
    1.311892067532E+02
    0.000000000000E+00    3.851546475274E-05    1.148995311354E-04
   -3.851546475274E-05    0.000000000000E+00    7.833258450443E-05
   -1.148995311354E-04   -7.833258450443E-05    0.000000000000E+00
    1.313513188239E+02
    0.000000000000E+00    3.839582806840E-05    1.145442406468E-04
   -3.839582806840E-05    0.000000000000E+00    7.813848129240E-05
   -1.145442406468E-04   -7.813848129240E-05    0.000000000000E+00
    1.315135309947E+02
    0.000000000000E+00    3.827663752836E-05    1.141902660915E-04
   -3.827663752836E-05    0.000000000000E+00    7.794497889879E-05
   -1.141902660915E-04   -7.794497889879E-05    0.000000000000E+00
    1.316758432656E+02
    0.000000000000E+00    3.815789119086E-05    1.138376017982E-04
   -3.815789119086E-05    0.000000000000E+00    7.775207509445E-05
   -1.138376017982E-04   -7.775207509445E-05    0.000000000000E+00
    1.318382556365E+02
    0.000000000000E+00    3.803958712379E-05    1.134862421231E-04
   -3.803958712379E-05    0.000000000000E+00    7.755976765990E-05
   -1.134862421231E-04   -7.755976765990E-05    0.000000000000E+00
    1.320007681076E+02
    0.000000000000E+00    3.792172340467E-05    1.131361814502E-04
   -3.792172340467E-05    0.000000000000E+00    7.736805438522E-05
   -1.131361814502E-04   -7.736805438522E-05    0.000000000000E+00
    1.321633806787E+02
    0.000000000000E+00    3.780429812053E-05    1.127874141912E-04
   -3.780429812053E-05    0.000000000000E+00    7.717693307005E-05
   -1.127874141912E-04   -7.717693307005E-05    0.000000000000E+00
    1.323260933499E+02
    0.000000000000E+00    3.768730936795E-05    1.124399347849E-04
   -3.768730936795E-05    0.000000000000E+00    7.698640152349E-05
   -1.124399347849E-04   -7.698640152349E-05    0.000000000000E+00
    1.324889061211E+02
    0.000000000000E+00    3.757075525292E-05    1.120937376974E-04
   -3.757075525292E-05    0.000000000000E+00    7.679645756412E-05
   -1.120937376974E-04   -7.679645756412E-05    0.000000000000E+00
    1.326518189924E+02
    0.000000000000E+00    3.745463389084E-05    1.117488174221E-04
   -3.745463389084E-05    0.000000000000E+00    7.660709901989E-05
   -1.117488174221E-04   -7.660709901989E-05    0.000000000000E+00
    1.328148319638E+02
    0.000000000000E+00    3.733894340644E-05    1.114051684791E-04
   -3.733894340644E-05    0.000000000000E+00    7.641832372811E-05
   -1.114051684791E-04   -7.641832372811E-05    0.000000000000E+00
    1.329779450353E+02
    0.000000000000E+00    3.722368193377E-05    1.110627854154E-04
   -3.722368193377E-05    0.000000000000E+00    7.623012953541E-05
   -1.110627854154E-04   -7.623012953541E-05    0.000000000000E+00
    1.331411582069E+02
    0.000000000000E+00    3.710884761607E-05    1.107216628046E-04
   -3.710884761607E-05    0.000000000000E+00    7.604251429765E-05
   -1.107216628046E-04   -7.604251429765E-05    0.000000000000E+00
    1.333044714785E+02
    0.000000000000E+00    3.699443860582E-05    1.103817952467E-04
   -3.699443860582E-05    0.000000000000E+00    7.585547587993E-05
   -1.103817952467E-04   -7.585547587993E-05    0.000000000000E+00
    1.334678848502E+02
    0.000000000000E+00    3.688045306458E-05    1.100431773682E-04
   -3.688045306458E-05    0.000000000000E+00    7.566901215651E-05
   -1.100431773682E-04   -7.566901215651E-05    0.000000000000E+00
    1.336313983220E+02
    0.000000000000E+00    3.676688916304E-05    1.097058038218E-04
   -3.676688916304E-05    0.000000000000E+00    7.548312101077E-05
   -1.097058038218E-04   -7.548312101077E-05    0.000000000000E+00
    1.337950118938E+02
    0.000000000000E+00    3.665374508090E-05    1.093696692862E-04
   -3.665374508090E-05    0.000000000000E+00    7.529780033518E-05
   -1.093696692862E-04   -7.529780033518E-05    0.000000000000E+00
    1.339587255658E+02
    0.000000000000E+00    3.654101900685E-05    1.090347684659E-04
   -3.654101900685E-05    0.000000000000E+00    7.511304803123E-05
   -1.090347684659E-04   -7.511304803123E-05    0.000000000000E+00
    1.341225393378E+02
    0.000000000000E+00    3.642870913852E-05    1.087010960915E-04
   -3.642870913852E-05    0.000000000000E+00    7.492886200943E-05
   -1.087010960915E-04   -7.492886200943E-05    0.000000000000E+00
    1.342864532098E+02
    0.000000000000E+00    3.631681368241E-05    1.083686469188E-04
   -3.631681368241E-05    0.000000000000E+00    7.474524018921E-05
   -1.083686469188E-04   -7.474524018921E-05    0.000000000000E+00
    1.344504671820E+02
    0.000000000000E+00    3.620533085386E-05    1.080374157296E-04
   -3.620533085386E-05    0.000000000000E+00    7.456218049890E-05
   -1.080374157296E-04   -7.456218049890E-05    0.000000000000E+00
    1.346145812542E+02
    0.000000000000E+00    3.609425887700E-05    1.077073973306E-04
   -3.609425887700E-05    0.000000000000E+00    7.437968087571E-05
   -1.077073973306E-04   -7.437968087571E-05    0.000000000000E+00
    1.347787954265E+02
    0.000000000000E+00    3.598359598470E-05    1.073785865540E-04
   -3.598359598470E-05    0.000000000000E+00    7.419773926567E-05
   -1.073785865540E-04   -7.419773926567E-05    0.000000000000E+00
    1.349431096989E+02
    0.000000000000E+00    3.587334041852E-05    1.070509782570E-04
   -3.587334041852E-05    0.000000000000E+00    7.401635362356E-05
   -1.070509782570E-04   -7.401635362356E-05    0.000000000000E+00
    1.351075240713E+02
    0.000000000000E+00    3.576349042865E-05    1.067245673217E-04
   -3.576349042865E-05    0.000000000000E+00    7.383552191291E-05
   -1.067245673217E-04   -7.383552191291E-05    0.000000000000E+00
    1.352720385439E+02
    0.000000000000E+00    3.565404427387E-05    1.063993486551E-04
   -3.565404427387E-05    0.000000000000E+00    7.365524210593E-05
   -1.063993486551E-04   -7.365524210593E-05    0.000000000000E+00
    1.354366531164E+02
    0.000000000000E+00    3.554500022153E-05    1.060753171889E-04
   -3.554500022153E-05    0.000000000000E+00    7.347551218347E-05
   -1.060753171889E-04   -7.347551218347E-05    0.000000000000E+00
    1.356013677891E+02
    0.000000000000E+00    3.543635654745E-05    1.057524678792E-04
   -3.543635654745E-05    0.000000000000E+00    7.329633013501E-05
   -1.057524678792E-04   -7.329633013501E-05    0.000000000000E+00
    1.357661825619E+02
    0.000000000000E+00    3.532811153592E-05    1.054307957065E-04
   -3.532811153592E-05    0.000000000000E+00    7.311769395857E-05
   -1.054307957065E-04   -7.311769395857E-05    0.000000000000E+00
    1.359310974347E+02
    0.000000000000E+00    3.522026347963E-05    1.051102956759E-04
   -3.522026347963E-05    0.000000000000E+00    7.293960166070E-05
   -1.051102956759E-04   -7.293960166070E-05    0.000000000000E+00
    1.360961124076E+02
    0.000000000000E+00    3.511281067963E-05    1.047909628162E-04
   -3.511281067963E-05    0.000000000000E+00    7.276205125642E-05
   -1.047909628162E-04   -7.276205125642E-05    0.000000000000E+00
    1.362612274805E+02
    0.000000000000E+00    3.500575144527E-05    1.044727921805E-04
   -3.500575144527E-05    0.000000000000E+00    7.258504076920E-05
   -1.044727921805E-04   -7.258504076920E-05    0.000000000000E+00
    1.364264426536E+02
    0.000000000000E+00    3.489908409419E-05    1.041557788458E-04
   -3.489908409419E-05    0.000000000000E+00    7.240856823090E-05
   -1.041557788458E-04   -7.240856823090E-05    0.000000000000E+00
    1.365917579267E+02
    0.000000000000E+00    3.479280695222E-05    1.038399179126E-04
   -3.479280695222E-05    0.000000000000E+00    7.223263168174E-05
   -1.038399179126E-04   -7.223263168174E-05    0.000000000000E+00
    1.367571732999E+02
    0.000000000000E+00    3.468691835341E-05    1.035252045053E-04
   -3.468691835341E-05    0.000000000000E+00    7.205722917026E-05
   -1.035252045053E-04   -7.205722917026E-05    0.000000000000E+00
    1.369226887732E+02
    0.000000000000E+00    3.458141663990E-05    1.032116337717E-04
   -3.458141663990E-05    0.000000000000E+00    7.188235875326E-05
   -1.032116337717E-04   -7.188235875326E-05    0.000000000000E+00
    1.370883043465E+02
    0.000000000000E+00    3.447630016193E-05    1.028992008829E-04
   -3.447630016193E-05    0.000000000000E+00    7.170801849581E-05
   -1.028992008829E-04   -7.170801849581E-05    0.000000000000E+00
    1.372540200199E+02
    0.000000000000E+00    3.437156727779E-05    1.025879010334E-04
   -3.437156727779E-05    0.000000000000E+00    7.153420647114E-05
   -1.025879010334E-04   -7.153420647114E-05    0.000000000000E+00
    1.374198357934E+02
    0.000000000000E+00    3.426721635376E-05    1.022777294406E-04
   -3.426721635376E-05    0.000000000000E+00    7.136092076065E-05
   -1.022777294406E-04   -7.136092076065E-05    0.000000000000E+00
    1.375857516670E+02
    0.000000000000E+00    3.416324576407E-05    1.019686813452E-04
   -3.416324576407E-05    0.000000000000E+00    7.118815945387E-05
   -1.019686813452E-04   -7.118815945387E-05    0.000000000000E+00
    1.377517676406E+02
    0.000000000000E+00    3.405965389088E-05    1.016607520105E-04
   -3.405965389088E-05    0.000000000000E+00    7.101592064839E-05
   -1.016607520105E-04   -7.101592064839E-05    0.000000000000E+00
    1.379178837143E+02
    0.000000000000E+00    3.395643912420E-05    1.013539367226E-04
   -3.395643912420E-05    0.000000000000E+00    7.084420244985E-05
   -1.013539367226E-04   -7.084420244985E-05    0.000000000000E+00
    1.380840998881E+02
    0.000000000000E+00    3.385359986186E-05    1.010482307904E-04
   -3.385359986186E-05    0.000000000000E+00    7.067300297188E-05
   -1.010482307904E-04   -7.067300297188E-05    0.000000000000E+00
    1.382504161620E+02
    0.000000000000E+00    3.375113450949E-05    1.007436295452E-04
   -3.375113450949E-05    0.000000000000E+00    7.050232033608E-05
   -1.007436295452E-04   -7.050232033608E-05    0.000000000000E+00
    1.384168325359E+02
    0.000000000000E+00    3.364904148044E-05    1.004401283406E-04
   -3.364904148044E-05    0.000000000000E+00    7.033215267198E-05
   -1.004401283406E-04   -7.033215267198E-05    0.000000000000E+00
    1.385833490099E+02
    0.000000000000E+00    3.354731919577E-05    1.001377225525E-04
   -3.354731919577E-05    0.000000000000E+00    7.016249811699E-05
   -1.001377225525E-04   -7.016249811699E-05    0.000000000000E+00
    1.387499655840E+02
    0.000000000000E+00    3.344596608419E-05    9.983640757909E-05
   -3.344596608419E-05    0.000000000000E+00    6.999335481635E-05
   -9.983640757909E-05   -6.999335481635E-05    0.000000000000E+00
    1.389166822582E+02
    0.000000000000E+00    3.334498058203E-05    9.953617884039E-05
   -3.334498058203E-05    0.000000000000E+00    6.982472092314E-05
   -9.953617884039E-05   -6.982472092314E-05    0.000000000000E+00
    1.390834990324E+02
    0.000000000000E+00    3.324436113317E-05    9.923703177845E-05
   -3.324436113317E-05    0.000000000000E+00    6.965659459819E-05
   -9.923703177845E-05   -6.965659459819E-05    0.000000000000E+00
    1.392504159067E+02
    0.000000000000E+00    3.314410618904E-05    9.893896185706E-05
   -3.314410618904E-05    0.000000000000E+00    6.948897401009E-05
   -9.893896185706E-05   -6.948897401009E-05    0.000000000000E+00
    1.394174328811E+02
    0.000000000000E+00    3.304421420856E-05    9.864196456172E-05
   -3.304421420856E-05    0.000000000000E+00    6.932185733509E-05
   -9.864196456172E-05   -6.932185733509E-05    0.000000000000E+00
    1.395845499556E+02
    0.000000000000E+00    3.294468365808E-05    9.834603539944E-05
   -3.294468365808E-05    0.000000000000E+00    6.915524275713E-05
   -9.834603539944E-05   -6.915524275713E-05    0.000000000000E+00
    1.397517671301E+02
    0.000000000000E+00    3.284551301138E-05    9.805116989872E-05
   -3.284551301138E-05    0.000000000000E+00    6.898912846776E-05
   -9.805116989872E-05   -6.898912846776E-05    0.000000000000E+00
    1.399190844047E+02
    0.000000000000E+00    3.274670074959E-05    9.775736360935E-05
   -3.274670074959E-05    0.000000000000E+00    6.882351266614E-05
   -9.775736360935E-05   -6.882351266614E-05    0.000000000000E+00
    1.400865017794E+02
    0.000000000000E+00    3.264824536119E-05    9.746461210236E-05
   -3.264824536119E-05    0.000000000000E+00    6.865839355896E-05
   -9.746461210236E-05   -6.865839355896E-05    0.000000000000E+00
    1.402540192542E+02
    0.000000000000E+00    3.255014534191E-05    9.717291096987E-05
   -3.255014534191E-05    0.000000000000E+00    6.849376936043E-05
   -9.717291096987E-05   -6.849376936043E-05    0.000000000000E+00
    1.404216368290E+02
    0.000000000000E+00    3.245239919476E-05    9.688225582499E-05
   -3.245239919476E-05    0.000000000000E+00    6.832963829224E-05
   -9.688225582499E-05   -6.832963829224E-05    0.000000000000E+00
    1.405893545039E+02
    0.000000000000E+00    3.235500542996E-05    9.659264230169E-05
   -3.235500542996E-05    0.000000000000E+00    6.816599858353E-05
   -9.659264230169E-05   -6.816599858353E-05    0.000000000000E+00
    1.407571722789E+02
    0.000000000000E+00    3.225796256488E-05    9.630406605474E-05
   -3.225796256488E-05    0.000000000000E+00    6.800284847083E-05
   -9.630406605474E-05   -6.800284847083E-05    0.000000000000E+00
    1.409250901540E+02
    0.000000000000E+00    3.216126912403E-05    9.601652275952E-05
   -3.216126912403E-05    0.000000000000E+00    6.784018619807E-05
   -9.601652275952E-05   -6.784018619807E-05    0.000000000000E+00
    1.410931081291E+02
    0.000000000000E+00    3.206492363902E-05    9.573000811198E-05
   -3.206492363902E-05    0.000000000000E+00    6.767801001651E-05
   -9.573000811198E-05   -6.767801001651E-05    0.000000000000E+00
    1.412612262043E+02
    0.000000000000E+00    3.196892464850E-05    9.544451782852E-05
   -3.196892464850E-05    0.000000000000E+00    6.751631818468E-05
   -9.544451782852E-05   -6.751631818468E-05    0.000000000000E+00
    1.414294443796E+02
    0.000000000000E+00    3.187327069815E-05    9.516004764582E-05
   -3.187327069815E-05    0.000000000000E+00    6.735510896843E-05
   -9.516004764582E-05   -6.735510896843E-05    0.000000000000E+00
    1.415977626549E+02
    0.000000000000E+00    3.177796034062E-05    9.487659332082E-05
   -3.177796034062E-05    0.000000000000E+00    6.719438064081E-05
   -9.487659332082E-05   -6.719438064081E-05    0.000000000000E+00
    1.417661810304E+02
    0.000000000000E+00    3.168299213550E-05    9.459415063055E-05
   -3.168299213550E-05    0.000000000000E+00    6.703413148208E-05
   -9.459415063055E-05   -6.703413148208E-05    0.000000000000E+00
    1.419346995059E+02
    0.000000000000E+00    3.158836464929E-05    9.431271537204E-05
   -3.158836464929E-05    0.000000000000E+00    6.687435977966E-05
   -9.431271537204E-05   -6.687435977966E-05    0.000000000000E+00
    1.421033180814E+02
    0.000000000000E+00    3.149407645535E-05    9.403228336224E-05
   -3.149407645535E-05    0.000000000000E+00    6.671506382809E-05
   -9.403228336224E-05   -6.671506382809E-05    0.000000000000E+00
    1.422720367571E+02
    0.000000000000E+00    3.140012613386E-05    9.375285043785E-05
   -3.140012613386E-05    0.000000000000E+00    6.655624192904E-05
   -9.375285043785E-05   -6.655624192904E-05    0.000000000000E+00
    1.424408555328E+02
    0.000000000000E+00    3.130651227181E-05    9.347441245531E-05
   -3.130651227181E-05    0.000000000000E+00    6.639789239122E-05
   -9.347441245531E-05   -6.639789239122E-05    0.000000000000E+00
    1.426097744086E+02
    0.000000000000E+00    3.121323346294E-05    9.319696529060E-05
   -3.121323346294E-05    0.000000000000E+00    6.624001353036E-05
   -9.319696529060E-05   -6.624001353036E-05    0.000000000000E+00
    1.427787933845E+02
    0.000000000000E+00    3.112028830770E-05    9.292050483919E-05
   -3.112028830770E-05    0.000000000000E+00    6.608260366920E-05
   -9.292050483919E-05   -6.608260366920E-05    0.000000000000E+00
    1.429479124605E+02
    0.000000000000E+00    3.102767541322E-05    9.264502701594E-05
   -3.102767541322E-05    0.000000000000E+00    6.592566113746E-05
   -9.264502701594E-05   -6.592566113746E-05    0.000000000000E+00
    1.431171316365E+02
    0.000000000000E+00    3.093539339331E-05    9.237052775496E-05
   -3.093539339331E-05    0.000000000000E+00    6.576918427175E-05
   -9.237052775496E-05   -6.576918427175E-05    0.000000000000E+00
    1.432864509126E+02
    0.000000000000E+00    3.084344086835E-05    9.209700300956E-05
   -3.084344086835E-05    0.000000000000E+00    6.561317141562E-05
   -9.209700300956E-05   -6.561317141562E-05    0.000000000000E+00
    1.434558702888E+02
    0.000000000000E+00    3.075181646532E-05    9.182444875208E-05
   -3.075181646532E-05    0.000000000000E+00    6.545762091945E-05
   -9.182444875208E-05   -6.545762091945E-05    0.000000000000E+00
    1.436253897650E+02
    0.000000000000E+00    3.066051881773E-05    9.155286097387E-05
   -3.066051881773E-05    0.000000000000E+00    6.530253114047E-05
   -9.155286097387E-05   -6.530253114047E-05    0.000000000000E+00
    1.437950093413E+02
    0.000000000000E+00    3.056954656560E-05    9.128223568512E-05
   -3.056954656560E-05    0.000000000000E+00    6.514790044271E-05
   -9.128223568512E-05   -6.514790044271E-05    0.000000000000E+00
    1.439647290177E+02
    0.000000000000E+00    3.047889835542E-05    9.101256891481E-05
   -3.047889835542E-05    0.000000000000E+00    6.499372719696E-05
   -9.101256891481E-05   -6.499372719696E-05    0.000000000000E+00
    1.441345487942E+02
    0.000000000000E+00    3.038857284012E-05    9.074385671057E-05
   -3.038857284012E-05    0.000000000000E+00    6.484000978076E-05
   -9.074385671057E-05   -6.484000978076E-05    0.000000000000E+00
    1.443044686708E+02
    0.000000000000E+00    3.029856867902E-05    9.047609513863E-05
   -3.029856867902E-05    0.000000000000E+00    6.468674657834E-05
   -9.047609513863E-05   -6.468674657834E-05    0.000000000000E+00
    1.444744886474E+02
    0.000000000000E+00    3.020888453782E-05    9.020928028365E-05
   -3.020888453782E-05    0.000000000000E+00    6.453393598060E-05
   -9.020928028365E-05   -6.453393598060E-05    0.000000000000E+00
    1.446446087241E+02
    0.000000000000E+00    3.011951908855E-05    8.994340824872E-05
   -3.011951908855E-05    0.000000000000E+00    6.438157638511E-05
   -8.994340824872E-05   -6.438157638511E-05    0.000000000000E+00
    1.448148289008E+02
    0.000000000000E+00    3.003047100954E-05    8.967847515516E-05
   -3.003047100954E-05    0.000000000000E+00    6.422966619601E-05
   -8.967847515516E-05   -6.422966619601E-05    0.000000000000E+00
    1.449851491777E+02
    0.000000000000E+00    2.994173898538E-05    8.941447714252E-05
   -2.994173898538E-05    0.000000000000E+00    6.407820382404E-05
   -8.941447714252E-05   -6.407820382404E-05    0.000000000000E+00
    1.451555695546E+02
    0.000000000000E+00    2.985332170690E-05    8.915141036841E-05
   -2.985332170690E-05    0.000000000000E+00    6.392718768649E-05
   -8.915141036841E-05   -6.392718768649E-05    0.000000000000E+00
    1.453260900316E+02
    0.000000000000E+00    2.976521787112E-05    8.888927100844E-05
   -2.976521787112E-05    0.000000000000E+00    6.377661620717E-05
   -8.888927100844E-05   -6.377661620717E-05    0.000000000000E+00
    1.454967106087E+02
    0.000000000000E+00    2.967742618123E-05    8.862805525611E-05
   -2.967742618123E-05    0.000000000000E+00    6.362648781636E-05
   -8.862805525611E-05   -6.362648781636E-05    0.000000000000E+00
    1.456674312858E+02
    0.000000000000E+00    2.958994534657E-05    8.836775932275E-05
   -2.958994534657E-05    0.000000000000E+00    6.347680095081E-05
   -8.836775932275E-05   -6.347680095081E-05    0.000000000000E+00
    1.458382520630E+02
    0.000000000000E+00    2.950277408255E-05    8.810837943738E-05
   -2.950277408255E-05    0.000000000000E+00    6.332755405369E-05
   -8.810837943738E-05   -6.332755405369E-05    0.000000000000E+00
    1.460091729403E+02
    0.000000000000E+00    2.941591111067E-05    8.784991184665E-05
   -2.941591111067E-05    0.000000000000E+00    6.317874557457E-05
   -8.784991184665E-05   -6.317874557457E-05    0.000000000000E+00
    1.461801939177E+02
    0.000000000000E+00    2.932935515846E-05    8.759235281472E-05
   -2.932935515846E-05    0.000000000000E+00    6.303037396938E-05
   -8.759235281472E-05   -6.303037396938E-05    0.000000000000E+00
    1.463513149951E+02
    0.000000000000E+00    2.924310495946E-05    8.733569862322E-05
   -2.924310495946E-05    0.000000000000E+00    6.288243770038E-05
   -8.733569862322E-05   -6.288243770038E-05    0.000000000000E+00
    1.465225361727E+02
    0.000000000000E+00    2.915715925318E-05    8.707994557109E-05
   -2.915715925318E-05    0.000000000000E+00    6.273493523617E-05
   -8.707994557109E-05   -6.273493523617E-05    0.000000000000E+00
    1.466938574503E+02
    0.000000000000E+00    2.907151678505E-05    8.682508997453E-05
   -2.907151678505E-05    0.000000000000E+00    6.258786505158E-05
   -8.682508997453E-05   -6.258786505158E-05    0.000000000000E+00
    1.468652788279E+02
    0.000000000000E+00    2.898617630643E-05    8.657112816691E-05
   -2.898617630643E-05    0.000000000000E+00    6.244122562771E-05
   -8.657112816691E-05   -6.244122562771E-05    0.000000000000E+00
    1.470368003057E+02
    0.000000000000E+00    2.890113657457E-05    8.631805649868E-05
   -2.890113657457E-05    0.000000000000E+00    6.229501545189E-05
   -8.631805649868E-05   -6.229501545189E-05    0.000000000000E+00
    1.472084218835E+02
    0.000000000000E+00    2.881639635253E-05    8.606587133727E-05
   -2.881639635253E-05    0.000000000000E+00    6.214923301762E-05
   -8.606587133727E-05   -6.214923301762E-05    0.000000000000E+00
    1.473801435614E+02
    0.000000000000E+00    2.873195440922E-05    8.581456906699E-05
   -2.873195440922E-05    0.000000000000E+00    6.200387682457E-05
   -8.581456906699E-05   -6.200387682457E-05    0.000000000000E+00
    1.475519653393E+02
    0.000000000000E+00    2.864780951932E-05    8.556414608897E-05
   -2.864780951932E-05    0.000000000000E+00    6.185894537853E-05
   -8.556414608897E-05   -6.185894537853E-05    0.000000000000E+00
    1.477238872174E+02
    0.000000000000E+00    2.856396046325E-05    8.531459882106E-05
   -2.856396046325E-05    0.000000000000E+00    6.171443719140E-05
   -8.531459882106E-05   -6.171443719140E-05    0.000000000000E+00
    1.478959091955E+02
    0.000000000000E+00    2.848040602718E-05    8.506592369774E-05
   -2.848040602718E-05    0.000000000000E+00    6.157035078117E-05
   -8.506592369774E-05   -6.157035078117E-05    0.000000000000E+00
    1.480680312737E+02
    0.000000000000E+00    2.839714500296E-05    8.481811717005E-05
   -2.839714500296E-05    0.000000000000E+00    6.142668467186E-05
   -8.481811717005E-05   -6.142668467186E-05    0.000000000000E+00
    1.482402534519E+02
    0.000000000000E+00    2.831417618810E-05    8.457117570548E-05
   -2.831417618810E-05    0.000000000000E+00    6.128343739349E-05
   -8.457117570548E-05   -6.128343739349E-05    0.000000000000E+00
    1.484125757303E+02
    0.000000000000E+00    2.823149838576E-05    8.432509578787E-05
   -2.823149838576E-05    0.000000000000E+00    6.114060748212E-05
   -8.432509578787E-05   -6.114060748212E-05    0.000000000000E+00
    1.485849981087E+02
    0.000000000000E+00    2.814911040469E-05    8.407987391740E-05
   -2.814911040469E-05    0.000000000000E+00    6.099819347972E-05
   -8.407987391740E-05   -6.099819347972E-05    0.000000000000E+00
    1.487575205872E+02
    0.000000000000E+00    2.806701105920E-05    8.383550661041E-05
   -2.806701105920E-05    0.000000000000E+00    6.085619393422E-05
   -8.383550661041E-05   -6.085619393422E-05    0.000000000000E+00
    1.489301431657E+02
    0.000000000000E+00    2.798519916919E-05    8.359199039939E-05
   -2.798519916919E-05    0.000000000000E+00    6.071460739946E-05
   -8.359199039939E-05   -6.071460739946E-05    0.000000000000E+00
    1.491028658444E+02
    0.000000000000E+00    2.790367356002E-05    8.334932183285E-05
   -2.790367356002E-05    0.000000000000E+00    6.057343243516E-05
   -8.334932183285E-05   -6.057343243516E-05    0.000000000000E+00
    1.492756886231E+02
    0.000000000000E+00    2.782243306259E-05    8.310749747526E-05
   -2.782243306259E-05    0.000000000000E+00    6.043266760687E-05
   -8.310749747526E-05   -6.043266760687E-05    0.000000000000E+00
    1.494486115019E+02
    0.000000000000E+00    2.774147651321E-05    8.286651390696E-05
   -2.774147651321E-05    0.000000000000E+00    6.029231148599E-05
   -8.286651390696E-05   -6.029231148599E-05    0.000000000000E+00
    1.496216344807E+02
    0.000000000000E+00    2.766080275366E-05    8.262636772409E-05
   -2.766080275366E-05    0.000000000000E+00    6.015236264971E-05
   -8.262636772409E-05   -6.015236264971E-05    0.000000000000E+00
    1.497947575596E+02
    0.000000000000E+00    2.758041063110E-05    8.238705553848E-05
   -2.758041063110E-05    0.000000000000E+00    6.001281968099E-05
   -8.238705553848E-05   -6.001281968099E-05    0.000000000000E+00
    1.499679807387E+02
    0.000000000000E+00    2.750029899806E-05    8.214857397760E-05
   -2.750029899806E-05    0.000000000000E+00    5.987368116853E-05
   -8.214857397760E-05   -5.987368116853E-05    0.000000000000E+00
    1.501413040177E+02
    0.000000000000E+00    2.742046671243E-05    8.191091968446E-05
   -2.742046671243E-05    0.000000000000E+00    5.973494570675E-05
   -8.191091968446E-05   -5.973494570675E-05    0.000000000000E+00
    1.503147273969E+02
    0.000000000000E+00    2.734091263739E-05    8.167408931752E-05
   -2.734091263739E-05    0.000000000000E+00    5.959661189578E-05
   -8.167408931752E-05   -5.959661189578E-05    0.000000000000E+00
    1.504882508761E+02
    0.000000000000E+00    2.726163564144E-05    8.143807955066E-05
   -2.726163564144E-05    0.000000000000E+00    5.945867834140E-05
   -8.143807955066E-05   -5.945867834140E-05    0.000000000000E+00
    1.506618744554E+02
    0.000000000000E+00    2.718263459832E-05    8.120288707304E-05
   -2.718263459832E-05    0.000000000000E+00    5.932114365501E-05
   -8.120288707304E-05   -5.932114365501E-05    0.000000000000E+00
    1.508355981348E+02
    0.000000000000E+00    2.710390838701E-05    8.096850858905E-05
   -2.710390838701E-05    0.000000000000E+00    5.918400645366E-05
   -8.096850858905E-05   -5.918400645366E-05    0.000000000000E+00
    1.510094219143E+02
    0.000000000000E+00    2.702545589169E-05    8.073494081823E-05
   -2.702545589169E-05    0.000000000000E+00    5.904726535996E-05
   -8.073494081823E-05   -5.904726535996E-05    0.000000000000E+00
    1.511833457938E+02
    0.000000000000E+00    2.694727600173E-05    8.050218049519E-05
   -2.694727600173E-05    0.000000000000E+00    5.891091900209E-05
   -8.050218049519E-05   -5.891091900209E-05    0.000000000000E+00
    1.513573697734E+02
    0.000000000000E+00    2.686936761164E-05    8.027022436954E-05
   -2.686936761164E-05    0.000000000000E+00    5.877496601378E-05
   -8.027022436954E-05   -5.877496601378E-05    0.000000000000E+00
    1.515314938531E+02
    0.000000000000E+00    2.679172962107E-05    8.003906920579E-05
   -2.679172962107E-05    0.000000000000E+00    5.863940503425E-05
   -8.003906920579E-05   -5.863940503425E-05    0.000000000000E+00
    1.517057180328E+02
    0.000000000000E+00    2.671436093474E-05    7.980871178331E-05
   -2.671436093474E-05    0.000000000000E+00    5.850423470821E-05
   -7.980871178331E-05   -5.850423470821E-05    0.000000000000E+00
    1.518800423127E+02
    0.000000000000E+00    2.663726046248E-05    7.957914889620E-05
   -2.663726046248E-05    0.000000000000E+00    5.836945368584E-05
   -7.957914889620E-05   -5.836945368584E-05    0.000000000000E+00
    1.520544666926E+02
    0.000000000000E+00    2.656042711913E-05    7.935037735329E-05
   -2.656042711913E-05    0.000000000000E+00    5.823506062274E-05
   -7.935037735329E-05   -5.823506062274E-05    0.000000000000E+00
    1.522289911725E+02
    0.000000000000E+00    2.648385982457E-05    7.912239397799E-05
   -2.648385982457E-05    0.000000000000E+00    5.810105417993E-05
   -7.912239397799E-05   -5.810105417993E-05    0.000000000000E+00
    1.524036157526E+02
    0.000000000000E+00    2.640755750367E-05    7.889519560824E-05
   -2.640755750367E-05    0.000000000000E+00    5.796743302381E-05
   -7.889519560824E-05   -5.796743302381E-05    0.000000000000E+00
    1.525783404327E+02
    0.000000000000E+00    2.633151908625E-05    7.866877909648E-05
   -2.633151908625E-05    0.000000000000E+00    5.783419582615E-05
   -7.866877909648E-05   -5.783419582615E-05    0.000000000000E+00
    1.527531652129E+02
    0.000000000000E+00    2.625574350709E-05    7.844314130949E-05
   -2.625574350709E-05    0.000000000000E+00    5.770134126404E-05
   -7.844314130949E-05   -5.770134126404E-05    0.000000000000E+00
    1.529280900932E+02
    0.000000000000E+00    2.618022970589E-05    7.821827912839E-05
   -2.618022970589E-05    0.000000000000E+00    5.756886801989E-05
   -7.821827912839E-05   -5.756886801989E-05    0.000000000000E+00
    1.531031150735E+02
    0.000000000000E+00    2.610497662721E-05    7.799418944854E-05
   -2.610497662721E-05    0.000000000000E+00    5.743677478139E-05
   -7.799418944854E-05   -5.743677478139E-05    0.000000000000E+00
    1.532782401540E+02
    0.000000000000E+00    2.602998322051E-05    7.777086917947E-05
   -2.602998322051E-05    0.000000000000E+00    5.730506024152E-05
   -7.777086917947E-05   -5.730506024152E-05    0.000000000000E+00
    1.534534653345E+02
    0.000000000000E+00    2.595524844005E-05    7.754831524479E-05
   -2.595524844005E-05    0.000000000000E+00    5.717372309845E-05
   -7.754831524479E-05   -5.717372309845E-05    0.000000000000E+00
    1.536287906150E+02
    0.000000000000E+00    2.588077124495E-05    7.732652458214E-05
   -2.588077124495E-05    0.000000000000E+00    5.704276205561E-05
   -7.732652458214E-05   -5.704276205561E-05    0.000000000000E+00
    1.538042159957E+02
    0.000000000000E+00    2.580655059909E-05    7.710549414311E-05
   -2.580655059909E-05    0.000000000000E+00    5.691217582160E-05
   -7.710549414311E-05   -5.691217582160E-05    0.000000000000E+00
    1.539797414764E+02
    0.000000000000E+00    2.573258547110E-05    7.688522089318E-05
   -2.573258547110E-05    0.000000000000E+00    5.678196311018E-05
   -7.688522089318E-05   -5.678196311018E-05    0.000000000000E+00
    1.541553670572E+02
    0.000000000000E+00    2.565887483439E-05    7.666570181163E-05
   -2.565887483439E-05    0.000000000000E+00    5.665212264028E-05
   -7.666570181163E-05   -5.665212264028E-05    0.000000000000E+00
    1.543310927381E+02
    0.000000000000E+00    2.558541766706E-05    7.644693389147E-05
   -2.558541766706E-05    0.000000000000E+00    5.652265313591E-05
   -7.644693389147E-05   -5.652265313591E-05    0.000000000000E+00
    1.545069185190E+02
    0.000000000000E+00    2.551221295190E-05    7.622891413939E-05
   -2.551221295190E-05    0.000000000000E+00    5.639355332623E-05
   -7.622891413939E-05   -5.639355332623E-05    0.000000000000E+00
    1.546828444000E+02
    0.000000000000E+00    2.543925967637E-05    7.601163957568E-05
   -2.543925967637E-05    0.000000000000E+00    5.626482194541E-05
   -7.601163957568E-05   -5.626482194541E-05    0.000000000000E+00
    1.548588703811E+02
    0.000000000000E+00    2.536655683258E-05    7.579510723416E-05
   -2.536655683258E-05    0.000000000000E+00    5.613645773273E-05
   -7.579510723416E-05   -5.613645773273E-05    0.000000000000E+00
    1.550349964623E+02
    0.000000000000E+00    2.529410341725E-05    7.557931416210E-05
   -2.529410341725E-05    0.000000000000E+00    5.600845943246E-05
   -7.557931416210E-05   -5.600845943246E-05    0.000000000000E+00
    1.552112226436E+02
    0.000000000000E+00    2.522189843170E-05    7.536425742016E-05
   -2.522189843170E-05    0.000000000000E+00    5.588082579389E-05
   -7.536425742016E-05   -5.588082579389E-05    0.000000000000E+00
    1.553875489249E+02
    0.000000000000E+00    2.514994088181E-05    7.514993408235E-05
   -2.514994088181E-05    0.000000000000E+00    5.575355557128E-05
   -7.514993408235E-05   -5.575355557128E-05    0.000000000000E+00
    1.555639753063E+02
    0.000000000000E+00    2.507822977802E-05    7.493634123591E-05
   -2.507822977802E-05    0.000000000000E+00    5.562664752386E-05
   -7.493634123591E-05   -5.562664752386E-05    0.000000000000E+00
    1.557405017877E+02
    0.000000000000E+00    2.500676413530E-05    7.472347598127E-05
   -2.500676413530E-05    0.000000000000E+00    5.550010041579E-05
   -7.472347598127E-05   -5.550010041579E-05    0.000000000000E+00
    1.559171283693E+02
    0.000000000000E+00    2.493554297309E-05    7.451133543199E-05
   -2.493554297309E-05    0.000000000000E+00    5.537391301616E-05
   -7.451133543199E-05   -5.537391301616E-05    0.000000000000E+00
    1.560938550509E+02
    0.000000000000E+00    2.486456531534E-05    7.429991671470E-05
   -2.486456531534E-05    0.000000000000E+00    5.524808409892E-05
   -7.429991671470E-05   -5.524808409892E-05    0.000000000000E+00
    1.562706818326E+02
    0.000000000000E+00    2.479383019044E-05    7.408921696899E-05
   -2.479383019044E-05    0.000000000000E+00    5.512261244293E-05
   -7.408921696899E-05   -5.512261244293E-05    0.000000000000E+00
    1.564476087144E+02
    0.000000000000E+00    2.472333663122E-05    7.387923334738E-05
   -2.472333663122E-05    0.000000000000E+00    5.499749683185E-05
   -7.387923334738E-05   -5.499749683185E-05    0.000000000000E+00
    1.566246356962E+02
    0.000000000000E+00    2.465308367491E-05    7.366996301527E-05
   -2.465308367491E-05    0.000000000000E+00    5.487273605421E-05
   -7.366996301527E-05   -5.487273605421E-05    0.000000000000E+00
    1.568017627781E+02
    0.000000000000E+00    2.458307036313E-05    7.346140315083E-05
   -2.458307036313E-05    0.000000000000E+00    5.474832890333E-05
   -7.346140315083E-05   -5.474832890333E-05    0.000000000000E+00
    1.569789899601E+02
    0.000000000000E+00    2.451329574186E-05    7.325355094496E-05
   -2.451329574186E-05    0.000000000000E+00    5.462427417729E-05
   -7.325355094496E-05   -5.462427417729E-05    0.000000000000E+00
    1.571563172422E+02
    0.000000000000E+00    2.444375886142E-05    7.304640360123E-05
   -2.444375886142E-05    0.000000000000E+00    5.450057067896E-05
   -7.304640360123E-05   -5.450057067896E-05    0.000000000000E+00
    1.573337446243E+02
    0.000000000000E+00    2.437445877647E-05    7.283995833581E-05
   -2.437445877647E-05    0.000000000000E+00    5.437721721593E-05
   -7.283995833581E-05   -5.437721721593E-05    0.000000000000E+00
    1.575112721065E+02
    0.000000000000E+00    2.430539454595E-05    7.263421237741E-05
   -2.430539454595E-05    0.000000000000E+00    5.425421260053E-05
   -7.263421237741E-05   -5.425421260053E-05    0.000000000000E+00
    1.576888996888E+02
    0.000000000000E+00    2.423656523306E-05    7.242916296719E-05
   -2.423656523306E-05    0.000000000000E+00    5.413155564975E-05
   -7.242916296719E-05   -5.413155564975E-05    0.000000000000E+00
    1.578666273712E+02
    0.000000000000E+00    2.416796990529E-05    7.222480735874E-05
   -2.416796990529E-05    0.000000000000E+00    5.400924518528E-05
   -7.222480735874E-05   -5.400924518528E-05    0.000000000000E+00
    1.580444551536E+02
    0.000000000000E+00    2.409960763433E-05    7.202114281800E-05
   -2.409960763433E-05    0.000000000000E+00    5.388728003347E-05
   -7.202114281800E-05   -5.388728003347E-05    0.000000000000E+00
    1.582223830361E+02
    0.000000000000E+00    2.403147749610E-05    7.181816662318E-05
   -2.403147749610E-05    0.000000000000E+00    5.376565902529E-05
   -7.181816662318E-05   -5.376565902529E-05    0.000000000000E+00
    1.584004110187E+02
    0.000000000000E+00    2.396357857069E-05    7.161587606472E-05
   -2.396357857069E-05    0.000000000000E+00    5.364438099632E-05
   -7.161587606472E-05   -5.364438099632E-05    0.000000000000E+00
    1.585785391014E+02
    0.000000000000E+00    2.389590994238E-05    7.141426844523E-05
   -2.389590994238E-05    0.000000000000E+00    5.352344478674E-05
   -7.141426844523E-05   -5.352344478674E-05    0.000000000000E+00
    1.587567672841E+02
    0.000000000000E+00    2.382847069958E-05    7.121334107939E-05
   -2.382847069958E-05    0.000000000000E+00    5.340284924130E-05
   -7.121334107939E-05   -5.340284924130E-05    0.000000000000E+00
    1.589350955669E+02
    0.000000000000E+00    2.376125993483E-05    7.101309129396E-05
   -2.376125993483E-05    0.000000000000E+00    5.328259320928E-05
   -7.101309129396E-05   -5.328259320928E-05    0.000000000000E+00
    1.591135239498E+02
    0.000000000000E+00    2.369427674477E-05    7.081351642765E-05
   -2.369427674477E-05    0.000000000000E+00    5.316267554453E-05
   -7.081351642765E-05   -5.316267554453E-05    0.000000000000E+00
    1.592920524328E+02
    0.000000000000E+00    2.362752023012E-05    7.061461383109E-05
   -2.362752023012E-05    0.000000000000E+00    5.304309510537E-05
   -7.061461383109E-05   -5.304309510537E-05    0.000000000000E+00
    1.594706810158E+02
    0.000000000000E+00    2.356098949568E-05    7.041638086678E-05
   -2.356098949568E-05    0.000000000000E+00    5.292385075462E-05
   -7.041638086678E-05   -5.292385075462E-05    0.000000000000E+00
    1.596494096989E+02
    0.000000000000E+00    2.349468365026E-05    7.021881490902E-05
   -2.349468365026E-05    0.000000000000E+00    5.280494135960E-05
   -7.021881490902E-05   -5.280494135960E-05    0.000000000000E+00
    1.598282384821E+02
    0.000000000000E+00    2.342860180674E-05    7.002191334383E-05
   -2.342860180674E-05    0.000000000000E+00    5.268636579203E-05
   -7.002191334383E-05   -5.268636579203E-05    0.000000000000E+00
    1.600071673653E+02
    0.000000000000E+00    2.336274308194E-05    6.982567356894E-05
   -2.336274308194E-05    0.000000000000E+00    5.256812292808E-05
   -6.982567356894E-05   -5.256812292808E-05    0.000000000000E+00
    1.601861963487E+02
    0.000000000000E+00    2.329710659672E-05    6.963009299367E-05
   -2.329710659672E-05    0.000000000000E+00    5.245021164835E-05
   -6.963009299367E-05   -5.245021164835E-05    0.000000000000E+00
    1.603653254321E+02
    0.000000000000E+00    2.323169147585E-05    6.943516903894E-05
   -2.323169147585E-05    0.000000000000E+00    5.233263083780E-05
   -6.943516903894E-05   -5.233263083780E-05    0.000000000000E+00
    1.605445546156E+02
    0.000000000000E+00    2.316649684806E-05    6.924089913714E-05
   -2.316649684806E-05    0.000000000000E+00    5.221537938577E-05
   -6.924089913714E-05   -5.221537938577E-05    0.000000000000E+00
    1.607238838991E+02
    0.000000000000E+00    2.310152184602E-05    6.904728073213E-05
   -2.310152184602E-05    0.000000000000E+00    5.209845618594E-05
   -6.904728073213E-05   -5.209845618594E-05    0.000000000000E+00
    1.609033132827E+02
    0.000000000000E+00    2.303676560627E-05    6.885431127916E-05
   -2.303676560627E-05    0.000000000000E+00    5.198186013635E-05
   -6.885431127916E-05   -5.198186013635E-05    0.000000000000E+00
    1.610828427664E+02
    0.000000000000E+00    2.297222726924E-05    6.866198824481E-05
   -2.297222726924E-05    0.000000000000E+00    5.186559013933E-05
   -6.866198824481E-05   -5.186559013933E-05    0.000000000000E+00
    1.612624723502E+02
    0.000000000000E+00    2.290790597923E-05    6.847030910694E-05
   -2.290790597923E-05    0.000000000000E+00    5.174964510149E-05
   -6.847030910694E-05   -5.174964510149E-05    0.000000000000E+00
    1.614422020341E+02
    0.000000000000E+00    2.284380088437E-05    6.827927135463E-05
   -2.284380088437E-05    0.000000000000E+00    5.163402393374E-05
   -6.827927135463E-05   -5.163402393374E-05    0.000000000000E+00
    1.616220318180E+02
    0.000000000000E+00    2.277991113661E-05    6.808887248812E-05
   -2.277991113661E-05    0.000000000000E+00    5.151872555122E-05
   -6.808887248812E-05   -5.151872555122E-05    0.000000000000E+00
    1.618019617020E+02
    0.000000000000E+00    2.271623589173E-05    6.789911001877E-05
   -2.271623589173E-05    0.000000000000E+00    5.140374887333E-05
   -6.789911001877E-05   -5.140374887333E-05    0.000000000000E+00
    1.619819916861E+02
    0.000000000000E+00    2.265277430925E-05    6.770998146899E-05
   -2.265277430925E-05    0.000000000000E+00    5.128909282367E-05
   -6.770998146899E-05   -5.128909282367E-05    0.000000000000E+00
    1.621621217702E+02
    0.000000000000E+00    2.258952555249E-05    6.752148437219E-05
   -2.258952555249E-05    0.000000000000E+00    5.117475633004E-05
   -6.752148437219E-05   -5.117475633004E-05    0.000000000000E+00
    1.623423519545E+02
    0.000000000000E+00    2.252648878850E-05    6.733361627271E-05
   -2.252648878850E-05    0.000000000000E+00    5.106073832441E-05
   -6.733361627271E-05   -5.106073832441E-05    0.000000000000E+00
    1.625226822388E+02
    0.000000000000E+00    2.246366318806E-05    6.714637472582E-05
   -2.246366318806E-05    0.000000000000E+00    5.094703774293E-05
   -6.714637472582E-05   -5.094703774293E-05    0.000000000000E+00
    1.627031126231E+02
    0.000000000000E+00    2.240104792565E-05    6.695975729758E-05
   -2.240104792565E-05    0.000000000000E+00    5.083365352587E-05
   -6.695975729758E-05   -5.083365352587E-05    0.000000000000E+00
    1.628836431076E+02
    0.000000000000E+00    2.233864217945E-05    6.677376156485E-05
   -2.233864217945E-05    0.000000000000E+00    5.072058461764E-05
   -6.677376156485E-05   -5.072058461764E-05    0.000000000000E+00
    1.630642736921E+02
    0.000000000000E+00    2.227644513131E-05    6.658838511523E-05
   -2.227644513131E-05    0.000000000000E+00    5.060782996676E-05
   -6.658838511523E-05   -5.060782996676E-05    0.000000000000E+00
    1.632450043767E+02
    0.000000000000E+00    2.221445596673E-05    6.640362554699E-05
   -2.221445596673E-05    0.000000000000E+00    5.049538852580E-05
   -6.640362554699E-05   -5.049538852580E-05    0.000000000000E+00
    1.634258351614E+02
    0.000000000000E+00    2.215267387483E-05    6.621948046900E-05
   -2.215267387483E-05    0.000000000000E+00    5.038325925144E-05
   -6.621948046900E-05   -5.038325925144E-05    0.000000000000E+00
    1.636067660461E+02
    0.000000000000E+00    2.209109804837E-05    6.603594750072E-05
   -2.209109804837E-05    0.000000000000E+00    5.027144110440E-05
   -6.603594750072E-05   -5.027144110440E-05    0.000000000000E+00
    1.637877970310E+02
    0.000000000000E+00    2.202972768370E-05    6.585302427213E-05
   -2.202972768370E-05    0.000000000000E+00    5.015993304941E-05
   -6.585302427213E-05   -5.015993304941E-05    0.000000000000E+00
    1.639689281159E+02
    0.000000000000E+00    2.196856198073E-05    6.567070842366E-05
   -2.196856198073E-05    0.000000000000E+00    5.004873405524E-05
   -6.567070842366E-05   -5.004873405524E-05    0.000000000000E+00
    1.641501593008E+02
    0.000000000000E+00    2.190760014295E-05    6.548899760617E-05
   -2.190760014295E-05    0.000000000000E+00    4.993784309466E-05
   -6.548899760617E-05   -4.993784309466E-05    0.000000000000E+00
    1.643314905859E+02
    0.000000000000E+00    2.184684137740E-05    6.530788948087E-05
   -2.184684137740E-05    0.000000000000E+00    4.982725914439E-05
   -6.530788948087E-05   -4.982725914439E-05    0.000000000000E+00
    1.645129219710E+02
    0.000000000000E+00    2.178628489463E-05    6.512738171928E-05
   -2.178628489463E-05    0.000000000000E+00    4.971698118513E-05
   -6.512738171928E-05   -4.971698118513E-05    0.000000000000E+00
    1.646944534562E+02
    0.000000000000E+00    2.172592990871E-05    6.494747200319E-05
   -2.172592990871E-05    0.000000000000E+00    4.960700820154E-05
   -6.494747200319E-05   -4.960700820154E-05    0.000000000000E+00
    1.648760850415E+02
    0.000000000000E+00    2.166577563718E-05    6.476815802458E-05
   -2.166577563718E-05    0.000000000000E+00    4.949733918218E-05
   -6.476815802458E-05   -4.949733918218E-05    0.000000000000E+00
    1.650578167268E+02
    0.000000000000E+00    2.160582130108E-05    6.458943748560E-05
   -2.160582130108E-05    0.000000000000E+00    4.938797311952E-05
   -6.458943748560E-05   -4.938797311952E-05    0.000000000000E+00
    1.652396485122E+02
    0.000000000000E+00    2.154606612489E-05    6.441130809851E-05
   -2.154606612489E-05    0.000000000000E+00    4.927890900996E-05
   -6.441130809851E-05   -4.927890900996E-05    0.000000000000E+00
    1.654215803977E+02
    0.000000000000E+00    2.148650933654E-05    6.423376758563E-05
   -2.148650933654E-05    0.000000000000E+00    4.917014585372E-05
   -6.423376758563E-05   -4.917014585372E-05    0.000000000000E+00
    1.656036123833E+02
    0.000000000000E+00    2.142715016736E-05    6.405681367927E-05
   -2.142715016736E-05    0.000000000000E+00    4.906168265491E-05
   -6.405681367927E-05   -4.906168265491E-05    0.000000000000E+00
    1.657857444689E+02
    0.000000000000E+00    2.136798785211E-05    6.388044412172E-05
   -2.136798785211E-05    0.000000000000E+00    4.895351842149E-05
   -6.388044412172E-05   -4.895351842149E-05    0.000000000000E+00
    1.659679766547E+02
    0.000000000000E+00    2.130902162892E-05    6.370465666517E-05
   -2.130902162892E-05    0.000000000000E+00    4.884565216522E-05
   -6.370465666517E-05   -4.884565216522E-05    0.000000000000E+00
    1.661503089404E+02
    0.000000000000E+00    2.125025073931E-05    6.352944907168E-05
   -2.125025073931E-05    0.000000000000E+00    4.873808290167E-05
   -6.352944907168E-05   -4.873808290167E-05    0.000000000000E+00
    1.663327413263E+02
    0.000000000000E+00    2.119167442812E-05    6.335481911311E-05
   -2.119167442812E-05    0.000000000000E+00    4.863080965023E-05
   -6.335481911311E-05   -4.863080965023E-05    0.000000000000E+00
    1.665152738123E+02
    0.000000000000E+00    2.113329194356E-05    6.318076457108E-05
   -2.113329194356E-05    0.000000000000E+00    4.852383143402E-05
   -6.318076457108E-05   -4.852383143402E-05    0.000000000000E+00
    1.666979063983E+02
    0.000000000000E+00    2.107510253715E-05    6.300728323696E-05
   -2.107510253715E-05    0.000000000000E+00    4.841714727994E-05
   -6.300728323696E-05   -4.841714727994E-05    0.000000000000E+00
    1.668806390844E+02
    0.000000000000E+00    2.101710546370E-05    6.283437291174E-05
   -2.101710546370E-05    0.000000000000E+00    4.831075621865E-05
   -6.283437291174E-05   -4.831075621865E-05    0.000000000000E+00
    1.670634718705E+02
    0.000000000000E+00    2.095929998134E-05    6.266203140607E-05
   -2.095929998134E-05    0.000000000000E+00    4.820465728449E-05
   -6.266203140607E-05   -4.820465728449E-05    0.000000000000E+00
    1.672464047568E+02
    0.000000000000E+00    2.090168535143E-05    6.249025654017E-05
   -2.090168535143E-05    0.000000000000E+00    4.809884951555E-05
   -6.249025654017E-05   -4.809884951555E-05    0.000000000000E+00
    1.674294377431E+02
    0.000000000000E+00    2.084426083862E-05    6.231904614376E-05
   -2.084426083862E-05    0.000000000000E+00    4.799333195358E-05
   -6.231904614376E-05   -4.799333195358E-05    0.000000000000E+00
    1.676125708295E+02
    0.000000000000E+00    2.078702571078E-05    6.214839805606E-05
   -2.078702571078E-05    0.000000000000E+00    4.788810364403E-05
   -6.214839805606E-05   -4.788810364403E-05    0.000000000000E+00
    1.677958040159E+02
    0.000000000000E+00    2.072997923900E-05    6.197831012572E-05
   -2.072997923900E-05    0.000000000000E+00    4.778316363599E-05
   -6.197831012572E-05   -4.778316363599E-05    0.000000000000E+00
    1.679791373025E+02
    0.000000000000E+00    2.067312069760E-05    6.180878021079E-05
   -2.067312069760E-05    0.000000000000E+00    4.767851098221E-05
   -6.180878021079E-05   -4.767851098221E-05    0.000000000000E+00
    1.681625706891E+02
    0.000000000000E+00    2.061644936408E-05    6.163980617865E-05
   -2.061644936408E-05    0.000000000000E+00    4.757414473905E-05
   -6.163980617865E-05   -4.757414473905E-05    0.000000000000E+00
    1.683461041758E+02
    0.000000000000E+00    2.055996451909E-05    6.147138590596E-05
   -2.055996451909E-05    0.000000000000E+00    4.747006396651E-05
   -6.147138590596E-05   -4.747006396651E-05    0.000000000000E+00
    1.685297377625E+02
    0.000000000000E+00    2.050366544647E-05    6.130351727866E-05
   -2.050366544647E-05    0.000000000000E+00    4.736626772815E-05
   -6.130351727866E-05   -4.736626772815E-05    0.000000000000E+00
    1.687134714494E+02
    0.000000000000E+00    2.044755143320E-05    6.113619819188E-05
   -2.044755143320E-05    0.000000000000E+00    4.726275509113E-05
   -6.113619819188E-05   -4.726275509113E-05    0.000000000000E+00
    1.688973052363E+02
    0.000000000000E+00    2.039162176938E-05    6.096942654991E-05
   -2.039162176938E-05    0.000000000000E+00    4.715952512618E-05
   -6.096942654991E-05   -4.715952512618E-05    0.000000000000E+00
    1.690812391233E+02
    0.000000000000E+00    2.033587574823E-05    6.080320026615E-05
   -2.033587574823E-05    0.000000000000E+00    4.705657690756E-05
   -6.080320026615E-05   -4.705657690756E-05    0.000000000000E+00
    1.692652731103E+02
    0.000000000000E+00    2.028031266606E-05    6.063751726310E-05
   -2.028031266606E-05    0.000000000000E+00    4.695390951309E-05
   -6.063751726310E-05   -4.695390951309E-05    0.000000000000E+00
    1.694494071974E+02
    0.000000000000E+00    2.022493182226E-05    6.047237547224E-05
   -2.022493182226E-05    0.000000000000E+00    4.685152202409E-05
   -6.047237547224E-05   -4.685152202409E-05    0.000000000000E+00
    1.696336413847E+02
    0.000000000000E+00    2.016973251930E-05    6.030777283408E-05
   -2.016973251930E-05    0.000000000000E+00    4.674941352537E-05
   -6.030777283408E-05   -4.674941352537E-05    0.000000000000E+00
    1.698179756719E+02
    0.000000000000E+00    2.011471406269E-05    6.014370729803E-05
   -2.011471406269E-05    0.000000000000E+00    4.664758310526E-05
   -6.014370729803E-05   -4.664758310526E-05    0.000000000000E+00
    1.700024100593E+02
    0.000000000000E+00    2.005987576099E-05    5.998017682242E-05
   -2.005987576099E-05    0.000000000000E+00    4.654602985555E-05
   -5.998017682242E-05   -4.654602985555E-05    0.000000000000E+00
    1.701869445467E+02
    0.000000000000E+00    2.000521692578E-05    5.981717937442E-05
   -2.000521692578E-05    0.000000000000E+00    4.644475287147E-05
   -5.981717937442E-05   -4.644475287147E-05    0.000000000000E+00
    1.703715791342E+02
    0.000000000000E+00    1.995073687162E-05    5.965471293002E-05
   -1.995073687162E-05    0.000000000000E+00    4.634375125171E-05
   -5.965471293002E-05   -4.634375125171E-05    0.000000000000E+00
    1.705563138218E+02
    0.000000000000E+00    1.989643491610E-05    5.949277547397E-05
   -1.989643491610E-05    0.000000000000E+00    4.624302409839E-05
   -5.949277547397E-05   -4.624302409839E-05    0.000000000000E+00
    1.707411486095E+02
    0.000000000000E+00    1.984231037977E-05    5.933136499973E-05
   -1.984231037977E-05    0.000000000000E+00    4.614257051702E-05
   -5.933136499973E-05   -4.614257051702E-05    0.000000000000E+00
    1.709260834972E+02
    0.000000000000E+00    1.978836258614E-05    5.917047950947E-05
   -1.978836258614E-05    0.000000000000E+00    4.604238961654E-05
   -5.917047950947E-05   -4.604238961654E-05    0.000000000000E+00
    1.711111184850E+02
    0.000000000000E+00    1.973459086168E-05    5.901011701399E-05
   -1.973459086168E-05    0.000000000000E+00    4.594248050925E-05
   -5.901011701399E-05   -4.594248050925E-05    0.000000000000E+00
    1.712962535729E+02
    0.000000000000E+00    1.968099453578E-05    5.885027553266E-05
   -1.968099453578E-05    0.000000000000E+00    4.584284231083E-05
   -5.885027553266E-05   -4.584284231083E-05    0.000000000000E+00
    1.714814887608E+02
    0.000000000000E+00    1.962757294076E-05    5.869095309343E-05
   -1.962757294076E-05    0.000000000000E+00    4.574347414030E-05
   -5.869095309343E-05   -4.574347414030E-05    0.000000000000E+00
    1.716668240489E+02
    0.000000000000E+00    1.957432541184E-05    5.853214773278E-05
   -1.957432541184E-05    0.000000000000E+00    4.564437512004E-05
   -5.853214773278E-05   -4.564437512004E-05    0.000000000000E+00
    1.718522594370E+02
    0.000000000000E+00    1.952125128714E-05    5.837385749562E-05
   -1.952125128714E-05    0.000000000000E+00    4.554554437572E-05
   -5.837385749562E-05   -4.554554437572E-05    0.000000000000E+00
    1.720377949251E+02
    0.000000000000E+00    1.946834990764E-05    5.821608043533E-05
   -1.946834990764E-05    0.000000000000E+00    4.544698103637E-05
   -5.821608043533E-05   -4.544698103637E-05    0.000000000000E+00
    1.722234305134E+02
    0.000000000000E+00    1.941562061721E-05    5.805881461366E-05
   -1.941562061721E-05    0.000000000000E+00    4.534868423428E-05
   -5.805881461366E-05   -4.534868423428E-05    0.000000000000E+00
    1.724091662017E+02
    0.000000000000E+00    1.936306276254E-05    5.790205810071E-05
   -1.936306276254E-05    0.000000000000E+00    4.525065310502E-05
   -5.790205810071E-05   -4.525065310502E-05    0.000000000000E+00
    1.725950019901E+02
    0.000000000000E+00    1.931067569317E-05    5.774580897491E-05
   -1.931067569317E-05    0.000000000000E+00    4.515288678745E-05
   -5.774580897491E-05   -4.515288678745E-05    0.000000000000E+00
    1.727809378786E+02
    0.000000000000E+00    1.925845876146E-05    5.759006532294E-05
   -1.925845876146E-05    0.000000000000E+00    4.505538442366E-05
   -5.759006532294E-05   -4.505538442366E-05    0.000000000000E+00
    1.729669738672E+02
    0.000000000000E+00    1.920641132258E-05    5.743482523972E-05
   -1.920641132258E-05    0.000000000000E+00    4.495814515901E-05
   -5.743482523972E-05   -4.495814515901E-05    0.000000000000E+00
    1.731531099558E+02
    0.000000000000E+00    1.915453273449E-05    5.728008682834E-05
   -1.915453273449E-05    0.000000000000E+00    4.486116814206E-05
   -5.728008682834E-05   -4.486116814206E-05    0.000000000000E+00
    1.733393461445E+02
    0.000000000000E+00    1.910282235792E-05    5.712584820008E-05
   -1.910282235792E-05    0.000000000000E+00    4.476445252458E-05
   -5.712584820008E-05   -4.476445252458E-05    0.000000000000E+00
    1.735256824333E+02
    0.000000000000E+00    1.905127955638E-05    5.697210747429E-05
   -1.905127955638E-05    0.000000000000E+00    4.466799746156E-05
   -5.697210747429E-05   -4.466799746156E-05    0.000000000000E+00
    1.737121188221E+02
    0.000000000000E+00    1.899990369614E-05    5.681886277842E-05
   -1.899990369614E-05    0.000000000000E+00    4.457180211116E-05
   -5.681886277842E-05   -4.457180211116E-05    0.000000000000E+00
    1.738986553110E+02
    0.000000000000E+00    1.894869414620E-05    5.666611224794E-05
   -1.894869414620E-05    0.000000000000E+00    4.447586563470E-05
   -5.666611224794E-05   -4.447586563470E-05    0.000000000000E+00
    1.740852919000E+02
    0.000000000000E+00    1.889765027827E-05    5.651385402632E-05
   -1.889765027827E-05    0.000000000000E+00    4.438018719668E-05
   -5.651385402632E-05   -4.438018719668E-05    0.000000000000E+00
    1.742720285891E+02
    0.000000000000E+00    1.884677146680E-05    5.636208626498E-05
   -1.884677146680E-05    0.000000000000E+00    4.428476596472E-05
   -5.636208626498E-05   -4.428476596472E-05    0.000000000000E+00
    1.744588653782E+02
    0.000000000000E+00    1.879605708892E-05    5.621080712327E-05
   -1.879605708892E-05    0.000000000000E+00    4.418960110959E-05
   -5.621080712327E-05   -4.418960110959E-05    0.000000000000E+00
    1.746458022675E+02
    0.000000000000E+00    1.874550652447E-05    5.606001476840E-05
   -1.874550652447E-05    0.000000000000E+00    4.409469180517E-05
   -5.606001476840E-05   -4.409469180517E-05    0.000000000000E+00
    1.748328392568E+02
    0.000000000000E+00    1.869511915595E-05    5.590970737546E-05
   -1.869511915595E-05    0.000000000000E+00    4.400003722844E-05
   -5.590970737546E-05   -4.400003722844E-05    0.000000000000E+00
    1.750199763461E+02
    0.000000000000E+00    1.864489436851E-05    5.575988312729E-05
   -1.864489436851E-05    0.000000000000E+00    4.390563655946E-05
   -5.575988312729E-05   -4.390563655946E-05    0.000000000000E+00
    1.752072135356E+02
    0.000000000000E+00    1.859483154996E-05    5.561054021454E-05
   -1.859483154996E-05    0.000000000000E+00    4.381148898139E-05
   -5.561054021454E-05   -4.381148898139E-05    0.000000000000E+00
    1.753945508251E+02
    0.000000000000E+00    1.854493009074E-05    5.546167683558E-05
   -1.854493009074E-05    0.000000000000E+00    4.371759368042E-05
   -5.546167683558E-05   -4.371759368042E-05    0.000000000000E+00
    1.755819882147E+02
    0.000000000000E+00    1.849518938393E-05    5.531329119645E-05
   -1.849518938393E-05    0.000000000000E+00    4.362394984584E-05
   -5.531329119645E-05   -4.362394984584E-05    0.000000000000E+00
    1.757695257044E+02
    0.000000000000E+00    1.844560882520E-05    5.516538151089E-05
   -1.844560882520E-05    0.000000000000E+00    4.353055666992E-05
   -5.516538151089E-05   -4.353055666992E-05    0.000000000000E+00
    1.759571632941E+02
    0.000000000000E+00    1.839618781281E-05    5.501794600021E-05
   -1.839618781281E-05    0.000000000000E+00    4.343741334799E-05
   -5.501794600021E-05   -4.343741334799E-05    0.000000000000E+00
    1.761449009839E+02
    0.000000000000E+00    1.834692574763E-05    5.487098289333E-05
   -1.834692574763E-05    0.000000000000E+00    4.334451907838E-05
   -5.487098289333E-05   -4.334451907838E-05    0.000000000000E+00
    1.763327387738E+02
    0.000000000000E+00    1.829782203309E-05    5.472449042672E-05
   -1.829782203309E-05    0.000000000000E+00    4.325187306243E-05
   -5.472449042672E-05   -4.325187306243E-05    0.000000000000E+00
    1.765206766638E+02
    0.000000000000E+00    1.824887607517E-05    5.457846684435E-05
   -1.824887607517E-05    0.000000000000E+00    4.315947450445E-05
   -5.457846684435E-05   -4.315947450445E-05    0.000000000000E+00
    1.767087146538E+02
    0.000000000000E+00    1.820008728241E-05    5.443291039767E-05
   -1.820008728241E-05    0.000000000000E+00    4.306732261173E-05
   -5.443291039767E-05   -4.306732261173E-05    0.000000000000E+00
    1.768968527439E+02
    0.000000000000E+00    1.815145506588E-05    5.428781934555E-05
   -1.815145506588E-05    0.000000000000E+00    4.297541659451E-05
   -5.428781934555E-05   -4.297541659451E-05    0.000000000000E+00
    1.770850909341E+02
    0.000000000000E+00    1.810297883918E-05    5.414319195429E-05
   -1.810297883918E-05    0.000000000000E+00    4.288375566599E-05
   -5.414319195429E-05   -4.288375566599E-05    0.000000000000E+00
    1.772734292244E+02
    0.000000000000E+00    1.805465801840E-05    5.399902649755E-05
   -1.805465801840E-05    0.000000000000E+00    4.279233904231E-05
   -5.399902649755E-05   -4.279233904231E-05    0.000000000000E+00
    1.774618676147E+02
    0.000000000000E+00    1.800649202215E-05    5.385532125631E-05
   -1.800649202215E-05    0.000000000000E+00    4.270116594251E-05
   -5.385532125631E-05   -4.270116594251E-05    0.000000000000E+00
    1.776504061051E+02
    0.000000000000E+00    1.795848027153E-05    5.371207451886E-05
   -1.795848027153E-05    0.000000000000E+00    4.261023558857E-05
   -5.371207451886E-05   -4.261023558857E-05    0.000000000000E+00
    1.778390446956E+02
    0.000000000000E+00    1.791062219008E-05    5.356928458074E-05
   -1.791062219008E-05    0.000000000000E+00    4.251954720534E-05
   -5.356928458074E-05   -4.251954720534E-05    0.000000000000E+00
    1.780277833862E+02
    0.000000000000E+00    1.786291720384E-05    5.342694974474E-05
   -1.786291720384E-05    0.000000000000E+00    4.242910002056E-05
   -5.342694974474E-05   -4.242910002056E-05    0.000000000000E+00
    1.782166221768E+02
    0.000000000000E+00    1.781536474128E-05    5.328506832083E-05
   -1.781536474128E-05    0.000000000000E+00    4.233889326486E-05
   -5.328506832083E-05   -4.233889326486E-05    0.000000000000E+00
    1.784055610675E+02
    0.000000000000E+00    1.776796423332E-05    5.314363862613E-05
   -1.776796423332E-05    0.000000000000E+00    4.224892617172E-05
   -5.314363862613E-05   -4.224892617172E-05    0.000000000000E+00
    1.785946000583E+02
    0.000000000000E+00    1.772071511330E-05    5.300265898492E-05
   -1.772071511330E-05    0.000000000000E+00    4.215919797746E-05
   -5.300265898492E-05   -4.215919797746E-05    0.000000000000E+00
    1.787837391492E+02
    0.000000000000E+00    1.767361681698E-05    5.286212772852E-05
   -1.767361681698E-05    0.000000000000E+00    4.206970792126E-05
   -5.286212772852E-05   -4.206970792126E-05    0.000000000000E+00
    1.789729783401E+02
    0.000000000000E+00    1.762666878251E-05    5.272204319536E-05
   -1.762666878251E-05    0.000000000000E+00    4.198045524509E-05
   -5.272204319536E-05   -4.198045524509E-05    0.000000000000E+00
    1.791623176311E+02
    0.000000000000E+00    1.757987045047E-05    5.258240373085E-05
   -1.757987045047E-05    0.000000000000E+00    4.189143919377E-05
   -5.258240373085E-05   -4.189143919377E-05    0.000000000000E+00
    1.793517570222E+02
    0.000000000000E+00    1.753322126377E-05    5.244320768743E-05
   -1.753322126377E-05    0.000000000000E+00    4.180265901489E-05
   -5.244320768743E-05   -4.180265901489E-05    0.000000000000E+00
    1.795412965134E+02
    0.000000000000E+00    1.748672066772E-05    5.230445342448E-05
   -1.748672066772E-05    0.000000000000E+00    4.171411395885E-05
   -5.230445342448E-05   -4.171411395885E-05    0.000000000000E+00
    1.797309361046E+02
    0.000000000000E+00    1.744036811000E-05    5.216613930830E-05
   -1.744036811000E-05    0.000000000000E+00    4.162580327882E-05
   -5.216613930830E-05   -4.162580327882E-05    0.000000000000E+00
    1.799206757959E+02
    0.000000000000E+00    1.739416304060E-05    5.202826371208E-05
   -1.739416304060E-05    0.000000000000E+00    4.153772623073E-05
   -5.202826371208E-05   -4.153772623073E-05    0.000000000000E+00
    1.801105155873E+02
    0.000000000000E+00    1.734810491187E-05    5.189082501590E-05
   -1.734810491187E-05    0.000000000000E+00    4.144988207326E-05
   -5.189082501590E-05   -4.144988207326E-05    0.000000000000E+00
    1.803004554788E+02
    0.000000000000E+00    1.730219317849E-05    5.175382160662E-05
   -1.730219317849E-05    0.000000000000E+00    4.136227006786E-05
   -5.175382160662E-05   -4.136227006786E-05    0.000000000000E+00
    1.804904954703E+02
    0.000000000000E+00    1.725642729743E-05    5.161725187794E-05
   -1.725642729743E-05    0.000000000000E+00    4.127488947867E-05
   -5.161725187794E-05   -4.127488947867E-05    0.000000000000E+00
    1.806806355619E+02
    0.000000000000E+00    1.721080672799E-05    5.148111423030E-05
   -1.721080672799E-05    0.000000000000E+00    4.118773957258E-05
   -5.148111423030E-05   -4.118773957258E-05    0.000000000000E+00
    1.808708757536E+02
    0.000000000000E+00    1.716533093174E-05    5.134540707086E-05
   -1.716533093174E-05    0.000000000000E+00    4.110081961918E-05
   -5.134540707086E-05   -4.110081961918E-05    0.000000000000E+00
    1.810612160453E+02
    0.000000000000E+00    1.711999937254E-05    5.121012881350E-05
   -1.711999937254E-05    0.000000000000E+00    4.101412889073E-05
   -5.121012881350E-05   -4.101412889073E-05    0.000000000000E+00
    1.812516564372E+02
    0.000000000000E+00    1.707481151652E-05    5.107527787876E-05
   -1.707481151652E-05    0.000000000000E+00    4.092766666223E-05
   -5.107527787876E-05   -4.092766666223E-05    0.000000000000E+00
    1.814421969291E+02
    0.000000000000E+00    1.702976683206E-05    5.094085269382E-05
   -1.702976683206E-05    0.000000000000E+00    4.084143221129E-05
   -5.094085269382E-05   -4.084143221129E-05    0.000000000000E+00
    1.816328375211E+02
    0.000000000000E+00    1.698486478979E-05    5.080685169246E-05
   -1.698486478979E-05    0.000000000000E+00    4.075542481823E-05
   -5.080685169246E-05   -4.075542481823E-05    0.000000000000E+00
    1.818235782131E+02
    0.000000000000E+00    1.694010486260E-05    5.067327331503E-05
   -1.694010486260E-05    0.000000000000E+00    4.066964376599E-05
   -5.067327331503E-05   -4.066964376599E-05    0.000000000000E+00
    1.820144190052E+02
    0.000000000000E+00    1.689548652558E-05    5.054011600843E-05
   -1.689548652558E-05    0.000000000000E+00    4.058408834018E-05
   -5.054011600843E-05   -4.058408834018E-05    0.000000000000E+00
    1.822053598974E+02
    0.000000000000E+00    1.685100925604E-05    5.040737822606E-05
   -1.685100925604E-05    0.000000000000E+00    4.049875782900E-05
   -5.040737822606E-05   -4.049875782900E-05    0.000000000000E+00
    1.823964008897E+02
    0.000000000000E+00    1.680667253351E-05    5.027505842782E-05
   -1.680667253351E-05    0.000000000000E+00    4.041365152331E-05
   -5.027505842782E-05   -4.041365152331E-05    0.000000000000E+00
    1.825875419821E+02
    0.000000000000E+00    1.676247583970E-05    5.014315508005E-05
   -1.676247583970E-05    0.000000000000E+00    4.032876871654E-05
   -5.014315508005E-05   -4.032876871654E-05    0.000000000000E+00
    1.827787831745E+02
    0.000000000000E+00    1.671841865852E-05    5.001166665551E-05
   -1.671841865852E-05    0.000000000000E+00    4.024410870474E-05
   -5.001166665551E-05   -4.024410870474E-05    0.000000000000E+00
    1.829701244670E+02
    0.000000000000E+00    1.667450047603E-05    4.988059163334E-05
   -1.667450047603E-05    0.000000000000E+00    4.015967078653E-05
   -4.988059163334E-05   -4.015967078653E-05    0.000000000000E+00
    1.831615658596E+02
    0.000000000000E+00    1.663072078047E-05    4.974992849906E-05
   -1.663072078047E-05    0.000000000000E+00    4.007545426312E-05
   -4.974992849906E-05   -4.007545426312E-05    0.000000000000E+00
    1.833531073522E+02
    0.000000000000E+00    1.658707906225E-05    4.961967574451E-05
   -1.658707906225E-05    0.000000000000E+00    3.999145843826E-05
   -4.961967574451E-05   -3.999145843826E-05    0.000000000000E+00
    1.835447489450E+02
    0.000000000000E+00    1.654357481388E-05    4.948983186783E-05
   -1.654357481388E-05    0.000000000000E+00    3.990768261827E-05
   -4.948983186783E-05   -3.990768261827E-05    0.000000000000E+00
    1.837364906378E+02
    0.000000000000E+00    1.650020753006E-05    4.936039537343E-05
   -1.650020753006E-05    0.000000000000E+00    3.982412611201E-05
   -4.936039537343E-05   -3.982412611201E-05    0.000000000000E+00
    1.839283324306E+02
    0.000000000000E+00    1.645697670756E-05    4.923136477198E-05
   -1.645697670756E-05    0.000000000000E+00    3.974078823086E-05
   -4.923136477198E-05   -3.974078823086E-05    0.000000000000E+00
    1.841202743236E+02
    0.000000000000E+00    1.641388184530E-05    4.910273858032E-05
   -1.641388184530E-05    0.000000000000E+00    3.965766828874E-05
   -4.910273858032E-05   -3.965766828874E-05    0.000000000000E+00
    1.843123163166E+02
    0.000000000000E+00    1.637092244429E-05    4.897451532152E-05
   -1.637092244429E-05    0.000000000000E+00    3.957476560206E-05
   -4.897451532152E-05   -3.957476560206E-05    0.000000000000E+00
    1.845044584097E+02
    0.000000000000E+00    1.632809800762E-05    4.884669352477E-05
   -1.632809800762E-05    0.000000000000E+00    3.949207948975E-05
   -4.884669352477E-05   -3.949207948975E-05    0.000000000000E+00
    1.846967006029E+02
    0.000000000000E+00    1.628540804049E-05    4.871927172541E-05
   -1.628540804049E-05    0.000000000000E+00    3.940960927320E-05
   -4.871927172541E-05   -3.940960927320E-05    0.000000000000E+00
    1.848890428961E+02
    0.000000000000E+00    1.624285205016E-05    4.859224846487E-05
   -1.624285205016E-05    0.000000000000E+00    3.932735427631E-05
   -4.859224846487E-05   -3.932735427631E-05    0.000000000000E+00
    1.850814852894E+02
    0.000000000000E+00    1.620042954595E-05    4.846562229063E-05
   -1.620042954595E-05    0.000000000000E+00    3.924531382542E-05
   -4.846562229063E-05   -3.924531382542E-05    0.000000000000E+00
    1.852740277828E+02
    0.000000000000E+00    1.615814003924E-05    4.833939175624E-05
   -1.615814003924E-05    0.000000000000E+00    3.916348724936E-05
   -4.833939175624E-05   -3.916348724936E-05    0.000000000000E+00
    1.854666703763E+02
    0.000000000000E+00    1.611598304345E-05    4.821355542124E-05
   -1.611598304345E-05    0.000000000000E+00    3.908187387937E-05
   -4.821355542124E-05   -3.908187387937E-05    0.000000000000E+00
    1.856594130698E+02
    0.000000000000E+00    1.607395807404E-05    4.808811185115E-05
   -1.607395807404E-05    0.000000000000E+00    3.900047304917E-05
   -4.808811185115E-05   -3.900047304917E-05    0.000000000000E+00
    1.858522558635E+02
    0.000000000000E+00    1.603206464851E-05    4.796305961748E-05
   -1.603206464851E-05    0.000000000000E+00    3.891928409487E-05
   -4.796305961748E-05   -3.891928409487E-05    0.000000000000E+00
    1.860451987572E+02
    0.000000000000E+00    1.599030228633E-05    4.783839729763E-05
   -1.599030228633E-05    0.000000000000E+00    3.883830635502E-05
   -4.783839729763E-05   -3.883830635502E-05    0.000000000000E+00
    1.862382417509E+02
    0.000000000000E+00    1.594867050903E-05    4.771412347491E-05
   -1.594867050903E-05    0.000000000000E+00    3.875753917056E-05
   -4.771412347491E-05   -3.875753917056E-05    0.000000000000E+00
    1.864313848448E+02
    0.000000000000E+00    1.590716884010E-05    4.759023673852E-05
   -1.590716884010E-05    0.000000000000E+00    3.867698188484E-05
   -4.759023673852E-05   -3.867698188484E-05    0.000000000000E+00
    1.866246280387E+02
    0.000000000000E+00    1.586579680504E-05    4.746673568349E-05
   -1.586579680504E-05    0.000000000000E+00    3.859663384361E-05
   -4.746673568349E-05   -3.859663384361E-05    0.000000000000E+00
    1.868179713327E+02
    0.000000000000E+00    1.582455393131E-05    4.734361891067E-05
   -1.582455393131E-05    0.000000000000E+00    3.851649439496E-05
   -4.734361891067E-05   -3.851649439496E-05    0.000000000000E+00
    1.870114147268E+02
    0.000000000000E+00    1.578343974834E-05    4.722088502671E-05
   -1.578343974834E-05    0.000000000000E+00    3.843656288939E-05
   -4.722088502671E-05   -3.843656288939E-05    0.000000000000E+00
    1.872049582209E+02
    0.000000000000E+00    1.574245378755E-05    4.709853264402E-05
   -1.574245378755E-05    0.000000000000E+00    3.835683867972E-05
   -4.709853264402E-05   -3.835683867972E-05    0.000000000000E+00
    1.873986018151E+02
    0.000000000000E+00    1.570159558227E-05    4.697656038074E-05
   -1.570159558227E-05    0.000000000000E+00    3.827732112114E-05
   -4.697656038074E-05   -3.827732112114E-05    0.000000000000E+00
    1.875923455094E+02
    0.000000000000E+00    1.566086466779E-05    4.685496686073E-05
   -1.566086466779E-05    0.000000000000E+00    3.819800957118E-05
   -4.685496686073E-05   -3.819800957118E-05    0.000000000000E+00
    1.877861893038E+02
    0.000000000000E+00    1.562026058134E-05    4.673375071352E-05
   -1.562026058134E-05    0.000000000000E+00    3.811890338969E-05
   -4.673375071352E-05   -3.811890338969E-05    0.000000000000E+00
    1.879801331982E+02
    0.000000000000E+00    1.557978286206E-05    4.661291057434E-05
   -1.557978286206E-05    0.000000000000E+00    3.804000193884E-05
   -4.661291057434E-05   -3.804000193884E-05    0.000000000000E+00
    1.881741771927E+02
    0.000000000000E+00    1.553943105100E-05    4.649244508399E-05
   -1.553943105100E-05    0.000000000000E+00    3.796130458311E-05
   -4.649244508399E-05   -3.796130458311E-05    0.000000000000E+00
    1.883683212873E+02
    0.000000000000E+00    1.549920469114E-05    4.637235288894E-05
   -1.549920469114E-05    0.000000000000E+00    3.788281068929E-05
   -4.637235288894E-05   -3.788281068929E-05    0.000000000000E+00
    1.885625654820E+02
    0.000000000000E+00    1.545910332732E-05    4.625263264118E-05
   -1.545910332732E-05    0.000000000000E+00    3.780451962643E-05
   -4.625263264118E-05   -3.780451962643E-05    0.000000000000E+00
    1.887569097767E+02
    0.000000000000E+00    1.541912650631E-05    4.613328299830E-05
   -1.541912650631E-05    0.000000000000E+00    3.772643076591E-05
   -4.613328299830E-05   -3.772643076591E-05    0.000000000000E+00
    1.889513541715E+02
    0.000000000000E+00    1.537927377673E-05    4.601430262340E-05
   -1.537927377673E-05    0.000000000000E+00    3.764854348132E-05
   -4.601430262340E-05   -3.764854348132E-05    0.000000000000E+00
    1.891458986664E+02
    0.000000000000E+00    1.533954468906E-05    4.589569018508E-05
   -1.533954468906E-05    0.000000000000E+00    3.757085714858E-05
   -4.589569018508E-05   -3.757085714858E-05    0.000000000000E+00
    1.893405432614E+02
    0.000000000000E+00    1.529993879568E-05    4.577744435743E-05
   -1.529993879568E-05    0.000000000000E+00    3.749337114580E-05
   -4.577744435743E-05   -3.749337114580E-05    0.000000000000E+00
    1.895352879564E+02
    0.000000000000E+00    1.526045565079E-05    4.565956381997E-05
   -1.526045565079E-05    0.000000000000E+00    3.741608485338E-05
   -4.565956381997E-05   -3.741608485338E-05    0.000000000000E+00
    1.897301327515E+02
    0.000000000000E+00    1.522109481045E-05    4.554204725767E-05
   -1.522109481045E-05    0.000000000000E+00    3.733899765392E-05
   -4.554204725767E-05   -3.733899765392E-05    0.000000000000E+00
    1.899250776467E+02
    0.000000000000E+00    1.518185583254E-05    4.542489336090E-05
   -1.518185583254E-05    0.000000000000E+00    3.726210893228E-05
   -4.542489336090E-05   -3.726210893228E-05    0.000000000000E+00
    1.901201226420E+02
    0.000000000000E+00    1.514273827678E-05    4.530810082538E-05
   -1.514273827678E-05    0.000000000000E+00    3.718541807550E-05
   -4.530810082538E-05   -3.718541807550E-05    0.000000000000E+00
    1.903152677373E+02
    0.000000000000E+00    1.510374170471E-05    4.519166835223E-05
   -1.510374170471E-05    0.000000000000E+00    3.710892447285E-05
   -4.519166835223E-05   -3.710892447285E-05    0.000000000000E+00
    1.905105129327E+02
    0.000000000000E+00    1.506486567968E-05    4.507559464784E-05
   -1.506486567968E-05    0.000000000000E+00    3.703262751580E-05
   -4.507559464784E-05   -3.703262751580E-05    0.000000000000E+00
    1.907058582282E+02
    0.000000000000E+00    1.502610976682E-05    4.495987842396E-05
   -1.502610976682E-05    0.000000000000E+00    3.695652659798E-05
   -4.495987842396E-05   -3.695652659798E-05    0.000000000000E+00
    1.909013036237E+02
    0.000000000000E+00    1.498747353308E-05    4.484451839758E-05
   -1.498747353308E-05    0.000000000000E+00    3.688062111524E-05
   -4.484451839758E-05   -3.688062111524E-05    0.000000000000E+00
    1.910968491194E+02
    0.000000000000E+00    1.494895654718E-05    4.472951329095E-05
   -1.494895654718E-05    0.000000000000E+00    3.680491046557E-05
   -4.472951329095E-05   -3.680491046557E-05    0.000000000000E+00
    1.912924947151E+02
    0.000000000000E+00    1.491055837963E-05    4.461486183157E-05
   -1.491055837963E-05    0.000000000000E+00    3.672939404913E-05
   -4.461486183157E-05   -3.672939404913E-05    0.000000000000E+00
    1.914882404109E+02
    0.000000000000E+00    1.487227860269E-05    4.450056275213E-05
   -1.487227860269E-05    0.000000000000E+00    3.665407126824E-05
   -4.450056275213E-05   -3.665407126824E-05    0.000000000000E+00
    1.916840862067E+02
    0.000000000000E+00    1.483411679039E-05    4.438661479049E-05
   -1.483411679039E-05    0.000000000000E+00    3.657894152736E-05
   -4.438661479049E-05   -3.657894152736E-05    0.000000000000E+00
    1.918800321027E+02
    0.000000000000E+00    1.479607251852E-05    4.427301668970E-05
   -1.479607251852E-05    0.000000000000E+00    3.650400423309E-05
   -4.427301668970E-05   -3.650400423309E-05    0.000000000000E+00
    1.920760780987E+02
    0.000000000000E+00    1.475814536459E-05    4.415976719793E-05
   -1.475814536459E-05    0.000000000000E+00    3.642925879413E-05
   -4.415976719793E-05   -3.642925879413E-05    0.000000000000E+00
    1.922722241947E+02
    0.000000000000E+00    1.472033490787E-05    4.404686506845E-05
   -1.472033490787E-05    0.000000000000E+00    3.635470462135E-05
   -4.404686506845E-05   -3.635470462135E-05    0.000000000000E+00
    1.924684703909E+02
    0.000000000000E+00    1.468264072935E-05    4.393430905964E-05
   -1.468264072935E-05    0.000000000000E+00    3.628034112767E-05
   -4.393430905964E-05   -3.628034112767E-05    0.000000000000E+00
    1.926648166871E+02
    0.000000000000E+00    1.464506241174E-05    4.382209793491E-05
   -1.464506241174E-05    0.000000000000E+00    3.620616772816E-05
   -4.382209793491E-05   -3.620616772816E-05    0.000000000000E+00
    1.928612630834E+02
    0.000000000000E+00    1.460759953945E-05    4.371023046276E-05
   -1.460759953945E-05    0.000000000000E+00    3.613218383995E-05
   -4.371023046276E-05   -3.613218383995E-05    0.000000000000E+00
    1.930578095798E+02
    0.000000000000E+00    1.457025169862E-05    4.359870541666E-05
   -1.457025169862E-05    0.000000000000E+00    3.605838888227E-05
   -4.359870541666E-05   -3.605838888227E-05    0.000000000000E+00
    1.932544561763E+02
    0.000000000000E+00    1.453301847705E-05    4.348752157511E-05
   -1.453301847705E-05    0.000000000000E+00    3.598478227642E-05
   -4.348752157511E-05   -3.598478227642E-05    0.000000000000E+00
    1.934512028728E+02
    0.000000000000E+00    1.449589946427E-05    4.337667772156E-05
   -1.449589946427E-05    0.000000000000E+00    3.591136344576E-05
   -4.337667772156E-05   -3.591136344576E-05    0.000000000000E+00
    1.936480496694E+02
    0.000000000000E+00    1.445889425145E-05    4.326617264443E-05
   -1.445889425145E-05    0.000000000000E+00    3.583813181572E-05
   -4.326617264443E-05   -3.583813181572E-05    0.000000000000E+00
    1.938449965661E+02
    0.000000000000E+00    1.442200243147E-05    4.315600513705E-05
   -1.442200243147E-05    0.000000000000E+00    3.576508681378E-05
   -4.315600513705E-05   -3.576508681378E-05    0.000000000000E+00
    1.940420435628E+02
    0.000000000000E+00    1.438522359884E-05    4.304617399767E-05
   -1.438522359884E-05    0.000000000000E+00    3.569222786944E-05
   -4.304617399767E-05   -3.569222786944E-05    0.000000000000E+00
    1.942391906596E+02
    0.000000000000E+00    1.434855734975E-05    4.293667802940E-05
   -1.434855734975E-05    0.000000000000E+00    3.561955441426E-05
   -4.293667802940E-05   -3.561955441426E-05    0.000000000000E+00
    1.944364378565E+02
    0.000000000000E+00    1.431200328203E-05    4.282751604023E-05
   -1.431200328203E-05    0.000000000000E+00    3.554706588182E-05
   -4.282751604023E-05   -3.554706588182E-05    0.000000000000E+00
    1.946337851535E+02
    0.000000000000E+00    1.427556099517E-05    4.271868684298E-05
   -1.427556099517E-05    0.000000000000E+00    3.547476170769E-05
   -4.271868684298E-05   -3.547476170769E-05    0.000000000000E+00
    1.948312325506E+02
    0.000000000000E+00    1.423923009027E-05    4.261018925529E-05
   -1.423923009027E-05    0.000000000000E+00    3.540264132949E-05
   -4.261018925529E-05   -3.540264132949E-05    0.000000000000E+00
    1.950287800477E+02
    0.000000000000E+00    1.420301017007E-05    4.250202209958E-05
   -1.420301017007E-05    0.000000000000E+00    3.533070418680E-05
   -4.250202209958E-05   -3.533070418680E-05    0.000000000000E+00
    1.952264276449E+02
    0.000000000000E+00    1.416690083892E-05    4.239418420307E-05
   -1.416690083892E-05    0.000000000000E+00    3.525894972123E-05
   -4.239418420307E-05   -3.525894972123E-05    0.000000000000E+00
    1.954241753422E+02
    0.000000000000E+00    1.413090170281E-05    4.228667439770E-05
   -1.413090170281E-05    0.000000000000E+00    3.518737737634E-05
   -4.228667439770E-05   -3.518737737634E-05    0.000000000000E+00
    1.956220231395E+02
    0.000000000000E+00    1.409501236929E-05    4.217949152015E-05
   -1.409501236929E-05    0.000000000000E+00    3.511598659768E-05
   -4.217949152015E-05   -3.511598659768E-05    0.000000000000E+00
    1.958199710369E+02
    0.000000000000E+00    1.405923244754E-05    4.207263441182E-05
   -1.405923244754E-05    0.000000000000E+00    3.504477683278E-05
   -4.207263441182E-05   -3.504477683278E-05    0.000000000000E+00
    1.960180190344E+02
    0.000000000000E+00    1.402356154833E-05    4.196610191878E-05
   -1.402356154833E-05    0.000000000000E+00    3.497374753111E-05
   -4.196610191878E-05   -3.497374753111E-05    0.000000000000E+00
    1.962161671320E+02
    0.000000000000E+00    1.398799928400E-05    4.185989289176E-05
   -1.398799928400E-05    0.000000000000E+00    3.490289814411E-05
   -4.185989289176E-05   -3.490289814411E-05    0.000000000000E+00
    1.964144153296E+02
    0.000000000000E+00    1.395254526847E-05    4.175400618616E-05
   -1.395254526847E-05    0.000000000000E+00    3.483222812515E-05
   -4.175400618616E-05   -3.483222812515E-05    0.000000000000E+00
    1.966127636274E+02
    0.000000000000E+00    1.391719911723E-05    4.164844066197E-05
   -1.391719911723E-05    0.000000000000E+00    3.476173692953E-05
   -4.164844066197E-05   -3.476173692953E-05    0.000000000000E+00
    1.968112120252E+02
    0.000000000000E+00    1.388196044733E-05    4.154319518380E-05
   -1.388196044733E-05    0.000000000000E+00    3.469142401451E-05
   -4.154319518380E-05   -3.469142401451E-05    0.000000000000E+00
    1.970097605230E+02
    0.000000000000E+00    1.384682887738E-05    4.143826862084E-05
   -1.384682887738E-05    0.000000000000E+00    3.462128883923E-05
   -4.143826862084E-05   -3.462128883923E-05    0.000000000000E+00
    1.972084091210E+02
    0.000000000000E+00    1.381180402751E-05    4.133365984683E-05
   -1.381180402751E-05    0.000000000000E+00    3.455133086478E-05
   -4.133365984683E-05   -3.455133086478E-05    0.000000000000E+00
    1.974071578190E+02
    0.000000000000E+00    1.377688551944E-05    4.122936774006E-05
   -1.377688551944E-05    0.000000000000E+00    3.448154955414E-05
   -4.122936774006E-05   -3.448154955414E-05    0.000000000000E+00
    1.976060066171E+02
    0.000000000000E+00    1.374207297637E-05    4.112539118334E-05
   -1.374207297637E-05    0.000000000000E+00    3.441194437217E-05
   -4.112539118334E-05   -3.441194437217E-05    0.000000000000E+00
    1.978049555152E+02
    0.000000000000E+00    1.370736602307E-05    4.102172906396E-05
   -1.370736602307E-05    0.000000000000E+00    3.434251478564E-05
   -4.102172906396E-05   -3.434251478564E-05    0.000000000000E+00
    1.980040045135E+02
    0.000000000000E+00    1.367276428580E-05    4.091838027371E-05
   -1.367276428580E-05    0.000000000000E+00    3.427326026320E-05
   -4.091838027371E-05   -3.427326026320E-05    0.000000000000E+00
    1.982031536118E+02
    0.000000000000E+00    1.363826739233E-05    4.081534370882E-05
   -1.363826739233E-05    0.000000000000E+00    3.420418027538E-05
   -4.081534370882E-05   -3.420418027538E-05    0.000000000000E+00
    1.984024028102E+02
    0.000000000000E+00    1.360387497197E-05    4.071261826997E-05
   -1.360387497197E-05    0.000000000000E+00    3.413527429456E-05
   -4.071261826997E-05   -3.413527429456E-05    0.000000000000E+00
    1.986017521087E+02
    0.000000000000E+00    1.356958665549E-05    4.061020286225E-05
   -1.356958665549E-05    0.000000000000E+00    3.406654179499E-05
   -4.061020286225E-05   -3.406654179499E-05    0.000000000000E+00
    1.988012015072E+02
    0.000000000000E+00    1.353540207517E-05    4.050809639515E-05
   -1.353540207517E-05    0.000000000000E+00    3.399798225278E-05
   -4.050809639515E-05   -3.399798225278E-05    0.000000000000E+00
    1.990007510058E+02
    0.000000000000E+00    1.350132086477E-05    4.040629778253E-05
   -1.350132086477E-05    0.000000000000E+00    3.392959514586E-05
   -4.040629778253E-05   -3.392959514586E-05    0.000000000000E+00
    1.992004006045E+02
    0.000000000000E+00    1.346734265952E-05    4.030480594262E-05
   -1.346734265952E-05    0.000000000000E+00    3.386137995403E-05
   -4.030480594262E-05   -3.386137995403E-05    0.000000000000E+00
    1.994001503033E+02
    0.000000000000E+00    1.343346709615E-05    4.020361979799E-05
   -1.343346709615E-05    0.000000000000E+00    3.379333615889E-05
   -4.020361979799E-05   -3.379333615889E-05    0.000000000000E+00
    1.996000001021E+02
    0.000000000000E+00    1.339969381283E-05    4.010273827552E-05
   -1.339969381283E-05    0.000000000000E+00    3.372546324388E-05
   -4.010273827552E-05   -3.372546324388E-05    0.000000000000E+00
    1.997999500010E+02
    0.000000000000E+00    1.336602244918E-05    4.000216030638E-05
   -1.336602244918E-05    0.000000000000E+00    3.365776069425E-05
   -4.000216030638E-05   -3.365776069425E-05    0.000000000000E+00
    2.000000000000E+02
    0.000000000000E+00    1.333245264629E-05    3.990188482604E-05
   -1.333245264629E-05    0.000000000000E+00    3.359022799706E-05
   -3.990188482604E-05   -3.359022799706E-05    0.000000000000E+00
