    1.000000000000E-06
    1.739228986295E+03   -6.853358324922E-04
   -6.853358324922E-04    8.254266786779E-03
    5.105003727477E-05
    6.744179859695E-01   -9.602898374466E-04
   -9.602898374466E-04    8.254450563478E-03
    2.012001490991E-04
    5.000381319114E-02   -9.644242820387E-04
   -9.644242820387E-04    8.255001916945E-03
    4.514503354729E-04
    1.557235747903E-02   -9.652550917674E-04
   -9.652550917674E-04    8.255920917290E-03
    8.018005963962E-04
    9.744422905651E-03   -9.656079825955E-04
   -9.656079825955E-04    8.257207681364E-03
    1.252250931869E-03
    8.149445141140E-03   -9.658385339536E-04
   -9.658385339536E-04    8.258862372764E-03
    1.802801341892E-03
    7.577309601812E-03   -9.660349461978E-04
   -9.660349461978E-04    8.260885201833E-03
    2.453451826464E-03
    7.333425825586E-03   -9.662275096191E-04
   -9.662275096191E-04    8.263276425669E-03
    3.204202385585E-03
    7.216632031319E-03   -9.664288948151E-04
   -9.664288948151E-04    8.266036348130E-03
    4.055053019256E-03
    7.156149977733E-03   -9.666451627479E-04
   -9.666451627479E-04    8.269165319839E-03
    5.006003727477E-03
    7.123328689223E-03   -9.668795109318E-04
   -9.668795109318E-04    8.272663738192E-03
    6.057054510247E-03
    7.105270797169E-03   -9.671337579828E-04
   -9.671337579828E-04    8.276532047369E-03
    7.208205367566E-03
    7.095665408599E-03   -9.674090023021E-04
   -9.674090023021E-04    8.280770738339E-03
    8.459456299435E-03
    7.091209377523E-03   -9.677059410947E-04
   -9.677059410947E-04    8.285380348873E-03
    9.810807305854E-03
    7.090075089853E-03   -9.680250360817E-04
   -9.680250360817E-04    8.290361463552E-03
    1.126225838682E-02
    7.091203119163E-03   -9.683666046724E-04
   -9.683666046724E-04    8.295714713779E-03
    1.281380954234E-02
    7.093954530998E-03   -9.687308725832E-04
   -9.687308725832E-04    8.301440777785E-03
    1.446546077241E-02
    7.097930654081E-03   -9.691180054694E-04
   -9.691180054694E-04    8.307540380645E-03
    1.621721207702E-02
    7.102875297553E-03   -9.695281286175E-04
   -9.695281286175E-04    8.314014294281E-03
    1.806906345619E-02
    7.108619556573E-03   -9.699613395808E-04
   -9.699613395808E-04    8.320863337478E-03
    2.002101490991E-02
    7.115049559569E-03   -9.704177165095E-04
   -9.704177165095E-04    8.328088375887E-03
    2.207306643817E-02
    7.122087032171E-03   -9.708973237656E-04
   -9.708973237656E-04    8.335690322036E-03
    2.422521804099E-02
    7.129677261339E-03   -9.714002157975E-04
   -9.714002157975E-04    8.343670135335E-03
    2.647746971835E-02
    7.137781456858E-03   -9.719264398536E-04
   -9.719264398536E-04    8.352028822080E-03
    2.882982147026E-02
    7.146371795157E-03   -9.724760379216E-04
   -9.724760379216E-04    8.360767435458E-03
    3.128227329673E-02
    7.155428139016E-03   -9.730490481324E-04
   -9.730490481324E-04    8.369887075545E-03
    3.383482519774E-02
    7.164935825691E-03   -9.736455057905E-04
   -9.736455057905E-04    8.379388889308E-03
    3.648747717330E-02
    7.174884151218E-03   -9.742654441377E-04
   -9.742654441377E-04    8.389274070599E-03
    3.924022922342E-02
    7.185265314813E-03   -9.749088949302E-04
   -9.749088949302E-04    8.399543860146E-03
    4.209308134808E-02
    7.196073674225E-03   -9.755758888709E-04
   -9.755758888709E-04    8.410199545546E-03
    4.504603354729E-02
    7.207305212770E-03   -9.762664559419E-04
   -9.762664559419E-04    8.421242461249E-03
    4.809908582105E-02
    7.218957153607E-03   -9.769806256594E-04
   -9.769806256594E-04    8.432673988536E-03
    5.125223816936E-02
    7.231027677294E-03   -9.777184272699E-04
   -9.777184272699E-04    8.444495555501E-03
    5.450549059222E-02
    7.243515712800E-03   -9.784798899031E-04
   -9.784798899031E-04    8.456708637018E-03
    5.785884308963E-02
    7.256420781400E-03   -9.792650426884E-04
   -9.792650426884E-04    8.469314754708E-03
    6.131229566159E-02
    7.269742878871E-03   -9.800739148465E-04
   -9.800739148465E-04    8.482315476898E-03
    6.486584830810E-02
    7.283482385991E-03   -9.809065357595E-04
   -9.809065357595E-04    8.495712418577E-03
    6.851950102915E-02
    7.297639999757E-03   -9.817629350237E-04
   -9.817629350237E-04    8.509507241337E-03
    7.227325382476E-02
    7.312216680371E-03   -9.826431424896E-04
   -9.826431424896E-04    8.523701653312E-03
    7.612710669492E-02
    7.327213609875E-03   -9.835471882912E-04
   -9.835471882912E-04    8.538297409112E-03
    8.008105963962E-02
    7.342632159752E-03   -9.844751028658E-04
   -9.844751028658E-04    8.553296309738E-03
    8.413511265888E-02
    7.358473865376E-03   -9.854269169673E-04
   -9.854269169673E-04    8.568700202495E-03
    8.828926575269E-02
    7.374740405680E-03   -9.864026616731E-04
   -9.864026616731E-04    8.584510980893E-03
    9.254351892104E-02
    7.391433586955E-03   -9.874023683855E-04
   -9.874023683855E-04    8.600730584538E-03
    9.689787216395E-02
    7.408555329773E-03   -9.884260688297E-04
   -9.884260688297E-04    8.617360999006E-03
    1.013523254814E-01
    7.426107658467E-03   -9.894737950476E-04
   -9.894737950476E-04    8.634404255712E-03
    1.059068788734E-01
    7.444092692526E-03   -9.905455793880E-04
   -9.905455793880E-04    8.651862431761E-03
    1.105615323400E-01
    7.462512639592E-03   -9.916414544945E-04
   -9.916414544945E-04    8.669737649784E-03
    1.153162858811E-01
    7.481369789664E-03   -9.927614532911E-04
   -9.927614532911E-04    8.688032077764E-03
    1.201711394967E-01
    7.500666510328E-03   -9.939056089646E-04
   -9.939056089646E-04    8.706747928840E-03
    1.251260931869E-01
    7.520405242753E-03   -9.950739549460E-04
   -9.950739549460E-04    8.725887461100E-03
    1.301811469517E-01
    7.540588498349E-03   -9.962665248895E-04
   -9.962665248895E-04    8.745452977351E-03
    1.353363007910E-01
    7.561218855949E-03   -9.974833526496E-04
   -9.974833526496E-04    8.765446824875E-03
    1.405915547048E-01
    7.582298959375E-03   -9.987244722567E-04
   -9.987244722567E-04    8.785871395159E-03
    1.459469086932E-01
    7.603831515384E-03   -9.999899178917E-04
   -9.999899178917E-04    8.806729123611E-03
    1.514023627562E-01
    7.625819291859E-03   -1.001279723858E-03
   -1.001279723858E-03    8.828022489250E-03
    1.569579168937E-01
    7.648265116242E-03   -1.002593924552E-03
   -1.002593924552E-03    8.849754014371E-03
    1.626135711057E-01
    7.671171874134E-03   -1.003932554436E-03
   -1.003932554436E-03    8.871926264192E-03
    1.683693253923E-01
    7.694542508035E-03   -1.005295648003E-03
   -1.005295648003E-03    8.894541846467E-03
    1.742251797535E-01
    7.718380016215E-03   -1.006683239743E-03
   -1.006683239743E-03    8.917603411078E-03
    1.801811341892E-01
    7.742687451665E-03   -1.008095364114E-03
   -1.008095364114E-03    8.941113649597E-03
    1.862371886994E-01
    7.767467921114E-03   -1.009532055501E-03
   -1.009532055501E-03    8.965075294817E-03
    1.923933432842E-01
    7.792724584114E-03   -1.010993348182E-03
   -1.010993348182E-03    8.989491120255E-03
    1.986495979435E-01
    7.818460652145E-03   -1.012479276287E-03
   -1.012479276287E-03    9.014363939613E-03
    2.050059526774E-01
    7.844679387765E-03   -1.013989873761E-03
   -1.013989873761E-03    9.039696606219E-03
    2.114624074859E-01
    7.871384103761E-03   -1.015525174321E-03
   -1.015525174321E-03    9.065492012422E-03
    2.180189623689E-01
    7.898578162315E-03   -1.017085211416E-03
   -1.017085211416E-03    9.091753088948E-03
    2.246756173264E-01
    7.926264974167E-03   -1.018670018180E-03
   -1.018670018180E-03    9.118482804226E-03
    2.314323723585E-01
    7.954447997769E-03   -1.020279627388E-03
   -1.020279627388E-03    9.145684163661E-03
    2.382892274652E-01
    7.983130738420E-03   -1.021914071411E-03
   -1.021914071411E-03    9.173360208877E-03
    2.452461826464E-01
    8.012316747386E-03   -1.023573382165E-03
   -1.023573382165E-03    9.201514016899E-03
    2.523032379021E-01
    8.042009620993E-03   -1.025257591064E-03
   -1.025257591064E-03    9.230148699306E-03
    2.594603932324E-01
    8.072212999686E-03   -1.026966728966E-03
   -1.026966728966E-03    9.259267401319E-03
    2.667176486372E-01
    8.102930567053E-03   -1.028700826124E-03
   -1.028700826124E-03    9.288873300847E-03
    2.740750041166E-01
    8.134166048815E-03   -1.030459912129E-03
   -1.030459912129E-03    9.318969607479E-03
    2.815324596706E-01
    8.165923211763E-03   -1.032244015855E-03
   -1.032244015855E-03    9.349559561413E-03
    2.890900152990E-01
    8.198205862654E-03   -1.034053165400E-03
   -1.034053165400E-03    9.380646432340E-03
    2.967476710021E-01
    8.231017847055E-03   -1.035887388030E-03
   -1.035887388030E-03    9.412233518251E-03
    3.045054267797E-01
    8.264363048130E-03   -1.037746710117E-03
   -1.037746710117E-03    9.444324144198E-03
    3.123632826318E-01
    8.298245385368E-03   -1.039631157075E-03
   -1.039631157075E-03    9.476921660976E-03
    3.203212385585E-01
    8.332668813252E-03   -1.041540753295E-03
   -1.041540753295E-03    9.510029443744E-03
    3.283792945597E-01
    8.367637319861E-03   -1.043475522084E-03
   -1.043475522084E-03    9.543650890574E-03
    3.365374506355E-01
    8.403154925398E-03   -1.045435485591E-03
   -1.045435485591E-03    9.577789420921E-03
    3.447957067859E-01
    8.439225680654E-03   -1.047420664739E-03
   -1.047420664739E-03    9.612448474026E-03
    3.531540630107E-01
    8.475853665390E-03   -1.049431079157E-03
   -1.049431079157E-03    9.647631507231E-03
    3.616125193102E-01
    8.513042986637E-03   -1.051466747099E-03
   -1.051466747099E-03    9.683341994212E-03
    3.701710756842E-01
    8.550797776921E-03   -1.053527685376E-03
   -1.053527685376E-03    9.719583423133E-03
    3.788297321327E-01
    8.589122192392E-03   -1.055613909272E-03
   -1.055613909272E-03    9.756359294700E-03
    3.875884886558E-01
    8.628020410868E-03   -1.057725432466E-03
   -1.057725432466E-03    9.793673120130E-03
    3.964473452534E-01
    8.667496629778E-03   -1.059862266952E-03
   -1.059862266952E-03    9.831528419024E-03
    4.054063019256E-01
    8.707555064017E-03   -1.062024422954E-03
   -1.062024422954E-03    9.869928717135E-03
    4.144653586723E-01
    8.748199943683E-03   -1.064211908836E-03
   -1.064211908836E-03    9.908877544035E-03
    4.236245154936E-01
    8.789435511726E-03   -1.066424731018E-03
   -1.066424731018E-03    9.948378430680E-03
    4.328837723894E-01
    8.831266021466E-03   -1.068662893881E-03
   -1.068662893881E-03    9.988434906853E-03
    4.422431293598E-01
    8.873695734017E-03   -1.070926399679E-03
   -1.070926399679E-03    1.002905049851E-02
    4.517025864048E-01
    8.916728915572E-03   -1.073215248436E-03
   -1.073215248436E-03    1.007022872497E-02
    4.612621435242E-01
    8.960369834580E-03   -1.075529437853E-03
   -1.075529437853E-03    1.011197309605E-02
    4.709218007183E-01
    9.004622758786E-03   -1.077868963206E-03
   -1.077868963206E-03    1.015428710898E-02
    4.806815579868E-01
    9.049491952142E-03   -1.080233817242E-03
   -1.080233817242E-03    1.019717424529E-02
    4.905414153300E-01
    9.094981671578E-03   -1.082623990073E-03
   -1.082623990073E-03    1.024063796745E-02
    5.005013727477E-01
    9.141096163633E-03   -1.085039469069E-03
   -1.085039469069E-03    1.028468171548E-02
    5.105614302399E-01
    9.187839660942E-03   -1.087480238744E-03
   -1.087480238744E-03    1.032930890332E-02
    5.207215878067E-01
    9.235216378562E-03   -1.089946280646E-03
   -1.089946280646E-03    1.037452291513E-02
    5.309818454480E-01
    9.283230510150E-03   -1.092437573237E-03
   -1.092437573237E-03    1.042032710134E-02
    5.413422031639E-01
    9.331886223976E-03   -1.094954091772E-03
   -1.094954091772E-03    1.046672477465E-02
    5.518026609543E-01
    9.381187658767E-03   -1.097495808184E-03
   -1.097495808184E-03    1.051371920581E-02
    5.623632188193E-01
    9.431138919379E-03   -1.100062690948E-03
   -1.100062690948E-03    1.056131361919E-02
    5.730238767588E-01
    9.481744072294E-03   -1.102654704963E-03
   -1.102654704963E-03    1.060951118825E-02
    5.837846347729E-01
    9.533007140926E-03   -1.105271811413E-03
   -1.105271811413E-03    1.065831503078E-02
    5.946454928615E-01
    9.584932100748E-03   -1.107913967636E-03
   -1.107913967636E-03    1.070772820398E-02
    6.056064510247E-01
    9.637522874214E-03   -1.110581126987E-03
   -1.110581126987E-03    1.075775369934E-02
    6.166675092624E-01
    9.690783325490E-03   -1.113273238696E-03
   -1.113273238696E-03    1.080839443732E-02
    6.278286675747E-01
    9.744717254967E-03   -1.115990247724E-03
   -1.115990247724E-03    1.085965326182E-02
    6.390899259615E-01
    9.799328393575E-03   -1.118732094617E-03
   -1.118732094617E-03    1.091153293447E-02
    6.504512844229E-01
    9.854620396867E-03   -1.121498715355E-03
   -1.121498715355E-03    1.096403612868E-02
    6.619127429588E-01
    9.910596838884E-03   -1.124290041198E-03
   -1.124290041198E-03    1.101716542348E-02
    6.734743015692E-01
    9.967261205795E-03   -1.127105998530E-03
   -1.127105998530E-03    1.107092329712E-02
    6.851359602543E-01
    1.002461688929E-02   -1.129946508699E-03
   -1.129946508699E-03    1.112531212049E-02
    6.968977190138E-01
    1.008266717972E-02   -1.132811487852E-03
   -1.132811487852E-03    1.118033415025E-02
    7.087595778480E-01
    1.014141525906E-02   -1.135700846768E-03
   -1.135700846768E-03    1.123599152172E-02
    7.207215367566E-01
    1.020086419348E-02   -1.138614490687E-03
   -1.138614490687E-03    1.129228624154E-02
    7.327835957398E-01
    1.026101692580E-02   -1.141552319137E-03
   -1.141552319137E-03    1.134922018013E-02
    7.449457547976E-01
    1.032187626759E-02   -1.144514225757E-03
   -1.144514225757E-03    1.140679506374E-02
    7.572080139299E-01
    1.038344489104E-02   -1.147500098113E-03
   -1.147500098113E-03    1.146501246641E-02
    7.695703731368E-01
    1.044572532049E-02   -1.150509817514E-03
   -1.150509817514E-03    1.152387380154E-02
    7.820328324182E-01
    1.050871992377E-02   -1.153543258827E-03
   -1.153543258827E-03    1.158338031323E-02
    7.945953917742E-01
    1.057243090319E-02   -1.156600290279E-03
   -1.156600290279E-03    1.164353306733E-02
    8.072580512047E-01
    1.063686028620E-02   -1.159680773268E-03
   -1.159680773268E-03    1.170433294223E-02
    8.200208107098E-01
    1.070200991584E-02   -1.162784562159E-03
   -1.162784562159E-03    1.176578061927E-02
    8.328836702894E-01
    1.076788144081E-02   -1.165911504081E-03
   -1.165911504081E-03    1.182787657299E-02
    8.458466299435E-01
    1.083447630525E-02   -1.169061438726E-03
   -1.169061438726E-03    1.189062106095E-02
    8.589096896722E-01
    1.090179573822E-02   -1.172234198133E-03
   -1.172234198133E-03    1.195401411332E-02
    8.720728494755E-01
    1.096984074282E-02   -1.175429606477E-03
   -1.175429606477E-03    1.201805552213E-02
    8.853361093533E-01
    1.103861208503E-02   -1.178647479852E-03
   -1.178647479852E-03    1.208274483021E-02
    8.986994693057E-01
    1.110811028216E-02   -1.181887626049E-03
   -1.181887626049E-03    1.214808131980E-02
    9.121629293326E-01
    1.117833559103E-02   -1.185149844335E-03
   -1.185149844335E-03    1.221406400090E-02
    9.257264894341E-01
    1.124928799577E-02   -1.188433925219E-03
   -1.188433925219E-03    1.228069159918E-02
    9.393901496101E-01
    1.132096719528E-02   -1.191739650230E-03
   -1.191739650230E-03    1.234796254366E-02
    9.531539098606E-01
    1.139337259035E-02   -1.195066791673E-03
   -1.195066791673E-03    1.241587495401E-02
    9.670177701857E-01
    1.146650327047E-02   -1.198415112397E-03
   -1.198415112397E-03    1.248442662757E-02
    9.809817305854E-01
    1.154035800019E-02   -1.201784365553E-03
   -1.201784365553E-03    1.255361502597E-02
    9.950457910596E-01
    1.161493520529E-02   -1.205174294349E-03
   -1.205174294349E-03    1.262343726142E-02
    1.009209951608E+00
    1.169023295841E-02   -1.208584631802E-03
   -1.208584631802E-03    1.269389008276E-02
    1.023474212232E+00
    1.176624896450E-02   -1.212015100490E-03
   -1.212015100490E-03    1.276496986105E-02
    1.037838572930E+00
    1.184298054579E-02   -1.215465412293E-03
   -1.215465412293E-03    1.283667257491E-02
    1.052303033702E+00
    1.192042462651E-02   -1.218935268146E-03
   -1.218935268146E-03    1.290899379549E-02
    1.066867594549E+00
    1.199857771719E-02   -1.222424357772E-03
   -1.222424357772E-03    1.298192867116E-02
    1.081532255470E+00
    1.207743589864E-02   -1.225932359423E-03
   -1.225932359423E-03    1.305547191179E-02
    1.096297016466E+00
    1.215699480562E-02   -1.229458939619E-03
   -1.229458939619E-03    1.312961777278E-02
    1.111161877537E+00
    1.223724961012E-02   -1.233003752877E-03
   -1.233003752877E-03    1.320436003878E-02
    1.126126838682E+00
    1.231819500436E-02   -1.236566441449E-03
   -1.236566441449E-03    1.327969200705E-02
    1.141191899902E+00
    1.239982518343E-02   -1.240146635044E-03
   -1.240146635044E-03    1.335560647055E-02
    1.156357061196E+00
    1.248213382766E-02   -1.243743950563E-03
   -1.243743950563E-03    1.343209570076E-02
    1.171622322565E+00
    1.256511408461E-02   -1.247357991823E-03
   -1.247357991823E-03    1.350915143014E-02
    1.186987684008E+00
    1.264875855086E-02   -1.250988349283E-03
   -1.250988349283E-03    1.358676483444E-02
    1.202453145526E+00
    1.273305925342E-02   -1.254634599765E-03
   -1.254634599765E-03    1.366492651463E-02
    1.218018707119E+00
    1.281800763096E-02   -1.258296306182E-03
   -1.258296306182E-03    1.374362647865E-02
    1.233684368786E+00
    1.290359451475E-02   -1.261973017259E-03
   -1.261973017259E-03    1.382285412295E-02
    1.249450130527E+00
    1.298981010930E-02   -1.265664267253E-03
   -1.265664267253E-03    1.390259821373E-02
    1.265315992343E+00
    1.307664397289E-02   -1.269369575681E-03
   -1.269369575681E-03    1.398284686812E-02
    1.281281954234E+00
    1.316408499784E-02   -1.273088447038E-03
   -1.273088447038E-03    1.406358753504E-02
    1.297348016199E+00
    1.325212139059E-02   -1.276820370522E-03
   -1.276820370522E-03    1.414480697605E-02
    1.313514178239E+00
    1.334074065164E-02   -1.280564819759E-03
   -1.280564819759E-03    1.422649124593E-02
    1.329780440353E+00
    1.342992955537E-02   -1.284321252528E-03
   -1.284321252528E-03    1.430862567332E-02
    1.346146802542E+00
    1.351967412978E-02   -1.288089110491E-03
   -1.288089110491E-03    1.439119484113E-02
    1.362613264805E+00
    1.360995963608E-02   -1.291867818919E-03
   -1.291867818919E-03    1.447418256702E-02
    1.379179827143E+00
    1.370077054831E-02   -1.295656786427E-03
   -1.295656786427E-03    1.455757188383E-02
    1.395846489556E+00
    1.379209053292E-02   -1.299455404708E-03
   -1.299455404708E-03    1.464134502001E-02
    1.412613252043E+00
    1.388390242841E-02   -1.303263048274E-03
   -1.303263048274E-03    1.472548338018E-02
    1.429480114605E+00
    1.397618822499E-02   -1.307079074196E-03
   -1.307079074196E-03    1.480996752570E-02
    1.446447077241E+00
    1.406892904440E-02   -1.310902821853E-03
   -1.310902821853E-03    1.489477715548E-02
    1.463514139951E+00
    1.416210511982E-02   -1.314733612683E-03
   -1.314733612683E-03    1.497989108687E-02
    1.480681302737E+00
    1.425569577608E-02   -1.318570749944E-03
   -1.318570749944E-03    1.506528723690E-02
    1.497948565596E+00
    1.434967940999E-02   -1.322413518475E-03
   -1.322413518475E-03    1.515094260369E-02
    1.515315928531E+00
    1.444403347107E-02   -1.326261184465E-03
   -1.326261184465E-03    1.523683324829E-02
    1.532783391540E+00
    1.453873444260E-02   -1.330112995237E-03
   -1.330112995237E-03    1.532293427682E-02
    1.550350954623E+00
    1.463375782306E-02   -1.333968179028E-03
   -1.333968179028E-03    1.540921982314E-02
    1.568018617781E+00
    1.472907810806E-02   -1.337825944788E-03
   -1.337825944788E-03    1.549566303194E-02
    1.585786381014E+00
    1.482466877282E-02   -1.341685481980E-03
   -1.341685481980E-03    1.558223604251E-02
    1.603654244321E+00
    1.492050225518E-02   -1.345545960399E-03
   -1.345545960399E-03    1.566890997301E-02
    1.621622207702E+00
    1.501654993939E-02   -1.349406529990E-03
   -1.349406529990E-03    1.575565490553E-02
    1.639690271159E+00
    1.511278214051E-02   -1.353266320690E-03
   -1.353266320690E-03    1.584243987193E-02
    1.657858434689E+00
    1.520916808969E-02   -1.357124442274E-03
   -1.357124442274E-03    1.592923284042E-02
    1.676126698295E+00
    1.530567592035E-02   -1.360979984215E-03
   -1.360979984215E-03    1.601600070324E-02
    1.694495061974E+00
    1.540227265526E-02   -1.364832015562E-03
   -1.364832015562E-03    1.610270926513E-02
    1.712963525729E+00
    1.549892419472E-02   -1.368679584827E-03
   -1.368679584827E-03    1.618932323305E-02
    1.731532089558E+00
    1.559559530584E-02   -1.372521719893E-03
   -1.372521719893E-03    1.627580620698E-02
    1.750200753461E+00
    1.569224961304E-02   -1.376357427931E-03
   -1.376357427931E-03    1.636212067198E-02
    1.768969517439E+00
    1.578884958987E-02   -1.380185695344E-03
   -1.380185695344E-03    1.644822799160E-02
    1.787838381492E+00
    1.588535655219E-02   -1.384005487721E-03
   -1.384005487721E-03    1.653408840270E-02
    1.806807345619E+00
    1.598173065288E-02   -1.387815749812E-03
   -1.387815749812E-03    1.661966101182E-02
    1.825876409821E+00
    1.607793087804E-02   -1.391615405524E-03
   -1.391615405524E-03    1.670490379310E-02
    1.845045574097E+00
    1.617391504500E-02   -1.395403357940E-03
   -1.395403357940E-03    1.678977358796E-02
    1.864314838448E+00
    1.626963980194E-02   -1.399178489350E-03
   -1.399178489350E-03    1.687422610656E-02
    1.883684202873E+00
    1.636506062953E-02   -1.402939661321E-03
   -1.402939661321E-03    1.695821593115E-02
    1.903153667373E+00
    1.646013184443E-02   -1.406685714771E-03
   -1.406685714771E-03    1.704169652141E-02
    1.922723231947E+00
    1.655480660486E-02   -1.410415470087E-03
   -1.410415470087E-03    1.712462022189E-02
    1.942392896596E+00
    1.664903691841E-02   -1.414127727251E-03
   -1.414127727251E-03    1.720693827164E-02
    1.962162661320E+00
    1.674277365202E-02   -1.417821266003E-03
   -1.417821266003E-03    1.728860081611E-02
    1.982032526118E+00
    1.683596654437E-02   -1.421494846032E-03
   -1.421494846032E-03    1.736955692144E-02
    2.002002490991E+00
    1.692856422068E-02   -1.425147207185E-03
   -1.425147207185E-03    1.744975459120E-02
    2.022072555938E+00
    1.702051421014E-02   -1.428777069715E-03
   -1.428777069715E-03    1.752914078572E-02
    2.042242720960E+00
    1.711176296585E-02   -1.432383134556E-03
   -1.432383134556E-03    1.760766144408E-02
    2.062512986056E+00
    1.720225588764E-02   -1.435964083626E-03
   -1.435964083626E-03    1.768526150885E-02
    2.082883351227E+00
    1.729193734759E-02   -1.439518580167E-03
   -1.439518580167E-03    1.776188495358E-02
    2.103353816472E+00
    1.738075071852E-02   -1.443045269110E-03
   -1.443045269110E-03    1.783747481334E-02
    2.123924381792E+00
    1.746863840542E-02   -1.446542777479E-03
   -1.446542777479E-03    1.791197321813E-02
    2.144595047186E+00
    1.755554187999E-02   -1.450009714830E-03
   -1.450009714830E-03    1.798532142941E-02
    2.165365812655E+00
    1.764140171823E-02   -1.453444673718E-03
   -1.453444673718E-03    1.805745987973E-02
    2.186236678199E+00
    1.772615764132E-02   -1.456846230206E-03
   -1.456846230206E-03    1.812832821557E-02
    2.207207643817E+00
    1.780974855963E-02   -1.460212944406E-03
   -1.460212944406E-03    1.819786534340E-02
    2.228278709510E+00
    1.789211262015E-02   -1.463543361059E-03
   -1.463543361059E-03    1.826600947904E-02
    2.249449875277E+00
    1.797318725715E-02   -1.466836010148E-03
   -1.466836010148E-03    1.833269820038E-02
    2.270721141119E+00
    1.805290924632E-02   -1.470089407556E-03
   -1.470089407556E-03    1.839786850335E-02
    2.292092507035E+00
    1.813121476222E-02   -1.473302055754E-03
   -1.473302055754E-03    1.846145686145E-02
    2.313563973026E+00
    1.820803943920E-02   -1.476472444530E-03
   -1.476472444530E-03    1.852339928846E-02
    2.335135539091E+00
    1.828331843570E-02   -1.479599051761E-03
   -1.479599051761E-03    1.858363140474E-02
    2.356807205231E+00
    1.835698650202E-02   -1.482680344216E-03
   -1.482680344216E-03    1.864208850676E-02
    2.378578971446E+00
    1.842897805145E-02   -1.485714778404E-03
   -1.485714778404E-03    1.869870564008E-02
    2.400450837735E+00
    1.849922723472E-02   -1.488700801457E-03
   -1.488700801457E-03    1.875341767563E-02
    2.422422804099E+00
    1.856766801789E-02   -1.491636852053E-03
   -1.491636852053E-03    1.880615938924E-02
    2.444494870537E+00
    1.863423426341E-02   -1.494521361380E-03
   -1.494521361380E-03    1.885686554444E-02
    2.466667037050E+00
    1.869885981440E-02   -1.497352754134E-03
   -1.497352754134E-03    1.890547097838E-02
    2.488939303637E+00
    1.876147858209E-02   -1.500129449558E-03
   -1.500129449558E-03    1.895191069076E-02
    2.511311670299E+00
    1.882202463617E-02   -1.502849862519E-03
   -1.502849862519E-03    1.899611993581E-02
    2.533784137035E+00
    1.888043229819E-02   -1.505512404616E-03
   -1.505512404616E-03    1.903803431703E-02
    2.556356703846E+00
    1.893663623758E-02   -1.508115485336E-03
   -1.508115485336E-03    1.907758988460E-02
    2.579029370731E+00
    1.899057157042E-02   -1.510657513232E-03
   -1.510657513232E-03    1.911472323547E-02
    2.601802137691E+00
    1.904217396057E-02   -1.513136897143E-03
   -1.513136897143E-03    1.914937161565E-02
    2.624675004726E+00
    1.909137972318E-02   -1.515552047449E-03
   -1.515552047449E-03    1.918147302489E-02
    2.647647971835E+00
    1.913812593024E-02   -1.517901377354E-03
   -1.517901377354E-03    1.921096632321E-02
    2.670721039019E+00
    1.918235051804E-02   -1.520183304202E-03
   -1.520183304202E-03    1.923779133932E-02
    2.693894206277E+00
    1.922399239626E-02   -1.522396250820E-03
   -1.522396250820E-03    1.926188898055E-02
    2.717167473610E+00
    1.926299155858E-02   -1.524538646895E-03
   -1.524538646895E-03    1.928320134413E-02
    2.740540841017E+00
    1.929928919431E-02   -1.526608930372E-03
   -1.526608930372E-03    1.930167182952E-02
    2.764014308499E+00
    1.933282780105E-02   -1.528605548880E-03
   -1.528605548880E-03    1.931724525152E-02
    2.787587876055E+00
    1.936355129794E-02   -1.530526961176E-03
   -1.530526961176E-03    1.932986795388E-02
    2.811261543686E+00
    1.939140513916E-02   -1.532371638618E-03
   -1.532371638618E-03    1.933948792313E-02
    2.835035311392E+00
    1.941633642754E-02   -1.534138066648E-03
   -1.534138066648E-03    1.934605490228E-02
    2.858909179172E+00
    1.943829402781E-02   -1.535824746298E-03
   -1.535824746298E-03    1.934952050408E-02
    2.882883147026E+00
    1.945722867922E-02   -1.537430195707E-03
   -1.537430195707E-03    1.934983832351E-02
    2.906957214956E+00
    1.947309310717E-02   -1.538952951646E-03
   -1.538952951646E-03    1.934696404920E-02
    2.931131382959E+00
    1.948584213357E-02   -1.540391571062E-03
   -1.540391571062E-03    1.934085557327E-02
    2.955405651038E+00
    1.949543278541E-02   -1.541744632618E-03
   -1.541744632618E-03    1.933147309949E-02
    2.979780019190E+00
    1.950182440142E-02   -1.543010738243E-03
   -1.543010738243E-03    1.931877924916E-02
    3.004254487418E+00
    1.950497873618E-02   -1.544188514679E-03
   -1.544188514679E-03    1.930273916441E-02
    3.028829055720E+00
    1.950486006160E-02   -1.545276615030E-03
   -1.545276615030E-03    1.928332060870E-02
    3.053503724096E+00
    1.950143526510E-02   -1.546273720299E-03
   -1.546273720299E-03    1.926049406386E-02
    3.078278492547E+00
    1.949467394439E-02   -1.547178540925E-03
   -1.547178540925E-03    1.923423282361E-02
    3.103153361073E+00
    1.948454849837E-02   -1.547989818302E-03
   -1.547989818302E-03    1.920451308294E-02
    3.128128329673E+00
    1.947103421366E-02   -1.548706326287E-03
   -1.548706326287E-03    1.917131402318E-02
    3.153203398347E+00
    1.945410934675E-02   -1.549326872688E-03
   -1.549326872688E-03    1.913461789226E-02
    3.178378567097E+00
    1.943375520099E-02   -1.549850300734E-03
   -1.549850300734E-03    1.909441007992E-02
    3.203653835920E+00
    1.940995619848E-02   -1.550275490520E-03
   -1.550275490520E-03    1.905067918749E-02
    3.229029204819E+00
    1.938269994625E-02   -1.550601360418E-03
   -1.550601360418E-03    1.900341709190E-02
    3.254504673792E+00
    1.935197729660E-02   -1.550826868470E-03
   -1.550826868470E-03    1.895261900366E-02
    3.280080242839E+00
    1.931778240120E-02   -1.550951013735E-03
   -1.550951013735E-03    1.889828351846E-02
    3.305755911961E+00
    1.928011275874E-02   -1.550972837606E-03
   -1.550972837606E-03    1.884041266220E-02
    3.331531681157E+00
    1.923896925585E-02   -1.550891425085E-03
   -1.550891425085E-03    1.877901192908E-02
    3.357407550429E+00
    1.919435620101E-02   -1.550705906013E-03
   -1.550705906013E-03    1.871409031267E-02
    3.383383519774E+00
    1.914628135135E-02   -1.550415456257E-03
   -1.550415456257E-03    1.864566032956E-02
    3.409459589194E+00
    1.909475593203E-02   -1.550019298842E-03
   -1.550019298842E-03    1.857373803563E-02
    3.435635758689E+00
    1.903979464814E-02   -1.549516705040E-03
   -1.549516705040E-03    1.849834303458E-02
    3.461912028258E+00
    1.898141568888E-02   -1.548906995395E-03
   -1.548906995395E-03    1.841949847869E-02
    3.488288397902E+00
    1.891964072405E-02   -1.548189540696E-03
   -1.548189540696E-03    1.833723106177E-02
    3.514764867620E+00
    1.885449489259E-02   -1.547363762887E-03
   -1.547363762887E-03    1.825157100400E-02
    3.541341437413E+00
    1.878600678338E-02   -1.546429135918E-03
   -1.546429135918E-03    1.816255202897E-02
    3.568018107281E+00
    1.871420840794E-02   -1.545385186528E-03
   -1.545385186528E-03    1.807021133252E-02
    3.594794877223E+00
    1.863913516544E-02   -1.544231494962E-03
   -1.544231494962E-03    1.797458954373E-02
    3.621671747239E+00
    1.856082579967E-02   -1.542967695621E-03
   -1.542967695621E-03    1.787573067791E-02
    3.648648717330E+00
    1.847932234840E-02   -1.541593477643E-03
   -1.541593477643E-03    1.777368208178E-02
    3.675725787496E+00
    1.839467008499E-02   -1.540108585404E-03
   -1.540108585404E-03    1.766849437082E-02
    3.702902957736E+00
    1.830691745249E-02   -1.538512818958E-03
   -1.538512818958E-03    1.756022135920E-02
    3.730180228051E+00
    1.821611599039E-02   -1.536806034393E-03
   -1.536806034393E-03    1.744891998215E-02
    3.757557598440E+00
    1.812232025426E-02   -1.534988144116E-03
   -1.534988144116E-03    1.733465021119E-02
    3.785035068904E+00
    1.802558772844E-02   -1.533059117059E-03
   -1.533059117059E-03    1.721747496242E-02
    3.812612639443E+00
    1.792597873203E-02   -1.531018978811E-03
   -1.531018978811E-03    1.709745999807E-02
    3.840290310055E+00
    1.782355631859E-02   -1.528867811674E-03
   -1.528867811674E-03    1.697467382171E-02
    3.868068080743E+00
    1.771838616971E-02   -1.526605754634E-03
   -1.526605754634E-03    1.684918756727E-02
    3.895945951505E+00
    1.761053648285E-02   -1.524233003268E-03
   -1.524233003268E-03    1.672107488246E-02
    3.923923922342E+00
    1.750007785385E-02   -1.521749809559E-03
   -1.521749809559E-03    1.659041180670E-02
    3.952001993253E+00
    1.738708315438E-02   -1.519156481647E-03
   -1.519156481647E-03    1.645727664412E-02
    3.980180164238E+00
    1.727162740487E-02   -1.516453383499E-03
   -1.516453383499E-03    1.632174983195E-02
    4.008458435299E+00
    1.715378764315E-02   -1.513640934500E-03
   -1.513640934500E-03    1.618391380474E-02
    4.036836806433E+00
    1.703364278940E-02   -1.510719608983E-03
   -1.510719608983E-03    1.604385285489E-02
    4.065315277643E+00
    1.691127350777E-02   -1.507689935670E-03
   -1.507689935670E-03    1.590165298985E-02
    4.093893848927E+00
    1.678676206509E-02   -1.504552497056E-03
   -1.504552497056E-03    1.575740178651E-02
    4.122572520285E+00
    1.666019218717E-02   -1.501307928716E-03
   -1.501307928716E-03    1.561118824321E-02
    4.151351291718E+00
    1.653164891315E-02   -1.497956918546E-03
   -1.497956918546E-03    1.546310262990E-02
    4.180230163226E+00
    1.640121844836E-02   -1.494500205942E-03
   -1.494500205942E-03    1.531323633681E-02
    4.209209134808E+00
    1.626898801615E-02   -1.490938580909E-03
   -1.490938580909E-03    1.516168172222E-02
    4.238288206464E+00
    1.613504570910E-02   -1.487272883119E-03
   -1.487272883119E-03    1.500853195971E-02
    4.267467378196E+00
    1.599948034019E-02   -1.483504000897E-03
   -1.483504000897E-03    1.485388088542E-02
    4.296746650001E+00
    1.586238129431E-02   -1.479632870166E-03
   -1.479632870166E-03    1.469782284569E-02
    4.326126021882E+00
    1.572383838045E-02   -1.475660473326E-03
   -1.475660473326E-03    1.454045254570E-02
    4.355605493836E+00
    1.558394168525E-02   -1.471587838091E-03
   -1.471587838091E-03    1.438186489932E-02
    4.385185065866E+00
    1.544278142813E-02   -1.467416036276E-03
   -1.467416036276E-03    1.422215488076E-02
    4.414864737970E+00
    1.530044781843E-02   -1.463146182535E-03
   -1.463146182535E-03    1.406141737840E-02
    4.444644510148E+00
    1.515703091503E-02   -1.458779433067E-03
   -1.458779433067E-03    1.389974705117E-02
    4.474524382401E+00
    1.501262048882E-02   -1.454316984276E-03
   -1.454316984276E-03    1.373723818786E-02
    4.504504354729E+00
    1.486730588822E-02   -1.449760071397E-03
   -1.449760071397E-03    1.357398456972E-02
    4.534584427131E+00
    1.472117590836E-02   -1.445109967091E-03
   -1.445109967091E-03    1.341007933673E-02
    4.564764599608E+00
    1.457431866392E-02   -1.440367980015E-03
   -1.440367980015E-03    1.324561485775E-02
    4.595044872159E+00
    1.442682146620E-02   -1.435535453359E-03
   -1.435535453359E-03    1.308068260503E-02
    4.625425244785E+00
    1.427877070447E-02   -1.430613763366E-03
   -1.430613763366E-03    1.291537303311E-02
    4.655905717485E+00
    1.413025173203E-02   -1.425604317831E-03
   -1.425604317831E-03    1.274977546254E-02
    4.686486290260E+00
    1.398134875705E-02   -1.420508554587E-03
   -1.420508554587E-03    1.258397796863E-02
    4.717166963109E+00
    1.383214473844E-02   -1.415327939970E-03
   -1.415327939970E-03    1.241806727529E-02
    4.747947736033E+00
    1.368272128701E-02   -1.410063967289E-03
   -1.410063967289E-03    1.225212865427E-02
    4.778828609032E+00
    1.353315857187E-02   -1.404718155272E-03
   -1.404718155272E-03    1.208624582991E-02
    4.809809582105E+00
    1.338353523242E-02   -1.399292046523E-03
   -1.399292046523E-03    1.192050088950E-02
    4.840890655253E+00
    1.323392829583E-02   -1.393787205971E-03
   -1.393787205971E-03    1.175497419935E-02
    4.872071828475E+00
    1.308441310025E-02   -1.388205219323E-03
   -1.388205219323E-03    1.158974432667E-02
    4.903353101771E+00
    1.293506322364E-02   -1.382547691520E-03
   -1.382547691520E-03    1.142488796729E-02
    4.934734475143E+00
    1.278595041840E-02   -1.376816245207E-03
   -1.376816245207E-03    1.126047987923E-02
    4.966215948589E+00
    1.263714455173E-02   -1.371012519205E-03
   -1.371012519205E-03    1.109659282221E-02
    4.997797522109E+00
    1.248871355163E-02   -1.365138167002E-03
   -1.365138167002E-03    1.093329750291E-02
    5.029479195704E+00
    1.234072335874E-02   -1.359194855256E-03
   -1.359194855256E-03    1.077066252618E-02
    5.061260969373E+00
    1.219323788363E-02   -1.353184262318E-03
   -1.353184262318E-03    1.060875435188E-02
    5.093142843117E+00
    1.204631896981E-02   -1.347108076772E-03
   -1.347108076772E-03    1.044763725753E-02
    5.125124816936E+00
    1.190002636212E-02   -1.340967995997E-03
   -1.340967995997E-03    1.028737330646E-02
    5.157206890829E+00
    1.175441768050E-02   -1.334765724755E-03
   -1.334765724755E-03    1.012802232150E-02
    5.189389064797E+00
    1.160954839899E-02   -1.328502973802E-03
   -1.328502973802E-03    9.969641864025E-03
    5.221671338839E+00
    1.146547182988E-02   -1.322181458525E-03
   -1.322181458525E-03    9.812287218168E-03
    5.254053712956E+00
    1.132223911276E-02   -1.315802897611E-03
   -1.315802897611E-03    9.656011380187E-03
    5.286536187147E+00
    1.117989920841E-02   -1.309369011744E-03
   -1.309369011744E-03    9.500865052681E-03
    5.319118761413E+00
    1.103849889731E-02   -1.302881522333E-03
   -1.302881522333E-03    9.346896643556E-03
    5.351801435753E+00
    1.089808278259E-02   -1.296342150270E-03
   -1.296342150270E-03    9.194152269553E-03
    5.384584210168E+00
    1.075869329726E-02   -1.289752614730E-03
   -1.289752614730E-03    9.042675764133E-03
    5.417467084658E+00
    1.062037071550E-02   -1.283114631993E-03
   -1.283114631993E-03    8.892508689530E-03
    5.450450059222E+00
    1.048315316787E-02   -1.276429914313E-03
   -1.276429914313E-03    8.743690352776E-03
    5.483533133861E+00
    1.034707666013E-02   -1.269700168813E-03
   -1.269700168813E-03    8.596257825484E-03
    5.516716308574E+00
    1.021217509559E-02   -1.262927096426E-03
   -1.262927096426E-03    8.450245967186E-03
    5.549999583361E+00
    1.007848030068E-02   -1.256112390862E-03
   -1.256112390862E-03    8.305687452012E-03
    5.583382958224E+00
    9.946022053632E-03   -1.249257737624E-03
   -1.249257737624E-03    8.162612798503E-03
    5.616866433161E+00
    9.814828115924E-03   -1.242364813054E-03
   -1.242364813054E-03    8.021050402337E-03
    5.650450008172E+00
    9.684924266469E-03   -1.235435283415E-03
   -1.235435283415E-03    7.881026571766E-03
    5.684133683258E+00
    9.556334338168E-03   -1.228470804020E-03
   -1.228470804020E-03    7.742565565549E-03
    5.717917458418E+00
    9.429080256706E-03   -1.221473018392E-03
   -1.221473018392E-03    7.605689633180E-03
    5.751801333653E+00
    9.303182081404E-03   -1.214443557458E-03
   -1.214443557458E-03    7.470419057188E-03
    5.785785308963E+00
    9.178658047873E-03   -1.207384038793E-03
   -1.207384038793E-03    7.336772197339E-03
    5.819869384347E+00
    9.055524612340E-03   -1.200296065888E-03
   -1.200296065888E-03    7.204765536512E-03
    5.854053559806E+00
    8.933796497399E-03   -1.193181227464E-03
   -1.193181227464E-03    7.074413728079E-03
    5.888337835339E+00
    8.813486739052E-03   -1.186041096820E-03
   -1.186041096820E-03    6.945729644592E-03
    5.922722210947E+00
    8.694606734831E-03   -1.178877231212E-03
   -1.178877231212E-03    6.818724427603E-03
    5.957206686629E+00
    8.577166292846E-03   -1.171691171278E-03
   -1.171691171278E-03    6.693407538435E-03
    5.991791262386E+00
    8.461173681595E-03   -1.164484440489E-03
   -1.164484440489E-03    6.569786809741E-03
    6.026475938217E+00
    8.346635680357E-03   -1.157258544636E-03
   -1.157258544636E-03    6.447868497693E-03
    6.061260714123E+00
    8.233557630054E-03   -1.150014971358E-03
   -1.150014971358E-03    6.327657334637E-03
    6.096145590104E+00
    8.121943484390E-03   -1.142755189693E-03
   -1.142755189693E-03    6.209156582075E-03
    6.131130566159E+00
    8.011795861184E-03   -1.135480649665E-03
   -1.135480649665E-03    6.092368083830E-03
    6.166215642288E+00
    7.903116093712E-03   -1.128192781909E-03
   -1.128192781909E-03    5.977292319264E-03
    6.201400818493E+00
    7.795904281976E-03   -1.120892997317E-03
   -1.120892997317E-03    5.863928456417E-03
    6.236686094771E+00
    7.690159343770E-03   -1.113582686717E-03
   -1.113582686717E-03    5.752274404964E-03
    6.272071471125E+00
    7.585879065425E-03   -1.106263220587E-03
   -1.106263220587E-03    5.642326868858E-03
    6.307556947552E+00
    7.483060152151E-03   -1.098935948791E-03
   -1.098935948791E-03    5.534081398570E-03
    6.343142524055E+00
    7.381698277869E-03   -1.091602200343E-03
   -1.091602200343E-03    5.427532442834E-03
    6.378828200632E+00
    7.281788134445E-03   -1.084263283198E-03
   -1.084263283198E-03    5.322673399788E-03
    6.414613977283E+00
    7.183323480255E-03   -1.076920484072E-03
   -1.076920484072E-03    5.219496667453E-03
    6.450499854009E+00
    7.086297187999E-03   -1.069575068285E-03
   -1.069575068285E-03    5.117993693452E-03
    6.486485830810E+00
    6.990701291704E-03   -1.062228279621E-03
   -1.062228279621E-03    5.018155023920E-03
    6.522571907685E+00
    6.896527032845E-03   -1.054881340224E-03
   -1.054881340224E-03    4.919970351529E-03
    6.558758084634E+00
    6.803764905541E-03   -1.047535450504E-03
   -1.047535450504E-03    4.823428562574E-03
    6.595044361659E+00
    6.712404700767E-03   -1.040191789074E-03
   -1.040191789074E-03    4.728517783080E-03
    6.631430738757E+00
    6.622435549557E-03   -1.032851512698E-03
   -1.032851512698E-03    4.635225423870E-03
    6.667917215931E+00
    6.533845965124E-03   -1.025515756265E-03
   -1.025515756265E-03    4.543538224570E-03
    6.704503793178E+00
    6.446623883915E-03   -1.018185632780E-03
   -1.018185632780E-03    4.453442296499E-03
    6.741190470501E+00
    6.360756705521E-03   -1.010862233375E-03
   -1.010862233375E-03    4.364923164445E-03
    6.777977247898E+00
    6.276231331472E-03   -1.003546627328E-03
   -1.003546627328E-03    4.277965807265E-03
    6.814864125369E+00
    6.193034202842E-03   -9.962398621095E-04
   -9.962398621095E-04    4.192554697327E-03
    6.851851102915E+00
    6.111151336711E-03   -9.889429634380E-04
   -9.889429634380E-04    4.108673838753E-03
    6.888938180536E+00
    6.030568361419E-03   -9.816569353510E-04
   -9.816569353510E-04    4.026306804463E-03
    6.926125358231E+00
    5.951270550635E-03   -9.743827602902E-04
   -9.743827602902E-04    3.945436772013E-03
    6.963412636001E+00
    5.873242856253E-03   -9.671213991995E-04
   -9.671213991995E-04    3.866046558221E-03
    7.000800013845E+00
    5.796469940067E-03   -9.598737916351E-04
   -9.598737916351E-04    3.788118652586E-03
    7.038287491764E+00
    5.720936204275E-03   -9.526408558877E-04
   -9.526408558877E-04    3.711635249492E-03
    7.075875069757E+00
    5.646625820796E-03   -9.454234891151E-04
   -9.454234891151E-04    3.636578279216E-03
    7.113562747825E+00
    5.573522759424E-03   -9.382225674848E-04
   -9.382225674848E-04    3.562929437741E-03
    7.151350525968E+00
    5.501610814799E-03   -9.310389463272E-04
   -9.310389463272E-04    3.490670215384E-03
    7.189238404185E+00
    5.430873632257E-03   -9.238734602963E-04
   -9.238734602963E-04    3.419781924262E-03
    7.227226382476E+00
    5.361294732527E-03   -9.167269235398E-04
   -9.167269235398E-04    3.350245724596E-03
    7.265314460842E+00
    5.292857535325E-03   -9.096001298767E-04
   -9.096001298767E-04    3.282042649885E-03
    7.303502639283E+00
    5.225545381853E-03   -9.024938529818E-04
   -9.024938529818E-04    3.215153630955E-03
    7.341790917798E+00
    5.159341556217E-03   -8.954088465771E-04
   -8.954088465771E-04    3.149559518919E-03
    7.380179296388E+00
    5.094229305795E-03   -8.883458446293E-04
   -8.883458446293E-04    3.085241107055E-03
    7.418667775052E+00
    5.030191860578E-03   -8.813055615531E-04
   -8.813055615531E-04    3.022179151632E-03
    7.457256353791E+00
    4.967212451504E-03   -8.742886924189E-04
   -8.742886924189E-04    2.960354391707E-03
    7.495945032604E+00
    4.905274327808E-03   -8.672959131666E-04
   -8.672959131666E-04    2.899747567917E-03
    7.534733811492E+00
    4.844360773421E-03   -8.603278808222E-04
   -8.603278808222E-04    2.840339440292E-03
    7.573622690455E+00
    4.784455122436E-03   -8.533852337191E-04
   -8.533852337191E-04    2.782110805112E-03
    7.612611669492E+00
    4.725540773672E-03   -8.464685917229E-04
   -8.464685917229E-04    2.725042510839E-03
    7.651700748603E+00
    4.667601204365E-03   -8.395785564581E-04
   -8.395785564581E-04    2.669115473148E-03
    7.690889927790E+00
    4.610619982999E-03   -8.327157115403E-04
   -8.327157115403E-04    2.614310689083E-03
    7.730179207050E+00
    4.554580781340E-03   -8.258806228067E-04
   -8.258806228067E-04    2.560609250370E-03
    7.769568586385E+00
    4.499467385642E-03   -8.190738385527E-04
   -8.190738385527E-04    2.507992355907E-03
    7.809058065795E+00
    4.445263707123E-03   -8.122958897672E-04
   -8.122958897672E-04    2.456441323466E-03
    7.848647645280E+00
    4.391953791659E-03   -8.055472903714E-04
   -8.055472903714E-04    2.405937600629E-03
    7.888337324839E+00
    4.339521828816E-03   -7.988285374575E-04
   -7.988285374575E-04    2.356462774985E-03
    7.928127104472E+00
    4.287952160148E-03   -7.921401115290E-04
   -7.921401115290E-04    2.307998583620E-03
    7.968016984180E+00
    4.237229286865E-03   -7.854824767412E-04
   -7.854824767412E-04    2.260526921922E-03
    8.008006963962E+00
    4.187337876865E-03   -7.788560811430E-04
   -7.788560811430E-04    2.214029851728E-03
    8.048097043820E+00
    4.138262771153E-03   -7.722613569177E-04
   -7.722613569177E-04    2.168489608839E-03
    8.088287223751E+00
    4.089988989678E-03   -7.656987206248E-04
   -7.656987206248E-04    2.123888609930E-03
    8.128577503757E+00
    4.042501736622E-03   -7.591685734414E-04
   -7.591685734414E-04    2.080209458880E-03
    8.168967883838E+00
    3.995786405152E-03   -7.526713014028E-04
   -7.526713014028E-04    2.037434952545E-03
    8.209458363993E+00
    3.949828581659E-03   -7.462072756436E-04
   -7.462072756436E-04    1.995548085995E-03
    8.250048944223E+00
    3.904614049532E-03   -7.397768526370E-04
   -7.397768526370E-04    1.954532057252E-03
    8.290739624528E+00
    3.860128792444E-03   -7.333803744339E-04
   -7.333803744339E-04    1.914370271535E-03
    8.331530404907E+00
    3.816358997228E-03   -7.270181689011E-04
   -7.270181689011E-04    1.875046345040E-03
    8.372421285360E+00
    3.773291056309E-03   -7.206905499583E-04
   -7.206905499583E-04    1.836544108290E-03
    8.413412265888E+00
    3.730911569768E-03   -7.143978178140E-04
   -7.143978178140E-04    1.798847609053E-03
    8.454503346491E+00
    3.689207347006E-03   -7.081402591999E-04
   -7.081402591999E-04    1.761941114869E-03
    8.495694527168E+00
    3.648165408068E-03   -7.019181476039E-04
   -7.019181476039E-04    1.725809115194E-03
    8.536985807919E+00
    3.607772984632E-03   -6.957317435022E-04
   -6.957317435022E-04    1.690436323190E-03
    8.578377188746E+00
    3.568017520669E-03   -6.895812945893E-04
   -6.895812945893E-04    1.655807677165E-03
    8.619868669646E+00
    3.528886672819E-03   -6.834670360063E-04
   -6.834670360063E-04    1.621908341703E-03
    8.661460250622E+00
    3.490368310481E-03   -6.773891905676E-04
   -6.773891905676E-04    1.588723708479E-03
    8.703151931672E+00
    3.452450515628E-03   -6.713479689864E-04
   -6.713479689864E-04    1.556239396790E-03
    8.744943712796E+00
    3.415121582397E-03   -6.653435700977E-04
   -6.653435700977E-04    1.524441253821E-03
    8.786835593995E+00
    3.378370016421E-03   -6.593761810790E-04
   -6.593761810790E-04    1.493315354646E-03
    8.828827575269E+00
    3.342184533964E-03   -6.534459776708E-04
   -6.534459776708E-04    1.462848001993E-03
    8.870919656617E+00
    3.306554060846E-03   -6.475531243927E-04
   -6.475531243927E-04    1.433025725788E-03
    8.913111838039E+00
    3.271467731174E-03   -6.416977747602E-04
   -6.416977747602E-04    1.403835282484E-03
    8.955404119537E+00
    3.236914885907E-03   -6.358800714969E-04
   -6.358800714969E-04    1.375263654188E-03
    8.997796501108E+00
    3.202885071256E-03   -6.301001467464E-04
   -6.301001467464E-04    1.347298047615E-03
    9.040288982755E+00
    3.169368036929E-03   -6.243581222811E-04
   -6.243581222811E-04    1.319925892857E-03
    9.082881564475E+00
    3.136353734244E-03   -6.186541097098E-04
   -6.186541097098E-04    1.293134842003E-03
    9.125574246271E+00
    3.103832314106E-03   -6.129882106823E-04
   -6.129882106823E-04    1.266912767602E-03
    9.168367028141E+00
    3.071794124889E-03   -6.073605170919E-04
   -6.073605170919E-04    1.241247760992E-03
    9.211259910085E+00
    3.040229710165E-03   -6.017711112766E-04
   -6.017711112766E-04    1.216128130500E-03
    9.254252892104E+00
    3.009129806406E-03   -5.962200662171E-04
   -5.962200662171E-04    1.191542399528E-03
    9.297345974198E+00
    2.978485340526E-03   -5.907074457331E-04
   -5.907074457331E-04    1.167479304528E-03
    9.340539156366E+00
    2.948287427406E-03   -5.852333046776E-04
   -5.852333046776E-04    1.143927792875E-03
    9.383832438609E+00
    2.918527367296E-03   -5.797976891284E-04
   -5.797976891284E-04    1.120877020658E-03
    9.427225820926E+00
    2.889196643197E-03   -5.744006365777E-04
   -5.744006365777E-04    1.098316350381E-03
    9.470719303317E+00
    2.860286918166E-03   -5.690421761197E-04
   -5.690421761197E-04    1.076235348593E-03
    9.514312885784E+00
    2.831790032573E-03   -5.637223286360E-04
   -5.637223286360E-04    1.054623783453E-03
    9.558006568325E+00
    2.803698001335E-03   -5.584411069781E-04
   -5.584411069781E-04    1.033471622230E-03
    9.601800350940E+00
    2.776003011087E-03   -5.531985161485E-04
   -5.531985161485E-04    1.012769028755E-03
    9.645694233630E+00
    2.748697417357E-03   -5.479945534792E-04
   -5.479945534792E-04    9.925063608212E-04
    9.689688216395E+00
    2.721773741685E-03   -5.428292088084E-04
   -5.428292088084E-04    9.726741675473E-04
    9.733782299234E+00
    2.695224668755E-03   -5.377024646540E-04
   -5.377024646540E-04    9.532631867032E-04
    9.777976482147E+00
    2.669043043490E-03   -5.326142963864E-04
   -5.326142963864E-04    9.342643420054E-04
    9.822270765135E+00
    2.643221868160E-03   -5.275646723979E-04
   -5.275646723979E-04    9.156687403883E-04
    9.866665148198E+00
    2.617754299466E-03   -5.225535542705E-04
   -5.225535542705E-04    8.974676692546E-04
    9.911159631335E+00
    2.592633645644E-03   -5.175808969412E-04
   -5.175808969412E-04    8.796525937097E-04
    9.955754214547E+00
    2.567853363556E-03   -5.126466488658E-04
   -5.126466488658E-04    8.622151537848E-04
    1.000044889783E+01
    2.543407055804E-03   -5.077507521796E-04
   -5.077507521796E-04    8.451471616516E-04
    1.004524368119E+01
    2.519288467849E-03   -5.028931428568E-04
   -5.028931428568E-04    8.284405988332E-04
    1.009013856463E+01
    2.495491485146E-03   -4.980737508674E-04
   -4.980737508674E-04    8.120876134143E-04
    1.013513354814E+01
    2.472010130289E-03   -4.932925003320E-04
   -4.932925003320E-04    7.960805172538E-04
    1.018022863172E+01
    2.448838560193E-03   -4.885493096743E-04
   -4.885493096743E-04    7.804117832030E-04
    1.022542381538E+01
    2.425971063282E-03   -4.838440917724E-04
   -4.838440917724E-04    7.650740423320E-04
    1.027071909912E+01
    2.403402056708E-03   -4.791767541064E-04
   -4.791767541064E-04    7.500600811673E-04
    1.031611448293E+01
    2.381126083610E-03   -4.745471989058E-04
   -4.745471989058E-04    7.353628389427E-04
    1.036160996681E+01
    2.359137810367E-03   -4.699553232931E-04
   -4.699553232931E-04    7.209754048657E-04
    1.040720555077E+01
    2.337432023936E-03   -4.654010194270E-04
   -4.654010194270E-04    7.068910154018E-04
    1.045290123480E+01
    2.316003629159E-03   -4.608841746421E-04
   -4.608841746421E-04    6.931030515781E-04
    1.049869701890E+01
    2.294847646157E-03   -4.564046715873E-04
   -4.564046715873E-04    6.796050363092E-04
    1.054459290308E+01
    2.273959207737E-03   -4.519623883623E-04
   -4.519623883623E-04    6.663906317450E-04
    1.059058888734E+01
    2.253333556820E-03   -4.475571986520E-04
   -4.475571986520E-04    6.534536366437E-04
    1.063668497167E+01
    2.232966043951E-03   -4.431889718583E-04
   -4.431889718583E-04    6.407879837710E-04
    1.068288115608E+01
    2.212852124787E-03   -4.388575732308E-04
   -4.388575732308E-04    6.283877373259E-04
    1.072917744055E+01
    2.192987357677E-03   -4.345628639952E-04
   -4.345628639952E-04    6.162470903947E-04
    1.077557382511E+01
    2.173367401260E-03   -4.303047014793E-04
   -4.303047014793E-04    6.043603624353E-04
    1.082207030974E+01
    2.153988012089E-03   -4.260829392379E-04
   -4.260829392379E-04    5.927219967904E-04
    1.086866689444E+01
    2.134845042322E-03   -4.218974271750E-04
   -4.218974271750E-04    5.813265582328E-04
    1.091536357922E+01
    2.115934437452E-03   -4.177480116647E-04
   -4.177480116647E-04    5.701687305420E-04
    1.096216036407E+01
    2.097252234039E-03   -4.136345356697E-04
   -4.136345356697E-04    5.592433141132E-04
    1.100905724899E+01
    2.078794557544E-03   -4.095568388577E-04
   -4.095568388577E-04    5.485452235994E-04
    1.105605423400E+01
    2.060557620152E-03   -4.055147577175E-04
   -4.055147577175E-04    5.380694855871E-04
    1.110315131907E+01
    2.042537718683E-03   -4.015081256707E-04
   -4.015081256707E-04    5.278112363052E-04
    1.115034850422E+01
    2.024731232499E-03   -3.975367731835E-04
   -3.975367731835E-04    5.177657193692E-04
    1.119764578945E+01
    2.007134621477E-03   -3.936005278764E-04
   -3.936005278764E-04    5.079282835585E-04
    1.124504317475E+01
    1.989744424039E-03   -3.896992146309E-04
   -3.896992146309E-04    4.982943806296E-04
    1.129254066012E+01
    1.972557255188E-03   -3.858326556959E-04
   -3.858326556959E-04    4.888595631634E-04
    1.134013824557E+01
    1.955569804608E-03   -3.820006707911E-04
   -3.820006707911E-04    4.796194824477E-04
    1.138783593109E+01
    1.938778834804E-03   -3.782030772094E-04
   -3.782030772094E-04    4.705698863947E-04
    1.143563371669E+01
    1.922181179280E-03   -3.744396899170E-04
   -3.744396899170E-04    4.617066174932E-04
    1.148353160236E+01
    1.905773740745E-03   -3.707103216520E-04
   -3.707103216520E-04    4.530256107965E-04
    1.153152958811E+01
    1.889553489394E-03   -3.670147830213E-04
   -3.670147830213E-04    4.445228919441E-04
    1.157962767393E+01
    1.873517461174E-03   -3.633528825953E-04
   -3.633528825953E-04    4.361945752192E-04
    1.162782585982E+01
    1.857662756145E-03   -3.597244270015E-04
   -3.597244270015E-04    4.280368616404E-04
    1.167612414579E+01
    1.841986536853E-03   -3.561292210161E-04
   -3.561292210161E-04    4.200460370877E-04
    1.172452253184E+01
    1.826486026729E-03   -3.525670676537E-04
   -3.525670676537E-04    4.122184704632E-04
    1.177302101796E+01
    1.811158508554E-03   -3.490377682555E-04
   -3.490377682555E-04    4.045506118851E-04
    1.182161960415E+01
    1.796001322944E-03   -3.455411225759E-04
   -3.455411225759E-04    3.970389909167E-04
    1.187031829042E+01
    1.781011866877E-03   -3.420769288673E-04
   -3.420769288673E-04    3.896802148273E-04
    1.191911707676E+01
    1.766187592240E-03   -3.386449839634E-04
   -3.386449839634E-04    3.824709668876E-04
    1.196801596318E+01
    1.751526004457E-03   -3.352450833605E-04
   -3.352450833605E-04    3.754080046973E-04
    1.201701494967E+01
    1.737024661082E-03   -3.318770212977E-04
   -3.318770212977E-04    3.684881585456E-04
    1.206611403624E+01
    1.722681170506E-03   -3.285405908354E-04
   -3.285405908354E-04    3.617083298031E-04
    1.211531322288E+01
    1.708493190626E-03   -3.252355839314E-04
   -3.252355839314E-04    3.550654893469E-04
    1.216461250959E+01
    1.694458427588E-03   -3.219617915166E-04
   -3.219617915166E-04    3.485566760154E-04
    1.221401189638E+01
    1.680574634565E-03   -3.187190035685E-04
   -3.187190035685E-04    3.421789950957E-04
    1.226351138325E+01
    1.666839610543E-03   -3.155070091832E-04
   -3.155070091832E-04    3.359296168405E-04
    1.231311097019E+01
    1.653251199138E-03   -3.123255966459E-04
   -3.123255966459E-04    3.298057750159E-04
    1.236281065720E+01
    1.639807287484E-03   -3.091745534999E-04
   -3.091745534999E-04    3.238047654787E-04
    1.241261044429E+01
    1.626505805113E-03   -3.060536666142E-04
   -3.060536666142E-04    3.179239447829E-04
    1.246251033145E+01
    1.613344722854E-03   -3.029627222493E-04
   -3.029627222493E-04    3.121607288158E-04
    1.251251031869E+01
    1.600322051819E-03   -2.999015061219E-04
   -2.999015061219E-04    3.065125914618E-04
    1.256261040600E+01
    1.587435842345E-03   -2.968698034681E-04
   -2.968698034681E-04    3.009770632948E-04
    1.261281059339E+01
    1.574684183013E-03   -2.938673991045E-04
   -2.938673991045E-04    2.955517302981E-04
    1.266311088085E+01
    1.562065199689E-03   -2.908940774891E-04
   -2.908940774891E-04    2.902342326113E-04
    1.271351126839E+01
    1.549577054557E-03   -2.879496227796E-04
   -2.879496227796E-04    2.850222633041E-04
    1.276401175600E+01
    1.537217945224E-03   -2.850338188910E-04
   -2.850338188910E-04    2.799135671766E-04
    1.281461234368E+01
    1.524986103819E-03   -2.821464495515E-04
   -2.821464495515E-04    2.749059395849E-04
    1.286531303144E+01
    1.512879796123E-03   -2.792872983576E-04
   -2.792872983576E-04    2.699972252926E-04
    1.291611381928E+01
    1.500897320734E-03   -2.764561488266E-04
   -2.764561488266E-04    2.651853173467E-04
    1.296701470718E+01
    1.489037008244E-03   -2.736527844493E-04
   -2.736527844493E-04    2.604681559788E-04
    1.301801569517E+01
    1.477297220430E-03   -2.708769887403E-04
   -2.708769887403E-04    2.558437275296E-04
    1.306911678322E+01
    1.465676349508E-03   -2.681285452876E-04
   -2.681285452876E-04    2.513100633974E-04
    1.312031797136E+01
    1.454172817349E-03   -2.654072378007E-04
   -2.654072378007E-04    2.468652390096E-04
    1.317161925956E+01
    1.442785074754E-03   -2.627128501569E-04
   -2.627128501569E-04    2.425073728173E-04
    1.322302064784E+01
    1.431511600763E-03   -2.600451664477E-04
   -2.600451664477E-04    2.382346253115E-04
    1.327452213620E+01
    1.420350901934E-03   -2.574039710225E-04
   -2.574039710225E-04    2.340451980619E-04
    1.332612372463E+01
    1.409301511697E-03   -2.547890485323E-04
   -2.547890485323E-04    2.299373327770E-04
    1.337782541313E+01
    1.398361989682E-03   -2.522001839708E-04
   -2.522001839708E-04    2.259093103848E-04
    1.342962720171E+01
    1.387530921093E-03   -2.496371627163E-04
   -2.496371627163E-04    2.219594501347E-04
    1.348152909037E+01
    1.376806916086E-03   -2.470997705702E-04
   -2.470997705702E-04    2.180861087194E-04
    1.353353107910E+01
    1.366188609179E-03   -2.445877937962E-04
   -2.445877937962E-04    2.142876794163E-04
    1.358563316790E+01
    1.355674658667E-03   -2.421010191573E-04
   -2.421010191573E-04    2.105625912487E-04
    1.363783535678E+01
    1.345263746038E-03   -2.396392339519E-04
   -2.396392339519E-04    2.069093081661E-04
    1.369013764573E+01
    1.334954575451E-03   -2.372022260495E-04
   -2.372022260495E-04    2.033263282425E-04
    1.374254003476E+01
    1.324745873189E-03   -2.347897839238E-04
   -2.347897839238E-04    1.998121828936E-04
    1.379504252386E+01
    1.314636387143E-03   -2.324016966866E-04
   -2.324016966866E-04    1.963654361116E-04
    1.384764511303E+01
    1.304624886297E-03   -2.300377541191E-04
   -2.300377541191E-04    1.929846837174E-04
    1.390034780228E+01
    1.294710160257E-03   -2.276977467031E-04
   -2.276977467031E-04    1.896685526299E-04
    1.395315059161E+01
    1.284891018764E-03   -2.253814656509E-04
   -2.253814656509E-04    1.864157001522E-04
    1.400605348101E+01
    1.275166291214E-03   -2.230887029338E-04
   -2.230887029338E-04    1.832248132742E-04
    1.405905647048E+01
    1.265534826265E-03   -2.208192513107E-04
   -2.208192513107E-04    1.800946079909E-04
    1.411215956003E+01
    1.255995491324E-03   -2.185729043545E-04
   -2.185729043545E-04    1.770238286369E-04
    1.416536274965E+01
    1.246547172190E-03   -2.163494564782E-04
   -2.163494564782E-04    1.740112472358E-04
    1.421866603935E+01
    1.237188772604E-03   -2.141487029603E-04
   -2.141487029603E-04    1.710556628649E-04
    1.427206942912E+01
    1.227919213861E-03   -2.119704399686E-04
   -2.119704399686E-04    1.681559010346E-04
    1.432557291897E+01
    1.218737434411E-03   -2.098144645836E-04
   -2.098144645836E-04    1.653108130817E-04
    1.437917650889E+01
    1.209642389492E-03   -2.076805748211E-04
   -2.076805748211E-04    1.625192755776E-04
    1.443288019889E+01
    1.200633050773E-03   -2.055685696535E-04
   -2.055685696535E-04    1.597801897491E-04
    1.448668398896E+01
    1.191708405955E-03   -2.034782490304E-04
   -2.034782490304E-04    1.570924809141E-04
    1.454058787910E+01
    1.182867458481E-03   -2.014094138990E-04
   -2.014094138990E-04    1.544550979288E-04
    1.459459186932E+01
    1.174109227143E-03   -1.993618662223E-04
   -1.993618662223E-04    1.518670126490E-04
    1.464869595962E+01
    1.165432745796E-03   -1.973354089983E-04
   -1.973354089983E-04    1.493272194035E-04
    1.470290014998E+01
    1.156837063017E-03   -1.953298462766E-04
   -1.953298462766E-04    1.468347344795E-04
    1.475720444043E+01
    1.148321241804E-03   -1.933449831758E-04
   -1.933449831758E-04    1.443885956204E-04
    1.481160883094E+01
    1.139884359262E-03   -1.913806258990E-04
   -1.913806258990E-04    1.419878615351E-04
    1.486611332154E+01
    1.131525506331E-03   -1.894365817493E-04
   -1.894365817493E-04    1.396316114191E-04
    1.492071791220E+01
    1.123243787472E-03   -1.875126591440E-04
   -1.875126591440E-04    1.373189444859E-04
    1.497542260295E+01
    1.115038320423E-03   -1.856086676288E-04
   -1.856086676288E-04    1.350489795104E-04
    1.503022739376E+01
    1.106908235896E-03   -1.837244178904E-04
   -1.837244178904E-04    1.328208543826E-04
    1.508513228465E+01
    1.098852677346E-03   -1.818597217694E-04
   -1.818597217694E-04    1.306337256710E-04
    1.514013727562E+01
    1.090870800685E-03   -1.800143922718E-04
   -1.800143922718E-04    1.284867681978E-04
    1.519524236666E+01
    1.082961774060E-03   -1.781882435803E-04
   -1.781882435803E-04    1.263791746221E-04
    1.525044755777E+01
    1.075124777588E-03   -1.763810910644E-04
   -1.763810910644E-04    1.243101550346E-04
    1.530575284896E+01
    1.067359003144E-03   -1.745927512908E-04
   -1.745927512908E-04    1.222789365607E-04
    1.536115824022E+01
    1.059663654104E-03   -1.728230420325E-04
   -1.728230420325E-04    1.202847629734E-04
    1.541666373156E+01
    1.052037945154E-03   -1.710717822772E-04
   -1.710717822772E-04    1.183268943146E-04
    1.547226932297E+01
    1.044481102038E-03   -1.693387922357E-04
   -1.693387922357E-04    1.164046065266E-04
    1.552797501446E+01
    1.036992361384E-03   -1.676238933495E-04
   -1.676238933495E-04    1.145171910905E-04
    1.558378080602E+01
    1.029570970465E-03   -1.659269082975E-04
   -1.659269082975E-04    1.126639546747E-04
    1.563968669766E+01
    1.022216187008E-03   -1.642476610028E-04
   -1.642476610028E-04    1.108442187904E-04
    1.569569268937E+01
    1.014927279024E-03   -1.625859766383E-04
   -1.625859766383E-04    1.090573194558E-04
    1.575179878115E+01
    1.007703524557E-03   -1.609416816325E-04
   -1.609416816325E-04    1.073026068681E-04
    1.580800497301E+01
    1.000544211574E-03   -1.593146036743E-04
   -1.593146036743E-04    1.055794450830E-04
    1.586431126495E+01
    9.934486377320E-04   -1.577045717172E-04
   -1.577045717172E-04    1.038872117018E-04
    1.592071765695E+01
    9.864161102108E-04   -1.561114159838E-04
   -1.561114159838E-04    1.022252975660E-04
    1.597722414904E+01
    9.794459455527E-04   -1.545349679691E-04
   -1.545349679691E-04    1.005931064587E-04
    1.603383074119E+01
    9.725374694852E-04   -1.529750604431E-04
   -1.529750604431E-04    9.899005481308E-05
    1.609053743343E+01
    9.656900167662E-04   -1.514315274544E-04
   -1.514315274544E-04    9.741557142814E-05
    1.614734422573E+01
    9.589029310110E-04   -1.499042043316E-04
   -1.499042043316E-04    9.586909719038E-05
    1.620425111812E+01
    9.521755645416E-04   -1.483929276858E-04
   -1.483929276858E-04    9.435008480252E-05
    1.626125811057E+01
    9.455072782507E-04   -1.468975354114E-04
   -1.468975354114E-04    9.285799851834E-05
    1.631836520310E+01
    9.388974414291E-04   -1.454178666874E-04
   -1.454178666874E-04    9.139231388376E-05
    1.637557239571E+01
    9.323454316457E-04   -1.439537619784E-04
   -1.439537619784E-04    8.995251748398E-05
    1.643287968839E+01
    9.258506345650E-04   -1.425050630342E-04
   -1.425050630342E-04    8.853810669650E-05
    1.649028708114E+01
    9.194124438617E-04   -1.410716128904E-04
   -1.410716128904E-04    8.714858944992E-05
    1.654779457397E+01
    9.130302610529E-04   -1.396532558676E-04
   -1.396532558676E-04    8.578348398836E-05
    1.660540216687E+01
    9.067034953802E-04   -1.382498375707E-04
   -1.382498375707E-04    8.444231864138E-05
    1.666310985985E+01
    9.004315636620E-04   -1.368612048881E-04
   -1.368612048881E-04    8.312463159926E-05
    1.672091765290E+01
    8.942138901977E-04   -1.354872059899E-04
   -1.354872059899E-04    8.182997069352E-05
    1.677882554603E+01
    8.880499066155E-04   -1.341276903267E-04
   -1.341276903267E-04    8.055789318251E-05
    1.683683353923E+01
    8.819390517660E-04   -1.327825086272E-04
   -1.327825086272E-04    7.930796554209E-05
    1.689494163251E+01
    8.758807716212E-04   -1.314515128963E-04
   -1.314515128963E-04    7.807976326103E-05
    1.695314982586E+01
    8.698745191219E-04   -1.301345564122E-04
   -1.301345564122E-04    7.687287064133E-05
    1.701145811928E+01
    8.639197541010E-04   -1.288314937239E-04
   -1.288314937239E-04    7.568688060303E-05
    1.706986651278E+01
    8.580159431554E-04   -1.275421806480E-04
   -1.275421806480E-04    7.452139449365E-05
    1.712837500636E+01
    8.521625595437E-04   -1.262664742654E-04
   -1.262664742654E-04    7.337602190202E-05
    1.718698360001E+01
    8.463590830761E-04   -1.250042329178E-04
   -1.250042329178E-04    7.225038047641E-05
    1.724569229373E+01
    8.406050000146E-04   -1.237553162039E-04
   -1.237553162039E-04    7.114409574689E-05
    1.730450108753E+01
    8.348998030003E-04   -1.225195849754E-04
   -1.225195849754E-04    7.005680095183E-05
    1.736340998140E+01
    8.292429908897E-04   -1.212969013327E-04
   -1.212969013327E-04    6.898813686835E-05
    1.742241897535E+01
    8.236340687205E-04   -1.200871286206E-04
   -1.200871286206E-04    6.793775164672E-05
    1.748152806937E+01
    8.180725475850E-04   -1.188901314235E-04
   -1.188901314235E-04    6.690530064866E-05
    1.754073726346E+01
    8.125579445549E-04   -1.177057755608E-04
   -1.177057755608E-04    6.589044628921E-05
    1.760004655763E+01
    8.070897825866E-04   -1.165339280819E-04
   -1.165339280819E-04    6.489285788243E-05
    1.765945595188E+01
    8.016675904128E-04   -1.153744572605E-04
   -1.153744572605E-04    6.391221149049E-05
    1.771896544620E+01
    7.962909024785E-04   -1.142272325901E-04
   -1.142272325901E-04    6.294818977639E-05
    1.777857504059E+01
    7.909592588598E-04   -1.130921247778E-04
   -1.130921247778E-04    6.200048185993E-05
    1.783828473506E+01
    7.856722051541E-04   -1.119690057388E-04
   -1.119690057388E-04    6.106878317710E-05
    1.789809452961E+01
    7.804292924162E-04   -1.108577485908E-04
   -1.108577485908E-04    6.015279534264E-05
    1.795800442422E+01
    7.752300770951E-04   -1.097582276477E-04
   -1.097582276477E-04    5.925222601575E-05
    1.801801441892E+01
    7.700741209067E-04   -1.086703184137E-04
   -1.086703184137E-04    5.836678876895E-05
    1.807812451368E+01
    7.649609907948E-04   -1.075938975771E-04
   -1.075938975771E-04    5.749620295986E-05
    1.813833470852E+01
    7.598902588770E-04   -1.065288430037E-04
   -1.065288430037E-04    5.664019360594E-05
    1.819864500344E+01
    7.548615022903E-04   -1.054750337306E-04
   -1.054750337306E-04    5.579849126214E-05
    1.825905539843E+01
    7.498743032008E-04   -1.044323499594E-04
   -1.044323499594E-04    5.497083190130E-05
    1.831956589350E+01
    7.449282487003E-04   -1.034006730494E-04
   -1.034006730494E-04    5.415695679728E-05
    1.838017648864E+01
    7.400229307211E-04   -1.023798855113E-04
   -1.023798855113E-04    5.335661241079E-05
    1.844088718385E+01
    7.351579459839E-04   -1.013698709997E-04
   -1.013698709997E-04    5.256955027778E-05
    1.850169797914E+01
    7.303328959323E-04   -1.003705143063E-04
   -1.003705143063E-04    5.179552690041E-05
    1.856260887450E+01
    7.255473866613E-04   -9.938170135299E-05
   -9.938170135299E-05    5.103430364044E-05
    1.862361986994E+01
    7.208010288519E-04   -9.840331918455E-05
   -9.840331918455E-05    5.028564661516E-05
    1.868473096545E+01
    7.160934377168E-04   -9.743525596132E-05
   -9.743525596132E-05    4.954932659553E-05
    1.874594216104E+01
    7.114242329068E-04   -9.647740095201E-05
   -9.647740095201E-05    4.882511890674E-05
    1.880725345670E+01
    7.067930384964E-04   -9.552964452624E-05
   -9.552964452624E-05    4.811280333097E-05
    1.886866485244E+01
    7.021994828834E-04   -9.459187814716E-05
   -9.459187814716E-05    4.741216401240E-05
    1.893017634825E+01
    6.976431987473E-04   -9.366399436384E-05
   -9.366399436384E-05    4.672298936431E-05
    1.899178794413E+01
    6.931238229972E-04   -9.274588680379E-05
   -9.274588680379E-05    4.604507197831E-05
    1.905349964009E+01
    6.886409966765E-04   -9.183745016530E-05
   -9.183745016530E-05    4.537820853561E-05
    1.911531143613E+01
    6.841943649648E-04   -9.093858020979E-05
   -9.093858020979E-05    4.472219972028E-05
    1.917722333224E+01
    6.797835770612E-04   -9.004917375409E-05
   -9.004917375409E-05    4.407685013451E-05
    1.923923532842E+01
    6.754082862015E-04   -8.916912866269E-05
   -8.916912866269E-05    4.344196821569E-05
    1.930134742468E+01
    6.710681495295E-04   -8.829834383997E-05
   -8.829834383997E-05    4.281736615545E-05
    1.936355962101E+01
    6.667628280921E-04   -8.743671922240E-05
   -8.743671922240E-05    4.220285982044E-05
    1.942587191742E+01
    6.624919867582E-04   -8.658415577059E-05
   -8.658415577059E-05    4.159826867491E-05
    1.948828431390E+01
    6.582552942006E-04   -8.574055546160E-05
   -8.574055546160E-05    4.100341570505E-05
    1.955079681046E+01
    6.540524228245E-04   -8.490582128087E-05
   -8.490582128087E-05    4.041812734497E-05
    1.961340940709E+01
    6.498830487075E-04   -8.407985721437E-05
   -8.407985721437E-05    3.984223340440E-05
    1.967612210379E+01
    6.457468515818E-04   -8.326256824072E-05
   -8.326256824072E-05    3.927556699795E-05
    1.973893490057E+01
    6.416435147616E-04   -8.245386032318E-05
   -8.245386032318E-05    3.871796447593E-05
    1.980184779743E+01
    6.375727250912E-04   -8.165364040167E-05
   -8.165364040167E-05    3.816926535682E-05
    1.986486079435E+01
    6.335341729397E-04   -8.086181638491E-05
   -8.086181638491E-05    3.762931226109E-05
    1.992797389136E+01
    6.295275520990E-04   -8.007829714236E-05
   -8.007829714236E-05    3.709795084660E-05
    1.999118708844E+01
    6.255525597851E-04   -7.930299249624E-05
   -7.930299249624E-05    3.657502974539E-05
    2.005450038559E+01
    6.216088965614E-04   -7.853581321366E-05
   -7.853581321366E-05    3.606040050191E-05
    2.011791378282E+01
    6.176962663170E-04   -7.777667099856E-05
   -7.777667099856E-05    3.555391751253E-05
    2.018142728012E+01
    6.138143762294E-04   -7.702547848372E-05
   -7.702547848372E-05    3.505543796650E-05
    2.024504087749E+01
    6.099629366692E-04   -7.628214922289E-05
   -7.628214922289E-05    3.456482178810E-05
    2.030875457494E+01
    6.061416612425E-04   -7.554659768279E-05
   -7.554659768279E-05    3.408193158020E-05
    2.037256837247E+01
    6.023502666884E-04   -7.481873923515E-05
   -7.481873923515E-05    3.360663256892E-05
    2.043648227007E+01
    5.985884728577E-04   -7.409849014886E-05
   -7.409849014886E-05    3.313879254960E-05
    2.050049626774E+01
    5.948560026465E-04   -7.338576758195E-05
   -7.338576758195E-05    3.267828183394E-05
    2.056461036549E+01
    5.911525820475E-04   -7.268048957377E-05
   -7.268048957377E-05    3.222497319828E-05
    2.062882456332E+01
    5.874779399688E-04   -7.198257503711E-05
   -7.198257503711E-05    3.177874183303E-05
    2.069313886121E+01
    5.838318083364E-04   -7.129194375026E-05
   -7.129194375026E-05    3.133946529323E-05
    2.075755325919E+01
    5.802139219708E-04   -7.060851634934E-05
   -7.060851634934E-05    3.090702345011E-05
    2.082206775723E+01
    5.766240185463E-04   -6.993221432032E-05
   -6.993221432032E-05    3.048129844382E-05
    2.088668235536E+01
    5.730618386270E-04   -6.926295999134E-05
   -6.926295999134E-05    3.006217463710E-05
    2.095139705355E+01
    5.695271255825E-04   -6.860067652487E-05
   -6.860067652487E-05    2.964953857002E-05
    2.101621185182E+01
    5.660196255110E-04   -6.794528791007E-05
   -6.794528791007E-05    2.924327891566E-05
    2.108112675017E+01
    5.625390873002E-04   -6.729671895502E-05
   -6.729671895502E-05    2.884328643676E-05
    2.114614174859E+01
    5.590852625244E-04   -6.665489527908E-05
   -6.665489527908E-05    2.844945394337E-05
    2.121125684708E+01
    5.556579054419E-04   -6.601974330522E-05
   -6.601974330522E-05    2.806167625134E-05
    2.127647204565E+01
    5.522567729329E-04   -6.539119025248E-05
   -6.539119025248E-05    2.767985014174E-05
    2.134178734430E+01
    5.488816244789E-04   -6.476916412829E-05
   -6.476916412829E-05    2.730387432118E-05
    2.140720274301E+01
    5.455322221700E-04   -6.415359372107E-05
   -6.415359372107E-05    2.693364938293E-05
    2.147271824181E+01
    5.422083306062E-04   -6.354440859259E-05
   -6.354440859259E-05    2.656907776896E-05
    2.153833384067E+01
    5.389097168973E-04   -6.294153907063E-05
   -6.294153907063E-05    2.621006373272E-05
    2.160404953962E+01
    5.356361506691E-04   -6.234491624148E-05
   -6.234491624148E-05    2.585651330276E-05
    2.166986533863E+01
    5.323874039517E-04   -6.175447194258E-05
   -6.175447194258E-05    2.550833424714E-05
    2.173578123772E+01
    5.291632512414E-04   -6.117013875517E-05
   -6.117013875517E-05    2.516543603857E-05
    2.180179723689E+01
    5.259634693857E-04   -6.059184999701E-05
   -6.059184999701E-05    2.482772982034E-05
    2.186791333613E+01
    5.227878376225E-04   -6.001953971510E-05
   -6.001953971510E-05    2.449512837291E-05
    2.193412953544E+01
    5.196361374851E-04   -5.945314267845E-05
   -5.945314267845E-05    2.416754608133E-05
    2.200044583483E+01
    5.165081528631E-04   -5.889259437094E-05
   -5.889259437094E-05    2.384489890322E-05
    2.206686223429E+01
    5.134036698749E-04   -5.833783098414E-05
   -5.833783098414E-05    2.352710433754E-05
    2.213337873383E+01
    5.103224769267E-04   -5.778878941029E-05
   -5.778878941029E-05    2.321408139396E-05
    2.219999533345E+01
    5.072643645973E-04   -5.724540723520E-05
   -5.724540723520E-05    2.290575056293E-05
    2.226671203313E+01
    5.042291257299E-04   -5.670762273129E-05
   -5.670762273129E-05    2.260203378635E-05
    2.233352883289E+01
    5.012165552720E-04   -5.617537485061E-05
   -5.617537485061E-05    2.230285442884E-05
    2.240044573273E+01
    4.982264503642E-04   -5.564860321799E-05
   -5.564860321799E-05    2.200813724971E-05
    2.246746273264E+01
    4.952586101987E-04   -5.512724812412E-05
   -5.512724812412E-05    2.171780837543E-05
    2.253457983263E+01
    4.923128361483E-04   -5.461125051880E-05
   -5.461125051880E-05    2.143179527273E-05
    2.260179703269E+01
    4.893889315801E-04   -5.410055200415E-05
   -5.410055200415E-05    2.115002672225E-05
    2.266911433282E+01
    4.864867019316E-04   -5.359509482791E-05
   -5.359509482791E-05    2.087243279274E-05
    2.273653173303E+01
    4.836059546605E-04   -5.309482187676E-05
   -5.309482187676E-05    2.059894481582E-05
    2.280404923332E+01
    4.807464992017E-04   -5.259967666976E-05
   -5.259967666976E-05    2.032949536129E-05
    2.287166683367E+01
    4.779081469792E-04   -5.210960335171E-05
   -5.210960335171E-05    2.006401821287E-05
    2.293938453411E+01
    4.750907113612E-04   -5.162454668673E-05
   -5.162454668673E-05    1.980244834459E-05
    2.300720233461E+01
    4.722940076267E-04   -5.114445205168E-05
   -5.114445205168E-05    1.954472189752E-05
    2.307512023520E+01
    4.695178529754E-04   -5.066926542986E-05
   -5.066926542986E-05    1.929077615711E-05
    2.314313823585E+01
    4.667620664540E-04   -5.019893340459E-05
   -5.019893340459E-05    1.904054953093E-05
    2.321125633658E+01
    4.640264690100E-04   -4.973340315289E-05
   -4.973340315289E-05    1.879398152691E-05
    2.327947453739E+01
    4.613108833916E-04   -4.927262243926E-05
   -4.927262243926E-05    1.855101273204E-05
    2.334779283827E+01
    4.586151341692E-04   -4.881653960942E-05
   -4.881653960942E-05    1.831158479143E-05
    2.341621123922E+01
    4.559390477212E-04   -4.836510358417E-05
   -4.836510358417E-05    1.807564038795E-05
    2.348472974025E+01
    4.532824521826E-04   -4.791826385331E-05
   -4.791826385331E-05    1.784312322216E-05
    2.355334834136E+01
    4.506451774190E-04   -4.747597046953E-05
   -4.747597046953E-05    1.761397799273E-05
    2.362206704253E+01
    4.480270550594E-04   -4.703817404243E-05
   -4.703817404243E-05    1.738815037722E-05
    2.369088584379E+01
    4.454279184428E-04   -4.660482573258E-05
   -4.660482573258E-05    1.716558701331E-05
    2.375980474511E+01
    4.428476025685E-04   -4.617587724555E-05
   -4.617587724555E-05    1.694623548036E-05
    2.382882374652E+01
    4.402859441470E-04   -4.575128082615E-05
   -4.575128082615E-05    1.673004428141E-05
    2.389794284799E+01
    4.377427814896E-04   -4.533098925255E-05
   -4.533098925255E-05    1.651696282547E-05
    2.396716204954E+01
    4.352179546009E-04   -4.491495583055E-05
   -4.491495583055E-05    1.630694141025E-05
    2.403648135117E+01
    4.327113050383E-04   -4.450313438790E-05
   -4.450313438790E-05    1.609993120524E-05
    2.410590075287E+01
    4.302226760081E-04   -4.409547926860E-05
   -4.409547926860E-05    1.589588423505E-05
    2.417542025464E+01
    4.277519122304E-04   -4.369194532734E-05
   -4.369194532734E-05    1.569475336321E-05
    2.424503985649E+01
    4.252988600557E-04   -4.329248792395E-05
   -4.329248792395E-05    1.549649227621E-05
    2.431475955842E+01
    4.228633673240E-04   -4.289706291789E-05
   -4.289706291789E-05    1.530105546790E-05
    2.438457936041E+01
    4.204452834058E-04   -4.250562666279E-05
   -4.250562666279E-05    1.510839822425E-05
    2.445449926249E+01
    4.180444592118E-04   -4.211813600104E-05
   -4.211813600104E-05    1.491847660833E-05
    2.452451926464E+01
    4.156607471044E-04   -4.173454825850E-05
   -4.173454825850E-05    1.473124744565E-05
    2.459463936686E+01
    4.132940008981E-04   -4.135482123916E-05
   -4.135482123916E-05    1.454666830981E-05
    2.466485956915E+01
    4.109440759258E-04   -4.097891321988E-05
   -4.097891321988E-05    1.436469750841E-05
    2.473517987152E+01
    4.086108289100E-04   -4.060678294519E-05
   -4.060678294519E-05    1.418529406928E-05
    2.480560027397E+01
    4.062941180144E-04   -4.023838962217E-05
   -4.023838962217E-05    1.400841772690E-05
    2.487612077649E+01
    4.039938027974E-04   -3.987369291535E-05
   -3.987369291535E-05    1.383402890925E-05
    2.494674137908E+01
    4.017097442086E-04   -3.951265294161E-05
   -3.951265294161E-05    1.366208872476E-05
    2.501746208175E+01
    3.994418045742E-04   -3.915523026521E-05
   -3.915523026521E-05    1.349255894963E-05
    2.508828288450E+01
    3.971898475963E-04   -3.880138589287E-05
   -3.880138589287E-05    1.332540201537E-05
    2.515920378732E+01
    3.949537382866E-04   -3.845108126878E-05
   -3.845108126878E-05    1.316058099659E-05
    2.523022479021E+01
    3.927333430172E-04   -3.810427826980E-05
   -3.810427826980E-05    1.299805959903E-05
    2.530134589318E+01
    3.905285294395E-04   -3.776093920065E-05
   -3.776093920065E-05    1.283780214786E-05
    2.537256709622E+01
    3.883391665296E-04   -3.742102678911E-05
   -3.742102678911E-05    1.267977357615E-05
    2.544388839934E+01
    3.861651245308E-04   -3.708450418136E-05
   -3.708450418136E-05    1.252393941366E-05
    2.551530980253E+01
    3.840062750003E-04   -3.675133493725E-05
   -3.675133493725E-05    1.237026577576E-05
    2.558683130579E+01
    3.818624906595E-04   -3.642148302571E-05
   -3.642148302571E-05    1.221871935264E-05
    2.565845290913E+01
    3.797336455661E-04   -3.609491282018E-05
   -3.609491282018E-05    1.206926739870E-05
    2.573017461255E+01
    3.776196149585E-04   -3.577158909406E-05
   -3.577158909406E-05    1.192187772218E-05
    2.580199641604E+01
    3.755202753016E-04   -3.545147701626E-05
   -3.545147701626E-05    1.177651867495E-05
    2.587391831960E+01
    3.734355042470E-04   -3.513454214669E-05
   -3.513454214669E-05    1.163315914252E-05
    2.594594032324E+01
    3.713651806245E-04   -3.482075043199E-05
   -3.482075043199E-05    1.149176853431E-05
    2.601806242695E+01
    3.693091844948E-04   -3.451006820105E-05
   -3.451006820105E-05    1.135231677399E-05
    2.609028463074E+01
    3.672673969857E-04   -3.420246216079E-05
   -3.420246216079E-05    1.121477429013E-05
    2.616260693460E+01
    3.652397004791E-04   -3.389789939188E-05
   -3.389789939188E-05    1.107911200696E-05
    2.623502933854E+01
    3.632259784023E-04   -3.359634734453E-05
   -3.359634734453E-05    1.094530133533E-05
    2.630755184255E+01
    3.612261153766E-04   -3.329777383431E-05
   -3.329777383431E-05    1.081331416386E-05
    2.638017444663E+01
    3.592399970831E-04   -3.300214703800E-05
   -3.300214703800E-05    1.068312285027E-05
    2.645289715079E+01
    3.572675103029E-04   -3.270943548959E-05
   -3.270943548959E-05    1.055470021284E-05
    2.652571995503E+01
    3.553085429368E-04   -3.241960807614E-05
   -3.241960807614E-05    1.042801952206E-05
    2.659864285934E+01
    3.533629839444E-04   -3.213263403384E-05
   -3.213263403384E-05    1.030305449249E-05
    2.667166586372E+01
    3.514307233428E-04   -3.184848294406E-05
   -3.184848294406E-05    1.017977927466E-05
    2.674478896818E+01
    3.495116522159E-04   -3.156712472937E-05
   -3.156712472937E-05    1.005816844729E-05
    2.681801217271E+01
    3.476056626308E-04   -3.128852964976E-05
   -3.128852964976E-05    9.938197009497E-06
    2.689133547732E+01
    3.457126477830E-04   -3.101266829875E-05
   -3.101266829875E-05    9.819840373274E-06
    2.696475888200E+01
    3.438325017899E-04   -3.073951159960E-05
   -3.073951159960E-05    9.703074356055E-06
    2.703828238676E+01
    3.419651198166E-04   -3.046903080158E-05
   -3.046903080158E-05    9.587875173445E-06
    2.711190599159E+01
    3.401103980384E-04   -3.020119747626E-05
   -3.020119747626E-05    9.474219432082E-06
    2.718562969650E+01
    3.382682335723E-04   -2.993598351384E-05
   -2.993598351384E-05    9.362084122643E-06
    2.725945350148E+01
    3.364385245624E-04   -2.967336111950E-05
   -2.967336111950E-05    9.251446612981E-06
    2.733337740653E+01
    3.346211700694E-04   -2.941330280982E-05
   -2.941330280982E-05    9.142284641398E-06
    2.740740141166E+01
    3.328160701176E-04   -2.915578140927E-05
   -2.915578140927E-05    9.034576310041E-06
    2.748152551687E+01
    3.310231256995E-04   -2.890077004662E-05
   -2.890077004662E-05    8.928300078432E-06
    2.755574972214E+01
    3.292422387291E-04   -2.864824215154E-05
   -2.864824215154E-05    8.823434757122E-06
    2.763007402750E+01
    3.274733119905E-04   -2.839817145110E-05
   -2.839817145110E-05    8.719959501455E-06
    2.770449843292E+01
    3.257162492507E-04   -2.815053196643E-05
   -2.815053196643E-05    8.617853805470E-06
    2.777902293843E+01
    3.239709551615E-04   -2.790529800930E-05
   -2.790529800930E-05    8.517097495903E-06
    2.785364754400E+01
    3.222373352622E-04   -2.766244417885E-05
   -2.766244417885E-05    8.417670726315E-06
    2.792837224965E+01
    3.205152959509E-04   -2.742194535827E-05
   -2.742194535827E-05    8.319553971321E-06
    2.800319705538E+01
    3.188047445310E-04   -2.718377671154E-05
   -2.718377671154E-05    8.222728020943E-06
    2.807812196118E+01
    3.171055891398E-04   -2.694791368025E-05
   -2.694791368025E-05    8.127173975055E-06
    2.815314696706E+01
    3.154177388362E-04   -2.671433198040E-05
   -2.671433198040E-05    8.032873237943E-06
    2.822827207300E+01
    3.137411034561E-04   -2.648300759922E-05
   -2.648300759922E-05    7.939807512970E-06
    2.830349727903E+01
    3.120755936749E-04   -2.625391679215E-05
   -2.625391679215E-05    7.847958797331E-06
    2.837882258513E+01
    3.104211210698E-04   -2.602703607965E-05
   -2.602703607965E-05    7.757309376920E-06
    2.845424799130E+01
    3.087775979365E-04   -2.580234224427E-05
   -2.580234224427E-05    7.667841821282E-06
    2.852977349755E+01
    3.071449374380E-04   -2.557981232755E-05
   -2.557981232755E-05    7.579538978673E-06
    2.860539910387E+01
    3.055230535867E-04   -2.535942362711E-05
   -2.535942362711E-05    7.492383971201E-06
    2.868112481027E+01
    3.039118610652E-04   -2.514115369368E-05
   -2.514115369368E-05    7.406360190063E-06
    2.875695061674E+01
    3.023112754683E-04   -2.492498032821E-05
   -2.492498032821E-05    7.321451290877E-06
    2.883287652328E+01
    3.007212130690E-04   -2.471088157898E-05
   -2.471088157898E-05    7.237641189091E-06
    2.890890252990E+01
    2.991415910046E-04   -2.449883573875E-05
   -2.449883573875E-05    7.154914055486E-06
    2.898502863660E+01
    2.975723270588E-04   -2.428882134199E-05
   -2.428882134199E-05    7.073254311759E-06
    2.906125484337E+01
    2.960133398835E-04   -2.408081716207E-05
   -2.408081716207E-05    6.992646626194E-06
    2.913758115021E+01
    2.944645487947E-04   -2.387480220850E-05
   -2.387480220850E-05    6.913075909403E-06
    2.921400755713E+01
    2.929258738793E-04   -2.367075572426E-05
   -2.367075572426E-05    6.834527310159E-06
    2.929053406412E+01
    2.913972359835E-04   -2.346865718308E-05
   -2.346865718308E-05    6.756986211297E-06
    2.936716067119E+01
    2.898785565927E-04   -2.326848628679E-05
   -2.326848628679E-05    6.680438225694E-06
    2.944388737833E+01
    2.883697579859E-04   -2.307022296270E-05
   -2.307022296270E-05    6.604869192330E-06
    2.952071418555E+01
    2.868707631116E-04   -2.287384736101E-05
   -2.287384736101E-05    6.530265172409E-06
    2.959764109284E+01
    2.853814956290E-04   -2.267933985226E-05
   -2.267933985226E-05    6.456612445562E-06
    2.967466810021E+01
    2.839018799070E-04   -2.248668102474E-05
   -2.248668102474E-05    6.383897506117E-06
    2.975179520765E+01
    2.824318409343E-04   -2.229585168205E-05
   -2.229585168205E-05    6.312107059439E-06
    2.982902241516E+01
    2.809713044631E-04   -2.210683284059E-05
   -2.210683284059E-05    6.241228018334E-06
    2.990634972275E+01
    2.795201968528E-04   -2.191960572709E-05
   -2.191960572709E-05    6.171247499522E-06
    2.998377713042E+01
    2.780784451846E-04   -2.173415177623E-05
   -2.173415177623E-05    6.102152820177E-06
    3.006130463816E+01
    2.766459771421E-04   -2.155045262823E-05
   -2.155045262823E-05    6.033931494522E-06
    3.013893224597E+01
    2.752227211051E-04   -2.136849012648E-05
   -2.136849012648E-05    5.966571230498E-06
    3.021665995386E+01
    2.738086060535E-04   -2.118824631518E-05
   -2.118824631518E-05    5.900059926486E-06
    3.029448776182E+01
    2.724035616027E-04   -2.100970343709E-05
   -2.100970343709E-05    5.834385668088E-06
    3.037241566986E+01
    2.710075180898E-04   -2.083284393119E-05
   -2.083284393119E-05    5.769536724974E-06
    3.045044367797E+01
    2.696204063764E-04   -2.065765043041E-05
   -2.065765043041E-05    5.705501547781E-06
    3.052857178615E+01
    2.682421579683E-04   -2.048410575945E-05
   -2.048410575945E-05    5.642268765068E-06
    3.060679999441E+01
    2.668727049786E-04   -2.031219293256E-05
   -2.031219293256E-05    5.579827180328E-06
    3.068512830275E+01
    2.655119801704E-04   -2.014189515131E-05
   -2.014189515131E-05    5.518165769059E-06
    3.076355671116E+01
    2.641599168607E-04   -1.997319580249E-05
   -1.997319580249E-05    5.457273675876E-06
    3.084208521964E+01
    2.628164489688E-04   -1.980607845596E-05
   -1.980607845596E-05    5.397140211686E-06
    3.092071382820E+01
    2.614815110105E-04   -1.964052686252E-05
   -1.964052686252E-05    5.337754850914E-06
    3.099944253683E+01
    2.601550380894E-04   -1.947652495185E-05
   -1.947652495185E-05    5.279107228769E-06
    3.107827134554E+01
    2.588369658630E-04   -1.931405683048E-05
   -1.931405683048E-05    5.221187138572E-06
    3.115720025432E+01
    2.575272305341E-04   -1.915310677969E-05
   -1.915310677969E-05    5.163984529122E-06
    3.123622926318E+01
    2.562257689911E-04   -1.899365925355E-05
   -1.899365925355E-05    5.107489502116E-06
    3.131535837211E+01
    2.549325185223E-04   -1.883569887691E-05
   -1.883569887691E-05    5.051692309611E-06
    3.139458758112E+01
    2.536474170661E-04   -1.867921044345E-05
   -1.867921044345E-05    4.996583351537E-06
    3.147391689020E+01
    2.523704030518E-04   -1.852417891372E-05
   -1.852417891372E-05    4.942153173246E-06
    3.155334629935E+01
    2.511014155312E-04   -1.837058941325E-05
   -1.837058941325E-05    4.888392463111E-06
    3.163287580858E+01
    2.498403939938E-04   -1.821842723062E-05
   -1.821842723062E-05    4.835292050171E-06
    3.171250541789E+01
    2.485872785428E-04   -1.806767781561E-05
   -1.806767781561E-05    4.782842901807E-06
    3.179223512727E+01
    2.473420097461E-04   -1.791832677733E-05
   -1.791832677733E-05    4.731036121472E-06
    3.187206493672E+01
    2.461045287374E-04   -1.777035988240E-05
   -1.777035988240E-05    4.679862946450E-06
    3.195199484625E+01
    2.448747771376E-04   -1.762376305316E-05
   -1.762376305316E-05    4.629314745665E-06
    3.203202485585E+01
    2.436526970854E-04   -1.747852236582E-05
   -1.747852236582E-05    4.579383017522E-06
    3.211215496553E+01
    2.424382312098E-04   -1.733462404877E-05
   -1.733462404877E-05    4.530059387787E-06
    3.219238517528E+01
    2.412313226580E-04   -1.719205448078E-05
   -1.719205448078E-05    4.481335607509E-06
    3.227271548510E+01
    2.400319150844E-04   -1.705080018929E-05
   -1.705080018929E-05    4.433203550973E-06
    3.235314589500E+01
    2.388399526255E-04   -1.691084784872E-05
   -1.691084784872E-05    4.385655213694E-06
    3.243367640498E+01
    2.376553798472E-04   -1.677218427872E-05
   -1.677218427872E-05    4.338682710441E-06
    3.251430701503E+01
    2.364781418759E-04   -1.663479644263E-05
   -1.663479644263E-05    4.292278273303E-06
    3.259503772515E+01
    2.353081842535E-04   -1.649867144566E-05
   -1.649867144566E-05    4.246434249780E-06
    3.267586853535E+01
    2.341454530669E-04   -1.636379653343E-05
   -1.636379653343E-05    4.201143100916E-06
    3.275679944563E+01
    2.329898947862E-04   -1.623015909025E-05
   -1.623015909025E-05    4.156397399463E-06
    3.283783045597E+01
    2.318414563581E-04   -1.609774663760E-05
   -1.609774663760E-05    4.112189828069E-06
    3.291896156640E+01
    2.307000852187E-04   -1.596654683248E-05
   -1.596654683248E-05    4.068513177509E-06
    3.300019277689E+01
    2.295657292835E-04   -1.583654746596E-05
   -1.583654746596E-05    4.025360344940E-06
    3.308152408746E+01
    2.284383368209E-04   -1.570773646154E-05
   -1.570773646154E-05    3.982724332190E-06
    3.316295549811E+01
    2.273178566306E-04   -1.558010187371E-05
   -1.558010187371E-05    3.940598244072E-06
    3.324448700883E+01
    2.262042378862E-04   -1.545363188642E-05
   -1.545363188642E-05    3.898975286733E-06
    3.332611861963E+01
    2.250974302755E-04   -1.532831481162E-05
   -1.532831481162E-05    3.857848766029E-06
    3.340785033050E+01
    2.239973838387E-04   -1.520413908774E-05
   -1.520413908774E-05    3.817212085927E-06
    3.348968214144E+01
    2.229040490905E-04   -1.508109327834E-05
   -1.508109327834E-05    3.777058746939E-06
    3.357161405246E+01
    2.218173769211E-04   -1.495916607056E-05
   -1.495916607056E-05    3.737382344574E-06
    3.365364606355E+01
    2.207373186943E-04   -1.483834627383E-05
   -1.483834627383E-05    3.698176567831E-06
    3.373577817472E+01
    2.196638261458E-04   -1.471862281839E-05
   -1.471862281839E-05    3.659435197702E-06
    3.381801038596E+01
    2.185968514732E-04   -1.459998475393E-05
   -1.459998475393E-05    3.621152105716E-06
    3.390034269728E+01
    2.175363471896E-04   -1.448242124826E-05
   -1.448242124826E-05    3.583321252494E-06
    3.398277510867E+01
    2.164822663323E-04   -1.436592158590E-05
   -1.436592158590E-05    3.545936686341E-06
    3.406530762014E+01
    2.154345621983E-04   -1.425047516682E-05
   -1.425047516682E-05    3.508992541854E-06
    3.414794023168E+01
    2.143931886019E-04   -1.413607150506E-05
   -1.413607150506E-05    3.472483038556E-06
    3.423067294329E+01
    2.133580996948E-04   -1.402270022748E-05
   -1.402270022748E-05    3.436402479557E-06
    3.431350575498E+01
    2.123292500169E-04   -1.391035107244E-05
   -1.391035107244E-05    3.400745250232E-06
    3.439643866675E+01
    2.113065944714E-04   -1.379901388855E-05
   -1.379901388855E-05    3.365505816926E-06
    3.447947167859E+01
    2.102900883749E-04   -1.368867863341E-05
   -1.368867863341E-05    3.330678725679E-06
    3.456260479050E+01
    2.092796873854E-04   -1.357933537236E-05
   -1.357933537236E-05    3.296258600975E-06
    3.464583800249E+01
    2.082753475838E-04   -1.347097427727E-05
   -1.347097427727E-05    3.262240144509E-06
    3.472917131455E+01
    2.072770254158E-04   -1.336358562532E-05
   -1.336358562532E-05    3.228618133974E-06
    3.481260472669E+01
    2.062846775902E-04   -1.325715979782E-05
   -1.325715979782E-05    3.195387421878E-06
    3.489613823890E+01
    2.052982613303E-04   -1.315168727898E-05
   -1.315168727898E-05    3.162542934369E-06
    3.497977185118E+01
    2.043177340956E-04   -1.304715865479E-05
   -1.304715865479E-05    3.130079670084E-06
    3.506350556355E+01
    2.033430537699E-04   -1.294356461186E-05
   -1.294356461186E-05    3.097992699024E-06
    3.514733937598E+01
    2.023741785640E-04   -1.284089593626E-05
   -1.284089593626E-05    3.066277161439E-06
    3.523127328849E+01
    2.014110670160E-04   -1.273914351238E-05
   -1.273914351238E-05    3.034928266733E-06
    3.531530730107E+01
    2.004536780398E-04   -1.263829832185E-05
   -1.263829832185E-05    3.003941292396E-06
    3.539944141373E+01
    1.995019708966E-04   -1.253835144243E-05
   -1.253835144243E-05    2.973311582943E-06
    3.548367562647E+01
    1.985559051449E-04   -1.243929404690E-05
   -1.243929404690E-05    2.943034548877E-06
    3.556800993927E+01
    1.976154407215E-04   -1.234111740200E-05
   -1.234111740200E-05    2.913105665667E-06
    3.565244435216E+01
    1.966805378656E-04   -1.224381286736E-05
   -1.224381286736E-05    2.883520472747E-06
    3.573697886511E+01
    1.957511572111E-04   -1.214737189446E-05
   -1.214737189446E-05    2.854274572526E-06
    3.582161347815E+01
    1.948272595586E-04   -1.205178602560E-05
   -1.205178602560E-05    2.825363629417E-06
    3.590634819125E+01
    1.939088062123E-04   -1.195704689282E-05
   -1.195704689282E-05    2.796783368885E-06
    3.599118300443E+01
    1.929957587047E-04   -1.186314621695E-05
   -1.186314621695E-05    2.768529576508E-06
    3.607611791769E+01
    1.920880789096E-04   -1.177007580659E-05
   -1.177007580659E-05    2.740598097052E-06
    3.616115293102E+01
    1.911857289776E-04   -1.167782755710E-05
   -1.167782755710E-05    2.712984833567E-06
    3.624628804442E+01
    1.902886714281E-04   -1.158639344964E-05
   -1.158639344964E-05    2.685685746489E-06
    3.633152325790E+01
    1.893968689845E-04   -1.149576555018E-05
   -1.149576555018E-05    2.658696852768E-06
    3.641685857145E+01
    1.885102848469E-04   -1.140593600858E-05
   -1.140593600858E-05    2.632014225003E-06
    3.650229398508E+01
    1.876288823597E-04   -1.131689705762E-05
   -1.131689705762E-05    2.605633990592E-06
    3.658782949879E+01
    1.867526252308E-04   -1.122864101206E-05
   -1.122864101206E-05    2.579552330898E-06
    3.667346511256E+01
    1.858814774766E-04   -1.114116026776E-05
   -1.114116026776E-05    2.553765480427E-06
    3.675920082641E+01
    1.850154033379E-04   -1.105444730070E-05
   -1.105444730070E-05    2.528269726022E-06
    3.684503664034E+01
    1.841543674881E-04   -1.096849466615E-05
   -1.096849466615E-05    2.503061406069E-06
    3.693097255434E+01
    1.832983346871E-04   -1.088329499772E-05
   -1.088329499772E-05    2.478136909713E-06
    3.701700856842E+01
    1.824472701932E-04   -1.079884100652E-05
   -1.079884100652E-05    2.453492676093E-06
    3.710314468257E+01
    1.816011393756E-04   -1.071512548030E-05
   -1.071512548030E-05    2.429125193584E-06
    3.718938089679E+01
    1.807599079386E-04   -1.063214128252E-05
   -1.063214128252E-05    2.405030999055E-06
    3.727571721109E+01
    1.799235419754E-04   -1.054988135157E-05
   -1.054988135157E-05    2.381206677136E-06
    3.736215362546E+01
    1.790920076569E-04   -1.046833869994E-05
   -1.046833869994E-05    2.357648859501E-06
    3.744869013991E+01
    1.782652715885E-04   -1.038750641330E-05
   -1.038750641330E-05    2.334354224158E-06
    3.753532675443E+01
    1.774433005455E-04   -1.030737764978E-05
   -1.030737764978E-05    2.311319494756E-06
    3.762206346903E+01
    1.766260616194E-04   -1.022794563913E-05
   -1.022794563913E-05    2.288541439896E-06
    3.770890028370E+01
    1.758135221492E-04   -1.014920368186E-05
   -1.014920368186E-05    2.266016872463E-06
    3.779583719845E+01
    1.750056497563E-04   -1.007114514855E-05
   -1.007114514855E-05    2.243742648959E-06
    3.788287421327E+01
    1.742024123333E-04   -9.993763478972E-06
   -9.993763478972E-06    2.221715668851E-06
    3.797001132817E+01
    1.734037779648E-04   -9.917052181398E-06
   -9.917052181398E-06    2.199932873933E-06
    3.805724854314E+01
    1.726097150696E-04   -9.841004831777E-06
   -9.841004831777E-06    2.178391247693E-06
    3.814458585818E+01
    1.718201922597E-04   -9.765615073002E-06
   -9.765615073002E-06    2.157087814691E-06
    3.823202327330E+01
    1.710351783760E-04   -9.690876614176E-06
   -9.690876614176E-06    2.136019639952E-06
    3.831956078849E+01
    1.702546426203E-04   -9.616783229855E-06
   -9.616783229855E-06    2.115183828360E-06
    3.840719840376E+01
    1.694785543876E-04   -9.543328759318E-06
   -9.543328759318E-06    2.094577524071E-06
    3.849493611910E+01
    1.687068832279E-04   -9.470507105875E-06
   -9.470507105875E-06    2.074197909930E-06
    3.858277393452E+01
    1.679395990686E-04   -9.398312236119E-06
   -9.398312236119E-06    2.054042206896E-06
    3.867071185001E+01
    1.671766720093E-04   -9.326738179251E-06
   -9.326738179251E-06    2.034107673484E-06
    3.875874986558E+01
    1.664180723305E-04   -9.255779026365E-06
   -9.255779026365E-06    2.014391605205E-06
    3.884688798122E+01
    1.656637707056E-04   -9.185428929777E-06
   -9.185428929777E-06    1.994891334026E-06
    3.893512619693E+01
    1.649137378660E-04   -9.115682102332E-06
   -9.115682102332E-06    1.975604227829E-06
    3.902346451272E+01
    1.641679449089E-04   -9.046532816739E-06
   -9.046532816739E-06    1.956527689885E-06
    3.911190292859E+01
    1.634263630724E-04   -8.977975404911E-06
   -8.977975404911E-06    1.937659158335E-06
    3.920044144453E+01
    1.626889638777E-04   -8.910004257300E-06
   -8.910004257300E-06    1.918996105676E-06
    3.928908006054E+01
    1.619557190331E-04   -8.842613822270E-06
   -8.842613822270E-06    1.900536038261E-06
    3.937781877663E+01
    1.612266004687E-04   -8.775798605422E-06
   -8.775798605422E-06    1.882276495801E-06
    3.946665759279E+01
    1.605015803644E-04   -8.709553168993E-06
   -8.709553168993E-06    1.864215050879E-06
    3.955559650903E+01
    1.597806311622E-04   -8.643872131217E-06
   -8.643872131217E-06    1.846349308469E-06
    3.964463552534E+01
    1.590637254062E-04   -8.578750165704E-06
   -8.578750165704E-06    1.828676905467E-06
    3.973377464173E+01
    1.583508358864E-04   -8.514182000831E-06
   -8.514182000831E-06    1.811195510222E-06
    3.982301385819E+01
    1.576419356592E-04   -8.450162419153E-06
   -8.450162419153E-06    1.793902822081E-06
    3.991235317472E+01
    1.569369980003E-04   -8.386686256776E-06
   -8.386686256776E-06    1.776796570939E-06
    4.000179259133E+01
    1.562359963373E-04   -8.323748402794E-06
   -8.323748402794E-06    1.759874516797E-06
    4.009133210802E+01
    1.555389043256E-04   -8.261343798690E-06
   -8.261343798690E-06    1.743134449322E-06
    4.018097172478E+01
    1.548456958093E-04   -8.199467437775E-06
   -8.199467437775E-06    1.726574187421E-06
    4.027071144161E+01
    1.541563448736E-04   -8.138114364593E-06
   -8.138114364593E-06    1.710191578819E-06
    4.036055125852E+01
    1.534708258244E-04   -8.077279674390E-06
   -8.077279674390E-06    1.693984499640E-06
    4.045049117550E+01
    1.527891130492E-04   -8.016958512530E-06
   -8.016958512530E-06    1.677950854001E-06
    4.054053119256E+01
    1.521111812874E-04   -7.957146073962E-06
   -7.957146073962E-06    1.662088573606E-06
    4.063067130969E+01
    1.514370053244E-04   -7.897837602664E-06
   -7.897837602664E-06    1.646395617353E-06
    4.072091152690E+01
    1.507665603191E-04   -7.839028391116E-06
   -7.839028391116E-06    1.630869970938E-06
    4.081125184418E+01
    1.500998214820E-04   -7.780713779766E-06
   -7.780713779766E-06    1.615509646477E-06
    4.090169226153E+01
    1.494367641957E-04   -7.722889156499E-06
   -7.722889156499E-06    1.600312682122E-06
    4.099223277896E+01
    1.487773641714E-04   -7.665549956125E-06
   -7.665549956125E-06    1.585277141692E-06
    4.108287339647E+01
    1.481215971905E-04   -7.608691659865E-06
   -7.608691659865E-06    1.570401114304E-06
    4.117361411405E+01
    1.474694392563E-04   -7.552309794839E-06
   -7.552309794839E-06    1.555682714014E-06
    4.126445493170E+01
    1.468208665996E-04   -7.496399933571E-06
   -7.496399933571E-06    1.541120079459E-06
    4.135539584943E+01
    1.461758555340E-04   -7.440957693492E-06
   -7.440957693492E-06    1.526711373509E-06
    4.144643686723E+01
    1.455343826246E-04   -7.385978736442E-06
   -7.385978736442E-06    1.512454782922E-06
    4.153757798511E+01
    1.448964247018E-04   -7.331458768201E-06
   -7.331458768201E-06    1.498348518003E-06
    4.162881920306E+01
    1.442619585516E-04   -7.277393538005E-06
   -7.277393538005E-06    1.484390812272E-06
    4.172016052109E+01
    1.436309613273E-04   -7.223778838063E-06
   -7.223778838063E-06    1.470579922133E-06
    4.181160193919E+01
    1.430034103007E-04   -7.170610503096E-06
   -7.170610503096E-06    1.456914126553E-06
    4.190314345737E+01
    1.423792829133E-04   -7.117884409891E-06
   -7.117884409891E-06    1.443391726741E-06
    4.199478507562E+01
    1.417585566916E-04   -7.065596476810E-06
   -7.065596476810E-06    1.430011045833E-06
    4.208652679394E+01
    1.411412095290E-04   -7.013742663375E-06
   -7.013742663375E-06    1.416770428584E-06
    4.217836861234E+01
    1.405272193279E-04   -6.962318969794E-06
   -6.962318969794E-06    1.403668241067E-06
    4.227031053081E+01
    1.399165642034E-04   -6.911321436539E-06
   -6.911321436539E-06    1.390702870364E-06
    4.236235254936E+01
    1.393092225230E-04   -6.860746143890E-06
   -6.860746143890E-06    1.377872724281E-06
    4.245449466798E+01
    1.387051725492E-04   -6.810589211529E-06
   -6.810589211529E-06    1.365176231050E-06
    4.254673688668E+01
    1.381043930671E-04   -6.760846798085E-06
   -6.760846798085E-06    1.352611839047E-06
    4.263907920545E+01
    1.375068627923E-04   -6.711515100744E-06
   -6.711515100744E-06    1.340178016506E-06
    4.273152162430E+01
    1.369125606176E-04   -6.662590354809E-06
   -6.662590354809E-06    1.327873251246E-06
    4.282406414322E+01
    1.363214657326E-04   -6.614068833290E-06
   -6.614068833290E-06    1.315696050392E-06
    4.291670676222E+01
    1.357335573113E-04   -6.565946846516E-06
   -6.565946846516E-06    1.303644940110E-06
    4.300944948129E+01
    1.351488147625E-04   -6.518220741705E-06
   -6.518220741705E-06    1.291718465342E-06
    4.310229230043E+01
    1.345672177400E-04   -6.470886902594E-06
   -6.470886902594E-06    1.279915189539E-06
    4.319523521965E+01
    1.339887458580E-04   -6.423941749030E-06
   -6.423941749030E-06    1.268233694410E-06
    4.328827823894E+01
    1.334133790238E-04   -6.377381736575E-06
   -6.377381736575E-06    1.256672579667E-06
    4.338142135831E+01
    1.328410972805E-04   -6.331203356144E-06
   -6.331203356144E-06    1.245230462771E-06
    4.347466457776E+01
    1.322718807404E-04   -6.285403133605E-06
   -6.285403133605E-06    1.233905978693E-06
    4.356800789727E+01
    1.317057098224E-04   -6.239977629411E-06
   -6.239977629411E-06    1.222697779666E-06
    4.366145131687E+01
    1.311425649243E-04   -6.194923438232E-06
   -6.194923438232E-06    1.211604534950E-06
    4.375499483653E+01
    1.305824266402E-04   -6.150237188582E-06
   -6.150237188582E-06    1.200624930594E-06
    4.384863845627E+01
    1.300252757231E-04   -6.105915542460E-06
   -6.105915542460E-06    1.189757669209E-06
    4.394238217609E+01
    1.294710931607E-04   -6.061955194986E-06
   -6.061955194986E-06    1.179001469734E-06
    4.403622599598E+01
    1.289198599278E-04   -6.018352874061E-06
   -6.018352874061E-06    1.168355067216E-06
    4.413016991594E+01
    1.283715572357E-04   -5.975105339998E-06
   -5.975105339998E-06    1.157817212587E-06
    4.422421393598E+01
    1.278261663550E-04   -5.932209385185E-06
   -5.932209385185E-06    1.147386672447E-06
    4.431835805610E+01
    1.272836688209E-04   -5.889661833747E-06
   -5.889661833747E-06    1.137062228848E-06
    4.441260227628E+01
    1.267440461786E-04   -5.847459541192E-06
   -5.847459541192E-06    1.126842679083E-06
    4.450694659655E+01
    1.262072802389E-04   -5.805599394093E-06
   -5.805599394093E-06    1.116726835477E-06
    4.460139101689E+01
    1.256733527846E-04   -5.764078309747E-06
   -5.764078309747E-06    1.106713525183E-06
    4.469593553730E+01
    1.251422458824E-04   -5.722893235851E-06
   -5.722893235851E-06    1.096801589979E-06
    4.479058015778E+01
    1.246139415962E-04   -5.682041150178E-06
   -5.682041150178E-06    1.086989886068E-06
    4.488532487835E+01
    1.240884222942E-04   -5.641519060258E-06
   -5.641519060258E-06    1.077277283883E-06
    4.498016969898E+01
    1.235656703195E-04   -5.601324003055E-06
   -5.601324003055E-06    1.067662667892E-06
    4.507511461969E+01
    1.230456682482E-04   -5.561453044668E-06
   -5.561453044668E-06    1.058144936411E-06
    4.517015964048E+01
    1.225283987132E-04   -5.521903280009E-06
   -5.521903280009E-06    1.048723001410E-06
    4.526530476134E+01
    1.220138444782E-04   -5.482671832504E-06
   -5.482671832504E-06    1.039395788334E-06
    4.536054998227E+01
    1.215019884480E-04   -5.443755853789E-06
   -5.443755853789E-06    1.030162235917E-06
    4.545589530328E+01
    1.209928137648E-04   -5.405152523410E-06
   -5.405152523410E-06    1.021021296005E-06
    4.555134072436E+01
    1.204863034606E-04   -5.366859048525E-06
   -5.366859048525E-06    1.011971933376E-06
    4.564688624552E+01
    1.199824408865E-04   -5.328872663621E-06
   -5.328872663621E-06    1.003013125567E-06
    4.574253186675E+01
    1.194812094658E-04   -5.291190630221E-06
   -5.291190630221E-06    9.941438627054E-07
    4.583827758806E+01
    1.189825926678E-04   -5.253810236594E-06
   -5.253810236594E-06    9.853631473330E-07
    4.593412340944E+01
    1.184865742222E-04   -5.216728797473E-06
   -5.216728797473E-06    9.766699942446E-07
    4.603006933089E+01
    1.179931378262E-04   -5.179943653786E-06
   -5.179943653786E-06    9.680634303215E-07
    4.612611535242E+01
    1.175022674625E-04   -5.143452172368E-06
   -5.143452172368E-06    9.595424943696E-07
    4.622226147403E+01
    1.170139469645E-04   -5.107251745692E-06
   -5.107251745692E-06    9.511062369596E-07
    4.631850769571E+01
    1.165281606436E-04   -5.071339791604E-06
   -5.071339791604E-06    9.427537202701E-07
    4.641485401746E+01
    1.160448926355E-04   -5.035713753048E-06
   -5.035713753048E-06    9.344840179320E-07
    4.651130043929E+01
    1.155641272666E-04   -5.000371097810E-06
   -5.000371097810E-06    9.262962148760E-07
    4.660784696119E+01
    1.150858490846E-04   -4.965309318251E-06
   -4.965309318251E-06    9.181894071818E-07
    4.670449358317E+01
    1.146100426436E-04   -4.930525931049E-06
   -4.930525931049E-06    9.101627019298E-07
    4.680124030522E+01
    1.141366925111E-04   -4.896018476955E-06
   -4.896018476955E-06    9.022152170546E-07
    4.689808712735E+01
    1.136657836898E-04   -4.861784520521E-06
   -4.861784520521E-06    8.943460812009E-07
    4.699503404955E+01
    1.131973009128E-04   -4.827821649875E-06
   -4.827821649875E-06    8.865544335814E-07
    4.709208107183E+01
    1.127312292732E-04   -4.794127476448E-06
   -4.794127476448E-06    8.788394238368E-07
    4.718922819418E+01
    1.122675538648E-04   -4.760699634754E-06
   -4.760699634754E-06    8.712002118975E-07
    4.728647541660E+01
    1.118062599376E-04   -4.727535782133E-06
   -4.727535782133E-06    8.636359678479E-07
    4.738382273910E+01
    1.113473329167E-04   -4.694633598515E-06
   -4.694633598515E-06    8.561458717917E-07
    4.748127016168E+01
    1.108907580813E-04   -4.661990786197E-06
   -4.661990786197E-06    8.487291137205E-07
    4.757881768432E+01
    1.104365210588E-04   -4.629605069595E-06
   -4.629605069595E-06    8.413848933825E-07
    4.767646530705E+01
    1.099846075261E-04   -4.597474195011E-06
   -4.597474195011E-06    8.341124201551E-07
    4.777421302984E+01
    1.095350031463E-04   -4.565595930424E-06
   -4.565595930424E-06    8.269109129174E-07
    4.787206085272E+01
    1.090876939133E-04   -4.533968065251E-06
   -4.533968065251E-06    8.197795999259E-07
    4.797000877566E+01
    1.086426656458E-04   -4.502588410118E-06
   -4.502588410118E-06    8.127177186914E-07
    4.806805679868E+01
    1.081999045007E-04   -4.471454796659E-06
   -4.471454796659E-06    8.057245158575E-07
    4.816620492178E+01
    1.077593965470E-04   -4.440565077280E-06
   -4.440565077280E-06    7.987992470813E-07
    4.826445314495E+01
    1.073211281179E-04   -4.409917124950E-06
   -4.409917124950E-06    7.919411769154E-07
    4.836280146820E+01
    1.068850854906E-04   -4.379508832996E-06
   -4.379508832996E-06    7.851495786917E-07
    4.846124989152E+01
    1.064512551924E-04   -4.349338114872E-06
   -4.349338114872E-06    7.784237344070E-07
    4.855979841491E+01
    1.060196236272E-04   -4.319402903970E-06
   -4.319402903970E-06    7.717629346099E-07
    4.865844703838E+01
    1.055901776479E-04   -4.289701153405E-06
   -4.289701153405E-06    7.651664782896E-07
    4.875719576192E+01
    1.051629038243E-04   -4.260230835818E-06
   -4.260230835818E-06    7.586336727661E-07
    4.885604458554E+01
    1.047377890942E-04   -4.230989943158E-06
   -4.230989943158E-06    7.521638335821E-07
    4.895499350923E+01
    1.043148202770E-04   -4.201976486506E-06
   -4.201976486506E-06    7.457562843959E-07
    4.905404253300E+01
    1.038939844752E-04   -4.173188495856E-06
   -4.173188495856E-06    7.394103568770E-07
    4.915319165684E+01
    1.034752686699E-04   -4.144624019932E-06
   -4.144624019932E-06    7.331253906016E-07
    4.925244088075E+01
    1.030586601516E-04   -4.116281125994E-06
   -4.116281125994E-06    7.269007329508E-07
    4.935179020475E+01
    1.026441461855E-04   -4.088157899647E-06
   -4.088157899647E-06    7.207357390098E-07
    4.945123962881E+01
    1.022317142575E-04   -4.060252444646E-06
   -4.060252444646E-06    7.146297714683E-07
    4.955078915295E+01
    1.018213516493E-04   -4.032562882722E-06
   -4.032562882722E-06    7.085822005226E-07
    4.965043877716E+01
    1.014130460055E-04   -4.005087353382E-06
   -4.005087353382E-06    7.025924037789E-07
    4.975018850145E+01
    1.010067849066E-04   -3.977824013740E-06
   -3.977824013740E-06    6.966597661582E-07
    4.985003832582E+01
    1.006025562061E-04   -3.950771038328E-06
   -3.950771038328E-06    6.907836798020E-07
    4.994998825025E+01
    1.002003475621E-04   -3.923926618922E-06
   -3.923926618922E-06    6.849635439800E-07
    5.005003827477E+01
    9.980014703488E-05   -3.897288964364E-06
   -3.897288964364E-06    6.791987649988E-07
    5.015018839935E+01
    9.940194241077E-05   -3.870856300388E-06
   -3.870856300388E-06    6.734887561111E-07
    5.025043862401E+01
    9.900572195552E-05   -3.844626869446E-06
   -3.844626869446E-06    6.678329374279E-07
    5.035078894875E+01
    9.861147364732E-05   -3.818598930538E-06
   -3.818598930538E-06    6.622307358301E-07
    5.045123937356E+01
    9.821918583106E-05   -3.792770759041E-06
   -3.792770759041E-06    6.566815848823E-07
    5.055178989844E+01
    9.782884678615E-05   -3.767140646545E-06
   -3.767140646545E-06    6.511849247480E-07
    5.065244052340E+01
    9.744044493896E-05   -3.741706900688E-06
   -3.741706900688E-06    6.457402021049E-07
    5.075319124844E+01
    9.705396867504E-05   -3.716467844991E-06
   -3.716467844991E-06    6.403468700627E-07
    5.085404207355E+01
    9.666940657413E-05   -3.691421818695E-06
   -3.691421818695E-06    6.350043880809E-07
    5.095499299873E+01
    9.628674736186E-05   -3.666567176602E-06
   -3.666567176602E-06    6.297122218886E-07
    5.105604402399E+01
    9.590597968227E-05   -3.641902288921E-06
   -3.641902288921E-06    6.244698434047E-07
    5.115719514932E+01
    9.552709236635E-05   -3.617425541106E-06
   -3.617425541106E-06    6.192767306595E-07
    5.125844637473E+01
    9.515007418210E-05   -3.593135333697E-06
   -3.593135333697E-06    6.141323677180E-07
    5.135979770021E+01
    9.477491419472E-05   -3.569030082183E-06
   -3.569030082183E-06    6.090362446026E-07
    5.146124912576E+01
    9.440160133472E-05   -3.545108216837E-06
   -3.545108216837E-06    6.039878572190E-07
    5.156280065140E+01
    9.403012477855E-05   -3.521368182569E-06
   -3.521368182569E-06    5.989867072812E-07
    5.166445227710E+01
    9.366047364013E-05   -3.497808438778E-06
   -3.497808438778E-06    5.940323022388E-07
    5.176620400288E+01
    9.329263718149E-05   -3.474427459211E-06
   -3.474427459211E-06    5.891241552048E-07
    5.186805582873E+01
    9.292660469901E-05   -3.451223731807E-06
   -3.451223731807E-06    5.842617848839E-07
    5.197000775466E+01
    9.256236564660E-05   -3.428195758563E-06
   -3.428195758563E-06    5.794447155033E-07
    5.207205978067E+01
    9.219990941675E-05   -3.405342055392E-06
   -3.405342055392E-06    5.746724767424E-07
    5.217421190674E+01
    9.183922560522E-05   -3.382661151979E-06
   -3.382661151979E-06    5.699446036653E-07
    5.227646413290E+01
    9.148030384015E-05   -3.360151591638E-06
   -3.360151591638E-06    5.652606366530E-07
    5.237881645912E+01
    9.112313374276E-05   -3.337811931186E-06
   -3.337811931186E-06    5.606201213368E-07
    5.248126888542E+01
    9.076770509962E-05   -3.315640740801E-06
   -3.315640740801E-06    5.560226085334E-07
    5.258382141180E+01
    9.041400767875E-05   -3.293636603884E-06
   -3.293636603884E-06    5.514676541795E-07
    5.268647403825E+01
    9.006203146728E-05   -3.271798116934E-06
   -3.271798116934E-06    5.469548192683E-07
    5.278922676478E+01
    8.971176631839E-05   -3.250123889410E-06
   -3.250123889410E-06    5.424836697868E-07
    5.289207959138E+01
    8.936320236347E-05   -3.228612543606E-06
   -3.228612543606E-06    5.380537766532E-07
    5.299503251805E+01
    8.901632959015E-05   -3.207262714519E-06
   -3.207262714519E-06    5.336647156562E-07
    5.309808554480E+01
    8.867113818472E-05   -3.186073049724E-06
   -3.186073049724E-06    5.293160673941E-07
    5.320123867162E+01
    8.832761849166E-05   -3.165042209243E-06
   -3.165042209243E-06    5.250074172156E-07
    5.330449189852E+01
    8.798576061961E-05   -3.144168865432E-06
   -3.144168865432E-06    5.207383551605E-07
    5.340784522549E+01
    8.764555509663E-05   -3.123451702843E-06
   -3.123451702843E-06    5.165084759023E-07
    5.351129865254E+01
    8.730699228637E-05   -3.102889418113E-06
   -3.102889418113E-06    5.123173786906E-07
    5.361485217966E+01
    8.697006268481E-05   -3.082480719840E-06
   -3.082480719840E-06    5.081646672944E-07
    5.371850580686E+01
    8.663475678604E-05   -3.062224328466E-06
   -3.062224328466E-06    5.040499499469E-07
    5.382225953413E+01
    8.630106527912E-05   -3.042118976151E-06
   -3.042118976151E-06    4.999728392902E-07
    5.392611336147E+01
    8.596897883437E-05   -3.022163406665E-06
   -3.022163406665E-06    4.959329523212E-07
    5.403006728889E+01
    8.563848819943E-05   -3.002356375272E-06
   -3.002356375272E-06    4.919299103380E-07
    5.413412131639E+01
    8.530958413840E-05   -2.982696648612E-06
   -2.982696648612E-06    4.879633388870E-07
    5.423827544396E+01
    8.498225764618E-05   -2.963183004587E-06
   -2.963183004587E-06    4.840328677111E-07
    5.434252967160E+01
    8.465649943642E-05   -2.943814232256E-06
   -2.943814232256E-06    4.801381306982E-07
    5.444688399932E+01
    8.433230073350E-05   -2.924589131715E-06
   -2.924589131715E-06    4.762787658302E-07
    5.455133842711E+01
    8.400965244103E-05   -2.905506513999E-06
   -2.905506513999E-06    4.724544151332E-07
    5.465589295498E+01
    8.368854565287E-05   -2.886565200962E-06
   -2.886565200962E-06    4.686647246283E-07
    5.476054758292E+01
    8.336897160789E-05   -2.867764025176E-06
   -2.867764025176E-06    4.649093442824E-07
    5.486530231093E+01
    8.305092151860E-05   -2.849101829826E-06
   -2.849101829826E-06    4.611879279604E-07
    5.497015713902E+01
    8.273438672815E-05   -2.830577468604E-06
   -2.830577468604E-06    4.575001333780E-07
    5.507511206719E+01
    8.241935842626E-05   -2.812189805602E-06
   -2.812189805602E-06    4.538456220543E-07
    5.518016709543E+01
    8.210582825830E-05   -2.793937715216E-06
   -2.793937715216E-06    4.502240592660E-07
    5.528532222374E+01
    8.179378740999E-05   -2.775820082036E-06
   -2.775820082036E-06    4.466351140016E-07
    5.539057745213E+01
    8.148322763835E-05   -2.757835800753E-06
   -2.757835800753E-06    4.430784589168E-07
    5.549593278060E+01
    8.117414032441E-05   -2.739983776057E-06
   -2.739983776057E-06    4.395537702895E-07
    5.560138820913E+01
    8.086651723164E-05   -2.722262922537E-06
   -2.722262922537E-06    4.360607279764E-07
    5.570694373775E+01
    8.056034992040E-05   -2.704672164587E-06
   -2.704672164587E-06    4.325990153698E-07
    5.581259936643E+01
    8.025563030640E-05   -2.687210436304E-06
   -2.687210436304E-06    4.291683193543E-07
    5.591835509519E+01
    7.995235002072E-05   -2.669876681402E-06
   -2.669876681402E-06    4.257683302658E-07
    5.602421092403E+01
    7.965050103703E-05   -2.652669853107E-06
   -2.652669853107E-06    4.223987418487E-07
    5.613016685294E+01
    7.935007516952E-05   -2.635588914074E-06
   -2.635588914074E-06    4.190592512159E-07
    5.623622288193E+01
    7.905106433430E-05   -2.618632836283E-06
   -2.618632836283E-06    4.157495588075E-07
    5.634237901099E+01
    7.875346067930E-05   -2.601800600963E-06
   -2.601800600963E-06    4.124693683514E-07
    5.644863524012E+01
    7.845725625464E-05   -2.585091198486E-06
   -2.585091198486E-06    4.092183868237E-07
    5.655499156933E+01
    7.816244295708E-05   -2.568503628289E-06
   -2.568503628289E-06    4.059963244096E-07
    5.666144799861E+01
    7.786901319405E-05   -2.552036898780E-06
   -2.552036898780E-06    4.028028944653E-07
    5.676800452797E+01
    7.757695914131E-05   -2.535690027249E-06
   -2.535690027249E-06    3.996378134798E-07
    5.687466115740E+01
    7.728627293537E-05   -2.519462039790E-06
   -2.519462039790E-06    3.965008010375E-07
    5.698141788691E+01
    7.699694699431E-05   -2.503351971205E-06
   -2.503351971205E-06    3.933915797815E-07
    5.708827471649E+01
    7.670897366851E-05   -2.487358864924E-06
   -2.487358864924E-06    3.903098753768E-07
    5.719523164615E+01
    7.642234547407E-05   -2.471481772924E-06
   -2.471481772924E-06    3.872554164746E-07
    5.730228867588E+01
    7.613705468020E-05   -2.455719755638E-06
   -2.455719755638E-06    3.842279346765E-07
    5.740944580568E+01
    7.585309394718E-05   -2.440071881882E-06
   -2.440071881882E-06    3.812271644997E-07
    5.751670303556E+01
    7.557045583204E-05   -2.424537228765E-06
   -2.424537228765E-06    3.782528433423E-07
    5.762406036552E+01
    7.528913285129E-05   -2.409114881617E-06
   -2.409114881617E-06    3.753047114488E-07
    5.773151779555E+01
    7.500911785723E-05   -2.393803933903E-06
   -2.393803933903E-06    3.723825118769E-07
    5.783907532565E+01
    7.473040330637E-05   -2.378603487145E-06
   -2.378603487145E-06    3.694859904640E-07
    5.794673295583E+01
    7.445298222848E-05   -2.363512650849E-06
   -2.363512650849E-06    3.666148957941E-07
    5.805449068608E+01
    7.417684715550E-05   -2.348530542422E-06
   -2.348530542422E-06    3.637689791656E-07
    5.816234851641E+01
    7.390199117525E-05   -2.333656287098E-06
   -2.333656287098E-06    3.609479945592E-07
    5.827030644681E+01
    7.362840709508E-05   -2.318889017864E-06
   -2.318889017864E-06    3.581516986062E-07
    5.837836447729E+01
    7.335608776425E-05   -2.304227875381E-06
   -2.304227875381E-06    3.553798505576E-07
    5.848652260784E+01
    7.308502630479E-05   -2.289672007916E-06
   -2.289672007916E-06    3.526322122529E-07
    5.859478083846E+01
    7.281521568448E-05   -2.275220571263E-06
   -2.275220571263E-06    3.499085480896E-07
    5.870313916916E+01
    7.254664909445E-05   -2.260872728673E-06
   -2.260872728673E-06    3.472086249938E-07
    5.881159759994E+01
    7.227931941850E-05   -2.246627650784E-06
   -2.246627650784E-06    3.445322123897E-07
    5.892015613079E+01
    7.201322013129E-05   -2.232484515546E-06
   -2.232484515546E-06    3.418790821711E-07
    5.902881476171E+01
    7.174834420661E-05   -2.218442508155E-06
   -2.218442508155E-06    3.392490086720E-07
    5.913757349271E+01
    7.148468490129E-05   -2.204500820982E-06
   -2.204500820982E-06    3.366417686381E-07
    5.924643232378E+01
    7.122223572041E-05   -2.190658653499E-06
   -2.190658653499E-06    3.340571411988E-07
    5.935539125493E+01
    7.096098981536E-05   -2.176915212223E-06
   -2.176915212223E-06    3.314949078394E-07
    5.946445028615E+01
    7.070094065699E-05   -2.163269710638E-06
   -2.163269710638E-06    3.289548523734E-07
    5.957360941745E+01
    7.044208165960E-05   -2.149721369127E-06
   -2.149721369127E-06    3.264367609156E-07
    5.968286864882E+01
    7.018440632295E-05   -2.136269414922E-06
   -2.136269414922E-06    3.239404218553E-07
    5.979222798026E+01
    6.992790808582E-05   -2.122913082013E-06
   -2.122913082013E-06    3.214656258296E-07
    5.990168741178E+01
    6.967258043119E-05   -2.109651611112E-06
   -2.109651611112E-06    3.190121656978E-07
    6.001124694338E+01
    6.941841721883E-05   -2.096484249561E-06
   -2.096484249561E-06    3.165798365151E-07
    6.012090657504E+01
    6.916541181556E-05   -2.083410251297E-06
   -2.083410251297E-06    3.141684355074E-07
    6.023066630679E+01
    6.891355809805E-05   -2.070428876758E-06
   -2.070428876758E-06    3.117777620463E-07
    6.034052613861E+01
    6.866284966080E-05   -2.057539392857E-06
   -2.057539392857E-06    3.094076176239E-07
    6.045048607050E+01
    6.841328021499E-05   -2.044741072881E-06
   -2.044741072881E-06    3.070578058287E-07
    6.056054610247E+01
    6.816484373122E-05   -2.032033196469E-06
   -2.032033196469E-06    3.047281323211E-07
    6.067070623451E+01
    6.791753389726E-05   -2.019415049521E-06
   -2.019415049521E-06    3.024184048098E-07
    6.078096646662E+01
    6.767134462985E-05   -2.006885924155E-06
   -2.006885924155E-06    3.001284330279E-07
    6.089132679882E+01
    6.742626991943E-05   -1.994445118644E-06
   -1.994445118644E-06    2.978580287098E-07
    6.100178723108E+01
    6.718230350900E-05   -1.982091937363E-06
   -1.982091937363E-06    2.956070055681E-07
    6.111234776342E+01
    6.693943955521E-05   -1.969825690713E-06
   -1.969825690713E-06    2.933751792708E-07
    6.122300839584E+01
    6.669767205102E-05   -1.957645695094E-06
   -1.957645695094E-06    2.911623674193E-07
    6.133376912832E+01
    6.645699516135E-05   -1.945551272814E-06
   -1.945551272814E-06    2.889683895255E-07
    6.144462996089E+01
    6.621740284160E-05   -1.933541752062E-06
   -1.933541752062E-06    2.867930669907E-07
    6.155559089353E+01
    6.597888919739E-05   -1.921616466838E-06
   -1.921616466838E-06    2.846362230833E-07
    6.166665192624E+01
    6.574144857868E-05   -1.909774756900E-06
   -1.909774756900E-06    2.824976829179E-07
    6.177781305903E+01
    6.550507499240E-05   -1.898015967712E-06
   -1.898015967712E-06    2.803772734342E-07
    6.188907429189E+01
    6.526976286937E-05   -1.886339450389E-06
   -1.886339450389E-06    2.782748233759E-07
    6.200043562482E+01
    6.503550651320E-05   -1.874744561644E-06
   -1.874744561644E-06    2.761901632704E-07
    6.211189705783E+01
    6.480230010197E-05   -1.863230663735E-06
   -1.863230663735E-06    2.741231254085E-07
    6.222345859092E+01
    6.457013808081E-05   -1.851797124409E-06
   -1.851797124409E-06    2.720735438240E-07
    6.233512022408E+01
    6.433901477481E-05   -1.840443316869E-06
   -1.840443316869E-06    2.700412542744E-07
    6.244688195731E+01
    6.410892465612E-05   -1.829168619693E-06
   -1.829168619693E-06    2.680260942209E-07
    6.255874379062E+01
    6.387986213090E-05   -1.817972416803E-06
   -1.817972416803E-06    2.660279028095E-07
    6.267070572401E+01
    6.365182186898E-05   -1.806854097416E-06
   -1.806854097416E-06    2.640465208513E-07
    6.278276775747E+01
    6.342479810698E-05   -1.795813055987E-06
   -1.795813055987E-06    2.620817908044E-07
    6.289492989100E+01
    6.319878577975E-05   -1.784848692160E-06
   -1.784848692160E-06    2.601335567547E-07
    6.300719212461E+01
    6.297377926579E-05   -1.773960410726E-06
   -1.773960410726E-06    2.582016643979E-07
    6.311955445829E+01
    6.274977307553E-05   -1.763147621570E-06
   -1.763147621570E-06    2.562859610208E-07
    6.323201689204E+01
    6.252676210157E-05   -1.752409739619E-06
   -1.752409739619E-06    2.543862954841E-07
    6.334457942588E+01
    6.230474103038E-05   -1.741746184810E-06
   -1.741746184810E-06    2.525025182042E-07
    6.345724205978E+01
    6.208370444115E-05   -1.731156382027E-06
   -1.731156382027E-06    2.506344811356E-07
    6.357000479376E+01
    6.186364718483E-05   -1.720639761065E-06
   -1.720639761065E-06    2.487820377539E-07
    6.368286762782E+01
    6.164456411175E-05   -1.710195756577E-06
   -1.710195756577E-06    2.469450430386E-07
    6.379583056194E+01
    6.142644997289E-05   -1.699823808037E-06
   -1.699823808037E-06    2.451233534564E-07
    6.390889359615E+01
    6.120929974134E-05   -1.689523359689E-06
   -1.689523359689E-06    2.433168269442E-07
    6.402205673043E+01
    6.099310810569E-05   -1.679293860505E-06
   -1.679293860505E-06    2.415253228927E-07
    6.413531996478E+01
    6.077787021000E-05   -1.669134764140E-06
   -1.669134764140E-06    2.397487021305E-07
    6.424868329921E+01
    6.056358084552E-05   -1.659045528894E-06
   -1.659045528894E-06    2.379868269076E-07
    6.436214673371E+01
    6.035023514564E-05   -1.649025617657E-06
   -1.649025617657E-06    2.362395608798E-07
    6.447571026828E+01
    6.013782808928E-05   -1.639074497880E-06
   -1.639074497880E-06    2.345067690928E-07
    6.458937390294E+01
    5.992635452823E-05   -1.629191641522E-06
   -1.629191641522E-06    2.327883179669E-07
    6.470313763766E+01
    5.971580980894E-05   -1.619376525022E-06
   -1.619376525022E-06    2.310840752817E-07
    6.481700147246E+01
    5.950618897603E-05   -1.609628629235E-06
   -1.609628629235E-06    2.293939101608E-07
    6.493096540734E+01
    5.929748710378E-05   -1.599947439416E-06
   -1.599947439416E-06    2.277176930569E-07
    6.504502944229E+01
    5.908969921391E-05   -1.590332445169E-06
   -1.590332445169E-06    2.260552957374E-07
    6.515919357731E+01
    5.888282095314E-05   -1.580783140395E-06
   -1.580783140395E-06    2.244065912692E-07
    6.527345781241E+01
    5.867684713204E-05   -1.571299023275E-06
   -1.571299023275E-06    2.227714540050E-07
    6.538782214758E+01
    5.847177305866E-05   -1.561879596217E-06
   -1.561879596217E-06    2.211497595683E-07
    6.550228658283E+01
    5.826759427315E-05   -1.552524365814E-06
   -1.552524365814E-06    2.195413848400E-07
    6.561685111815E+01
    5.806430584583E-05   -1.543232842817E-06
   -1.543232842817E-06    2.179462079443E-07
    6.573151575355E+01
    5.786190320839E-05   -1.534004542090E-06
   -1.534004542090E-06    2.163641082347E-07
    6.584628048902E+01
    5.766038168558E-05   -1.524838982572E-06
   -1.524838982572E-06    2.147949662810E-07
    6.596114532456E+01
    5.745973693590E-05   -1.515735687240E-06
   -1.515735687240E-06    2.132386638553E-07
    6.607611026018E+01
    5.725996396881E-05   -1.506694183077E-06
   -1.506694183077E-06    2.116950839192E-07
    6.619117529588E+01
    5.706105855691E-05   -1.497714001024E-06
   -1.497714001024E-06    2.101641106104E-07
    6.630634043165E+01
    5.686301605625E-05   -1.488794675956E-06
   -1.488794675956E-06    2.086456292302E-07
    6.642160566749E+01
    5.666583192623E-05   -1.479935746642E-06
   -1.479935746642E-06    2.071395262303E-07
    6.653697100341E+01
    5.646950178967E-05   -1.471136755705E-06
   -1.471136755705E-06    2.056456892003E-07
    6.665243643940E+01
    5.627402119533E-05   -1.462397249593E-06
   -1.462397249593E-06    2.041640068555E-07
    6.676800197547E+01
    5.607938579169E-05   -1.453716778538E-06
   -1.453716778538E-06    2.026943690242E-07
    6.688366761161E+01
    5.588559114546E-05   -1.445094896531E-06
   -1.445094896531E-06    2.012366666357E-07
    6.699943334783E+01
    5.569263282054E-05   -1.436531161275E-06
   -1.436531161275E-06    1.997907917085E-07
    6.711529918412E+01
    5.550050672405E-05   -1.428025134162E-06
   -1.428025134162E-06    1.983566373380E-07
    6.723126512048E+01
    5.530920827500E-05   -1.419576380232E-06
   -1.419576380232E-06    1.969340976849E-07
    6.734733115692E+01
    5.511873333297E-05   -1.411184468148E-06
   -1.411184468148E-06    1.955230679637E-07
    6.746349729344E+01
    5.492907769652E-05   -1.402848970156E-06
   -1.402848970156E-06    1.941234444313E-07
    6.757976353003E+01
    5.474023696381E-05   -1.394569462053E-06
   -1.394569462053E-06    1.927351243754E-07
    6.769612986669E+01
    5.455220714288E-05   -1.386345523158E-06
   -1.386345523158E-06    1.913580061036E-07
    6.781259630343E+01
    5.436498394224E-05   -1.378176736281E-06
   -1.378176736281E-06    1.899919889318E-07
    6.792916284024E+01
    5.417856332721E-05   -1.370062687682E-06
   -1.370062687682E-06    1.886369731742E-07
    6.804582947713E+01
    5.399294097857E-05   -1.362002967060E-06
   -1.362002967060E-06    1.872928601315E-07
    6.816259621409E+01
    5.380811296099E-05   -1.353997167496E-06
   -1.353997167496E-06    1.859595520808E-07
    6.827946305113E+01
    5.362407512521E-05   -1.346044885443E-06
   -1.346044885443E-06    1.846369522649E-07
    6.839642998824E+01
    5.344082341980E-05   -1.338145720679E-06
   -1.338145720679E-06    1.833249648819E-07
    6.851349702543E+01
    5.325835385667E-05   -1.330299276299E-06
   -1.330299276299E-06    1.820234950748E-07
    6.863066416269E+01
    5.307666241194E-05   -1.322505158663E-06
   -1.322505158663E-06    1.807324489214E-07
    6.874793140002E+01
    5.289574509345E-05   -1.314762977378E-06
   -1.314762977378E-06    1.794517334242E-07
    6.886529873743E+01
    5.271559798613E-05   -1.307072345263E-06
   -1.307072345263E-06    1.781812565005E-07
    6.898276617491E+01
    5.253621717622E-05   -1.299432878329E-06
   -1.299432878329E-06    1.769209269723E-07
    6.910033371247E+01
    5.235759863754E-05   -1.291844195741E-06
   -1.291844195741E-06    1.756706545572E-07
    6.921800135011E+01
    5.217973854080E-05   -1.284305919797E-06
   -1.284305919797E-06    1.744303498579E-07
    6.933576908781E+01
    5.200263310675E-05   -1.276817675894E-06
   -1.276817675894E-06    1.731999243536E-07
    6.945363692560E+01
    5.182627851728E-05   -1.269379092500E-06
   -1.269379092500E-06    1.719792903899E-07
    6.957160486345E+01
    5.165067076564E-05   -1.261989801135E-06
   -1.261989801135E-06    1.707683611702E-07
    6.968967290138E+01
    5.147580618774E-05   -1.254649436332E-06
   -1.254649436332E-06    1.695670507457E-07
    6.980784103939E+01
    5.130168097339E-05   -1.247357635621E-06
   -1.247357635621E-06    1.683752740071E-07
    6.992610927747E+01
    5.112829140190E-05   -1.240114039492E-06
   -1.240114039492E-06    1.671929466754E-07
    7.004447761562E+01
    5.095563379585E-05   -1.232918291379E-06
   -1.232918291379E-06    1.660199852928E-07
    7.016294605385E+01
    5.078370428977E-05   -1.225770037623E-06
   -1.225770037623E-06    1.648563072142E-07
    7.028151459216E+01
    5.061249938366E-05   -1.218668927456E-06
   -1.218668927456E-06    1.637018305985E-07
    7.040018323054E+01
    5.044201543436E-05   -1.211614612966E-06
   -1.211614612966E-06    1.625564744002E-07
    7.051895196899E+01
    5.027224853054E-05   -1.204606749082E-06
   -1.204606749082E-06    1.614201583604E-07
    7.063782080752E+01
    5.010319530562E-05   -1.197644993534E-06
   -1.197644993534E-06    1.602928029994E-07
    7.075678974612E+01
    4.993485209840E-05   -1.190729006847E-06
   -1.190729006847E-06    1.591743296073E-07
    7.087585878480E+01
    4.976721523871E-05   -1.183858452301E-06
   -1.183858452301E-06    1.580646602368E-07
    7.099502792355E+01
    4.960028136407E-05   -1.177032995911E-06
   -1.177032995911E-06    1.569637176947E-07
    7.111429716237E+01
    4.943404679483E-05   -1.170252306406E-06
   -1.170252306406E-06    1.558714255339E-07
    7.123366650127E+01
    4.926850811525E-05   -1.163516055201E-06
   -1.163516055201E-06    1.547877080456E-07
    7.135313594025E+01
    4.910366170087E-05   -1.156823916372E-06
   -1.156823916372E-06    1.537124902515E-07
    7.147270547930E+01
    4.893950422333E-05   -1.150175566641E-06
   -1.150175566641E-06    1.526456978962E-07
    7.159237511842E+01
    4.877603211554E-05   -1.143570685342E-06
   -1.143570685342E-06    1.515872574393E-07
    7.171214485762E+01
    4.861324203303E-05   -1.137008954403E-06
   -1.137008954403E-06    1.505370960481E-07
    7.183201469689E+01
    4.845113043218E-05   -1.130490058326E-06
   -1.130490058326E-06    1.494951415903E-07
    7.195198463624E+01
    4.828969407277E-05   -1.124013684154E-06
   -1.124013684154E-06    1.484613226263E-07
    7.207205467566E+01
    4.812892951823E-05   -1.117579521462E-06
   -1.117579521462E-06    1.474355684019E-07
    7.219222481516E+01
    4.796883340835E-05   -1.111187262324E-06
   -1.111187262324E-06    1.464178088416E-07
    7.231249505473E+01
    4.780940243057E-05   -1.104836601298E-06
   -1.104836601298E-06    1.454079745410E-07
    7.243286539438E+01
    4.765063332781E-05   -1.098527235401E-06
   -1.098527235401E-06    1.444059967599E-07
    7.255333583410E+01
    4.749252264689E-05   -1.092258864085E-06
   -1.092258864085E-06    1.434118074157E-07
    7.267390637389E+01
    4.733506729938E-05   -1.086031189219E-06
   -1.086031189219E-06    1.424253390758E-07
    7.279457701376E+01
    4.717826392356E-05   -1.079843915068E-06
   -1.079843915068E-06    1.414465249515E-07
    7.291534775370E+01
    4.702210923048E-05   -1.073696748272E-06
   -1.073696748272E-06    1.404752988909E-07
    7.303621859372E+01
    4.686660015058E-05   -1.067589397822E-06
   -1.067589397822E-06    1.395115953725E-07
    7.315718953382E+01
    4.671173333663E-05   -1.061521575042E-06
   -1.061521575042E-06    1.385553494985E-07
    7.327826057398E+01
    4.655750581436E-05   -1.055492993569E-06
   -1.055492993569E-06    1.376064969883E-07
    7.339943171423E+01
    4.640391404365E-05   -1.049503369330E-06
   -1.049503369330E-06    1.366649741720E-07
    7.352070295454E+01
    4.625095528453E-05   -1.043552420526E-06
   -1.043552420526E-06    1.357307179842E-07
    7.364207429493E+01
    4.609862620775E-05   -1.037639867608E-06
   -1.037639867608E-06    1.348036659580E-07
    7.376354573540E+01
    4.594692377325E-05   -1.031765433260E-06
   -1.031765433260E-06    1.338837562180E-07
    7.388511727594E+01
    4.579584487198E-05   -1.025928842381E-06
   -1.025928842381E-06    1.329709274751E-07
    7.400678891656E+01
    4.564538631745E-05   -1.020129822058E-06
   -1.020129822058E-06    1.320651190197E-07
    7.412856065725E+01
    4.549554520296E-05   -1.014368101559E-06
   -1.014368101559E-06    1.311662707161E-07
    7.425043249801E+01
    4.534631851904E-05   -1.008643412303E-06
   -1.008643412303E-06    1.302743229966E-07
    7.437240443885E+01
    4.519770307560E-05   -1.002955487846E-06
   -1.002955487846E-06    1.293892168553E-07
    7.449447647976E+01
    4.504969605061E-05   -9.973040638653E-07
   -9.973040638653E-07    1.285108938426E-07
    7.461664862075E+01
    4.490229420769E-05   -9.916888781352E-07
   -9.916888781352E-07    1.276392960595E-07
    7.473892086181E+01
    4.475549484317E-05   -9.861096705115E-07
   -9.861096705115E-07    1.267743661516E-07
    7.486129320295E+01
    4.460929490764E-05   -9.805661829126E-07
   -9.805661829126E-07    1.259160473040E-07
    7.498376564416E+01
    4.446369149168E-05   -9.750581593068E-07
   -9.750581593068E-07    1.250642832351E-07
    7.510633818544E+01
    4.431868152886E-05   -9.695853456858E-07
   -9.695853456858E-07    1.242190181919E-07
    7.522901082681E+01
    4.417426236983E-05   -9.641474900521E-07
   -9.641474900521E-07    1.233801969439E-07
    7.535178356824E+01
    4.403043095292E-05   -9.587443424039E-07
   -9.587443424039E-07    1.225477647782E-07
    7.547465640975E+01
    4.388718435995E-05   -9.533756547109E-07
   -9.533756547109E-07    1.217216674937E-07
    7.559762935133E+01
    4.374452002932E-05   -9.480411809067E-07
   -9.480411809067E-07    1.209018513967E-07
    7.572070239299E+01
    4.360243476920E-05   -9.427406768620E-07
   -9.427406768620E-07    1.200882632947E-07
    7.584387553473E+01
    4.346092597903E-05   -9.374739003730E-07
   -9.374739003730E-07    1.192808504921E-07
    7.596714877653E+01
    4.331999084110E-05   -9.322406111475E-07
   -9.322406111475E-07    1.184795607846E-07
    7.609052211842E+01
    4.317962643018E-05   -9.270405707808E-07
   -9.270405707808E-07    1.176843424547E-07
    7.621399556037E+01
    4.303983019480E-05   -9.218735427481E-07
   -9.218735427481E-07    1.168951442660E-07
    7.633756910240E+01
    4.290059896909E-05   -9.167392923801E-07
   -9.167392923801E-07    1.161119154591E-07
    7.646124274451E+01
    4.276193066094E-05   -9.116375868545E-07
   -9.116375868545E-07    1.153346057463E-07
    7.658501648669E+01
    4.262382187327E-05   -9.065681951745E-07
   -9.065681951745E-07    1.145631653069E-07
    7.670889032895E+01
    4.248627046681E-05   -9.015308881560E-07
   -9.015308881560E-07    1.137975447825E-07
    7.683286427128E+01
    4.234927324239E-05   -8.965254384114E-07
   -8.965254384114E-07    1.130376952720E-07
    7.695693831368E+01
    4.221282790799E-05   -8.915516203341E-07
   -8.915516203341E-07    1.122835683278E-07
    7.708111245616E+01
    4.207693146909E-05   -8.866092100832E-07
   -8.866092100832E-07    1.115351159500E-07
    7.720538669871E+01
    4.194158170216E-05   -8.816979855681E-07
   -8.816979855681E-07    1.107922905831E-07
    7.732976104134E+01
    4.180677560819E-05   -8.768177264360E-07
   -8.768177264360E-07    1.100550451105E-07
    7.745423548404E+01
    4.167251057584E-05   -8.719682140520E-07
   -8.719682140520E-07    1.093233328507E-07
    7.757881002682E+01
    4.153878427432E-05   -8.671492314889E-07
   -8.671492314889E-07    1.085971075528E-07
    7.770348466967E+01
    4.140559396033E-05   -8.623605635114E-07
   -8.623605635114E-07    1.078763233919E-07
    7.782825941260E+01
    4.127293690882E-05   -8.576019965631E-07
   -8.576019965631E-07    1.071609349650E-07
    7.795313425560E+01
    4.114081077122E-05   -8.528733187454E-07
   -8.528733187454E-07    1.064508972867E-07
    7.807810919867E+01
    4.100921282002E-05   -8.481743198121E-07
   -8.481743198121E-07    1.057461657853E-07
    7.820318424182E+01
    4.087814086616E-05   -8.435047911535E-07
   -8.435047911535E-07    1.050466962979E-07
    7.832835938505E+01
    4.074759192840E-05   -8.388645257763E-07
   -8.388645257763E-07    1.043524450673E-07
    7.845363462834E+01
    4.061756391053E-05   -8.342533182984E-07
   -8.342533182984E-07    1.036633687371E-07
    7.857900997172E+01
    4.048805405215E-05   -8.296709649278E-07
   -8.296709649278E-07    1.029794243481E-07
    7.870448541517E+01
    4.035905977637E-05   -8.251172634541E-07
   -8.251172634541E-07    1.023005693340E-07
    7.883006095869E+01
    4.023057903630E-05   -8.205920132339E-07
   -8.205920132339E-07    1.016267615181E-07
    7.895573660228E+01
    4.010260916334E-05   -8.160950151764E-07
   -8.160950151764E-07    1.009579591086E-07
    7.908151234596E+01
    3.997514775620E-05   -8.116260717304E-07
   -8.116260717304E-07    1.002941206954E-07
    7.920738818970E+01
    3.984819215110E-05   -8.071849868719E-07
   -8.071849868719E-07    9.963520524584E-08
    7.933336413352E+01
    3.972174029654E-05   -8.027715660918E-07
   -8.027715660918E-07    9.898117210137E-08
    7.945944017742E+01
    3.959578955498E-05   -7.983856163810E-07
   -7.983856163810E-07    9.833198097344E-08
    7.958561632139E+01
    3.947033775996E-05   -7.940269462218E-07
   -7.940269462218E-07    9.768759194002E-08
    7.971189256543E+01
    3.934538223511E-05   -7.896953655702E-07
   -7.896953655702E-07    9.704796544189E-08
    7.983826890955E+01
    3.922092083584E-05   -7.853906858464E-07
   -7.853906858464E-07    9.641306227909E-08
    7.996474535374E+01
    3.909695128783E-05   -7.811127199228E-07
   -7.811127199228E-07    9.578284360730E-08
    8.009132189801E+01
    3.897347086400E-05   -7.768612821097E-07
   -7.768612821097E-07    9.515727093432E-08
    8.021799854235E+01
    3.885047785230E-05   -7.726361881451E-07
   -7.726361881451E-07    9.453630611662E-08
    8.034477528677E+01
    3.872796952352E-05   -7.684372551801E-07
   -7.684372551801E-07    9.391991135586E-08
    8.047165213126E+01
    3.860594380365E-05   -7.642643017749E-07
   -7.642643017749E-07    9.330804919546E-08
    8.059862907583E+01
    3.848439817010E-05   -7.601171478749E-07
   -7.601171478749E-07    9.270068251727E-08
    8.072570612047E+01
    3.836333054221E-05   -7.559956148071E-07
   -7.559956148071E-07    9.209777453817E-08
    8.085288326518E+01
    3.824273860652E-05   -7.518995252670E-07
   -7.518995252670E-07    9.149928880682E-08
    8.098016050997E+01
    3.812262017541E-05   -7.478287033073E-07
   -7.478287033073E-07    9.090518920035E-08
    8.110753785484E+01
    3.800297301236E-05   -7.437829743256E-07
   -7.437829743256E-07    9.031543992114E-08
    8.123501529978E+01
    3.788379498462E-05   -7.397621650517E-07
   -7.397621650517E-07    8.973000549362E-08
    8.136259284479E+01
    3.776508353130E-05   -7.357661035430E-07
   -7.357661035430E-07    8.914885076110E-08
    8.149027048988E+01
    3.764683675674E-05   -7.317946191634E-07
   -7.317946191634E-07    8.857194088265E-08
    8.161804823504E+01
    3.752905242890E-05   -7.278475425810E-07
   -7.278475425810E-07    8.799924132998E-08
    8.174592608028E+01
    3.741172846065E-05   -7.239247057531E-07
   -7.239247057531E-07    8.743071788437E-08
    8.187390402559E+01
    3.729486249283E-05   -7.200259419161E-07
   -7.200259419161E-07    8.686633663368E-08
    8.200198207098E+01
    3.717845254549E-05   -7.161510855764E-07
   -7.161510855764E-07    8.630606396929E-08
    8.213016021644E+01
    3.706249649257E-05   -7.122999724968E-07
   -7.122999724968E-07    8.574986658317E-08
    8.225843846197E+01
    3.694699210580E-05   -7.084724396877E-07
   -7.084724396877E-07    8.519771146493E-08
    8.238681680758E+01
    3.683193737697E-05   -7.046683253989E-07
   -7.046683253989E-07    8.464956589892E-08
    8.251529525327E+01
    3.671733000940E-05   -7.008874691045E-07
   -7.008874691045E-07    8.410539746134E-08
    8.264387379902E+01
    3.660316817996E-05   -6.971297114974E-07
   -6.971297114974E-07    8.356517401740E-08
    8.277255244486E+01
    3.648944981472E-05   -6.933948944773E-07
   -6.933948944773E-07    8.302886371851E-08
    8.290133119077E+01
    3.637617254394E-05   -6.896828611385E-07
   -6.896828611385E-07    8.249643499948E-08
    8.303021003675E+01
    3.626333454028E-05   -6.859934557654E-07
   -6.859934557654E-07    8.196785657580E-08
    8.315918898281E+01
    3.615093377913E-05   -6.823265238152E-07
   -6.823265238152E-07    8.144309744086E-08
    8.328826802894E+01
    3.603896803315E-05   -6.786819119160E-07
   -6.786819119160E-07    8.092212686330E-08
    8.341744717514E+01
    3.592743557757E-05   -6.750594678531E-07
   -6.750594678531E-07    8.040491438430E-08
    8.354672642142E+01
    3.581633404441E-05   -6.714590405570E-07
   -6.714590405570E-07    7.989142981497E-08
    8.367610576778E+01
    3.570566200045E-05   -6.678804800997E-07
   -6.678804800997E-07    7.938164323371E-08
    8.380558521421E+01
    3.559541687363E-05   -6.643236376829E-07
   -6.643236376829E-07    7.887552498364E-08
    8.393516476071E+01
    3.548559687532E-05   -6.607883656236E-07
   -6.607883656236E-07    7.837304567005E-08
    8.406484440729E+01
    3.537620010649E-05   -6.572745173551E-07
   -6.572745173551E-07    7.787417615784E-08
    8.419462415395E+01
    3.526722461124E-05   -6.537819474086E-07
   -6.537819474086E-07    7.737888756903E-08
    8.432450400067E+01
    3.515866840503E-05   -6.503105114099E-07
   -6.503105114099E-07    7.688715128028E-08
    8.445448394748E+01
    3.505052958822E-05   -6.468600660664E-07
   -6.468600660664E-07    7.639893892042E-08
    8.458456399435E+01
    3.494280615087E-05   -6.434304691618E-07
   -6.434304691618E-07    7.591422236806E-08
    8.471474414131E+01
    3.483549648981E-05   -6.400215795429E-07
   -6.400215795429E-07    7.543297374914E-08
    8.484502438833E+01
    3.472859803283E-05   -6.366332571180E-07
   -6.366332571180E-07    7.495516543458E-08
    8.497540473543E+01
    3.462210943305E-05   -6.332653628384E-07
   -6.332653628384E-07    7.448077003794E-08
    8.510588518261E+01
    3.451602880407E-05   -6.299177587000E-07
   -6.299177587000E-07    7.400976041305E-08
    8.523646572986E+01
    3.441035415180E-05   -6.265903077272E-07
   -6.265903077272E-07    7.354210965174E-08
    8.536714637718E+01
    3.430508351022E-05   -6.232828739679E-07
   -6.232828739679E-07    7.307779108154E-08
    8.549792712458E+01
    3.420021518645E-05   -6.199953224846E-07
   -6.199953224846E-07    7.261677826345E-08
    8.562880797205E+01
    3.409574723999E-05   -6.167275193458E-07
   -6.167275193458E-07    7.215904498966E-08
    8.575978891960E+01
    3.399167779438E-05   -6.134793316182E-07
   -6.134793316182E-07    7.170456528141E-08
    8.589086996722E+01
    3.388800527496E-05   -6.102506273582E-07
   -6.102506273582E-07    7.125331338672E-08
    8.602205111492E+01
    3.378472758129E-05   -6.070412756040E-07
   -6.070412756040E-07    7.080526377830E-08
    8.615333236269E+01
    3.368184307895E-05   -6.038511463676E-07
   -6.038511463676E-07    7.036039115136E-08
    8.628471371054E+01
    3.357934990138E-05   -6.006801106269E-07
   -6.006801106269E-07    6.991867042150E-08
    8.641619515846E+01
    3.347724651041E-05   -5.975280403178E-07
   -5.975280403178E-07    6.948007672263E-08
    8.654777670646E+01
    3.337553059400E-05   -5.943948083262E-07
   -5.943948083262E-07    6.904458540489E-08
    8.667945835453E+01
    3.327420069324E-05   -5.912802884809E-07
   -5.912802884809E-07    6.861217203256E-08
    8.681124010267E+01
    3.317325512179E-05   -5.881843555452E-07
   -5.881843555452E-07    6.818281238209E-08
    8.694312195089E+01
    3.307269220555E-05   -5.851068852098E-07
   -5.851068852098E-07    6.775648244002E-08
    8.707510389918E+01
    3.297250984204E-05   -5.820477540853E-07
   -5.820477540853E-07    6.733315840103E-08
    8.720718594755E+01
    3.287270663691E-05   -5.790068396942E-07
   -5.790068396942E-07    6.691281666595E-08
    8.733936809599E+01
    3.277328075410E-05   -5.759840204638E-07
   -5.759840204638E-07    6.649543383985E-08
    8.747165034451E+01
    3.267423046474E-05   -5.729791757211E-07
   -5.729791757211E-07    6.608098673002E-08
    8.760403269310E+01
    3.257555416178E-05   -5.699921856800E-07
   -5.699921856800E-07    6.566945234417E-08
    8.773651514177E+01
    3.247725006208E-05   -5.670229314391E-07
   -5.670229314391E-07    6.526080788845E-08
    8.786909769051E+01
    3.237931635424E-05   -5.640712949753E-07
   -5.640712949753E-07    6.485503076560E-08
    8.800178033933E+01
    3.228175167415E-05   -5.611371591299E-07
   -5.611371591299E-07    6.445209857315E-08
    8.813456308822E+01
    3.218455413426E-05   -5.582204076103E-07
   -5.582204076103E-07    6.405198910150E-08
    8.826744593718E+01
    3.208772235631E-05   -5.553209249780E-07
   -5.553209249780E-07    6.365468033217E-08
    8.840042888622E+01
    3.199125422755E-05   -5.524385966389E-07
   -5.524385966389E-07    6.326015043597E-08
    8.853351193533E+01
    3.189514820648E-05   -5.495733088456E-07
   -5.495733088456E-07    6.286837777124E-08
    8.866669508452E+01
    3.179940314140E-05   -5.467249486817E-07
   -5.467249486817E-07    6.247934088208E-08
    8.879997833378E+01
    3.170401682877E-05   -5.438934040615E-07
   -5.438934040615E-07    6.209301849660E-08
    8.893336168312E+01
    3.160898805478E-05   -5.410785637167E-07
   -5.410785637167E-07    6.170938952522E-08
    8.906684513253E+01
    3.151431503316E-05   -5.382803171985E-07
   -5.382803171985E-07    6.132843305893E-08
    8.920042868202E+01
    3.141999611303E-05   -5.354985548599E-07
   -5.354985548599E-07    6.095012836762E-08
    8.933411233158E+01
    3.132602994194E-05   -5.327331678621E-07
   -5.327331678621E-07    6.057445489841E-08
    8.946789608122E+01
    3.123241459473E-05   -5.299840481561E-07
   -5.299840481561E-07    6.020139227400E-08
    8.960177993093E+01
    3.113914876836E-05   -5.272510884853E-07
   -5.272510884853E-07    5.983092029098E-08
    8.973576388071E+01
    3.104623076837E-05   -5.245341823755E-07
   -5.245341823755E-07    5.946301891830E-08
    8.986984793057E+01
    3.095365922042E-05   -5.218332241259E-07
   -5.218332241259E-07    5.909766829556E-08
    9.000403208050E+01
    3.086143223215E-05   -5.191481088078E-07
   -5.191481088078E-07    5.873484873151E-08
    9.013831633051E+01
    3.076954870084E-05   -5.164787322579E-07
   -5.164787322579E-07    5.837454070242E-08
    9.027270068059E+01
    3.067800679238E-05   -5.138249910673E-07
   -5.138249910673E-07    5.801672485054E-08
    9.040718513075E+01
    3.058680501488E-05   -5.111867825808E-07
   -5.111867825808E-07    5.766138198256E-08
    9.054176968098E+01
    3.049594182534E-05   -5.085640048911E-07
   -5.085640048911E-07    5.730849306808E-08
    9.067645433129E+01
    3.040541609207E-05   -5.059565568260E-07
   -5.059565568260E-07    5.695803923810E-08
    9.081123908167E+01
    3.031522577505E-05   -5.033643379504E-07
   -5.033643379504E-07    5.661000178353E-08
    9.094612393213E+01
    3.022536969163E-05   -5.007872485576E-07
   -5.007872485576E-07    5.626436215369E-08
    9.108110888266E+01
    3.013584616403E-05   -4.982251896636E-07
   -4.982251896636E-07    5.592110195488E-08
    9.121619393326E+01
    3.004665384905E-05   -4.956780629981E-07
   -4.956780629981E-07    5.558020294888E-08
    9.135137908394E+01
    2.995779149899E-05   -4.931457710063E-07
   -4.931457710063E-07    5.524164705156E-08
    9.148666433469E+01
    2.986925727508E-05   -4.906282168328E-07
   -4.906282168328E-07    5.490541633142E-08
    9.162204968552E+01
    2.978104974887E-05   -4.881253043289E-07
   -4.881253043289E-07    5.457149300822E-08
    9.175753513642E+01
    2.969316785637E-05   -4.856369380348E-07
   -4.856369380348E-07    5.423985945154E-08
    9.189312068740E+01
    2.960560963005E-05   -4.831630231817E-07
   -4.831630231817E-07    5.391049817944E-08
    9.202880633845E+01
    2.951837416680E-05   -4.807034656833E-07
   -4.807034656833E-07    5.358339185708E-08
    9.216459208958E+01
    2.943145948312E-05   -4.782581721331E-07
   -4.782581721331E-07    5.325852329536E-08
    9.230047794078E+01
    2.934486463456E-05   -4.758270497938E-07
   -4.758270497938E-07    5.293587544959E-08
    9.243646389206E+01
    2.925858783785E-05   -4.734100065992E-07
   -4.734100065992E-07    5.261543141816E-08
    9.257254994341E+01
    2.917262816052E-05   -4.710069511411E-07
   -4.710069511411E-07    5.229717444122E-08
    9.270873609483E+01
    2.908698374244E-05   -4.686177926723E-07
   -4.686177926723E-07    5.198108789941E-08
    9.284502234633E+01
    2.900165356659E-05   -4.662424410931E-07
   -4.662424410931E-07    5.166715531253E-08
    9.298140869790E+01
    2.891663602857E-05   -4.638808069541E-07
   -4.638808069541E-07    5.135536033831E-08
    9.311789514955E+01
    2.883192958635E-05   -4.615328014446E-07
   -4.615328014446E-07    5.104568677111E-08
    9.325448170127E+01
    2.874753322125E-05   -4.591983363897E-07
   -4.591983363897E-07    5.073811854070E-08
    9.339116835307E+01
    2.866344531334E-05   -4.568773242497E-07
   -4.568773242497E-07    5.043263971100E-08
    9.352795510494E+01
    2.857966499446E-05   -4.545696781086E-07
   -4.545696781086E-07    5.012923447889E-08
    9.366484195689E+01
    2.849619000984E-05   -4.522753116718E-07
   -4.522753116718E-07    4.982788717295E-08
    9.380182890891E+01
    2.841301994680E-05   -4.499941392609E-07
   -4.499941392609E-07    4.952858225232E-08
    9.393891596101E+01
    2.833015309974E-05   -4.477260758113E-07
   -4.477260758113E-07    4.923130430545E-08
    9.407610311318E+01
    2.824758809510E-05   -4.454710368653E-07
   -4.454710368653E-07    4.893603804895E-08
    9.421339036542E+01
    2.816532344915E-05   -4.432289385657E-07
   -4.432289385657E-07    4.864276832647E-08
    9.435077771774E+01
    2.808335839126E-05   -4.409996976529E-07
   -4.409996976529E-07    4.835148010745E-08
    9.448826517014E+01
    2.800169113884E-05   -4.387832314622E-07
   -4.387832314622E-07    4.806215848608E-08
    9.462585272260E+01
    2.792032044959E-05   -4.365794579174E-07
   -4.365794579174E-07    4.777478868008E-08
    9.476354037515E+01
    2.783924512198E-05   -4.343882955221E-07
   -4.343882955221E-07    4.748935602966E-08
    9.490132812776E+01
    2.775846385619E-05   -4.322096633636E-07
   -4.322096633636E-07    4.720584599636E-08
    9.503921598046E+01
    2.767797528955E-05   -4.300434811016E-07
   -4.300434811016E-07    4.692424416195E-08
    9.517720393322E+01
    2.759777854198E-05   -4.278896689659E-07
   -4.278896689659E-07    4.664453622739E-08
    9.531529198606E+01
    2.751787186194E-05   -4.257481477540E-07
   -4.257481477540E-07    4.636670801171E-08
    9.545348013898E+01
    2.743825415579E-05   -4.236188388215E-07
   -4.236188388215E-07    4.609074545095E-08
    9.559176839197E+01
    2.735892446520E-05   -4.215016640851E-07
   -4.215016640851E-07    4.581663459712E-08
    9.573015674503E+01
    2.727988095056E-05   -4.193965460088E-07
   -4.193965460088E-07    4.554436161716E-08
    9.586864519817E+01
    2.720112271141E-05   -4.173034076113E-07
   -4.173034076113E-07    4.527391279187E-08
    9.600723375139E+01
    2.712264865358E-05   -4.152221724505E-07
   -4.152221724505E-07    4.500527451492E-08
    9.614592240468E+01
    2.704445726273E-05   -4.131527646269E-07
   -4.131527646269E-07    4.473843329184E-08
    9.628471115804E+01
    2.696654733981E-05   -4.110951087742E-07
   -4.110951087742E-07    4.447337573898E-08
    9.642360001148E+01
    2.688891802127E-05   -4.090491300620E-07
   -4.090491300620E-07    4.421008858253E-08
    9.656258896499E+01
    2.681156755685E-05   -4.070147541830E-07
   -4.070147541830E-07    4.394855865756E-08
    9.670167801857E+01
    2.673449524910E-05   -4.049919073558E-07
   -4.049919073558E-07    4.368877290702E-08
    9.684086717224E+01
    2.665769958708E-05   -4.029805163171E-07
   -4.029805163171E-07    4.343071838076E-08
    9.698015642597E+01
    2.658117965565E-05   -4.009805083211E-07
   -4.009805083211E-07    4.317438223462E-08
    9.711954577978E+01
    2.650493384265E-05   -3.989918111307E-07
   -3.989918111307E-07    4.291975172942E-08
    9.725903523367E+01
    2.642896115328E-05   -3.970143530178E-07
   -3.970143530178E-07    4.266681423009E-08
    9.739862478763E+01
    2.635326096414E-05   -3.950480627582E-07
   -3.950480627582E-07    4.241555720468E-08
    9.753831444166E+01
    2.627783122119E-05   -3.930928696256E-07
   -3.930928696256E-07    4.216596822349E-08
    9.767810419577E+01
    2.620267108720E-05   -3.911487033919E-07
   -3.911487033919E-07    4.191803495811E-08
    9.781799404995E+01
    2.612777966455E-05   -3.892154943193E-07
   -3.892154943193E-07    4.167174518056E-08
    9.795798400421E+01
    2.605315562594E-05   -3.872931731604E-07
   -3.872931731604E-07    4.142708676237E-08
    9.809807405854E+01
    2.597879763139E-05   -3.853816711486E-07
   -3.853816711486E-07    4.118404767372E-08
    9.823826421295E+01
    2.590470490264E-05   -3.834809200018E-07
   -3.834809200018E-07    4.094261598253E-08
    9.837855446743E+01
    2.583087606382E-05   -3.815908519133E-07
   -3.815908519133E-07    4.070277985362E-08
    9.851894482198E+01
    2.575730999210E-05   -3.797113995502E-07
   -3.797113995502E-07    4.046452754783E-08
    9.865943527661E+01
    2.568400574461E-05   -3.778424960495E-07
   -3.778424960495E-07    4.022784742119E-08
    9.880002583132E+01
    2.561096213624E-05   -3.759840750142E-07
   -3.759840750142E-07    3.999272792406E-08
    9.894071648610E+01
    2.553817790120E-05   -3.741360705105E-07
   -3.741360705105E-07    3.975915760029E-08
    9.908150724095E+01
    2.546565207411E-05   -3.722984170632E-07
   -3.722984170632E-07    3.952712508643E-08
    9.922239809588E+01
    2.539338346348E-05   -3.704710496533E-07
   -3.704710496533E-07    3.929661911085E-08
    9.936338905088E+01
    2.532137126365E-05   -3.686539037133E-07
   -3.686539037133E-07    3.906762849299E-08
    9.950448010596E+01
    2.524961376457E-05   -3.668469151260E-07
   -3.668469151260E-07    3.884014214251E-08
    9.964567126111E+01
    2.517811046986E-05   -3.650500202172E-07
   -3.650500202172E-07    3.861414905853E-08
    9.978696251634E+01
    2.510686004608E-05   -3.632631557564E-07
   -3.632631557564E-07    3.838963832881E-08
    9.992835387164E+01
    2.503586173817E-05   -3.614862589515E-07
   -3.614862589515E-07    3.816659912899E-08
    1.000698453270E+02
    2.496511410293E-05   -3.597192674441E-07
   -3.597192674441E-07    3.794502072181E-08
    1.002114368825E+02
    2.489461601794E-05   -3.579621193104E-07
   -3.579621193104E-07    3.772489245635E-08
    1.003531285380E+02
    2.482436678300E-05   -3.562147530521E-07
   -3.562147530521E-07    3.750620376725E-08
    1.004949202936E+02
    2.475436501976E-05   -3.544771076001E-07
   -3.544771076001E-07    3.728894417401E-08
    1.006368121493E+02
    2.468460997393E-05   -3.527491223040E-07
   -3.527491223040E-07    3.707310328017E-08
    1.007788041050E+02
    2.461510039573E-05   -3.510307369340E-07
   -3.510307369340E-07    3.685867077264E-08
    1.009208961608E+02
    2.454583511057E-05   -3.493218916757E-07
   -3.493218916757E-07    3.664563642093E-08
    1.010630883167E+02
    2.447681359165E-05   -3.476225271287E-07
   -3.476225271287E-07    3.643399007646E-08
    1.012053805727E+02
    2.440803419530E-05   -3.459325843001E-07
   -3.459325843001E-07    3.622372167180E-08
    1.013477729288E+02
    2.433949656693E-05   -3.442520046038E-07
   -3.442520046038E-07    3.601482122000E-08
    1.014902653849E+02
    2.427119894058E-05   -3.425807298584E-07
   -3.425807298584E-07    3.580727881387E-08
    1.016328579411E+02
    2.420314102220E-05   -3.409187022827E-07
   -3.409187022827E-07    3.560108462528E-08
    1.017755505973E+02
    2.413532137752E-05   -3.392658644913E-07
   -3.392658644913E-07    3.539622890449E-08
    1.019183433537E+02
    2.406773937410E-05   -3.376221594941E-07
   -3.376221594941E-07    3.519270197944E-08
    1.020612362101E+02
    2.400039346419E-05   -3.359875306933E-07
   -3.359875306933E-07    3.499049425509E-08
    1.022042291666E+02
    2.393328301078E-05   -3.343619218772E-07
   -3.343619218772E-07    3.478959621276E-08
    1.023473222232E+02
    2.386640688339E-05   -3.327452772223E-07
   -3.327452772223E-07    3.458999840944E-08
    1.024905153798E+02
    2.379976427441E-05   -3.311375412854E-07
   -3.311375412854E-07    3.439169147714E-08
    1.026338086365E+02
    2.373335406364E-05   -3.295386590042E-07
   -3.295386590042E-07    3.419466612225E-08
    1.027772019933E+02
    2.366717550572E-05   -3.279485756932E-07
   -3.279485756932E-07    3.399891312491E-08
    1.029206954502E+02
    2.360122723056E-05   -3.263672370403E-07
   -3.263672370403E-07    3.380442333833E-08
    1.030642890071E+02
    2.353550861708E-05   -3.247945891060E-07
   -3.247945891060E-07    3.361118768817E-08
    1.032079826641E+02
    2.347001849015E-05   -3.232305783186E-07
   -3.232305783186E-07    3.341919717193E-08
    1.033517764212E+02
    2.340475591239E-05   -3.216751514704E-07
   -3.216751514704E-07    3.322844285832E-08
    1.034956702784E+02
    2.333972034890E-05   -3.201282557193E-07
   -3.201282557193E-07    3.303891588665E-08
    1.036396642356E+02
    2.327491044028E-05   -3.185898385822E-07
   -3.185898385822E-07    3.285060746619E-08
    1.037837582930E+02
    2.321032510724E-05   -3.170598479339E-07
   -3.170598479339E-07    3.266350887562E-08
    1.039279524503E+02
    2.314596381420E-05   -3.155382320030E-07
   -3.155382320030E-07    3.247761146237E-08
    1.040722467078E+02
    2.308182540726E-05   -3.140249393722E-07
   -3.140249393722E-07    3.229290664209E-08
    1.042166410653E+02
    2.301790918652E-05   -3.125199189722E-07
   -3.125199189722E-07    3.210938589800E-08
    1.043611355230E+02
    2.295421345135E-05   -3.110231200828E-07
   -3.110231200828E-07    3.192704078036E-08
    1.045057300806E+02
    2.289073862235E-05   -3.095344923247E-07
   -3.095344923247E-07    3.174586290587E-08
    1.046504247384E+02
    2.282748243741E-05   -3.080539856636E-07
   -3.080539856636E-07    3.156584395711E-08
    1.047952194962E+02
    2.276444499379E-05   -3.065815504042E-07
   -3.065815504042E-07    3.138697568194E-08
    1.049401143541E+02
    2.270162484002E-05   -3.051171371866E-07
   -3.051171371866E-07    3.120924989299E-08
    1.050851093121E+02
    2.263902123721E-05   -3.036606969853E-07
   -3.036606969853E-07    3.103265846708E-08
    1.052302043702E+02
    2.257663345304E-05   -3.022121811082E-07
   -3.022121811082E-07    3.085719334466E-08
    1.053753995283E+02
    2.251446047698E-05   -3.007715411911E-07
   -3.007715411911E-07    3.068284652929E-08
    1.055206947865E+02
    2.245250094504E-05   -2.993387291971E-07
   -2.993387291971E-07    3.050961008709E-08
    1.056660901448E+02
    2.239075493004E-05   -2.979136974144E-07
   -2.979136974144E-07    3.033747614618E-08
    1.058115856032E+02
    2.232922074925E-05   -2.964963984524E-07
   -2.964963984524E-07    3.016643689619E-08
    1.059571811616E+02
    2.226789785857E-05   -2.950867852413E-07
   -2.950867852413E-07    2.999648458771E-08
    1.061028768201E+02
    2.220678526930E-05   -2.936848110267E-07
   -2.936848110267E-07    2.982761153180E-08
    1.062486725787E+02
    2.214588205555E-05   -2.922904293706E-07
   -2.922904293706E-07    2.965981009941E-08
    1.063945684374E+02
    2.208518787091E-05   -2.909035941486E-07
   -2.909035941486E-07    2.949307272096E-08
    1.065405643961E+02
    2.202470103098E-05   -2.895242595444E-07
   -2.895242595444E-07    2.932739188575E-08
    1.066866604549E+02
    2.196442147865E-05   -2.881523800509E-07
   -2.881523800509E-07    2.916276014151E-08
    1.068328566138E+02
    2.190434784101E-05   -2.867879104679E-07
   -2.867879104679E-07    2.899917009388E-08
    1.069791528727E+02
    2.184447962394E-05   -2.854308058971E-07
   -2.854308058971E-07    2.883661440596E-08
    1.071255492318E+02
    2.178481570606E-05   -2.840810217425E-07
   -2.840810217425E-07    2.867508579773E-08
    1.072720456909E+02
    2.172535534223E-05   -2.827385137060E-07
   -2.827385137060E-07    2.851457704569E-08
    1.074186422500E+02
    2.166609754478E-05   -2.814032377877E-07
   -2.814032377877E-07    2.835508098228E-08
    1.075653389093E+02
    2.160704170243E-05   -2.800751502821E-07
   -2.800751502821E-07    2.819659049545E-08
    1.077121356686E+02
    2.154818698569E-05   -2.787542077756E-07
   -2.787542077756E-07    2.803909852820E-08
    1.078590325280E+02
    2.148953248742E-05   -2.774403671452E-07
   -2.774403671452E-07    2.788259807808E-08
    1.080060294875E+02
    2.143107752197E-05   -2.761335855578E-07
   -2.761335855578E-07    2.772708219677E-08
    1.081531265470E+02
    2.137282131058E-05   -2.748338204642E-07
   -2.748338204642E-07    2.757254398957E-08
    1.083003237067E+02
    2.131476278558E-05   -2.735410296006E-07
   -2.735410296006E-07    2.741897661502E-08
    1.084476209664E+02
    2.125690113878E-05   -2.722551709837E-07
   -2.722551709837E-07    2.726637328437E-08
    1.085950183261E+02
    2.119923571786E-05   -2.709762029127E-07
   -2.709762029127E-07    2.711472726122E-08
    1.087425157860E+02
    2.114176576899E-05   -2.697040839629E-07
   -2.697040839629E-07    2.696403186099E-08
    1.088901133459E+02
    2.108449034839E-05   -2.684387729856E-07
   -2.684387729856E-07    2.681428045057E-08
    1.090378110059E+02
    2.102740901607E-05   -2.671802291052E-07
   -2.671802291052E-07    2.666546644781E-08
    1.091856087660E+02
    2.097052063866E-05   -2.659284117205E-07
   -2.659284117205E-07    2.651758332116E-08
    1.093335066261E+02
    2.091382439917E-05   -2.646832804971E-07
   -2.646832804971E-07    2.637062458920E-08
    1.094815045864E+02
    2.085731965770E-05   -2.634447953711E-07
   -2.634447953711E-07    2.622458382024E-08
    1.096296026466E+02
    2.080100560276E-05   -2.622129165423E-07
   -2.622129165423E-07    2.607945463189E-08
    1.097778008070E+02
    2.074488154135E-05   -2.609876044763E-07
   -2.609876044763E-07    2.593523069065E-08
    1.099260990675E+02
    2.068894652997E-05   -2.597688199004E-07
   -2.597688199004E-07    2.579190571152E-08
    1.100744974280E+02
    2.063320007388E-05   -2.585565238002E-07
   -2.585565238002E-07    2.564947345757E-08
    1.102229958886E+02
    2.057764116416E-05   -2.573506774230E-07
   -2.573506774230E-07    2.550792773955E-08
    1.103715944492E+02
    2.052226905146E-05   -2.561512422686E-07
   -2.561512422686E-07    2.536726241548E-08
    1.105202931100E+02
    2.046708324439E-05   -2.549581800951E-07
   -2.549581800951E-07    2.522747139029E-08
    1.106690918708E+02
    2.041208267934E-05   -2.537714529111E-07
   -2.537714529111E-07    2.508854861536E-08
    1.108179907317E+02
    2.035726667813E-05   -2.525910229762E-07
   -2.525910229762E-07    2.495048808822E-08
    1.109669896927E+02
    2.030263472199E-05   -2.514168528004E-07
   -2.514168528004E-07    2.481328385210E-08
    1.111160887537E+02
    2.024818590348E-05   -2.502489051393E-07
   -2.502489051393E-07    2.467692999558E-08
    1.112652879148E+02
    2.019391940827E-05   -2.490871429946E-07
   -2.490871429946E-07    2.454142065218E-08
    1.114145871760E+02
    2.013983464695E-05   -2.479315296128E-07
   -2.479315296128E-07    2.440675000006E-08
    1.115639865373E+02
    2.008593072798E-05   -2.467820284797E-07
   -2.467820284797E-07    2.427291226155E-08
    1.117134859986E+02
    2.003220714165E-05   -2.456386033244E-07
   -2.456386033244E-07    2.413990170286E-08
    1.118630855600E+02
    1.997866301156E-05   -2.445012181129E-07
   -2.445012181129E-07    2.400771263369E-08
    1.120127852215E+02
    1.992529767146E-05   -2.433698370473E-07
   -2.433698370473E-07    2.387633940686E-08
    1.121625849831E+02
    1.987211030844E-05   -2.422444245660E-07
   -2.422444245660E-07    2.374577641797E-08
    1.123124848447E+02
    1.981910063084E-05   -2.411249453399E-07
   -2.411249453399E-07    2.361601810502E-08
    1.124624848064E+02
    1.976626706267E-05   -2.400113642730E-07
   -2.400113642730E-07    2.348705894811E-08
    1.126125848682E+02
    1.971360971470E-05   -2.389036464968E-07
   -2.389036464968E-07    2.335889346904E-08
    1.127627850301E+02
    1.966112770097E-05   -2.378017573733E-07
   -2.378017573733E-07    2.323151623097E-08
    1.129130852920E+02
    1.960882026337E-05   -2.367056624900E-07
   -2.367056624900E-07    2.310492183814E-08
    1.130634856540E+02
    1.955668620629E-05   -2.356153276606E-07
   -2.356153276606E-07    2.297910493543E-08
    1.132139861161E+02
    1.950472577299E-05   -2.345307189215E-07
   -2.345307189215E-07    2.285406020812E-08
    1.133645866783E+02
    1.945293769753E-05   -2.334518025309E-07
   -2.334518025309E-07    2.272978238151E-08
    1.135152873405E+02
    1.940132098390E-05   -2.323785449675E-07
   -2.323785449675E-07    2.260626622058E-08
    1.136660881028E+02
    1.934987580875E-05   -2.313109129289E-07
   -2.313109129289E-07    2.248350652972E-08
    1.138169889652E+02
    1.929860120280E-05   -2.302488733291E-07
   -2.302488733291E-07    2.236149815232E-08
    1.139679899277E+02
    1.924749575499E-05   -2.291923932992E-07
   -2.291923932992E-07    2.224023597053E-08
    1.141190909902E+02
    1.919655971639E-05   -2.281414401824E-07
   -2.281414401824E-07    2.211971490491E-08
    1.142702921528E+02
    1.914579192887E-05   -2.270959815358E-07
   -2.270959815358E-07    2.199992991410E-08
    1.144215934155E+02
    1.909519180455E-05   -2.260559851270E-07
   -2.260559851270E-07    2.188087599454E-08
    1.145729947782E+02
    1.904475899022E-05   -2.250214189334E-07
   -2.250214189334E-07    2.176254818012E-08
    1.147244962411E+02
    1.899449240931E-05   -2.239922511394E-07
   -2.239922511394E-07    2.164494154193E-08
    1.148760978040E+02
    1.894439161662E-05   -2.229684501377E-07
   -2.229684501377E-07    2.152805118790E-08
    1.150277994670E+02
    1.889445582262E-05   -2.219499845241E-07
   -2.219499845241E-07    2.141187226253E-08
    1.151796012300E+02
    1.884468449141E-05   -2.209368230997E-07
   -2.209368230997E-07    2.129639994657E-08
    1.153315030931E+02
    1.879507690418E-05   -2.199289348666E-07
   -2.199289348666E-07    2.118162945675E-08
    1.154835050563E+02
    1.874563232137E-05   -2.189262890280E-07
   -2.189262890280E-07    2.106755604549E-08
    1.156356071196E+02
    1.869635050690E-05   -2.179288549865E-07
   -2.179288549865E-07    2.095417500055E-08
    1.157878092830E+02
    1.864723028990E-05   -2.169366023420E-07
   -2.169366023420E-07    2.084148164484E-08
    1.159401115464E+02
    1.859827162903E-05   -2.159495008922E-07
   -2.159495008922E-07    2.072947133603E-08
    1.160925139099E+02
    1.854947332353E-05   -2.149675206283E-07
   -2.149675206283E-07    2.061813946634E-08
    1.162450163735E+02
    1.850083471381E-05   -2.139906317361E-07
   -2.139906317361E-07    2.050748146225E-08
    1.163976189371E+02
    1.845235581725E-05   -2.130188045927E-07
   -2.130188045927E-07    2.039749278418E-08
    1.165503216009E+02
    1.840403569457E-05   -2.120520097686E-07
   -2.120520097686E-07    2.028816892626E-08
    1.167031243647E+02
    1.835587303307E-05   -2.110902180209E-07
   -2.110902180209E-07    2.017950541604E-08
    1.168560272285E+02
    1.830786802117E-05   -2.101334002962E-07
   -2.101334002962E-07    2.007149781421E-08
    1.170090301925E+02
    1.826002022692E-05   -2.091815277294E-07
   -2.091815277294E-07    1.996414171434E-08
    1.171621332565E+02
    1.821232835535E-05   -2.082345716389E-07
   -2.082345716389E-07    1.985743274262E-08
    1.173153364206E+02
    1.816479182050E-05   -2.072925035285E-07
   -2.072925035285E-07    1.975136655759E-08
    1.174686396848E+02
    1.811741095280E-05   -2.063552950846E-07
   -2.063552950846E-07    1.964593884987E-08
    1.176220430490E+02
    1.807018411238E-05   -2.054229181765E-07
   -2.054229181765E-07    1.954114534194E-08
    1.177755465133E+02
    1.802311067152E-05   -2.044953448514E-07
   -2.044953448514E-07    1.943698178780E-08
    1.179291500777E+02
    1.797619082425E-05   -2.035725473387E-07
   -2.035725473387E-07    1.933344397282E-08
    1.180828537422E+02
    1.792942386375E-05   -2.026544980436E-07
   -2.026544980436E-07    1.923052771341E-08
    1.182366575068E+02
    1.788280825026E-05   -2.017411695489E-07
   -2.017411695489E-07    1.912822885680E-08
    1.183905613714E+02
    1.783634441524E-05   -2.008325346126E-07
   -2.008325346126E-07    1.902654328079E-08
    1.185445653361E+02
    1.779003155431E-05   -1.999285661661E-07
   -1.999285661661E-07    1.892546689350E-08
    1.186986694008E+02
    1.774386857130E-05   -1.990292373160E-07
   -1.990292373160E-07    1.882499563312E-08
    1.188528735657E+02
    1.769785517628E-05   -1.981345213381E-07
   -1.981345213381E-07    1.872512546770E-08
    1.190071778306E+02
    1.765199097648E-05   -1.972443916805E-07
   -1.972443916805E-07    1.862585239487E-08
    1.191615821956E+02
    1.760627579701E-05   -1.963588219589E-07
   -1.963588219589E-07    1.852717244162E-08
    1.193160866607E+02
    1.756070744463E-05   -1.954777859606E-07
   -1.954777859606E-07    1.842908166407E-08
    1.194706912258E+02
    1.751528711491E-05   -1.946012576351E-07
   -1.946012576351E-07    1.833157614723E-08
    1.196253958910E+02
    1.747001321233E-05   -1.937292111017E-07
   -1.937292111017E-07    1.823465200476E-08
    1.197802006563E+02
    1.742488563585E-05   -1.928616206422E-07
   -1.928616206422E-07    1.813830537878E-08
    1.199351055217E+02
    1.737990373431E-05   -1.919984607043E-07
   -1.919984607043E-07    1.804253243958E-08
    1.200901104871E+02
    1.733506697061E-05   -1.911397058945E-07
   -1.911397058945E-07    1.794732938546E-08
    1.202452155526E+02
    1.729037479741E-05   -1.902853309829E-07
   -1.902853309829E-07    1.785269244244E-08
    1.204004207182E+02
    1.724582630090E-05   -1.894353109005E-07
   -1.894353109005E-07    1.775861786410E-08
    1.205557259839E+02
    1.720142068491E-05   -1.885896207347E-07
   -1.885896207347E-07    1.766510193132E-08
    1.207111313496E+02
    1.715715880153E-05   -1.877482357333E-07
   -1.877482357333E-07    1.757214095210E-08
    1.208666368154E+02
    1.711303842346E-05   -1.869111312997E-07
   -1.869111312997E-07    1.747973126130E-08
    1.210222423813E+02
    1.706906067743E-05   -1.860782829936E-07
   -1.860782829936E-07    1.738786922045E-08
    1.211779480473E+02
    1.702522354625E-05   -1.852496665281E-07
   -1.852496665281E-07    1.729655121753E-08
    1.213337538133E+02
    1.698152725700E-05   -1.844252577708E-07
   -1.844252577708E-07    1.720577366679E-08
    1.214896596794E+02
    1.693797058932E-05   -1.836050327425E-07
   -1.836050327425E-07    1.711553300848E-08
    1.216456656456E+02
    1.689455418122E-05   -1.827889676148E-07
   -1.827889676148E-07    1.702582570872E-08
    1.218017717119E+02
    1.685127646697E-05   -1.819770387080E-07
   -1.819770387080E-07    1.693664825922E-08
    1.219579778782E+02
    1.680813730301E-05   -1.811692224957E-07
   -1.811692224957E-07    1.684799717715E-08
    1.221142841446E+02
    1.676513562467E-05   -1.803654955964E-07
   -1.803654955964E-07    1.675986900486E-08
    1.222706905111E+02
    1.672227189885E-05   -1.795658347761E-07
   -1.795658347761E-07    1.667226030974E-08
    1.224271969777E+02
    1.667954504071E-05   -1.787702169492E-07
   -1.787702169492E-07    1.658516768403E-08
    1.225838035443E+02
    1.663695423321E-05   -1.779786191734E-07
   -1.779786191734E-07    1.649858774455E-08
    1.227405102110E+02
    1.659449972380E-05   -1.771910186525E-07
   -1.771910186525E-07    1.641251713259E-08
    1.228973169778E+02
    1.655218055670E-05   -1.764073927314E-07
   -1.764073927314E-07    1.632695251366E-08
    1.230542238446E+02
    1.650999595495E-05   -1.756277188987E-07
   -1.756277188987E-07    1.624189057734E-08
    1.232112308116E+02
    1.646794549516E-05   -1.748519747842E-07
   -1.748519747842E-07    1.615732803704E-08
    1.233683378786E+02
    1.642602911177E-05   -1.740801381575E-07
   -1.740801381575E-07    1.607326162988E-08
    1.235255450456E+02
    1.638424587701E-05   -1.733121869277E-07
   -1.733121869277E-07    1.598968811643E-08
    1.236828523128E+02
    1.634259536210E-05   -1.725480991437E-07
   -1.725480991437E-07    1.590660428059E-08
    1.238402596800E+02
    1.630107701575E-05   -1.717878529893E-07
   -1.717878529893E-07    1.582400692935E-08
    1.239977671473E+02
    1.625969079560E-05   -1.710314267871E-07
   -1.710314267871E-07    1.574189289266E-08
    1.241553747147E+02
    1.621843542825E-05   -1.702787989931E-07
   -1.702787989931E-07    1.566025902323E-08
    1.243130823822E+02
    1.617731142078E-05   -1.695299482001E-07
   -1.695299482001E-07    1.557910219631E-08
    1.244708901497E+02
    1.613631703599E-05   -1.687848531347E-07
   -1.687848531347E-07    1.549841930961E-08
    1.246287980173E+02
    1.609545283489E-05   -1.680434926532E-07
   -1.680434926532E-07    1.541820728300E-08
    1.247868059850E+02
    1.605471768929E-05   -1.673058457472E-07
   -1.673058457472E-07    1.533846305846E-08
    1.249449140527E+02
    1.601411122583E-05   -1.665718915383E-07
   -1.665718915383E-07    1.525918359982E-08
    1.251031222205E+02
    1.597363373088E-05   -1.658416092766E-07
   -1.658416092766E-07    1.518036589262E-08
    1.252614304885E+02
    1.593328324740E-05   -1.651149783439E-07
   -1.651149783439E-07    1.510200694394E-08
    1.254198388564E+02
    1.589306060621E-05   -1.643919782481E-07
   -1.643919782481E-07    1.502410378223E-08
    1.255783473245E+02
    1.585296457002E-05   -1.636725886277E-07
   -1.636725886277E-07    1.494665345716E-08
    1.257369558926E+02
    1.581299489771E-05   -1.629567892436E-07
   -1.629567892436E-07    1.486965303941E-08
    1.258956645608E+02
    1.577315109416E-05   -1.622445599848E-07
   -1.622445599848E-07    1.479309962056E-08
    1.260544733291E+02
    1.573343275788E-05   -1.615358808653E-07
   -1.615358808653E-07    1.471699031289E-08
    1.262133821974E+02
    1.569383918024E-05   -1.608307320237E-07
   -1.608307320237E-07    1.464132224923E-08
    1.263723911658E+02
    1.565437037281E-05   -1.601290937189E-07
   -1.601290937189E-07    1.456609258281E-08
    1.265315002343E+02
    1.561502543495E-05   -1.594309463345E-07
   -1.594309463345E-07    1.449129848708E-08
    1.266907094029E+02
    1.557580433043E-05   -1.587362703760E-07
   -1.587362703760E-07    1.441693715558E-08
    1.268500186716E+02
    1.553670599616E-05   -1.580450464679E-07
   -1.580450464679E-07    1.434300580177E-08
    1.270094280403E+02
    1.549773009282E-05   -1.573572553545E-07
   -1.573572553545E-07    1.426950165885E-08
    1.271689375091E+02
    1.545887634073E-05   -1.566728779018E-07
   -1.566728779018E-07    1.419642197967E-08
    1.273285470779E+02
    1.542014443789E-05   -1.559918950908E-07
   -1.559918950908E-07    1.412376403652E-08
    1.274882567469E+02
    1.538153377161E-05   -1.553142880221E-07
   -1.553142880221E-07    1.405152512099E-08
    1.276480665159E+02
    1.534304378409E-05   -1.546400379110E-07
   -1.546400379110E-07    1.397970254385E-08
    1.278079763850E+02
    1.530467462740E-05   -1.539691260909E-07
   -1.539691260909E-07    1.390829363488E-08
    1.279679863542E+02
    1.526642486119E-05   -1.533015340088E-07
   -1.533015340088E-07    1.383729574272E-08
    1.281280964234E+02
    1.522829456055E-05   -1.526372432265E-07
   -1.526372432265E-07    1.376670623473E-08
    1.282883065927E+02
    1.519028296805E-05   -1.519762354187E-07
   -1.519762354187E-07    1.369652249684E-08
    1.284486168621E+02
    1.515239038644E-05   -1.513184923732E-07
   -1.513184923732E-07    1.362674193344E-08
    1.286090272316E+02
    1.511461573748E-05   -1.506639959905E-07
   -1.506639959905E-07    1.355736196717E-08
    1.287695377011E+02
    1.507695840050E-05   -1.500127282810E-07
   -1.500127282810E-07    1.348838003884E-08
    1.289301482707E+02
    1.503941870126E-05   -1.493646713674E-07
   -1.493646713674E-07    1.341979360729E-08
    1.290908589404E+02
    1.500199563535E-05   -1.487198074796E-07
   -1.487198074796E-07    1.335160014919E-08
    1.292516697102E+02
    1.496468874295E-05   -1.480781189592E-07
   -1.480781189592E-07    1.328379715898E-08
    1.294125805800E+02
    1.492749797577E-05   -1.474395882536E-07
   -1.474395882536E-07    1.321638214868E-08
    1.295735915499E+02
    1.489042249042E-05   -1.468041979197E-07
   -1.468041979197E-07    1.314935264779E-08
    1.297347026199E+02
    1.485346177412E-05   -1.461719306202E-07
   -1.461719306202E-07    1.308270620310E-08
    1.298959137900E+02
    1.481661632261E-05   -1.455427691243E-07
   -1.455427691243E-07    1.301644037865E-08
    1.300572250601E+02
    1.477988455661E-05   -1.449166963059E-07
   -1.449166963059E-07    1.295055275551E-08
    1.302186364303E+02
    1.474326659514E-05   -1.442936951440E-07
   -1.442936951440E-07    1.288504093169E-08
    1.303801479006E+02
    1.470676238331E-05   -1.436737487226E-07
   -1.436737487226E-07    1.281990252202E-08
    1.305417594710E+02
    1.467037080835E-05   -1.430568402270E-07
   -1.430568402270E-07    1.275513515797E-08
    1.307034711414E+02
    1.463409142228E-05   -1.424429529465E-07
   -1.424429529465E-07    1.269073648761E-08
    1.308652829119E+02
    1.459792468953E-05   -1.418320702719E-07
   -1.418320702719E-07    1.262670417538E-08
    1.310271947825E+02
    1.456186904051E-05   -1.412241756950E-07
   -1.412241756950E-07    1.256303590207E-08
    1.311892067532E+02
    1.452592535656E-05   -1.406192528086E-07
   -1.406192528086E-07    1.249972936460E-08
    1.313513188239E+02
    1.449009190124E-05   -1.400172853047E-07
   -1.400172853047E-07    1.243678227596E-08
    1.315135309947E+02
    1.445436914992E-05   -1.394182569754E-07
   -1.394182569754E-07    1.237419236506E-08
    1.316758432656E+02
    1.441875622914E-05   -1.388221517107E-07
   -1.388221517107E-07    1.231195737663E-08
    1.318382556365E+02
    1.438325275155E-05   -1.382289534986E-07
   -1.382289534986E-07    1.225007507107E-08
    1.320007681076E+02
    1.434785879916E-05   -1.376386464246E-07
   -1.376386464246E-07    1.218854322436E-08
    1.321633806787E+02
    1.431257346928E-05   -1.370512146700E-07
   -1.370512146700E-07    1.212735962791E-08
    1.323260933499E+02
    1.427739682329E-05   -1.364666425131E-07
   -1.364666425131E-07    1.206652208850E-08
    1.324889061211E+02
    1.424232799669E-05   -1.358849143258E-07
   -1.358849143258E-07    1.200602842808E-08
    1.326518189924E+02
    1.420736693432E-05   -1.353060145776E-07
   -1.353060145776E-07    1.194587648372E-08
    1.328148319638E+02
    1.417251281026E-05   -1.347299278292E-07
   -1.347299278292E-07    1.188606410750E-08
    1.329779450353E+02
    1.413776559962E-05   -1.341566387362E-07
   -1.341566387362E-07    1.182658916632E-08
    1.331411582069E+02
    1.410312485405E-05   -1.335861320458E-07
   -1.335861320458E-07    1.176744954190E-08
    1.333044714785E+02
    1.406859024720E-05   -1.330183925990E-07
   -1.330183925990E-07    1.170864313055E-08
    1.334678848502E+02
    1.403416093328E-05   -1.324534053272E-07
   -1.324534053272E-07    1.165016784316E-08
    1.336313983220E+02
    1.399983742714E-05   -1.318911552532E-07
   -1.318911552532E-07    1.159202160504E-08
    1.337950118938E+02
    1.396561844507E-05   -1.313316274901E-07
   -1.313316274901E-07    1.153420235580E-08
    1.339587255658E+02
    1.393150376236E-05   -1.307748072399E-07
   -1.307748072399E-07    1.147670804928E-08
    1.341225393378E+02
    1.389749351674E-05   -1.302206797954E-07
   -1.302206797954E-07    1.141953665341E-08
    1.342864532098E+02
    1.386358642124E-05   -1.296692305372E-07
   -1.296692305372E-07    1.136268615015E-08
    1.344504671820E+02
    1.382978368677E-05   -1.291204449326E-07
   -1.291204449326E-07    1.130615453530E-08
    1.346145812542E+02
    1.379608314199E-05   -1.285743085391E-07
   -1.285743085391E-07    1.124993981850E-08
    1.347787954265E+02
    1.376248547438E-05   -1.280308069988E-07
   -1.280308069988E-07    1.119404002303E-08
    1.349431096989E+02
    1.372899015217E-05   -1.274899260397E-07
   -1.274899260397E-07    1.113845318580E-08
    1.351075240713E+02
    1.369559596928E-05   -1.269516514780E-07
   -1.269516514780E-07    1.108317735715E-08
    1.352720385439E+02
    1.366230409001E-05   -1.264159692134E-07
   -1.264159692134E-07    1.102821060083E-08
    1.354366531164E+02
    1.362911293892E-05   -1.258828652289E-07
   -1.258828652289E-07    1.097355099387E-08
    1.356013677891E+02
    1.359602267783E-05   -1.253523255941E-07
   -1.253523255941E-07    1.091919662645E-08
    1.357661825619E+02
    1.356303231680E-05   -1.248243364604E-07
   -1.248243364604E-07    1.086514560187E-08
    1.359310974347E+02
    1.353014217007E-05   -1.242988840625E-07
   -1.242988840625E-07    1.081139603638E-08
    1.360961124076E+02
    1.349735196426E-05   -1.237759547180E-07
   -1.237759547180E-07    1.075794605913E-08
    1.362612274805E+02
    1.346466111281E-05   -1.232555348255E-07
   -1.232555348255E-07    1.070479381206E-08
    1.364264426536E+02
    1.343206891230E-05   -1.227376108646E-07
   -1.227376108646E-07    1.065193744980E-08
    1.365917579267E+02
    1.339957505935E-05   -1.222221693972E-07
   -1.222221693972E-07    1.059937513958E-08
    1.367571732999E+02
    1.336717950975E-05   -1.217091970640E-07
   -1.217091970640E-07    1.054710506112E-08
    1.369226887732E+02
    1.333488198468E-05   -1.211986805865E-07
   -1.211986805865E-07    1.049512540659E-08
    1.370883043465E+02
    1.330268195298E-05   -1.206906067629E-07
   -1.206906067629E-07    1.044343438044E-08
    1.372540200199E+02
    1.327057878794E-05   -1.201849624743E-07
   -1.201849624743E-07    1.039203019936E-08
    1.374198357934E+02
    1.323857243429E-05   -1.196817346762E-07
   -1.196817346762E-07    1.034091109219E-08
    1.375857516670E+02
    1.320666281421E-05   -1.191809104033E-07
   -1.191809104033E-07    1.029007529980E-08
    1.377517676406E+02
    1.317484921562E-05   -1.186824767673E-07
   -1.186824767673E-07    1.023952107502E-08
    1.379178837143E+02
    1.314313129080E-05   -1.181864209564E-07
   -1.181864209564E-07    1.018924668256E-08
    1.380840998881E+02
    1.311150884248E-05   -1.176927302346E-07
   -1.176927302346E-07    1.013925039889E-08
    1.382504161620E+02
    1.307998122455E-05   -1.172013919430E-07
   -1.172013919430E-07    1.008953051220E-08
    1.384168325359E+02
    1.304854854870E-05   -1.167123934949E-07
   -1.167123934949E-07    1.004008532225E-08
    1.385833490099E+02
    1.301721024873E-05   -1.162257223820E-07
   -1.162257223820E-07    9.990913140358E-09
    1.387499655840E+02
    1.298596575475E-05   -1.157413661663E-07
   -1.157413661663E-07    9.942012289246E-09
    1.389166822582E+02
    1.295481470137E-05   -1.152593124873E-07
   -1.152593124873E-07    9.893381103004E-09
    1.390834990324E+02
    1.292375699791E-05   -1.147795490540E-07
   -1.147795490540E-07    9.845017926984E-09
    1.392504159067E+02
    1.289279310164E-05   -1.143020636507E-07
   -1.143020636507E-07    9.796921117720E-09
    1.394174328811E+02
    1.286192164125E-05   -1.138268441339E-07
   -1.138268441339E-07    9.749089042847E-09
    1.395845499556E+02
    1.283114185894E-05   -1.133538784295E-07
   -1.133538784295E-07    9.701520081020E-09
    1.397517671301E+02
    1.280045486898E-05   -1.128831545380E-07
   -1.128831545380E-07    9.654212621830E-09
    1.399190844047E+02
    1.276985908100E-05   -1.124146605272E-07
   -1.124146605272E-07    9.607165065726E-09
    1.400865017794E+02
    1.273935457392E-05   -1.119483845385E-07
   -1.119483845385E-07    9.560375823932E-09
    1.402540192542E+02
    1.270894165436E-05   -1.114843147823E-07
   -1.114843147823E-07    9.513843318372E-09
    1.404216368290E+02
    1.267861916276E-05   -1.110224395367E-07
   -1.110224395367E-07    9.467565981589E-09
    1.405893545039E+02
    1.264838698910E-05   -1.105627471509E-07
   -1.105627471509E-07    9.421542256663E-09
    1.407571722789E+02
    1.261824492735E-05   -1.101052260426E-07
   -1.101052260426E-07    9.375770597143E-09
    1.409250901540E+02
    1.258819242521E-05   -1.096498646963E-07
   -1.096498646963E-07    9.330249466960E-09
    1.410931081291E+02
    1.255822932988E-05   -1.091966516649E-07
   -1.091966516649E-07    9.284977340359E-09
    1.412612262043E+02
    1.252835575236E-05   -1.087455755696E-07
   -1.087455755696E-07    9.239952701817E-09
    1.414294443796E+02
    1.249857045181E-05   -1.082966250961E-07
   -1.082966250961E-07    9.195174045973E-09
    1.415977626549E+02
    1.246887381002E-05   -1.078497889987E-07
   -1.078497889987E-07    9.150639877550E-09
    1.417661810304E+02
    1.243926572313E-05   -1.074050560968E-07
   -1.074050560968E-07    9.106348711284E-09
    1.419346995059E+02
    1.240974498888E-05   -1.069624152754E-07
   -1.069624152754E-07    9.062299071847E-09
    1.421033180814E+02
    1.238031181217E-05   -1.065218554841E-07
   -1.065218554841E-07    9.018489493781E-09
    1.422720367571E+02
    1.235096588858E-05   -1.060833657384E-07
   -1.060833657384E-07    8.974918521417E-09
    1.424408555328E+02
    1.232170661624E-05   -1.056469351171E-07
   -1.056469351171E-07    8.931584708812E-09
    1.426097744086E+02
    1.229253430332E-05   -1.052125527631E-07
   -1.052125527631E-07    8.888486619672E-09
    1.427787933845E+02
    1.226344825533E-05   -1.047802078837E-07
   -1.047802078837E-07    8.845622827286E-09
    1.429479124605E+02
    1.223444799261E-05   -1.043498897472E-07
   -1.043498897472E-07    8.802991914451E-09
    1.431171316365E+02
    1.220553357474E-05   -1.039215876866E-07
   -1.039215876866E-07    8.760592473410E-09
    1.432864509126E+02
    1.217670465175E-05   -1.034952910962E-07
   -1.034952910962E-07    8.718423105777E-09
    1.434558702888E+02
    1.214796002619E-05   -1.030709894318E-07
   -1.030709894318E-07    8.676482422469E-09
    1.436253897650E+02
    1.211930084448E-05   -1.026486722128E-07
   -1.026486722128E-07    8.634769043645E-09
    1.437950093413E+02
    1.209072620383E-05   -1.022283290161E-07
   -1.022283290161E-07    8.593281598630E-09
    1.439647290177E+02
    1.206223571285E-05   -1.018099494822E-07
   -1.018099494822E-07    8.552018725856E-09
    1.441345487942E+02
    1.203382870661E-05   -1.013935233107E-07
   -1.013935233107E-07    8.510979072791E-09
    1.443044686708E+02
    1.200550577441E-05   -1.009790402618E-07
   -1.009790402618E-07    8.470161295874E-09
    1.444744886474E+02
    1.197726586207E-05   -1.005664901539E-07
   -1.005664901539E-07    8.429564060454E-09
    1.446446087241E+02
    1.194910907822E-05   -1.001558628662E-07
   -1.001558628662E-07    8.389186040721E-09
    1.448148289008E+02
    1.192103450054E-05   -9.974714833551E-08
   -9.974714833551E-08    8.349025919644E-09
    1.449851491777E+02
    1.189304261204E-05   -9.934033655726E-08
   -9.934033655726E-08    8.309082388907E-09
    1.451555695546E+02
    1.186513276364E-05   -9.893541758603E-08
   -9.893541758603E-08    8.269354148847E-09
    1.453260900316E+02
    1.183730523563E-05   -9.853238153163E-08
   -9.853238153163E-08    8.229839908388E-09
    1.454967106087E+02
    1.180955837489E-05   -9.813121856339E-08
   -9.813121856339E-08    8.190538384986E-09
    1.456674312858E+02
    1.178189368744E-05   -9.773191890596E-08
   -9.773191890596E-08    8.151448304559E-09
    1.458382520630E+02
    1.175430948316E-05   -9.733447284253E-08
   -9.733447284253E-08    8.112568401433E-09
    1.460091729403E+02
    1.172680576469E-05   -9.693887071032E-08
   -9.693887071032E-08    8.073897418277E-09
    1.461801939177E+02
    1.169938260170E-05   -9.654510290415E-08
   -9.654510290415E-08    8.035434106046E-09
    1.463513149951E+02
    1.167203983945E-05   -9.615315987297E-08
   -9.615315987297E-08    7.997177223918E-09
    1.465225361727E+02
    1.164477635453E-05   -9.576303212164E-08
   -9.576303212164E-08    7.959125539237E-09
    1.466938574503E+02
    1.161759301966E-05   -9.537471020942E-08
   -9.537471020942E-08    7.921277827456E-09
    1.468652788279E+02
    1.159048873088E-05   -9.498818475080E-08
   -9.498818475080E-08    7.883632872074E-09
    1.470368003057E+02
    1.156346309965E-05   -9.460344641319E-08
   -9.460344641319E-08    7.846189464584E-09
    1.472084218835E+02
    1.153651709069E-05   -9.422048591814E-08
   -9.422048591814E-08    7.808946404409E-09
    1.473801435614E+02
    1.150964897958E-05   -9.383929404159E-08
   -9.383929404159E-08    7.771902498851E-09
    1.475519653393E+02
    1.148285854190E-05   -9.345986161139E-08
   -9.345986161139E-08    7.735056563033E-09
    1.477238872174E+02
    1.145614635414E-05   -9.308217950853E-08
   -9.308217950853E-08    7.698407419840E-09
    1.478959091955E+02
    1.142951212654E-05   -9.270623866657E-08
   -9.270623866657E-08    7.661953899869E-09
    1.480680312737E+02
    1.140295505027E-05   -9.233203007043E-08
   -9.233203007043E-08    7.625694841367E-09
    1.482402534519E+02
    1.137647512652E-05   -9.195954475807E-08
   -9.195954475807E-08    7.589629090182E-09
    1.484125757303E+02
    1.135007181982E-05   -9.158877381756E-08
   -9.158877381756E-08    7.553755499706E-09
    1.485849981087E+02
    1.132374555035E-05   -9.121970838902E-08
   -9.121970838902E-08    7.518072930823E-09
    1.487575205872E+02
    1.129749515344E-05   -9.085233966259E-08
   -9.085233966259E-08    7.482580251852E-09
    1.489301431657E+02
    1.127132062347E-05   -9.048665887907E-08
   -9.048665887907E-08    7.447276338497E-09
    1.491028658444E+02
    1.124522191454E-05   -9.012265733032E-08
   -9.012265733032E-08    7.412160073796E-09
    1.492756886231E+02
    1.121919898900E-05   -8.976032635710E-08
   -8.976032635710E-08    7.377230348062E-09
    1.494486115019E+02
    1.119325098880E-05   -8.939965734949E-08
   -8.939965734949E-08    7.342486058840E-09
    1.496216344807E+02
    1.116737799483E-05   -8.904064174752E-08
   -8.904064174752E-08    7.307926110849E-09
    1.497947575596E+02
    1.114158019939E-05   -8.868327103901E-08
   -8.868327103901E-08    7.273549415932E-09
    1.499679807387E+02
    1.111585642696E-05   -8.832753676202E-08
   -8.832753676202E-08    7.239354893010E-09
    1.501413040177E+02
    1.109020677621E-05   -8.797343050162E-08
   -8.797343050162E-08    7.205341468024E-09
    1.503147273969E+02
    1.106463160238E-05   -8.762094389156E-08
   -8.762094389156E-08    7.171508073893E-09
    1.504882508761E+02
    1.103912987574E-05   -8.727006861222E-08
   -8.727006861222E-08    7.137853650460E-09
    1.506618744554E+02
    1.101370123674E-05   -8.692079639204E-08
   -8.692079639204E-08    7.104377144442E-09
    1.508355981348E+02
    1.098834570981E-05   -8.657311900751E-08
   -8.657311900751E-08    7.071077509387E-09
    1.510094219143E+02
    1.096306315733E-05   -8.622702828041E-08
   -8.622702828041E-08    7.037953705617E-09
    1.511833457938E+02
    1.093785378894E-05   -8.588251607906E-08
   -8.588251607906E-08    7.005004700189E-09
    1.513573697734E+02
    1.091271658729E-05   -8.553957431959E-08
   -8.553957431959E-08    6.972229466842E-09
    1.515314938531E+02
    1.088765149041E-05   -8.519819496243E-08
   -8.519819496243E-08    6.939626985950E-09
    1.517057180328E+02
    1.086265829611E-05   -8.485837001367E-08
   -8.485837001367E-08    6.907196244477E-09
    1.518800423127E+02
    1.083773670068E-05   -8.452009152615E-08
   -8.452009152615E-08    6.874936235931E-09
    1.520544666926E+02
    1.081288671379E-05   -8.418335159688E-08
   -8.418335159688E-08    6.842845960314E-09
    1.522289911725E+02
    1.078810785505E-05   -8.384814236700E-08
   -8.384814236700E-08    6.810924424080E-09
    1.524036157526E+02
    1.076339973087E-05   -8.351445602284E-08
   -8.351445602284E-08    6.779170640090E-09
    1.525783404327E+02
    1.073876263858E-05   -8.318228479580E-08
   -8.318228479580E-08    6.747583627562E-09
    1.527531652129E+02
    1.071419615467E-05   -8.285162095954E-08
   -8.285162095954E-08    6.716162412031E-09
    1.529280900932E+02
    1.068969901683E-05   -8.252245683277E-08
   -8.252245683277E-08    6.684906025304E-09
    1.531031150735E+02
    1.066527261272E-05   -8.219478477728E-08
   -8.219478477728E-08    6.653813505414E-09
    1.532782401540E+02
    1.064091596928E-05   -8.186859719698E-08
   -8.186859719698E-08    6.622883896576E-09
    1.534534653345E+02
    1.061662832020E-05   -8.154388654032E-08
   -8.154388654032E-08    6.592116249147E-09
    1.536287906150E+02
    1.059241032016E-05   -8.122064529674E-08
   -8.122064529674E-08    6.561509619579E-09
    1.538042159957E+02
    1.056826106140E-05   -8.089886599979E-08
   -8.089886599979E-08    6.531063070379E-09
    1.539797414764E+02
    1.054418096886E-05   -8.057854122334E-08
   -8.057854122334E-08    6.500775670066E-09
    1.541553670572E+02
    1.052016898608E-05   -8.025966358454E-08
   -8.025966358454E-08    6.470646493126E-09
    1.543310927381E+02
    1.049622556235E-05   -7.994222574112E-08
   -7.994222574112E-08    6.440674619976E-09
    1.545069185190E+02
    1.047235006458E-05   -7.962622039196E-08
   -7.962622039196E-08    6.410859136917E-09
    1.546828444000E+02
    1.044854259555E-05   -7.931164027847E-08
   -7.931164027847E-08    6.381199136095E-09
    1.548588703811E+02
    1.042480290820E-05   -7.899847818106E-08
   -7.899847818106E-08    6.351693715462E-09
    1.550349964623E+02
    1.040112984963E-05   -7.868672692215E-08
   -7.868672692215E-08    6.322341978731E-09
    1.552112226436E+02
    1.037752450782E-05   -7.837637936348E-08
   -7.837637936348E-08    6.293143035342E-09
    1.553875489249E+02
    1.035398602877E-05   -7.806742840702E-08
   -7.806742840702E-08    6.264096000414E-09
    1.555639753063E+02
    1.033051457602E-05   -7.775986699469E-08
   -7.775986699469E-08    6.235199994715E-09
    1.557405017877E+02
    1.030710917639E-05   -7.745368810813E-08
   -7.745368810813E-08    6.206454144614E-09
    1.559171283693E+02
    1.028377011724E-05   -7.714888476832E-08
   -7.714888476832E-08    6.177857582046E-09
    1.560938550509E+02
    1.026049715114E-05   -7.684545003495E-08
   -7.684545003495E-08    6.149409444474E-09
    1.562706818326E+02
    1.023729009023E-05   -7.654337700688E-08
   -7.654337700688E-08    6.121108874850E-09
    1.564476087144E+02
    1.021414872888E-05   -7.624265882094E-08
   -7.624265882094E-08    6.092955021574E-09
    1.566246356962E+02
    1.019107206925E-05   -7.594328865343E-08
   -7.594328865343E-08    6.064947038461E-09
    1.568017627781E+02
    1.016806099312E-05   -7.564525971749E-08
   -7.564525971749E-08    6.037084084698E-09
    1.569789899601E+02
    1.014511441898E-05   -7.534856526525E-08
   -7.534856526525E-08    6.009365324812E-09
    1.571563172422E+02
    1.012223269289E-05   -7.505319858619E-08
   -7.505319858619E-08    5.981789928631E-09
    1.573337446243E+02
    1.009941591978E-05   -7.475915300629E-08
   -7.475915300629E-08    5.954357071243E-09
    1.575112721065E+02
    1.007666319902E-05   -7.446642189042E-08
   -7.446642189042E-08    5.927065932969E-09
    1.576888996888E+02
    1.005397453478E-05   -7.417499863842E-08
   -7.417499863842E-08    5.899915699316E-09
    1.578666273712E+02
    1.003134920131E-05   -7.388487668871E-08
   -7.388487668871E-08    5.872905560949E-09
    1.580444551536E+02
    1.000878804264E-05   -7.359604951576E-08
   -7.359604951576E-08    5.846034713653E-09
    1.582223830361E+02
    9.986289944245E-06   -7.330851062914E-08
   -7.330851062914E-08    5.819302358297E-09
    1.584004110187E+02
    9.963855215200E-06   -7.302225357600E-08
   -7.302225357600E-08    5.792707700798E-09
    1.585785391014E+02
    9.941483352915E-06   -7.273727193828E-08
   -7.273727193828E-08    5.766249952087E-09
    1.587567672841E+02
    9.919174465832E-06   -7.245355933506E-08
   -7.245355933506E-08    5.739928328078E-09
    1.589350955669E+02
    9.896927846382E-06   -7.217110941858E-08
   -7.217110941858E-08    5.713742049627E-09
    1.591135239498E+02
    9.874743760190E-06   -7.188991587781E-08
   -7.188991587781E-08    5.687690342504E-09
    1.592920524328E+02
    9.852621802364E-06   -7.160997243697E-08
   -7.160997243697E-08    5.661772437354E-09
    1.594706810158E+02
    9.830561531660E-06   -7.133127285344E-08
   -7.133127285344E-08    5.635987569668E-09
    1.596494096989E+02
    9.808563174657E-06   -7.105381092092E-08
   -7.105381092092E-08    5.610334979747E-09
    1.598282384821E+02
    9.786625754409E-06   -7.077758046676E-08
   -7.077758046676E-08    5.584813912670E-09
    1.600071673653E+02
    9.764750581076E-06   -7.050257535226E-08
   -7.050257535226E-08    5.559423618260E-09
    1.601861963487E+02
    9.742935820453E-06   -7.022878947299E-08
   -7.022878947299E-08    5.534163351054E-09
    1.603653254321E+02
    9.721182297480E-06   -6.995621675778E-08
   -6.995621675778E-08    5.509032370266E-09
    1.605445546156E+02
    9.699489327230E-06   -6.968485116946E-08
   -6.968485116946E-08    5.484029939761E-09
    1.607238838991E+02
    9.677856725054E-06   -6.941468670386E-08
   -6.941468670386E-08    5.459155328018E-09
    1.609033132827E+02
    9.656284506733E-06   -6.914571739037E-08
   -6.914571739037E-08    5.434407808101E-09
    1.610828427664E+02
    9.634772076913E-06   -6.887793729117E-08
   -6.887793729117E-08    5.409786657627E-09
    1.612624723502E+02
    9.613319925180E-06   -6.861134050044E-08
   -6.861134050044E-08    5.385291158736E-09
    1.614422020341E+02
    9.591927042535E-06   -6.834592114559E-08
   -6.834592114559E-08    5.360920598056E-09
    1.616220318180E+02
    9.570593544693E-06   -6.808167338650E-08
   -6.808167338650E-08    5.336674266678E-09
    1.618019617020E+02
    9.549320048054E-06   -6.781859141462E-08
   -6.781859141462E-08    5.312551460123E-09
    1.619819916861E+02
    9.528105577032E-06   -6.755666945390E-08
   -6.755666945390E-08    5.288551478309E-09
    1.621621217702E+02
    9.506949116843E-06   -6.729590175961E-08
   -6.729590175961E-08    5.264673625525E-09
    1.623423519545E+02
    9.485852266627E-06   -6.703628261871E-08
   -6.703628261871E-08    5.240917210401E-09
    1.625226822388E+02
    9.464813519082E-06   -6.677780634952E-08
   -6.677780634952E-08    5.217281545876E-09
    1.627031126231E+02
    9.443833090797E-06   -6.652046730182E-08
   -6.652046730182E-08    5.193765949169E-09
    1.628836431076E+02
    9.422911100333E-06   -6.626425985554E-08
   -6.626425985554E-08    5.170369741753E-09
    1.630642736921E+02
    9.402046453074E-06   -6.600917842225E-08
   -6.600917842225E-08    5.147092249322E-09
    1.632450043767E+02
    9.381239102550E-06   -6.575521744384E-08
   -6.575521744384E-08    5.123932801765E-09
    1.634258351614E+02
    9.360490283987E-06   -6.550237139263E-08
   -6.550237139263E-08    5.100890733135E-09
    1.636067660461E+02
    9.339798598817E-06   -6.525063477121E-08
   -6.525063477121E-08    5.077965381626E-09
    1.637877970310E+02
    9.319163572551E-06   -6.500000211206E-08
   -6.500000211206E-08    5.055156089538E-09
    1.639689281159E+02
    9.298585938657E-06   -6.475046797813E-08
   -6.475046797813E-08    5.032462203253E-09
    1.641501593008E+02
    9.278064589467E-06   -6.450202696123E-08
   -6.450202696123E-08    5.009883073208E-09
    1.643314905859E+02
    9.257600504569E-06   -6.425467368311E-08
   -6.425467368311E-08    4.987418053864E-09
    1.645129219710E+02
    9.237192201100E-06   -6.400840279530E-08
   -6.400840279530E-08    4.965066503685E-09
    1.646944534562E+02
    9.216840497403E-06   -6.376320897752E-08
   -6.376320897752E-08    4.942827785103E-09
    1.648760850415E+02
    9.196544309982E-06   -6.351908693959E-08
   -6.351908693959E-08    4.920701264498E-09
    1.650578167268E+02
    9.176304585775E-06   -6.327603141908E-08
   -6.327603141908E-08    4.898686312165E-09
    1.652396485122E+02
    9.156120296303E-06   -6.303403718303E-08
   -6.303403718303E-08    4.876782302295E-09
    1.654215803977E+02
    9.135990989863E-06   -6.279309902679E-08
   -6.279309902679E-08    4.854988612943E-09
    1.656036123833E+02
    9.115918296699E-06   -6.255321177378E-08
   -6.255321177378E-08    4.833304626003E-09
    1.657857444689E+02
    9.095899838678E-06   -6.231437027583E-08
   -6.231437027583E-08    4.811729727184E-09
    1.659679766547E+02
    9.075935909745E-06   -6.207656941235E-08
   -6.207656941235E-08    4.790263305982E-09
    1.661503089404E+02
    9.056027082809E-06   -6.183980409082E-08
   -6.183980409082E-08    4.768904755656E-09
    1.663327413263E+02
    9.036172519581E-06   -6.160406924686E-08
   -6.160406924686E-08    4.747653473202E-09
    1.665152738123E+02
    9.016373367834E-06   -6.136935984243E-08
   -6.136935984243E-08    4.726508859330E-09
    1.666979063983E+02
    8.996627528422E-06   -6.113567086771E-08
   -6.113567086771E-08    4.705470318434E-09
    1.668806390844E+02
    8.976935627684E-06   -6.090299733950E-08
   -6.090299733950E-08    4.684537258573E-09
    1.670634718705E+02
    8.957297776525E-06   -6.067133430234E-08
   -6.067133430234E-08    4.663709091443E-09
    1.672464047568E+02
    8.937713925638E-06   -6.044067682700E-08
   -6.044067682700E-08    4.642985232351E-09
    1.674294377431E+02
    8.918183367301E-06   -6.021102001090E-08
   -6.021102001090E-08    4.622365100197E-09
    1.676125708295E+02
    8.898705670269E-06   -5.998235897797E-08
   -5.998235897797E-08    4.601848117445E-09
    1.677958040159E+02
    8.879281910594E-06   -5.975468887851E-08
   -5.975468887851E-08    4.581433710098E-09
    1.679791373025E+02
    8.859910131779E-06   -5.952800488961E-08
   -5.952800488961E-08    4.561121307678E-09
    1.681625706891E+02
    8.840591684595E-06   -5.930230221381E-08
   -5.930230221381E-08    4.540910343201E-09
    1.683461041758E+02
    8.821326417747E-06   -5.907757607965E-08
   -5.907757607965E-08    4.520800253155E-09
    1.685297377625E+02
    8.802112962358E-06   -5.885382174079E-08
   -5.885382174079E-08    4.500790477472E-09
    1.687134714494E+02
    8.782951963714E-06   -5.863103447782E-08
   -5.863103447782E-08    4.480880459511E-09
    1.688973052363E+02
    8.763842836624E-06   -5.840920959602E-08
   -5.840920959602E-08    4.461069646031E-09
    1.690812391233E+02
    8.744785685937E-06   -5.818834242548E-08
   -5.818834242548E-08    4.441357487171E-09
    1.692652731103E+02
    8.725780665374E-06   -5.796842832189E-08
   -5.796842832189E-08    4.421743436426E-09
    1.694494071974E+02
    8.706827311330E-06   -5.774946266642E-08
   -5.774946266642E-08    4.402226950623E-09
    1.696336413847E+02
    8.687925271566E-06   -5.753144086434E-08
   -5.753144086434E-08    4.382807489904E-09
    1.698179756719E+02
    8.669074026385E-06   -5.731435834561E-08
   -5.731435834561E-08    4.363484517698E-09
    1.700024100593E+02
    8.650273620359E-06   -5.709821056569E-08
   -5.709821056569E-08    4.344257500701E-09
    1.701869445467E+02
    8.631525087207E-06   -5.688299300300E-08
   -5.688299300300E-08    4.325125908859E-09
    1.703715791342E+02
    8.612827343092E-06   -5.666870116117E-08
   -5.666870116117E-08    4.306089215338E-09
    1.705563138218E+02
    8.594178802061E-06   -5.645533056795E-08
   -5.645533056795E-08    4.287146896509E-09
    1.707411486095E+02
    8.575582779769E-06   -5.624287677412E-08
   -5.624287677412E-08    4.268298431926E-09
    1.709260834972E+02
    8.557035919252E-06   -5.603133535542E-08
   -5.603133535542E-08    4.249543304300E-09
    1.711111184850E+02
    8.538538687881E-06   -5.582070191133E-08
   -5.582070191133E-08    4.230880999486E-09
    1.712962535729E+02
    8.520091825842E-06   -5.561097206368E-08
   -5.561097206368E-08    4.212311006454E-09
    1.714814887608E+02
    8.501695656939E-06   -5.540214145865E-08
   -5.540214145865E-08    4.193832817274E-09
    1.716668240489E+02
    8.483347813053E-06   -5.519420576569E-08
   -5.519420576569E-08    4.175445927094E-09
    1.718522594370E+02
    8.465050134542E-06   -5.498716067647E-08
   -5.498716067647E-08    4.157149834118E-09
    1.720377949251E+02
    8.446801816509E-06   -5.478100190703E-08
   -5.478100190703E-08    4.138944039589E-09
    1.722234305134E+02
    8.428602148064E-06   -5.457572519515E-08
   -5.457572519515E-08    4.120828047764E-09
    1.724091662017E+02
    8.410451784679E-06   -5.437132630244E-08
   -5.437132630244E-08    4.102801365901E-09
    1.725950019901E+02
    8.392350268001E-06   -5.416780101178E-08
   -5.416780101178E-08    4.084863504232E-09
    1.727809378786E+02
    8.374297349257E-06   -5.396514512943E-08
   -5.396514512943E-08    4.067013975949E-09
    1.729669738672E+02
    8.356292394519E-06   -5.376335448350E-08
   -5.376335448350E-08    4.049252297179E-09
    1.731531099558E+02
    8.338336921316E-06   -5.356242492522E-08
   -5.356242492522E-08    4.031577986971E-09
    1.733393461445E+02
    8.320429244344E-06   -5.336235232677E-08
   -5.336235232677E-08    4.013990567272E-09
    1.735256824333E+02
    8.302569397429E-06   -5.316313258230E-08
   -5.316313258230E-08    3.996489562910E-09
    1.737121188221E+02
    8.284757106974E-06   -5.296476160863E-08
   -5.296476160863E-08    3.979074501574E-09
    1.738986553110E+02
    8.266992648538E-06   -5.276723534428E-08
   -5.276723534428E-08    3.961744913796E-09
    1.740852919000E+02
    8.249277229689E-06   -5.257054974803E-08
   -5.257054974803E-08    3.944500332932E-09
    1.742720285891E+02
    8.231607063016E-06   -5.237470080183E-08
   -5.237470080183E-08    3.927340295143E-09
    1.744588653782E+02
    8.213985263461E-06   -5.217968450720E-08
   -5.217968450720E-08    3.910264339378E-09
    1.746458022675E+02
    8.196411050637E-06   -5.198549688861E-08
   -5.198549688861E-08    3.893272007353E-09
    1.748328392568E+02
    8.178882926543E-06   -5.179213399004E-08
   -5.179213399004E-08    3.876362843537E-09
    1.750199763461E+02
    8.161402608804E-06   -5.159959187710E-08
   -5.159959187710E-08    3.859536395130E-09
    1.752072135356E+02
    8.143968118547E-06   -5.140786663683E-08
   -5.140786663683E-08    3.842792212047E-09
    1.753945508251E+02
    8.126579898550E-06   -5.121695437572E-08
   -5.121695437572E-08    3.826129846899E-09
    1.755819882147E+02
    8.109238388079E-06   -5.102685122188E-08
   -5.102685122188E-08    3.809548854978E-09
    1.757695257044E+02
    8.091943788408E-06   -5.083755332283E-08
   -5.083755332283E-08    3.793048794237E-09
    1.759571632941E+02
    8.074694689345E-06   -5.064905684749E-08
   -5.064905684749E-08    3.776629225272E-09
    1.761449009839E+02
    8.057492224542E-06   -5.046135798520E-08
   -5.046135798520E-08    3.760289711308E-09
    1.763327387738E+02
    8.040334442570E-06   -5.027445294353E-08
   -5.027445294353E-08    3.744029818178E-09
    1.765206766638E+02
    8.023222714033E-06   -5.008833795195E-08
   -5.008833795195E-08    3.727849114310E-09
    1.767087146538E+02
    8.006156853601E-06   -4.990300925973E-08
   -4.990300925973E-08    3.711747170707E-09
    1.768968527439E+02
    7.989136223335E-06   -4.971846313410E-08
   -4.971846313410E-08    3.695723560930E-09
    1.770850909341E+02
    7.972160362712E-06   -4.953469586397E-08
   -4.953469586397E-08    3.679777861084E-09
    1.772734292244E+02
    7.955229474023E-06   -4.935170375657E-08
   -4.935170375657E-08    3.663909649799E-09
    1.774618676147E+02
    7.938344564939E-06   -4.916948313954E-08
   -4.916948313954E-08    3.648118508216E-09
    1.776504061051E+02
    7.921503876599E-06   -4.898803035862E-08
   -4.898803035862E-08    3.632404019968E-09
    1.778390446956E+02
    7.904707288952E-06   -4.880734177956E-08
   -4.880734177956E-08    3.616765771164E-09
    1.780277833862E+02
    7.887955565002E-06   -4.862741378719E-08
   -4.862741378719E-08    3.601203350375E-09
    1.782166221768E+02
    7.871248392582E-06   -4.844824278452E-08
   -4.844824278452E-08    3.585716348618E-09
    1.784055610675E+02
    7.854585118169E-06   -4.826982519460E-08
   -4.826982519460E-08    3.570304359338E-09
    1.785946000583E+02
    7.837966147221E-06   -4.809215745847E-08
   -4.809215745847E-08    3.554966978392E-09
    1.787837391492E+02
    7.821391214878E-06   -4.791523603599E-08
   -4.791523603599E-08    3.539703804037E-09
    1.789729783401E+02
    7.804859647793E-06   -4.773905740559E-08
   -4.773905740559E-08    3.524514436910E-09
    1.791623176311E+02
    7.788372049204E-06   -4.756361806409E-08
   -4.756361806409E-08    3.509398480016E-09
    1.793517570222E+02
    7.771927760488E-06   -4.738891452669E-08
   -4.738891452669E-08    3.494355538711E-09
    1.795412965134E+02
    7.755526360604E-06   -4.721494332677E-08
   -4.721494332677E-08    3.479385220688E-09
    1.797309361046E+02
    7.739169166501E-06   -4.704170101586E-08
   -4.704170101586E-08    3.464487135959E-09
    1.799206757959E+02
    7.722854618317E-06   -4.686918416328E-08
   -4.686918416328E-08    3.449660896844E-09
    1.801105155873E+02
    7.706583831587E-06   -4.669738935726E-08
   -4.669738935726E-08    3.434906117954E-09
    1.803004554788E+02
    7.690355163192E-06   -4.652631320207E-08
   -4.652631320207E-08    3.420222416174E-09
    1.804904954703E+02
    7.674169133067E-06   -4.635595232088E-08
   -4.635595232088E-08    3.405609410655E-09
    1.806806355619E+02
    7.658025235361E-06   -4.618630335462E-08
   -4.618630335462E-08    3.391066722791E-09
    1.808708757536E+02
    7.641924432457E-06   -4.601736296117E-08
   -4.601736296117E-08    3.376593976210E-09
    1.810612160453E+02
    7.625866079870E-06   -4.584912781598E-08
   -4.584912781598E-08    3.362190796761E-09
    1.812516564372E+02
    7.609849250288E-06   -4.568159461166E-08
   -4.568159461166E-08    3.347856812492E-09
    1.814421969291E+02
    7.593874978086E-06   -4.551476005873E-08
   -4.551476005873E-08    3.333591653644E-09
    1.816328375211E+02
    7.577942177641E-06   -4.534862088372E-08
   -4.534862088372E-08    3.319394952634E-09
    1.818235782131E+02
    7.562051242969E-06   -4.518317383092E-08
   -4.518317383092E-08    3.305266344040E-09
    1.820144190052E+02
    7.546201932699E-06   -4.501841566133E-08
   -4.501841566133E-08    3.291205464587E-09
    1.822053598974E+02
    7.530394576890E-06   -4.485434315277E-08
   -4.485434315277E-08    3.277211953135E-09
    1.823964008897E+02
    7.514628138327E-06   -4.469095309978E-08
   -4.469095309978E-08    3.263285450664E-09
    1.825875419821E+02
    7.498903364713E-06   -4.452824231353E-08
   -4.452824231353E-08    3.249425600261E-09
    1.827787831745E+02
    7.483219611420E-06   -4.436620762155E-08
   -4.436620762155E-08    3.235632047108E-09
    1.829701244670E+02
    7.467576321523E-06   -4.420484586832E-08
   -4.420484586832E-08    3.221904438463E-09
    1.831615658596E+02
    7.451973787073E-06   -4.404415391432E-08
   -4.404415391432E-08    3.208242423655E-09
    1.833531073522E+02
    7.436412654876E-06   -4.388412863591E-08
   -4.388412863591E-08    3.194645654062E-09
    1.835447489450E+02
    7.420891808823E-06   -4.372476692616E-08
   -4.372476692616E-08    3.181113783106E-09
    1.837364906378E+02
    7.405411266476E-06   -4.356606569383E-08
   -4.356606569383E-08    3.167646466234E-09
    1.839283324306E+02
    7.389971640446E-06   -4.340802186438E-08
   -4.340802186438E-08    3.154243360907E-09
    1.841202743236E+02
    7.374571806166E-06   -4.325063237791E-08
   -4.325063237791E-08    3.140904126590E-09
    1.843123163166E+02
    7.359212810607E-06   -4.309389419172E-08
   -4.309389419172E-08    3.127628424734E-09
    1.845044584097E+02
    7.343892430920E-06   -4.293780427759E-08
   -4.293780427759E-08    3.114415918767E-09
    1.846967006029E+02
    7.328612137122E-06   -4.278235962360E-08
   -4.278235962360E-08    3.101266274080E-09
    1.848890428961E+02
    7.313371986332E-06   -4.262755723338E-08
   -4.262755723338E-08    3.088179158015E-09
    1.850814852894E+02
    7.298171608995E-06   -4.247339412511E-08
   -4.247339412511E-08    3.075154239852E-09
    1.852740277828E+02
    7.283011078998E-06   -4.231986733407E-08
   -4.231986733407E-08    3.062191190798E-09
    1.854666703763E+02
    7.267888775836E-06   -4.216697390889E-08
   -4.216697390889E-08    3.049289683973E-09
    1.856594130698E+02
    7.252806098811E-06   -4.201471091510E-08
   -4.201471091510E-08    3.036449394399E-09
    1.858522558635E+02
    7.237763322361E-06   -4.186307543144E-08
   -4.186307543144E-08    3.023669998988E-09
    1.860451987572E+02
    7.222758327309E-06   -4.171206455337E-08
   -4.171206455337E-08    3.010951176529E-09
    1.862382417509E+02
    7.207793523789E-06   -4.156167539025E-08
   -4.156167539025E-08    2.998292607677E-09
    1.864313848448E+02
    7.192865918205E-06   -4.141190506713E-08
   -4.141190506713E-08    2.985693974940E-09
    1.866246280387E+02
    7.177978050912E-06   -4.126275072277E-08
   -4.126275072277E-08    2.973154962669E-09
    1.868179713327E+02
    7.163128309857E-06   -4.111420951132E-08
   -4.111420951132E-08    2.960675257045E-09
    1.870114147268E+02
    7.148317052697E-06   -4.096627860150E-08
   -4.096627860150E-08    2.948254546068E-09
    1.872049582209E+02
    7.133543431632E-06   -4.081895517568E-08
   -4.081895517568E-08    2.935892519547E-09
    1.873986018151E+02
    7.118809211862E-06   -4.067223643235E-08
   -4.067223643235E-08    2.923588869083E-09
    1.875923455094E+02
    7.104111231964E-06   -4.052611958268E-08
   -4.052611958268E-08    2.911343288065E-09
    1.877861893038E+02
    7.089452904381E-06   -4.038060185291E-08
   -4.038060185291E-08    2.899155471653E-09
    1.879801331982E+02
    7.074831871456E-06   -4.023568048331E-08
   -4.023568048331E-08    2.887025116771E-09
    1.881741771927E+02
    7.060248045791E-06   -4.009135272827E-08
   -4.009135272827E-08    2.874951922093E-09
    1.883683212873E+02
    7.045702604188E-06   -3.994761585619E-08
   -3.994761585619E-08    2.862935588033E-09
    1.885625654820E+02
    7.031194068114E-06   -3.980446714940E-08
   -3.980446714940E-08    2.850975816733E-09
    1.887569097767E+02
    7.016722303114E-06   -3.966190390411E-08
   -3.966190390411E-08    2.839072312055E-09
    1.889513541715E+02
    7.002288644480E-06   -3.951992343035E-08
   -3.951992343035E-08    2.827224779565E-09
    1.891458986664E+02
    6.987891818355E-06   -3.937852305181E-08
   -3.937852305181E-08    2.815432926530E-09
    1.893405432614E+02
    6.973531986517E-06   -3.923770010584E-08
   -3.923770010584E-08    2.803696461899E-09
    1.895352879564E+02
    6.959208820001E-06   -3.909745194337E-08
   -3.909745194337E-08    2.792015096298E-09
    1.897301327515E+02
    6.944922532584E-06   -3.895777592893E-08
   -3.895777592893E-08    2.780388542017E-09
    1.899250776467E+02
    6.930673148945E-06   -3.881866943986E-08
   -3.881866943986E-08    2.768816513000E-09
    1.901201226420E+02
    6.916459489814E-06   -3.868012986777E-08
   -3.868012986777E-08    2.757298724835E-09
    1.903152677373E+02
    6.902283342345E-06   -3.854215461673E-08
   -3.854215461673E-08    2.745834894744E-09
    1.905105129327E+02
    6.888142866382E-06   -3.840474110479E-08
   -3.840474110479E-08    2.734424741572E-09
    1.907058582282E+02
    6.874038639188E-06   -3.826788676219E-08
   -3.826788676219E-08    2.723067985777E-09
    1.909013036237E+02
    6.859970124299E-06   -3.813158903278E-08
   -3.813158903278E-08    2.711764349420E-09
    1.910968491194E+02
    6.845938432593E-06   -3.799584537328E-08
   -3.799584537328E-08    2.700513556155E-09
    1.912924947151E+02
    6.831941938744E-06   -3.786065325312E-08
   -3.786065325312E-08    2.689315331219E-09
    1.914882404109E+02
    6.817981728838E-06   -3.772601015516E-08
   -3.772601015516E-08    2.678169401421E-09
    1.916840862067E+02
    6.804056770441E-06   -3.759191357411E-08
   -3.759191357411E-08    2.667075495136E-09
    1.918800321027E+02
    6.790166910626E-06   -3.745836101794E-08
   -3.745836101794E-08    2.656033342288E-09
    1.920760780987E+02
    6.776313447999E-06   -3.732535000712E-08
   -3.732535000712E-08    2.645042674350E-09
    1.922722241947E+02
    6.762494584069E-06   -3.719287807478E-08
   -3.719287807478E-08    2.634103224325E-09
    1.924684703909E+02
    6.748711193018E-06   -3.706094276576E-08
   -3.706094276576E-08    2.623214726743E-09
    1.926648166871E+02
    6.734962899482E-06   -3.692954163884E-08
   -3.692954163884E-08    2.612376917647E-09
    1.928612630834E+02
    6.721249945093E-06   -3.679867226357E-08
   -3.679867226357E-08    2.601589534588E-09
    1.930578095798E+02
    6.707570813055E-06   -3.666833222273E-08
   -3.666833222273E-08    2.590852316611E-09
    1.932544561763E+02
    6.693927486384E-06   -3.653851911050E-08
   -3.653851911050E-08    2.580165004250E-09
    1.934512028728E+02
    6.680318274402E-06   -3.640923053424E-08
   -3.640923053424E-08    2.569527339515E-09
    1.936480496694E+02
    6.666743993864E-06   -3.628046411220E-08
   -3.628046411220E-08    2.558939065885E-09
    1.938449965661E+02
    6.653203811044E-06   -3.615221747563E-08
   -3.615221747563E-08    2.548399928298E-09
    1.940420435628E+02
    6.639698063269E-06   -3.602448826715E-08
   -3.602448826715E-08    2.537909673144E-09
    1.942391906596E+02
    6.626227425387E-06   -3.589727414120E-08
   -3.589727414120E-08    2.527468048252E-09
    1.944364378565E+02
    6.612789958492E-06   -3.577057276465E-08
   -3.577057276465E-08    2.517074802884E-09
    1.946337851535E+02
    6.599387351751E-06   -3.564438181519E-08
   -3.564438181519E-08    2.506729687727E-09
    1.948312325506E+02
    6.586018244695E-06   -3.551869898261E-08
   -3.551869898261E-08    2.496432454881E-09
    1.950287800477E+02
    6.572682134738E-06   -3.539352196891E-08
   -3.539352196891E-08    2.486182857852E-09
    1.952264276449E+02
    6.559380672570E-06   -3.526884848614E-08
   -3.526884848614E-08    2.475980651544E-09
    1.954241753422E+02
    6.546112675396E-06   -3.514467625946E-08
   -3.514467625946E-08    2.465825592248E-09
    1.956220231395E+02
    6.532877680734E-06   -3.502100302410E-08
   -3.502100302410E-08    2.455717437636E-09
    1.958199710369E+02
    6.519676864339E-06   -3.489782652767E-08
   -3.489782652767E-08    2.445655946753E-09
    1.960180190344E+02
    6.506509442161E-06   -3.477514452847E-08
   -3.477514452847E-08    2.435640880003E-09
    1.962161671320E+02
    6.493374324208E-06   -3.465295479620E-08
   -3.465295479620E-08    2.425671999148E-09
    1.964144153296E+02
    6.480273271184E-06   -3.453125511154E-08
   -3.453125511154E-08    2.415749067294E-09
    1.966127636274E+02
    6.467204570011E-06   -3.441004326672E-08
   -3.441004326672E-08    2.405871848887E-09
    1.968112120252E+02
    6.454169200691E-06   -3.428931706471E-08
   -3.428931706471E-08    2.396040109700E-09
    1.970097605230E+02
    6.441166853725E-06   -3.416907431920E-08
   -3.416907431920E-08    2.386253616830E-09
    1.972084091210E+02
    6.428197055810E-06   -3.404931285506E-08
   -3.404931285506E-08    2.376512138684E-09
    1.974071578190E+02
    6.415259410544E-06   -3.393003050829E-08
   -3.393003050829E-08    2.366815444978E-09
    1.976060066171E+02
    6.402355003389E-06   -3.381122512544E-08
   -3.381122512544E-08    2.357163306722E-09
    1.978049555152E+02
    6.389482839944E-06   -3.369289456362E-08
   -3.369289456362E-08    2.347555496217E-09
    1.980040045135E+02
    6.376643331259E-06   -3.357503669039E-08
   -3.357503669039E-08    2.337991787045E-09
    1.982031536118E+02
    6.363834418288E-06   -3.345764938500E-08
   -3.345764938500E-08    2.328471954060E-09
    1.984024028102E+02
    6.351059373740E-06   -3.334073053659E-08
   -3.334073053659E-08    2.318995773382E-09
    1.986017521087E+02
    6.338315300543E-06   -3.322427804425E-08
   -3.322427804425E-08    2.309563022391E-09
    1.988012015072E+02
    6.325604788312E-06   -3.310828981822E-08
   -3.310828981822E-08    2.300173479715E-09
    1.990007510058E+02
    6.312924691793E-06   -3.299276377925E-08
   -3.299276377925E-08    2.290826925223E-09
    1.992004006045E+02
    6.300276730719E-06   -3.287769785801E-08
   -3.287769785801E-08    2.281523140023E-09
    1.994001503033E+02
    6.287660516348E-06   -3.276308999562E-08
   -3.276308999562E-08    2.272261906446E-09
    1.996000001021E+02
    6.275075833700E-06   -3.264893814353E-08
   -3.264893814353E-08    2.263043008045E-09
    1.997999500010E+02
    6.262522694398E-06   -3.253524026281E-08
   -3.253524026281E-08    2.253866229584E-09
    2.000000000000E+02
    6.250000846338E-06   -3.242199432547E-08
   -3.242199432547E-08    2.244731357034E-09
