  0.10000000000000001     
    5.343204779845E-18    2.262041330049E-26    9.472769378835E-27   -2.024381954761E-26    1.668012613206E-27
    2.735610776780E-26    4.749515305298E-19   -2.499796836474E-26   -1.116804077646E-26    2.567669268553E-35
    1.012190985716E-26   -3.810073415857E-27    4.274563825119E-18    2.137281910031E-18   -4.752540354957E-27
   -1.894553862931E-26   -7.953291804369E-28    2.137281911980E-18    1.068640954726E-18   -6.825529661170E-27
   -4.510673034330E-27    2.708673770733E-35   -6.137056866330E-27   -6.696424170347E-27    4.749515305298E-19
  0.35075376884422116     
    1.637632942729E-10   -4.414141587593E-22   -5.353805550556E-16    1.070761125443E-15   -1.907384262185E-22
   -3.446164304098E-22    1.455648670255E-11   -5.255660460424E-22   -2.759678084852E-22   -3.315717755478E-34
   -5.353805627212E-16   -5.055726545140E-22    1.310106354271E-10    6.550531770913E-11    1.987301186569E-22
    1.070761110112E-15   -2.974715645680E-22    6.550531770914E-11    3.275265886329E-11    3.398945040621E-23
   -1.637305303481E-22   -2.650155560114E-34    1.532181112751E-22    2.705964709929E-23    1.455648670255E-11
  0.60150753768844223     
    1.623705252854E-07    4.974526720775E-20   -9.874823929104E-12    1.974964788031E-11   -1.617589144345E-20
    4.449293790031E-20    1.442782677274E-08   -5.030812934031E-20   -2.305397101332E-20   -2.480797883798E-35
   -9.874823931414E-12   -5.149073474535E-20    1.298964232770E-07    6.494821007964E-08   -1.823146491364E-20
    1.974964787569E-11   -2.330996002510E-20    6.494821007964E-08    3.247410801384E-08   -8.387182560729E-22
   -1.543501360690E-20    2.135387217418E-34   -1.651376442028E-20   -1.443352323749E-21    1.442782677274E-08
  0.85226130653266319     
    8.736580358276E-06    8.772838011142E-19   -2.766180452513E-09    5.532360264036E-09   -7.697536035076E-19
    8.779109376082E-19    7.749172685846E-07   -2.532605269436E-18   -1.276083941815E-18   -3.139731940654E-32
   -2.766180452508E-09   -2.521401371824E-18    6.989268341856E-06    3.494632386243E-06   -1.534716504949E-19
    5.532360264045E-09   -1.265400928493E-18    3.494632386243E-06    1.747320774712E-06   -2.972442165824E-20
   -7.782919995183E-19   -3.400451622055E-32   -1.444842104681E-19   -3.196169969593E-20    7.749172685846E-07
   1.1030150753768846     
    1.131074922640E-04    1.115796638168E-17   -9.799962145054E-08    1.959981692539E-07   -7.603988861999E-18
    1.109325416118E-17    9.981406381873E-06   -2.646345754808E-17   -1.310810158107E-17   -2.235258647132E-31
   -9.799962145059E-08   -2.649856879425E-17    9.048622008871E-05    4.524314560542E-05   -2.186967983493E-18
    1.959981692538E-07   -1.305100037859E-17    4.524314560542E-05    2.262212126504E-05   -3.842377410924E-19
   -7.692272645215E-18   -2.217876326453E-31   -2.187194099101E-18   -3.964117586648E-19    9.981406381873E-06
   1.3537688442211055     
    6.389768548712E-04    6.596247562211E-17   -1.015963932030E-06    2.031785786724E-06   -4.673879465744E-17
    6.543380959746E-17    5.582165587191E-05   -1.545359474270E-16   -7.679291055477E-17   -1.483138475483E-30
   -1.015963932030E-06   -1.549093978467E-16    5.111752615124E-04    2.556014650640E-04   -1.309752766142E-17
    2.031785786724E-06   -7.700942429455E-17    2.556014650640E-04    1.278177452308E-04   -2.543413296534E-18
   -4.659787920768E-17   -1.483626576141E-30   -1.295223018031E-17   -2.490378807666E-18    5.582165587191E-05
   1.6045226130653265     
    2.137217039245E-03    2.231781137244E-16   -4.674365636897E-06    9.344565435875E-06   -1.524025537704E-16
    2.234639283919E-16    1.837789589831E-04   -5.217834659450E-16   -2.590310293271E-16   -3.741033470001E-30
   -4.674365636897E-06   -5.248036511519E-16    1.709519809467E-03    8.551154077536E-04   -4.658470785566E-17
    9.344565435875E-06   -2.607597635786E-16    8.551154077536E-04    4.277993912292E-04   -8.675149517352E-18
   -1.511343640470E-16   -3.750560277040E-30   -4.674102639029E-17   -8.644605344453E-18    1.837789589831E-04
   1.8552763819095479     
    5.043836183576E-03    3.853896431807E-16   -1.177951498725E-05    2.351613618769E-05   -2.643269401632E-16
    3.874246702798E-16    4.247938751524E-04   -9.282699822121E-16   -4.608134950372E-16   -4.639086099267E-30
   -1.177951498725E-05   -9.264980111098E-16    4.032261552285E-03    2.019739528633E-03   -7.777134114658E-17
    2.351613618769E-05   -4.599033860752E-16    2.019739528633E-03    1.011848932680E-03   -1.909328143886E-17
   -2.648792086555E-16   -4.674437714039E-30   -7.835073673535E-17   -1.886638919233E-17    4.247938751524E-04
   2.1060301507537691     
    9.343787839315E-03    9.410834929813E-16   -1.689464954657E-05    3.360433286484E-05   -5.730785183006E-16
    9.447647757033E-16    7.687825024689E-04   -1.972516402354E-15   -9.860651204075E-16   -1.348015375174E-29
   -1.689464954657E-05   -1.980018665383E-15    7.458714998788E-03    3.749808650368E-03   -1.927645225343E-16
    3.360433286485E-05   -9.898144060211E-16    3.749808650368E-03    1.885375647140E-03   -4.236056463179E-17
   -5.709812819905E-16   -1.361599251155E-29   -1.938365181186E-16   -4.258327894636E-17    7.687825024689E-04
   2.3567839195979898     
    1.452496621249E-02    1.476291790506E-15   -7.284836450426E-06    1.437773365039E-05   -8.363829505833E-16
    1.476644014051E-15    1.168955605275E-03   -3.073691476947E-15   -1.546515442273E-15   -7.231095668567E-30
   -7.284836450427E-06   -3.073439187527E-15    1.155786113752E-02    5.856068825385E-03   -3.384206234812E-16
    1.437773365039E-05   -1.546325025393E-15    5.856068825385E-03    2.967140846216E-03   -6.936968886495E-17
   -8.367837642529E-16   -7.194878696497E-30   -3.386680271586E-16   -6.969325305343E-17    1.168955605275E-03
   2.6075376884422110     
    1.977494340200E-02    1.377290546187E-15    3.161008717562E-05   -6.152627187857E-05   -7.000230175843E-16
    1.377146960779E-15    1.565473521947E-03   -2.692009895163E-15   -1.388362547404E-15    3.011334410745E-30
    3.161008717562E-05   -2.688841234248E-15    1.564553044484E-02    8.038012346568E-03   -3.464544059905E-16
   -6.152627187857E-05   -1.386918053282E-15    8.038012346568E-03    4.129896870527E-03   -6.309510729309E-17
   -7.009195862829E-16    2.924102577210E-30   -3.458416917865E-16   -6.299591071306E-17    1.565473521947E-03
   2.8582914572864322     
    2.426008024582E-02    2.436424312247E-15    1.083595359335E-04   -2.063651379228E-04   -1.092678131297E-15
    2.432407749720E-15    1.907411266952E-03   -4.171521792726E-15   -2.205428659165E-15    8.146900859093E-30
    1.083595359335E-04   -4.169952278641E-15    1.901907748643E-02    9.985483833223E-03   -6.246843561471E-16
   -2.063651379228E-04   -2.204353977778E-15    9.985483833223E-03    5.245481587047E-03   -1.194559167568E-16
   -1.094123363470E-15    8.190036223952E-30   -6.237311760227E-16   -1.196059060818E-16    1.907411266952E-03
   3.1090452261306529     
    2.736850438632E-02    2.067694288768E-15    2.209433400200E-04   -4.080137130789E-04   -7.856504961642E-16
    2.067687220844E-15    2.163471032141E-03   -3.447543423067E-15   -1.932613362884E-15    2.623229323090E-29
    2.209433400200E-04   -3.452813247572E-15    2.117072876167E-02    1.145989300935E-02   -5.889839549830E-16
   -4.080137130789E-04   -1.936461489244E-15    1.145989300935E-02    6.213508391520E-03   -1.029409301591E-16
   -7.827089366397E-16    2.629964522998E-29   -5.893187732374E-16   -1.029696603523E-16    2.163471032141E-03
   3.3597989949748741     
    2.884384327976E-02    3.252225028673E-15    3.574472147963E-04   -6.342199139110E-04   -8.543746162313E-16
    3.253616088332E-15    2.322573501351E-03   -3.997970287860E-15   -2.352807316427E-15    5.287159817616E-29
    3.574472147963E-04   -3.994387070403E-15    2.190880083933E-02    1.233747412015E-02   -9.964634422676E-16
   -6.342199139110E-04   -2.350988566405E-15    1.233747412015E-02    6.971792287208E-03   -7.527213683495E-17
   -8.546817669971E-16    5.287950473896E-29   -9.965453965220E-16   -7.550780920251E-17    2.322573501351E-03
   3.6105527638190957     
    2.878060023518E-02   -1.368133838932E-15    5.005760567438E-04   -8.461862197176E-04    7.041880588871E-16
   -1.365159838338E-15    2.389062894194E-03    2.793058563940E-15    1.644497612434E-15    2.584516568597E-31
    5.005760567438E-04    2.793637935411E-15    2.135330949733E-02    1.261205060884E-02    1.618990840393E-16
   -8.461862197176E-04    1.644437059694E-15    1.261205060884E-02    7.494461505599E-03    2.524697179474E-16
    7.044885440247E-16    2.027957625820E-31    1.607209098122E-16    2.526225254657E-16    2.389062894194E-03
   3.8613065326633165     
    2.751092069980E-02    3.585688628598E-15    6.330910578149E-04   -1.012532690610E-03   -9.235337790730E-16
    3.584405910768E-15    2.376547408411E-03   -4.080774780138E-15   -2.862916770176E-15    1.157430267070E-28
    6.330910578149E-04   -4.081335527042E-15    1.983043569625E-02    1.236666765953E-02   -1.251256998990E-15
   -1.012532690610E-03   -2.864359100706E-15    1.236666765953E-02    7.784154869963E-03   -1.853073948084E-16
   -9.212444866339E-16    1.158372934690E-28   -1.250659097845E-15   -1.851546176849E-16    2.376547408411E-03
   4.1120603015075377     
    2.545471786910E-02    1.916642429206E-15    7.418398623466E-04   -1.116890862634E-03   -5.118307872368E-16
    1.910297405328E-15    2.302584114809E-03   -1.894362314517E-15   -1.383885376018E-15    3.371586990136E-29
    7.418398623466E-04   -1.895179748657E-15    1.773325145046E-02    1.173153069530E-02   -8.455550619639E-16
   -1.116890862634E-03   -1.384494198927E-15    1.173153069530E-02    7.862718943194E-03   -1.070680610774E-16
   -5.122206423333E-16    3.375731597010E-29   -8.432622255655E-16   -1.069188749141E-16    2.302584114809E-03
   4.3628140703517584     
    2.300001183611E-02   -2.374484568396E-15    8.194777154859E-04   -1.157939903481E-03    6.217363739292E-16
   -2.377592236878E-15    2.184968194179E-03    2.131163396672E-15    1.620650166692E-15    4.294601617597E-29
    8.194777154859E-04    2.130824742509E-15    1.541221534462E-02    1.084535337616E-02    1.125917164733E-15
   -1.157939903481E-03    1.620252274751E-15    1.084535337616E-02    7.762784970671E-03    1.566040880633E-16
    6.215641932954E-16    4.290602278163E-29    1.126679859422E-15    1.567298981557E-16    2.184968194179E-03
   4.6135678391959791     
    2.044173894652E-02    1.859777284463E-16    8.642035520056E-04   -1.144784351022E-03   -3.338383756822E-17
    1.855697983310E-16    2.039579887472E-03    2.490361492389E-16    2.551383912632E-16    2.771491753371E-30
    8.642035520056E-04    2.488345437289E-16    1.312184286795E-02    9.829768013460E-03    1.115250663696E-16
   -1.144784351022E-03    2.557126746415E-16    9.829768013460E-03    7.521188052315E-03    6.204212840251E-17
   -3.474783551221E-17    2.728053162880E-30    1.118565810809E-16    6.182056800025E-17    2.039579887472E-03
   4.8643216080402008     
    1.797113905454E-02    6.333869120760E-16    8.783772952218E-04   -1.091319394907E-03   -3.817399581279E-16
    6.333941613498E-16    1.879423102754E-03   -9.360165733933E-16   -8.453637818059E-16    1.943672324286E-30
    8.783772952218E-04   -9.367009150453E-16    1.101517230833E-02    8.777957005866E-03   -1.026275525948E-16
   -1.091319394907E-03   -8.459854102457E-16    8.777957005866E-03    7.174375238681E-03   -2.497184657945E-16
   -3.812473788155E-16    1.933480058524E-30   -1.026812744896E-16   -2.492890069703E-16    1.879423102754E-03
   5.1150753768844215     
    1.569321221197E-02   -2.112055606233E-15    8.668392347667E-04   -1.011854159567E-03   -4.067812892782E-17
   -2.111648398658E-15    1.714443206092E-03    7.628757240472E-16    1.015721089236E-15    1.467025237045E-28
    8.668392347667E-04    7.625477095690E-16    9.163901368818E-03    7.753656937708E-03    1.535989010580E-15
   -1.011854159567E-03    1.015681175754E-15    7.753656937708E-03    6.755556314785E-03   -2.015187899448E-16
   -4.041667438384E-17    1.465802574112E-28    1.536143987059E-15   -2.017349460986E-16    1.714443206092E-03
   5.3658291457286422     
    1.365256646503E-02   -1.601694323633E-15    8.354453756552E-04   -9.186306191091E-04   -1.671765309262E-16
   -1.598349525613E-15    1.551782620584E-03    2.200970378916E-16    1.355865339861E-16   -1.124125261748E-28
    8.354453756552E-04    2.211580003391E-16    7.585224113217E-03    6.795647065569E-03    1.284972636878E-15
   -9.186306191091E-04    1.365881872473E-16    6.795647065569E-03    6.293212146188E-03   -3.072523732483E-16
   -1.678681184567E-16   -1.122576533889E-28    1.283350807828E-15   -3.070402641207E-16    1.551782620584E-03
   5.6165829145728638     
    1.185670477517E-02    2.026605965110E-15    7.900243032836E-04   -8.209126368286E-04   -2.497562010731E-16
    2.029597596188E-15    1.396233796621E-03   -6.448098557556E-16   -9.878083391614E-16    1.142884512670E-28
    7.900243032836E-04   -6.446114356346E-16    6.265087933625E-03    5.923994899137E-03   -1.651185479097E-15
   -8.209126368286E-04   -9.879469428455E-16    5.923994899137E-03    5.810570755247E-03    3.326403569505E-17
   -2.487117833302E-16    1.139794444090E-28   -1.652834839561E-15    3.310074049182E-17    1.396233796621E-03
   5.8673366834170855     
    1.029303654131E-02    1.190279542992E-15    7.357594216435E-04   -7.250390384561E-04   -1.692534834960E-16
    1.192149864052E-15    1.250739969235E-03   -3.144993666360E-16   -5.877251220258E-16    4.369299670185E-29
    7.357594216435E-04   -3.142535290763E-16    5.174649281439E-03    5.145963951180E-03   -8.649866423495E-16
   -7.250390384561E-04   -5.872274873478E-16    5.145963951180E-03    5.325716463370E-03    5.776907226160E-17
   -1.690885276373E-16    4.365747072033E-29   -8.660772687913E-16    5.797017652831E-17    1.250739969235E-03
   6.1180904522613053     
    8.939781767173E-03   -4.972277487674E-16    6.769076093914E-04   -6.349214366281E-04    1.482687502535E-17
   -4.978273486437E-16    1.116862053413E-03    1.944320096080E-16    2.574940857174E-16    4.899391459072E-30
    6.769076093914E-04    1.945625888087E-16    4.280406472408E-03    4.460742584450E-03    4.529899311861E-16
   -6.349214366281E-04    2.574209115623E-16    4.460742584450E-03    4.852071081927E-03    1.108289767984E-17
    1.504984162880E-17    4.894208205025E-30    4.532046456541E-16    1.067138605539E-17    1.116862053413E-03
   6.3688442211055269     
    7.772287515869E-03   -1.821649265281E-15    6.167445486370E-04   -5.526566770718E-04   -9.591200172741E-17
   -1.821736522039E-15    9.951750805604E-04    4.385835201081E-16    6.380437391695E-16   -4.746101808501E-29
    6.167445486370E-04    4.386162335694E-16    3.549703764287E-03    3.862869758161E-03    1.566438769196E-15
   -5.526566770718E-04    6.375879198727E-16    3.862869758161E-03    4.399057727766E-03   -2.752415384996E-16
   -9.557268127929E-17   -4.708219718789E-29    1.566612679872E-15   -2.752593381655E-16    9.951750805604E-04
   6.6195979899497477     
    6.766344585114E-03   -1.296657105538E-15    5.576415034840E-04   -4.790872906632E-04   -2.196020533856E-16
   -1.295934025303E-15    8.855845126519E-04    1.928915410877E-16    2.695759599880E-16   -1.071918715764E-28
    5.576415034840E-04    1.928981377407E-16    2.953283754599E-03    3.344546582509E-03    1.435743971055E-15
   -4.790872906632E-04    2.699841813117E-16    3.344546582509E-03    3.972818783035E-03   -3.092505583067E-16
   -2.204167886162E-16   -1.073459736209E-28    1.435112140689E-15   -3.090273357849E-16    8.855845126519E-04
   6.8703517587939693     
    5.899719570664E-03    2.077415041698E-15    5.012040696919E-04   -4.142485615630E-04    8.626923752305E-17
    2.079128067147E-15    7.875670834976E-04   -5.904587653817E-16   -9.898329577911E-16    9.401501408141E-29
    5.012040696919E-04   -5.903164952245E-16    2.466143489262E-03    2.897106076485E-03   -1.969643651164E-15
   -4.142485615630E-04   -9.895056838681E-16    2.897106076485E-03    3.576907433060E-03    1.940071502210E-16
    8.664962191597E-17    9.386841525745E-29   -1.970825517079E-15    1.943768673351E-16    7.875670834976E-04
   7.1211055276381909     
    5.152704504525E-03   -3.812239056946E-16    4.484282016390E-04   -3.576962435871E-04    8.529215699368E-19
   -3.818820444670E-16    7.003471414963E-04    1.699401206747E-16    2.249914953734E-16    1.613477761706E-30
    4.484282016390E-04    1.702846083635E-16    2.067510148746E-03    2.511893123521E-03    3.211349810075E-16
   -3.576962435871E-04    2.249780140565E-16    2.511893123521E-03    3.212907658342E-03    4.672564649686E-17
    9.027211964467E-19    1.662774465245E-30    3.214182895053E-16    4.665188407764E-17    7.003471414963E-04
   7.3718592964824117     
    4.508166761637E-03    6.783085342502E-16    3.998481357267E-04   -3.087323646514E-04    2.048939157463E-17
    6.771088868840E-16    6.230211751453E-04   -2.127248158241E-16   -2.985115318630E-16   -2.012971992721E-29
    3.998481357267E-04   -2.129003802438E-16    1.740418638951E-03    2.180752605111E-03   -7.033811763237E-16
   -3.087323646514E-04   -2.987964449490E-16    2.180752605111E-03    2.880962304024E-03   -1.291486218031E-17
    2.068001084301E-17   -2.003562370102E-29   -7.026440770453E-16   -1.295615798503E-17    6.230211751453E-04
   7.6226130653266324     
    3.951370237865E-03    2.243795097888E-15    3.556640954420E-04   -2.665527502056E-04    1.580718023234E-16
    2.242012270780E-15    5.546425168695E-04   -7.429295868847E-16   -1.220513188355E-15    1.537119287361E-28
    3.556640954420E-04   -7.429383880068E-16    1.471154466113E-03    1.896268280871E-03   -2.305797098530E-15
   -2.665527502056E-04   -1.220745330444E-15    1.896268280871E-03    2.580205044099E-03    8.139117716989E-18
    1.581199345379E-16    1.541196864983E-28   -2.304911283918E-15    8.300641039663E-18    5.546425168695E-04
   7.8733668341708531     
    3.469710860707E-03   -3.071935852120E-15    3.158458972586E-04   -2.303382954602E-04   -5.025391797914E-16
   -3.071483007254E-15    4.942764984775E-04    9.226094229490E-16    1.348191939277E-15   -6.750339279526E-28
    3.158458972586E-04    9.226116224806E-16    1.248693854211E-03    1.651849605087E-03    3.372943016501E-15
   -2.303382954602E-04    1.348132673443E-15    1.651849605087E-03    2.309101787796E-03   -3.457965692898E-16
   -5.023380889122E-16   -6.747916139529E-28    3.372454984066E-15   -3.455836982159E-16    4.942764984775E-04
   8.1241206030150757     
    3.052437043761E-03   -9.000681956150E-16    2.802131696257E-04   -1.993077381238E-04   -2.368184596756E-16
   -8.985069448561E-16    4.410343342976E-04    2.757872264336E-16    3.959427679292E-16   -7.368865967381E-29
    2.802131696257E-04    2.755931039886E-16    1.064199345957E-03    1.441730205564E-03    1.073895623496E-15
   -1.993077381238E-04    3.960912478750E-16    1.441730205564E-03    2.065712183411E-03   -1.311284557916E-16
   -2.371859633394E-16   -7.364739742899E-29    1.073047537519E-15   -1.311849426892E-16    4.410343342976E-04
   8.3748743718592955     
    2.690386813254E-03    1.642173346844E-15    2.484950973157E-04   -1.727451365089E-04    2.343297229897E-16
    1.642501549992E-15    3.940921207711E-04   -4.816775387950E-16   -8.111186446818E-16   -6.487766210738E-29
    2.484950973157E-04   -4.817061838157E-16    9.105903245517E-04    1.260918515977E-03   -1.904182648737E-15
   -1.727451365089E-04   -8.111649537669E-16    1.260918515977E-03    1.847883869392E-03    1.425814578665E-16
    2.342326121881E-16   -6.511252815348E-29   -1.904321275245E-15    1.424295916900E-16    3.940921207711E-04
   8.6256281407035171     
    2.375753529363E-03    1.953126938357E-15    2.203733579956E-04   -1.500113778060E-04    3.508196171193E-16
    1.953839975630E-15    3.526997266812E-04   -5.662384769645E-16   -8.103909490475E-16   -7.147358970092E-28
    2.203733579956E-04   -5.662000931086E-16    7.821889731624E-04    1.105125538676E-03   -2.324938984041E-15
   -1.500113778060E-04   -8.103450061105E-16    1.105125538676E-03    1.653392168372E-03    2.453513257188E-16
    3.508410454458E-16   -7.150779573180E-28   -2.325560862025E-15    2.454816786464E-16    3.526997266812E-04
   8.8763819095477388     
    2.101882638834E-03   -1.313506347148E-15    1.955118788676E-04   -1.305460539717E-04   -2.696258246894E-16
   -1.313654717177E-15    3.161830475330E-04    3.861119379932E-16    5.500627902125E-16   -3.889678271811E-28
    1.955118788676E-04    3.862432957012E-16    6.744340259456E-04    9.706846415356E-04    1.621916815268E-15
   -1.305460539717E-04    5.501493137277E-16    9.706846415356E-04    1.480036864929E-03   -1.691257508157E-16
   -2.700537344025E-16   -3.885791849820E-28    1.621895459291E-15   -1.691309905766E-16    3.161830475330E-04
   9.1271356783919586     
    1.863097745380E-03   -1.025221291375E-15    1.735766220499E-04   -1.138638770253E-04   -3.498034129877E-16
   -1.025787467251E-15    2.839420918773E-04    3.227247433504E-16    3.539148790134E-16   -5.279675769243E-28
    1.735766220499E-04    3.226464320728E-16    5.836520156326E-04    8.544718977524E-04    1.330264891137E-15
   -1.138638770253E-04    3.537086363954E-16    8.544718977524E-04    1.325706132692E-03   -1.913521410470E-16
   -3.495750179766E-16   -5.281849025892E-28    1.330541898647E-15   -1.913200830848E-16    2.839420918773E-04
   9.3778894472361802     
    1.654552763469E-03    1.289635295045E-15    1.542480532873E-04   -9.954829811327E-05    1.733979985623E-16
    1.289551816499E-15    2.554466131650E-04   -3.795644038765E-16   -5.587785924725E-16   -4.477819158667E-28
    1.542480532873E-04   -3.796460798193E-16    5.068757050557E-04    7.538315025681E-04   -1.540398858033E-15
   -9.954829811327E-05   -5.587772882841E-16    7.538315025681E-04    1.188415953351E-03    8.102756379833E-17
    1.733226782212E-16   -4.474027085168E-28   -1.540438481625E-15    8.116396168296E-17    2.554466131650E-04
   9.6286432160804019     
    1.472106618859E-03    1.029989658736E-15    1.372283918208E-04   -8.724397651470E-05    2.039612521759E-16
    1.030579378032E-15    2.302304486828E-04   -3.059737895636E-16   -3.199786500379E-16   -7.608488910049E-28
    1.372283918208E-04   -3.060993176888E-16    4.417004826365E-04    6.665083866272E-04   -1.271070994389E-15
   -8.724397651470E-05   -3.198041446323E-16    6.665083866272E-04    1.066331717456E-03    1.523890210621E-16
    2.038222490870E-16   -7.602709127284E-28   -1.271324777543E-15    1.523429473110E-16    2.302304486828E-04
   9.8793969849246217     
    1.312217169997E-03    8.534448047791E-16    1.222452433901E-04   -7.664907428200E-05    1.191974374939E-16
    8.535636826137E-16    2.078853314359E-04   -2.516387599682E-16   -3.496815399324E-16   -2.968750164061E-28
    1.222452433901E-04   -2.516221873044E-16    3.861709403548E-04    5.905887218922E-04   -1.029513106497E-15
   -7.664907428200E-05   -3.495474091866E-16    5.905887218922E-04    9.577772275222E-04    2.035949752083E-17
    1.188357499633E-16   -2.970279396520E-28   -1.029392998297E-15    2.024215388591E-17    2.078853314359E-04
   10.130150753768843     
    1.171851412497E-03   -9.697966346264E-17    1.090528059878E-04   -6.750792089639E-05   -2.523892612797E-16
   -9.779886428919E-17    1.880546625281E-04    5.099700752689E-17    6.007925772887E-18   -7.703448994775E-29
    1.090528059878E-04    5.118809833531E-17    3.386912789446E-04    5.244482117123E-04    3.124226028420E-16
   -6.750792089639E-05    5.803507240360E-18    5.244482117123E-04    8.612350817963E-04   -1.390869183192E-16
   -2.523612331145E-16   -7.680014732876E-29    3.128282370357E-16   -1.388034898066E-16    1.880546625281E-04
   10.380904522613065     
    1.048409444830E-03    3.940926799788E-16    9.743151047657E-05   -5.960432168117E-05   -1.001220316153E-16
    3.932848357851E-16    1.704275394652E-04   -9.947972239633E-17   -1.593637992099E-16   -6.787937579798E-29
    9.743151047657E-05   -9.947194570687E-17    2.979544512989E-04    4.667076334494E-04   -3.526863557382E-16
   -5.960432168117E-05   -1.595674203103E-16    4.667076334494E-04    7.753414049635E-04   -7.666229531731E-17
   -9.995163215827E-17   -6.802491276969E-29   -3.520615595665E-16   -7.662557434918E-17    1.704275394652E-04
   10.631658291457285     
    9.396600576393E-04   -9.946527459467E-16    8.718670679732E-05   -5.275561899752E-05   -4.747054122015E-16
   -9.950351842393E-16    1.547332058287E-04    3.248176987747E-16    3.809461779052E-16   -1.031373720810E-27
    8.718670679732E-05    3.248250959680E-16    2.628860177465E-04    4.161949086345E-04    1.549343363238E-15
   -5.275561899752E-05    3.809062699294E-16    4.161949086345E-04    6.988770910836E-04   -2.252789412891E-16
   -4.746914919686E-16   -1.031636889560E-27    1.549551705874E-15   -2.252851210241E-16    1.547332058287E-04
   10.882412060301506     
    8.436861436305E-04   -5.223094563758E-16    7.814681831898E-05   -4.680751884529E-05   -4.323477075648E-16
   -5.211388704210E-16    1.407360017889E-04    1.889588798832E-16    1.869044306305E-16   -5.229634785674E-28
    7.814681831898E-05    1.889994889648E-16    2.325995504901E-04    3.719129168752E-04    1.002637349656E-15
   -4.680751884529E-05    1.872191012730E-16    3.719129168752E-04    6.307571047317E-04   -2.180055109460E-16
   -4.325497737675E-16   -5.227806405622E-28    1.001737008239E-15   -2.180926921444E-16    1.407360017889E-04
   11.133165829145728     
    7.588384087088E-04    1.863156605410E-16    7.016124935940E-05   -4.162964256717E-05   -4.312339809484E-16
    1.861673292792E-16    1.282308397312E-04   -1.602955556273E-18   -1.188893239160E-16   -1.821373903045E-28
    7.016124935940E-05   -1.700982073379E-18    2.063611128113E-04    3.330122864606E-04    1.271598352391E-16
   -4.162964256717E-05   -1.188137457259E-16    3.330122864606E-04    5.700189173430E-04   -2.288060815091E-16
   -4.313040129713E-16   -1.824861906789E-28    1.273063771647E-16   -2.289040450127E-16    1.282308397312E-04
   11.383919597989950     
    6.836961035085E-04   -1.578020549787E-16    6.309823203900E-05   -3.711173718704E-05   -6.254268360588E-16
   -1.573786095654E-16    1.170391951467E-04    1.137571631927E-16   -2.575678677618E-17   -8.191906022894E-28
    6.309823203900E-05    1.138030254253E-16    1.835608807373E-04    2.987684506693E-04    7.394378448177E-16
   -3.711173718704E-05   -2.579845685002E-17    2.987684506693E-04    5.158108069847E-04   -3.575925013089E-16
   -6.252681129264E-16   -8.181708377918E-28    7.392408098879E-16   -3.576112146113E-16    1.170391951467E-04
   11.634673366834171     
    6.170336943770E-04    5.128348912491E-16    5.684272918232E-05   -3.316046805416E-05   -4.925427499716E-16
    5.128318926197E-16    1.070055831387E-04   -8.157881409789E-17   -2.580613839267E-16   -3.192130604221E-28
    5.684272918232E-05   -8.155134624181E-17    1.636903987082E-04    2.685623323218E-04   -1.652689286867E-16
   -3.316046805416E-05   -2.582062436682E-16    2.685623323218E-04    4.673804950695E-04   -2.932414879656E-16
   -4.922641820763E-16   -3.189742807595E-28   -1.653312109784E-16   -2.931525992924E-16    1.070055831387E-04
   11.885427135678389     
    5.577925607648E-04    3.595560036146E-16    5.129446192224E-05   -2.969671689859E-05   -7.547975865153E-16
    3.600390846707E-16    9.799448052702E-05   -3.824893937176E-18   -2.832755564081E-16   -9.210981399097E-28
    5.129446192224E-05   -3.801525971321E-18    1.463242908180E-04    2.418640974919E-04    2.215611090264E-16
   -2.969671689859E-05   -2.833691932066E-16    2.418640974919E-04    4.240644107546E-04   -4.392236652727E-16
   -7.543781092256E-16   -9.199609845401E-28    2.212534671138E-16   -4.392121045361E-16    9.799448052702E-05
   12.136180904522611     
    5.050569472639E-04    1.462456166565E-15    4.636609814981E-05   -2.665331290848E-05   -4.472636991956E-16
    1.462201240172E-15    8.988764928565E-05   -3.438174502235E-16   -6.246028521806E-16   -1.803120387221E-27
    4.636609814981E-05   -3.438204104239E-16    1.311055056792E-04    2.182194953889E-04   -1.334296143970E-15
   -2.665331290848E-05   -6.246588936949E-16    2.182194953889E-04    3.852777451318E-04   -3.124917325648E-16
   -4.473030296592E-16   -1.803807531155E-27   -1.333955697440E-15   -3.125619573698E-16    8.988764928565E-05
   12.386934673366833     
    4.580335177116E-04    1.747829237788E-15    4.198161660674E-05   -2.397313143514E-05   -3.725514459908E-16
    1.747555464239E-15    8.258181664654E-05   -4.300570851544E-16   -6.918758902724E-16   -3.428775783862E-27
    4.198161660674E-05   -4.301153056941E-16    1.177333721685E-04    1.972383715907E-04   -1.730095433574E-15
   -2.397313143514E-05   -6.919476425567E-16    1.972383715907E-04    3.505053688438E-04   -2.692786663965E-16
   -3.725603767267E-16   -3.428899783635E-27   -1.729796642803E-15   -2.693106997002E-16    8.258181664654E-05
   12.637688442211054     
    4.160339594897E-04    2.855219743027E-15    3.807484769615E-05   -2.160750271908E-05   -2.813180674365E-16
    2.854995138221E-15    7.598666905710E-05   -7.472351919707E-16   -1.075410996601E-15   -1.193279743566E-26
    3.807484769615E-05   -7.472988899763E-16    1.059538981232E-04    1.785850044908E-04   -3.152092325141E-15
   -2.160750271908E-05   -1.075402068173E-15    1.785850044908E-04    3.192936275051E-04   -2.556961254597E-16
   -2.812592283509E-16   -1.192999580282E-26   -3.151974003312E-15   -2.556642451693E-16    7.598666905710E-05
   12.888442211055276     
    3.784601713261E-04    9.405367281367E-16    3.458818386093E-05   -1.951488086417E-05   -1.128366917977E-15
    9.409484325460E-16    7.002312031979E-05   -9.568289532090E-17   -6.062203207376E-16   -2.669055826479E-27
    3.458818386093E-05   -9.570304144359E-17    9.555186452357E-05    1.619699696161E-04   -1.457090209548E-16
   -1.951488086417E-05   -6.060937931609E-16    1.619699696161E-04    2.912429911759E-04   -6.960887042143E-16
   -1.128493888745E-15   -2.668861734671E-27   -1.460454942903E-16   -6.961562820785E-16    7.002312031979E-05
   13.139195979899496     
    3.447916399978E-04    1.837205546791E-15    3.147144761226E-05   -1.765973051810E-05   -9.672744250508E-16
    1.837031873505E-15    6.462181793656E-05   -3.654254350954E-16   -8.630702155916E-16   -3.921959951480E-27
    3.147144761226E-05   -3.653867706915E-16    8.634436160456E-05    1.471432836912E-04   -1.368507883444E-15
   -1.765973051810E-05   -8.630757037677E-16    1.471432836912E-04    2.660015108380E-04   -6.209724569291E-16
   -9.673583568604E-16   -3.922926790283E-27   -1.368537574531E-15   -6.208913753822E-16    6.462181793656E-05
   13.389949748743717     
    3.145746723260E-04    1.592371886106E-15    2.868090315380E-05   -1.601159533364E-05   -1.312938142850E-15
    1.591795449055E-15    5.972185559376E-05   -2.360830784169E-16   -9.104143884164E-16   -4.177085072573E-27
    2.868090315380E-05   -2.360284074284E-16    7.817548671346E-05    1.338886205475E-04   -7.882441036356E-16
   -1.601159533363E-05   -9.104064339151E-16    1.338886205475E-04    2.432590219933E-04   -8.501104575978E-16
   -1.313242703066E-15   -4.179734423057E-27   -7.877499789110E-16   -8.501360767641E-16    5.972185559376E-05
   13.640703517587939     
    2.874132004708E-04    2.946251493583E-15    2.617839664829E-05   -1.454431792544E-05   -1.068543320660E-15
    2.946618602239E-15    5.526966347520E-05   -6.429068587133E-16   -1.323655489088E-15   -1.132398916811E-26
    2.617839664829E-05   -6.429164502484E-16    7.091198118998E-05    1.220184250451E-04   -2.694827077940E-15
   -1.454431792544E-05   -1.323533438416E-15    1.220184250451E-04    2.227420296091E-04   -7.345489323616E-16
   -1.068637295105E-15   -1.132213222549E-26   -2.695071841972E-15   -7.346514616628E-16    5.526966347520E-05
   13.891457286432161     
    2.629609221592E-04    4.210363822057E-15    2.393061060382E-05   -1.323538607666E-05   -6.878786173346E-16
    4.210469864918E-15    5.121805169120E-05   -1.036796912518E-15   -1.670248605058E-15   -3.467310476454E-26
    2.393061060382E-05   -1.036799818373E-15    6.443962868421E-05    1.113697797873E-04   -4.631828276629E-15
   -1.323538607666E-05   -1.670208822652E-15    1.113697797873E-04    2.042092075751E-04   -5.415704052519E-16
   -6.879367812839E-16   -3.467275843973E-26   -4.631876594271E-15   -5.416179866474E-16    5.121805169120E-05
   14.142211055276382     
    2.409145743601E-04    3.285034421819E-15    2.190841852163E-05   -1.206538407499E-05   -1.462795799644E-15
    3.285105455177E-15    4.752538532823E-05   -6.511148605406E-16   -1.625395234178E-15   -1.257293879343E-26
    2.190841852163E-05   -6.510660857266E-16    5.866027286399E-05    1.018009034284E-04   -2.848230901488E-15
   -1.206538407499E-05   -1.625193560645E-15    1.018009034284E-04    1.874474476282E-04   -1.032453377154E-15
   -1.463261039038E-15   -1.257619025532E-26   -2.848311931800E-15   -1.032450437651E-15    4.752538532823E-05
   14.392964824120602     
    2.210081700685E-04    3.392655252346E-15    2.008632713618E-05   -1.101753164364E-05   -1.705818824087E-15
    3.392707052665E-15    4.415487255313E-05   -6.282866092085E-16   -1.779456863372E-15   -1.275311459051E-26
    2.008632713618E-05   -6.283120565727E-16    5.348934054192E-05    9.318817941022E-05   -2.821573887497E-15
   -1.101753164364E-05   -1.779397548254E-15    9.318817941022E-05    1.722683963971E-04   -1.198185685696E-15
   -1.705780373790E-15   -1.275046242290E-26   -2.821735474328E-15   -1.198142985348E-15    4.415487255313E-05
   14.643718592964824     
    2.030080541492E-04    3.127995114845E-15    1.844199482416E-05   -1.007729590582E-05   -2.228264619956E-15
    3.128169441754E-15    4.107394978068E-05   -4.621347911167E-16   -1.892968027010E-15   -1.429544074247E-26
    1.844199482416E-05   -4.621558601780E-16    4.885377849538E-05    8.542363068423E-05   -2.069231686339E-15
   -1.007729590582E-05   -1.892824855407E-15    8.542363068423E-05    1.585054238653E-04   -1.544717156386E-15
   -2.228496985808E-15   -1.429571603231E-26   -2.069352949883E-15   -1.544761031577E-15    4.107394978068E-05
   14.894472361809044     
    1.867086563905E-04    3.585014939885E-15    1.695581594586E-05   -9.232064260217E-06   -2.263859191790E-15
    3.585278712063E-15    3.825375015281E-05   -5.577479442762E-16   -2.131327646223E-15   -1.420449269513E-26
    1.695581594586E-05   -5.577506195404E-16    4.469032992018E-05    7.841276990765E-05   -2.697536470982E-15
   -9.232064260217E-06   -2.131403562436E-15    7.841276990765E-05    1.460109716117E-04   -1.602016905315E-15
   -2.263706808793E-15   -1.420207952387E-26   -2.697600718724E-15   -1.602074956294E-15    3.825375015281E-05
   15.145226130653265     
    1.719288386311E-04    4.173233536587E-15    1.561056218214E-05   -8.470868150480E-06   -2.202471388212E-15
    4.173540716144E-15    3.566864355419E-05   -7.080604154400E-16   -2.367654064602E-15   -1.503215080815E-26
    1.561056218214E-05   -7.080697328889E-16    4.094409055081E-05    7.207276617544E-05   -3.579368414107E-15
   -8.470868150479E-06   -2.367579963382E-15    7.207276617544E-05    1.346542343791E-04   -1.602868578496E-15
   -2.202435777813E-15   -1.502919683534E-26   -3.579719582411E-15   -1.602818814752E-15    3.566864355419E-05
   15.395979899497487     
    1.585087486241E-04    3.243665642083E-15    1.439107299392E-05   -7.784149385555E-06   -3.085821762528E-15
    3.244123107325E-15    3.329583806872E-05   -2.782620461466E-16   -2.454122511721E-15   -3.011715325025E-26
    1.439107299392E-05   -2.783463081623E-16    3.756729573609E-05    6.633087899853E-05   -1.680524024869E-15
   -7.784149385555E-06   -2.454056755882E-15    6.633087899853E-05    1.243191335006E-04   -2.204554278444E-15
   -3.085794199873E-15   -3.011311569346E-26   -1.680808585067E-15   -2.204630402857E-15    3.329583806872E-05
   15.646733668341707     
    1.463071066239E-04    3.407434775647E-15    1.328398837589E-05   -7.163562091777E-06   -3.207714965343E-15
    3.407181348587E-15    3.111503423977E-05   -2.668570558620E-16   -2.661475593512E-15   -3.010759702922E-26
    1.328398837589E-05   -2.667907875793E-16    3.451829878797E-05    6.112311825451E-05   -1.883590443800E-15
   -7.163562091777E-06   -2.661458054694E-15    6.112311825451E-05    1.149025454290E-04   -2.336254481374E-15
   -3.207808950261E-15   -3.011341736240E-26   -1.883507889579E-15   -2.336149220169E-15    3.111503423977E-05
   15.897487437185928     
    1.351988619245E-04    3.471170921384E-15    1.227751802475E-05   -6.601804563758E-06   -3.368127187156E-15
    3.471541773370E-15    2.910812475431E-05   -2.193543297683E-16   -2.860127156633E-15   -3.227690246689E-26
    1.227751802475E-05   -2.193364460094E-16    3.176070818647E-05    5.639309550875E-05   -1.936394855428E-15
   -6.601804563758E-06   -2.860032710843E-15    5.639309550875E-05    1.063127529703E-04   -2.495719432130E-15
   -3.368130641597E-15   -3.228108297920E-26   -1.936810970260E-15   -2.495684493272E-15    2.910812475431E-05
   16.148241206030153     
    1.250731660682E-04    3.122048021002E-15    1.136124178477E-05   -6.092476212743E-06   -3.762434180205E-15
    3.122026900889E-15    2.725893322428E-05   -1.146223207186E-17   -3.032366478153E-15   -6.368749991032E-26
    1.136124178477E-05   -1.144754040653E-17    2.926265707178E-05    5.209103766795E-05   -1.248092293685E-15
   -6.092476212743E-06   -3.032345170952E-15    5.209103766795E-05    9.846809073866E-05   -2.823357304928E-15
   -3.762478002860E-15   -6.368996634046E-26   -1.248117915711E-15   -2.823340698302E-15    2.725893322428E-05
   16.398994974874373     
    1.158316174546E-04    2.875224735799E-15    1.052593700756E-05   -5.629955644506E-06   -3.945005118673E-15
    2.875127950416E-15    2.555298666533E-05    1.417228333771E-16   -3.185963860728E-15   -8.854866819095E-26
    1.052593700756E-05    1.417340493137E-16    2.699618319886E-05    4.817293855455E-05   -9.012353482710E-16
   -5.629955644506E-06   -3.185953687534E-15    4.817293855455E-05    9.129575991770E-05   -3.017746045730E-15
   -3.945041488791E-15   -8.854851356787E-26   -9.011616282790E-16   -3.017750196296E-15    2.555298666533E-05
   16.649748743718593     
    1.073867388500E-04    9.802027005136E-16    9.763429055274E-06   -5.209296547600E-06   -4.885726959560E-15
    9.803773264319E-16    2.397731704720E-05    8.985541198137E-16   -3.118948846455E-15   -3.851965624512E-25
    9.763429055274E-06    8.985867135090E-16    2.493670136996E-05    4.459982785653E-05    2.304361790765E-15
   -5.209296547600E-06   -3.118920928785E-15    4.459982785653E-05    8.473079055531E-05   -3.701719460595E-15
   -4.885780226837E-15   -3.851919291142E-25    2.304244441705E-15   -3.701736672226E-15    2.397731704720E-05
   16.900502512562813     
    9.966065501883E-05    1.041293385790E-15    9.066461688406E-06   -4.826138608482E-06   -4.691770360864E-15
    1.040985972326E-15    2.252028794839E-05    9.126878124162E-16   -3.276540724245E-15   -3.755042741978E-25
    9.066461688407E-06    9.126954594648E-16    2.306255348378E-05    4.133714013633E-05    1.868060728882E-15
   -4.826138608482E-06   -3.276555410622E-15    4.133714013633E-05    7.871513240136E-05   -3.676470734093E-15
   -4.691860078448E-15   -3.754957606538E-25    1.868323024949E-15   -3.676460438158E-15    2.252028794839E-05
   17.151256281407036     
    9.258394253831E-05   -9.582988774303E-16    8.428584615641E-06   -4.476631163394E-06   -5.634244346325E-15
   -9.585400501132E-16    2.117144293336E-05    1.722493106589E-15   -3.261030116448E-15   -9.856133639079E-25
    8.428584615641E-06    1.722527792496E-15    2.135462389838E-05    3.835416927281E-05    5.231374933771E-15
   -4.476631163394E-06   -3.261086616206E-15    3.835416927281E-05    7.319685777683E-05   -4.415247672626E-15
   -5.634196913147E-15   -9.856064516057E-25    5.231492531183E-15   -4.415184417403E-15    2.117144293336E-05
   17.402010050251256     
    8.609462796010E-05   -1.943105729574E-15    7.844055750384E-06   -4.157367606308E-06   -5.730661729251E-15
   -1.943131978193E-15    1.992137272106E-05    2.102660961299E-15   -3.260640696064E-15   -1.355814434818E-24
    7.844055750384E-06    2.102681894334E-15    1.979600987715E-05    3.562359598129E-05    6.434215355697E-15
   -4.157367606308E-06   -3.260655180417E-15    3.562359598129E-05    6.812946207163E-05   -4.601111508761E-15
   -5.730673273771E-15   -1.355799990564E-24    6.434250626560E-15   -4.601115822912E-15    1.992137272106E-05
   17.652763819095480     
    8.013731394995E-05   -4.588431437264E-15    7.307756223313E-06   -3.865328970298E-06   -6.596282596006E-15
   -4.588541648531E-15    1.876159866589E-05    3.107786477802E-15   -3.086913110133E-15   -2.735601183414E-24
    7.307756223313E-06    3.107765228623E-15    1.837173861581E-05    3.312107793427E-05    1.060692520461E-14
   -3.865328970298E-06   -3.086959273198E-15    3.312107793427E-05    6.347124940029E-05   -5.319413775115E-15
   -6.596243648803E-15   -2.735576171143E-24    1.060710159517E-14   -5.319439227557E-15    1.876159866589E-05
   17.903517587939699     
    7.466241598800E-05   -5.159167573238E-15    6.815116322331E-06   -3.597835272207E-06   -6.022138887088E-15
   -5.159262666682E-15    1.768447038289E-05    3.264620658077E-15   -3.008581467783E-15   -2.955254196784E-24
    6.815116322331E-06    3.264667096607E-15    1.706852373617E-05    3.082489360956E-05    1.058546066595E-14
   -3.597835272207E-06   -3.008639801095E-15    3.082489360956E-05    5.918479252868E-05   -5.083606385543E-15
   -6.022061466345E-15   -2.955231840847E-24    1.058548139642E-14   -5.083540317682E-15    1.768447038289E-05
   18.154271356783919     
    6.962549470806E-05   -8.490382379490E-15    6.362050945765E-06   -3.352503512427E-06   -6.857869774168E-15
   -8.490516049297E-15    1.668307568870E-05    4.487486620787E-15   -2.693317687496E-15   -5.519031216380E-24
    6.362050945764E-06    4.487508790763E-15    1.587455531179E-05    2.871563231412E-05    1.568033532857E-14
   -3.352503512427E-06   -2.693357136314E-15    2.871563231412E-05    5.523645766093E-05   -5.831810773935E-15
   -6.857870466656E-15   -5.518973653797E-24    1.568047762502E-14   -5.831796436323E-15    1.668307568870E-05
   18.405025125628143     
    6.498667108627E-05   -1.212787876119E-14    5.944903190066E-06   -3.127211310646E-06   -7.568724863182E-15
   -1.212775087527E-14    1.575116124221E-05    5.788465209971E-15   -2.276599283463E-15   -9.228692596799E-24
    5.944903190066E-06    5.788441695610E-15    1.477931842776E-05    2.677592397170E-05    2.108217785175E-14
   -3.127211310646E-06   -2.276578882070E-15    2.677592397170E-05    5.159598585872E-05   -6.509287137022E-15
   -7.568733577145E-15   -9.228722696597E-24    2.108210229936E-14   -6.509327219657E-15    1.575116124221E-05
   18.655778894472363     
    6.071011349202E-05   -1.424156642141E-14    5.560395059641E-06   -2.920065404177E-06   -7.143052090467E-15
   -1.424141978432E-14    1.488306253410E-05    6.446262453293E-15   -1.889852809051E-15   -1.154708016763E-23
    5.560395059641E-06    6.446304006328E-15    1.377343609388E-05    2.499020319470E-05    2.330153895036E-14
   -2.920065404177E-06   -1.889805446406E-15    2.499020319470E-05    4.823612399492E-05   -6.429761763766E-15
   -7.143116502203E-15   -1.154705294040E-23    2.330141776592E-14   -6.429768971520E-15    1.488306253410E-05
   18.906532663316586     
    5.676358715995E-05   -1.797177586158E-14    5.205584306138E-06   -2.729374291664E-06   -7.415067305582E-15
   -1.797166368556E-14    1.407364202754E-05    7.717714036933E-15   -1.348022181695E-15   -1.694706262238E-23
    5.205584306138E-06    7.717749216752E-15    1.284853297333E-05    2.334450297292E-05    2.844129691499E-14
   -2.729374291664E-06   -1.347999033179E-15    2.334450297292E-05    4.513229903392E-05   -6.864939207053E-15
   -7.415053497279E-15   -1.694710330447E-23    2.844112033970E-14   -6.864905815823E-15    1.407364202754E-05
   19.157286432160806     
    5.311805795440E-05   -2.259666374317E-14    4.877826568407E-06   -2.553624426847E-06   -7.694092552758E-15
   -2.259669657089E-14    1.331823442083E-05    9.264808918033E-15   -5.793047131137E-16   -2.507916003301E-23
    4.877826568407E-06    9.264802886183E-15    1.199711694195E-05    2.182627398612E-05    3.485674900391E-14
   -2.553624426847E-06   -5.792979352755E-16    2.182627398612E-05    4.226233024664E-05   -7.324213785009E-15
   -7.694132307241E-15   -2.507912386456E-23    3.485681213814E-14   -7.324229981843E-15    1.331823442083E-05
   19.408040201005026     
    4.974734341854E-05   -2.780587274091E-14    4.574742155809E-06   -2.391459485299E-06   -8.066276734288E-15
   -2.780600073135E-14    1.261259815478E-05    1.101502064309E-14    2.756951219892E-16   -3.668355285501E-23
    4.574742155809E-06    1.101501778359E-14    1.121247595939E-05    2.042422611644E-05    4.221095711363E-14
   -2.391459485299E-06    2.756525544672E-16    2.042422611644E-05    3.960617468606E-05   -7.887458326809E-15
   -8.066251004587E-15   -3.668343594971E-23    4.221111647208E-14   -7.887470360358E-15    1.261259815478E-05
   19.658793969849246     
    4.662780506180E-05   -3.217052878681E-14    4.294186839972E-06   -2.241662263317E-06   -7.507872908167E-15
   -3.217064257471E-14    1.195287238740E-05    1.234504700886E-14    1.249795150022E-15   -4.741625566242E-23
    4.294186839972E-06    1.234504118116E-14    1.048858810635E-05    1.912818922872E-05    4.748806804971E-14
   -2.241662263317E-06    1.249831621963E-15    1.912818922872E-05    3.714570183238E-05   -7.811020551200E-15
   -7.507947353388E-15   -4.741629422249E-23    4.748813555835E-14   -7.811000605944E-15    1.195287238740E-05
   19.909547738693469     
    4.373807665898E-05   -3.888491099551E-14    4.034226157345E-06   -2.103138858803E-06   -7.936350662676E-15
   -3.888496758341E-14    1.133553877308E-05    1.457597750755E-14    2.442784770662E-15   -6.889334339472E-23
    4.034226157345E-06    1.457598528317E-14    9.820042971547E-06    1.792899069678E-05    5.710782179558E-14
   -2.103138858803E-06    2.442775286845E-15    1.792899069678E-05    3.486449385803E-05   -8.481365018221E-15
   -7.936379283530E-15   -6.889322044071E-23    5.710788448234E-14   -8.481354941487E-15    1.133553877308E-05
   20.160301507537689     
    4.105882403960E-05   -4.542024008449E-14    3.793112733782E-06   -1.974904805012E-06   -7.808883790806E-15
   -4.542034167250E-14    1.075738745520E-05    1.665438780828E-14    3.792534403328E-15   -9.349214780626E-23
    3.793112733782E-06    1.665433724162E-14    9.201972832928E-06    1.681834750926E-05    6.597488927635E-14
   -1.974904805012E-06    3.792482637808E-15    1.681834750926E-05    3.274766840019E-05   -8.782876930997E-15
   -7.808770942257E-15   -9.349237375302E-23    6.597497746022E-14   -8.782862958053E-15    1.075738745520E-05
   20.411055276381912     
    3.857253244743E-05   -5.178622461561E-14    3.569266302212E-06   -1.856072923261E-06   -7.027459707793E-15
   -5.178624005591E-14    1.021548678209E-05    1.855984326729E-14    5.354662132947E-15   -1.203031676542E-22
    3.569266302212E-06    1.855984777803E-14    8.629992318495E-06    1.578877108159E-05    7.398074415385E-14
   -1.856072923261E-06    5.354673232306E-15    1.578877108159E-05    3.078172115261E-05   -8.631997936589E-15
   -7.027434626868E-15   -1.203034549368E-22    7.398063966437E-14   -8.631929130034E-15    1.021548678209E-05
   20.661809045226132     
    3.626331807181E-05   -5.808705835202E-14    3.361256027779E-06   -1.745842643025E-06   -5.639336128089E-15
   -5.808708219262E-14    9.707156292533E-06    2.032702772292E-14    7.152170743105E-15   -1.492268708425E-22
    3.361256027779E-06    2.032702029652E-14    8.100145409307E-06    1.483348316478E-05    8.132703332994E-14
   -1.745842643025E-06    7.152196816375E-15    1.483348316478E-05    2.895438589843E-05   -8.057104101336E-15
   -5.639404035856E-15   -1.492267420528E-22    8.132711560955E-14   -8.057135854410E-15    9.707156292533E-06
   20.912562814070352     
    3.411676079692E-05   -6.645005580753E-14    3.167784875375E-06   -1.643490608457E-06   -5.069133574194E-15
   -6.644993359964E-14    9.229942592968E-06    2.288377623859E-14    9.148472834774E-15   -1.972461768061E-22
    3.167784875375E-06    2.288379930459E-14    7.608858819244E-06    1.394634145442E-05    9.253603920270E-14
   -1.643490608457E-06    9.148514683032E-15    1.394634145442E-05    2.725450992633E-05   -8.127527466052E-15
   -5.069208567838E-15   -1.972460249085E-22    9.253595003353E-14   -8.127557869924E-15    9.229942592968E-06
   21.163316582914572     
    3.211975560009E-05   -7.519863355775E-14    2.987675748010E-06   -1.548362394772E-06   -4.207207812468E-15
   -7.519875258909E-14    8.781597785543E-06    2.550190189365E-14    1.136677707295E-14   -2.554062574392E-22
    2.987675748010E-06    2.550192347460E-14    7.152900917314E-06    1.312177369424E-05    1.040884487241E-13
   -1.548362394772E-06    1.136671391686E-14    1.312177369424E-05    2.567194301668E-05   -8.015694185530E-15
   -4.207146114189E-15   -2.554058211559E-22    1.040885514520E-13   -8.015659427615E-15    8.781597785543E-06
   21.414070351758795     
    3.026038036150E-05   -8.254626805845E-14    2.819859204264E-06   -1.459865204752E-06   -1.879558234785E-15
   -8.254639714434E-14    8.360060159498E-06    2.738972794751E-14    1.386237098095E-14   -3.050499626386E-22
    2.819859204265E-06    2.738976631862E-14    6.729345481685E-06    1.235471922597E-05    1.121603790259E-13
   -1.459865204752E-06    1.386231417347E-14    1.235471922597E-05    2.419743842316E-05   -6.811273404823E-15
   -1.879494274153E-15   -3.050495589919E-22    1.121604254763E-13   -6.811212943937E-15    8.360060159498E-06
   21.664824120603015     
    2.852777813410E-05   -9.269609650517E-14    2.663362554484E-06   -1.377461416522E-06   -7.691473746166E-16
   -9.269613393063E-14    7.963436886248E-06    3.038011720120E-14    1.657721806296E-14   -3.919920311333E-22
    2.663362554483E-06    3.038012344933E-14    6.335539668251E-06    1.164057707760E-05    1.256695478988E-13
   -1.377461416523E-06    1.657720262588E-14    1.164057707760E-05    2.282256445958E-05   -6.573817184697E-15
   -7.691331126981E-16   -3.919919089558E-22    1.256695702386E-13   -6.573809188795E-15    7.963436886248E-06
   21.915577889447238     
    2.691205217124E-05   -1.013424852788E-13    2.517300130539E-06   -1.300662855713E-06    1.891516866700E-15
   -1.013424855581E-13    7.589988481247E-06    3.257881123149E-14    1.960666808599E-14   -4.677561990011E-22
    2.517300130539E-06    3.257878367159E-14    5.969075656126E-06    1.097515980258E-05    1.354482988663E-13
   -1.300662855713E-06    1.960666887858E-14    1.097515980258E-05    2.153962546335E-05   -5.160202184114E-15
    1.891505761041E-15   -4.677561981643E-22    1.354483784320E-13   -5.160245177642E-15    7.589988481247E-06
   22.166331658291458     
    2.540417222050E-05   -1.104579268791E-13    2.380864668581E-06   -1.229025742026E-06    4.850633583646E-15
   -1.104579890968E-13    7.238114856424E-06    3.484140297843E-14    2.293423955737E-14   -5.553763593087E-22
    2.380864668581E-06    3.484141172447E-14    5.627765523866E-06    1.035465237696E-05    1.456883905946E-13
   -1.229025742026E-06    2.293426173538E-14    1.035465237696E-05    2.034159109094E-05   -3.528558718960E-15
    4.850588181979E-15   -5.553762902866E-22    1.456884124024E-13   -3.528541422369E-15    7.238114856424E-06
   22.417085427135678     
    2.399589078224E-05   -1.211414131440E-13    2.253319593411E-06   -1.162146186851E-06    7.382514580682E-15
   -1.211415213889E-13    6.906342765888E-06    3.766762273278E-14    2.650969370211E-14   -6.761674927505E-22
    2.253319593411E-06    3.766764278538E-14    5.309618945473E-06    9.775575560302E-06    1.587975809482E-13
   -1.162146186851E-06    2.650965777620E-14    9.775575560302E-06    1.922203298087E-05   -2.254901620685E-15
    7.382527173043E-15   -6.761666739914E-22    1.587976859385E-13   -2.254881902911E-15    6.906342765888E-06
   22.667839195979901     
    2.267966818929E-05   -1.306859161396E-13    2.133992137500E-06   -1.099656194264E-06    1.112867168628E-14
   -1.306859015948E-13    6.593314502309E-06    3.985800826731E-14    3.039645404860E-14   -7.859379257386E-22
    2.133992137500E-06    3.985800127660E-14    5.012823367939E-06    9.234753193947E-06    1.690396090230E-13
   -1.099656194264E-06    3.039647130504E-14    9.234753193947E-06    1.817506796998E-05   -3.051346608551E-17
    1.112866949622E-14   -7.859384681677E-22    1.690395592691E-13   -3.050245421572E-17    6.593314502309E-06
   22.918592964824121     
    2.144860550519E-05   -1.399177040005E-13    2.022267210324E-06   -1.041220111048E-06    1.567076952781E-14
   -1.399178037008E-13    6.297777712219E-06    4.175046679332E-14    3.463918018300E-14   -8.940388667692E-22
    2.022267210324E-06    4.175044421918E-14    4.735726372833E-06    8.729282978455E-06    1.780626639193E-13
   -1.041220111048E-06    3.463916365896E-14    8.729282978455E-06    1.719530713807E-05    2.829422851941E-15
    1.567073927404E-14   -8.940381181574E-22    1.780628597240E-13    2.829377812714E-15    6.297777712219E-06
   23.169346733668345     
    2.029638436111E-05   -1.496635319913E-13    1.917581895430E-06   -9.865314538300E-07    2.040765301602E-14
   -1.496634814821E-13    6.018576199097E-06    4.372549996383E-14    3.918397635795E-14   -1.017686314628E-21
    1.917581895430E-06    4.372549712050E-14    4.476819955244E-06    8.256510331952E-06    1.877402843826E-13
   -9.865314538300E-07    3.918400361397E-14    8.256510331952E-06    1.627781002758E-05    5.854575268960E-15
    2.040761891947E-14   -1.017686556507E-21    1.877402389510E-13    5.854565639758E-15    6.018576199097E-06
   23.420100502512565     
    1.921721295648E-05   -1.593325442954E-13    1.819420526433E-06   -9.353100802189E-07    2.557832180433E-14
   -1.593325020163E-13    5.754641616305E-06    4.554382869795E-14    4.399815598019E-14   -1.146171892060E-21
    1.819420526433E-06    4.554380365436E-14    4.234726496815E-06    7.814004976474E-06    1.969505419690E-13
   -9.353100802189E-07    4.399814388593E-14    7.814004976474E-06    1.541804347906E-05    9.243976612187E-15
    2.557837351472E-14   -1.146172811818E-21    1.969505174153E-13    9.243958899363E-15    5.754641616305E-06
   23.670854271356781     
    1.820577754141E-05   -1.678730743959E-13    1.727310275069E-06   -8.872996629639E-07    3.194055963871E-14
   -1.678731371242E-13    5.504985955049E-06    4.669766611179E-14    4.919070773406E-14   -1.249275689295E-21
    1.727310275069E-06    4.669765765089E-14    4.008186234540E-06    7.399539944426E-06    2.032612440801E-13
   -8.872996629640E-07    4.919067875091E-14    7.399539944426E-06    1.461184458111E-05    1.363131353149E-14
    3.194058554935E-14   -1.249275435695E-21    2.032613196082E-13    1.363131644679E-14    5.504985955049E-06
   23.921608040201008     
    1.725719877961E-05   -1.773113020399E-13    1.640817195905E-06   -8.422654330180E-07    3.807630513223E-14
   -1.773111930491E-13    5.268694744849E-06    4.813003068536E-14    5.462453952308E-14   -1.378861870488E-21
    1.640817195905E-06    4.813003538412E-14    3.796046052528E-06    7.011072734221E-06    2.112922784535E-13
   -8.422654330179E-07    5.462456586170E-14    7.011072734221E-06    1.385538729244E-05    1.787014260476E-14
    3.807630253216E-14   -1.378862790779E-21    2.112921275052E-13    1.787015327238E-14    5.268694744849E-06
   24.172361809045224     
    1.636699246190E-05   -1.844031345489E-13    1.559542652474E-06   -7.999921482761E-07    4.607215822915E-14
   -1.844031084933E-13    5.044920886142E-06    4.834302837944E-14    6.048435400707E-14   -1.444577491083E-21
    1.559542652474E-06    4.834303771814E-14    3.597249440711E-06    6.646728378086E-06    2.137993821763E-13
   -7.999921482760E-07    6.048434057823E-14    6.646728378086E-06    1.314515233715E-05    2.370014371455E-14
    4.607218735455E-14   -1.444577448381E-21    2.137993535171E-13    2.370014768165E-14    5.044920886142E-06
   24.423115577889451     
    1.553103410030E-05   -1.914380979163E-13    1.483120133842E-06   -7.602822880149E-07    5.440979347173E-14
   -1.914380227202E-13    4.832879064420E-06    4.838802932425E-14    6.664954499631E-14   -1.507677970728E-21
    1.483120133842E-06    4.838801642590E-14    3.410827496841E-06    6.304784209263E-06    2.159237396355E-13
   -7.602822880149E-07    6.664959509967E-14    6.304784209263E-06    1.247790004112E-05    2.988389704624E-14
    5.440973451445E-14   -1.507678705606E-21    2.159236770235E-13    2.988387630281E-14    4.832879064420E-06
   24.673869346733667     
    1.474552698949E-05   -1.982940376068E-13    1.411212357808E-06   -7.229544168473E-07    6.292977353237E-14
   -1.982940700666E-13    4.631840669456E-06    4.825685418055E-14    7.302180236099E-14   -1.568324603940E-21
    1.411212357808E-06    4.825682837504E-14    3.235890844104E-06    5.983656146961E-06    2.176708955484E-13
   -7.229544168473E-07    7.302176177496E-14    5.983656146961E-06    1.185064578301E-05    3.630527504261E-14
    6.292983632970E-14   -1.568325140961E-21    2.176709677914E-13    3.630525556101E-14    4.631840669456E-06
   24.924623115577887     
    1.400697336751E-05   -2.031820182228E-13    1.343508673222E-06   -6.878417211408E-07    7.284008696991E-14
   -2.031820199841E-13    4.441129181440E-06    4.709197125926E-14    7.975865333900E-14   -1.575124107652E-21
    1.343508673222E-06    4.709197695285E-14    3.071622369777E-06    5.681886332924E-06    2.149121829475E-13
   -6.878417211407E-07    7.975868262519E-14    5.681886332924E-06    1.126063780004E-05    4.399799979436E-14
    7.284003009458E-14   -1.575123590164E-21    2.149121915115E-13    4.399799438657E-14    4.441129181440E-06
   25.175376884422111     
    1.331214835051E-05   -2.065299548773E-13    1.279722721429E-06   -6.547906949034E-07    8.375590866247E-14
   -2.065299283948E-13    4.260115974687E-06    4.510225219700E-14    8.680640976135E-14   -1.547731916676E-21
    1.279722721429E-06    4.510226707130E-14    2.917270693343E-06    5.398131975726E-06    2.086960041474E-13
   -6.547906949034E-07    8.680641793793E-14    5.398131975726E-06    1.070533710270E-05    5.267024663089E-14
    8.375588927583E-14   -1.547731427353E-21    2.086959777024E-13    5.267024694960E-14    4.260115974687E-06
   25.426130653266330     
    1.265807635299E-05   -2.076292339280E-13    1.219590312172E-06   -6.236599501594E-07    9.602416957010E-14
   -2.076293635172E-13    4.088216493173E-06    4.196540715776E-14    9.418345756249E-14   -1.483780160614E-21
    1.219590312172E-06    4.196539807472E-14    2.772144281336E-06    5.131155275669E-06    1.974988946904E-13
   -6.236599501594E-07    9.418346682424E-14    5.131155275669E-06    1.018239927736E-05    6.264613428860E-14
    9.602412178438E-14   -1.483779175648E-21    1.974990206540E-13    6.264614265949E-14    4.088216493173E-06
   25.676884422110554     
    1.204200973666E-05   -2.079297916050E-13    1.162867514677E-06   -5.943191500579E-07    1.085651504567E-13
   -2.079298392942E-13    3.924886768256E-06    3.838522862032E-14    1.017368073984E-13   -1.438004977717E-21
    1.162867514677E-06    3.838522018354E-14    2.635606143161E-06    4.879814315627E-06    1.847705831586E-13
   -5.943191500579E-07    1.017367893520E-13    4.879814315627E-06    9.689657991414E-06    7.303246757325E-14
    1.085651657405E-13   -1.438004884778E-21    1.847706418922E-13    7.303246831513E-14    3.924886768256E-06
   25.927638190954774     
    1.146140946033E-05   -2.049737301373E-13    1.109328913063E-06   -5.666480372705E-07    1.229843372989E-13
   -2.049737352915E-13    3.769620236535E-06    3.317579643956E-14    1.096822498484E-13   -1.398575783133E-21
    1.109328913063E-06    3.317580732564E-14    2.507069040643E-06    4.643054818825E-06    1.647883467866E-13
   -5.666480372705E-07    1.096822546955E-13    4.643054818825E-06    9.225110021081E-06    8.524036465929E-14
    1.229843399349E-13   -1.398575573953E-21    1.647882932910E-13    8.524039412316E-14    3.769620236535E-06
   26.178391959798994     
    1.091392752690E-05   -2.004899147540E-13    1.058766050889E-06   -5.405355685741E-07    1.378093080437E-13
   -2.004900020992E-13    3.621944841932E-06    2.723050281397E-14    1.177301422511E-13   -1.445114554178E-21
    1.058766050889E-06    2.723049987792E-14    2.385991164430E-06    4.419902682022E-06    1.419266336999E-13
   -5.405355685741E-07    1.177301458797E-13    4.419902682022E-06    8.786901661245E-06    9.803255141820E-14
    1.378092922567E-13   -1.445113774692E-21    1.419266931158E-13    9.803257420482E-14    3.621944841932E-06
   26.429145728643217     
    1.039739104765E-05   -1.936635664935E-13    1.010985996032E-06   -5.158791196010E-07    1.536311479961E-13
   -1.936634986694E-13    3.481420380285E-06    2.013012755271E-14    1.259985511084E-13   -1.633399413923E-21
    1.010985996032E-06    2.013014616201E-14    2.271872219111E-06    4.209457207197E-06    1.141683573385E-13
   -5.158791196010E-07    1.259985677164E-13    4.209457207197E-06    8.373316366272E-06    1.119509822933E-13
    1.536311583415E-13   -1.633399296976E-21    1.141682033205E-13    1.119510216049E-13    3.481420380285E-06
   26.679899497487437     
    9.909787761587E-06   -1.834293980572E-13    9.658100518729E-07   -4.925837716656E-07    1.708716275755E-13
   -1.834293409423E-13    3.347636073959E-06    1.140758088844E-14    1.344655174626E-13   -2.073024627164E-21
    9.658100518727E-07    1.140759244349E-14    2.164249881710E-06    4.010884959225E-06    7.929185318517E-14
   -4.925837716657E-07    1.344655050654E-13    4.010884959225E-06    7.982763511078E-06    1.274097526233E-13
    1.708716713253E-13   -2.073025151717E-21    7.929175557651E-14    1.274097697488E-13    3.347636073959E-06
   26.930653266331660     
    9.449252866137E-06   -1.699135783648E-13    9.230725867150E-07   -4.705616654451E-07    1.894323880137E-13
   -1.699135693120E-13    3.220208352422E-06    1.103428459611E-15    1.431447434638E-13   -2.921108171374E-21
    9.230725867150E-07    1.103421762869E-15    2.062696592369E-06    3.823414187103E-06    3.753630967557E-14
   -4.705616654451E-07    1.431447729428E-13    3.823414187103E-06    7.613768159520E-06    1.443587492146E-13
    1.894323884917E-13   -2.921106190977E-21    3.753619683312E-14    1.443587971659E-13    3.220208352422E-06
   27.181407035175880     
    9.014057030541E-06   -1.529358365890E-13    8.826199639016E-07   -4.497314118545E-07    2.091519214512E-13
   -1.529358673404E-13    3.098778816698E-06   -1.081393742780E-14    1.519258709746E-13   -4.375928986749E-21
    8.826199639016E-07   -1.081393176143E-14    1.966816642493E-06    3.646329753027E-06   -1.125497955279E-14
   -4.497314118545E-07    1.519258321244E-13    3.646329753027E-06    7.264961740412E-06    1.627025874335E-13
    2.091519635595E-13   -4.375930496112E-21   -1.125492606034E-14    1.627025831202E-13    3.098778816698E-06
   27.432160804020100     
    8.602595476639E-06   -1.327109656165E-13    8.443095719518E-07   -4.300175589315E-07    2.297769690346E-13
   -1.327110399265E-13    2.983012374387E-06   -2.423366804573E-14    1.607563504722E-13   -6.664464843023E-21
    8.443095719516E-07   -2.423366068779E-14    1.876243531718E-06    3.478968518569E-06   -6.650960324202E-14
   -4.300175589316E-07    1.607563374547E-13    3.478968518569E-06    6.935073546842E-06    1.822538013190E-13
    2.297769627356E-13   -6.664465177069E-21   -6.650952218939E-14    1.822538112745E-13    2.983012374387E-06
   27.682914572864323     
    8.213378024088E-06   -1.082781489829E-13    8.080089371663E-07   -4.113501052598E-07    2.517132713697E-13
   -1.082780792973E-13    2.872595526803E-06   -3.959152286115E-14    1.696368806456E-13   -1.016777440308E-20
    8.080089371661E-07   -3.959150720913E-14    1.790637565481E-06    3.320715143657E-06   -1.303169000342E-13
   -4.113501052599E-07    1.696369000400E-13    3.320715143657E-06    6.622922977718E-06    2.034256954598E-13
    2.517132518473E-13   -1.016777458401E-20   -1.303169835002E-13    2.034256926316E-13    2.872595526803E-06
   27.933668341708543     
    7.845020007420E-06   -7.999833549325E-14    7.735949219397E-07   -3.936640609199E-07    2.746180868389E-13
   -7.999832913831E-14    2.767234798412E-06   -5.670137771429E-14    1.784982949098E-13   -1.525138067804E-20
    7.735949219396E-07   -5.670140237310E-14    1.709683671259E-06    3.170998257654E-06   -2.017641772243E-13
   -3.936640609199E-07    1.784982828201E-13    3.170998257654E-06    6.327412454615E-06    2.259469818276E-13
    2.746181095029E-13   -1.525138156873E-20   -2.017641324842E-13    2.259469518027E-13    2.767234798412E-06
   28.184422110552767     
    7.496233982388E-06   -4.600074043117E-14    7.409529830113E-07   -3.768990425315E-07    2.995939051225E-13
   -4.600074838852E-14    2.666655290081E-06   -7.648883112861E-14    1.875014524645E-13   -2.274713225645E-20
    7.409529830113E-07   -7.648882351994E-14    1.633089408707E-06    3.029286967560E-06   -2.853006227808E-13
   -3.768990425315E-07    1.875014251892E-13    3.029286967560E-06    6.047520945314E-06    2.508729171771E-13
    2.995939457241E-13   -2.274713383608E-20   -2.853006292139E-13    2.508729292760E-13    2.666655290081E-06
   28.435175879396986     
    7.165822146788E-06   -8.727445520993E-15    7.099765106579E-07   -3.609989124313E-07    3.246883278984E-13
   -8.727473909642E-15    2.570599353283E-06   -9.765944425935E-14    1.962124369259E-13   -3.281135556512E-20
    7.099765106579E-07   -9.765944996096E-14    1.560583159839E-06    2.895087669920E-06   -3.746870530617E-13
   -3.609989124313E-07    1.962124253448E-13    2.895087669920E-06    5.782298045202E-06    2.764733886969E-13
    3.246883388008E-13   -3.281135656856E-20   -3.746870083009E-13    2.764733843105E-13    2.570599353283E-06
   28.685929648241206     
    6.852669409548E-06    3.531630133558E-14    6.805661977794E-07   -3.459114359959E-07    3.521240742852E-13
    3.531616736204E-14    2.478825361997E-06   -1.219744984246E-13    2.050070207164E-13   -4.706344909559E-20
    6.805661977794E-07   -1.219745013469E-13    1.491912473373E-06    2.767941139503E-06   -4.784035297641E-13
   -3.459114359959E-07    2.050069613812E-13    2.767941139503E-06    5.530858552429E-06    3.048376504303E-13
    3.521241190419E-13   -4.706345696482E-20   -4.784033566201E-13    3.048376542682E-13    2.478825361997E-06
   28.936683417085430     
    6.555737047040E-06    8.352954992950E-14    6.526294989156E-07   -3.315879868342E-07    3.799197636721E-13
    8.352963189142E-14    2.391106591983E-06   -1.480743406700E-13    2.134650631161E-13   -6.576745840773E-20
    6.526294989155E-07   -1.480743257929E-13    1.426842560779E-06    2.647419866137E-06   -5.898956076977E-13
   -3.315879868343E-07    2.134650535513E-13    2.647419866137E-06    5.292377509458E-06    3.341935203125E-13
    3.799198081003E-13   -6.576745634507E-20   -5.898957445739E-13    3.341935409299E-13    2.391106591983E-06
   29.187437185929650     
    6.274056893606E-06    1.381099886810E-13    6.260800975964E-07   -3.179832586492E-07    4.093950213617E-13
    1.381100683383E-13    2.307230176510E-06   -1.770582189367E-13    2.217923195269E-13   -9.083488666743E-20
    6.260800975965E-07   -1.770582112808E-13    1.365154915192E-06    2.533125619597E-06   -7.144774842899E-13
   -3.179832586492E-07    2.217923485892E-13    2.533125619597E-06    5.066085647529E-06    3.658112557666E-13
    4.093950027271E-13   -9.083488147311E-20   -7.144775928713E-13    3.658112558342E-13    2.307230176509E-06
   29.438190954773873     
    6.006726016468E-06    1.982030288038E-13    6.008374496284E-07   -3.050550173506E-07    4.397254526210E-13
    1.982030693239E-13    2.226996152666E-06   -2.084496160756E-13    2.297694652225E-13   -1.233470941335E-19
    6.008374496284E-07   -2.084496038516E-13    1.306646055058E-06    2.424687218623E-06   -8.498422802740E-13
   -3.050550173506E-07    2.297694686100E-13    2.424687218623E-06    4.851265217153E-06    3.989828987236E-13
    4.397254586910E-13   -1.233470935132E-19   -8.498423479654E-13    3.989829062779E-13    2.226996152666E-06
   29.688944723618089     
    5.752901831966E-06    2.640704177955E-13    5.768263437841E-07   -2.927638638571E-07    4.708958358462E-13
    2.640704524667E-13    2.150216574449E-06   -2.423495852790E-13    2.373387782368E-13   -1.650194370628E-19
    5.768263437840E-07   -2.423495855512E-13    1.251126370662E-06    2.321758487490E-06   -9.965042979574E-13
   -2.927638638572E-07    2.373387903625E-13    2.321758487490E-06    4.647246155256E-06    4.337422896924E-13
    4.708958296713E-13   -1.650194332598E-19   -9.965043394703E-13    4.337422860722E-13    2.150216574449E-06
   29.939698492462309     
    5.511797622874E-06    3.369784349067E-13    5.539765068207E-07   -2.810730208559E-07    5.036012762063E-13
    3.369784191810E-13    2.076714696345E-06   -2.793946827978E-13    2.446008010482E-13   -2.186754850063E-19
    5.539765068208E-07   -2.793946646775E-13    1.198419069619E-06    2.224016381854E-06   -1.157548217316E-12
   -2.810730208558E-07    2.446008033364E-13    2.224016381854E-06    4.453402567041E-06    4.707989765356E-13
    5.036012521109E-13   -2.186754991999E-19   -1.157548187745E-12    4.707989743276E-13    2.076714696344E-06
   30.190452261306532     
    5.282678421203E-06    4.171475495677E-13    5.322222428049E-07   -2.699481383049E-07    5.377284356023E-13
    4.171476010926E-13    2.006324218787E-06   -3.196573689109E-13    2.514642165796E-13   -2.870282914272E-19
    5.322222428049E-07   -3.196573731142E-13    1.148359211073E-06    2.131159268896E-06   -1.333331596381E-12
   -2.699481383049E-07    2.514642378155E-13    2.131159268896E-06    4.269149493073E-06    5.101100369803E-13
    5.377284141453E-13   -2.870282875163E-19   -1.333331634264E-12    5.101100178348E-13    2.006324218786E-06
   30.441206030150752     
    5.064857224068E-06    5.037282204051E-13    5.115021004016E-07   -2.593571143320E-07    5.724857205870E-13
    5.037281368659E-13    1.938888590532E-06   -3.626533887094E-13    2.577013495052E-13   -3.721529874616E-19
    5.115021004015E-07   -3.626533803990E-13    1.100792819807E-06    2.042905348004E-06   -1.521572157872E-12
   -2.593571143320E-07    2.577013095749E-13    2.042905348004E-06    4.093939935563E-06    5.509785666412E-13
    5.724857455220E-13   -3.721530125834E-19   -1.521572050719E-12    5.509785734365E-13    1.938888590531E-06
   30.691959798994976     
    4.857691513480E-06    5.968101973464E-13    4.917585614139E-07   -2.492699280251E-07    6.077309806461E-13
    5.968101060652E-13    1.874260360511E-06   -4.083939091065E-13    2.632223658700E-13   -4.771099549954E-19
    4.917585614138E-07   -4.083939102040E-13    1.055576072188E-06    1.958991199729E-06   -1.722352452058E-12
   -2.492699280251E-07    2.632223263888E-13    1.958991199729E-06    3.927262120080E-06    5.933166255856E-13
    6.077310122089E-13   -4.771099725994E-19   -1.722352343082E-12    5.933166344855E-13    1.874260360509E-06
   30.942713567839196     
    4.660580053340E-06    6.977587043789E-13    4.729377581523E-07   -2.396584877680E-07    6.442638615278E-13
    6.977587497796E-13    1.812300579200E-06   -4.575880164691E-13    2.681696535525E-13   -6.072188682768E-19
    4.729377581524E-07   -4.575880209021E-13    1.012574549382E-06    1.879170451271E-06   -1.939110569315E-12
   -2.396584877679E-07    2.681696573730E-13    1.879170451271E-06    3.768636974991E-06    6.379439946649E-13
    6.442638805299E-13   -6.072188457816E-19   -1.939110647235E-12    6.379440030964E-13    1.812300579198E-06
   31.193467336683415     
    4.472959939628E-06    8.062234534917E-13    4.549892186680E-07   -2.304964945238E-07    6.815870387094E-13
    8.062235223850E-13    1.752878245439E-06   -5.100026969161E-13    2.723590288821E-13   -7.663963783626E-19
    4.549892186678E-07   -5.100027013771E-13    9.716625522557E-07    1.803212548307E-06   -2.170761963646E-12
   -2.304964945239E-07    2.723590258065E-13    1.803212548307E-06    3.617615810346E-06    6.844412544255E-13
    6.815870573902E-13   -7.663963766796E-19   -2.170762017852E-12    6.844412360333E-13    1.752878245436E-06
   31.444221105527639     
    4.294303882251E-06    9.230483546245E-13    4.378656220177E-07   -2.217593110336E-07    7.200636654027E-13
    9.230483217021E-13    1.695869790316E-06   -5.660473810334E-13    2.758059426245E-13   -9.610041445202E-19
    4.378656220177E-07   -5.660473980457E-13    9.327224692340E-07    1.730901624441E-06   -2.419342437142E-12
   -2.217593110336E-07    2.758059295855E-13    1.730901624441E-06    3.473778174863E-06    7.332202197776E-13
    7.200636855277E-13   -9.610041299826E-19   -2.419342395994E-12    7.332202193556E-13    1.695869790312E-06
   31.694974874371859     
    4.124117698497E-06    1.047256712894E-12    4.215225826709E-07   -2.134238463966E-07    7.588586592697E-13
    1.047256693173E-12    1.641158601478E-06   -6.251746628967E-13    2.782728262554E-13   -1.195030557765E-18
    4.215225826709E-07   -6.251746614293E-13    8.956441966817E-07    1.662035459151E-06   -2.682265997910E-12
   -2.134238463966E-07    2.782728141974E-13    1.662035459151E-06    3.336729881600E-06    7.835159243416E-13
    7.588586722404E-13   -1.195030564175E-18   -2.682265980449E-12    7.835159306557E-13    1.641158601474E-06
   31.945728643216082     
    3.961938000422E-06    1.179331983034E-12    4.059184409246E-07   -2.054684443878E-07    7.980706662792E-13
    1.179331990666E-12    1.588634577977E-06   -6.875961475265E-13    2.797071844438E-13   -1.475441708957E-18
    4.059184409246E-07   -6.875961546514E-13    8.603246029124E-07    1.596424517421E-06   -2.960607234905E-12
   -2.054684443878E-07    2.797071779108E-13    1.596424517421E-06    3.206101182182E-06    8.354780198109E-13
    7.980706894609E-13   -1.475441680733E-18   -2.960607264633E-12    8.354780303704E-13    1.588634577971E-06
   32.196482412060305     
    3.807330059643E-06    1.319236236311E-12    3.910140786928E-07   -1.978727851078E-07    8.375674141120E-13
    1.319236279654E-12    1.538193719963E-06   -7.532792055981E-13    2.800443682355E-13   -1.809175006685E-18
    3.910140786928E-07   -7.532791931096E-13    8.266670361930E-07    1.533891063373E-06   -3.254270699512E-12
   -1.978727851078E-07    2.800443678428E-13    1.533891063373E-06    3.081545082967E-06    8.890174514344E-13
    8.375674215856E-13   -1.809175014068E-18   -3.254270761764E-12    8.890174551636E-13    1.538193719956E-06
   32.447236180904518     
    3.659885834912E-06    1.468275971007E-12    3.767727414706E-07   -1.906177903165E-07    8.780189027529E-13
    1.468275937452E-12    1.489737744149E-06   -8.228877206252E-13    2.793715363004E-13   -2.207694758198E-18
    3.767727414706E-07   -8.228877191824E-13    7.945808694487E-07    1.474268342315E-06   -3.566512673455E-12
   -1.906177903165E-07    2.793715153581E-13    1.474268342315E-06    2.962735786403E-06    9.448541190779E-13
    8.780189288531E-13   -2.207694761969E-18   -3.566512653947E-12    9.448541347560E-13    1.489737744140E-06
   32.697989949748745     
    3.519222148716E-06    1.624822103404E-12    3.631598863807E-07   -1.836855423214E-07    9.181221508974E-13
    1.624822136848E-12    1.443173731084E-06   -8.954973795415E-13    2.773103494944E-13   -2.675176187421E-18
    3.631598863807E-07   -8.954973640922E-13    7.639810828152E-07    1.417399824706E-06   -3.892972219122E-12
   -1.836855423214E-07    2.773103565067E-13    1.417399824706E-06    2.849367253199E-06    1.001740301255E-12
    9.181221405076E-13   -2.675176215775E-18   -3.892972257705E-12    1.001740298328E-12    1.443173731073E-06
   32.948743718592965     
    3.384979001071E-06    1.789965257852E-12    3.501430229701E-07   -1.770591997289E-07    9.585116084636E-13
    1.789965299677E-12    1.398413790182E-06   -9.716871593674E-13    2.739753124894E-13   -3.224730363161E-18
    3.501430229701E-07   -9.716871642887E-13    7.347878742328E-07    1.363138508030E-06   -4.236497434760E-12
   -1.770591997289E-07    2.739753338393E-13    1.363138508030E-06    2.741151866460E-06    1.060346978755E-12
    9.585115953983E-13   -3.224730314665E-18   -4.236497488965E-12    1.060346973456E-12    1.398413790169E-06
   33.199497487437185     
    3.256818008807E-06    1.963693112193E-12    3.376915824987E-07   -1.707229278612E-07    9.990263613173E-13
    1.963693082046E-12    1.355374753453E-06   -1.051419795817E-12    2.692701859863E-13   -3.867375920064E-18
    3.376915824986E-07   -1.051419795195E-12    7.069263032575E-07    1.311346270565E-06   -4.597001534625E-12
   -1.707229278612E-07    2.692701809861E-13    1.311346270565E-06    2.637819199583E-06    1.120557716690E-12
    9.990263577024E-13   -3.867375944778E-18   -4.597001494083E-12    1.120557718864E-12    1.355374753437E-06
   33.450251256281405     
    3.134420960500E-06    2.146012784941E-12    3.257767888492E-07   -1.646618303712E-07    1.039549567659E-12
    2.146012804036E-12    1.313977887650E-06   -1.134682110660E-12    2.631230047201E-13   -4.615371899746E-18
    3.257767888492E-07   -1.134682120576E-12    6.803259600451E-07    1.261893273643E-06   -4.974488324491E-12
   -1.646618303712E-07    2.631229980844E-13    1.261893273643E-06    2.539114872545E-06    1.182293587571E-12
    1.039549587869E-12   -4.615371861196E-18   -4.974488343366E-12    1.182293582299E-12    1.313977887631E-06
   33.701005025125625     
    3.017488477593E-06    2.336820078558E-12    3.143715406336E-07   -1.588618868038E-07    1.079835548962E-12
    2.336820072790E-12    1.274148626341E-06   -1.221375366477E-12    2.554039349921E-13   -5.481320020947E-18
    3.143715406337E-07   -1.221375366400E-12    6.549206595405E-07    1.214657408131E-06   -5.368582938185E-12
   -1.588618868038E-07    2.554039485547E-13    1.214657408131E-06    2.444799492243E-06    1.245346885062E-12
    1.079835526641E-12   -5.481320020570E-18   -5.368582928827E-12    1.245346883232E-12    1.274148626318E-06
   33.951758793969852     
    2.905738773256E-06    2.535273247458E-12    3.034503029057E-07   -1.533098952715E-07    1.119140408376E-12
    2.535273230312E-12    1.235816320469E-06   -1.310991462542E-12    2.458512449873E-13   -6.474464757992E-18
    3.034503029057E-07   -1.310991461249E-12    6.306481586451E-07    1.169523781593E-06   -5.776951951318E-12
   -1.533098952715E-07    2.458512525792E-13    1.169523781593E-06    2.354647670072E-06    1.308997772823E-12
    1.119140392219E-12   -6.474464765372E-18   -5.776951933502E-12    1.308997774877E-12    1.235816320441E-06
   34.202512562814071     
    2.798906501243E-06    2.742649945285E-12    2.929890007631E-07   -1.479934163620E-07    1.158324505134E-12
    2.742649905299E-12    1.198914003653E-06   -1.404247536400E-12    2.346721409771E-13   -7.617461890387E-18
    2.929890007630E-07   -1.404247543631E-12    6.074498929537E-07    1.126384243074E-06   -6.203119854622E-12
   -1.479934163620E-07    2.346721371334E-13    1.126384243074E-06    2.268447108587E-06    1.374144702783E-12
    1.158324498229E-12   -7.617461919650E-18   -6.203119786468E-12    1.374144695318E-12    1.198914003621E-06
   34.453266331658291     
    2.696741687484E-06    2.958276595370E-12    2.829649319818E-07   -1.429007268152E-07    1.196796588711E-12
    2.958276582051E-12    1.163378176630E-06   -1.500736617548E-12    2.216535228577E-13   -8.923153547712E-18
    2.829649319818E-07   -1.500736621446E-12    5.852707353644E-07    1.085136942007E-06   -6.645242944553E-12
   -1.429007268152E-07    2.216535172425E-13    1.085136942007E-06    2.185997756806E-06    1.440213229152E-12
    1.196796595200E-12   -8.923153543205E-18   -6.645242926341E-12    1.440213229135E-12    1.163378176592E-06
   34.704020100502511     
    2.599008738160E-06    3.181825277849E-12    2.733566759663E-07   -1.380207715906E-07    1.234229172993E-12
    3.181825209666E-12    1.129148602944E-06   -1.600250399384E-12    2.066574495064E-13   -1.040680936179E-17
    2.733566759663E-07   -1.600250406254E-12    5.640587700316E-07    1.045685919169E-06   -7.102421727984E-12
   -1.380207715906E-07    2.066574225656E-13    1.045685919169E-06    2.107111022748E-06    1.506890203671E-12
    1.234229191561E-12   -1.040680942674E-17   -7.102421634444E-12    1.506890206032E-12    1.129148602898E-06
   34.954773869346731     
    2.505485518176E-06    3.413621186902E-12    2.641440115534E-07   -1.333431205736E-07    1.270825392832E-12
    3.413621191032E-12    1.096168118539E-06   -1.702971454770E-12    1.897130665430E-13   -1.209017156294E-17
    2.641440115533E-07   -1.702971465562E-12    5.437650832037E-07    1.007940726808E-06   -7.575633897428E-12
   -1.333431205737E-07    1.897130707815E-13    1.007940726808E-06    2.031609042259E-06    1.574400326036E-12
    1.270825394178E-12   -1.209017149110E-17   -7.575633896945E-12    1.574400320700E-12    1.096168118486E-06
   35.205527638190958     
    2.415962494540E-06    3.652806510044E-12    2.553078448392E-07   -1.288579304805E-07    1.305888013183E-12
    3.652806501515E-12    1.064382455251E-06   -1.808381777226E-12    1.705710626032E-13   -1.398588484516E-17
    2.553078448392E-07   -1.808381781585E-12    5.243435700415E-07    9.718160756251E-07   -8.062518221069E-12
   -1.288579304804E-07    1.705710515171E-13    9.718160756251E-07    1.959324000348E-06    1.642038910554E-12
    1.305888015296E-12   -1.398588495371E-17   -8.062518165975E-12    1.642038888934E-12    1.064382455189E-06
   35.456281407035178     
    2.330241939848E-06    3.899856393430E-12    2.468301341830E-07   -1.245559055297E-07    1.339694982297E-12
    3.899856382666E-12    1.033740072976E-06   -1.916737971313E-12    1.492686418043E-13   -1.611923745777E-17
    2.468301341830E-07   -1.916737966211E-12    5.057507534167E-07    9.372315068755E-07   -8.564408936716E-12
   -1.245559055297E-07    1.492686414062E-13    9.372315068755E-07    1.890097497546E-06    1.710105548876E-12
    1.339694981753E-12   -1.611923746521E-17   -8.564408938928E-12    1.710105557781E-12    1.033740072904E-06
   35.707035175879398     
    2.248137191044E-06    4.154092245998E-12    2.386938295072E-07   -1.204282654089E-07    1.371761335060E-12
    4.154092291831E-12    1.004192005846E-06   -2.027642741795E-12    1.256355677718E-13   -1.850599143000E-17
    2.386938295073E-07   -2.027642738254E-12    4.879456175882E-07    9.041110871522E-07   -9.079534366679E-12
   -1.204282654088E-07    1.256355860360E-13    9.041110871522E-07    1.823779962765E-06    1.778096776711E-12
    1.371761319761E-12   -1.850599139081E-17   -9.079534420614E-12    1.778096770027E-12    1.004192005763E-06
   35.957788944723617     
    2.169471959507E-06    4.415409797269E-12    2.308828079154E-07   -1.164667115543E-07    1.401993841574E-12
    4.415409845592E-12    9.756917152543E-07   -2.141029474067E-12    9.961254466754E-14   -2.116801866311E-17
    2.308828079154E-07   -2.141029469121E-12    4.708894518059E-07    8.723831246536E-07   -9.607674237974E-12
   -1.164667115542E-07    9.961256483638E-14    8.723831246536E-07    1.760230104220E-06    1.845915517883E-12
    1.401993831571E-12   -2.116801853420E-17   -9.607674321921E-12    1.845915523748E-12    9.756917151591E-07
   36.208542713567837     
    2.094079688413E-06    4.683625862360E-12    2.233818183235E-07   -1.126633980578E-07    1.430260292953E-12
    4.683625838856E-12    9.481949539670E-07   -2.256783207657E-12    7.112724862677E-14   -2.412734714900E-17
    2.233818183236E-07   -2.256783199913E-12    4.545457058541E-07    8.419799048963E-07   -1.014840763459E-11
   -1.126633980578E-07    7.112724679238E-14    8.419799048963E-07    1.699314399223E-06    1.913418387946E-12
    1.430260285987E-12   -2.412734724104E-17   -1.014840761377E-11    1.913418395612E-12    9.481949538579E-07
   36.459296482412064     
    2.021802953960E-06    4.958636207001E-12    2.161764281792E-07   -1.090109037386E-07    1.456547535179E-12
    4.958636202197E-12    9.216596381070E-07   -2.374857533282E-12    4.016513037422E-14   -2.740866092015E-17
    2.161764281792E-07   -2.374857525756E-12    4.388798552316E-07    8.128374446190E-07   -1.070161855084E-11
   -1.090109037386E-07    4.016513152073E-14    8.128374446190E-07    1.640906618105E-06    1.980579072840E-12
    1.456547533448E-12   -2.740866093216E-17   -1.070161856509E-11    1.980579084460E-12    9.216596379823E-07
   36.710050251256284     
    1.952492907110E-06    5.239673162449E-12    2.092529752042E-07   -1.055022068344E-07    1.480310061211E-12
    5.239673166590E-12    8.960457274919E-07   -2.494791083849E-12    6.525192122459E-15   -3.102685788943E-17
    2.092529752042E-07   -2.494791082085E-12    4.238592759600E-07    7.848952624297E-07   -1.126523551912E-11
   -1.055022068344E-07    6.525189207641E-15    7.848952624297E-07    1.584887380638E-06    2.046808793607E-12
    1.480310076543E-12   -3.102685774530E-17   -1.126523556093E-11    2.046808812245E-12    8.960457273500E-07
   36.960804020100504     
    1.886008752933E-06    5.526388905805E-12    2.025985197427E-07   -1.021306600921E-07    1.501311308388E-12
    5.526388904221E-12    8.713151127251E-07   -2.616368391772E-12   -2.989990262731E-14   -3.500193883223E-17
    2.025985197428E-07   -2.616368386773E-12    4.094531273171E-07    7.580961650416E-07   -1.183835624407E-11
   -1.021306600921E-07   -2.989991245474E-14    7.580961650416E-07    1.531143741419E-06    2.111838078427E-12
    1.501311312637E-12   -3.500193900239E-17   -1.183835622511E-11    2.111838071714E-12    8.713151125642E-07
   37.211557788944724     
    1.822217264765E-06    5.818751642336E-12    1.962008016138E-07   -9.888996819807E-08    1.519674155095E-12
    5.818751643634E-12    8.474315094887E-07   -2.739605274010E-12   -6.906318241964E-14   -3.936107467014E-17
    1.962008016139E-07   -2.739605259263E-12    3.956322428376E-07    7.323860478524E-07   -1.242115844816E-11
   -9.888996819802E-08   -6.906318224905E-14    7.323860478524E-07    1.479568803264E-06    2.175763494548E-12
    1.519674148327E-12   -3.936107483598E-17   -1.242115846014E-11    2.175763502154E-12    8.474315093068E-07
   37.462311557788944     
    1.760992330589E-06    6.116510639582E-12    1.900482008629E-07   -9.577416724358E-08    1.535235377199E-12
    6.116510651990E-12    8.243603596115E-07   -2.864341178802E-12   -1.110515819045E-13   -4.412704163602E-17
    1.900482008629E-07   -2.864341186317E-12    3.823690289486E-07    7.077137088391E-07   -1.301300925136E-11
   -9.577416724358E-08   -1.110515645784E-13    7.077137088391E-07    1.430061356401E-06    2.238389138062E-12
    1.535235360246E-12   -4.412704149155E-17   -1.301300926025E-11    2.238389130326E-12    8.243603594066E-07
   37.713065326633171     
    1.702214529385E-06    6.418857369587E-12    1.841297011899E-07   -9.277760559301E-08    1.547567210332E-12
    6.418857348454E-12    8.020687385042E-07   -2.990125862337E-12   -1.559937059418E-13   -4.931271665639E-17
    1.841297011900E-07   -2.990125854010E-12    3.696373703674E-07    6.840306747729E-07   -1.361187080527E-11
   -9.277760559299E-08   -1.559937142926E-13    6.840306747729E-07    1.382525541490E-06    2.299212591847E-12
    1.547567215629E-12   -4.931271676520E-17   -1.361187079605E-11    2.299212605092E-12    8.020687382742E-07
   37.963819095477383     
    1.645770735275E-06    6.725203029687E-12    1.784348530537E-07   -8.989492466975E-08    1.556340327068E-12
    6.725203040670E-12    7.805252667973E-07   -3.116612815686E-12   -2.040127671318E-13   -5.493200743051E-17
    1.784348530537E-07   -3.116612809513E-12    3.574125412088E-07    6.612910390059E-07   -1.421622278337E-11
   -8.989492466975E-08   -2.040127657650E-13    6.612910390059E-07    1.336870533786E-06    2.357838234637E-12
    1.556340336236E-12   -5.493200725047E-17   -1.421622283951E-11    2.357838255423E-12    7.805252665398E-07
   38.214572864321610     
    1.591553747447E-06    7.035329132832E-12    1.729537406638E-07   -8.712104174100E-08    1.561500655743E-12
    7.035329119223E-12    7.597000280501E-07   -3.243679626103E-12   -2.551406236107E-13   -6.100572035712E-17
    1.729537406639E-07   -3.243679632359E-12    3.456711222859E-07    6.394513098258E-07   -1.482560009654E-11
   -8.712104174099E-08   -2.551406164400E-13    6.394513098258E-07    1.293010248267E-06    2.414160625459E-12
    1.561500641478E-12   -6.100572036943E-17   -1.482560006290E-11    2.414160617148E-12    7.597000277628E-07
   38.465326633165830     
    1.539461944043E-06    7.348920703029E-12    1.676769522678E-07   -8.445113440413E-08    1.563013723682E-12
    7.348920722867E-12    7.395644918090E-07   -3.371176239235E-12   -3.093753432438E-13   -6.755361429373E-17
    1.676769522676E-07   -3.371176252159E-12    3.343909241240E-07    6.184702686555E-07   -1.543939337246E-11
   -8.445113440421E-08   -3.093753375431E-13    6.184702686555E-07    1.250863064129E-06    2.468085775058E-12
    1.563013729222E-12   -6.755361396818E-17   -1.543939339380E-11    2.468085767890E-12    7.395644914893E-07
   38.716080402010050     
    1.489398958301E-06    7.665128967045E-12    1.625955518262E-07   -8.188062582433E-08    1.560390628855E-12
    7.665128976508E-12    7.200914407623E-07   -3.498597579993E-12   -3.668906799603E-13   -7.457847498015E-17
    1.625955518263E-07   -3.498597582259E-12    3.235509149001E-07    5.983088374543E-07   -1.605532601624E-11
   -8.188062582431E-08   -3.668906820567E-13    5.983088374543E-07    1.210351566746E-06    2.519024516722E-12
    1.560390628921E-12   -7.457847508296E-17   -1.605532600405E-11    2.519024503231E-12    7.200914404078E-07
   38.966834170854270     
    1.441273375457E-06    7.983718193930E-12    1.577010502580E-07   -7.940516980029E-08    1.553696018663E-12
    7.983718172579E-12    7.012549017049E-07   -3.625848004816E-12   -4.276436402121E-13   -8.209874900023E-17
    1.577010502580E-07   -3.625848003625E-12    3.131311524870E-07    5.789299546864E-07   -1.667304707569E-11
   -7.940516980028E-08   -4.276436346886E-13    5.789299546864E-07    1.171402305465E-06    2.566975188069E-12
    1.553696001719E-12   -8.209874917383E-17   -1.667304703858E-11    2.566975185392E-12    7.012549013128E-07
   39.217587939698490     
    1.394998448836E-06    8.304023391260E-12    1.529853820833E-07   -7.702063857597E-08    1.542581842448E-12
    8.304023408724E-12    6.830300815959E-07   -3.752533796219E-12   -4.917614565151E-13   -9.011680111599E-17
    1.529853820833E-07   -3.752533800689E-12    3.031127217723E-07    5.602984591388E-07   -1.729079613239E-11
   -7.702063857599E-08   -4.917614269286E-13    5.602984591388E-07    1.133945567717E-06    2.611495054492E-12
    1.542581812524E-12   -9.011680081529E-17   -1.729079616005E-11    2.611495051851E-12    6.830300811635E-07
   39.468341708542717     
    1.350491833945E-06    8.625535754426E-12    1.484408805516E-07   -7.472310992925E-08    1.526923248597E-12
    8.625535765969E-12    6.653933063385E-07   -3.878386972633E-12   -5.592667288447E-13   -9.863827240213E-17
    1.484408805516E-07   -3.878386968720E-12    2.934776752310E-07    5.423809811751E-07   -1.790740914934E-11
   -7.472310992921E-08   -5.592667255325E-13    5.423809811751E-07    1.097915166540E-06    2.652363503784E-12
    1.526923247168E-12   -9.863827238340E-17   -1.790740917175E-11    2.652363506845E-12    6.653933058631E-07
   39.719095477386936     
    1.307675339212E-06    8.947298150537E-12    1.440602563372E-07   -7.250885608496E-08    1.506219484671E-12
    8.947298140627E-12    6.483219636665E-07   -4.002844674969E-12   -6.303271138874E-13   -1.076486794433E-16
    1.440602563372E-07   -4.002844657274E-12    2.842089778010E-07    5.251458408163E-07   -1.852031876471E-11
   -7.250885608496E-08   -6.303271356339E-13    5.251458408163E-07    1.063248241923E-06    2.688948318444E-12
    1.506219502593E-12   -1.076486799500E-16   -1.852031876292E-11    2.688948330297E-12    6.483219631453E-07
   39.969849246231156     
    1.266474692295E-06    9.268534758716E-12    1.398365761121E-07   -7.037433259689E-08    1.480228606532E-12
    9.268534766949E-12    6.317944491625E-07   -4.125492834072E-12   -7.049873032404E-13   -1.171362900741E-16
    1.398365761121E-07   -4.125492827647E-12    2.752904548612E-07    5.085629522314E-07   -1.912765366875E-11
   -7.037433259689E-08   -7.049872865464E-13    5.085629522314E-07    1.029885074107E-06    2.720877435278E-12
    1.480228586140E-12   -1.171362900647E-16   -1.912765369164E-11    2.720877440247E-12    6.317944485928E-07
   40.220603015075376     
    1.226819320892E-06    9.589696271028E-12    1.357632406698E-07   -6.831616704579E-08    1.449441667318E-12
    9.589696248641E-12    6.157901141850E-07   -4.246626216202E-12   -7.830828118475E-13   -1.271291947939E-16
    1.357632406697E-07   -4.246626228045E-12    2.667067430783E-07    4.926037342499E-07   -1.973091095529E-11
   -6.831616704583E-08   -7.830828319946E-13    4.926037342499E-07    9.977689078476E-07    2.748618435705E-12
    1.449441689380E-12   -1.271291947868E-16   -1.973091090720E-11    2.748618428317E-12    6.157901135639E-07
   40.471356783919596     
    1.188642147012E-06    9.909133127100E-12    1.318339724986E-07   -6.633115246713E-08    1.412966692246E-12
    9.909133130579E-12    6.002892200314E-07   -4.365274142202E-12   -8.648939567317E-13   -1.375739282710E-16
    1.318339724986E-07   -4.365274148010E-12    2.584432462661E-07    4.772410261884E-07   -2.032559044688E-11
   -6.633115246711E-08   -8.648939547400E-13    4.772410261884E-07    9.668457899580E-07    2.771068764632E-12
    1.412966684687E-12   -1.375739284228E-16   -2.032559041814E-11    2.771068746317E-12    6.002892193561E-07
   40.722110552763823     
    1.151879393923E-06    1.022645258761E-11    1.280427929479E-07   -6.441623562796E-08    1.370786020052E-12
    1.022645256619E-11    5.852728906387E-07   -4.481236225601E-12   -9.504051333382E-13   -1.484583866984E-16
    1.280427929479E-07   -4.481236224130E-12    2.504860912807E-07    4.624490091553E-07   -2.091081991210E-11
   -6.441623562797E-08   -9.504051179968E-13    4.624490091553E-07    9.370644133728E-07    2.788102642598E-12
    1.370785994424E-12   -1.484583867714E-16   -2.091081988918E-11    2.788102646348E-12    5.852728899067E-07
   40.972864321608043     
    1.116470404824E-06    1.054154382215E-11    1.243840071981E-07   -6.256850921381E-08    1.323160560278E-12
    1.054154383806E-11    5.707230699847E-07   -4.594511116985E-12   -1.039481998884E-12   -1.597825777285E-16
    1.243840071982E-07   -4.594511118654E-12    2.428220881844E-07    4.482031320058E-07   -2.148667882544E-11
   -6.256850921379E-08   -1.039481998089E-12    4.482031320058E-07    9.083759726453E-07    2.799897679238E-12
    1.323160564785E-12   -1.597825775647E-16   -2.148667884629E-11    2.799897677091E-12    5.707230691932E-07
   41.223618090452263     
    1.082357472458E-06    1.085321334774E-11    1.208521918906E-07   -6.078520536784E-08    1.269505410503E-12
    1.085321338802E-11    5.566224827763E-07   -4.704395794315E-12   -1.132307893112E-12   -1.714904559025E-16
    1.208521918906E-07   -4.704395796785E-12    2.354386933130E-07    4.344800417635E-07   -2.204991129939E-11
   -6.078520536783E-08   -1.132307885949E-12    4.344800417635E-07    8.807340286369E-07    2.805681647926E-12
    1.269505415993E-12   -1.714904554316E-16   -2.204991135902E-11    2.805681645602E-12    5.566224819228E-07
   41.474371859296483     
    1.049485679049E-06    1.116074710515E-11    1.174421778057E-07   -5.906368678116E-08    1.209608858564E-12
    1.116074710436E-11    5.429545950811E-07   -4.810488547674E-12   -1.228931437562E-12   -1.835401893572E-16
    1.174421778057E-07   -4.810488550623E-12    2.283239731638E-07    4.212575183838E-07   -2.259870330374E-11
   -5.906368678116E-08   -1.228931429452E-12    4.212575183838E-07    8.540943796671E-07    2.805092651475E-12
    1.209608848491E-12   -1.835401892730E-16   -2.259870329802E-11    2.805092647769E-12    5.429545941634E-07
   41.725125628140702     
    1.017802745774E-06    1.146317759566E-11    1.141490376691E-07   -5.740144035948E-08    1.143082182262E-12
    1.146317759075E-11    5.297035786451E-07   -4.912230190155E-12   -1.329461978420E-12   -1.958696096521E-16
    1.141490376690E-07   -4.912230185480E-12    2.214665714934E-07    4.085144133419E-07   -2.313047047226E-11
   -5.740144035950E-08   -1.329461970195E-12    4.085144133419E-07    8.284149415535E-07    2.797561660318E-12
    1.143082169496E-12   -1.958696097551E-16   -2.313047047389E-11    2.797561665150E-12    5.297035776611E-07
   41.975879396984922     
    9.872588912265E-07    1.176088236397E-11    1.109680706006E-07   -5.579606923563E-08    1.070570268312E-12
    1.176088238441E-11    5.168542756845E-07   -5.009932757106E-12   -1.433616915617E-12   -2.084858241911E-16
    1.109680706006E-07   -5.009932760505E-12    2.148556773678E-07    3.962305919853E-07   -2.364675638859E-11
   -5.579606923563E-08   -1.433616903683E-12    3.962305919853E-07    8.036556335458E-07    2.783689540186E-12
    1.070570261129E-12   -2.084858238228E-16   -2.364675641629E-11    2.783689536056E-12    5.168542746321E-07
   42.226633165829142     
    9.578066981714E-07    1.205214236244E-11    1.078947963872E-07   -5.424528969311E-08    9.911722114209E-13
    1.205214232634E-11    5.043921688450E-07   -5.102562031912E-12   -1.541686505988E-12   -2.212737838806E-16
    1.078947963871E-07   -5.102562031066E-12    2.084809973727E-07    3.843868791042E-07   -2.414273123798E-11
   -5.424528969313E-08   -1.541686515296E-12    3.843868791042E-07    7.797782736551E-07    2.762308462178E-12
    9.911722060120E-13   -2.212737846236E-16   -2.414273116505E-11    2.762308455046E-12    5.043921677225E-07
   42.477386934673369     
    9.294009882320E-07    1.233611300923E-11    1.049249388468E-07   -5.274692267170E-08    9.046339733804E-13
    1.233611300747E-11    4.923033486383E-07   -5.189641541791E-12   -1.653722337709E-12   -2.341561719798E-16
    1.049249388468E-07   -5.189641540530E-12    2.023327266470E-07    3.729650079818E-07   -2.461618866384E-11
   -5.274692267170E-08   -1.653722335873E-12    3.729650079818E-07    7.567464767439E-07    2.732980526911E-12
    9.046339736029E-13   -2.341561718276E-16   -2.461618867559E-11    2.732980534159E-12    4.923033474446E-07
   42.728140703517589     
    9.019987038745E-07    1.261325638496E-11    1.020544143379E-07   -5.129888784970E-08    8.116785289860E-13
    1.261325637093E-11    4.805744841192E-07   -5.271541355352E-12   -1.769405072284E-12   -2.471331446965E-16
    1.020544143379E-07   -5.271541349478E-12    1.964015226658E-07    3.619475723347E-07   -2.506893348116E-11
   -5.129888784970E-08   -1.769405084772E-12    3.619475723347E-07    7.345255598119E-07    2.696392958537E-12
    8.116785406632E-13   -2.471331449703E-16   -2.506893347452E-11    2.696392968255E-12    4.805744828530E-07
   42.978894472361809     
    8.755587971790E-07    1.288172664610E-11    9.927932844437E-08   -4.989920181289E-08    7.113287320394E-13
    1.288172663727E-11    4.691927980236E-07   -5.347136907958E-12   -1.889055963228E-12   -2.600530693972E-16
    9.927932844437E-08   -5.347136911528E-12    1.906784824842E-07    3.513179808885E-07   -2.549569316495E-11
   -4.989920181289E-08   -1.889055968451E-12    3.513179808885E-07    7.130824550312E-07    2.651265535624E-12
    7.113287345927E-13   -2.600530695429E-16   -2.549569313901E-11    2.651265529333E-12    4.691927966844E-07
   43.229648241206029     
    8.500421251697E-07    1.314165472330E-11    9.659595866507E-08   -4.854596926443E-08    6.040662382041E-13
    1.314165478437E-11    4.581460378232E-07   -5.416584184719E-12   -2.012442864815E-12   -2.728854702446E-16
    9.659595866505E-08   -5.416584182842E-12    1.851551177002E-07    3.410604149152E-07   -2.589724013827E-11
   -4.854596926445E-08   -2.012442835741E-12    3.410604149152E-07    6.923856235210E-07    2.598002295066E-12
    6.040662211046E-13   -2.728854694044E-16   -2.589724023407E-11    2.598002292270E-12    4.581460364106E-07
   43.480402010050248     
    8.254113510380E-07    1.339131319133E-11    9.400075249560E-08   -4.723738191236E-08    4.890498814438E-13
    1.339131319117E-11    4.474224537743E-07   -5.478840928577E-12   -2.139828107616E-12   -2.854679379390E-16
    9.400075249559E-08   -5.478840927834E-12    1.798233345411E-07    3.311597878934E-07   -2.626868700244E-11
   -4.723738191237E-08   -2.139828110679E-12    3.311597878934E-07    6.724049784149E-07    2.535459289211E-12
    4.890498841588E-13   -2.854679380394E-16   -2.626868700004E-11    2.535459288825E-12    4.474224522886E-07
   43.731155778894475     
    8.016308511222E-07    1.363114600609E-11    9.149031169288E-08   -4.597171048775E-08    3.670030097300E-13
    1.363114602184E-11    4.370107728041E-07   -5.534272087781E-12   -2.270879847273E-12   -2.977846477856E-16
    9.149031169286E-08   -5.534272081908E-12    1.746754115437E-07    3.216017078000E-07   -2.661177270626E-11
   -4.597171048776E-08   -2.270879835200E-12    3.216017078000E-07    6.531118080845E-07    2.464319471019E-12
    3.670029942489E-13   -2.977846480021E-16   -2.661177272421E-11    2.464319467371E-12    4.370107712458E-07
   43.981909547738695     
    7.786666270561E-07    1.385938246231E-11    8.906139237799E-08   -4.474730465954E-08    2.370206465029E-13
    1.385938246570E-11    4.269001794846E-07   -5.581785485950E-12   -2.405898563348E-12   -3.096521493497E-16
    8.906139237801E-08   -5.581785484855E-12    1.697039823491E-07    3.123724412183E-07   -2.692137621942E-11
   -4.474730465953E-08   -2.405898572256E-12    3.123724412183E-07    6.344787082588E-07    2.383357275245E-12
    2.370206572005E-13   -3.096521494615E-16   -2.692137622141E-11    2.383357274346E-12    4.269001778552E-07
   44.232663316582915     
    7.564862230071E-07    1.407601520478E-11    8.671089022401E-08   -4.356258553018E-08    9.950940766043E-14
    1.407601519091E-11    4.170802922694E-07   -5.621453431825E-12   -2.544668803699E-12   -3.210144384188E-16
    8.671089022398E-08   -5.621453439672E-12    1.649020156407E-07    3.034588798121E-07   -2.719784395564E-11
   -4.356258553019E-08   -2.544668819313E-12    3.034588798121E-07    6.164795134451E-07    2.292879785671E-12
    9.950942167911E-14   -3.210144385968E-16   -2.719784391330E-11    2.292879775814E-12    4.170802905707E-07
   44.483417085427135     
    7.350586474758E-07    1.428026678150E-11    8.443583796540E-08   -4.241604427552E-08   -4.558982280931E-14
    1.428026680187E-11    4.075411453739E-07   -5.652875175947E-12   -2.687128123675E-12   -3.317589295437E-16
    8.443583796542E-08   -5.652875173822E-12    1.602627991800E-07    2.948485084369E-07   -2.743928529138E-11
   -4.241604427550E-08   -2.687128121864E-12    2.948485084369E-07    5.990892356943E-07    2.192627742432E-12
   -4.558981995559E-14   -3.317589293853E-16   -2.743928532127E-11    2.192627741348E-12    4.075411436081E-07
   44.734170854271355     
    7.143542994824E-07    1.447116537423E-11    8.223339787322E-08   -4.130623829136E-08   -1.986675045149E-13
    1.447116538127E-11    3.982731695641E-07   -5.675450076682E-12   -2.833398285248E-12   -3.417427754708E-16
    8.223339787322E-08   -5.675450082984E-12    1.557799234423E-07    2.865293751689E-07   -2.764288081947E-11
   -4.130623829136E-08   -2.833398279638E-12    2.865293751689E-07    5.822840051529E-07    2.081981002976E-12
   -1.986675026310E-13   -3.417427746827E-16   -2.764288084120E-11    2.081981006660E-12    3.982731677343E-07
   44.984924623115582     
    6.943448989091E-07    1.464781239382E-11    8.010085463400E-08   -4.023178753741E-08   -3.598603420065E-13
    1.464781238236E-11    3.892671739692E-07   -5.688695235876E-12   -2.983445820926E-12   -3.508348513847E-16
    8.010085463398E-08   -5.688695241876E-12    1.514472661096E-07    2.784900629815E-07   -2.780633952284E-11
   -4.023178753742E-08   -2.983445821492E-12    2.784900629815E-07    5.660410140089E-07    1.960578445042E-12
   -3.598603393710E-13   -3.508348509864E-16   -2.780633951286E-11    1.960578448181E-12    3.892671720792E-07
   45.235678391959802     
    6.750034206414E-07    1.481025108022E-11    7.803560805963E-08   -3.919137081612E-08   -5.287529254117E-13
    1.481025108800E-11    3.805143285401E-07   -5.692703138206E-12   -3.137054079197E-12   -3.589778390987E-16
    7.803560805963E-08   -5.692703137100E-12    1.472589773359E-07    2.707196630313E-07   -2.793008668565E-11
   -3.919137081612E-08   -3.137054078861E-12    2.707196630313E-07    5.503384632442E-07    1.828739707535E-12
   -5.287529259683E-13   -3.589778392020E-16   -2.793008669041E-11    1.828739703493E-12    3.805143265941E-07
   45.486432160804021     
    6.563040323411E-07    1.495761103859E-11    7.603517064523E-08   -3.818372446207E-08   -7.055170914248E-13
    1.495761104385E-11    3.720061491590E-07   -5.686986026333E-12   -3.294217374605E-12   -3.660412878057E-16
    7.603517064522E-08   -5.686986027413E-12    1.432094669544E-07    2.632077493046E-07   -2.801181044625E-11
   -3.818372446208E-08   -3.294217374825E-12    2.632077493046E-07    5.351555137569E-07    1.686070092551E-12
   -7.055170858830E-13   -3.660412873831E-16   -2.801181046573E-11    1.686070097828E-12    3.720061471619E-07
   45.737185929648241     
    6.382220356271E-07    1.508868310355E-11    7.409716126445E-08   -3.720763912039E-08   -8.906151917236E-13
    1.508868310727E-11    3.637344819260E-07   -5.670813467430E-12   -3.455057774295E-12   -3.718614081847E-16
    7.409716126444E-08   -5.670813467815E-12    1.392933913767E-07    2.559443547548E-07   -2.804803930752E-11
   -3.720763912039E-08   -3.455057761557E-12    2.559443547548E-07    5.204722388760E-07    1.531830445198E-12
   -8.906152098828E-13   -3.718614083937E-16   -2.804803929851E-11    1.531830436547E-12    3.637344798838E-07
   45.987939698492461     
    6.207338104898E-07    1.520351866053E-11    7.221929713394E-08   -3.626195566475E-08   -1.083536885983E-12
    1.520351867235E-11    3.556914874231E-07   -5.644313615906E-12   -3.619291612173E-12   -3.763951697744E-16
    7.221929713396E-08   -5.644313610459E-12    1.355056406377E-07    2.489199487752E-07   -2.803934556060E-11
   -3.626195566474E-08   -3.619291607367E-12    2.489199487752E-07    5.062695788457E-07    1.366435937423E-12
   -1.083536890504E-12   -3.763951698979E-16   -2.803934558197E-11    1.366435939034E-12    3.556914853421E-07
   46.238693467336688     
    6.038167626421E-07    1.530073967079E-11    7.039939392966E-08   -3.534556518215E-08   -1.284841672496E-12
    1.530073968684E-11    3.478696287512E-07   -5.606645736472E-12   -3.787074262445E-12   -3.794716127950E-16
    7.039939392964E-08   -5.606645740546E-12    1.318413282053E-07    2.421254157434E-07   -2.798173383098E-11
   -3.534556518216E-08   -3.787074258376E-12    2.421254157434E-07    4.925293001179E-07    1.189019410394E-12
   -1.284841667350E-12   -3.794716119355E-16   -2.798173386526E-11    1.189019413320E-12    3.478696266387E-07
   46.489447236180908     
    5.874492737827E-07    1.538034223683E-11    6.863535619109E-08   -3.445740412627E-08   -1.494117860546E-12
    1.538034221606E-11    3.402616563864E-07   -5.557879202988E-12   -3.958174575247E-12   -3.810536457715E-16
    6.863535619106E-08   -5.557879204925E-12    1.282957787680E-07    2.355520349218E-07   -2.787549165982E-11
   -3.445740412628E-08   -3.958174581247E-12    2.355520349218E-07    4.792339538501E-07    9.998883770915E-13
   -1.494117856506E-12   -3.810536458358E-16   -2.787549163582E-11    9.998883824353E-13    3.402616542501E-07
   46.740201005025128     
    5.716106544630E-07    1.544128706221E-11    6.692517730822E-08   -3.359645424387E-08   -1.711645568605E-12
    1.544128705082E-11    3.328605973299E-07   -5.497410014767E-12   -4.132623743965E-12   -3.810199125850E-16
    6.692517730822E-08   -5.497410014068E-12    1.248645190809E-07    2.291914612486E-07   -2.771771720038E-11
   -3.359645424387E-08   -4.132623745041E-12    2.291914612486E-07    4.663668394339E-07    7.985009174886E-13
   -1.711645567768E-12   -3.810199125550E-16   -2.771771719604E-11    7.985009250880E-13    3.328605951786E-07
   46.990954773869348     
    5.562810995049E-07    1.548355799204E-11    6.526693181017E-08   -3.276173867697E-08   -1.937027255403E-12
    1.548355804364E-11    3.256597417391E-07   -5.425296339933E-12   -4.310194238164E-12   -3.793550578191E-16
    6.526693181017E-08   -5.425296332534E-12    1.215432672734E-07    2.230357073210E-07   -2.750864111538E-11
   -3.276173867697E-08   -4.310194228371E-12    2.230357073210E-07    4.539119675500E-07    5.851486338543E-13
   -1.937027250959E-12   -3.793550569921E-16   -2.750864121191E-11    5.851486397456E-13    3.256597395815E-07
   47.241708542713560     
    5.414416457474E-07    1.550605663648E-11    6.365877523493E-08   -3.195232183839E-08   -2.170607824467E-12
    1.550605663049E-11    3.186526330633E-07   -5.340883223794E-12   -4.490948283027E-12   -3.759570487234E-16
    6.365877523491E-08   -5.340883222731E-12    1.183279246235E-07    2.170771261813E-07   -2.724511214115E-11
   -3.195232183840E-08   -4.490948287921E-12    2.170771261813E-07    4.418540274348E-07    3.592120002509E-13
   -2.170607821277E-12   -3.759570489526E-16   -2.724511213125E-11    3.592120008462E-13    3.186526309093E-07
   47.492462311557794     
    5.270741320588E-07    1.550842009655E-11    6.209893718281E-08   -3.116730590075E-08   -2.412181504034E-12
    1.550842011287E-11    3.118330559408E-07   -5.244017423859E-12   -4.674716460614E-12   -3.708131554168E-16
    6.209893718285E-08   -5.244017426246E-12    1.152145659582E-07    2.113083951582E-07   -2.692634015944E-11
   -3.116730590072E-08   -4.674716454306E-12    2.113083951582E-07    4.301783537299E-07    1.207375906858E-13
   -2.412181509274E-12   -3.708131552512E-16   -2.692634016915E-11    1.207375809918E-13    3.118330538007E-07
   47.743216080402014     
    5.131611614071E-07    1.548996752975E-11    6.058571981026E-08   -3.040582999682E-08   -2.661819536385E-12
    1.548996751093E-11    3.051950266892E-07   -5.134311425345E-12   -4.861455196747E-12   -3.638978142929E-16
    6.058571981032E-08   -5.134311424102E-12    1.121994319214E-07    2.057225004557E-07   -2.655043020576E-11
   -3.040582999679E-08   -4.861455199790E-12    2.057225004557E-07    4.188708966383E-07   -1.305597170238E-13
   -2.661819540546E-12   -3.638978149017E-16   -2.655043017139E-11   -1.305597180602E-13    3.051950245737E-07
   47.993969849246234     
    4.996860649411E-07    1.545040698378E-11    5.911749318742E-08   -2.966706786100E-08   -2.919323949695E-12
    1.545040696972E-11    2.987327829629E-07   -5.011637370617E-12   -5.051011383791E-12   -3.552461423098E-16
    5.911749318743E-08   -5.011637372031E-12    1.092789207802E-07    2.003127226115E-07   -2.611670988188E-11
   -2.966706786100E-08   -5.051011394127E-12    2.003127226115E-07    4.079181926494E-07   -3.946304755172E-13
   -2.919323944428E-12   -3.552461427906E-16   -2.611670984587E-11   -3.946304811278E-13    2.987327808831E-07
   48.244723618090447     
    4.866328679201E-07    1.538937107716E-11    5.769269299904E-08   -2.895022663887E-08   -3.184501276881E-12
    1.538937106329E-11    2.924407747704E-07   -4.875837576883E-12   -5.243215019530E-12   -3.449153612001E-16
    5.769269299907E-08   -4.875837568903E-12    1.064495812201E-07    1.950726226662E-07   -2.562434217020E-11
   -2.895022663886E-08   -5.243215021178E-12    1.950726226662E-07    3.973073374391E-07   -6.714409018455E-13
   -3.184501287419E-12   -3.449153624824E-16   -2.562434213433E-11   -6.714409067726E-13    2.924407727374E-07
   48.495477386934667     
    4.739862573924E-07    1.530589111161E-11    5.630981862171E-08   -2.825454589030E-08   -3.457661390423E-12
    1.530589109389E-11    2.863136559948E-07   -4.726312455862E-12   -5.438128412412E-12   -3.329329666357E-16
    5.630981862164E-08   -4.726312463487E-12    1.037081056093E-07    1.899960290563E-07   -2.507042893079E-11
   -2.825454589033E-08   -5.438128423671E-12    1.899960290563E-07    3.870259602227E-07   -9.615663495518E-13
   -3.457661379851E-12   -3.329329664947E-16   -2.507042889597E-11   -9.615663522820E-13    2.863136540204E-07
   48.746231155778901     
    4.617315515705E-07    1.519939417708E-11    5.496742834521E-08   -2.757929516944E-08   -3.738758713912E-12
    1.519939417612E-11    2.803462751289E-07   -4.562759860815E-12   -5.635643078092E-12   -3.194041306337E-16
    5.496742834521E-08   -4.562759859608E-12    1.010513227839E-07    1.850770252267E-07   -2.445344920420E-11
   -2.757929516944E-08   -5.635643074361E-12    1.850770252267E-07    3.770621985365E-07   -1.265159488134E-12
   -3.738758716478E-12   -3.194041305292E-16   -2.445344921418E-11   -1.265159482361E-12    2.803462732249E-07
   48.996984924623113     
    4.498546707464E-07    1.507028270597E-11    5.366413575993E-08   -2.692377219151E-08   -4.027099583513E-12
    1.507028273458E-11    2.745336668097E-07   -4.385531085601E-12   -5.835386212846E-12   -3.045562156205E-16
    5.366413575993E-08   -4.385531079379E-12    9.847619147082E-08    1.803099378706E-07   -2.377495016092E-11
   -2.692377219151E-08   -5.835386206961E-12    1.803099378706E-07    3.674046745495E-07   -1.581549901337E-12
   -4.027099581348E-12   -3.045562152284E-16   -2.377495022069E-11   -1.581549895161E-12    2.745336649873E-07
   49.247738693467333     
    4.383421096688E-07    1.491745377906E-11    5.239861166535E-08   -2.628730374662E-08   -4.323055056045E-12
    1.491745380725E-11    2.688710459251E-07   -4.193944485367E-12   -6.037432497929E-12   -2.885240821107E-16
    5.239861166534E-08   -4.193944480259E-12    9.597979549967E-08    1.756893256624E-07   -2.303162988211E-11
   -2.628730374663E-08   -6.037432497496E-12    1.756893256624E-07    3.580424742921E-07   -1.911401217159E-12
   -4.323055049946E-12   -2.885240818545E-16   -2.303162992965E-11   -1.911401216453E-12    2.688710441955E-07
   49.498492462311553     
    4.271809113582E-07    1.474039186492E-11    5.116957787328E-08   -2.566924258359E-08   -4.626603956376E-12
    1.474039187051E-11    2.633537987251E-07   -3.987713273639E-12   -6.241695344815E-12   -2.715441017209E-16
    5.116957787325E-08   -3.987713270248E-12    9.355933707470E-08    1.712099687168E-07   -2.222202607676E-11
   -2.566924258361E-08   -6.241695348822E-12    1.712099687168E-07    3.489651253944E-07   -2.254881237463E-12
   -4.626603954673E-12   -2.715441020540E-16   -2.222202607452E-11   -2.254881242418E-12    2.633537970993E-07
   49.749246231155773     
    4.163586422296E-07    1.453934764954E-11    4.997580452390E-08   -2.506896604280E-08   -4.937148736086E-12
    1.453934763706E-11    2.579774756462E-07   -3.767091360389E-12   -6.447831176669E-12   -2.539645636935E-16
    4.997580452387E-08   -3.767091359411E-12    9.121213125260E-08    1.668668585184E-07   -2.134721652154E-11
   -2.506896604281E-08   -6.447831185261E-12    1.668668585184E-07    3.401625769620E-07   -2.611437957426E-12
   -4.937148727661E-12   -2.539645637821E-16   -2.134721651259E-11   -2.611437950285E-12    2.579774741341E-07
   50.000000000000000     
    4.058633684350E-07    1.431400065401E-11    4.881611039933E-08   -2.448587618364E-08   -5.254537886922E-12
    1.431400063086E-11    2.527377856399E-07   -3.531926124067E-12   -6.655694105538E-12   -2.361363902077E-16
    4.881611039931E-08   -3.531926127035E-12    8.893560149843E-08    1.626551883050E-07   -2.040636483865E-11
   -2.448587618366E-08   -6.655694110227E-12    1.626551883050E-07    3.316251813513E-07   -2.981067951370E-12
   -5.254537886558E-12   -2.361363904132E-16   -2.040636480304E-11   -2.981067949568E-12    2.527377842506E-07
