  0.10000000000000001     
5.343204764912E-18 -4.228230359904E-26 1.189559790132E-26 -3.327186250510E-26 9.104150331695E-28
-4.774373249552E-26 4.749515304937E-19 2.694326944367E-28 -1.399923359406E-27 3.961436653966E-28
1.537227908338E-26 8.351849397423E-27 4.541724044515E-18 2.137281907487E-18 2.280470257464E-26
-2.630925267468E-26 2.442157319200E-27 2.137281905744E-18 1.239623507952E-18 -6.946760300329E-28
-2.003494794130E-27 3.597747543749E-28 2.402681213642E-26 -9.899976999779E-28 5.936894138490E-19
  0.35075376884422116     
1.637632942737E-10 1.846049961121E-22 -5.965854077258E-16 1.036663219160E-15 4.640493739936E-22
1.618164666235E-22 1.455648670266E-11 4.775988595369E-22 3.258797002191E-22 2.193214990488E-17
-5.965854217594E-16 8.834050098496E-22 1.391988001409E-10 6.550531770980E-11 -6.283102325500E-23
1.036663189788E-15 5.164166907260E-22 6.550531770985E-11 3.799308428001E-11 9.507456260623E-24
3.611477202106E-22 2.193214974988E-17 -5.657545456076E-23 1.846299122145E-23 1.819567101972E-11
  0.60150753768844223     
1.623705256479E-07 -3.173728204080E-20 -1.129989076879E-11 1.898533358863E-11 2.627603075318E-20
-3.040326123328E-20 1.442782683813E-08 6.267539553319E-20 3.409169755734E-20 4.857278225988E-13
-1.129989076868E-11 5.952174551021E-20 1.380149494401E-07 6.494821034790E-08 5.608508066712E-21
1.898533358873E-11 3.285469549394E-20 6.494821034790E-08 3.766996479332E-08 1.395687003333E-21
2.686238551368E-20 4.857278225878E-13 5.229098847335E-21 1.571637660921E-21 1.803606065601E-08
  0.85226130653266319     
8.736581314222E-06 -1.001059054084E-18 -3.309432283661E-09 5.252402672284E-09 7.773882371106E-19
-9.883626698935E-19 7.749174271820E-07 2.727839087611E-18 1.380895494398E-18 1.754738855322E-10
-3.309432283647E-09 2.548465327035E-18 7.426097077202E-06 3.494632842018E-06 1.827188162388E-19
5.252402672311E-09 1.290554961231E-18 3.494632842018E-06 2.026891304339E-06 3.268679134105E-20
8.381052642432E-19 1.754738855324E-10 1.744851886506E-19 2.997977445003E-20 9.690635015288E-07
   1.1030150753768846     
1.131076782573E-04 -1.120539426977E-17 -1.255359582978E-07 1.822898986779E-07 7.923851013675E-18
-1.139612802115E-17 9.981434953152E-06 2.765188415802E-17 1.367409488359E-17 8.474337714620E-09
-1.255359582978E-07 2.718651084738E-17 9.614156417941E-05 4.524319784461E-05 2.138401688117E-18
1.822898986779E-07 1.342935358957E-17 4.524319784461E-05 2.624157567472E-05 4.052309337479E-19
8.103953729644E-18 8.474337714619E-09 2.212233020635E-18 3.774206952378E-19 1.249492387271E-05
   1.3537688442211055     
6.389846100812E-04 -6.492275982310E-17 -1.441756599093E-06 1.825504513093E-06 4.666991112619E-17
-6.483361535934E-17 5.582277036738E-05 1.558712061951E-16 7.724466474474E-17 1.258055263328E-07
-1.441756599093E-06 1.561640352719E-16 5.431243461807E-04 2.556026016704E-04 1.285566217015E-17
1.825504513093E-06 7.739924001127E-17 2.556026016704E-04 1.482668018678E-04 2.473803140677E-18
4.658909557423E-17 1.258055263328E-07 1.284071034082E-17 2.432594074433E-18 7.002273814169E-05
   1.6045226130653265     
2.137336733674E-03 -2.231458721646E-16 -7.750682637906E-06 7.884167909998E-06 1.492028111900E-16
-2.241127256705E-16 1.837951977233E-04 5.258253011050E-16 2.594067230880E-16 8.785447956961E-07
-7.750682637906E-06 5.225495266357E-16 1.816408266918E-03 8.551221671002E-04 4.662790035693E-17
7.884167909998E-06 2.575821103830E-16 8.551221671002E-04 4.962357166905E-04 8.542256075996E-18
1.506017289958E-16 8.785447956961E-07 4.687660810385E-17 8.472749863287E-18 2.313099424566E-04
   1.8552763819095479     
5.044776737063E-03 -3.857774271599E-16 -2.508601144523E-05 1.728960710653E-05 2.631284313235E-16
-3.855029241288E-16 4.249151366099E-04 9.260755695769E-16 4.579033140601E-16 3.692868629978E-06
-2.508601144523E-05 9.314926154854E-16 4.284835816666E-03 2.019735422281E-03 7.844563655213E-17
1.728960710653E-05 4.609224810536E-16 2.019735422281E-03 1.173727206173E-03 1.918840471860E-17
2.609100500192E-16 3.692868629978E-06 7.827686484071E-17 1.919353559569E-17 5.372567012133E-04
   2.1060301507537691     
9.348381510682E-03 -9.452972492448E-16 -5.709341364995E-05 1.496583042548E-05 5.739070353736E-16
-9.467803868834E-16 7.693479558435E-04 1.982590622436E-15 9.889273545878E-16 1.089209418343E-05
-5.709341364995E-05 1.982670500320E-15 7.928430787992E-03 3.749596532753E-03 1.918435703955E-16
1.496583042548E-05 9.887676552199E-16 3.749596532753E-03 2.187164194288E-03 4.259983740791E-17
5.739178600624E-16 1.089209418343E-05 1.924628942183E-16 4.296484079900E-17 9.785972594347E-04
   2.3567839195979898     
1.454085327797E-02 -1.467178213078E-15 -1.010019791713E-04 -2.889658704105E-05 8.308123280734E-16
-1.467115198025E-15 1.170829822340E-03 3.074353887160E-15 1.542649266003E-15 2.491254861914E-05
-1.010019791713E-04 3.069445652706E-15 1.229457648971E-02 5.854870039234E-03 3.331588685371E-16
-2.889658704105E-05 1.539676133472E-15 5.854870039234E-03 3.442783473185E-03 7.219603775649E-17
8.330383349061E-16 2.491254861914E-05 3.335373569322E-16 7.232841399743E-17 1.500115316235E-03
   2.6075376884422110     
1.981743238745E-02 -1.375160810462E-15 -1.486233746637E-04 -1.448431892913E-04 7.035155982341E-16
-1.375657268717E-15 1.570295124254E-03 2.717481845641E-15 1.391994371161E-15 4.726835404385E-05
-1.486233746637E-04 2.714015274526E-15 1.666545066785E-02 8.033921583308E-03 3.363891420613E-16
-1.448431892913E-04 1.389989891832E-15 8.033921583308E-03 4.793868403167E-03 6.720798395055E-17
7.048904561476E-16 4.726835404385E-05 3.364013664315E-16 6.689092409358E-17 2.028907951297E-03
   2.8582914572864322     
2.435349548983E-02 -2.460256670716E-15 -1.909822431993E-04 -3.456647423686E-04 1.102671791779E-15
-2.460341839755E-15 1.917649018735E-03 4.224573279790E-15 2.222513819457E-15 7.796336370618E-05
-1.909822431993E-04 4.227084535739E-15 2.030456279758E-02 9.975094527200E-03 6.193857691303E-16
-3.456647423686E-04 2.223406811545E-15 9.975094527200E-03 6.092925343503E-03 1.235881109448E-16
1.102128226841E-15 7.796336370618E-05 6.197036973069E-16 1.238468375538E-16 2.501211863398E-03
   3.1090452261306529     
2.754488084459E-02 -2.079005423966E-15 -2.225937155241E-04 -6.169758358053E-04 7.960372574654E-16
-2.081143499256E-15 2.182219618711E-03 3.521287603895E-15 1.953884584021E-15 1.155649308563E-04
-2.225937155241E-04 3.522677132894E-15 2.267818191254E-02 1.143838664027E-02 5.777048839663E-16
-6.169758358053E-04 1.955472287591E-15 1.143838664027E-02 7.224659978588E-03 1.090965138379E-16
7.941795088362E-16 1.155649308563E-04 5.783187789390E-16 1.088649081589E-16 2.875964491512E-03
   3.3597989949748741     
2.913916425262E-02 -3.221531222255E-15 -2.430019331625E-04 -9.222207401065E-04 8.583422493953E-16
-3.215248912688E-15 2.353154665581E-03 4.014153064278E-15 2.320445402728E-15 1.577134570656E-04
-2.430019331625E-04 4.013818189765E-15 2.357988854852E-02 1.229922103786E-02 9.368151075032E-16
-9.222207401065E-04 2.320869944949E-15 1.229922103786E-02 8.117754765331E-03 7.631874714113E-17
8.573248783218E-16 1.577134570656E-04 9.341945590271E-16 7.628208487975E-17 3.136191941491E-03
   3.6105527638190957     
2.922988587585E-02 1.377980362629E-15 -2.556645935681E-04 -1.217379341727E-03 -6.792398892034E-16
1.383479714869E-15 2.434568770877E-03 -2.808744680415E-15 -1.666867057233E-15 2.017351594647E-04
-2.556645935681E-04 -2.807127962092E-15 2.312580108052E-02 1.255151081083E-02 -2.260822094256E-16
-1.217379341727E-03 -1.665531077489E-15 1.255151081083E-02 8.742477190147E-03 -2.394684000591E-16
-6.792865374259E-16 2.017351594647E-04 -2.280837963844E-16 -2.400144034200E-16 3.283763323635E-03
   3.8613065326633165     
2.814374471719E-02 -3.660420565833E-15 -2.656030165644E-04 -1.465972816750E-03 9.196823947241E-16
-3.658979917695E-15 2.439453171384E-03 4.210022015607E-15 2.866640710179E-15 2.451339901075E-04
-2.656030165644E-04 4.210862843347E-15 2.164647045929E-02 1.227927499197E-02 1.237346436899E-15
-1.465972816750E-03 2.867164414627E-15 1.227927499197E-02 9.101584576940E-03 2.006523598014E-16
9.195036305439E-16 2.451339901075E-04 1.237049938958E-15 2.005763095756E-16 3.332298316581E-03
   4.1120603015075377     
2.629223201355E-02 -1.944582246406E-15 -2.772521758633E-04 -1.647371516619E-03 4.828037238187E-16
-1.942807070883E-15 2.384502578160E-03 1.948684836632E-15 1.370195433169E-15 2.858838790571E-04
-2.772521758633E-04 1.948947906080E-15 1.954428229234E-02 1.161431052360E-02 8.342021237170E-16
-1.647371516619E-03 1.369952456448E-15 1.161431052360E-02 9.219618020623E-03 1.104746621094E-16
4.826607040878E-16 2.858838790571E-04 8.337235604561E-16 1.099773971621E-16 3.300903546114E-03
   4.3628140703517584     
2.405378141675E-02 2.455957805208E-15 -2.932615413965E-04 -1.757168408769E-03 -5.938353795756E-16
2.455220955132E-15 2.286560882986E-03 -2.228160943613E-15 -1.638567196034E-15 3.225386706904E-04
-2.932615413965E-04 -2.227823774788E-15 1.718093300143E-02 1.069717399017E-02 -1.139507414472E-15
-1.757168408769E-03 -1.638052829202E-15 1.069717399017E-02 9.133290054817E-03 -1.772247015375E-16
-5.949011326630E-16 3.225386706904E-04 -1.139581539523E-15 -1.772417266690E-16 3.209701592256E-03
   4.6135678391959791     
2.171409054698E-02 -1.973848722978E-16 -3.142856628327E-04 -1.802591403390E-03 4.770047430424E-17
-1.964466325179E-16 2.160599485130E-03 -2.618466105636E-16 -2.452621674991E-16 3.542157384708E-04
-3.142856628327E-04 -2.621758607001E-16 1.482193104668E-02 9.651261872459E-03 -7.226766458112E-17
-1.802591403390E-03 -2.450950438177E-16 9.651261872459E-03 8.884028715342E-03 -9.775405211925E-17
4.814974077159E-17 3.542157384708E-04 -7.299671290322E-17 -9.759323361395E-17 3.077150965895E-03
   4.8643216080402008     
1.945646551001E-02 -6.745583627918E-16 -3.394152790578E-04 -1.796716132687E-03 3.508387723804E-16
-6.731415760339E-16 2.018844877628E-03 9.485424540234E-16 8.611043321879E-16 3.805109173555E-04
-3.394152790578E-04 9.492044757946E-16 1.262983326919E-02 8.571220298008E-03 1.605968726117E-16
-1.796716132687E-03 8.624142633701E-16 8.571220298008E-03 8.512810653381E-03 2.292244214194E-16
3.495818442662E-16 3.805109173555E-04 1.598667600117E-16 2.287903260653E-16 2.918761882675E-03
   5.1150753768844215     
1.737970136506E-02 2.224419729798E-15 -3.668442047464E-04 -1.753854013841E-03 -2.550261993109E-18
2.223479193523E-15 1.870642336744E-03 -9.295835413174E-16 -9.355645295666E-16 4.013883161233E-04
-3.668442047464E-04 -9.292818242501E-16 1.068390692606E-02 7.521846680761E-03 -1.373483794609E-15
-1.753854013841E-03 -9.350938845983E-16 7.521846680761E-03 8.056978022164E-03 1.201369069733E-16
-2.910323588755E-18 4.013883161233E-04 -1.373000435580E-15 1.203584590705E-16 2.746743063153E-03
   5.3658291457286422     
1.552397071257E-02 1.626987589898E-15 -3.944891258455E-04 -1.686825235146E-03 1.969693872649E-16
1.628354852870E-15 1.722722573189E-03 -3.101195239498E-16 -3.642512666080E-17 4.170719277234E-04
-3.944891258455E-04 -3.099399884533E-16 9.006976936786E-03 6.542569770303E-03 -1.262577789673E-15
-1.686825235146E-03 -3.577631821200E-17 6.542569770303E-03 7.548586703370E-03 3.019106761676E-16
1.965302018772E-16 4.170719277234E-04 -1.263008102319E-15 3.016797790210E-16 2.570187399705E-03
   5.6165829145728638     
1.389393293505E-02 -2.151107739005E-15 -4.204321513983E-04 -1.605830745682E-03 1.950865940012E-16
-2.151472156532E-15 1.579641984153E-03 8.040753741039E-16 9.117706343182E-16 4.279525108826E-04
-4.204321513983E-04 8.041470802709E-16 7.588940325057E-03 5.653744891118E-03 1.551026801896E-15
-1.605830745682E-03 9.116422864562E-16 5.653744891118E-03 7.013836858426E-03 1.001040825998E-16
1.950432665965E-16 4.279525108826E-04 1.551646315687E-15 1.000139699428E-16 2.395515879173E-03
   5.8673366834170855     
1.247547509825E-02 -1.248381682957E-15 -4.431667799714E-04 -1.518332964411E-03 2.143067754677E-16
-1.247719953608E-15 1.444257244807E-03 3.923681617202E-16 5.326288480222E-16 4.345143011622E-04
-4.431667799714E-04 3.920208827836E-16 6.403563588379E-03 4.862637816946E-03 7.278613429882E-16
-1.518332964411E-03 5.323930834671E-16 4.862637816946E-03 6.473205364784E-03 2.755193388194E-17
2.145812336292E-16 4.345143011622E-04 7.280416506850E-16 2.720441159717E-17 2.227001920415E-03
   6.1180904522613053     
1.124633008995E-02 5.629552340068E-16 -4.616843748237E-04 -1.429427437862E-03 1.991605732686E-17
5.627569458117E-16 1.318160602954E-03 -2.413312511632E-16 -2.265017998804E-16 4.372810822080E-04
-4.616843748237E-04 -2.413762551142E-16 5.418949353745E-03 4.168234260154E-03 -4.594005778757E-16
-1.429427437862E-03 -2.262212917024E-16 4.168234260154E-03 5.941986661692E-03 -4.198656843053E-18
1.995487198518E-17 4.372810822080E-04 -4.593251244809E-16 -4.330039895246E-18 2.067276287598E-03
   6.3688442211055269     
1.018213137243E-02 1.935368800859E-15 -4.754547449129E-04 -1.342369738308E-03 8.278548343674E-17
1.933486467111E-15 1.202044702142E-03 -6.143655608055E-16 -4.840422073812E-16 4.367788270003E-04
-4.754547449129E-04 -6.148867359137E-16 4.603325213836E-03 3.564738270128E-03 -1.472509790110E-15
-1.342369738308E-03 -4.842289087683E-16 3.564738270128E-03 5.431031199548E-03 2.282541099857E-16
8.222928138213E-17 4.367788270003E-04 -1.471764315631E-15 2.284036948801E-16 1.917765212975E-03
   6.6195979899497477     
9.259507945473E-03 1.382848187907E-15 -4.843494959013E-04 -1.259082846642E-03 2.339359955719E-16
1.382252759327E-15 1.095990452352E-03 -3.574236394251E-16 -1.097464923761E-16 4.335114270042E-04
-4.843494959013E-04 -3.573320477334E-16 3.927820505963E-03 3.043942974895E-03 -1.345320794971E-15
-1.259082846642E-03 -1.101888205923E-16 3.043942974895E-03 4.947539960531E-03 2.378583515114E-16
2.340931805721E-16 4.335114270042E-04 -1.345192662913E-15 2.378472894891E-16 1.779046296729E-03
   6.8703517587939693     
8.457437216521E-03 -2.305485233696E-15 -4.885439664367E-04 -1.180575394003E-03 -8.790973453895E-17
-2.306516986564E-15 9.996841050193E-04 8.483178148652E-16 8.036566270952E-16 4.279461844496E-04
-4.885439664367E-04 8.483251207213E-16 3.367490132391E-03 2.596745006054E-03 1.777807101703E-15
-1.180575394003E-03 8.034143316046E-16 2.596745006054E-03 4.495827256567E-03 -1.028574718204E-16
-8.798423280047E-17 4.279461844496E-04 1.778585899660E-15 -1.031006039918E-16 1.651124196372E-03
   7.1211055276381909     
7.757654380108E-03 4.653596813174E-16 -4.884202703131E-04 -1.107257600924E-03 7.918221307895E-17
4.647711802474E-16 9.125748932350E-04 -2.244429138933E-16 -2.068538361173E-16 4.205062596656E-04
-4.884202703131E-04 -2.247063983757E-16 2.901410848904E-03 2.214055907525E-03 -3.669782314053E-16
-1.107257600924E-03 -2.071153385584E-16 2.214055907525E-03 4.078003275335E-03 -2.780779017113E-17
7.903039582691E-17 4.205062596656E-04 -3.666396773495E-16 -2.768169544152E-17 1.533636267360E-03
   7.3718592964824117     
7.144595226162E-03 -7.684659842108E-16 -4.844833356591E-04 -1.039166583873E-03 -1.255186751227E-16
-7.688272200384E-16 8.339856350823E-04 2.985840622691E-16 2.280135102172E-16 4.115678686529E-04
-4.844833356591E-04 2.987767219959E-16 2.512342944916E-03 1.887310805936E-03 7.052917022515E-16
-1.039166583873E-03 2.280832255511E-16 1.887310805936E-03 3.694554942719E-03 2.721568458170E-17
-1.256763288467E-16 4.115678686529E-04 7.057033618666E-16 2.662926987040E-17 1.426000995804E-03
   7.6226130653266324     
6.605137354234E-03 -2.584404716219E-15 -4.772945307199E-04 -9.761203034542E-04 -3.923210110700E-16
-2.583793786736E-15 7.631876698714E-04 1.069919568163E-15 9.279979055508E-16 4.014605838800E-04
-4.772945307199E-04 1.070035569644E-15 2.186230175737E-03 1.608719398929E-03 2.149208516383E-15
-9.761203034542E-04 9.287213756872E-16 1.608719398929E-03 3.344821198328E-03 4.222637601561E-17
-3.940431473494E-16 4.014605838800E-04 2.148899975195E-15 4.218869929865E-17 1.327521829094E-03
   7.8733668341708531     
6.128277401223E-03 3.524046783298E-15 -4.674230570467E-04 -9.178190564895E-04 7.309013242954E-16
3.523796518859E-15 6.994496489179E-04 -1.436776492036E-15 -8.509223861295E-16 3.904695533837E-04
-4.674230570467E-04 -1.436885726797E-15 1.911677568654E-03 1.371358721312E-03 -3.189255554105E-15
-9.178190564895E-04 -8.510353524504E-16 1.371358721312E-03 3.027369182211E-03 3.520736148153E-16
7.308232728715E-16 3.904695533837E-04 -3.188969051549E-15 3.522106883258E-16 1.237457439273E-03
   8.1241206030150757     
5.704810269278E-03 1.038981407524E-15 -4.554130078235E-04 -8.639101252199E-04 2.488508859186E-16
1.037784281371E-15 6.420677102413E-04 -4.434825276385E-16 -2.150807379922E-16 3.788388119066E-04
-4.554130078235E-04 -4.434914551227E-16 1.679471178889E-03 1.169173301695E-03 -9.650085047204E-16
-8.639101252199E-04 -2.149154871089E-16 1.169173301695E-03 2.740283201552E-03 1.392821518659E-16
2.481460219847E-16 3.788388119066E-04 -9.644847650840E-16 1.392667495024E-16 1.155067449520E-03
   8.3748743718592955     
5.327038288823E-03 -1.979681251413E-15 -4.417630951981E-04 -8.140274032408E-04 -4.256223024921E-16
-1.980689039005E-15 5.903827542548E-04 7.979514651499E-16 5.157379052945E-16 3.667751243203E-04
-4.417630951981E-04 7.979048087184E-16 1.482163504749E-03 9.969246748320E-04 1.735343419411E-15
-8.140274032408E-04 5.155002544616E-16 9.969246748320E-04 2.481380368664E-03 -7.117412239490E-17
-4.254109623595E-16 3.667751243203E-04 1.735794953450E-15 -7.079606749331E-17 1.079640685668E-03
   8.6256281407035171     
4.988519180649E-03 -2.326872309840E-15 -4.269159699174E-04 -7.678144859689E-04 -6.673918361549E-16
-2.327815899147E-15 5.437890279767E-04 9.576897428683E-16 4.300755567939E-16 3.544519934970E-04
-4.269159699174E-04 9.578150019988E-16 1.313728121164E-03 8.501163247261E-04 2.209155689794E-15
-7.678144859689E-04 4.298033740844E-16 8.501163247261E-04 2.248366752952E-03 -2.185138649958E-16
-6.674847285899E-16 3.544519934970E-04 2.209721952246E-15 -2.182468648638E-16 1.010511293054E-03
   8.8763819095477388     
4.683852809289E-03 1.547351693504E-15 -4.112543894186E-04 -7.249371086301E-04 3.688682526571E-16
1.547361883701E-15 5.017370355151E-04 -6.585315105767E-16 -2.557331571595E-16 3.420135996691E-04
-4.112543894186E-04 -6.587284128454E-16 1.169278007008E-03 7.249097469716E-04 -1.485025056710E-15
-7.249371086301E-04 -2.558267854358E-16 7.249097469716E-04 2.038946686776E-03 1.833858679077E-16
3.690732206131E-16 3.420135996691E-04 -1.484824685082E-15 1.833522392357E-16 9.470666505142E-04
   9.1271356783919586     
4.408503070947E-03 1.177494031506E-15 -3.951019862392E-04 -6.850889044967E-04 4.078583161895E-16
1.177779713904E-15 4.637328901560E-04 -5.531142458070E-16 -6.796060682246E-17 3.295785311980E-04
-3.951019862392E-04 -5.531332499062E-16 1.044838726120E-03 6.180406779078E-04 -1.270030725810E-15
-6.850889044967E-04 -6.806013444706E-17 6.180406779078E-04 1.850896128792E-03 2.997178024490E-16
4.081816669334E-16 3.295785311980E-04 -1.270100295338E-15 2.996753842471E-16 8.887499109063E-04
   9.3778894472361802     
4.158650142964E-03 -1.657426578440E-15 -3.787269033213E-04 -6.479931105700E-04 -6.383047656503E-16
-1.656713866945E-15 4.293355586184E-04 6.762842982291E-16 3.040097851178E-16 3.172432294431E-04
-3.787269033213E-04 6.763506544715E-16 9.371671328029E-04 5.267403777817E-04 1.538195532695E-15
-6.479931105700E-04 3.043191632623E-16 5.267403777817E-04 1.682109111966E-03 -5.717478154972E-17
-6.380865284730E-16 3.172432294431E-04 1.537283225621E-15 -5.715782847062E-17 8.350591619027E-04
   9.6286432160804019     
3.931068345274E-03 -1.357710073949E-15 -3.623470251529E-04 -6.134019254460E-04 -6.978753071566E-16
-1.357068546526E-15 3.981529696166E-04 5.779324540445E-16 1.281995434039E-16 3.050851120108E-04
-3.623470251529E-04 5.778992094792E-16 8.436070376212E-04 4.486643059827E-04 1.411065041577E-15
-6.134019254460E-04 1.283096157181E-16 4.486643059827E-04 1.530624515230E-03 -1.717403299136E-16
-6.982898151959E-16 3.050851120108E-04 1.410936659943E-15 -1.719157879475E-16 7.855445829304E-04
   9.8793969849246217     
3.723025337543E-03 -1.194774979711E-15 -3.461359152738E-04 -5.810946043365E-04 -7.123703279339E-16
-1.195375096055E-15 3.698376214677E-04 4.725495836845E-16 1.836720340534E-16 2.931653655722E-04
-3.461359152738E-04 4.726090294201E-16 7.619744834038E-04 3.818290076546E-04 1.114895227064E-15
-5.810946043365E-04 1.833703853880E-16 3.818290076546E-04 1.394638813623E-03 8.089376921469E-18
-7.124131278408E-16 2.931653655722E-04 1.115267115445E-15 8.116668657311E-18 7.398045267097E-04
   10.130150753768843     
3.532198975553E-03 -6.003120059412E-17 -3.302288680773E-04 -5.508749662246E-04 -2.550166767219E-16
-6.011671323765E-17 3.440820898383E-04 -8.204592180760E-17 1.667441798984E-16 2.815314162967E-04
-3.302288680773E-04 -8.213830969572E-17 6.904665555489E-04 3.245571619615E-04 -1.159194440687E-16
-5.508749662246E-04 1.666284907114E-16 3.245571619615E-04 1.272509125359E-03 2.598913197710E-16
-2.549237000387E-16 2.815314162967E-04 -1.155893887195E-16 2.596794166314E-16 6.974811356462E-04
   10.380904522613065     
3.356608737208E-03 -7.625716176379E-16 -3.147287043774E-04 -5.225687206568E-04 -7.590517057002E-16
-7.635012698415E-16 3.206146778269E-04 2.212497428506E-16 1.912841982577E-16 2.702190959885E-04
-3.147287043774E-04 2.212770351493E-16 6.275888150616E-04 2.754302766311E-04 5.976248780668E-16
-5.225687206568E-04 1.913356347139E-16 2.754302766311E-04 1.162749786327E-03 1.802610220757E-16
-7.593229827225E-16 2.702190959885E-04 5.979118381125E-16 1.805433322495E-16 6.582558809295E-04
   10.631658291457285     
3.194559150606E-03 9.013782343312E-16 -2.997110986645E-04 -4.960208496696E-04 -1.237266381672E-16
9.020765218676E-16 2.991953446095E-04 -5.660064385763E-16 1.366604607316E-16 2.592545274928E-04
-2.997110986645E-04 -5.659513337977E-16 5.720974378025E-04 2.332482933944E-04 -1.150534361403E-15
-4.960208496696E-04 1.368279725588E-16 2.332482933944E-04 1.064024821342E-03 4.300176126614E-16
-1.238415974637E-16 2.592545274928E-04 -1.150989939567E-15 4.299746781024E-16 6.218452594602E-04
   10.882412060301506     
3.044593101742E-03 1.062781883953E-16 -2.852293352468E-04 -4.710931713545E-04 -7.536136113613E-16
1.061029836850E-16 2.796119796977E-04 -2.763660839858E-16 2.512757358812E-16 2.486557554005E-04
-2.852293352468E-04 -2.764556526083E-16 5.229529625791E-04 1.969952947259E-04 -4.846446053672E-16
-4.710931713545E-04 2.515728780300E-16 1.969952947259E-04 9.751380148828E-04 4.433330023717E-16
-7.544960389889E-16 2.486557554005E-04 -4.844351009729E-16 4.432123107804E-16 5.879967808049E-04
   11.133165829145728     
2.905453271461E-03 -1.172117966986E-15 -2.713184624479E-04 -4.476621440095E-04 -1.671171413074E-15
-1.172528852315E-15 2.616770459905E-04 1.700272843422E-16 4.502591309018E-16 2.384341485939E-04
-2.713184624479E-04 1.701138373998E-16 4.792832101780E-04 1.658105110294E-04 5.229541238434E-16
-4.476621440095E-04 4.500953964153E-16 1.658105110294E-04 8.950217782896E-04 5.688390390625E-16
-1.671317233900E-15 2.384341485939E-04 5.232706962674E-16 5.688520046703E-16 5.564853086089E-04
   11.383919597989950     
2.776050259691E-03 -1.162883457093E-15 -2.579988593272E-04 -4.256169289589E-04 -2.235382882079E-15
-1.163406098171E-15 2.452245879411E-04 1.071533391453E-17 5.850790980376E-16 2.285956004480E-04
-2.579988593272E-04 1.065924939794E-17 4.403534589966E-04 1.389638804737E-04 1.687677480122E-16
-4.256169289589E-04 5.848986374148E-16 1.389638804737E-04 8.227256330624E-04 8.015994129848E-16
-2.235309157016E-15 2.285956004480E-04 1.691630503138E-16 8.016662281048E-16 5.271097774841E-04
   11.634673366834171     
2.655436209613E-03 -2.758302236902E-15 -2.452792555471E-04 -4.048577065725E-04 -3.927344359415E-15
-2.758120055244E-15 2.301075856956E-04 5.681026435474E-16 6.748514408944E-16 2.191415510489E-04
-2.452792555471E-04 5.681206495680E-16 4.055423751791E-04 1.158354872897E-04 1.373454838490E-15
-4.048577065725E-04 6.748504419992E-16 1.158354872897E-04 7.574048531859E-04 8.193384293090E-16
-3.927209942536E-15 2.191415510489E-04 1.373487613006E-15 8.192212887087E-16 4.996902797232E-04
   11.885427135678389     
2.542782954711E-03 -3.638429399567E-15 -2.331592584252E-04 -3.852942273040E-04 -5.473027706925E-15
-3.638468167497E-15 2.161956279543E-04 6.298740220377E-16 9.650236071147E-16 2.100698539202E-04
-2.331592584252E-04 6.297675195314E-16 3.743225180750E-04 9.589828466908E-05 1.424151071652E-15
-3.852942273040E-04 9.651882678973E-16 9.589828466908E-05 6.983096097052E-04 1.231751348848E-15
-5.473174310526E-15 2.100698539202E-04 1.424298842750E-15 1.231640890966E-15 4.740655007297E-04
   12.136180904522611     
2.437363885056E-03 -6.706497192458E-15 -2.216314461979E-04 -3.668445736173E-04 -9.018194854289E-15
-6.705571970096E-15 2.033728729146E-04 1.685419076498E-15 1.022732898249E-15 2.013755076997E-04
-2.216314461979E-04 1.685409308090E-15 3.462444941348E-04 7.870358745763E-05 3.619353654501E-15
-3.668445736173E-04 1.022991322709E-15 7.870358745763E-05 6.447748191446E-04 1.176964294468E-15
-9.018295081787E-15 2.013755076997E-04 3.618697998121E-15 1.176826027119E-15 4.500904740223E-04
   12.386934673366833     
2.338538872299E-03 -9.384347519357E-15 -2.106830861187E-04 -3.494341068785E-04 -1.307263682815E-14
-9.384223510272E-15 1.915362661765E-04 2.373092707449E-15 1.166311949775E-15 1.930512711156E-04
-2.106830861187E-04 2.373048388042E-15 3.209240293100E-04 6.386889338275E-05 4.907159426131E-15
-3.494341068785E-04 1.166417067367E-15 6.386889338275E-05 5.962107989395E-04 1.373194297223E-15
-1.307273607839E-14 1.930512711156E-04 4.907056144906E-15 1.373160215655E-15 4.276346234175E-04
   12.637688442211054     
2.245741710918E-03 -1.429216722297E-14 -2.002975326511E-04 -3.329945738007E-04 -1.954974907931E-14
-1.429246108353E-14 1.805939856933E-04 3.749420734748E-15 1.449588093097E-15 1.850881775752E-04
-2.002975326511E-04 3.749458376776E-15 2.980313837392E-04 5.106765773617E-05 7.642758555585E-15
-3.329945738007E-04 1.449557065698E-15 5.106765773617E-05 5.520947661985E-04 1.673465499353E-15
-1.954972423752E-14 1.850881775752E-04 7.643002940455E-15 1.673486148779E-15 4.065800596946E-04
   12.888442211055276     
2.158469630532E-03 -1.649927821621E-14 -1.904553558735E-04 -3.174633489161E-04 -2.545417765379E-14
-1.649933531048E-14 1.704640860106E-04 3.362548232996E-15 2.249656179742E-15 1.774759637536E-04
-1.904553558735E-04 3.362507244603E-15 2.772826526777E-04 4.002070455431E-05 6.213799045548E-15
-3.174633489161E-04 2.249522347379E-15 4.002070455431E-05 5.119631721894E-04 3.027792202140E-15
-2.545367771689E-14 1.774759637536E-04 6.213813605164E-15 3.027756917435E-15 3.868201005181E-04
   13.139195979899496     
2.076274514198E-03 -2.456942456509E-14 -1.811352445693E-04 -3.027827919418E-04 -3.727188178538E-14
-2.456939499689E-14 1.610733165721E-04 5.373262409646E-15 2.588193335267E-15 1.702034247820E-04
-1.811352445693E-04 5.373324232009E-15 2.584325916339E-04 3.048900768282E-05 9.896816915380E-15
-3.027827919418E-04 2.588173252239E-15 3.048900768282E-05 4.754048372346E-04 3.464727492726E-15
-3.727187823752E-14 1.702034247820E-04 9.896789753587E-15 3.464704253885E-15 3.682579847832E-04
   13.389949748743717     
1.998755523449E-03 -3.375316500238E-14 -1.723147225191E-04 -2.888997016226E-04 -5.206786487015E-14
-3.375393747159E-14 1.523560916074E-04 7.048037727566E-15 3.359569664488E-15 1.632587070211E-04
-1.723147225191E-04 7.048085961519E-15 2.412686775043E-04 2.226761808651E-05 1.242010319238E-14
-2.888997016226E-04 3.359320860209E-15 2.226761808651E-05 4.420548345410E-04 4.640175386159E-15
-5.206805441481E-14 1.632587070211E-04 1.242090525570E-14 4.640271176120E-15 3.508057554265E-04
   13.640703517587939     
1.925552884919E-03 -4.869717452140E-14 -1.639707111743E-04 -2.757648501222E-04 -7.407037967557E-14
-4.869736872888E-14 1.442535916748E-04 1.063812730667E-14 3.803625817924E-15 1.566295479244E-04
-1.639707111743E-04 1.063811455499E-14 2.256061754241E-04 1.518055034969E-05 1.874505665768E-14
-2.757648501222E-04 3.803513151264E-15 1.518055034969E-05 4.115890630605E-04 5.274647829825E-15
-7.407036841410E-14 1.566295479244E-04 1.874541787037E-14 5.274595706823E-15 3.343832876408E-04
   13.891457286432161     
1.856342637698E-03 -6.801314258231E-14 -1.560799666376E-04 -2.633325845398E-04 -1.030436443685E-13
-6.801281727537E-14 1.367129794527E-04 1.514033579648E-14 4.156932237427E-15 1.503034712150E-04
-1.560799666376E-04 1.514038312961E-14 2.112840268697E-04 9.076472015293E-06 2.637927373328E-14
-2.633325845398E-04 4.156973307972E-15 9.076472015292E-06 3.837194465363E-04 5.903216697929E-15
-1.030437326449E-13 1.503034712150E-04 2.637882582134E-14 5.903311932182E-15 3.189174423424E-04
   14.142211055276382     
1.790832176882E-03 -9.001786827275E-14 -1.486194145304E-04 -2.515604842027E-04 -1.384039303094E-13
-9.001843391635E-14 1.296867145606E-04 1.895523014164E-14 5.534203481258E-15 1.442679444279E-04
-1.486194145304E-04 1.895525644841E-14 1.981614106403E-04 3.825065313135E-06 3.185728312307E-14
-2.515604842027E-04 5.534048640837E-15 3.825065313135E-06 3.581896962521E-04 7.991088653914E-15
-1.384039058074E-13 1.442679444279E-04 3.185782485685E-14 7.991073506793E-15 3.043413273556E-04
   14.392964824120602     
1.728756458448E-03 -1.205289756383E-13 -1.415664023178E-04 -2.404090643166E-04 -1.857721911645E-13
-1.205287905144E-13 1.231319542277E-04 2.499836952753E-14 6.525331445332E-15 1.385105048705E-04
-1.415664023178E-04 2.499833975308E-14 1.861148570586E-04 -6.860475833571E-07 4.124794314497E-14
-2.404090643166E-04 6.525336539039E-15 -6.860475833573E-07 3.347715776567E-04 9.541148017017E-15
-1.857721024743E-13 1.385105048705E-04 4.124779745959E-14 9.541125124134E-15 2.905936512109E-04
   14.643718592964824     
1.669874754838E-03 -1.592057505587E-13 -1.348988852848E-04 -2.298415181729E-04 -2.460074479230E-13
-1.592058371900E-13 1.170100283916E-04 3.234555856253E-14 7.799748929606E-15 1.330188591685E-04
-1.348988852848E-04 3.234552955987E-14 1.750358185486E-04 -4.553906589243E-06 5.246125806030E-14
-2.298415181729E-04 7.799732042639E-15 -4.553906589243E-06 3.132616249106E-04 1.145419436115E-14
-2.460074462297E-13 1.330188591685E-04 5.246134987937E-14 1.145414199286E-14 2.776181565905E-04
   14.894472361809044     
1.613967870453E-03 -2.093039208312E-13 -1.285955595609E-04 -2.198234914581E-04 -3.229467078526E-13
-2.093040186178E-13 1.112859793487E-04 4.231790403575E-14 8.578888928272E-15 1.277809607924E-04
-1.285955595609E-04 4.231786339319E-14 1.648286179115E-04 -7.862418772541E-06 6.790362654042E-14
-2.198234914581E-04 8.578950756095E-15 -7.862418772541E-06 2.934782519003E-04 1.282323776106E-14
-3.229466328160E-13 1.277809607924E-04 6.790365413159E-14 1.282320637604E-14 2.653631223075E-04
   15.145226130653265     
1.560835742373E-03 -2.719944723906E-13 -1.226359530861E-04 -2.103228833968E-04 -4.189556772307E-13
-2.719948604129E-13 1.059281574497E-04 5.471557284783E-14 9.167905192969E-15 1.227850693038E-04
-1.226359530861E-04 5.471562816154E-14 1.554087102419E-04 -1.068422971300E-05 8.709952595477E-14
-2.103228833968E-04 9.167837795481E-15 -1.068422971300E-05 2.752592130658E-04 1.394323477777E-14
-4.189555444248E-13 1.227850693038E-04 8.709968337744E-14 1.394328028491E-14 2.537809243563E-04
   15.395979899497487     
1.510295364850E-03 -3.471585209477E-13 -1.170004834593E-04 -2.013096703960E-04 -5.351044876272E-13
-3.471582685881E-13 1.009078654884E-04 6.833120077476E-14 1.059638910295E-14 1.180197944830E-04
-1.170004834593E-04 6.833133606140E-14 1.467012060917E-04 -1.308231397042E-05 1.072504709489E-13
-2.013096703960E-04 1.059640488776E-14 -1.308231397042E-05 2.584593720871E-04 1.612610133179E-14
-5.351045479882E-13 1.180197944830E-04 1.072501454473E-13 1.612624083449E-14 2.428276479492E-04
   15.646733668341707     
1.462178986838E-03 -4.407754176348E-13 -1.116704899132E-04 -1.927557486494E-04 -6.781523929638E-13
-4.407750537538E-13 9.619904544422E-05 8.599306092085E-14 1.102941203967E-14 1.134741280109E-04
-1.116704899132E-04 8.599305325068E-14 1.386396129290E-04 -1.511132881869E-05 1.339695584642E-13
-1.927557486494E-04 1.102948672039E-14 -1.511132881869E-05 2.429487410092E-04 1.709174701007E-14
-6.781524682209E-13 1.134741280109E-04 1.339691569421E-13 1.709181249520E-14 2.324627436531E-04
   15.897487437185928     
1.416332540632E-03 -5.538051454814E-13 -1.066282452457E-04 -1.846347928292E-04 -8.504704493040E-13
-5.538053153434E-13 9.177800212059E-05 1.069361967929E-13 1.123908218994E-14 1.091374649597E-04
-1.066282452457E-04 1.069361359139E-13 1.311647595775E-04 -1.681876820771E-05 1.654901305472E-13
-1.846347928292E-04 1.123893984254E-14 -1.681876820771E-05 2.286107566242E-04 1.776604217685E-14
-8.504702527664E-13 1.091374649597E-04 1.654904110362E-13 1.776600156325E-14 2.226487217710E-04
   16.148241206030153     
1.372614266844E-03 -6.886359087725E-13 -1.018569524643E-04 -1.769221284841E-04 -1.055748382028E-12
-6.886357654484E-13 8.762315894807E-05 1.312239369948E-13 1.138290688662E-14 1.049996169839E-04
-1.018569524643E-04 1.312239366251E-13 1.242238744564E-04 -1.824594788319E-05 2.016636759139E-13
-1.769221284841E-04 1.138291714979E-14 -1.824594788319E-05 2.153407647811E-04 1.835108004046E-14
-1.055748427608E-12 1.049996169839E-04 2.016636082750E-13 1.835104008541E-14 2.133508799533E-04
   16.398994974874373     
1.330893506823E-03 -8.489997812392E-13 -9.734072990564E-05 -1.695946162278E-04 -1.299082889949E-12
-8.489996845784E-13 8.371484188067E-05 1.597984618713E-13 1.090765060182E-14 1.010508187988E-04
-9.734072990564E-05 1.597985108377E-13 1.177697935019E-04 -1.942884762699E-05 2.441494788234E-13
-1.695946162278E-04 1.090759571672E-14 -1.942884762699E-05 2.030446868310E-04 1.816525980850E-14
-1.299082700265E-12 1.010508187988E-04 2.441492646650E-13 1.816535416511E-14 2.045370597783E-04
   16.649748743718593     
1.291049638419E-03 -1.035593268748E-12 -9.306458785381E-05 -1.626305461310E-04 -1.582871992626E-12
-1.035593068423E-12 8.003508786135E-05 1.913711872005E-13 1.090514601290E-14 9.728172927764E-05
-9.306458785381E-05 1.913711577537E-13 1.117602777393E-04 -2.039883240718E-05 2.900083086140E-13
-1.626305461310E-04 1.090517591114E-14 -2.039883240718E-05 1.916378455591E-04 1.853075930298E-14
-1.582872089325E-12 9.728172927764E-05 2.900082456106E-13 1.853071522056E-14 1.961774286500E-04
   16.900502512562813     
1.252971134952E-03 -1.257413294655E-12 -8.901439908468E-05 -1.560095410058E-04 -1.917421393172E-12
-1.257413499023E-12 7.656747479483E-05 2.297275553971E-13 9.073032666855E-15 9.368342826922E-05
-8.901439908468E-05 2.297274792001E-13 1.061574238042E-04 -2.118327074228E-05 3.468817106926E-13
-1.560095410058E-04 9.072957502812E-15 -2.118327074228E-05 1.810439307487E-04 1.668549980017E-14
-1.917421078320E-12 9.368342826922E-05 3.468818285159E-13 1.668550681539E-14 1.882442838798E-04
   17.151256281407036     
1.216554730457E-03 -1.512453196170E-12 -8.517686518066E-05 -1.497124675305E-04 -2.302726554926E-12
-1.512453177800E-12 7.329697040291E-05 2.713535285568E-13 8.165153911356E-15 9.024741006601E-05
-8.517686518066E-05 2.713535426569E-13 1.009271535208E-04 -2.180606572451E-05 4.071960947478E-13
-1.497124675305E-04 8.165130072233E-15 -2.180606572451E-05 1.711940870411E-04 1.590053959852E-14
-2.302726580722E-12 9.024741006601E-05 4.071960977437E-13 1.590053728441E-14 1.807118762894E-04
   17.402010050251256     
1.181704676970E-03 -1.809359026111E-12 -8.153948019133E-05 -1.437213542845E-04 -2.749271462606E-12
-1.809359066902E-12 7.020979763733E-05 3.197919420564E-13 5.699772712511E-15 8.696557427379E-05
-8.153948019133E-05 3.197919472198E-13 9.603877081702E-05 -2.228811165871E-05 4.779576707839E-13
-1.437213542845E-04 5.699784738033E-15 -2.228811165871E-05 1.620261088853E-04 1.326927687353E-14
-2.749271469536E-12 8.696557427379E-05 4.779575743841E-13 1.326936875130E-14 1.735562509937E-04
   17.652763819095480     
1.148332081824E-03 -2.148816366242E-12 -7.809049270931E-05 -1.380193159855E-04 -3.259832665211E-12
-2.148816466693E-12 6.729331468821E-05 3.727248492105E-13 3.754193731046E-15 8.383021472716E-05
-7.809049270931E-05 3.727248616786E-13 9.146457624367E-05 -2.264768733127E-05 5.541164167469E-13
-1.380193159855E-04 3.754228987112E-15 -2.264768733127E-05 1.534837293691E-04 1.122715037849E-14
-3.259832815398E-12 8.383021472716E-05 5.541164735117E-13 1.122716099030E-14 1.667551034097E-04
   17.903517587939699     
1.116354314722E-03 -2.541382110250E-12 -7.481886734672E-05 -1.325904832647E-04 -3.847236726130E-12
-2.541382236618E-12 6.453590782268E-05 4.343964707086E-13 -5.946284952393E-16 8.083400695689E-05
-7.481886734672E-05 4.343964305218E-13 8.717953078953E-05 -2.290079513968E-05 6.441217225592E-13
-1.325904832647E-04 -5.946060932766E-16 -2.290079513968E-05 1.455159913286E-04 6.420346116985E-15
-3.847236750530E-12 8.083400695689E-05 6.441218381224E-13 6.420290873218E-15 1.602876487338E-04
   18.154271356783919     
1.085694475896E-03 -2.985294815195E-12 -7.171424620893E-05 -1.274199374818E-04 -4.512054331023E-12
-2.985294957945E-12 6.192689557324E-05 5.002344225348E-13 -3.473389878288E-15 7.796999464821E-05
-7.171424620893E-05 5.002344480909E-13 8.316096209245E-05 -2.306145397524E-05 7.382959271843E-13
-1.274199374818E-04 -3.473443965005E-15 -2.306145397524E-05 1.380766906820E-04 3.312662157383E-15
-4.512054432474E-12 7.796999464821E-05 7.382961083504E-13 3.312647159650E-15 1.541345034309E-04
   18.405025125628143     
1.056280917923E-03 -3.489984484040E-12 -6.876691098330E-05 -1.224936500805E-04 -5.266377268668E-12
-3.489984453376E-12 5.945644291981E-05 5.732587537242E-13 -6.898762905814E-15 7.523157541986E-05
-6.876691098330E-05 5.732587405437E-13 7.938830708190E-05 -2.314195246229E-05 8.425096385568E-13
-1.224936500805E-04 -6.898759876625E-15 -2.314195246229E-05 1.311238831332E-04 -3.819406382221E-16
-5.266377225891E-12 7.523157541986E-05 8.425095608216E-13 -3.819699461250E-16 1.482775773931E-04
   18.655778894472363     
1.028046814804E-03 -4.064624343181E-12 -6.596774592624E-05 -1.177984261309E-04 -6.122253631684E-12
-4.064624386852E-12 5.711548434815E-05 6.558277652228E-13 -1.230499963777E-14 7.261248622074E-05
-6.596774592624E-05 6.558277469248E-13 7.584288612079E-05 -2.315306825053E-05 9.613158194735E-13
-1.177984261309E-04 -1.230504173645E-14 -2.315306825053E-05 1.246194465984E-04 -6.276280617540E-15
-6.122253757892E-12 7.261248622074E-05 9.613159597704E-13 -6.276312202010E-15 1.426999756742E-04
   18.906532663316586     
1.000929772817E-03 -4.711231765926E-12 -6.330820207095E-05 -1.133218516926E-04 -7.084577491238E-12
-4.711231990549E-12 5.489565475828E-05 7.450882840734E-13 -1.703779435165E-14 7.010678856192E-05
-6.330820207095E-05 7.450882744657E-13 7.250770435896E-05 -2.310425813795E-05 1.088562172831E-12
-1.133218516926E-04 -1.703786332315E-14 -2.310425813795E-05 1.185286926188E-04 -1.132988406617E-14
-7.084577459208E-12 7.010678856192E-05 1.088562301567E-12 -1.132981712019E-14 1.373859087888E-04
   19.157286432160806     
9.748714783901E-04 -5.437948568764E-12 -6.078026286120E-05 -1.090522446917E-04 -8.164721406912E-12
-5.437948492564E-12 5.278922733229E-05 8.424302645931E-13 -2.197284087025E-14 6.770885376087E-05
-6.078026286120E-05 8.424302123190E-13 6.936727665945E-05 -2.300382310384E-05 1.226715638759E-12
-1.090522446917E-04 -2.197285591322E-14 -2.300382310384E-05 1.128200208841E-04 -1.655182366111E-14
-8.164721257365E-12 6.770885376087E-05 1.226715640827E-12 -1.655187925486E-14 1.323206106962E-04
   19.408040201005026     
9.498173788862E-04 -6.253147854722E-12 -5.837641128765E-05 -1.049786090586E-04 -9.374414647227E-12
-6.253147900422E-12 5.078905760347E-05 9.485397862960E-13 -2.701025379063E-14 6.541334834821E-05
-5.837641128765E-05 9.485397608758E-13 6.640747303245E-05 -2.285905176091E-05 1.376896795372E-12
-1.049786090586E-04 -2.701032458915E-14 -2.285905176091E-05 1.074646117607E-04 -2.177713142724E-14
-9.374414469854E-12 6.541334834821E-05 1.376896833068E-12 -2.177712892355E-14 1.274902637230E-04
   19.658793969849246     
9.257163926893E-04 -7.167000727045E-12 -5.608959862910E-05 -1.010905918765E-04 -1.072757706363E-11
-7.167000510082E-12 4.888853303248E-05 1.065610263217E-12 -3.364325493123E-14 6.321521974167E-05
-5.608959862910E-05 1.065610267224E-12 6.361538189613E-05 -2.267634518501E-05 1.543239255555E-12
-1.010905918765E-04 -3.364325516899E-14 -2.267634518501E-05 1.024361523230E-04 -2.871332607052E-14
-1.072757686113E-11 6.321521974167E-05 1.543239093467E-12 -2.871337197305E-14 1.228819297334E-04
   19.909547738693469     
9.025206454834E-04 -8.183156891496E-12 -5.391321480835E-05 -9.737844333119E-05 -1.223119501957E-11
-8.183156768520E-12 4.708152749932E-05 1.190623873262E-12 -3.891104017024E-14 6.110968227620E-05
-5.391321480835E-05 1.190623865226E-12 6.097918890465E-05 -2.246132567920E-05 1.719260795627E-12
-9.737844333119E-05 -3.891103022681E-14 -2.246132567920E-05 9.771059197217E-05 -3.406062786382E-14
-1.223119505087E-11 6.110968227620E-05 1.719260677000E-12 -3.406063588237E-14 1.184834869569E-04
   20.160301507537689     
8.801852299664E-04 -9.314367281409E-12 -5.184106040459E-05 -9.383297924999E-05 -1.390218111504E-11
-9.314367355915E-12 4.536236016559E-05 1.326972692462E-12 -4.521275945509E-14 5.909220364504E-05
-5.184106040459E-05 1.326972741972E-12 5.848806934813E-05 -2.221893162733E-05 1.911518090990E-12
-9.383297924999E-05 -4.521273608165E-14 -2.221893162733E-05 9.326592418378E-05 -4.050619944199E-14
-1.390218125357E-11 5.909220364504E-05 1.911518190457E-12 -4.050619998440E-14 1.142835719230E-04
   20.411055276381912     
8.586679865920E-04 -1.056973457872E-11 -4.986732023571E-05 -9.044554607587E-05 -1.575363309482E-11
-1.056973438555E-11 4.372575826563E-05 1.475291923064E-12 -5.276196860199E-14 5.715849181007E-05
-4.986732023571E-05 1.475291922746E-12 5.613209248326E-05 -2.195350033901E-05 2.120906080608E-12
-9.044554607587E-05 -5.276189789308E-14 -2.195350033901E-05 8.908199139744E-05 -4.831232470336E-14
-1.575363304277E-11 5.715849181007E-05 2.120905969558E-12 -4.831239520406E-14 1.102715260569E-04
   20.661809045226132     
8.379293032147E-04 -1.195855151740E-11 -4.798653852640E-05 -8.720798809103E-05 -1.779890860676E-11
-1.195855163579E-11 4.216682339236E-05 1.636051915186E-12 -6.156490444439E-14 5.530448240181E-05
-4.798653852640E-05 1.636051876579E-12 5.390213629239E-05 -2.166884046023E-05 2.348057483993E-12
-8.720798809103E-05 -6.156490831170E-14 -2.166884046023E-05 8.514031037797E-05 -5.754749795720E-14
-1.779890865492E-11 5.530448240181E-05 2.348057562553E-12 -5.754750422398E-14 1.064373464901E-04
   20.912562814070352     
8.179319317594E-04 -1.348724583134E-11 -4.619359558215E-05 -8.411261675009E-05 -2.004821569134E-11
-1.348724591074E-11 4.068100092390E-05 1.807263440913E-12 -6.938143640568E-14 5.352632663466E-05
-4.619359558215E-05 1.807263405879E-12 5.178981142723E-05 -2.136829534296E-05 2.588687632551E-12
-8.411261675009E-05 -6.938140750004E-14 -2.136829534296E-05 8.142391573670E-05 -6.580300167060E-14
-2.004821561364E-11 5.352632663466E-05 2.588687594090E-12 -6.580298061623E-14 1.027716407181E-04
   21.163316582914572     
7.986408202523E-04 -1.516813509198E-11 -4.448368593033E-05 -8.115218197476E-05 -2.251826258414E-11
-1.516813519988E-11 3.926405225941E-05 1.991488997062E-12 -7.813556724515E-14 5.182037974333E-05
-4.448368593033E-05 1.991488974767E-12 4.978739322325E-05 -2.105479854855E-05 2.847598840869E-12
-8.115218197476E-05 -7.813558569930E-14 -2.105479854855E-05 7.791721956002E-05 -7.527591097856E-14
-2.251826252299E-11 5.182037974333E-05 2.847598949124E-12 -7.527595491858E-14 9.926558475880E-05
   21.414070351758795     
7.800229587357E-04 -1.701375139003E-11 -4.285229783402E-05 -7.831984529163E-05 -2.522610774745E-11
-1.701375137345E-11 3.791202958788E-05 2.191484906930E-12 -9.000329938876E-14 5.018318994905E-05
-4.285229783402E-05 2.191484897252E-12 4.788776085538E-05 -2.073092252400E-05 3.130029951011E-12
-7.831984529163E-05 -9.000327055736E-14 -2.073092252400E-05 7.460588536103E-05 -8.846697883925E-14
-2.522610772860E-11 5.018318994905E-05 3.130029878478E-12 -8.846699187463E-14 9.591088451742E-05
   21.664824120603015     
7.620472377532E-04 -1.902739676767E-11 -4.129519412070E-05 -7.560915468902E-05 -2.817834720297E-11
-1.902739666801E-11 3.662125293178E-05 2.402704023747E-12 -1.005752470101E-13 4.861148795080E-05
-4.129519412070E-05 2.402704031626E-12 4.608434279623E-05 -2.039892132801E-05 3.426582332512E-12
-7.560915468902E-05 -1.005752369820E-13 -2.039892132801E-05 7.147671476636E-05 -1.006562296410E-13
-2.817834721128E-11 4.861148795080E-05 3.426582310718E-12 -1.006562672948E-13 9.269974008088E-05
   21.915577889447238     
7.446843182292E-04 -2.122538290698E-11 -3.980839429940E-05 -7.301402106371E-05 -3.139619518913E-11
-2.122538301368E-11 3.538828922004E-05 2.630934511991E-12 -1.148630640015E-13 4.710217692440E-05
-3.980839429940E-05 2.630934512723E-12 4.437106781573E-05 -2.006076814496E-05 3.748577479648E-12
-7.301402106371E-05 -1.148630892824E-13 -2.006076814496E-05 6.851754552012E-05 -1.174735279769E-13
-3.139619533603E-11 4.710217692440E-05 3.748577619455E-12 -1.174734666318E-13 8.962481267174E-05
   22.166331658291458     
7.279065116964E-04 -2.361412964033E-11 -3.838815780432E-05 -7.052869618885E-05 -3.488962019436E-11
-2.361412947540E-11 3.420993322607E-05 2.874281576957E-12 -1.309459842091E-13 4.565232303752E-05
-3.838815780432E-05 2.874281579431E-12 4.274232096623E-05 -1.971818829863E-05 4.092018584719E-12
-7.052869618885E-05 -1.309459184650E-13 -1.971818829863E-05 6.571715961778E-05 -1.369972362675E-13
-3.488962018343E-11 4.565232303752E-05 4.092018386289E-12 -1.369972454921E-13 8.667919408170E-05
   22.417085427135678     
7.116876699318E-04 -2.620115409495E-11 -3.703096839010E-05 -6.814775206911E-05 -3.866964389463E-11
-2.620115413336E-11 3.308319015225E-05 3.131815472215E-12 -1.478311127072E-13 4.425914644693E-05
-3.703096839010E-05 3.131815442892E-12 4.119290392031E-05 -1.937268828450E-05 4.454755329105E-12
-6.814775206911E-05 -1.478311129752E-13 -1.937268828450E-05 6.306520043559E-05 -1.582585278495E-13
-3.866964395585E-11 4.425914644693E-05 4.454755334651E-12 -1.582585246096E-13 8.385637833750E-05
   22.667839195979901     
6.960030831577E-04 -2.899966380871E-11 -3.573351956398E-05 -6.586606161054E-05 -4.275373173521E-11
-2.899966368670E-11 3.200525971890E-05 3.407304084300E-12 -1.687879186296E-13 4.292001277149E-05
-3.573351956398E-05 3.407304100951E-12 3.971799921455E-05 -1.902558134302E-05 4.844237402235E-12
-6.586606161054E-05 -1.687879229633E-13 -1.902558134302E-05 6.055209791518E-05 -1.850561321850E-13
-4.275373163975E-11 4.292001277149E-05 4.844237264454E-12 -1.850561368391E-13 8.115023543676E-05
   22.918592964824121     
6.808293860492E-04 -3.201668205028E-11 -3.449270097615E-05 -6.367878052512E-05 -4.715216082532E-11
-3.201668204367E-11 3.097352162032E-05 3.700184303627E-12 -1.933854402326E-13 4.163242502740E-05
-3.449270097615E-05 3.700184323276E-12 3.831313798399E-05 -1.867801001258E-05 5.259175634978E-12
-6.367878052512E-05 -1.933854575153E-13 -1.867801001258E-05 5.816900095854E-05 -2.171512830252E-13
-4.715216078122E-11 4.163242502740E-05 5.259175626927E-12 -2.171512740902E-13 7.855498699513E-05
   23.169346733668345     
6.661444708712E-04 -3.525899047328E-11 -3.330558574954E-05 -6.158133037368E-05 -5.187465765113E-11
-3.525899048397E-11 2.998552219993E-05 4.009721932888E-12 -2.209238291448E-13 4.039401599681E-05
-3.330558574954E-05 4.009721915952E-12 3.697417077602E-05 -1.833096601182E-05 5.697952895619E-12
-6.158133037368E-05 -2.209238545362E-13 -1.833096601182E-05 5.590771625597E-05 -2.539550872145E-13
-5.187465755292E-11 4.039401599681E-05 5.697952950599E-12 -2.539551348790E-13 7.606518362922E-05
   23.420100502512565     
6.519274071224E-04 -3.873504038201E-11 -3.216941866014E-05 -5.956938268387E-05 -5.693278750718E-11
-3.873504041293E-11 2.903896224221E-05 4.336848194819E-12 -2.522455633463E-13 3.920254101805E-05
-3.216941866014E-05 4.336848197427E-12 3.569724113515E-05 -1.798530779336E-05 6.162442707142E-12
-5.956938268387E-05 -2.522455575824E-13 -1.798530779336E-05 5.376065289101E-05 -2.966309882328E-13
-5.693278751199E-11 3.920254101805E-05 6.162442683087E-12 -2.966309633276E-13 7.367568395313E-05
   23.670854271356781     
6.381583671379E-04 -4.245324291693E-11 -3.108160511400E-05 -5.763884407323E-05 -6.233787160476E-11
-4.245324281856E-11 2.813168577625E-05 4.683240503901E-12 -2.891587881547E-13 3.805587117750E-05
-3.108160511400E-05 4.683240506205E-12 3.447876166539E-05 -1.764177605155E-05 6.655909372598E-12
-5.763884407323E-05 -2.891587728321E-13 -1.764177605155E-05 5.172077212645E-05 -3.473874486856E-13
-6.233787155892E-11 3.805587117750E-05 6.655909241870E-12 -3.473874345034E-13 7.138163505960E-05
   23.921608040201008     
6.248185571444E-04 -4.641660534256E-11 -3.003970086635E-05 -5.578584231138E-05 -6.809474579595E-11
-4.641660536698E-11 2.726166979866E-05 5.046346491988E-12 -3.293753719608E-13 3.695198688435E-05
-3.003970086635E-05 5.046346478825E-12 3.331539231406E-05 -1.730100743316E-05 7.173370399112E-12
-5.578584231138E-05 -3.293753857559E-13 -1.730100743316E-05 4.978154184273E-05 -4.040148911054E-13
-6.809474580890E-11 3.695198688435E-05 7.173370514469E-12 -4.040149364444E-13 6.917845437182E-05
   24.172361809045224     
6.118901533154E-04 -5.063577728661E-11 -2.904140245904E-05 -5.400671325168E-05 -7.421698220268E-11
-5.063577733111E-11 2.642701482037E-05 5.430562644579E-12 -3.773571778922E-13 3.588897180302E-05
-2.904140245904E-05 5.430562624767E-12 3.220402062234E-05 -1.696354665050E-05 7.723573698185E-12
-5.400671325168E-05 -3.773571851371E-13 -1.696354665050E-05 4.793689514415E-05 -4.715771356013E-13
-7.421698226455E-11 3.588897180302E-05 7.723573801914E-12 -4.715771614668E-13 6.706181274621E-05
   24.423115577889451     
5.993562424129E-04 -5.511182472713E-11 -2.808453827005E-05 -5.229798859669E-05 -8.070672305715E-11
-5.511182477997E-11 2.562593618807E-05 5.832900399283E-12 -4.305636728581E-13 3.486500713862E-05
-2.808453827005E-05 5.832900389347E-12 3.114174379387E-05 -1.662985722179E-05 8.300734200986E-12
-5.229798859669E-05 -4.305637221278E-13 -1.662985722179E-05 4.618119274371E-05 -5.476125693128E-13
-8.070672304424E-11 3.486500713862E-05 8.300734332102E-12 -5.476125886986E-13 6.502761876036E-05
   24.673869346733667     
5.872007666425E-04 -5.984912068212E-11 -2.716706020325E-05 -5.065638441687E-05 -8.756975633380E-11
-5.984912068041E-11 2.485675608032E-05 6.253315388589E-12 -4.891215371265E-13 3.387836624027E-05
-2.716706020325E-05 6.253315387998E-12 3.012585233600E-05 -1.630033096055E-05 8.905035831983E-12
-5.065638441687E-05 -4.891214960961E-13 -1.630033096055E-05 4.450918871549E-05 -6.325325894472E-13
-8.756975634135E-11 3.387836624027E-05 8.905035805484E-12 -6.325325885635E-13 6.307200405996E-05
   24.924623115577887     
5.754084723810E-04 -6.485362650036E-11 -2.628703592278E-05 -4.907879039377E-05 -9.481358935106E-11
-6.485362646536E-11 2.411789614100E-05 6.694196913591E-12 -5.558387009181E-13 3.292740951738E-05
-2.628703592278E-05 6.694196894299E-12 2.915381516041E-05 -1.597529639064E-05 9.541326443685E-12
-4.907879039377E-05 -5.558386758712E-13 -1.597529639064E-05 4.291599930813E-05 -7.296034573286E-13
-9.481358931601E-11 3.292740951738E-05 9.541326348655E-12 -7.296034376641E-13 6.119130971150E-05
   25.175376884422111     
5.639648624684E-04 -7.012706579307E-11 -2.544264160582E-05 -4.756225973515E-05 -1.024405254921E-10
-7.012706582426E-11 2.340787068928E-05 7.154754213216E-12 -6.303538218337E-13 3.201057964915E-05
-2.544264160583E-05 7.154754235124E-12 2.822326599225E-05 -1.565502620765E-05 1.020837112989E-11
-4.756225973515E-05 -6.303538459134E-13 -1.565502620765E-05 4.139707451511E-05 -8.387326915768E-13
-1.024405254516E-10 3.201057964915E-05 1.020837113162E-11 -8.387326632500E-13 5.938207348004E-05
   25.426130653266330     
5.528561517828E-04 -7.567221776696E-11 -2.463215519559E-05 -4.610399971269E-05 -1.104539028881E-10
-7.567221779293E-11 2.272528044816E-05 7.635686138025E-12 -7.137948191527E-13 3.112639706665E-05
-2.463215519559E-05 7.635686141802E-12 2.733199094137E-05 -1.533974388604E-05 1.090788208699E-11
-4.610399971269E-05 -7.137948687480E-13 -1.533974388604E-05 3.994817212546E-05 -9.613995838913E-13
-1.104539028550E-10 3.112639706665E-05 1.090788216593E-11 -9.613995724706E-13 5.764101795397E-05
   25.676884422110554     
5.420692258385E-04 -8.148758415125E-11 -2.385395009343E-05 -4.470136279112E-05 -1.188517294270E-10
-8.148758411834E-11 2.206880675865E-05 8.134632194958E-12 -8.043253076017E-13 3.027345569879E-05
-2.385395009343E-05 8.134632190443E-12 2.647791714829E-05 -1.502962954697E-05 1.163558547585E-11
-4.470136279112E-05 -8.043252917751E-13 -1.502962954697E-05 3.856533403028E-05 -1.095887923347E-12
-1.188517293918E-10 3.027345569879E-05 1.163558544721E-11 -1.095887939492E-12 5.596503946884E-05
   25.927638190954774     
5.315916021776E-04 -8.757696113004E-11 -2.310648929186E-05 -4.335183829892E-05 -1.276382547656E-10
-8.757696108139E-11 2.143720622300E-05 8.654679479386E-12 -9.055976346581E-13 2.945041895831E-05
-2.310648929186E-05 8.654679488747E-12 2.565910237215E-05 -1.472482515212E-05 1.239792139845E-11
-4.335183829892E-05 -9.055976469986E-13 -1.472482515212E-05 3.724486455362E-05 -1.246367087933E-12
-1.276382546896E-10 2.945041895831E-05 1.239792134254E-11 -1.246367078218E-12 5.435119775309E-05
   26.178391959798994     
5.214113943374E-04 -9.393701448431E-11 -2.238831987061E-05 -4.205304462224E-05 -1.368088902414E-10
-9.393701440704E-11 2.082930576325E-05 9.192752764941E-12 -1.014928621680E-12 2.865601596708E-05
-2.238831987061E-05 9.192752763707E-12 2.487372547654E-05 -1.442543913031E-05 1.318944423672E-11
-4.205304462224E-05 -1.014928600852E-12 -1.442543913031E-05 3.598331064160E-05 -1.410230195940E-12
-1.368088902919E-10 2.865601596708E-05 1.318944421094E-11 -1.410230215338E-12 5.279670627118E-05
   26.429145728643217     
5.115172781987E-04 -1.005672336584E-10 -2.169806788487E-05 -4.080272186905E-05 -1.463623522553E-10
-1.005672336479E-10 2.024399803456E-05 9.749604679905E-12 -1.133797510344E-12 2.788903799199E-05
-2.169806788487E-05 9.749604661056E-12 2.412007767551E-05 -1.413155046662E-05 1.401203551996E-11
-4.080272186905E-05 -1.133797500312E-12 -1.413155046662E-05 3.477744370718E-05 -1.589291093011E-12
-1.463623523053E-10 2.788903799199E-05 1.401203558537E-11 -1.589291118615E-12 5.129892318234E-05
   26.679899497487437     
5.018984605380E-04 -1.074671832472E-10 -2.103443357764E-05 -3.959872498698E-05 -1.562972675090E-10
-1.074671832990E-10 1.968023718240E-05 1.032603165758E-11 -1.263454414332E-12 2.714833508974E-05
-2.103443357764E-05 1.032603163874E-11 2.339655451195E-05 -1.384321234194E-05 1.486786613409E-11
-3.959872498698E-05 -1.263454394087E-12 -1.384321234194E-05 3.362424299890E-05 -1.785102815877E-12
-1.562972675129E-10 2.714833508974E-05 1.486786630145E-11 -1.785102874294E-12 4.985534289351E-05
   26.930653266331660     
4.925446496161E-04 -1.146334078711E-10 -2.039618690542E-05 -3.843901730248E-05 -1.666084893212E-10
-1.146334079011E-10 1.913703491095E-05 1.092130642193E-11 -1.403876720018E-12 2.643281294579E-05
-2.039618690542E-05 1.092130644099E-11 2.270164848550E-05 -1.356045536458E-05 1.575607264296E-11
-3.843901730248E-05 -1.403876727488E-12 -1.356045536458E-05 3.252088034699E-05 -1.997886650495E-12
-1.666084892977E-10 2.643281294579E-05 1.575607276655E-11 -1.997886706503E-12 4.846358815891E-05
   27.181407035175880     
4.834460276559E-04 -1.220625654113E-10 -1.978216336523E-05 -3.732166444930E-05 -1.772908134623E-10
-1.220625653920E-10 1.861345683178E-05 1.153486057572E-11 -1.555002916103E-12 2.574142989278E-05
-1.978216336523E-05 1.153486057981E-11 2.203394226616E-05 -1.328329043543E-05 1.667619714130E-11
-3.732166444930E-05 -1.555002906519E-12 -1.328329043543E-05 3.146470615676E-05 -2.227759585540E-12
-1.772908134505E-10 2.574142989278E-05 1.667619706122E-11 -2.227759573201E-12 4.712140268095E-05
   27.432160804020100     
4.745932250688E-04 -1.297497814966E-10 -1.919126008854E-05 -3.624482866749E-05 -1.883370840976E-10
-1.297497814563E-10 1.810861907701E-05 1.216565655667E-11 -1.716436251640E-12 2.507319410177E-05
-1.919126008854E-05 1.216565654478E-11 2.139210245021E-05 -1.301171129450E-05 1.762683603830E-11
-3.624482866749E-05 -1.716436211988E-12 -1.301171129450E-05 3.045323654320E-05 -2.474481989491E-12
-1.883370841568E-10 2.507319410177E-05 1.762683595555E-11 -2.474481995957E-12 4.582664418563E-05
   27.682914572864323     
4.659772963054E-04 -1.376916112090E-10 -1.862243219456E-05 -3.520676344406E-05 -1.997417611822E-10
-1.376916111938E-10 1.762168515026E-05 1.281422458460E-11 -1.889247653408E-12 2.442716093280E-05
-1.862243219456E-05 1.281422457895E-11 2.077487380258E-05 -1.274569677866E-05 1.860975013450E-11
-3.520676344406E-05 -1.889247635045E-12 -1.274569677866E-05 2.948414149923E-05 -2.739373061884E-12
-1.997417612394E-10 2.442716093280E-05 1.860975013640E-11 -2.739373079028E-12 4.457727793257E-05
   27.933668341708543     
4.575896972123E-04 -1.458816587794E-10 -1.807468937041E-05 -3.420580847961E-05 -2.114955890986E-10
-1.458816588071E-10 1.715186300386E-05 1.347922627045E-11 -2.072760645997E-12 2.380243043963E-05
-1.807468937041E-05 1.347922628966E-11 2.018107395495E-05 -1.248521283109E-05 1.962299272788E-11
-3.420580847961E-05 -2.072760646264E-12 -1.248521283109E-05 2.855523401353E-05 -3.021867628868E-12
-2.114955891164E-10 2.380243043963E-05 1.962299272885E-11 -3.021867596099E-12 4.337137063878E-05
   28.184422110552767     
4.494222637877E-04 -1.543166927892E-10 -1.754709268399E-05 -3.324038495142E-05 -2.235931503466E-10
-1.543166926668E-10 1.669840231406E-05 1.416259028290E-11 -2.269558528581E-12 2.319814501321E-05
-1.754709268399E-05 1.416259029446E-11 1.960958850070E-05 -1.223021427682E-05 2.067103207112E-11
-3.324038495142E-05 -2.269558502444E-12 -1.223021427682E-05 2.766446004280E-05 -3.324850271009E-12
-2.235931503439E-10 2.319814501321E-05 2.067103194451E-11 -3.324850270576E-12 4.220708477461E-05
   28.435175879396986     
4.414671922407E-04 -1.629861000897E-10 -1.703875158200E-05 -3.230899106657E-05 -2.360197534404E-10
-1.629861001575E-10 1.626059195368E-05 1.485959895262E-11 -2.475302575013E-12 2.261348716454E-05
-1.703875158200E-05 1.485959895400E-11 1.905936648288E-05 -1.198064641032E-05 2.174549510094E-11
-3.230899106657E-05 -2.475302577677E-12 -1.198064641032E-05 2.680988928139E-05 -3.643828427248E-12
-2.360197534928E-10 2.261348716454E-05 2.174549522915E-11 -3.643828437977E-12 4.108267322500E-05
   28.685929648241206     
4.337170202565E-04 -1.718882791445E-10 -1.654882110980E-05 -3.141019786787E-05 -2.487718808765E-10
-1.718882791416E-10 1.583775762388E-05 1.557463063050E-11 -2.695091523649E-12 2.204767742483E-05
-1.654882110980E-05 1.557463063284E-11 1.852941619109E-05 -1.173644638300E-05 2.285561303928E-11
-3.141019786787E-05 -2.695091527368E-12 -1.173644638300E-05 2.598970663138E-05 -3.984310485527E-12
-2.487718808653E-10 2.204767742483E-05 2.285561304415E-11 -3.984310480568E-12 3.999647426250E-05
   28.936683417085430     
4.261646093926E-04 -1.810113112065E-10 -1.607649926699E-05 -3.054264530306E-05 -2.618330826985E-10
-1.810113112584E-10 1.542925966630E-05 1.630271909185E-11 -2.924374261870E-12 2.149997237582E-05
-1.607649926699E-05 1.630271908656E-11 1.801880131547E-05 -1.149754446028E-05 2.399251595283E-11
-3.054264530306E-05 -2.924374259660E-12 -1.149754446028E-05 2.520220435347E-05 -4.341547957682E-12
-2.618330827234E-10 2.149997237582E-05 2.399251603096E-11 -4.341547984950E-12 3.894690685272E-05
   29.187437185929650     
4.188031285211E-04 -1.903506837589E-10 -1.562102457261E-05 -2.970503850984E-05 -2.751961006508E-10
-1.903506837850E-10 1.503449100220E-05 1.704624690716E-11 -3.166171819089E-12 2.096966277898E-05
-1.562102457261E-05 1.704624691213E-11 1.752663734097E-05 -1.126386510672E-05 2.516155755559E-11
-2.970503850984E-05 -3.166171816093E-12 -1.126386510672E-05 2.444577479347E-05 -4.718788618751E-12
-2.751961006561E-10 2.096966277898E-05 2.516155761593E-11 -4.718788618791E-12 3.793246622033E-05
   29.438190954773873     
4.116260382499E-04 -1.998966358741E-10 -1.518167374740E-05 -2.889614433196E-05 -2.888470920837E-10
-1.998966359719E-10 1.465287522698E-05 1.780284251150E-11 -3.418509530358E-12 2.045607182021E-05
-1.518167374740E-05 1.780284251007E-11 1.705208824350E-05 -1.103532797036E-05 2.635896246933E-11
-2.889614433196E-05 -3.418509518579E-12 -1.103532797036E-05 2.371890368021E-05 -5.113994688856E-12
-2.888470921834E-10 2.045607182021E-05 2.635896256339E-11 -5.113994682678E-12 3.695171970581E-05
   29.688944723618089     
4.046270762573E-04 -2.096408208918E-10 -1.475775956459E-05 -2.811478803044E-05 -3.027739293049E-10
-2.096408209194E-10 1.428386481912E-05 1.857187970609E-11 -3.681259599442E-12 1.995855344565E-05
-1.475775956459E-05 1.857187970240E-11 1.659436340145E-05 -1.081184873759E-05 2.758424857316E-11
-2.811478803044E-05 -3.681259595311E-12 -1.081184873759E-05 2.302016391368E-05 -5.527030962239E-12
-3.027739293757E-10 1.995855344565E-05 2.758424859151E-11 -5.527030959855E-12 3.600330285666E-05
   29.939698492462309     
3.978002434754E-04 -2.195762772093E-10 -1.434862882486E-05 -2.735985018921E-05 -3.169662088954E-10
-2.195762772313E-10 1.392693947201E-05 1.935433812316E-11 -3.955950238782E-12 1.947649079348E-05
-1.434862882486E-05 1.935433808675E-11 1.615271473929E-05 -1.059333989458E-05 2.884005968134E-11
-2.735985018921E-05 -3.955950253073E-12 -1.059333989458E-05 2.234820982102E-05 -5.959519554657E-12
-3.169662089335E-10 1.947649079348E-05 2.884005975126E-11 -5.959519565070E-12 3.508591575925E-05
   30.190452261306532     
3.911397910713E-04 -2.296942245763E-10 -1.395366045455E-05 -2.663026380086E-05 -3.314112477942E-10
-2.296942246576E-10 1.358160453495E-05 2.014949284749E-11 -4.242228572519E-12 1.900929471292E-05
-1.395366045455E-05 2.014949284865E-11 1.572643407756E-05 -1.037971140092E-05 3.012577666317E-11
-2.663026380086E-05 -4.242228585837E-12 -1.037971140092E-05 2.170177183818E-05 -6.411058033461E-12
-3.314112477882E-10 1.900929471292E-05 3.012577678320E-11 -6.411058049230E-12 3.419831958925E-05
   30.441206030150752     
3.846402081678E-04 -2.399838577768E-10 -1.357226372185E-05 -2.592501151986E-05 -3.460937539908E-10
-2.399838577405E-10 1.324738955556E-05 2.095495481577E-11 -4.538046728128E-12 1.855640236562E-05
-1.357226372185E-05 2.095495482928E-11 1.531485066849E-05 -1.017087128246E-05 3.143750405441E-11
-2.592501151986E-05 -4.538046714512E-12 -1.017087128246E-05 2.107965158044E-05 -6.879426353630E-12
-3.460937539836E-10 1.855640236562E-05 3.143750401204E-11 -6.879426359681E-12 3.333933336698E-05
   30.691959798994976     
3.782962102619E-04 -2.504357558573E-10 -1.320387656883E-05 -2.524312307118E-05 -3.610001860821E-10
-2.504357558435E-10 1.292384691117E-05 2.176983156921E-11 -4.842882377039E-12 1.811727590138E-05
-1.320387656883E-05 2.176983153885E-11 1.491732889752E-05 -9.966726148679E-06 3.277421725613E-11
-2.524312307118E-05 -4.842882342891E-12 -9.966726148679E-06 2.048071726724E-05 -7.363989862016E-12
-3.610001861343E-10 1.811727590138E-05 3.277421728659E-11 -7.363989889942E-12 3.250783089785E-05
   30.942713567839196     
3.721027282904E-04 -2.610423724920E-10 -1.284796404017E-05 -2.458367280860E-05 -3.761194107192E-10
-2.610423724958E-10 1.261055053057E-05 2.259535032851E-11 -5.158458857526E-12 1.769140120858E-05
-1.284796404017E-05 2.259535033666E-11 1.453326614927E-05 -9.767181650134E-06 3.413897953851E-11
-2.458367280860E-05 -5.158458846581E-12 -9.767181650134E-06 1.990389947924E-05 -7.866506032948E-12
-3.761194107588E-10 1.769140120858E-05 3.413897959764E-11 -7.866506045772E-12 3.170273789563E-05
   31.193467336683415     
3.660548983058E-04 -2.717934850159E-10 -1.250401680097E-05 -2.394577741386E-05 -3.914368672856E-10
-2.717934850733E-10 1.230709469948E-05 2.342991048497E-11 -5.483410380681E-12 1.727828673465E-05
-1.250401680097E-05 2.342991046832E-11 1.416209082742E-05 -9.572142884089E-06 3.552938387816E-11
-2.394577741386E-05 -5.483410371594E-12 -9.572142884089E-06 1.934818722239E-05 -8.385401931993E-12
-3.914368672762E-10 1.727828673465E-05 3.552938391374E-11 -8.385401932014E-12 3.092302927685E-05
   31.444221105527639     
3.601480517197E-04 -2.826807000314E-10 -1.217154975485E-05 -2.332859372236E-05 -4.069403530152E-10
-2.826807000267E-10 1.201309293501E-05 2.427387816770E-11 -5.818450183094E-12 1.687746236733E-05
-1.217154975485E-05 2.427387818689E-11 1.380326049698E-05 -9.381514741423E-06 3.694678568877E-11
-2.332859372236E-05 -5.818450171257E-12 -9.381514741423E-06 1.881262426421E-05 -8.921295600621E-12
-4.069403530296E-10 1.687746236733E-05 3.694678566902E-11 -8.921295587299E-12 3.016772660411E-05
   31.694974874371859     
3.543777060821E-04 -2.936925347086E-10 -1.185010073331E-05 -2.273131667541E-05 -4.226137326817E-10
-2.936925346721E-10 1.172817693630E-05 2.512474014356E-11 -6.161289722905E-12 1.648847838029E-05
-1.185010073331E-05 2.512474016089E-11 1.345626016503E-05 -9.195202217320E-06 3.838690270191E-11
-2.273131667541E-05 -6.161289714600E-12 -9.195202217320E-06 1.829630573460E-05 -9.471591557506E-12
-4.226137327347E-10 1.648847838029E-05 3.838690263739E-11 -9.471591545685E-12 2.943589568411E-05
   31.945728643216082     
3.487395563598E-04 -3.048200460684E-10 -1.153922927564E-05 -2.215317738262E-05 -4.384441249541E-10
-3.048200460758E-10 1.145199559329E-05 2.598229207259E-11 -6.511943155902E-12 1.611090443168E-05
-1.153922927564E-05 2.598229206919E-11 1.312060066332E-05 -9.013110672980E-06 3.984998781226E-11
-2.215317738262E-05 -6.511943136969E-12 -9.013110672980E-06 1.779837495618E-05 -1.003615497125E-11
-4.384441249843E-10 1.611090443168E-05 3.984998778691E-11 -1.003615495380E-11 2.872664429454E-05
   32.196482412060305     
3.432294666846E-04 -3.160532617866E-10 -1.123851546983E-05 -2.159344129677E-05 -4.544173665219E-10
-3.160532618521E-10 1.118421406244E-05 2.684563399595E-11 -6.869820214459E-12 1.574432862032E-05
-1.123851546983E-05 2.684563400224E-11 1.279581715002E-05 -8.835146069812E-06 4.133478777170E-11
-2.159344129677E-05 -6.869820223740E-12 -8.835146069812E-06 1.731802050071E-05 -1.061415415942E-11
-4.544173665883E-10 1.574432862032E-05 4.133478787209E-11 -1.061415414582E-11 2.803912004795E-05
   32.447236180904518     
3.378434625443E-04 -3.273847605931E-10 -1.094755887148E-05 -2.105140648634E-05 -4.705225734640E-10
-3.273847605795E-10 1.092451289269E-05 2.771601573449E-11 -7.236442663347E-12 1.538835658883E-05
-1.094755887148E-05 2.771601573163E-11 1.248146770055E-05 -8.661215165229E-06 4.284423879895E-11
-2.105140648634E-05 -7.236442657190E-12 -8.661215165229E-06 1.685447344178E-05 -1.120697152670E-11
-4.705225734631E-10 1.538835658883E-05 4.284423877518E-11 -1.120697152842E-11 2.737250836885E-05
   32.697989949748745     
3.325777233846E-04 -3.388021973771E-10 -1.066597747068E-05 -2.052640200919E-05 -4.867425769840E-10
-3.388021973809E-10 1.067258721358E-05 2.858986262154E-11 -7.608253830344E-12 1.504261068029E-05
-1.066597747068E-05 2.858986262371E-11 1.217713200667E-05 -8.491225691258E-06 4.437192250613E-11
-2.052640200919E-05 -7.608253857930E-12 -8.491225691258E-06 1.640700480378E-05 -1.181060947059E-11
-4.867425769585E-10 1.504261068029E-05 4.437192251233E-11 -1.181060945413E-11 2.672603059635E-05
   32.948743718592965     
3.274285756021E-04 -3.502978048279E-10 -1.039340674103E-05 -2.001778636786E-05 -5.030661144402E-10
-3.502978048195E-10 1.042814595925E-05 2.946823070594E-11 -7.986625820956E-12 1.470672913191E-05
-1.039340674103E-05 2.946823071304E-11 1.188241013573E-05 -8.325086491788E-06 4.592027462243E-11
-2.001778636786E-05 -7.986625831459E-12 -8.325086491788E-06 1.597492316996E-05 -1.242626398802E-11
-5.030661144142E-10 1.470672913191E-05 4.592027462248E-11 -1.242626398513E-11 2.609894217657E-05
   33.199497487437185     
3.223924859036E-04 -3.618621605704E-10 -1.012949872443E-05 -1.952494605630E-05 -5.194798166126E-10
-3.618621606154E-10 1.019091114943E-05 3.035033087666E-11 -8.370936318233E-12 1.438036531787E-05
-1.012949872443E-05 3.035033086191E-11 1.159692139161E-05 -8.162707652337E-06 4.748813007006E-11
-1.952494605630E-05 -8.370936357297E-12 -8.162707652337E-06 1.555757246269E-05 -1.305298786104E-11
-5.194798165613E-10 1.438036531787E-05 4.748813015947E-11 -1.305298785867E-11 2.549053096918E-05
   33.450251256281405     
3.174660550075E-04 -3.734860025062E-10 -9.873921177751E-06 -1.904729418258E-05 -5.359705692314E-10
-3.734860024922E-10 9.960617207994E-06 3.123547720032E-11 -8.760656879778E-12 1.406318702913E-05
-9.873921177751E-06 3.123547720886E-11 1.132030323778E-05 -8.004000602870E-06 4.907449391895E-11
-1.904729418258E-05 -8.760656866248E-12 -8.004000602870E-06 1.515432986581E-05 -1.368992937169E-11
-5.359705692303E-10 1.406318702913E-05 4.907449389568E-11 -1.368992939986E-11 2.490011564146E-05
   33.701005025125625     
3.126460116710E-04 -3.851601116249E-10 -9.626356766571E-06 -1.858426916687E-05 -5.525253371105E-10
-3.851601116229E-10 9.737010322332E-06 3.212274848286E-11 -9.154940779658E-12 1.375487579136E-05
-9.626356766571E-06 3.212274848288E-11 1.105221029080E-05 -7.848878204667E-06 5.067791741002E-11
-1.858426916687E-05 -9.154940794428E-12 -7.848878204667E-06 1.476460388528E-05 -1.433589177929E-11
-5.525253371295E-10 1.375487579136E-05 5.067791741340E-11 -1.433589176669E-11 2.432704415153E-05
   33.951758793969852     
3.079292070213E-04 -3.968742271810E-10 -9.386502303407E-06 -1.813533351045E-05 -5.691297439467E-10
-3.968742272049E-10 9.519847840884E-06 3.301002372776E-11 -9.551655167371E-12 1.345512621912E-05
-9.386502303407E-06 3.301002370974E-11 1.079231337850E-05 -7.697254822531E-06 5.229452174418E-11
-1.813533351045E-05 -9.551655184496E-12 -7.697254822531E-06 1.438783253789E-05 -1.498825139109E-11
-5.691297439068E-10 1.345512621912E-05 5.229452178515E-11 -1.498825138401E-11 2.377069231562E-05
   34.202512562814071     
3.033126091741E-04 -4.086216004142E-10 -9.154068035859E-06 -1.769997262825E-05 -5.857740174737E-10
-4.086216003740E-10 9.308897701832E-06 3.389897059567E-11 -9.952824013256E-12 1.316364540115E-05
-9.154068035859E-06 3.389897060880E-11 1.054029864868E-05 -7.549046378020E-06 5.392766739668E-11
-1.769997262825E-05 -9.952824007398E-12 -7.549046378020E-06 1.402348165333E-05 -1.564881510572E-11
-5.857740174816E-10 1.316364540115E-05 5.392766733122E-11 -1.564881510350E-11 2.323046244852E-05
   34.453266331658291     
2.987932981233E-04 -4.203925882673E-10 -8.928776962186E-06 -1.727769374827E-05 -6.024446731300E-10
-4.203925882865E-10 9.103937901398E-06 3.478785010451E-11 -1.035670986009E-11 1.288015232180E-05
-8.928776962186E-06 3.478785009739E-11 1.029586674867E-05 -7.404170400761E-06 5.557413848551E-11
-1.727769374827E-05 -1.035670986545E-11 -7.404170400761E-06 1.367104329414E-05 -1.631536727863E-11
-6.024446731302E-10 1.288015232180E-05 5.557413855296E-11 -1.631536730584E-11 2.270578208622E-05
   34.704020100502511     
2.943684608858E-04 -4.321783139370E-10 -8.710364196197E-06 -1.686802486579E-05 -6.191292353860E-10
-4.321783139155E-10 8.904755986876E-06 3.567556297800E-11 -1.076226688220E-11 1.260437730864E-05
-8.710364196197E-06 3.567556297393E-11 1.005873204156E-05 -7.262546059969E-06 5.723189504249E-11
-1.686802486579E-05 -1.076226686985E-11 -7.262546059969E-06 1.333003426986E-05 -1.698641051031E-11
-6.191292354073E-10 1.260437730864E-05 5.723189498217E-11 -1.698641048969E-11 2.219610277005E-05
   34.954773869346731     
2.900353868866E-04 -4.439710836987E-10 -8.498576364770E-06 -1.647051375393E-05 -6.358168104251E-10
-4.439710837102E-10 8.711148579389E-06 3.656226065841E-11 -1.116984115127E-11 1.233606150912E-05
-8.498576364770E-06 3.656226066882E-11 9.828621873529E-06 -7.124094188805E-06 5.890122136706E-11
-1.647051375393E-05 -1.116984116328E-11 -7.124094188805E-06 1.299999474734E-05 -1.766191387242E-11
-6.358168104130E-10 1.233606150912E-05 5.890122135229E-11 -1.766191384116E-11 2.170089889718E-05
   35.205527638190958     
2.857914635726E-04 -4.557615929385E-10 -8.293171034192E-06 -1.608472702777E-05 -6.524944295968E-10
-4.557615929245E-10 8.522920926460E-06 3.744597025060E-11 -1.157741146160E-11 1.207495639561E-05
-8.293171034192E-06 3.744597026093E-11 9.605275891371E-06 -6.988737304248E-06 6.057831305116E-11
-1.608472702777E-05 -1.157741144370E-11 -6.988737304248E-06 1.268048695194E-05 -1.833931944224E-11
-6.524944296619E-10 1.207495639561E-05 6.057831299016E-11 -1.833931941563E-11 2.121966663601E-05
   35.456281407035178     
2.816341722400E-04 -4.675429587165E-10 -8.093916176783E-06 -1.571024925474E-05 -6.691523130359E-10
-4.675429586870E-10 8.339886474423E-06 3.832715173969E-11 -1.198560550988E-11 1.182082329253E-05
-8.093916176783E-06 3.832715174263E-11 9.388445390060E-06 -6.856399612446E-06 6.226393020603E-11
-1.571024925474E-05 -1.198560550598E-11 -6.856399612446E-06 1.237109394446E-05 -1.901883228724E-11
-6.691523130053E-10 1.182082329253E-05 6.226393017392E-11 -1.901883229098E-11 2.075192289233E-05
   35.707035175879398     
2.775610840641E-04 -4.793064926179E-10 -7.900589656279E-06 -1.534668211496E-05 -6.857783542318E-10
-4.793064926182E-10 8.161866470827E-06 3.920428764642E-11 -1.239293972530E-11 1.157343293114E-05
-7.900589656279E-06 3.920428762439E-11 9.177892711804E-06 -6.727007016093E-06 6.395502330464E-11
-1.534668211496E-05 -1.239293973183E-11 -6.727007016093E-06 1.207141848083E-05 -1.969845257194E-11
-6.857783542001E-10 1.157343293114E-05 6.395502327584E-11 -1.969845255899E-11 2.029720433797E-05
   35.957788944723617     
2.735698563222E-04 -4.910447710343E-10 -7.712978750617E-06 -1.499364360191E-05 -7.023621383049E-10
-4.910447710592E-10 7.988689583149E-06 4.007691444635E-11 -1.279905265731E-11 1.133256502328E-05
-7.712978750617E-06 4.007691444726E-11 8.973390669777E-06 -6.600487108885E-06 6.565047377270E-11
-1.499364360191E-05 -1.279905266977E-11 -6.600487108885E-06 1.178108193648E-05 -2.037731438369E-11
-7.023621382865E-10 1.133256502328E-05 6.565047378811E-11 -2.037731437166E-11 1.985506648298E-05
   36.208542713567837     
2.696582287964E-04 -5.027504464466E-10 -7.530879694969E-06 -1.465076726636E-05 -7.188933670375E-10
-5.027504463886E-10 7.820191541896E-06 4.094446561791E-11 -1.320347270134E-11 1.109800785865E-05
-7.530879694969E-06 4.094446561244E-11 8.774722012065E-06 -6.476769169465E-06 6.734893254062E-11
-1.465076726636E-05 -1.320347268473E-11 -6.476769169465E-06 1.149972330011E-05 -2.105444033340E-11
-7.188933670193E-10 1.109800785865E-05 6.734893248238E-11 -2.105444034675E-11 1.942508280075E-05
   36.459296482412064     
2.658240203481E-04 -5.144164229489E-10 -7.354097251349E-06 -1.431770149862E-05 -7.353621234903E-10
-5.144164229717E-10 7.656214801892E-06 4.180661610722E-11 -1.360604062468E-11 1.086955792135E-05
-7.354097251348E-06 4.180661609982E-11 8.581678914511E-06 -6.355784149558E-06 6.904944956547E-11
-1.431770149862E-05 -1.360604062948E-11 -6.355784149558E-06 1.122699822764E-05 -2.172918298530E-11
-7.353621234930E-10 1.086955792135E-05 6.904944959031E-11 -2.172918297977E-11 1.900684389673E-05
   36.710050251256284     
2.620651256552E-04 -5.260348925128E-10 -7.182444299952E-06 -1.399410884776E-05 -7.517575517767E-10
-5.260348925395E-10 7.496608222622E-06 4.266180748304E-11 -1.400519237188E-11 1.064701952595E-05
-7.182444299952E-06 4.266180747690E-11 8.394062505058E-06 -6.237464659808E-06 7.074865059392E-11
-1.399410884776E-05 -1.400519237470E-11 -6.237464659808E-06 1.096257815426E-05 -2.239936067158E-11
-7.517575517747E-10 1.064701952595E-05 7.074865066052E-11 -2.239936069464E-11 1.859995672099E-05
   36.960804020100504     
2.583795121017E-04 -5.375989716041E-10 -7.015741454967E-06 -1.367966537469E-05 -7.680700580516E-10
-5.375989715600E-10 7.341226764526E-06 4.350926663771E-11 -1.440020935325E-11 1.043020447073E-05
-7.015741454967E-06 4.350926664162E-11 8.211682411558E-06 -6.121744950015E-06 7.244465516890E-11
-1.367966537469E-05 -1.440020932390E-11 -6.121744950015E-06 1.070614945805E-05 -2.306369819358E-11
-7.680700580545E-10 1.043020447073E-05 7.244465512036E-11 -2.306369822069E-11 1.820404381960E-05
   37.211557788944724     
2.547652168138E-04 -5.491022746350E-10 -6.853816699055E-06 -1.337406003885E-05 -7.842907241223E-10
-5.491022746176E-10 7.189931202036E-06 4.434897339367E-11 -1.479132395390E-11 1.021893170837E-05
-6.853816699055E-06 4.434897340430E-11 8.034356337289E-06 -6.008560888000E-06 7.413691338302E-11
-1.337406003885E-05 -1.479132395591E-11 -6.008560888000E-06 1.045741267444E-05 -2.372193050000E-11
-7.842907241255E-10 1.021893170837E-05 7.413691335045E-11 -2.372193050159E-11 1.781874262473E-05
   37.462311557788944     
2.512203438331E-04 -5.605386117627E-10 -6.696505036730E-06 -1.307699411538E-05 -8.004109083239E-10
-5.605386117602E-10 7.042587852478E-06 4.518041241936E-11 -1.517810595431E-11 1.001302703305E-05
-6.696505036730E-06 4.518041241483E-11 7.861909662201E-06 -5.897849937196E-06 7.582389573813E-11
-1.307699411538E-05 -1.517810594734E-11 -5.897849937196E-06 1.021608175791E-05 -2.437302916808E-11
-8.004109083542E-10 1.001302703305E-05 7.582389575522E-11 -2.437302915679E-11 1.744370478177E-05
   37.713065326633171     
2.477430614201E-04 -5.719007659803E-10 -6.543648164624E-06 -1.278818064263E-05 -8.164206519741E-10
-5.719007660114E-10 6.899068319994E-06 4.600218155794E-11 -1.555926074609E-11 9.812322783323E-06
-6.543648164624E-06 4.600218155248E-11 7.694175066547E-06 -5.789551132431E-06 7.750233133642E-11
-1.278818064263E-05 -1.555926075144E-11 -5.789551132431E-06 9.981883387448E-06 -2.501510082131E-11
-8.164206519806E-10 9.812322783322E-06 7.750233137859E-11 -2.501510082862E-11 1.707859551118E-05
   37.963819095477383     
2.443315994820E-04 -5.831822873995E-10 -6.395094163191E-06 -1.250734389528E-05 -8.323110173950E-10
-5.831822874172E-10 6.759249250238E-06 4.681325330028E-11 -1.593385772824E-11 9.616657557753E-06
-6.395094163190E-06 4.681325328231E-11 7.530992171807E-06 -5.683605051495E-06 7.916960827488E-11
-1.250734389528E-05 -1.593385774402E-11 -5.683605051495E-06 9.754556310273E-06 -2.564658972451E-11
-8.323110174124E-10 9.616657557753E-06 7.916960833696E-11 -2.564658972929E-11 1.672309299907E-05
   38.214572864321610     
2.409842471173E-04 -5.943775789333E-10 -6.250697202006E-06 -1.223421888476E-05 -8.480742075172E-10
-5.943775789782E-10 6.623012099422E-06 4.761331125308E-11 -1.630173827632E-11 9.425875945202E-06
-6.250697202006E-06 4.761331125297E-11 7.372207203650E-06 -5.579953786967E-06 8.082445732655E-11
-1.223421888476E-05 -1.630173828064E-11 -5.579953786967E-06 9.533850724961E-06 -2.626676409471E-11
-8.480742075657E-10 9.425875945202E-06 8.082445737887E-11 -2.626676408056E-11 1.637688782018E-05
   38.465326633165830     
2.376993502719E-04 -6.054809052966E-10 -6.110317258952E-06 -1.196855088486E-05 -8.637022919254E-10
-6.054809052735E-10 6.490242916150E-06 4.840200185371E-11 -1.666280224071E-11 9.239828268648E-06
-6.110317258952E-06 4.840200186945E-11 7.217672675072E-06 -5.478540918066E-06 8.246541934325E-11
-1.196855088486E-05 -1.666280223111E-11 -5.478540918066E-06 9.319527701073E-06 -2.687493439099E-11
-8.637022919299E-10 9.239828268648E-06 8.246541931340E-11 -2.687493440565E-11 1.603968239069E-05
   38.716080402010050     
2.344753095012E-04 -6.164860331752E-10 -5.973819854874E-06 -1.171009498003E-05 -8.791866684929E-10
-6.164860331408E-10 6.360832133684E-06 4.917788288323E-11 -1.701567210272E-11 9.058370340745E-06
-5.973819854874E-06 4.917788288335E-11 7.067247086424E-06 -5.379311481226E-06 8.408897858063E-11
-1.171009498003E-05 -1.701567207550E-11 -5.379311481226E-06 9.111358631487E-06 -2.746906106079E-11
-8.791866685162E-10 9.058370340745E-06 8.408897849891E-11 -2.746906106151E-11 1.571119044697E-05
   38.966834170854270     
2.313105778319E-04 -6.273877161858E-10 -5.841075803680E-06 -1.145861563559E-05 -8.945200820841E-10
-6.273877161469E-10 6.234674371937E-06 4.994081867820E-11 -1.736052201160E-11 8.881363230455E-06
-5.841075803680E-06 4.994081868142E-11 6.920794638198E-06 -5.282211937866E-06 8.569401716233E-11
-1.145861563559E-05 -1.736052202641E-11 -5.282211937866E-06 8.909124714339E-06 -2.804874862747E-11
-8.945200820608E-10 8.881363230455E-06 8.569401709780E-11 -2.804874861636E-11 1.539113654890E-05
   39.217587939698490     
2.282036587191E-04 -6.381804813610E-10 -5.711960971840E-06 -1.121388628942E-05 -9.096949865542E-10
-6.381804813598E-10 6.111668251580E-06 5.068977846897E-11 -1.769642958973E-11 8.708673042039E-06
-5.711960971840E-06 5.068977845999E-11 6.778184964854E-06 -5.187190145256E-06 8.727771924440E-11
-1.121388628942E-05 -1.769642958951E-11 -5.187190145256E-06 8.712616466841E-06 -2.861241642173E-11
-9.096949865254E-10 8.708673042039E-06 8.727771928863E-11 -2.861241643749E-11 1.507925561009E-05
   39.468341708542717     
2.251531040944E-04 -6.488590384076E-10 -5.586356052515E-06 -1.097568896331E-05 -9.247040971453E-10
-6.488590384287E-10 5.991716215715E-06 5.142414065157E-11 -1.802303839429E-11 8.540170703305E-06
-5.586356052515E-06 5.142414064529E-11 6.639292878347E-06 -5.094195324161E-06 8.883797614830E-11
-1.097568896331E-05 -1.802303841339E-11 -5.094195324161E-06 8.521633264317E-06 -2.915910306655E-11
-9.247040971454E-10 8.540170703305E-06 8.883797619925E-11 -2.915910307064E-11 1.477529244863E-05
   39.719095477386936     
2.221575125001E-04 -6.594177057956E-10 -5.464146349582E-06 -1.074381389300E-05 -9.395396083632E-10
-6.594177057880E-10 5.874724361591E-06 5.214239789774E-11 -1.833896452605E-11 8.375731764507E-06
-5.464146349582E-06 5.214239790177E-11 6.503998128490E-06 -5.003178028312E-06 9.037094800491E-11
-1.074381389300E-05 -1.833896451976E-11 -5.003178028312E-06 8.335982906323E-06 -2.968672473792E-11
-9.395396083989E-10 8.375731764507E-06 9.037094801663E-11 -2.968672474069E-11 1.447900136105E-05
   39.969849246231156     
2.192155273036E-04 -6.698509797713E-10 -5.345221573310E-06 -1.051805917607E-05 -9.541939871955E-10
-6.698509797514E-10 5.760602280517E-06 5.284351997049E-11 -1.864347376962E-11 8.215236206494E-06
-5.345221573310E-06 5.284351996816E-11 6.372185173710E-06 -4.914090112461E-06 9.187365043793E-11
-1.051805917607E-05 -1.864347376643E-11 -4.914090112461E-06 8.155481205865E-06 -3.019392390927E-11
-9.541939871845E-10 8.215236206494E-06 9.187365040299E-11 -3.019392391159E-11 1.419014571646E-05
   40.220603015075376     
2.163258349919E-04 -6.801560180571E-10 -5.229475649341E-06 -1.029823043507E-05 -9.686632492489E-10
-6.801560180571E-10 5.649262903454E-06 5.352871447263E-11 -1.893815210826E-11 8.058568256353E-06
-5.229475649341E-06 5.352871447895E-11 6.243742961431E-06 -4.826884698740E-06 9.334741449453E-11
-1.029823043507E-05 -1.893815209830E-11 -4.826884698740E-06 7.979951599522E-06 -3.068176671491E-11
-9.686632492637E-10 8.058568256353E-06 9.334741446585E-11 -3.068176670869E-11 1.390849756728E-05
   40.471356783919596     
2.134871635382E-04 -6.903262794613E-10 -5.116806526335E-06 -1.008414050119E-05 -9.829384839887E-10
-6.903262794246E-10 5.540622360686E-06 5.419527166495E-11 -1.922040089466E-11 7.905616215695E-06
-5.116806526335E-06 5.419527167346E-11 6.118564731937E-06 -4.741516151309E-06 9.478595539013E-11
-1.008414050119E-05 -1.922040088446E-11 -4.741516151309E-06 7.809224785897E-06 -3.114688561252E-11
-9.829384840048E-10 7.905616215695E-06 9.478595533731E-11 -3.114688561156E-11 1.363383728701E-05
   40.722110552763823     
2.106982808394E-04 -7.003576368786E-10 -5.007116007190E-06 -9.875609107231E-06 -9.970140235840E-10
-7.003576368743E-10 5.434599840492E-06 5.484288553289E-11 -1.949023526843E-11 7.756272291838E-06
-5.007116007190E-06 5.484288553421E-11 5.996547815750E-06 -4.657940039975E-06 9.618762343116E-11
-9.875609107231E-06 -1.949023528870E-11 -4.657940039975E-06 7.643138374260E-06 -3.158870129491E-11
-9.970140235650E-10 7.756272291838E-06 9.618762347157E-11 -3.158870130598E-11 1.336595321476E-05
   40.972864321608043     
2.079579932212E-04 -7.102464032669E-10 -4.900309580337E-06 -9.672462598480E-06 -1.010884805053E-09
-7.102464032260E-10 5.331117458764E-06 5.547190869396E-11 -1.974849030630E-11 7.610432439320E-06
-4.900309580337E-06 5.547190869732E-11 5.877593451061E-06 -4.576113110698E-06 9.755193713987E-11
-9.672462598480E-06 -1.974849030075E-11 -4.576113110698E-06 7.481536557677E-06 -3.200749721081E-11
-1.010884805050E-09 7.610432439320E-06 9.755193708642E-11 -3.200749721322E-11 1.310464132202E-05
   41.223618090452263     
2.052651440059E-04 -7.199874241752E-10 -4.796296257783E-06 -9.474533657131E-06 -1.024543797784E-09
-7.199874242031E-10 5.230100136783E-06 5.608050562244E-11 -1.999350511229E-11 7.467996209808E-06
-4.796296257783E-06 5.608050561672E-11 5.761606613433E-06 -4.495993258192E-06 9.887425429028E-11
-9.474533657131E-06 -1.999350511448E-11 -4.495993258192E-06 7.324269804954E-06 -3.240090833716E-11
-1.024543797827E-09 7.467996209808E-06 9.887425434981E-11 -3.240090833971E-11 1.284970489744E-05
   41.474371859296483     
2.026186121417E-04 -7.295764221993E-10 -4.694988427140E-06 -9.281661037842E-06 -1.037985162401E-09
-7.295764222080E-10 5.131475480524E-06 5.666780298594E-11 -2.022471671630E-11 7.328866606063E-06
-4.694988427140E-06 5.666780299031E-11 5.648495845285E-06 -4.417539493136E-06 1.001517470759E-10
-9.281661037842E-06 -2.022471672211E-11 -4.417539493136E-06 7.171194564477E-06 -3.276774516814E-11
-1.037985162386E-09 7.328866606063E-06 1.001517470701E-10 -3.276774516680E-11 1.260095424062E-05
   41.725125628140702     
2.000173108899E-04 -7.390088635234E-10 -4.596301706253E-06 -9.093689316972E-06 -1.051202718109E-09
-7.390088635097E-10 5.035173668779E-06 5.723244535879E-11 -2.044103186606E-11 7.192949944434E-06
-4.596301706253E-06 5.723244537046E-11 5.538173100433E-06 -4.340711914075E-06 1.013806346456E-10
-9.093689316972E-06 -2.044103187102E-11 -4.340711914075E-06 7.022172987072E-06 -3.310624845066E-11
-1.051202718096E-09 7.192949944434E-06 1.013806345808E-10 -3.310624843256E-11 1.235820637417E-05
   41.975879396984922     
1.974601865662E-04 -7.482824821872E-10 -4.500154809338E-06 -8.910468651905E-06 -1.064193340279E-09
-7.482824821659E-10 4.941127343738E-06 5.777582397977E-11 -2.064448286485E-11 7.060155721705E-06
-4.500154809338E-06 5.777582399010E-11 5.430553590054E-06 -4.265471675659E-06 1.025623416678E-10
-8.910468651905E-06 -2.064448285274E-11 -4.265471675659E-06 6.877072660106E-06 -3.341798637291E-11
-1.064193340307E-09 7.060155721705E-06 1.025623416243E-10 -3.341798636576E-11 1.212128476531E-05
   42.226633165829142     
1.949462173357E-04 -7.573916688658E-10 -4.406469409430E-06 -8.731854554808E-06 -1.076949424110E-09
-7.573916688282E-10 4.849271513179E-06 5.829512065457E-11 -2.083239035541E-11 6.930396492036E-06
-4.406469409430E-06 5.829512065129E-11 5.325555650385E-06 -4.191780966540E-06 1.036902580674E-10
-8.731854554808E-06 -2.083239035419E-11 -4.191780966540E-06 6.735766362930E-06 -3.369953866002E-11
-1.076949424141E-09 6.930396492036E-06 1.036902580124E-10 -3.369953864265E-11 1.189001906876E-05
   42.477386934673369     
1.924744120578E-04 -7.663324148763E-10 -4.315170020256E-06 -8.557707672370E-06 -1.089465513443E-09
-7.663324148364E-10 4.759543449130E-06 5.878927012244E-11 -2.100403727756E-11 6.803587744167E-06
-4.315170020256E-06 5.878927012495E-11 5.223100599365E-06 -4.119602976153E-06 1.047611014065E-10
-8.557707672370E-06 -2.100403726595E-11 -4.119602976153E-06 6.598131825662E-06 -3.394956718143E-11
-1.089465513428E-09 6.803587744167E-06 1.047611013578E-10 -3.394956719801E-11 1.166424487067E-05
   42.728140703517589     
1.900438091780E-04 -7.751029769680E-10 -4.226183878795E-06 -8.387893577296E-06 -1.101739214670E-09
-7.751029769292E-10 4.671882594269E-06 5.925988027133E-11 -2.116172185415E-11 6.679647785993E-06
-4.226183878795E-06 5.925988027659E-11 5.123112606877E-06 -4.048901866527E-06 1.057766790212E-10
-8.387893577296E-06 -2.116172184707E-11 -4.048901866527E-06 6.464051503926E-06 -3.416994547493E-11
-1.101739214684E-09 6.679647785993E-06 1.057766789967E-10 -3.416994547403E-11 1.144380344824E-05
   42.978894472361809     
1.876534756665E-04 -7.836978992730E-10 -4.139440824717E-06 -8.222282572132E-06 -1.113763134282E-09
-7.836978993074E-10 4.586230478389E-06 5.970387395971E-11 -2.130250075891E-11 6.558497637908E-06
-4.139440824717E-06 5.970387395512E-11 5.025518583301E-06 -3.979642752412E-06 1.067298352187E-10
-8.222282572132E-06 -2.130250076190E-11 -3.979642752412E-06 6.333412371570E-06 -3.435698218897E-11
-1.113763134272E-09 6.558497637908E-06 1.067298352273E-10 -3.435698217592E-11 1.122854154775E-05
   43.229648241206029     
1.853025059991E-04 -7.921151421297E-10 -4.054873201873E-06 -8.060749496367E-06 -1.125534489073E-09
-7.921151421513E-10 4.502530628116E-06 6.012219484655E-11 -2.142792809536E-11 6.440060924012E-06
-4.054873201873E-06 6.012219484584E-11 4.930248051056E-06 -3.911791667165E-06 1.076211133982E-10
-8.060749496367E-06 -2.142792812151E-11 -3.911791667165E-06 6.206105711900E-06 -3.451178509121E-11
-1.125534489034E-09 6.440060924012E-06 1.076211134148E-10 -3.451178508042E-11 1.101831115855E-05
   43.480402010050248     
1.829900211807E-04 -8.003495381108E-10 -3.972415747518E-06 -7.903173548040E-06 -1.137046285941E-09
-8.003495380904E-10 4.420728491596E-06 6.051203766932E-11 -2.153542075072E-11 6.324263775044E-06
-3.972415747518E-06 6.051203767415E-11 4.837233045196E-06 -3.845315544385E-06 1.084438464294E-10
-7.903173548040E-06 -2.153542074296E-11 -3.845315544385E-06 6.082026931871E-06 -3.463106999278E-11
-1.137046285948E-09 6.324263775044E-06 1.084438463890E-10 -3.463106999099E-11 1.081296931162E-05
   43.731155778894475     
1.807151678073E-04 -8.083997827198E-10 -3.892005503185E-06 -7.749438107451E-06 -1.148296742208E-09
-8.083997827183E-10 4.340771356173E-06 6.087500921564E-11 -2.162729156453E-11 6.211034728787E-06
-3.892005503185E-06 6.087500922241E-11 4.746407996732E-06 -3.780182185476E-06 1.091998375142E-10
-7.749438107451E-06 -2.162729157837E-11 -3.780182185476E-06 5.961075373611E-06 -3.471677171119E-11
-1.148296742174E-09 6.211034728787E-06 1.091998375022E-10 -3.471677169957E-11 1.061237787315E-05
   43.981909547738695     
1.784771171668E-04 -8.162609437909E-10 -3.813581711896E-06 -7.599430574987E-06 -1.159279179765E-09
-8.162609438038E-10 4.262608281126E-06 6.120815805755E-11 -2.170076442203E-11 6.100304642115E-06
-3.813581711896E-06 6.120815805493E-11 4.657709645366E-06 -3.716360243632E-06 1.098821490453E-10
-7.599430574987E-06 -2.170076441763E-11 -3.716360243632E-06 5.843154148387E-06 -3.476541021909E-11
-1.159279179772E-09 6.100304642115E-06 1.098821490691E-10 -3.476541022088E-11 1.041640336247E-05
   44.232663316582915     
1.762750643752E-04 -8.239311228885E-10 -3.737085737610E-06 -7.453042210083E-06 -1.169991027617E-09
-8.239311228391E-10 4.186190022191E-06 6.151217633312E-11 -2.175714311387E-11 5.992006599538E-06
-3.737085737610E-06 6.151217634211E-11 4.571076932520E-06 -3.653819192566E-06 1.104908416319E-10
-7.453042210083E-06 -2.175714310597E-11 -3.653819192566E-06 5.728169965923E-06 -3.477787758936E-11
-1.169991027620E-09 5.992006599538E-06 1.104908415337E-10 -3.477787758146E-11 1.022491676290E-05
   44.483417085427135     
1.741082275479E-04 -8.314069243955E-10 -3.662460974625E-06 -7.310167982114E-06 -1.180427702780E-09
-8.314069243776E-10 4.111468968217E-06 6.178628318746E-11 -2.179621131710E-11 5.886075831337E-06
-3.662460974625E-06 6.178628318661E-11 4.486450917848E-06 -3.592529308156E-06 1.110230859948E-10
-7.310167982114E-06 -2.179621130897E-11 -3.592529308156E-06 5.616032982227E-06 -3.475346107142E-11
-1.180427702774E-09 5.886075831337E-06 1.110230859773E-10 -3.475346107220E-11 1.003779335274E-05
   44.734170854271355     
1.719758470034E-04 -8.386852650274E-10 -3.589652768147E-06 -7.170706424778E-06 -1.190585022940E-09
-8.386852650135E-10 4.038399076703E-06 6.202906073715E-11 -2.181681500930E-11 5.782449632627E-06
-3.589652768147E-06 6.202906074806E-11 4.403774691641E-06 -3.532461645092E-06 1.114749636827E-10
-7.170706424778E-06 -2.181681500822E-11 -3.532461645092E-06 5.506656650179E-06 -3.469045101190E-11
-1.190585022936E-09 5.782449632627E-06 1.114749636715E-10 -3.469045101224E-11 9.854912538277E-06
   44.984924623115582     
1.698771844990E-04 -8.457626905594E-10 -3.518608336733E-06 -7.034559498540E-06 -1.200458321112E-09
-8.457626905475E-10 3.966935812290E-06 6.223946354919E-11 -2.181845556702E-11 5.681067285937E-06
-3.518608336733E-06 6.223946354473E-11 4.322993290839E-06 -3.473588014121E-06 1.118431502415E-10
-7.034559498540E-06 -2.181845556653E-11 -3.473588014121E-06 5.399957577868E-06 -3.458786221580E-11
-1.200458321103E-09 5.681067285936E-06 1.118431502353E-10 -3.458786221466E-11 9.676157694262E-06
   45.235678391959802     
1.678115224960E-04 -8.526378270101E-10 -3.449276700677E-06 -6.901632456997E-06 -1.210045756480E-09
-8.526378270219E-10 3.897036087475E-06 6.241825066543E-11 -2.180248292829E-11 5.581869986717E-06
-3.449276700677E-06 6.241825066391E-11 4.244053618529E-06 -3.415880959331E-06 1.121278885974E-10
-6.901632456997E-06 -2.180248294017E-11 -3.415880959331E-06 5.295855392848E-06 -3.444669001447E-11
-1.210045756462E-09 5.581869986717E-06 1.121278885994E-10 -3.444668999600E-11 9.501416010600E-06
   45.486432160804021     
1.657781634548E-04 -8.593075798785E-10 -3.381608606951E-06 -6.771833722259E-06 -1.219343146328E-09
-8.593075798763E-10 3.828658209445E-06 6.256435569114E-11 -2.176831135387E-11 5.484800774282E-06
-3.381608606951E-06 6.256435569193E-11 4.166904374072E-06 -3.359313740778E-06 1.123258801087E-10
-6.771833722259E-06 -2.176831135429E-11 -3.359313740778E-06 5.194272617289E-06 -3.426588861215E-11
-1.219343146314E-09 5.484800774282E-06 1.123258801245E-10 -3.426588862140E-11 9.330578350389E-06
   45.737185929648241     
1.637764291560E-04 -8.657684981006E-10 -3.315556463084E-06 -6.645074763176E-06 -1.228345822208E-09
-8.657684981325E-10 3.761761826141E-06 6.267594211393E-11 -2.171443445325E-11 5.389804463626E-06
-3.315556463084E-06 6.267594212129E-11 4.091495980173E-06 -3.303860313317E-06 1.124323911006E-10
-6.645074763176E-06 -2.171443448321E-11 -3.303860313317E-06 5.095134545388E-06 -3.404344029773E-11
-1.228345822200E-09 5.389804463626E-06 1.124323911270E-10 -3.404344026770E-11 9.163539109903E-06
   45.987939698492461     
1.618056600494E-04 -8.720191691404E-10 -3.251074275805E-06 -6.521269978486E-06 -1.237051903425E-09
-8.720191691584E-10 3.696307873095E-06 6.275387176025E-11 -2.164242532536E-11 5.296827579070E-06
-3.251074275805E-06 6.275387175152E-11 4.017780509693E-06 -3.249495303810E-06 1.124478524807E-10
-6.521269978486E-06 -2.164242533609E-11 -3.249495303810E-06 4.998369124914E-06 -3.378063694630E-11
-1.237051903421E-09 5.296827579070E-06 1.124478524950E-10 -3.378063693997E-11 9.000196082476E-06
   46.238693467336688     
1.598652146270E-04 -8.780558942581E-10 -3.188117583720E-06 -6.400336587729E-06 -1.245456382677E-09
-8.780558942984E-10 3.632258528538E-06 6.279595033078E-11 -2.155041163503E-11 5.205818294531E-06
-3.188117583720E-06 6.279595033361E-11 3.945711628674E-06 -3.196193997279E-06 1.123668619256E-10
-6.400336587729E-06 -2.155041164823E-11 -3.196193997279E-06 4.903906851221E-06 -3.347510878182E-11
-1.245456382685E-09 5.205818294531E-06 1.123668619464E-10 -3.347510876287E-11 8.840450336141E-06
   46.489447236180908     
1.579544688211E-04 -8.838774740510E-10 -3.126643404232E-06 -6.282194522897E-06 -1.253557664660E-09
-8.838774740021E-10 3.569577162953E-06 6.280283886478E-11 -2.143966750510E-11 5.116726371404E-06
-3.126643404232E-06 6.280283887240E-11 3.875244525832E-06 -3.143932312976E-06 1.121895530720E-10
-6.282194522897E-06 -2.143966749411E-11 -3.143932312976E-06 4.811680657579E-06 -3.312786790428E-11
-1.253557664653E-09 5.116726371404E-06 1.121895529808E-10 -3.312786790015E-11 8.684206086458E-06
   46.740201005025128     
1.560728154245E-04 -8.894808091087E-10 -3.066610171753E-06 -6.166766328751E-06 -1.261351565703E-09
-8.894808090997E-10 3.508228297874E-06 6.277307107554E-11 -2.130916545699E-11 5.029503103602E-06
-3.066610171753E-06 6.277307107216E-11 3.806335860213E-06 -3.092686790957E-06 1.119119497964E-10
-6.166766328752E-06 -2.130916545434E-11 -3.092686790957E-06 4.721625818946E-06 -3.273749017596E-11
-1.261351565715E-09 5.029503103602E-06 1.119119498191E-10 -3.273749018287E-11 8.531370584184E-06
   46.990954773869348     
1.542196635336E-04 -8.948648161338E-10 -3.007977688310E-06 -6.053977063505E-06 -1.268836640238E-09
-8.948648161563E-10 3.448177560390E-06 6.270726389239E-11 -2.116013100720E-11 4.944101260904E-06
-3.007977688310E-06 6.270726389257E-11 3.738943698521E-06 -3.042434570681E-06 1.115341334827E-10
-6.053977063505E-06 -2.116013101110E-11 -3.042434570681E-06 4.633679853100E-06 -3.230496414606E-11
-1.268836640250E-09 4.944101260904E-06 1.115341335197E-10 -3.230496414446E-11 8.381853999539E-06
   47.241708542713560     
1.523944380126E-04 -9.000264528835E-10 -2.950707067107E-06 -5.943754207321E-06 -1.276008792268E-09
-9.000264528778E-10 3.389391645281E-06 6.260376826057E-11 -2.099129410779E-11 4.860475038333E-06
-2.950707067107E-06 6.260376825891E-11 3.673027467089E-06 -2.993153378060E-06 1.110518608818E-10
-5.943754207321E-06 -2.099129410339E-11 -2.993153378060E-06 4.547782433071E-06 -3.182865936156E-11
-1.276008792296E-09 4.860475038333E-06 1.110518608733E-10 -3.182865936411E-11 8.235569318982E-06
   47.492462311557794     
1.505965789770E-04 -9.049639445263E-10 -2.894760687012E-06 -5.836027571386E-06 -1.282865638875E-09
-9.049639445272E-10 3.331838273345E-06 6.246251201949E-11 -2.080317233463E-11 4.778580004066E-06
-2.894760687012E-06 6.246251201838E-11 3.608547894607E-06 -2.944821505401E-06 1.104639137905E-10
-5.836027571386E-06 -2.080317233160E-11 -2.944821505401E-06 4.463875297314E-06 -3.130886271657E-11
-1.282865638861E-09 4.778580004066E-06 1.104639137778E-10 -3.130886270935E-11 8.092432238993E-06
   47.743216080402014     
1.488255412982E-04 -9.096751532086E-10 -2.840102143001E-06 -5.730729212790E-06 -1.289404308593E-09
-9.096751532091E-10 3.275486155512E-06 6.228267099955E-11 -2.059538303507E-11 4.698373052070E-06
-2.840102143001E-06 6.228267100064E-11 3.545466965947E-06 -2.897417797534E-06 1.097676979978E-10
-5.730729212790E-06 -2.059538304105E-11 -2.897417797534E-06 4.381902168630E-06 -3.074492543970E-11
-1.289404308550E-09 4.698373052070E-06 1.097676979769E-10 -3.074492542864E-11 7.952361069698E-06
   47.993969849246234     
1.470807941252E-04 -9.141587047932E-10 -2.786696202320E-06 -5.627793351853E-06 -1.295622963843E-09
-9.141587047993E-10 3.220304955896E-06 6.206423846799E-11 -2.036844520674E-11 4.619812354980E-06
-2.786696202320E-06 6.206423847409E-11 3.483747872517E-06 -2.850921634794E-06 1.089622002455E-10
-5.627793351853E-06 -2.036844520437E-11 -2.850921634794E-06 4.301808673914E-06 -3.013716371945E-11
-1.295622963848E-09 4.619812354980E-06 1.089622002420E-10 -3.013716371948E-11 7.815276639009E-06
   48.244723618090447     
1.453618204247E-04 -9.184129646835E-10 -2.734508759835E-06 -5.527156293784E-06 -1.301519427184E-09
-9.184129646917E-10 3.166265258125E-06 6.180708179333E-11 -2.012277832401E-11 4.542857319998E-06
-2.734508759835E-06 6.180708179726E-11 3.423354968341E-06 -2.805312918843E-06 1.080462235955E-10
-5.527156293784E-06 -2.012277832653E-11 -2.805312918843E-06 4.223542269496E-06 -2.948585373067E-11
-1.301519427184E-09 4.542857319998E-06 1.080462235869E-10 -2.948585372266E-11 7.681102203031E-06
   48.495477386934667     
1.436681165386E-04 -9.224355065355E-10 -2.683506795504E-06 -5.428756353209E-06 -1.307090418117E-09
-9.224355065215E-10 3.113338533222E-06 6.150968147578E-11 -1.985717975320E-11 4.467468546653E-06
-2.683506795504E-06 6.150968147293E-11 3.364253728555E-06 -2.760572059176E-06 1.070159296877E-10
-5.428756353209E-06 -1.985717974363E-11 -2.760572059176E-06 4.147052170037E-06 -2.878952406974E-11
-1.307090418125E-09 4.467468546653E-06 1.070159296909E-10 -2.878952408112E-11 7.549763360387E-06
   48.746231155778901     
1.419991917573E-04 -9.262244057256E-10 -2.633658336447E-06 -5.332533781180E-06 -1.312333354044E-09
-9.262244057198E-10 3.061497106457E-06 6.117144005560E-11 -1.957155425308E-11 4.393607784698E-06
-2.633658336447E-06 6.117144005479E-11 3.306410704542E-06 -2.716679956764E-06 1.058692423118E-10
-5.332533781180E-06 -1.957155425550E-11 -2.716679956764E-06 4.072289277996E-06 -2.804791494927E-11
-1.312333354022E-09 4.393607784698E-06 1.058692423017E-10 -2.804791495398E-11 7.421187966805E-06
   48.996984924623113     
1.403545679090E-04 -9.297796453030E-10 -2.584932420172E-06 -5.238430694834E-06 -1.317248268407E-09
-9.297796453149E-10 3.010714126318E-06 6.079378689258E-11 -1.926798447493E-11 4.321237894158E-06
-2.584932420172E-06 6.079378688539E-11 3.249793482737E-06 -2.673617989229E-06 1.046081296009E-10
-5.238430694834E-06 -1.926798446911E-11 -2.673617989229E-06 3.999206116921E-06 -2.726316200945E-11
-1.317248268419E-09 4.321237894158E-06 1.046081296358E-10 -2.726316201864E-11 7.295306054171E-06
   49.247738693467333     
1.387337789644E-04 -9.330985461741E-10 -2.537299052413E-06 -5.146391012736E-06 -1.321831539739E-09
-9.330985462137E-10 2.960963539046E-06 6.037491230033E-11 -1.894497935307E-11 4.250322809786E-06
-2.537299052413E-06 6.037491229019E-11 3.194370654085E-06 -2.631368002378E-06 1.032282479021E-10
-5.146391012736E-06 -1.894497935111E-11 -2.631368002378E-06 3.927756772943E-06 -2.643354188662E-11
-1.321831539765E-09 4.250322809786E-06 1.032282479751E-10 -2.643354189477E-11 7.172049758754E-06
   49.498492462311553     
1.371363706548E-04 -9.361795779647E-10 -2.490729176621E-06 -5.056360389033E-06 -1.326081114547E-09
-9.361795779454E-10 2.912220057747E-06 5.991421460368E-11 -1.860233698267E-11 4.180827502653E-06
-2.490729176621E-06 5.991421460956E-11 3.140111771316E-06 -2.589912293073E-06 1.017276958137E-10
-5.056360389033E-06 -1.860233697890E-11 -2.589912293073E-06 3.857896831135E-06 -2.555877037511E-11
-1.326081114538E-09 4.180827502653E-06 1.017276957840E-10 -2.555877037095E-11 7.051353243446E-06
   49.749246231155773     
1.355619001054E-04 -9.390224929473E-10 -2.445194640626E-06 -4.968286151900E-06 -1.329996714784E-09
-9.390224929738E-10 2.864459135312E-06 5.941278606941E-11 -1.824177700097E-11 4.112717944925E-06
-2.445194640626E-06 5.941278606738E-11 3.086987313310E-06 -2.549233596174E-06 1.001078618481E-10
-4.968286151900E-06 -1.824177700761E-11 -2.549233596174E-06 3.789583317821E-06 -2.464065060339E-11
-1.329996714782E-09 4.112717944925E-06 1.001078618623E-10 -2.464065059026E-11 6.933152626657E-06
   50.000000000000000     
1.340099354809E-04 -9.416261939807E-10 -2.400668161458E-06 -4.882117245376E-06 -1.333576885585E-09
-9.416261939737E-10 2.817656940800E-06 5.887042583020E-11 -1.786352383603E-11 4.045961077566E-06
-2.400668161458E-06 5.887042583274E-11 3.034968656011E-06 -2.509315075117E-06 9.836769276614E-11
-4.882117245376E-06 -1.786352383352E-11 -2.509315075117E-06 3.722774648034E-06 -2.367939838974E-11
-1.333576885579E-09 4.045961077566E-06 9.836769275850E-11 -2.367939839535E-11 6.817385917227E-06
